SHA_PASS,actual_bpb,category,compressed_bytes,compression_MiB_s,compression_ms,decompression_MiB_s,decompression_ms,method,original_bytes,peak_RSS_MB,ratio,size_bucket,source,source_id,status
True,8.0,archive,2597,287.98770869748404,0.00859999272506684,4127.788901823827,0.000600004568696022,raw,2597,202.68359375,1.0,lt_16KiB,C:\Users\ss\Desktop\XAI\XAI\apps\public_nextjs\.next\cache\webpack\client-development\2.pack.gz,86aebd2a6ca744d6ce03,PASS
True,8.50519830573739,archive,2761,8.247393617645043,0.30029998742975295,29.24075635593948,0.0847000046633184,gzip-1,2597,202.68359375,0.9406012314378849,lt_16KiB,C:\Users\ss\Desktop\XAI\XAI\apps\public_nextjs\.next\cache\webpack\client-development\2.pack.gz,86aebd2a6ca744d6ce03,PASS
True,8.070850981902195,archive,2620,8.049048419665317,0.3077000001212582,67.11902163818264,0.036900004488416016,gzip-6,2597,202.68359375,0.9912213740458016,lt_16KiB,C:\Users\ss\Desktop\XAI\XAI\apps\public_nextjs\.next\cache\webpack\client-development\2.pack.gz,86aebd2a6ca744d6ce03,PASS
True,8.070850981902195,archive,2620,14.11220529160668,0.17550001211930066,96.36932185261122,0.02570000651758164,gzip-9,2597,202.68359375,0.9912213740458016,lt_16KiB,C:\Users\ss\Desktop\XAI\XAI\apps\public_nextjs\.next\cache\webpack\client-development\2.pack.gz,86aebd2a6ca744d6ce03,PASS
True,8.468232576049287,archive,2749,24.816557923409384,0.09979998867493123,97.12516527833813,0.025500004994682968,deflate-1,2597,202.68359375,0.9447071662422699,lt_16KiB,C:\Users\ss\Desktop\XAI\XAI\apps\public_nextjs\.next\cache\webpack\client-development\2.pack.gz,86aebd2a6ca744d6ce03,PASS
True,8.033885252214093,archive,2608,11.096291367421717,0.22319999698083848,309.5869832925576,0.007999988156370819,deflate-6,2597,202.68359375,0.995782208588957,lt_16KiB,C:\Users\ss\Desktop\XAI\XAI\apps\public_nextjs\.next\cache\webpack\client-development\2.pack.gz,86aebd2a6ca744d6ce03,PASS
True,8.033885252214093,archive,2608,14.258446875832787,0.1736999984132126,406.0158974016432,0.006099988240748644,deflate-9,2597,202.68359375,0.995782208588957,lt_16KiB,C:\Users\ss\Desktop\XAI\XAI\apps\public_nextjs\.next\cache\webpack\client-development\2.pack.gz,86aebd2a6ca744d6ce03,PASS
True,8.030804774740085,archive,2607,15.231809233521275,0.16260000120382756,79.89328846962687,0.031000003218650818,zstd-1,2597,202.68359375,0.9961641733793632,lt_16KiB,C:\Users\ss\Desktop\XAI\XAI\apps\public_nextjs\.next\cache\webpack\client-development\2.pack.gz,86aebd2a6ca744d6ce03,PASS
True,8.030804774740085,archive,2607,20.95340309224511,0.11819999781437218,227.21955778180663,0.010899995686486363,zstd-3,2597,202.68359375,0.9961641733793632,lt_16KiB,C:\Users\ss\Desktop\XAI\XAI\apps\public_nextjs\.next\cache\webpack\client-development\2.pack.gz,86aebd2a6ca744d6ce03,PASS
True,8.030804774740085,archive,2607,25.532910207628834,0.09699999645818025,321.6483199153343,0.007700000423938036,zstd-6,2597,202.68359375,0.9961641733793632,lt_16KiB,C:\Users\ss\Desktop\XAI\XAI\apps\public_nextjs\.next\cache\webpack\client-development\2.pack.gz,86aebd2a6ca744d6ce03,PASS
True,8.030804774740085,archive,2607,22.093597767131183,0.11209999502170831,317.52459273299854,0.007800001185387373,zstd-9,2597,202.68359375,0.9961641733793632,lt_16KiB,C:\Users\ss\Desktop\XAI\XAI\apps\public_nextjs\.next\cache\webpack\client-development\2.pack.gz,86aebd2a6ca744d6ce03,PASS
True,8.012321909896034,archive,2601,11.782550910588519,0.21019999985583127,66.39924127187615,0.037300007534213364,brotli-1,2597,202.68359375,0.9984621299500193,lt_16KiB,C:\Users\ss\Desktop\XAI\XAI\apps\public_nextjs\.next\cache\webpack\client-development\2.pack.gz,86aebd2a6ca744d6ce03,PASS
True,8.012321909896034,archive,2601,3.8722517475892473,0.639599995338358,116.27661753403133,0.02130000211764127,brotli-4,2597,202.80078125,0.9984621299500193,lt_16KiB,C:\Users\ss\Desktop\XAI\XAI\apps\public_nextjs\.next\cache\webpack\client-development\2.pack.gz,86aebd2a6ca744d6ce03,PASS
True,8.012321909896034,archive,2601,1.4374301848005406,1.7229999939445406,160.82415995766715,0.015400000847876072,brotli-6,2597,204.47265625,0.9984621299500193,lt_16KiB,C:\Users\ss\Desktop\XAI\XAI\apps\public_nextjs\.next\cache\webpack\client-development\2.pack.gz,86aebd2a6ca744d6ce03,PASS
True,8.012321909896034,archive,2601,0.4585023609126758,5.401699992944486,157.75106405065918,0.015700003132224083,brotli-9,2597,208.6875,0.9984621299500193,lt_16KiB,C:\Users\ss\Desktop\XAI\XAI\apps\public_nextjs\.next\cache\webpack\client-development\2.pack.gz,86aebd2a6ca744d6ce03,PASS
True,8.012321909896034,archive,2601,0.15670605577058638,15.804700000444427,176.90670968493004,0.013999990187585354,brotli-11,2597,208.6875,0.9984621299500193,lt_16KiB,C:\Users\ss\Desktop\XAI\XAI\apps\public_nextjs\.next\cache\webpack\client-development\2.pack.gz,86aebd2a6ca744d6ce03,PASS
True,8.194070080862534,archive,2660,1.6619864483409352,1.490199996624142,41.20951632199293,0.06010000652167946,lzma2-0,2597,208.6875,0.9763157894736842,lt_16KiB,C:\Users\ss\Desktop\XAI\XAI\apps\public_nextjs\.next\cache\webpack\client-development\2.pack.gz,86aebd2a6ca744d6ce03,PASS
True,8.194070080862534,archive,2660,0.3939449006101229,6.286900010309182,19.08083375972613,0.1297999988310039,lzma2-3,2597,212.10546875,0.9763157894736842,lt_16KiB,C:\Users\ss\Desktop\XAI\XAI\apps\public_nextjs\.next\cache\webpack\client-development\2.pack.gz,86aebd2a6ca744d6ce03,PASS
True,8.194070080862534,archive,2660,0.21640138407838144,11.444899995694868,17.85646755479158,0.13870000839233398,lzma2-6,2597,220.125,0.9763157894736842,lt_16KiB,C:\Users\ss\Desktop\XAI\XAI\apps\public_nextjs\.next\cache\webpack\client-development\2.pack.gz,86aebd2a6ca744d6ce03,PASS
True,9.463226800154024,archive,3072,0.703246124548503,3.521799997542985,3.9576416959012968,0.6258000066736713,bzip2-1,2597,220.125,0.8453776041666666,lt_16KiB,C:\Users\ss\Desktop\XAI\XAI\apps\public_nextjs\.next\cache\webpack\client-development\2.pack.gz,86aebd2a6ca744d6ce03,PASS
True,9.463226800154024,archive,3072,0.6577151571730118,3.7656000058632344,3.6082345438001093,0.6864000024506822,bzip2-9,2597,220.125,0.8453776041666666,lt_16KiB,C:\Users\ss\Desktop\XAI\XAI\apps\public_nextjs\.next\cache\webpack\client-development\2.pack.gz,86aebd2a6ca744d6ce03,PASS
True,8.0,archive,10877534,1383150.176221779,0.007499998901039362,8644726.340589114,0.0011999945854768157,raw,10877534,222.109375,1.0,gt_10MiB,C:\Users\ss\Desktop\XAI\XAI\apps\public_nextjs\.next\cache\webpack\server-development\0.pack.gz,ab9fd50e606430ff1ad4,PASS
True,8.41895672309551,archive,11447186,18.772210335794533,552.605400007451,64.17666234252614,161.64170000411104,gzip-1,10877534,257.5078125,0.9502365035389484,gt_10MiB,C:\Users\ss\Desktop\XAI\XAI\apps\public_nextjs\.next\cache\webpack\server-development\0.pack.gz,ab9fd50e606430ff1ad4,PASS
True,7.976193133480438,archive,10845164,9.093611661544346,1140.7596000062767,163.99846970695322,63.25439999636728,gzip-6,10877534,257.5078125,1.0029847404797199,gt_10MiB,C:\Users\ss\Desktop\XAI\XAI\apps\public_nextjs\.next\cache\webpack\server-development\0.pack.gz,ab9fd50e606430ff1ad4,PASS
True,7.974694264343371,archive,10843126,11.3648300472994,912.7831000078004,134.87566783726797,76.91249999334104,gzip-9,10877534,257.5078125,1.0031732546499967,gt_10MiB,C:\Users\ss\Desktop\XAI\XAI\apps\public_nextjs\.next\cache\webpack\server-development\0.pack.gz,ab9fd50e606430ff1ad4,PASS
True,8.418947897565753,archive,11447174,17.932065888168733,578.4958000003826,97.78993541082315,106.08070000307634,deflate-1,10877534,257.5078125,0.9502374996658564,gt_10MiB,C:\Users\ss\Desktop\XAI\XAI\apps\public_nextjs\.next\cache\webpack\server-development\0.pack.gz,ab9fd50e606430ff1ad4,PASS
True,7.976184307950681,archive,10845152,10.119272831390605,1025.1353999919957,225.21297233736402,46.061399989412166,deflate-6,10877534,257.5078125,1.0029858502674744,gt_10MiB,C:\Users\ss\Desktop\XAI\XAI\apps\public_nextjs\.next\cache\webpack\server-development\0.pack.gz,ab9fd50e606430ff1ad4,PASS
True,7.974685438813613,archive,10843114,11.44525804684414,906.3688000023831,258.0073669983361,40.20669999590609,deflate-9,10877534,257.5078125,1.003174364854967,gt_10MiB,C:\Users\ss\Desktop\XAI\XAI\apps\public_nextjs\.next\cache\webpack\server-development\0.pack.gz,ab9fd50e606430ff1ad4,PASS
True,8.00019048435059,archive,10877793,693.2989906409109,14.96269999188371,2215.7816197558222,4.681699996581301,zstd-1,10877534,257.5078125,0.9999761900231049,gt_10MiB,C:\Users\ss\Desktop\XAI\XAI\apps\public_nextjs\.next\cache\webpack\server-development\0.pack.gz,ab9fd50e606430ff1ad4,PASS
True,7.909872219199682,archive,10754988,133.66901869414647,77.60680001229048,1825.4746535146396,5.682699993485585,zstd-3,10877534,257.5078125,1.011394340932784,gt_10MiB,C:\Users\ss\Desktop\XAI\XAI\apps\public_nextjs\.next\cache\webpack\server-development\0.pack.gz,ab9fd50e606430ff1ad4,PASS
True,7.93920386734714,archive,10794870,313.41392436473893,33.09880000597332,1836.1047811662188,5.649800004903227,zstd-6,10877534,257.5078125,1.0076577114870304,gt_10MiB,C:\Users\ss\Desktop\XAI\XAI\apps\public_nextjs\.next\cache\webpack\server-development\0.pack.gz,ab9fd50e606430ff1ad4,PASS
True,7.934310111096872,archive,10788216,193.2457443696353,53.68099999031983,1925.6417748184756,5.387099998188205,zstd-9,10877534,257.5078125,1.0082792187327358,gt_10MiB,C:\Users\ss\Desktop\XAI\XAI\apps\public_nextjs\.next\cache\webpack\server-development\0.pack.gz,ab9fd50e606430ff1ad4,PASS
True,7.995563700375471,archive,10871502,185.75745012992985,55.84499999531545,376.9252917154794,27.52170000167098,brotli-1,10877534,257.5078125,1.0005548451354744,gt_10MiB,C:\Users\ss\Desktop\XAI\XAI\apps\public_nextjs\.next\cache\webpack\server-development\0.pack.gz,ab9fd50e606430ff1ad4,PASS
True,7.940304116723515,archive,10796366,66.25711552810253,156.5662000066368,443.5087281706161,23.389900001347996,brotli-4,10877534,257.5078125,1.0075180852520191,gt_10MiB,C:\Users\ss\Desktop\XAI\XAI\apps\public_nextjs\.next\cache\webpack\server-development\0.pack.gz,ab9fd50e606430ff1ad4,PASS
True,7.911510825891236,archive,10757216,55.257715140503926,187.73170000349637,230.06435562459183,45.09010000037961,brotli-6,10877534,257.5078125,1.0111848641879089,gt_10MiB,C:\Users\ss\Desktop\XAI\XAI\apps\public_nextjs\.next\cache\webpack\server-development\0.pack.gz,ab9fd50e606430ff1ad4,PASS
True,7.825128747011961,archive,10639763,5.328421598904497,1946.8476000038208,146.6048154960188,70.75910001003649,brotli-9,10877534,277.69921875,1.0223473962718908,gt_10MiB,C:\Users\ss\Desktop\XAI\XAI\apps\public_nextjs\.next\cache\webpack\server-development\0.pack.gz,ab9fd50e606430ff1ad4,PASS
True,7.76128339382805,archive,10552953,0.04407906862481418,235341.28839999903,17.30184064549701,599.5677000028081,brotli-11,10877534,283.2734375,1.0307573624178938,gt_10MiB,C:\Users\ss\Desktop\XAI\XAI\apps\public_nextjs\.next\cache\webpack\server-development\0.pack.gz,ab9fd50e606430ff1ad4,PASS
True,7.9815502300429495,archive,10852448,0.9333129115359862,11114.841200003866,11.1797773013526,927.8918999916641,lzma2-0,10877534,283.2734375,1.0023115521954125,gt_10MiB,C:\Users\ss\Desktop\XAI\XAI\apps\public_nextjs\.next\cache\webpack\server-development\0.pack.gz,ab9fd50e606430ff1ad4,PASS
True,7.822670101513817,archive,10636420,0.5149962334578032,20143.10810000461,9.691307339354706,1070.4050999920582,lzma2-3,10877534,283.2734375,1.02266871748201,gt_10MiB,C:\Users\ss\Desktop\XAI\XAI\apps\public_nextjs\.next\cache\webpack\server-development\0.pack.gz,ab9fd50e606430ff1ad4,PASS
True,7.801435876918426,archive,10607548,0.7392381922384023,14032.858300008229,7.3167971791398845,1417.782200005604,lzma2-6,10877534,327.125,1.0254522534331214,gt_10MiB,C:\Users\ss\Desktop\XAI\XAI\apps\public_nextjs\.next\cache\webpack\server-development\0.pack.gz,ab9fd50e606430ff1ad4,PASS
True,8.049768633221463,archive,10945204,1.1696794765712437,8868.775599999935,3.71560928671823,2791.9041000131983,bzip2-1,10877534,327.125,0.99381738339459,gt_10MiB,C:\Users\ss\Desktop\XAI\XAI\apps\public_nextjs\.next\cache\webpack\server-development\0.pack.gz,ab9fd50e606430ff1ad4,PASS
True,8.029609652334804,archive,10917794,0.9239420517963712,11227.570799994282,2.584137416320568,4014.3472000054317,bzip2-9,10877534,327.125,0.9963124418724149,gt_10MiB,C:\Users\ss\Desktop\XAI\XAI\apps\public_nextjs\.next\cache\webpack\server-development\0.pack.gz,ab9fd50e606430ff1ad4,PASS
True,8.0,binary,2,0.14128507415547698,0.013500000932253897,0.5298193136343425,0.0035999983083456755,raw,2,327.125,1.0,lt_16KiB,C:\Users\ss\Desktop\XAI\XAI\engines\XAI-Compress\.test-tmp\final-all\test_v3_tiny_chunks_and_empty_2\in,1d6d63467cb8c5a8f0b8,PASS
True,88.0,binary,22,0.009599137577483274,0.19869999960064888,0.014287254343800793,0.13350001245271415,gzip-1,2,327.125,0.09090909090909091,lt_16KiB,C:\Users\ss\Desktop\XAI\XAI\engines\XAI-Compress\.test-tmp\final-all\test_v3_tiny_chunks_and_empty_2\in,1d6d63467cb8c5a8f0b8,PASS
True,88.0,binary,22,0.010679443236899875,0.17860000662039965,0.020597719183527482,0.09259999205823988,gzip-6,2,327.125,0.09090909090909091,lt_16KiB,C:\Users\ss\Desktop\XAI\XAI\engines\XAI-Compress\.test-tmp\final-all\test_v3_tiny_chunks_and_empty_2\in,1d6d63467cb8c5a8f0b8,PASS
True,88.0,binary,22,0.01375161295974533,0.13869999384041876,0.02363505024287452,0.08070000330917537,gzip-9,2,327.125,0.09090909090909091,lt_16KiB,C:\Users\ss\Desktop\XAI\XAI\engines\XAI-Compress\.test-tmp\final-all\test_v3_tiny_chunks_and_empty_2\in,1d6d63467cb8c5a8f0b8,PASS
True,40.0,binary,10,0.011219697883406802,0.16999999934341758,0.047328748697820285,0.04030000127386302,deflate-1,2,327.125,0.2,lt_16KiB,C:\Users\ss\Desktop\XAI\XAI\engines\XAI-Compress\.test-tmp\final-all\test_v3_tiny_chunks_and_empty_2\in,1d6d63467cb8c5a8f0b8,PASS
True,40.0,binary,10,0.00976624989922445,0.19530000281520188,0.05168967894286025,0.03689998993650079,deflate-6,2,327.125,0.2,lt_16KiB,C:\Users\ss\Desktop\XAI\XAI\engines\XAI-Compress\.test-tmp\final-all\test_v3_tiny_chunks_and_empty_2\in,1d6d63467cb8c5a8f0b8,PASS
True,40.0,binary,10,0.010360394256507022,0.1841000048443675,0.05997952664167825,0.031799994758330286,deflate-9,2,327.125,0.2,lt_16KiB,C:\Users\ss\Desktop\XAI\XAI\engines\XAI-Compress\.test-tmp\final-all\test_v3_tiny_chunks_and_empty_2\in,1d6d63467cb8c5a8f0b8,PASS
True,44.0,binary,11,0.0070590255214319775,0.27019999106414616,0.03612403083683443,0.052799994591623545,zstd-1,2,327.125,0.18181818181818182,lt_16KiB,C:\Users\ss\Desktop\XAI\XAI\engines\XAI-Compress\.test-tmp\final-all\test_v3_tiny_chunks_and_empty_2\in,1d6d63467cb8c5a8f0b8,PASS
True,44.0,binary,11,0.009551070119612084,0.19969999266322702,0.042861777047602106,0.04449998959898949,zstd-3,2,327.125,0.18181818181818182,lt_16KiB,C:\Users\ss\Desktop\XAI\XAI\engines\XAI-Compress\.test-tmp\final-all\test_v3_tiny_chunks_and_empty_2\in,1d6d63467cb8c5a8f0b8,PASS
True,44.0,binary,11,0.0090181970499999,0.21149999520275742,0.039489616471200015,0.048300003982149065,zstd-6,2,327.125,0.18181818181818182,lt_16KiB,C:\Users\ss\Desktop\XAI\XAI\engines\XAI-Compress\.test-tmp\final-all\test_v3_tiny_chunks_and_empty_2\in,1d6d63467cb8c5a8f0b8,PASS
True,44.0,binary,11,0.010942906484117916,0.17430000298190862,0.04334883222534831,0.04400000034365803,zstd-9,2,327.125,0.18181818181818182,lt_16KiB,C:\Users\ss\Desktop\XAI\XAI\engines\XAI-Compress\.test-tmp\final-all\test_v3_tiny_chunks_and_empty_2\in,1d6d63467cb8c5a8f0b8,PASS
True,24.0,binary,6,0.00957985237297808,0.19910000264644623,0.030714152313344716,0.062099992646835744,brotli-1,2,327.125,0.3333333333333333,lt_16KiB,C:\Users\ss\Desktop\XAI\XAI\engines\XAI-Compress\.test-tmp\final-all\test_v3_tiny_chunks_and_empty_2\in,1d6d63467cb8c5a8f0b8,PASS
True,24.0,binary,6,0.00999658624877552,0.19079999765381217,0.03436664166184443,0.055500000598840415,brotli-4,2,327.125,0.3333333333333333,lt_16KiB,C:\Users\ss\Desktop\XAI\XAI\engines\XAI-Compress\.test-tmp\final-all\test_v3_tiny_chunks_and_empty_2\in,1d6d63467cb8c5a8f0b8,PASS
True,24.0,binary,6,0.004871899470983054,0.39149999793153256,0.021625267403809698,0.08820000221021473,brotli-6,2,327.125,0.3333333333333333,lt_16KiB,C:\Users\ss\Desktop\XAI\XAI\engines\XAI-Compress\.test-tmp\final-all\test_v3_tiny_chunks_and_empty_2\in,1d6d63467cb8c5a8f0b8,PASS
True,24.0,binary,6,0.004500586712075419,0.42379999649710953,0.03277230955870697,0.058200006606057286,brotli-9,2,327.125,0.3333333333333333,lt_16KiB,C:\Users\ss\Desktop\XAI\XAI\engines\XAI-Compress\.test-tmp\final-all\test_v3_tiny_chunks_and_empty_2\in,1d6d63467cb8c5a8f0b8,PASS
True,24.0,binary,6,0.0024091810324783232,0.7917000039014965,0.032218727085956834,0.05919999966863543,brotli-11,2,327.125,0.3333333333333333,lt_16KiB,C:\Users\ss\Desktop\XAI\XAI\engines\XAI-Compress\.test-tmp\final-all\test_v3_tiny_chunks_and_empty_2\in,1d6d63467cb8c5a8f0b8,PASS
True,240.0,binary,60,0.002859593151576349,0.6670000002486631,0.0134131403175019,0.14220000593923032,lzma2-0,2,327.125,0.03333333333333333,lt_16KiB,C:\Users\ss\Desktop\XAI\XAI\engines\XAI-Compress\.test-tmp\final-all\test_v3_tiny_chunks_and_empty_2\in,1d6d63467cb8c5a8f0b8,PASS
True,240.0,binary,60,0.00010060333208732785,18.95909999439027,0.0016176309331435697,1.1790999997174367,lzma2-3,2,327.125,0.03333333333333333,lt_16KiB,C:\Users\ss\Desktop\XAI\XAI\engines\XAI-Compress\.test-tmp\final-all\test_v3_tiny_chunks_and_empty_2\in,1d6d63467cb8c5a8f0b8,PASS
True,240.0,binary,60,4.203115583669218e-05,45.379399991361424,0.0029608019700067454,0.644200001261197,lzma2-6,2,327.125,0.03333333333333333,lt_16KiB,C:\Users\ss\Desktop\XAI\XAI\engines\XAI-Compress\.test-tmp\final-all\test_v3_tiny_chunks_and_empty_2\in,1d6d63467cb8c5a8f0b8,PASS
True,148.0,binary,37,0.008530181719969998,0.22360000002663583,0.018234691238536365,0.10459999612066895,bzip2-1,2,327.125,0.05405405405405406,lt_16KiB,C:\Users\ss\Desktop\XAI\XAI\engines\XAI-Compress\.test-tmp\final-all\test_v3_tiny_chunks_and_empty_2\in,1d6d63467cb8c5a8f0b8,PASS
True,148.0,binary,37,0.0026989509010316376,0.7067000115057454,0.0070355907320778215,0.2710999979171902,bzip2-9,2,327.125,0.05405405405405406,lt_16KiB,C:\Users\ss\Desktop\XAI\XAI\engines\XAI-Compress\.test-tmp\final-all\test_v3_tiny_chunks_and_empty_2\in,1d6d63467cb8c5a8f0b8,PASS
True,8.0,binary,49,0.9383542310131113,0.04980000085197389,7.92034431303876,0.005900001269765198,raw,49,327.125,1.0,lt_16KiB,C:\Users\ss\Desktop\XAI\XAI\apps\public_nextjs\.gitignore,5f8724e09072ab9a265f,PASS
True,10.448979591836734,binary,64,0.06493891319881574,0.719599993317388,0.09505704063598618,0.49160000344272703,gzip-1,49,327.125,0.765625,lt_16KiB,C:\Users\ss\Desktop\XAI\XAI\apps\public_nextjs\.gitignore,5f8724e09072ab9a265f,PASS
True,10.448979591836734,binary,64,0.05849297968906734,0.7989000005181879,0.11644665220008786,0.40129999979399145,gzip-6,49,327.125,0.765625,lt_16KiB,C:\Users\ss\Desktop\XAI\XAI\apps\public_nextjs\.gitignore,5f8724e09072ab9a265f,PASS
True,10.285714285714286,binary,63,0.058544276854947154,0.7981999951880425,0.08840340904633062,0.5285999941406772,gzip-9,49,327.125,0.7777777777777778,lt_16KiB,C:\Users\ss\Desktop\XAI\XAI\apps\public_nextjs\.gitignore,5f8724e09072ab9a265f,PASS
True,8.489795918367347,binary,52,0.08697197341221827,0.5373000021791086,0.45590286759346516,0.1024999946821481,deflate-1,49,327.125,0.9423076923076923,lt_16KiB,C:\Users\ss\Desktop\XAI\XAI\apps\public_nextjs\.gitignore,5f8724e09072ab9a265f,PASS
True,8.489795918367347,binary,52,0.06652910162372563,0.7024000078672543,0.3685334778425843,0.12679999053943902,deflate-6,49,327.125,0.9423076923076923,lt_16KiB,C:\Users\ss\Desktop\XAI\XAI\apps\public_nextjs\.gitignore,5f8724e09072ab9a265f,PASS
True,8.326530612244898,binary,51,0.06935298445135005,0.6738000083714724,0.36999240719553605,0.12630000128410757,deflate-9,49,327.125,0.9607843137254902,lt_16KiB,C:\Users\ss\Desktop\XAI\XAI\apps\public_nextjs\.gitignore,5f8724e09072ab9a265f,PASS
True,9.46938775510204,binary,58,0.04974456230211858,0.9393999935127795,0.17456123013204247,0.2677000011317432,zstd-1,49,327.125,0.8448275862068966,lt_16KiB,C:\Users\ss\Desktop\XAI\XAI\apps\public_nextjs\.gitignore,5f8724e09072ab9a265f,PASS
True,9.46938775510204,binary,58,0.07013363629039333,0.6662999949185178,0.35781045137347917,0.13059999037068337,zstd-3,49,327.125,0.8448275862068966,lt_16KiB,C:\Users\ss\Desktop\XAI\XAI\apps\public_nextjs\.gitignore,5f8724e09072ab9a265f,PASS
True,9.46938775510204,binary,58,0.08076398511117239,0.5785999965155497,0.3636579006762167,0.12850000348407775,zstd-6,49,327.125,0.8448275862068966,lt_16KiB,C:\Users\ss\Desktop\XAI\XAI\apps\public_nextjs\.gitignore,5f8724e09072ab9a265f,PASS
True,9.46938775510204,binary,58,0.06806998002222363,0.6865000032121316,0.46964865388204147,0.09950000094249845,zstd-9,49,327.125,0.8448275862068966,lt_16KiB,C:\Users\ss\Desktop\XAI\XAI\apps\public_nextjs\.gitignore,5f8724e09072ab9a265f,PASS
True,8.653061224489797,binary,53,0.04932971785905426,0.9472999954596162,0.318107842868239,0.14689999807160348,brotli-1,49,327.125,0.9245283018867925,lt_16KiB,C:\Users\ss\Desktop\XAI\XAI\apps\public_nextjs\.gitignore,5f8724e09072ab9a265f,PASS
True,8.0,binary,49,0.043546772134759985,1.0731000074883923,0.15654955129401382,0.29850000282749534,brotli-4,49,327.125,1.0,lt_16KiB,C:\Users\ss\Desktop\XAI\XAI\apps\public_nextjs\.gitignore,5f8724e09072ab9a265f,PASS
True,7.836734693877551,binary,48,0.01163944444000435,4.014799997094087,0.12074946350622125,0.38699999277014285,brotli-6,49,327.125,1.0208333333333333,lt_16KiB,C:\Users\ss\Desktop\XAI\XAI\apps\public_nextjs\.gitignore,5f8724e09072ab9a265f,PASS
True,8.0,binary,49,0.00781961872506458,5.97600000037346,0.14910670556340055,0.3133999998681247,brotli-9,49,327.125,1.0,lt_16KiB,C:\Users\ss\Desktop\XAI\XAI\apps\public_nextjs\.gitignore,5f8724e09072ab9a265f,PASS
True,8.16326530612245,binary,50,0.0010323293888471264,45.26659999100957,0.12691483465810963,0.3681999951368198,brotli-11,49,327.125,0.98,lt_16KiB,C:\Users\ss\Desktop\XAI\XAI\apps\public_nextjs\.gitignore,5f8724e09072ab9a265f,PASS
True,17.632653061224488,binary,108,0.013958849764148955,3.34770001063589,0.13141181486199047,0.3556000010576099,lzma2-0,49,327.125,0.4537037037037037,lt_16KiB,C:\Users\ss\Desktop\XAI\XAI\apps\public_nextjs\.gitignore,5f8724e09072ab9a265f,PASS
True,17.632653061224488,binary,108,0.00048601086117702253,96.15019999910146,0.021739958865367635,2.149499996448867,lzma2-3,49,327.125,0.4537037037037037,lt_16KiB,C:\Users\ss\Desktop\XAI\XAI\apps\public_nextjs\.gitignore,5f8724e09072ab9a265f,PASS
True,17.632653061224488,binary,108,0.00020849302243961004,224.13240000605583,0.03917347804427771,1.1928999883821234,lzma2-6,49,327.125,0.4537037037037037,lt_16KiB,C:\Users\ss\Desktop\XAI\XAI\apps\public_nextjs\.gitignore,5f8724e09072ab9a265f,PASS
True,13.387755102040817,binary,82,0.045497070596481885,1.0271000064676628,0.12876837064020968,0.3628999984357506,bzip2-1,49,327.125,0.5975609756097561,lt_16KiB,C:\Users\ss\Desktop\XAI\XAI\apps\public_nextjs\.gitignore,5f8724e09072ab9a265f,PASS
True,13.387755102040817,binary,82,0.01643109756152472,2.8440000023692846,0.04423936479974537,1.0563000105321407,bzip2-9,49,327.125,0.5975609756097561,lt_16KiB,C:\Users\ss\Desktop\XAI\XAI\apps\public_nextjs\.gitignore,5f8724e09072ab9a265f,PASS
True,8.0,csv,38,1.6934412986299432,0.02139998832717538,7.549909960164194,0.0048000074457377195,raw,38,327.125,1.0,lt_16KiB,C:\Users\ss\Desktop\XAI\XAI\engines\XAI-Compress\results\final_analysis\roundtrip_results.csv,e3912e357456af06dfed,PASS
True,12.210526315789474,csv,58,0.09760200273229548,0.371300004189834,0.05677522172007514,0.6382999999914318,gzip-1,38,327.125,0.6551724137931034,lt_16KiB,C:\Users\ss\Desktop\XAI\XAI\engines\XAI-Compress\results\final_analysis\roundtrip_results.csv,e3912e357456af06dfed,PASS
True,12.210526315789474,csv,58,0.08292820234794655,0.4369999951450154,0.15729002926046462,0.23040000814944506,gzip-6,38,327.125,0.6551724137931034,lt_16KiB,C:\Users\ss\Desktop\XAI\XAI\engines\XAI-Compress\results\final_analysis\roundtrip_results.csv,e3912e357456af06dfed,PASS
True,12.210526315789474,csv,58,0.0893702189512372,0.40550000267103314,0.16950245245376058,0.21379999816417694,gzip-9,38,327.125,0.6551724137931034,lt_16KiB,C:\Users\ss\Desktop\XAI\XAI\engines\XAI-Compress\results\final_analysis\roundtrip_results.csv,e3912e357456af06dfed,PASS
True,9.68421052631579,csv,46,0.11815984645854913,0.30669999250676483,0.31000533155274657,0.11690000246744603,deflate-1,38,327.125,0.8260869565217391,lt_16KiB,C:\Users\ss\Desktop\XAI\XAI\engines\XAI-Compress\results\final_analysis\roundtrip_results.csv,e3912e357456af06dfed,PASS
True,9.68421052631579,csv,46,0.093113115343746,0.38919999497011304,0.6876587905013286,0.052700008382089436,deflate-6,38,327.125,0.8260869565217391,lt_16KiB,C:\Users\ss\Desktop\XAI\XAI\engines\XAI-Compress\results\final_analysis\roundtrip_results.csv,e3912e357456af06dfed,PASS
True,9.68421052631579,csv,46,0.08919425188237425,0.4062999942107126,0.36828888984850033,0.09839999256655574,deflate-9,38,327.125,0.8260869565217391,lt_16KiB,C:\Users\ss\Desktop\XAI\XAI\engines\XAI-Compress\results\final_analysis\roundtrip_results.csv,e3912e357456af06dfed,PASS
True,9.894736842105264,csv,47,0.09975123555092558,0.36330000148154795,0.06998768651667252,0.5177999992156401,zstd-1,38,327.125,0.8085106382978723,lt_16KiB,C:\Users\ss\Desktop\XAI\XAI\engines\XAI-Compress\results\final_analysis\roundtrip_results.csv,e3912e357456af06dfed,PASS
True,9.894736842105264,csv,47,0.10277828918585087,0.35259999276604503,0.43873635119372384,0.08260000322479755,zstd-3,38,327.125,0.8085106382978723,lt_16KiB,C:\Users\ss\Desktop\XAI\XAI\engines\XAI-Compress\results\final_analysis\roundtrip_results.csv,e3912e357456af06dfed,PASS
True,9.894736842105264,csv,47,0.09454637260382666,0.38329999370034784,0.45356226890410417,0.07989999721758068,zstd-6,38,327.125,0.8085106382978723,lt_16KiB,C:\Users\ss\Desktop\XAI\XAI\engines\XAI-Compress\results\final_analysis\roundtrip_results.csv,e3912e357456af06dfed,PASS
True,9.894736842105264,csv,47,0.1155968866049783,0.31350000062957406,0.5883055524057905,0.06160000339150429,zstd-9,38,327.125,0.8085106382978723,lt_16KiB,C:\Users\ss\Desktop\XAI\XAI\engines\XAI-Compress\results\final_analysis\roundtrip_results.csv,e3912e357456af06dfed,PASS
True,8.842105263157896,csv,42,0.08069388560665236,0.4490999999688938,0.372452461374984,0.09729999874252826,brotli-1,38,327.125,0.9047619047619048,lt_16KiB,C:\Users\ss\Desktop\XAI\XAI\engines\XAI-Compress\results\final_analysis\roundtrip_results.csv,e3912e357456af06dfed,PASS
True,8.842105263157896,csv,42,0.04851355302465649,0.7469999982276931,0.3947671439948463,0.09180000051856041,brotli-4,38,327.125,0.9047619047619048,lt_16KiB,C:\Users\ss\Desktop\XAI\XAI\engines\XAI-Compress\results\final_analysis\roundtrip_results.csv,e3912e357456af06dfed,PASS
True,8.842105263157896,csv,42,0.013748482176550931,2.635899989400059,0.3081600859255996,0.11759999324567616,brotli-6,38,327.125,0.9047619047619048,lt_16KiB,C:\Users\ss\Desktop\XAI\XAI\engines\XAI-Compress\results\final_analysis\roundtrip_results.csv,e3912e357456af06dfed,PASS
True,8.842105263157896,csv,42,0.008672463673475347,4.178700008196756,0.20032958598073872,0.18090000958181918,brotli-9,38,327.125,0.9047619047619048,lt_16KiB,C:\Users\ss\Desktop\XAI\XAI\engines\XAI-Compress\results\final_analysis\roundtrip_results.csv,e3912e357456af06dfed,PASS
True,8.842105263157896,csv,42,0.0025650559895604094,14.128199996775948,0.12305474988840237,0.2945000014733523,brotli-11,38,327.125,0.9047619047619048,lt_16KiB,C:\Users\ss\Desktop\XAI\XAI\engines\XAI-Compress\results\final_analysis\roundtrip_results.csv,e3912e357456af06dfed,PASS
True,20.210526315789473,csv,96,0.02853289047359627,1.2700999941444024,0.162291197446683,0.22329999774228781,lzma2-0,38,327.125,0.3958333333333333,lt_16KiB,C:\Users\ss\Desktop\XAI\XAI\engines\XAI-Compress\results\final_analysis\roundtrip_results.csv,e3912e357456af06dfed,PASS
True,20.210526315789473,csv,96,0.001021481897596292,35.47750000143424,0.045960208364234235,0.788499994087033,lzma2-3,38,327.125,0.3958333333333333,lt_16KiB,C:\Users\ss\Desktop\XAI\XAI\engines\XAI-Compress\results\final_analysis\roundtrip_results.csv,e3912e357456af06dfed,PASS
True,20.210526315789473,csv,96,0.00041916501584489705,86.45669999532402,0.04459163757462423,0.8127000037347898,lzma2-6,38,327.125,0.3958333333333333,lt_16KiB,C:\Users\ss\Desktop\XAI\XAI\engines\XAI-Compress\results\final_analysis\roundtrip_results.csv,e3912e357456af06dfed,PASS
True,16.0,csv,76,0.04320412980162676,0.8387999987462536,0.12156868181810193,0.298099999781698,bzip2-1,38,327.125,0.5,lt_16KiB,C:\Users\ss\Desktop\XAI\XAI\engines\XAI-Compress\results\final_analysis\roundtrip_results.csv,e3912e357456af06dfed,PASS
True,16.0,csv,76,0.019874752653753307,1.823400001740083,0.022580611934467365,1.6048999968916178,bzip2-9,38,327.125,0.5,lt_16KiB,C:\Users\ss\Desktop\XAI\XAI\engines\XAI-Compress\results\final_analysis\roundtrip_results.csv,e3912e357456af06dfed,PASS
True,8.0,csv,90,2.0582900207356083,0.04169999738223851,14.070598226575601,0.006100002792663872,raw,90,327.125,1.0,lt_16KiB,C:\Users\ss\Desktop\XAI\XAI\engines\XAI-Compress\results\final_analysis\final_comparison.csv,921d357da1bee764ce1d,PASS
True,8.444444444444445,csv,95,0.2343820037550459,0.36619999445974827,0.28355035013293584,0.3026999911526218,gzip-1,90,327.125,0.9473684210526315,lt_16KiB,C:\Users\ss\Desktop\XAI\XAI\engines\XAI-Compress\results\final_analysis\final_comparison.csv,921d357da1bee764ce1d,PASS
True,8.266666666666667,csv,93,0.17067148161731993,0.5029000021750107,0.2764273449099719,0.3104999923380092,gzip-6,90,327.125,0.967741935483871,lt_16KiB,C:\Users\ss\Desktop\XAI\XAI\engines\XAI-Compress\results\final_analysis\final_comparison.csv,921d357da1bee764ce1d,PASS
True,8.266666666666667,csv,93,0.18723972261459063,0.458399998024106,0.37562663187623346,0.22850000823382288,gzip-9,90,327.125,0.967741935483871,lt_16KiB,C:\Users\ss\Desktop\XAI\XAI\engines\XAI-Compress\results\final_analysis\final_comparison.csv,921d357da1bee764ce1d,PASS
True,7.377777777777778,csv,83,0.10486339405206602,0.8185000042431056,0.9687436047949708,0.08860000525601208,deflate-1,90,327.125,1.0843373493975903,lt_16KiB,C:\Users\ss\Desktop\XAI\XAI\engines\XAI-Compress\results\final_analysis\final_comparison.csv,921d357da1bee764ce1d,PASS
True,7.2,csv,81,0.1115263629898506,0.7695999956922606,0.3957154708188488,0.21690000721719116,deflate-6,90,327.125,1.1111111111111112,lt_16KiB,C:\Users\ss\Desktop\XAI\XAI\engines\XAI-Compress\results\final_analysis\final_comparison.csv,921d357da1bee764ce1d,PASS
True,7.2,csv,81,0.17700698942088658,0.48489999608136714,1.0961771772486144,0.07830001413822174,deflate-9,90,327.125,1.1111111111111112,lt_16KiB,C:\Users\ss\Desktop\XAI\XAI\engines\XAI-Compress\results\final_analysis\final_comparison.csv,921d357da1bee764ce1d,PASS
True,7.2,csv,81,0.1516711224996112,0.5659000016748905,0.5148811443758594,0.16670000331941992,zstd-1,90,327.125,1.1111111111111112,lt_16KiB,C:\Users\ss\Desktop\XAI\XAI\engines\XAI-Compress\results\final_analysis\final_comparison.csv,921d357da1bee764ce1d,PASS
True,7.2,csv,81,0.158563990238899,0.5413000035332516,0.6188225831885399,0.13869999384041876,zstd-3,90,327.125,1.1111111111111112,lt_16KiB,C:\Users\ss\Desktop\XAI\XAI\engines\XAI-Compress\results\final_analysis\final_comparison.csv,921d357da1bee764ce1d,PASS
True,7.2,csv,81,0.14937467664344903,0.5745999951614067,0.5179884773769526,0.16569999570492655,zstd-6,90,327.125,1.1111111111111112,lt_16KiB,C:\Users\ss\Desktop\XAI\XAI\engines\XAI-Compress\results\final_analysis\final_comparison.csv,921d357da1bee764ce1d,PASS
True,7.2,csv,81,0.12904929850185506,0.665100000333041,0.28705916638548373,0.2989999920828268,zstd-9,90,327.125,1.1111111111111112,lt_16KiB,C:\Users\ss\Desktop\XAI\XAI\engines\XAI-Compress\results\final_analysis\final_comparison.csv,921d357da1bee764ce1d,PASS
True,8.088888888888889,csv,91,0.12140125681619325,0.7069999992381781,0.2738694591980827,0.3133999998681247,brotli-1,90,327.125,0.989010989010989,lt_16KiB,C:\Users\ss\Desktop\XAI\XAI\engines\XAI-Compress\results\final_analysis\final_comparison.csv,921d357da1bee764ce1d,PASS
True,6.222222222222222,csv,70,0.09483006036898389,0.9051000088220462,0.48906375878214314,0.17549999756738544,brotli-4,90,327.125,1.2857142857142858,lt_16KiB,C:\Users\ss\Desktop\XAI\XAI\engines\XAI-Compress\results\final_analysis\final_comparison.csv,921d357da1bee764ce1d,PASS
True,6.933333333333334,csv,78,0.012004963722284505,7.149599987315014,0.2986453959594284,0.2874000056181103,brotli-6,90,327.125,1.1538461538461537,lt_16KiB,C:\Users\ss\Desktop\XAI\XAI\engines\XAI-Compress\results\final_analysis\final_comparison.csv,921d357da1bee764ce1d,PASS
True,6.5777777777777775,csv,74,0.016231526406359883,5.287899999530055,0.3499008832472518,0.24530000519007444,brotli-9,90,327.125,1.2162162162162162,lt_16KiB,C:\Users\ss\Desktop\XAI\XAI\engines\XAI-Compress\results\final_analysis\final_comparison.csv,921d357da1bee764ce1d,PASS
True,6.4,csv,72,0.0055062027524678805,15.587999994750135,0.3346225630364565,0.2565000031609088,brotli-11,90,327.125,1.25,lt_16KiB,C:\Users\ss\Desktop\XAI\XAI\engines\XAI-Compress\results\final_analysis\final_comparison.csv,921d357da1bee764ce1d,PASS
True,12.444444444444445,csv,140,0.06472414491394377,1.3260999985504895,0.23159926805358277,0.37059999885968864,lzma2-0,90,327.125,0.6428571428571429,lt_16KiB,C:\Users\ss\Desktop\XAI\XAI\engines\XAI-Compress\results\final_analysis\final_comparison.csv,921d357da1bee764ce1d,PASS
True,12.444444444444445,csv,140,0.0026794542014518664,32.032899995101616,0.10618667394184415,0.8082999993348494,lzma2-3,90,327.125,0.6428571428571429,lt_16KiB,C:\Users\ss\Desktop\XAI\XAI\engines\XAI-Compress\results\final_analysis\final_comparison.csv,921d357da1bee764ce1d,PASS
True,12.088888888888889,csv,136,0.0009093939062559131,94.38229999796022,0.06416288293663545,1.3376999995671213,lzma2-6,90,327.125,0.6617647058823529,lt_16KiB,C:\Users\ss\Desktop\XAI\XAI\engines\XAI-Compress\results\final_analysis\final_comparison.csv,921d357da1bee764ce1d,PASS
True,9.422222222222222,csv,106,0.047763321624561574,1.796999989892356,0.16022155637091917,0.5357000045478344,bzip2-1,90,327.125,0.8490566037735849,lt_16KiB,C:\Users\ss\Desktop\XAI\XAI\engines\XAI-Compress\results\final_analysis\final_comparison.csv,921d357da1bee764ce1d,PASS
True,9.422222222222222,csv,106,0.0389466777296791,2.2038000024622306,0.06161571325209701,1.392999998643063,bzip2-9,90,327.125,0.8490566037735849,lt_16KiB,C:\Users\ss\Desktop\XAI\XAI\engines\XAI-Compress\results\final_analysis\final_comparison.csv,921d357da1bee764ce1d,PASS
True,8.0,executable,22792,454.73106569032853,0.04780000017490238,4180.031152316695,0.005199995939619839,raw,22792,327.125,1.0,16_64KiB,C:\Users\ss\Desktop\XAI\XAI\apps\admin_dotnet\bin\Debug\net8.0\Microsoft.Extensions.ObjectPool.dll,63b80d177dabc1b0609f,PASS
True,5.142155142155143,executable,14650,1.1624042080820858,18.69930000975728,9.574128919046016,2.270300014060922,gzip-1,22792,327.125,1.5557679180887372,16_64KiB,C:\Users\ss\Desktop\XAI\XAI\apps\admin_dotnet\bin\Debug\net8.0\Microsoft.Extensions.ObjectPool.dll,63b80d177dabc1b0609f,PASS
True,4.673920673920674,executable,13316,1.1977223269382857,18.147900002077222,8.593059920938371,2.529499994125217,gzip-6,22792,327.125,1.7116251126464403,16_64KiB,C:\Users\ss\Desktop\XAI\XAI\apps\admin_dotnet\bin\Debug\net8.0\Microsoft.Extensions.ObjectPool.dll,63b80d177dabc1b0609f,PASS
True,4.6307476307476305,executable,13193,0.8512861640052897,25.533300009556115,7.076950251927367,3.071400002227165,gzip-9,22792,327.125,1.7275828090654135,16_64KiB,C:\Users\ss\Desktop\XAI\XAI\apps\admin_dotnet\bin\Debug\net8.0\Microsoft.Extensions.ObjectPool.dll,63b80d177dabc1b0609f,PASS
True,5.137943137943138,executable,14638,2.5444116047966308,8.542700001271442,6.116138623103094,3.553899994585663,deflate-1,22792,327.125,1.557043311927859,16_64KiB,C:\Users\ss\Desktop\XAI\XAI\apps\admin_dotnet\bin\Debug\net8.0\Microsoft.Extensions.ObjectPool.dll,63b80d177dabc1b0609f,PASS
True,4.66970866970867,executable,13304,0.40972245552475195,53.0509000091115,9.419781131249554,2.3075000062817708,deflate-6,22792,327.125,1.7131689717378231,16_64KiB,C:\Users\ss\Desktop\XAI\XAI\apps\admin_dotnet\bin\Debug\net8.0\Microsoft.Extensions.ObjectPool.dll,63b80d177dabc1b0609f,PASS
True,4.6265356265356266,executable,13181,0.3746125678281126,58.02299999049865,7.7765178589682895,2.7950999938184395,deflate-9,22792,327.125,1.7291556027615507,16_64KiB,C:\Users\ss\Desktop\XAI\XAI\apps\admin_dotnet\bin\Debug\net8.0\Microsoft.Extensions.ObjectPool.dll,63b80d177dabc1b0609f,PASS
True,4.931203931203931,executable,14049,4.509573653700731,4.820000001927838,11.259917634531604,1.930400001583621,zstd-1,22792,327.125,1.6223218734429496,16_64KiB,C:\Users\ss\Desktop\XAI\XAI\apps\admin_dotnet\bin\Debug\net8.0\Microsoft.Extensions.ObjectPool.dll,63b80d177dabc1b0609f,PASS
True,4.760617760617761,executable,13563,1.5292713238044195,14.213399990694597,14.419626554451584,1.5073999966261908,zstd-3,22792,327.125,1.6804541768045418,16_64KiB,C:\Users\ss\Desktop\XAI\XAI\apps\admin_dotnet\bin\Debug\net8.0\Microsoft.Extensions.ObjectPool.dll,63b80d177dabc1b0609f,PASS
True,4.622323622323623,executable,13169,1.1092643065310461,19.5951000059722,11.071229545814885,1.963300004717894,zstd-6,22792,327.125,1.7307312628141849,16_64KiB,C:\Users\ss\Desktop\XAI\XAI\apps\admin_dotnet\bin\Debug\net8.0\Microsoft.Extensions.ObjectPool.dll,63b80d177dabc1b0609f,PASS
True,4.617058617058617,executable,13154,0.9809969228332962,22.15720000094734,13.942363737321632,1.5589999966323376,zstd-9,22792,327.125,1.7327048806446708,16_64KiB,C:\Users\ss\Desktop\XAI\XAI\apps\admin_dotnet\bin\Debug\net8.0\Microsoft.Extensions.ObjectPool.dll,63b80d177dabc1b0609f,PASS
True,4.832221832221832,executable,13767,4.113967063442737,5.2835000096820295,4.115602879065048,5.281399993691593,brotli-1,22792,327.125,1.6555531343066754,16_64KiB,C:\Users\ss\Desktop\XAI\XAI\apps\admin_dotnet\bin\Debug\net8.0\Microsoft.Extensions.ObjectPool.dll,63b80d177dabc1b0609f,PASS
True,4.590382590382591,executable,13078,0.7049956868553899,30.83160000096541,2.4710554468567465,8.796299996902235,brotli-4,22792,327.125,1.742774124483866,16_64KiB,C:\Users\ss\Desktop\XAI\XAI\apps\admin_dotnet\bin\Debug\net8.0\Microsoft.Extensions.ObjectPool.dll,63b80d177dabc1b0609f,PASS
True,4.483327483327483,executable,12773,0.3349257457741471,64.89839999994729,3.542973921426157,6.135000003268942,brotli-6,22792,327.125,1.78438894543177,16_64KiB,C:\Users\ss\Desktop\XAI\XAI\apps\admin_dotnet\bin\Debug\net8.0\Microsoft.Extensions.ObjectPool.dll,63b80d177dabc1b0609f,PASS
True,4.474201474201474,executable,12747,0.05486167187091062,396.1990999960108,3.5494537706531664,6.123800005298108,brotli-9,22792,327.125,1.788028555738605,16_64KiB,C:\Users\ss\Desktop\XAI\XAI\apps\admin_dotnet\bin\Debug\net8.0\Microsoft.Extensions.ObjectPool.dll,63b80d177dabc1b0609f,PASS
True,4.262197262197263,executable,12143,0.005856658280205906,3711.356200001319,3.886451328607708,5.592800007434562,brotli-11,22792,327.125,1.8769661533393724,16_64KiB,C:\Users\ss\Desktop\XAI\XAI\apps\admin_dotnet\bin\Debug\net8.0\Microsoft.Extensions.ObjectPool.dll,63b80d177dabc1b0609f,PASS
True,4.411372411372412,executable,12568,0.16554275911460228,131.30229999660514,0.3692823713999137,58.860499993897974,lzma2-0,22792,327.125,1.813494589433482,16_64KiB,C:\Users\ss\Desktop\XAI\XAI\apps\admin_dotnet\bin\Debug\net8.0\Microsoft.Extensions.ObjectPool.dll,63b80d177dabc1b0609f,PASS
True,4.395928395928396,executable,12524,0.1549601018883899,140.26929999818094,0.6884561787718818,31.572300009429455,lzma2-3,22792,327.125,1.8198658575534974,16_64KiB,C:\Users\ss\Desktop\XAI\XAI\apps\admin_dotnet\bin\Debug\net8.0\Microsoft.Extensions.ObjectPool.dll,63b80d177dabc1b0609f,PASS
True,4.297648297648298,executable,12244,0.0912866860751142,238.1085999950301,0.6963878493298556,31.212699992465787,lzma2-6,22792,327.125,1.8614831754328651,16_64KiB,C:\Users\ss\Desktop\XAI\XAI\apps\admin_dotnet\bin\Debug\net8.0\Microsoft.Extensions.ObjectPool.dll,63b80d177dabc1b0609f,PASS
True,5.061425061425061,executable,14420,0.16779536929999553,129.53959999140352,0.5271771139584904,41.23119999712799,bzip2-1,22792,327.125,1.5805825242718448,16_64KiB,C:\Users\ss\Desktop\XAI\XAI\apps\admin_dotnet\bin\Debug\net8.0\Microsoft.Extensions.ObjectPool.dll,63b80d177dabc1b0609f,PASS
True,5.061425061425061,executable,14420,0.1763900894077278,123.22769999445882,0.5573256195217995,39.000799995847046,bzip2-9,22792,327.125,1.5805825242718448,16_64KiB,C:\Users\ss\Desktop\XAI\XAI\apps\admin_dotnet\bin\Debug\net8.0\Microsoft.Extensions.ObjectPool.dll,63b80d177dabc1b0609f,PASS
True,8.0,executable,34360,198.59544565635926,0.16500000492669642,5851.474187236409,0.005599998985417187,raw,34360,202.5703125,1.0,16_64KiB,C:\Users\ss\Desktop\XAI\XAI\apps\admin_dotnet\bin\Debug\net8.0\Microsoft.Extensions.AmbientMetadata.Application.dll,8532a7e7c38dfc36aa1a,PASS
True,4.6118742724097785,executable,19808,3.528779830950216,9.28600000042934,8.685622895218998,3.7727000017184764,gzip-1,34360,202.5703125,1.7346526655896608,16_64KiB,C:\Users\ss\Desktop\XAI\XAI\apps\admin_dotnet\bin\Debug\net8.0\Microsoft.Extensions.AmbientMetadata.Application.dll,8532a7e7c38dfc36aa1a,PASS
True,4.091268917345751,executable,17572,1.5923226960776848,20.57889998832252,9.536188087480854,3.4362000005785376,gzip-6,34360,202.5703125,1.9553835647621216,16_64KiB,C:\Users\ss\Desktop\XAI\XAI\apps\admin_dotnet\bin\Debug\net8.0\Microsoft.Extensions.AmbientMetadata.Application.dll,8532a7e7c38dfc36aa1a,PASS
True,4.040279394644936,executable,17353,1.102925568116634,29.710300004808232,10.138691098804136,3.2319999882020056,gzip-9,34360,202.5703125,1.9800610845386966,16_64KiB,C:\Users\ss\Desktop\XAI\XAI\apps\admin_dotnet\bin\Debug\net8.0\Microsoft.Extensions.AmbientMetadata.Application.dll,8532a7e7c38dfc36aa1a,PASS
True,4.609080325960419,executable,19796,5.150377929292266,6.362300002365373,12.550557078793618,2.610900002764538,deflate-1,34360,202.5703125,1.7357041826631643,16_64KiB,C:\Users\ss\Desktop\XAI\XAI\apps\admin_dotnet\bin\Debug\net8.0\Microsoft.Extensions.AmbientMetadata.Application.dll,8532a7e7c38dfc36aa1a,PASS
True,4.0884749708963914,executable,17560,1.437077866980597,22.80199999222532,13.25898255003737,2.4714000028325245,deflate-6,34360,202.5703125,1.9567198177676537,16_64KiB,C:\Users\ss\Desktop\XAI\XAI\apps\admin_dotnet\bin\Debug\net8.0\Microsoft.Extensions.AmbientMetadata.Application.dll,8532a7e7c38dfc36aa1a,PASS
True,4.037485448195576,executable,17341,1.0471698861209233,31.292200001189485,10.064886068028427,3.2556999940425158,deflate-9,34360,202.5703125,1.9814312900063433,16_64KiB,C:\Users\ss\Desktop\XAI\XAI\apps\admin_dotnet\bin\Debug\net8.0\Microsoft.Extensions.AmbientMetadata.Application.dll,8532a7e7c38dfc36aa1a,PASS
True,4.317811408614668,executable,18545,4.8953866385095575,6.693699993775226,12.504579077620038,2.620500003104098,zstd-1,34360,202.5703125,1.852790509571313,16_64KiB,C:\Users\ss\Desktop\XAI\XAI\apps\admin_dotnet\bin\Debug\net8.0\Microsoft.Extensions.AmbientMetadata.Application.dll,8532a7e7c38dfc36aa1a,PASS
True,4.153899883585565,executable,17841,3.6405121116604136,9.000999998534098,12.825648570500874,2.554899998358451,zstd-3,34360,202.58984375,1.9259010145171236,16_64KiB,C:\Users\ss\Desktop\XAI\XAI\apps\admin_dotnet\bin\Debug\net8.0\Microsoft.Extensions.AmbientMetadata.Application.dll,8532a7e7c38dfc36aa1a,PASS
True,3.9925494761350406,executable,17148,1.5698117034455088,20.874000008916482,18.24208068133326,1.796299999114126,zstd-6,34360,202.875,2.0037322136692324,16_64KiB,C:\Users\ss\Desktop\XAI\XAI\apps\admin_dotnet\bin\Debug\net8.0\Microsoft.Extensions.AmbientMetadata.Application.dll,8532a7e7c38dfc36aa1a,PASS
True,3.9832363213038415,executable,17108,1.5766700753212222,20.7832000014605,17.781772000011497,1.8428000039421022,zstd-9,34360,202.87890625,2.0084171148000936,16_64KiB,C:\Users\ss\Desktop\XAI\XAI\apps\admin_dotnet\bin\Debug\net8.0\Microsoft.Extensions.AmbientMetadata.Application.dll,8532a7e7c38dfc36aa1a,PASS
True,4.464959254947614,executable,19177,4.577849885000125,7.158000007621013,4.6221470839215195,7.0893999945838,brotli-1,34360,203.02734375,1.7917296761745842,16_64KiB,C:\Users\ss\Desktop\XAI\XAI\apps\admin_dotnet\bin\Debug\net8.0\Microsoft.Extensions.AmbientMetadata.Application.dll,8532a7e7c38dfc36aa1a,PASS
True,3.978579743888242,executable,17088,0.9649612172353359,33.95810000074562,3.8459032535498703,8.520300005329773,brotli-4,34360,203.4609375,2.010767790262172,16_64KiB,C:\Users\ss\Desktop\XAI\XAI\apps\admin_dotnet\bin\Debug\net8.0\Microsoft.Extensions.AmbientMetadata.Application.dll,8532a7e7c38dfc36aa1a,PASS
True,3.849825378346915,executable,16535,0.6159538021190422,53.19920000329148,5.743978667435096,5.704800001694821,brotli-6,34360,205.49609375,2.0780163289990927,16_64KiB,C:\Users\ss\Desktop\XAI\XAI\apps\admin_dotnet\bin\Debug\net8.0\Microsoft.Extensions.AmbientMetadata.Application.dll,8532a7e7c38dfc36aa1a,PASS
True,3.8291036088474972,executable,16446,0.08904389011900161,368.0010999960359,5.592614950705064,5.859199998667464,brotli-9,34360,231.8125,2.089261826583972,16_64KiB,C:\Users\ss\Desktop\XAI\XAI\apps\admin_dotnet\bin\Debug\net8.0\Microsoft.Extensions.AmbientMetadata.Application.dll,8532a7e7c38dfc36aa1a,PASS
True,3.631431897555297,executable,15597,0.013619500339110585,2405.980299998191,4.521255250104478,7.247599991387688,brotli-11,34360,231.8125,2.202987754055267,16_64KiB,C:\Users\ss\Desktop\XAI\XAI\apps\admin_dotnet\bin\Debug\net8.0\Microsoft.Extensions.AmbientMetadata.Application.dll,8532a7e7c38dfc36aa1a,PASS
True,3.756926658905704,executable,16136,0.432342154560051,75.79239999176934,1.013282831915749,32.33869999530725,lzma2-0,34360,231.8125,2.129400099157164,16_64KiB,C:\Users\ss\Desktop\XAI\XAI\apps\admin_dotnet\bin\Debug\net8.0\Microsoft.Extensions.AmbientMetadata.Application.dll,8532a7e7c38dfc36aa1a,PASS
True,3.7336437718277065,executable,16036,0.264779172018107,123.75689999316819,0.9491798010821005,34.522699992521666,lzma2-3,34360,231.8125,2.1426789723122974,16_64KiB,C:\Users\ss\Desktop\XAI\XAI\apps\admin_dotnet\bin\Debug\net8.0\Microsoft.Extensions.AmbientMetadata.Application.dll,8532a7e7c38dfc36aa1a,PASS
True,3.630267753201397,executable,15592,0.08586756954809899,381.61379999655765,0.7435145935597256,44.07209999044426,lzma2-6,34360,231.8125,2.203694202154951,16_64KiB,C:\Users\ss\Desktop\XAI\XAI\apps\admin_dotnet\bin\Debug\net8.0\Microsoft.Extensions.AmbientMetadata.Application.dll,8532a7e7c38dfc36aa1a,PASS
True,4.40675203725262,executable,18927,0.1981349379536083,165.38350000337232,0.4183412210953571,78.32900001085363,bzip2-1,34360,231.8125,1.8153959951392191,16_64KiB,C:\Users\ss\Desktop\XAI\XAI\apps\admin_dotnet\bin\Debug\net8.0\Microsoft.Extensions.AmbientMetadata.Application.dll,8532a7e7c38dfc36aa1a,PASS
True,4.40675203725262,executable,18927,0.14618110791267622,224.1619999986142,0.5800316409075649,56.49389998870902,bzip2-9,34360,231.8125,1.8153959951392191,16_64KiB,C:\Users\ss\Desktop\XAI\XAI\apps\admin_dotnet\bin\Debug\net8.0\Microsoft.Extensions.AmbientMetadata.Application.dll,8532a7e7c38dfc36aa1a,PASS
True,8.0,image,9115,109.61843883809277,0.07929999264888465,1738.5502201707232,0.004999994416721165,raw,9115,238.59375,1.0,lt_16KiB,C:\Users\ss\Desktop\XAI\XAI\engines\XAI-Compress\results\hybrid_ai\figures\01_codec_bpb.png,b431de9bd8324ec90c36,PASS
True,3.134174437739989,image,3571,4.006240838783713,2.16980000550393,8.151482926676168,1.0664000001270324,gzip-1,9115,238.59375,2.552506300756091,lt_16KiB,C:\Users\ss\Desktop\XAI\XAI\engines\XAI-Compress\results\hybrid_ai\figures\01_codec_bpb.png,b431de9bd8324ec90c36,PASS
True,2.6382885353812395,image,3006,12.210621549119766,0.71189999289345,66.76452587357313,0.13020000187680125,gzip-6,9115,238.59375,3.0322687957418495,lt_16KiB,C:\Users\ss\Desktop\XAI\XAI\engines\XAI-Compress\results\hybrid_ai\figures\01_codec_bpb.png,b431de9bd8324ec90c36,PASS
True,2.608447613823368,image,2972,13.168825189764604,0.6600999913644046,75.78676001544761,0.11470000026747584,gzip-9,9115,238.59375,3.066958277254374,lt_16KiB,C:\Users\ss\Desktop\XAI\XAI\engines\XAI-Compress\results\hybrid_ai\figures\01_codec_bpb.png,b431de9bd8324ec90c36,PASS
True,3.1236423477783872,image,3559,43.07602402436184,0.20179999410174787,165.57605081474105,0.052499992307275534,deflate-1,9115,238.59375,2.561112672098904,lt_16KiB,C:\Users\ss\Desktop\XAI\XAI\engines\XAI-Compress\results\hybrid_ai\figures\01_codec_bpb.png,b431de9bd8324ec90c36,PASS
True,2.627756445419638,image,2994,18.174244868784196,0.4783000040333718,126.16463182696693,0.06889998621772975,deflate-6,9115,238.59375,3.044422177688711,lt_16KiB,C:\Users\ss\Desktop\XAI\XAI\engines\XAI-Compress\results\hybrid_ai\figures\01_codec_bpb.png,b431de9bd8324ec90c36,PASS
True,2.5979155238617664,image,2960,4.153641718649887,2.09280000126455,114.07797382335731,0.07619999814778566,deflate-9,9115,238.59375,3.079391891891892,lt_16KiB,C:\Users\ss\Desktop\XAI\XAI\engines\XAI-Compress\results\hybrid_ai\figures\01_codec_bpb.png,b431de9bd8324ec90c36,PASS
True,2.791881513987932,image,3181,41.751880059228114,0.20819999917875975,179.2317609765684,0.04850000550504774,zstd-1,9115,238.59375,2.8654511160012577,lt_16KiB,C:\Users\ss\Desktop\XAI\XAI\engines\XAI-Compress\results\hybrid_ai\figures\01_codec_bpb.png,b431de9bd8324ec90c36,PASS
True,2.7321996708721885,image,3113,37.778103964426286,0.23009999131318182,208.96014663854228,0.04159999662078917,zstd-3,9115,238.59375,2.928043687761002,lt_16KiB,C:\Users\ss\Desktop\XAI\XAI\engines\XAI-Compress\results\hybrid_ai\figures\01_codec_bpb.png,b431de9bd8324ec90c36,PASS
True,2.5996708721887,image,2962,18.938434302700124,0.45900000259280205,239.46946042059446,0.036299999919719994,zstd-6,9115,238.59375,3.0773126266036464,lt_16KiB,C:\Users\ss\Desktop\XAI\XAI\engines\XAI-Compress\results\hybrid_ai\figures\01_codec_bpb.png,b431de9bd8324ec90c36,PASS
True,2.600548546352167,image,2963,7.150400082506738,1.2157000019215047,215.70077219031594,0.04030000127386302,zstd-9,9115,238.59375,3.076274046574418,lt_16KiB,C:\Users\ss\Desktop\XAI\XAI\engines\XAI-Compress\results\hybrid_ai\figures\01_codec_bpb.png,b431de9bd8324ec90c36,PASS
True,2.955128908392759,image,3367,39.78371524065106,0.2184999902965501,45.44036240278058,0.19130000146105886,brotli-1,9115,238.59375,2.707157707157707,lt_16KiB,C:\Users\ss\Desktop\XAI\XAI\engines\XAI-Compress\results\hybrid_ai\figures\01_codec_bpb.png,b431de9bd8324ec90c36,PASS
True,2.663741086121777,image,3035,12.860987228697693,0.6759000098099932,51.1337731036265,0.16999999934341758,brotli-4,9115,238.59375,3.00329489291598,lt_16KiB,C:\Users\ss\Desktop\XAI\XAI\engines\XAI-Compress\results\hybrid_ai\figures\01_codec_bpb.png,b431de9bd8324ec90c36,PASS
True,2.570707624794295,image,2929,1.7257432601363611,5.037100010667928,48.29300701256784,0.18000000272877514,brotli-6,9115,238.59375,3.1119836121543187,lt_16KiB,C:\Users\ss\Desktop\XAI\XAI\engines\XAI-Compress\results\hybrid_ai\figures\01_codec_bpb.png,b431de9bd8324ec90c36,PASS
True,2.5426220515633573,image,2897,0.2968285013714072,29.28539999993518,26.09649138518766,0.33310000435449183,brotli-9,9115,238.59375,3.146358301691405,lt_16KiB,C:\Users\ss\Desktop\XAI\XAI\engines\XAI-Compress\results\hybrid_ai\figures\01_codec_bpb.png,b431de9bd8324ec90c36,PASS
True,2.4653867251782775,image,2809,0.005439106161755649,1598.193000012543,4.991238729357447,1.7416000046068802,brotli-11,9115,238.59375,3.244927020291919,lt_16KiB,C:\Users\ss\Desktop\XAI\XAI\engines\XAI-Compress\results\hybrid_ai\figures\01_codec_bpb.png,b431de9bd8324ec90c36,PASS
True,2.6400438837081732,image,3008,0.2639883806701123,32.92850000434555,0.7106964429232614,12.23129998834338,lzma2-0,9115,238.59375,3.030252659574468,lt_16KiB,C:\Users\ss\Desktop\XAI\XAI\engines\XAI-Compress\results\hybrid_ai\figures\01_codec_bpb.png,b431de9bd8324ec90c36,PASS
True,2.5838727372462973,image,2944,0.07408639033668919,117.33249999815598,0.8981682116811808,9.678299989900552,lzma2-3,9115,238.59375,3.096127717391304,lt_16KiB,C:\Users\ss\Desktop\XAI\XAI\engines\XAI-Compress\results\hybrid_ai\figures\01_codec_bpb.png,b431de9bd8324ec90c36,PASS
True,2.5347229840921557,image,2888,0.03403002307908668,255.44329998956528,0.8527395199865636,10.193900001468137,lzma2-6,9115,238.59375,3.156163434903047,lt_16KiB,C:\Users\ss\Desktop\XAI\XAI\engines\XAI-Compress\results\hybrid_ai\figures\01_codec_bpb.png,b431de9bd8324ec90c36,PASS
True,3.0894130554031816,image,3520,0.04996230382674036,173.9860000088811,0.525425308818997,16.54419999977108,bzip2-1,9115,238.59375,2.5894886363636362,lt_16KiB,C:\Users\ss\Desktop\XAI\XAI\engines\XAI-Compress\results\hybrid_ai\figures\01_codec_bpb.png,b431de9bd8324ec90c36,PASS
True,3.0894130554031816,image,3520,0.03265625124511357,266.18920000328217,0.04724444356678545,183.99499999941327,bzip2-9,9115,238.59375,2.5894886363636362,lt_16KiB,C:\Users\ss\Desktop\XAI\XAI\engines\XAI-Compress\results\hybrid_ai\figures\01_codec_bpb.png,b431de9bd8324ec90c36,PASS
True,8.0,image,9793,363.39806272723206,0.02570000651758164,1698.0610175231575,0.00549999822396785,raw,9793,238.59375,1.0,lt_16KiB,C:\Users\ss\Desktop\XAI\XAI\engines\XAI-Compress\results\hybrid_ai\figures\04_decompression_speed.png,801658a38cf0cafec5ef,PASS
True,3.6025732666190136,image,4410,0.481113779523215,19.411900007980876,2.0542710738630707,4.54629999876488,gzip-1,9793,238.59375,2.2206349206349207,lt_16KiB,C:\Users\ss\Desktop\XAI\XAI\engines\XAI-Compress\results\hybrid_ai\figures\04_decompression_speed.png,801658a38cf0cafec5ef,PASS
True,3.0797508424384765,image,3770,3.269616509297634,2.856399994925596,17.72169332930003,0.5270000110613182,gzip-6,9793,238.59375,2.5976127320954907,lt_16KiB,C:\Users\ss\Desktop\XAI\XAI\engines\XAI-Compress\results\hybrid_ai\figures\04_decompression_speed.png,801658a38cf0cafec5ef,PASS
True,3.049525171040539,image,3733,3.0397515136864377,3.072400009841658,18.39175395284526,0.5077999958302826,gzip-9,9793,238.59375,2.6233592285025447,lt_16KiB,C:\Users\ss\Desktop\XAI\XAI\engines\XAI-Compress\results\hybrid_ai\figures\04_decompression_speed.png,801658a38cf0cafec5ef,PASS
True,3.5927703461656284,image,4398,6.068047917071235,1.539100005174987,22.67929194297077,0.4118000069865957,deflate-1,9793,238.59375,2.226693951796271,lt_16KiB,C:\Users\ss\Desktop\XAI\XAI\engines\XAI-Compress\results\hybrid_ai\figures\04_decompression_speed.png,801658a38cf0cafec5ef,PASS
True,3.0699479219850914,image,3758,2.1678038555042987,4.308200004743412,10.587611940330516,0.8821000083116814,deflate-6,9793,238.59375,2.6059073975518894,lt_16KiB,C:\Users\ss\Desktop\XAI\XAI\engines\XAI-Compress\results\hybrid_ai\figures\04_decompression_speed.png,801658a38cf0cafec5ef,PASS
True,3.039722250587154,image,3721,1.7758085986191308,5.259199999272823,16.683337976446225,0.5597999988822266,deflate-9,9793,238.59375,2.6318194033861864,lt_16KiB,C:\Users\ss\Desktop\XAI\XAI\engines\XAI-Compress\results\hybrid_ai\figures\04_decompression_speed.png,801658a38cf0cafec5ef,PASS
True,3.2807107117328704,image,4016,5.501167787550712,1.6977000050246716,25.371726036581798,0.36810000892728567,zstd-1,9793,238.59375,2.438496015936255,lt_16KiB,C:\Users\ss\Desktop\XAI\XAI\engines\XAI-Compress\results\hybrid_ai\figures\04_decompression_speed.png,801658a38cf0cafec5ef,PASS
True,3.1083426937608496,image,3805,4.961659982420965,1.8822999991243705,21.58385200806177,0.4326999915065244,zstd-3,9793,238.59375,2.573718791064389,lt_16KiB,C:\Users\ss\Desktop\XAI\XAI\engines\XAI-Compress\results\hybrid_ai\figures\04_decompression_speed.png,801658a38cf0cafec5ef,PASS
True,3.0356377003982438,image,3716,1.64034997377831,5.693500002962537,25.73527864652191,0.3628999984357506,zstd-6,9793,238.59375,2.635360602798708,lt_16KiB,C:\Users\ss\Desktop\XAI\XAI\engines\XAI-Compress\results\hybrid_ai\figures\04_decompression_speed.png,801658a38cf0cafec5ef,PASS
True,3.0258347799448586,image,3704,0.676229106953044,13.810900010867044,23.37755335571718,0.3995000006398186,zstd-9,9793,238.59375,2.6438984881209504,lt_16KiB,C:\Users\ss\Desktop\XAI\XAI\engines\XAI-Compress\results\hybrid_ai\figures\04_decompression_speed.png,801658a38cf0cafec5ef,PASS
True,3.433472888798121,image,4203,5.874533016975782,1.5897999983280897,7.703177610637464,1.212400005897507,brotli-1,9793,238.59375,2.3300023792529148,lt_16KiB,C:\Users\ss\Desktop\XAI\XAI\engines\XAI-Compress\results\hybrid_ai\figures\04_decompression_speed.png,801658a38cf0cafec5ef,PASS
True,3.1156948841008885,image,3814,1.8337946125786224,5.092899998999201,8.652336926472682,1.0794000118039548,brotli-4,9793,238.59375,2.567645516518091,lt_16KiB,C:\Users\ss\Desktop\XAI\XAI\engines\XAI-Compress\results\hybrid_ai\figures\04_decompression_speed.png,801658a38cf0cafec5ef,PASS
True,2.9947921985091392,image,3666,0.3047229753930155,30.64859998994507,5.613591714422728,1.663700008066371,brotli-6,9793,238.59375,2.671303873431533,lt_16KiB,C:\Users\ss\Desktop\XAI\XAI\engines\XAI-Compress\results\hybrid_ai\figures\04_decompression_speed.png,801658a38cf0cafec5ef,PASS
True,2.9874400081691004,image,3657,0.09043019946022525,103.27669999969658,8.277348801723996,1.1282999912509695,brotli-9,9793,238.59375,2.6778780421110198,lt_16KiB,C:\Users\ss\Desktop\XAI\XAI\engines\XAI-Compress\results\hybrid_ai\figures\04_decompression_speed.png,801658a38cf0cafec5ef,PASS
True,2.9073828244664557,image,3559,0.014909649021183172,626.395200000843,6.721362053399549,1.3895000010961667,brotli-11,9793,238.59375,2.7516156223658332,lt_16KiB,C:\Users\ss\Desktop\XAI\XAI\engines\XAI-Compress\results\hybrid_ai\figures\04_decompression_speed.png,801658a38cf0cafec5ef,PASS
True,3.048708261002757,image,3732,0.6048594654665965,15.44050000666175,1.8104744739335958,5.158500003744848,lzma2-0,9793,238.59375,2.6240621650589495,lt_16KiB,C:\Users\ss\Desktop\XAI\XAI\engines\XAI-Compress\results\hybrid_ai\figures\04_decompression_speed.png,801658a38cf0cafec5ef,PASS
True,2.999693658735832,image,3672,0.11489528995115554,81.28559999749996,1.513030580430388,6.172600013087504,lzma2-3,9793,238.59375,2.666938997821351,lt_16KiB,C:\Users\ss\Desktop\XAI\XAI\engines\XAI-Compress\results\hybrid_ai\figures\04_decompression_speed.png,801658a38cf0cafec5ef,PASS
True,2.947411416317778,image,3608,0.05279256792622448,176.90620000939816,1.34871798700801,6.924600005731918,lzma2-6,9793,238.59375,2.7142461197339247,lt_16KiB,C:\Users\ss\Desktop\XAI\XAI\engines\XAI-Compress\results\hybrid_ai\figures\04_decompression_speed.png,801658a38cf0cafec5ef,PASS
True,3.439191259062596,image,4210,0.16552819643402616,56.42139998963103,1.0561630021987896,8.842700000968762,bzip2-1,9793,238.59375,2.3261282660332543,lt_16KiB,C:\Users\ss\Desktop\XAI\XAI\engines\XAI-Compress\results\hybrid_ai\figures\04_decompression_speed.png,801658a38cf0cafec5ef,PASS
True,3.439191259062596,image,4210,0.16354810183455173,57.10449999605771,1.063523609850683,8.781500000623055,bzip2-9,9793,238.59375,2.3261282660332543,lt_16KiB,C:\Users\ss\Desktop\XAI\XAI\engines\XAI-Compress\results\hybrid_ai\figures\04_decompression_speed.png,801658a38cf0cafec5ef,PASS
True,8.0,json,2,0.0815106636360527,0.02339998900424689,0.3346225820204697,0.005699999746866524,raw,2,238.59375,1.0,lt_16KiB,C:\Users\ss\Desktop\XAI\XAI\engines\XAI-Compress\results\benchmark_results.json,b2d26822f2e8d5499ddf,PASS
True,88.0,json,22,0.007744005872285703,0.24629999825265259,0.010022851783959338,0.19029999384656549,gzip-1,2,238.59375,0.09090909090909091,lt_16KiB,C:\Users\ss\Desktop\XAI\XAI\engines\XAI-Compress\results\benchmark_results.json,b2d26822f2e8d5499ddf,PASS
True,88.0,json,22,0.009637941866457092,0.19789999350905418,0.014233944839554277,0.1340000017080456,gzip-6,2,238.59375,0.09090909090909091,lt_16KiB,C:\Users\ss\Desktop\XAI\XAI\engines\XAI-Compress\results\benchmark_results.json,b2d26822f2e8d5499ddf,PASS
True,88.0,json,22,0.009613652513168603,0.19839999731630087,0.01357543578586457,0.1404999929945916,gzip-9,2,238.59375,0.09090909090909091,lt_16KiB,C:\Users\ss\Desktop\XAI\XAI\engines\XAI-Compress\results\benchmark_results.json,b2d26822f2e8d5499ddf,PASS
True,40.0,json,10,0.0027376900393570095,0.6966999935684726,0.022679531874750403,0.08410000009462237,deflate-1,2,238.59375,0.2,lt_16KiB,C:\Users\ss\Desktop\XAI\XAI\engines\XAI-Compress\results\benchmark_results.json,b2d26822f2e8d5499ddf,PASS
True,40.0,json,10,0.007747151308889228,0.24619999749120325,0.05923443362993031,0.032199997804127634,deflate-6,2,238.59375,0.2,lt_16KiB,C:\Users\ss\Desktop\XAI\XAI\engines\XAI-Compress\results\benchmark_results.json,b2d26822f2e8d5499ddf,PASS
True,40.0,json,10,0.00928602029290723,0.20540000696200877,0.062331654314975726,0.03060000017285347,deflate-9,2,238.59375,0.2,lt_16KiB,C:\Users\ss\Desktop\XAI\XAI\engines\XAI-Compress\results\benchmark_results.json,b2d26822f2e8d5499ddf,PASS
True,44.0,json,11,0.00785887364338766,0.2426999999443069,0.03369874241616322,0.056599994422867894,zstd-1,2,238.59375,0.18181818181818182,lt_16KiB,C:\Users\ss\Desktop\XAI\XAI\engines\XAI-Compress\results\benchmark_results.json,b2d26822f2e8d5499ddf,PASS
True,44.0,json,11,0.009736337728026423,0.1959000073838979,0.03565137636638404,0.053499999921768904,zstd-3,2,238.59375,0.18181818181818182,lt_16KiB,C:\Users\ss\Desktop\XAI\XAI\engines\XAI-Compress\results\benchmark_results.json,b2d26822f2e8d5499ddf,PASS
True,44.0,json,11,0.008553132498640734,0.22300001000985503,0.042669986369382254,0.04470000567380339,zstd-6,2,238.59375,0.18181818181818182,lt_16KiB,C:\Users\ss\Desktop\XAI\XAI\engines\XAI-Compress\results\benchmark_results.json,b2d26822f2e8d5499ddf,PASS
True,44.0,json,11,0.011832188242575386,0.16119999054353684,0.04466858102144209,0.04270000499673188,zstd-9,2,238.59375,0.18181818181818182,lt_16KiB,C:\Users\ss\Desktop\XAI\XAI\engines\XAI-Compress\results\benchmark_results.json,b2d26822f2e8d5499ddf,PASS
True,24.0,json,6,0.009232084960651013,0.20659998699557036,0.03467906807412799,0.05499999679159373,brotli-1,2,238.59375,0.3333333333333333,lt_16KiB,C:\Users\ss\Desktop\XAI\XAI\engines\XAI-Compress\results\benchmark_results.json,b2d26822f2e8d5499ddf,PASS
True,24.0,json,6,0.009121705932713779,0.20909999147988856,0.03639977883313093,0.052400006097741425,brotli-4,2,238.59375,0.3333333333333333,lt_16KiB,C:\Users\ss\Desktop\XAI\XAI\engines\XAI-Compress\results\benchmark_results.json,b2d26822f2e8d5499ddf,PASS
True,24.0,json,6,0.002969560374928747,0.6423000013455749,0.023664374348910142,0.08060000254772604,brotli-6,2,238.59375,0.3333333333333333,lt_16KiB,C:\Users\ss\Desktop\XAI\XAI\engines\XAI-Compress\results\benchmark_results.json,b2d26822f2e8d5499ddf,PASS
True,24.0,json,6,0.003630279095708423,0.5253999988781288,0.029209019693224175,0.06529998790938407,brotli-9,2,238.59375,0.3333333333333333,lt_16KiB,C:\Users\ss\Desktop\XAI\XAI\engines\XAI-Compress\results\benchmark_results.json,b2d26822f2e8d5499ddf,PASS
True,24.0,json,6,0.003497155506156242,0.5454000056488439,0.03282871671155803,0.05810000584460795,brotli-11,2,238.59375,0.3333333333333333,lt_16KiB,C:\Users\ss\Desktop\XAI\XAI\engines\XAI-Compress\results\benchmark_results.json,b2d26822f2e8d5499ddf,PASS
True,240.0,json,60,0.0025978597466515927,0.7342000026255846,0.01142809313226288,0.16689999029040337,lzma2-0,2,238.59375,0.03333333333333333,lt_16KiB,C:\Users\ss\Desktop\XAI\XAI\engines\XAI-Compress\results\benchmark_results.json,b2d26822f2e8d5499ddf,PASS
True,240.0,json,60,6.640654242330477e-05,28.72229999047704,0.004169979608229601,0.45739999040961266,lzma2-3,2,238.59375,0.03333333333333333,lt_16KiB,C:\Users\ss\Desktop\XAI\XAI\engines\XAI-Compress\results\benchmark_results.json,b2d26822f2e8d5499ddf,PASS
True,240.0,json,60,2.2690944823506682e-05,84.05770000535995,0.0027852637549491493,0.6848000048194081,lzma2-6,2,238.59375,0.03333333333333333,lt_16KiB,C:\Users\ss\Desktop\XAI\XAI\engines\XAI-Compress\results\benchmark_results.json,b2d26822f2e8d5499ddf,PASS
True,148.0,json,37,0.007817002744348132,0.24399999529123306,0.01873623339555778,0.10180000390391797,bzip2-1,2,238.59375,0.05405405405405406,lt_16KiB,C:\Users\ss\Desktop\XAI\XAI\engines\XAI-Compress\results\benchmark_results.json,b2d26822f2e8d5499ddf,PASS
True,148.0,json,37,0.00284593942729551,0.6702000100631267,0.00607435861739382,0.31400000443682075,bzip2-9,2,238.59375,0.05405405405405406,lt_16KiB,C:\Users\ss\Desktop\XAI\XAI\engines\XAI-Compress\results\benchmark_results.json,b2d26822f2e8d5499ddf,PASS
True,8.0,json,31,1.94499375799398,0.015199999324977398,3.9418544187382127,0.007499998901039362,raw,31,238.59375,1.0,lt_16KiB,C:\Users\ss\Desktop\XAI\XAI\apps\public_nextjs\.next\static\webpack\1cde06a0bb489b45.webpack.hot-update.json,215155f5831d7da605e0,PASS
True,12.387096774193548,json,48,0.15137687343797895,0.19530000281520188,0.20863728555950933,0.14170000213198364,gzip-1,31,238.59375,0.6458333333333334,lt_16KiB,C:\Users\ss\Desktop\XAI\XAI\apps\public_nextjs\.next\static\webpack\1cde06a0bb489b45.webpack.hot-update.json,215155f5831d7da605e0,PASS
True,12.387096774193548,json,48,0.16855133607159342,0.1753999968059361,0.20893218149354276,0.14150000060908496,gzip-6,31,238.59375,0.6458333333333334,lt_16KiB,C:\Users\ss\Desktop\XAI\XAI\apps\public_nextjs\.next\static\webpack\1cde06a0bb489b45.webpack.hot-update.json,215155f5831d7da605e0,PASS
True,11.870967741935484,json,46,0.1403794083630809,0.2106000029016286,0.2714775378693885,0.10889999975915998,gzip-9,31,238.59375,0.6739130434782609,lt_16KiB,C:\Users\ss\Desktop\XAI\XAI\apps\public_nextjs\.next\static\webpack\1cde06a0bb489b45.webpack.hot-update.json,215155f5831d7da605e0,PASS
True,9.290322580645162,json,36,0.16769088596152087,0.17630000365898013,0.9181337212639198,0.032199997804127634,deflate-1,31,238.59375,0.8611111111111112,lt_16KiB,C:\Users\ss\Desktop\XAI\XAI\apps\public_nextjs\.next\static\webpack\1cde06a0bb489b45.webpack.hot-update.json,215155f5831d7da605e0,PASS
True,9.290322580645162,json,36,0.10509741738942989,0.2813000028254464,0.9385364195089861,0.0315000070258975,deflate-6,31,238.59375,0.8611111111111112,lt_16KiB,C:\Users\ss\Desktop\XAI\XAI\apps\public_nextjs\.next\static\webpack\1cde06a0bb489b45.webpack.hot-update.json,215155f5831d7da605e0,PASS
True,8.774193548387096,json,34,0.1544613556180884,0.1914000022225082,0.8904792753494871,0.033199990866705775,deflate-9,31,238.59375,0.9117647058823529,lt_16KiB,C:\Users\ss\Desktop\XAI\XAI\apps\public_nextjs\.next\static\webpack\1cde06a0bb489b45.webpack.hot-update.json,215155f5831d7da605e0,PASS
True,10.32258064516129,json,40,0.13555206573489478,0.21809998725075275,0.1493126498185861,0.19799999427050352,zstd-1,31,238.59375,0.775,lt_16KiB,C:\Users\ss\Desktop\XAI\XAI\apps\public_nextjs\.next\static\webpack\1cde06a0bb489b45.webpack.hot-update.json,215155f5831d7da605e0,PASS
True,10.32258064516129,json,40,0.180487801844504,0.1638000103412196,0.7990246281394782,0.036999990697950125,zstd-3,31,238.59375,0.775,lt_16KiB,C:\Users\ss\Desktop\XAI\XAI\apps\public_nextjs\.next\static\webpack\1cde06a0bb489b45.webpack.hot-update.json,215155f5831d7da605e0,PASS
True,10.32258064516129,json,40,0.19073486138455933,0.15500000154133886,0.8011897076563966,0.036900004488416016,zstd-6,31,238.59375,0.775,lt_16KiB,C:\Users\ss\Desktop\XAI\XAI\apps\public_nextjs\.next\static\webpack\1cde06a0bb489b45.webpack.hot-update.json,215155f5831d7da605e0,PASS
True,10.32258064516129,json,40,0.18431361591144887,0.16039999900385737,0.8011897076563966,0.036900004488416016,zstd-9,31,238.59375,0.775,lt_16KiB,C:\Users\ss\Desktop\XAI\XAI\apps\public_nextjs\.next\static\webpack\1cde06a0bb489b45.webpack.hot-update.json,215155f5831d7da605e0,PASS
True,9.03225806451613,json,35,0.1035513247568951,0.2855000057024881,0.36725345531152126,0.0805000017862767,brotli-1,31,238.59375,0.8857142857142857,lt_16KiB,C:\Users\ss\Desktop\XAI\XAI\apps\public_nextjs\.next\static\webpack\1cde06a0bb489b45.webpack.hot-update.json,215155f5831d7da605e0,PASS
True,9.03225806451613,json,35,0.018230192958468446,1.6216999938478693,0.44591109810778995,0.06629999552387744,brotli-4,31,238.59375,0.8857142857142857,lt_16KiB,C:\Users\ss\Desktop\XAI\XAI\apps\public_nextjs\.next\static\webpack\1cde06a0bb489b45.webpack.hot-update.json,215155f5831d7da605e0,PASS
True,9.03225806451613,json,35,0.02697682601870211,1.0959000064758584,0.4760692492993523,0.06210000719875097,brotli-6,31,238.59375,0.8857142857142857,lt_16KiB,C:\Users\ss\Desktop\XAI\XAI\apps\public_nextjs\.next\static\webpack\1cde06a0bb489b45.webpack.hot-update.json,215155f5831d7da605e0,PASS
True,9.03225806451613,json,35,0.019565786835012262,1.5109999949345365,0.5674453290729649,0.052100003813393414,brotli-9,31,238.59375,0.8857142857142857,lt_16KiB,C:\Users\ss\Desktop\XAI\XAI\apps\public_nextjs\.next\static\webpack\1cde06a0bb489b45.webpack.hot-update.json,215155f5831d7da605e0,PASS
True,9.03225806451613,json,35,0.004681684897010841,6.314800004474819,0.5424568756054396,0.054500007536262274,brotli-11,31,238.59375,0.8857142857142857,lt_16KiB,C:\Users\ss\Desktop\XAI\XAI\apps\public_nextjs\.next\static\webpack\1cde06a0bb489b45.webpack.hot-update.json,215155f5831d7da605e0,PASS
True,22.70967741935484,json,88,0.047416044318481884,0.6235000037122518,0.24616073578168202,0.12009999772999436,lzma2-0,31,238.59375,0.3522727272727273,lt_16KiB,C:\Users\ss\Desktop\XAI\XAI\apps\public_nextjs\.next\static\webpack\1cde06a0bb489b45.webpack.hot-update.json,215155f5831d7da605e0,PASS
True,22.70967741935484,json,88,0.0014589660180858556,20.263600003090687,0.07532204685568337,0.39250000554602593,lzma2-3,31,238.59375,0.3522727272727273,lt_16KiB,C:\Users\ss\Desktop\XAI\XAI\apps\public_nextjs\.next\static\webpack\1cde06a0bb489b45.webpack.hot-update.json,215155f5831d7da605e0,PASS
True,22.70967741935484,json,88,0.0008880049203757073,33.29249999660533,0.055105131821633936,0.5365000106394291,lzma2-6,31,238.59375,0.3522727272727273,lt_16KiB,C:\Users\ss\Desktop\XAI\XAI\apps\public_nextjs\.next\static\webpack\1cde06a0bb489b45.webpack.hot-update.json,215155f5831d7da605e0,PASS
True,17.032258064516128,json,66,0.10450301788923673,0.2829000004567206,0.26396340609376995,0.1120000088121742,bzip2-1,31,238.59375,0.4696969696969697,lt_16KiB,C:\Users\ss\Desktop\XAI\XAI\apps\public_nextjs\.next\static\webpack\1cde06a0bb489b45.webpack.hot-update.json,215155f5831d7da605e0,PASS
True,17.032258064516128,json,66,0.04655732960847075,0.6349999894155189,0.10513479228874767,0.2812000020639971,bzip2-9,31,238.59375,0.4696969696969697,lt_16KiB,C:\Users\ss\Desktop\XAI\XAI\apps\public_nextjs\.next\static\webpack\1cde06a0bb489b45.webpack.hot-update.json,215155f5831d7da605e0,PASS
True,8.0,json,87148,4695.524940086407,0.017700003809295595,22462.386546161048,0.0036999990697950125,raw,87148,238.59375,1.0,64KiB_1MiB,C:\Users\ss\Desktop\XAI\XAI\apps\admin_dotnet\obj\project.assets.json,d27dc1d6d4717d80c545,PASS
True,1.1210354798733189,json,12212,44.673623771227874,1.8603999924380332,67.75705974910106,1.226599997607991,gzip-1,87148,238.59375,7.136259416966918,64KiB_1MiB,C:\Users\ss\Desktop\XAI\XAI\apps\admin_dotnet\obj\project.assets.json,d27dc1d6d4717d80c545,PASS
True,0.7967136365722679,json,8679,13.070820050805809,6.358500002534129,110.77010309342333,0.750300008803606,gzip-6,87148,238.59375,10.041248991819334,64KiB_1MiB,C:\Users\ss\Desktop\XAI\XAI\apps\admin_dotnet\obj\project.assets.json,d27dc1d6d4717d80c545,PASS
True,0.7926745306834351,json,8635,6.389109120322082,13.008200010517612,112.57051170588535,0.738300004741177,gzip-9,87148,238.59375,10.092414591777649,64KiB_1MiB,C:\Users\ss\Desktop\XAI\XAI\apps\admin_dotnet\obj\project.assets.json,d27dc1d6d4717d80c545,PASS
True,1.1199339055400008,json,12200,51.941009385989844,1.6001000039977953,137.1691850718533,0.6059000006644055,deflate-1,87148,238.59375,7.14327868852459,64KiB_1MiB,C:\Users\ss\Desktop\XAI\XAI\apps\admin_dotnet\obj\project.assets.json,d27dc1d6d4717d80c545,PASS
True,0.7956120622389499,json,8667,11.438001885817023,7.266200002050027,133.9848592520386,0.6203000084497035,deflate-6,87148,238.59375,10.055151724933657,64KiB_1MiB,C:\Users\ss\Desktop\XAI\XAI\apps\admin_dotnet\obj\project.assets.json,d27dc1d6d4717d80c545,PASS
True,0.791572956350117,json,8623,6.470587129412858,12.844400000176392,138.81878864919508,0.5987000040477142,deflate-9,87148,238.59375,10.106459468862345,64KiB_1MiB,C:\Users\ss\Desktop\XAI\XAI\apps\admin_dotnet\obj\project.assets.json,d27dc1d6d4717d80c545,PASS
True,0.8766695735989352,json,9550,52.64842854894396,1.5786000003572553,117.52094308100143,0.7071999862091616,zstd-1,87148,238.59375,9.12544502617801,64KiB_1MiB,C:\Users\ss\Desktop\XAI\XAI\apps\admin_dotnet\obj\project.assets.json,d27dc1d6d4717d80c545,PASS
True,0.8378390783494745,json,9127,39.537038843569036,2.102099999319762,111.88854314267732,0.7427999953506514,zstd-3,87148,238.59375,9.548372959351376,64KiB_1MiB,C:\Users\ss\Desktop\XAI\XAI\apps\admin_dotnet\obj\project.assets.json,d27dc1d6d4717d80c545,PASS
True,0.7676137146004498,json,8362,8.48511054598195,9.794900004635565,136.47095235786549,0.6089999951655045,zstd-6,87148,238.59375,10.421908634298015,64KiB_1MiB,C:\Users\ss\Desktop\XAI\XAI\apps\admin_dotnet\obj\project.assets.json,d27dc1d6d4717d80c545,PASS
True,0.7463166108229679,json,8130,6.492676909264833,12.800700002117082,154.56725082354856,0.5376999906729907,zstd-9,87148,238.59375,10.719311193111931,64KiB_1MiB,C:\Users\ss\Desktop\XAI\XAI\apps\admin_dotnet\obj\project.assets.json,d27dc1d6d4717d80c545,PASS
True,0.9205489512094368,json,10028,14.328214685969456,5.800500002806075,47.581616383122174,1.7466999997850507,brotli-1,87148,238.59375,8.690466693258875,64KiB_1MiB,C:\Users\ss\Desktop\XAI\XAI\apps\admin_dotnet\obj\project.assets.json,d27dc1d6d4717d80c545,PASS
True,0.8071785927387892,json,8793,6.015504323595397,13.816100006806664,40.42354544052115,2.055999997537583,brotli-4,87148,238.59375,9.911065620379848,64KiB_1MiB,C:\Users\ss\Desktop\XAI\XAI\apps\admin_dotnet\obj\project.assets.json,d27dc1d6d4717d80c545,PASS
True,0.7341992931564695,json,7998,2.5279239759023318,32.87709999131039,57.373194343489935,1.4486000000033528,brotli-6,87148,238.59375,10.896224056014004,64KiB_1MiB,C:\Users\ss\Desktop\XAI\XAI\apps\admin_dotnet\obj\project.assets.json,d27dc1d6d4717d80c545,PASS
True,0.7121678064901088,json,7758,0.8350285522260131,99.53050001058728,66.97083719982174,1.241000005393289,brotli-9,87148,238.59375,11.233307553493168,64KiB_1MiB,C:\Users\ss\Desktop\XAI\XAI\apps\admin_dotnet\obj\project.assets.json,d27dc1d6d4717d80c545,PASS
True,0.671134162574012,json,7311,0.03326138948422224,2498.7172999972245,82.53307786894585,1.0069999989354983,brotli-11,87148,238.59375,11.92012036657092,64KiB_1MiB,C:\Users\ss\Desktop\XAI\XAI\apps\admin_dotnet\obj\project.assets.json,d27dc1d6d4717d80c545,PASS
True,0.7935007114334236,json,8644,4.059869638587444,20.4712999984622,11.890298636703848,6.989799992879853,lzma2-0,87148,238.59375,10.081906524757057,64KiB_1MiB,C:\Users\ss\Desktop\XAI\XAI\apps\admin_dotnet\obj\project.assets.json,d27dc1d6d4717d80c545,PASS
True,0.7424611006563547,json,8088,1.922472874149274,43.2312000048114,12.529897385918124,6.632999997236766,lzma2-3,87148,238.59375,10.774975272007913,64KiB_1MiB,C:\Users\ss\Desktop\XAI\XAI\apps\admin_dotnet\obj\project.assets.json,d27dc1d6d4717d80c545,PASS
True,0.718226465323358,json,7824,0.4077353142558995,203.83519999450073,12.957718940688453,6.414000003132969,lzma2-6,87148,238.59375,11.138548057259714,64KiB_1MiB,C:\Users\ss\Desktop\XAI\XAI\apps\admin_dotnet\obj\project.assets.json,d27dc1d6d4717d80c545,PASS
True,0.7028044246569055,json,7656,1.1175854864823984,74.36640000378247,6.385967245978606,13.014600001042709,bzip2-1,87148,238.59375,11.382967607105538,64KiB_1MiB,C:\Users\ss\Desktop\XAI\XAI\apps\admin_dotnet\obj\project.assets.json,d27dc1d6d4717d80c545,PASS
True,0.7028044246569055,json,7656,1.1279570661018026,73.68260000657756,5.843779001242838,14.222099998733029,bzip2-9,87148,238.59375,11.382967607105538,64KiB_1MiB,C:\Users\ss\Desktop\XAI\XAI\apps\admin_dotnet\obj\project.assets.json,d27dc1d6d4717d80c545,PASS
True,8.0,logs,14,0.9469102993461961,0.01410000550094992,4.045895913993668,0.0032999960239976645,raw,14,238.59375,1.0,lt_16KiB,C:\Users\ss\Desktop\XAI\XAI\engines\XAI-Compress\.test-tmp\final-all\test_package_filter_and_metada0\project\run.log,83006c8d53bccd432146,PASS
True,19.428571428571427,logs,34,0.10325940404896647,0.12929999502375722,0.17227663281860242,0.07750000804662704,gzip-1,14,238.59375,0.4117647058823529,lt_16KiB,C:\Users\ss\Desktop\XAI\XAI\engines\XAI-Compress\.test-tmp\final-all\test_package_filter_and_metada0\project\run.log,83006c8d53bccd432146,PASS
True,19.428571428571427,logs,34,0.13541013447828068,0.09860000864136964,0.23464747280019274,0.056899996707215905,gzip-6,14,238.59375,0.4117647058823529,lt_16KiB,C:\Users\ss\Desktop\XAI\XAI\engines\XAI-Compress\.test-tmp\final-all\test_package_filter_and_metada0\project\run.log,83006c8d53bccd432146,PASS
True,19.428571428571427,logs,34,0.1426435948330129,0.09359999967273325,0.2514395709075682,0.053099996875971556,gzip-9,14,238.59375,0.4117647058823529,lt_16KiB,C:\Users\ss\Desktop\XAI\XAI\engines\XAI-Compress\.test-tmp\final-all\test_package_filter_and_metada0\project\run.log,83006c8d53bccd432146,PASS
True,12.571428571428571,logs,22,0.14607703281027104,0.09139999747276306,0.6238990015619507,0.021400002879090607,deflate-1,14,238.59375,0.6363636363636364,lt_16KiB,C:\Users\ss\Desktop\XAI\XAI\engines\XAI-Compress\.test-tmp\final-all\test_package_filter_and_metada0\project\run.log,83006c8d53bccd432146,PASS
True,12.571428571428571,logs,22,0.1382136784698374,0.0965999934123829,0.9336676544335537,0.014299992471933365,deflate-6,14,238.59375,0.6363636363636364,lt_16KiB,C:\Users\ss\Desktop\XAI\XAI\engines\XAI-Compress\.test-tmp\final-all\test_package_filter_and_metada0\project\run.log,83006c8d53bccd432146,PASS
True,12.571428571428571,logs,22,0.10672614922332782,0.12509999214671552,0.6675722812100504,0.01999999221879989,deflate-9,14,238.59375,0.6363636363636364,lt_16KiB,C:\Users\ss\Desktop\XAI\XAI\engines\XAI-Compress\.test-tmp\final-all\test_package_filter_and_metada0\project\run.log,83006c8d53bccd432146,PASS
True,13.142857142857142,logs,23,0.11691277707729525,0.11420001101214439,0.5362024177217779,0.024900000425986946,zstd-1,14,238.59375,0.6086956521739131,lt_16KiB,C:\Users\ss\Desktop\XAI\XAI\engines\XAI-Compress\.test-tmp\final-all\test_package_filter_and_metada0\project\run.log,83006c8d53bccd432146,PASS
True,13.142857142857142,logs,23,0.1513768718266679,0.08820000221021473,0.7853789190665202,0.016999998479150236,zstd-3,14,238.59375,0.6086956521739131,lt_16KiB,C:\Users\ss\Desktop\XAI\XAI\engines\XAI-Compress\.test-tmp\final-all\test_package_filter_and_metada0\project\run.log,83006c8d53bccd432146,PASS
True,13.142857142857142,logs,23,0.15932506895663112,0.08379999781027436,0.890096159069919,0.014999997802078724,zstd-6,14,238.59375,0.6086956521739131,lt_16KiB,C:\Users\ss\Desktop\XAI\XAI\engines\XAI-Compress\.test-tmp\final-all\test_package_filter_and_metada0\project\run.log,83006c8d53bccd432146,PASS
True,13.142857142857142,logs,23,0.16203204070297758,0.08240000170189887,0.8613831640930121,0.015500001609325409,zstd-9,14,238.59375,0.6086956521739131,lt_16KiB,C:\Users\ss\Desktop\XAI\XAI\engines\XAI-Compress\.test-tmp\final-all\test_package_filter_and_metada0\project\run.log,83006c8d53bccd432146,PASS
True,10.285714285714286,logs,18,0.04783747903893333,0.27910000062547624,0.2816759754926085,0.04739999712910503,brotli-1,14,238.59375,0.7777777777777778,lt_16KiB,C:\Users\ss\Desktop\XAI\XAI\engines\XAI-Compress\.test-tmp\final-all\test_package_filter_and_metada0\project\run.log,83006c8d53bccd432146,PASS
True,10.285714285714286,logs,18,0.04154150691555543,0.32140000257641077,0.2865115628380353,0.046600005589425564,brotli-4,14,238.59375,0.7777777777777778,lt_16KiB,C:\Users\ss\Desktop\XAI\XAI\engines\XAI-Compress\.test-tmp\final-all\test_package_filter_and_metada0\project\run.log,83006c8d53bccd432146,PASS
True,10.285714285714286,logs,18,0.0319488886866919,0.41789999522734433,0.5754930715326929,0.023200002033263445,brotli-6,14,238.59375,0.7777777777777778,lt_16KiB,C:\Users\ss\Desktop\XAI\XAI\engines\XAI-Compress\.test-tmp\final-all\test_package_filter_and_metada0\project\run.log,83006c8d53bccd432146,PASS
True,10.285714285714286,logs,18,0.024988659147350902,0.5342999938875437,0.5563098295728772,0.02400000812485814,brotli-9,14,238.59375,0.7777777777777778,lt_16KiB,C:\Users\ss\Desktop\XAI\XAI\engines\XAI-Compress\.test-tmp\final-all\test_package_filter_and_metada0\project\run.log,83006c8d53bccd432146,PASS
True,10.285714285714286,logs,18,0.007487768732093855,1.78310000046622,0.6041377493909265,0.022099993657320738,brotli-11,14,238.59375,0.7777777777777778,lt_16KiB,C:\Users\ss\Desktop\XAI\XAI\engines\XAI-Compress\.test-tmp\final-all\test_package_filter_and_metada0\project\run.log,83006c8d53bccd432146,PASS
True,41.142857142857146,logs,72,0.034823788791206844,0.3833999944617972,0.2163928611186059,0.061700004152953625,lzma2-0,14,238.59375,0.19444444444444445,lt_16KiB,C:\Users\ss\Desktop\XAI\XAI\engines\XAI-Compress\.test-tmp\final-all\test_package_filter_and_metada0\project\run.log,83006c8d53bccd432146,PASS
True,41.142857142857146,logs,72,0.0012172308861007532,10.968700007651933,0.020607254858568704,0.647900000330992,lzma2-3,14,238.59375,0.19444444444444445,lt_16KiB,C:\Users\ss\Desktop\XAI\XAI\engines\XAI-Compress\.test-tmp\final-all\test_package_filter_and_metada0\project\run.log,83006c8d53bccd432146,PASS
True,41.142857142857146,logs,72,0.0005806716113002623,22.993100006715395,0.0720531056166702,0.18529999942984432,lzma2-6,14,238.59375,0.19444444444444445,lt_16KiB,C:\Users\ss\Desktop\XAI\XAI\engines\XAI-Compress\.test-tmp\final-all\test_package_filter_and_metada0\project\run.log,83006c8d53bccd432146,PASS
True,29.714285714285715,logs,52,0.08018883054430367,0.16650000179652125,0.22629560761523945,0.058999998145736754,bzip2-1,14,238.59375,0.2692307692307692,lt_16KiB,C:\Users\ss\Desktop\XAI\XAI\engines\XAI-Compress\.test-tmp\final-all\test_package_filter_and_metada0\project\run.log,83006c8d53bccd432146,PASS
True,29.714285714285715,logs,52,0.042251393081070975,0.31600000511389226,0.1010707058934595,0.13210000179242343,bzip2-9,14,238.59375,0.2692307692307692,lt_16KiB,C:\Users\ss\Desktop\XAI\XAI\engines\XAI-Compress\.test-tmp\final-all\test_package_filter_and_metada0\project\run.log,83006c8d53bccd432146,PASS
True,8.0,logs,2817,109.65309537088679,0.024499997380189598,706.9738601637473,0.0037999998312443495,raw,2817,238.59375,1.0,lt_16KiB,C:\Users\ss\Desktop\XAI\XAI\engines\XAI-Compress\phase_g_run.log,cd260a4c13627b0f1896,PASS
True,2.6127085552005678,logs,920,8.263612844394952,0.3251000016462058,3.9437765429062437,0.6811999919591472,gzip-1,2817,238.59375,3.0619565217391305,lt_16KiB,C:\Users\ss\Desktop\XAI\XAI\engines\XAI-Compress\phase_g_run.log,cd260a4c13627b0f1896,PASS
True,1.865814696485623,logs,657,2.913459028783297,0.9220999927492812,7.717611412447092,0.34810000215657055,gzip-6,2817,238.59375,4.287671232876712,lt_16KiB,C:\Users\ss\Desktop\XAI\XAI\engines\XAI-Compress\phase_g_run.log,cd260a4c13627b0f1896,PASS
True,1.8487752928647498,logs,651,2.9096724183112803,0.9233000018866733,12.624532353905579,0.2128000051015988,gzip-9,2817,238.59375,4.3271889400921655,lt_16KiB,C:\Users\ss\Desktop\XAI\XAI\engines\XAI-Compress\phase_g_run.log,cd260a4c13627b0f1896,PASS
True,2.5786297479588214,logs,908,7.223717642286059,0.3718999942066148,7.691097802615046,0.3493000112939626,deflate-1,2817,238.59375,3.102422907488987,lt_16KiB,C:\Users\ss\Desktop\XAI\XAI\engines\XAI-Compress\phase_g_run.log,cd260a4c13627b0f1896,PASS
True,1.8317358892438764,logs,645,3.554512537790119,0.7557999924756587,22.59462134791609,0.11890000314451754,deflate-6,2817,238.59375,4.367441860465116,lt_16KiB,C:\Users\ss\Desktop\XAI\XAI\engines\XAI-Compress\phase_g_run.log,cd260a4c13627b0f1896,PASS
True,1.8146964856230032,logs,639,3.605557046574058,0.745099998312071,23.837626966106434,0.11269999959040433,deflate-9,2817,238.59375,4.408450704225352,lt_16KiB,C:\Users\ss\Desktop\XAI\XAI\engines\XAI-Compress\phase_g_run.log,cd260a4c13627b0f1896,PASS
True,2.0248491302804403,logs,713,7.802789808807361,0.3443000023253262,18.287954966527128,0.14689999807160348,zstd-1,2817,238.59375,3.950911640953717,lt_16KiB,C:\Users\ss\Desktop\XAI\XAI\engines\XAI-Compress\phase_g_run.log,cd260a4c13627b0f1896,PASS
True,2.0362087326943556,logs,717,6.858566640434582,0.39169999945443124,14.64831273954325,0.18339999951422215,zstd-3,2817,238.59375,3.928870292887029,lt_16KiB,C:\Users\ss\Desktop\XAI\XAI\engines\XAI-Compress\phase_g_run.log,cd260a4c13627b0f1896,PASS
True,1.8345757898473554,logs,646,2.4803808718912057,1.0831000108737499,25.06063913314025,0.10720000136643648,zstd-6,2817,238.59375,4.360681114551084,lt_16KiB,C:\Users\ss\Desktop\XAI\XAI\engines\XAI-Compress\phase_g_run.log,cd260a4c13627b0f1896,PASS
True,1.8317358892438764,logs,645,1.3586711961959161,1.9772999949054793,17.639529687481637,0.15230001008603722,zstd-9,2817,238.59375,4.367441860465116,lt_16KiB,C:\Users\ss\Desktop\XAI\XAI\engines\XAI-Compress\phase_g_run.log,cd260a4c13627b0f1896,PASS
True,2.1100461483848068,logs,743,4.896119083517358,0.5487000016728416,9.63594176937302,0.27879999834112823,brotli-1,2817,238.59375,3.791386271870794,lt_16KiB,C:\Users\ss\Desktop\XAI\XAI\engines\XAI-Compress\phase_g_run.log,cd260a4c13627b0f1896,PASS
True,1.8516151934682286,logs,652,1.5079991956135765,1.7814999882830307,13.399005316711007,0.20049999875482172,brotli-4,2817,238.59375,4.320552147239264,lt_16KiB,C:\Users\ss\Desktop\XAI\XAI\engines\XAI-Compress\phase_g_run.log,cd260a4c13627b0f1896,PASS
True,1.6727014554490593,logs,589,0.22426002538088022,11.979400005657226,3.988864922101989,0.6735000060871243,brotli-6,2817,238.59375,4.782682512733446,lt_16KiB,C:\Users\ss\Desktop\XAI\XAI\engines\XAI-Compress\phase_g_run.log,cd260a4c13627b0f1896,PASS
True,1.6585019524316649,logs,584,0.15365216505833046,17.484299998614006,11.446529957198024,0.23469999723602086,brotli-9,2817,238.59375,4.823630136986301,lt_16KiB,C:\Users\ss\Desktop\XAI\XAI\engines\XAI-Compress\phase_g_run.log,cd260a4c13627b0f1896,PASS
True,1.5108271210507633,logs,532,0.03259497370707003,82.42069999687374,3.673093470787985,0.7313999958569184,brotli-11,2817,238.59375,5.295112781954887,lt_16KiB,C:\Users\ss\Desktop\XAI\XAI\engines\XAI-Compress\phase_g_run.log,cd260a4c13627b0f1896,PASS
True,2.1128860489882855,logs,744,0.8868094497410911,3.0294000025605783,2.4872701998831723,1.080100002582185,lzma2-0,2817,238.59375,3.786290322580645,lt_16KiB,C:\Users\ss\Desktop\XAI\XAI\engines\XAI-Compress\phase_g_run.log,cd260a4c13627b0f1896,PASS
True,2.0447284345047922,logs,720,0.11281086700917951,23.814200001652353,2.7404881679925466,0.9802999993553385,lzma2-3,2817,238.59375,3.9125,lt_16KiB,C:\Users\ss\Desktop\XAI\XAI\engines\XAI-Compress\phase_g_run.log,cd260a4c13627b0f1896,PASS
True,1.9084132055378062,logs,672,0.04167656492610121,64.46070001402404,1.115054395129285,2.4092999956337735,lzma2-6,2817,238.59375,4.191964285714286,lt_16KiB,C:\Users\ss\Desktop\XAI\XAI\engines\XAI-Compress\phase_g_run.log,cd260a4c13627b0f1896,PASS
True,1.9623713170039048,logs,691,0.23295242513754194,11.532400007126853,2.1604347080136255,1.243499995325692,bzip2-1,2817,238.59375,4.076700434153401,lt_16KiB,C:\Users\ss\Desktop\XAI\XAI\engines\XAI-Compress\phase_g_run.log,cd260a4c13627b0f1896,PASS
True,1.9623713170039048,logs,691,0.5073655432781393,5.294999995385297,0.44477013207856675,6.040199994458817,bzip2-9,2817,238.59375,4.076700434153401,lt_16KiB,C:\Users\ss\Desktop\XAI\XAI\engines\XAI-Compress\phase_g_run.log,cd260a4c13627b0f1896,PASS
True,8.0,markdown,66,3.4968074699866607,0.017999991541728377,14.30510044118717,0.0044000043999403715,raw,66,238.59375,1.0,lt_16KiB,C:\Users\ss\Desktop\XAI\XAI\tools\qt_inspector\README.md,aedca929aa742fd71e9b,PASS
True,10.424242424242424,markdown,86,0.33075410887065815,0.19029999384656549,0.44671757737147166,0.14089999604038894,gzip-1,66,238.59375,0.7674418604651163,lt_16KiB,C:\Users\ss\Desktop\XAI\XAI\tools\qt_inspector\README.md,aedca929aa742fd71e9b,PASS
True,10.424242424242424,markdown,86,0.2830148716784712,0.22239999088924378,0.5076008526953023,0.12399999832268804,gzip-6,66,238.59375,0.7674418604651163,lt_16KiB,C:\Users\ss\Desktop\XAI\XAI\tools\qt_inspector\README.md,aedca929aa742fd71e9b,PASS
True,10.181818181818182,markdown,84,0.3045114107931287,0.2066999877570197,0.558000928071612,0.11280000035185367,gzip-9,66,238.59375,0.7857142857142857,lt_16KiB,C:\Users\ss\Desktop\XAI\XAI\tools\qt_inspector\README.md,aedca929aa742fd71e9b,PASS
True,8.969696969696969,markdown,74,0.39314494798576405,0.16009999671950936,1.9426699441413045,0.03239999932702631,deflate-1,66,238.59375,0.8918918918918919,lt_16KiB,C:\Users\ss\Desktop\XAI\XAI\tools\qt_inspector\README.md,aedca929aa742fd71e9b,PASS
True,8.969696969696969,markdown,74,0.013006530869960781,4.8393000033684075,0.7475356798440422,0.08420000085607171,deflate-6,66,238.59375,0.8918918918918919,lt_16KiB,C:\Users\ss\Desktop\XAI\XAI\tools\qt_inspector\README.md,aedca929aa742fd71e9b,PASS
True,8.727272727272727,markdown,72,0.2384185772394157,0.2640000020619482,1.7581700037152086,0.03580001066438854,deflate-9,66,238.59375,0.9166666666666666,lt_16KiB,C:\Users\ss\Desktop\XAI\XAI\tools\qt_inspector\README.md,aedca929aa742fd71e9b,PASS
True,9.090909090909092,markdown,75,0.2602005072175452,0.24190000840462744,1.314039742221485,0.047900000936351717,zstd-1,66,238.59375,0.88,lt_16KiB,C:\Users\ss\Desktop\XAI\XAI\tools\qt_inspector\README.md,aedca929aa742fd71e9b,PASS
True,9.090909090909092,markdown,75,0.2841648094086706,0.22149999858811498,1.4809999938368363,0.0425000034738332,zstd-3,66,238.59375,0.88,lt_16KiB,C:\Users\ss\Desktop\XAI\XAI\tools\qt_inspector\README.md,aedca929aa742fd71e9b,PASS
True,9.090909090909092,markdown,75,0.27618476476339443,0.22789998911321163,1.5775064580965,0.03989999822806567,zstd-6,66,238.59375,0.88,lt_16KiB,C:\Users\ss\Desktop\XAI\XAI\tools\qt_inspector\README.md,aedca929aa742fd71e9b,PASS
True,9.090909090909092,markdown,75,0.26921517310462384,0.23379999038297683,1.5203505395105634,0.041399995097890496,zstd-9,66,238.59375,0.88,lt_16KiB,C:\Users\ss\Desktop\XAI\XAI\tools\qt_inspector\README.md,aedca929aa742fd71e9b,PASS
True,8.484848484848484,markdown,70,0.26182406685842424,0.2403999969828874,0.8121614214987948,0.07749999349471182,brotli-1,66,238.59375,0.9428571428571428,lt_16KiB,C:\Users\ss\Desktop\XAI\XAI\tools\qt_inspector\README.md,aedca929aa742fd71e9b,PASS
True,8.242424242424242,markdown,68,0.036246763644406634,1.7364999948767945,0.570648222456677,0.1103000104194507,brotli-4,66,238.59375,0.9705882352941176,lt_16KiB,C:\Users\ss\Desktop\XAI\XAI\tools\qt_inspector\README.md,aedca929aa742fd71e9b,PASS
True,8.484848484848484,markdown,70,0.017363928643130633,3.624899996793829,0.8729890200646905,0.0720999960321933,brotli-6,66,238.59375,0.9428571428571428,lt_16KiB,C:\Users\ss\Desktop\XAI\XAI\tools\qt_inspector\README.md,aedca929aa742fd71e9b,PASS
True,8.484848484848484,markdown,70,0.02453038101767403,2.5659000093583018,1.0284722961970996,0.06120000034570694,brotli-9,66,238.59375,0.9428571428571428,lt_16KiB,C:\Users\ss\Desktop\XAI\XAI\tools\qt_inspector\README.md,aedca929aa742fd71e9b,PASS
True,7.636363636363637,markdown,63,0.0070202104449518105,8.96590000775177,0.3428240987323665,0.18360000103712082,brotli-11,66,238.59375,1.0476190476190477,lt_16KiB,C:\Users\ss\Desktop\XAI\XAI\tools\qt_inspector\README.md,aedca929aa742fd71e9b,PASS
True,15.030303030303031,markdown,124,0.08365564065125042,0.7524000102421269,0.5214789666330699,0.12069998774677515,lzma2-0,66,238.59375,0.532258064516129,lt_16KiB,C:\Users\ss\Desktop\XAI\XAI\tools\qt_inspector\README.md,aedca929aa742fd71e9b,PASS
True,15.030303030303031,markdown,124,0.00355075761720871,17.726499994751066,0.18291922329564975,0.34410000080242753,lzma2-3,66,238.59375,0.532258064516129,lt_16KiB,C:\Users\ss\Desktop\XAI\XAI\tools\qt_inspector\README.md,aedca929aa742fd71e9b,PASS
True,15.030303030303031,markdown,124,0.0015970107325890047,39.412699989043176,0.17113241910274743,0.36780000664293766,lzma2-6,66,238.59375,0.532258064516129,lt_16KiB,C:\Users\ss\Desktop\XAI\XAI\tools\qt_inspector\README.md,aedca929aa742fd71e9b,PASS
True,12.121212121212121,markdown,100,0.17358660514302232,0.3626000107033178,0.47325193742895,0.13299999409355223,bzip2-1,66,238.59375,0.66,lt_16KiB,C:\Users\ss\Desktop\XAI\XAI\tools\qt_inspector\README.md,aedca929aa742fd71e9b,PASS
True,12.121212121212121,markdown,100,0.053156410095954405,1.184099994134158,0.23591644015202934,0.26679999427869916,bzip2-9,66,238.59375,0.66,lt_16KiB,C:\Users\ss\Desktop\XAI\XAI\tools\qt_inspector\README.md,aedca929aa742fd71e9b,PASS
True,8.0,markdown,448,20.74010487270251,0.02059999678749591,87.19319325859381,0.004899993655271828,raw,448,238.59375,1.0,lt_16KiB,C:\Users\ss\Desktop\XAI\XAI\engines\XAI-Compress\reports\experiment_report.md,81a445cc02e5ab1cabd2,PASS
True,6.946428571428571,markdown,389,1.2227993611984047,0.3493999975034967,2.194381436391281,0.19470001279842108,gzip-1,448,238.59375,1.1516709511568124,lt_16KiB,C:\Users\ss\Desktop\XAI\XAI\engines\XAI-Compress\reports\experiment_report.md,81a445cc02e5ab1cabd2,PASS
True,5.178571428571429,markdown,290,0.8735352579428882,0.48909999895840883,1.8657034866135087,0.22899999748915434,gzip-6,448,238.59375,1.5448275862068965,lt_16KiB,C:\Users\ss\Desktop\XAI\XAI\engines\XAI-Compress\reports\experiment_report.md,81a445cc02e5ab1cabd2,PASS
True,5.178571428571429,markdown,290,0.9233760367728501,0.46270000166259706,1.1831794367211919,0.36109999928157777,gzip-9,448,238.59375,1.5448275862068965,lt_16KiB,C:\Users\ss\Desktop\XAI\XAI\engines\XAI-Compress\reports\experiment_report.md,81a445cc02e5ab1cabd2,PASS
True,6.732142857142857,markdown,377,1.3685013018417822,0.3121999907307327,7.061919486771947,0.06049999501556158,deflate-1,448,238.59375,1.1883289124668435,lt_16KiB,C:\Users\ss\Desktop\XAI\XAI\engines\XAI-Compress\reports\experiment_report.md,81a445cc02e5ab1cabd2,PASS
True,4.964285714285714,markdown,278,0.9462814845106386,0.4515000036917627,4.026824900811067,0.10609999299049377,deflate-6,448,238.59375,1.6115107913669064,lt_16KiB,C:\Users\ss\Desktop\XAI\XAI\engines\XAI-Compress\reports\experiment_report.md,81a445cc02e5ab1cabd2,PASS
True,4.964285714285714,markdown,278,0.9285939949517726,0.4600999964168295,3.9125099428091086,0.109200002043508,deflate-9,448,238.59375,1.6115107913669064,lt_16KiB,C:\Users\ss\Desktop\XAI\XAI\engines\XAI-Compress\reports\experiment_report.md,81a445cc02e5ab1cabd2,PASS
True,5.196428571428571,markdown,291,1.14145363642372,0.37429999792948365,3.72165583554612,0.11480000102892518,zstd-1,448,238.59375,1.5395189003436427,lt_16KiB,C:\Users\ss\Desktop\XAI\XAI\engines\XAI-Compress\reports\experiment_report.md,81a445cc02e5ab1cabd2,PASS
True,5.214285714285714,markdown,292,1.3477794833050971,0.3169999981764704,4.441228030500938,0.09619999036658555,zstd-3,448,238.59375,1.5342465753424657,lt_16KiB,C:\Users\ss\Desktop\XAI\XAI\engines\XAI-Compress\reports\experiment_report.md,81a445cc02e5ab1cabd2,PASS
True,5.232142857142857,markdown,293,0.8812832051866292,0.4847999953199178,1.4260550685083875,0.2995999966515228,zstd-6,448,238.59375,1.52901023890785,lt_16KiB,C:\Users\ss\Desktop\XAI\XAI\engines\XAI-Compress\reports\experiment_report.md,81a445cc02e5ab1cabd2,PASS
True,5.232142857142857,markdown,293,0.8510878440864886,0.5019999953219667,3.7281509213927375,0.1145999995060265,zstd-9,448,238.59375,1.52901023890785,lt_16KiB,C:\Users\ss\Desktop\XAI\XAI\engines\XAI-Compress\reports\experiment_report.md,81a445cc02e5ab1cabd2,PASS
True,5.321428571428571,markdown,298,0.6733586976235404,0.6345000001601875,2.0077354921228183,0.21279999054968357,brotli-1,448,238.59375,1.5033557046979866,lt_16KiB,C:\Users\ss\Desktop\XAI\XAI\engines\XAI-Compress\reports\experiment_report.md,81a445cc02e5ab1cabd2,PASS
True,4.839285714285714,markdown,271,0.06076000019411659,7.031700006336905,2.273795190030288,0.18789999012369663,brotli-4,448,238.59375,1.6531365313653137,lt_16KiB,C:\Users\ss\Desktop\XAI\XAI\engines\XAI-Compress\reports\experiment_report.md,81a445cc02e5ab1cabd2,PASS
True,4.446428571428571,markdown,249,0.06635080356687528,6.439199991291389,1.8134383970065056,0.2356000040890649,brotli-6,448,238.59375,1.7991967871485943,lt_16KiB,C:\Users\ss\Desktop\XAI\XAI\engines\XAI-Compress\reports\experiment_report.md,81a445cc02e5ab1cabd2,PASS
True,4.392857142857143,markdown,246,0.036159491976131636,11.815600009867921,1.9544652846607031,0.21859999105799943,brotli-9,448,238.59375,1.8211382113821137,lt_16KiB,C:\Users\ss\Desktop\XAI\XAI\engines\XAI-Compress\reports\experiment_report.md,81a445cc02e5ab1cabd2,PASS
True,3.6964285714285716,markdown,207,0.016903432695572478,25.275699998019263,1.2543925658253088,0.34059998870361596,brotli-11,448,238.59375,2.1642512077294684,lt_16KiB,C:\Users\ss\Desktop\XAI\XAI\engines\XAI-Compress\reports\experiment_report.md,81a445cc02e5ab1cabd2,PASS
True,6.714285714285714,markdown,376,0.3094640676998182,1.3806000060867518,0.9926721437631841,0.4304000030970201,lzma2-0,448,238.59375,1.1914893617021276,lt_16KiB,C:\Users\ss\Desktop\XAI\XAI\engines\XAI-Compress\reports\experiment_report.md,81a445cc02e5ab1cabd2,PASS
True,6.785714285714286,markdown,380,0.017509942277516267,24.400200010859407,0.2106840048130752,2.027900001849048,lzma2-3,448,238.59375,1.1789473684210525,lt_16KiB,C:\Users\ss\Desktop\XAI\XAI\engines\XAI-Compress\reports\experiment_report.md,81a445cc02e5ab1cabd2,PASS
True,6.642857142857143,markdown,372,0.00953787153002019,44.79469999205321,0.3749417221018651,1.139500003773719,lzma2-6,448,238.59375,1.2043010752688172,lt_16KiB,C:\Users\ss\Desktop\XAI\XAI\engines\XAI-Compress\reports\experiment_report.md,81a445cc02e5ab1cabd2,PASS
True,5.75,markdown,322,0.31865013099654116,1.3407999940682203,1.032743743344882,0.41370000690221786,bzip2-1,448,238.59375,1.391304347826087,lt_16KiB,C:\Users\ss\Desktop\XAI\XAI\engines\XAI-Compress\reports\experiment_report.md,81a445cc02e5ab1cabd2,PASS
True,5.75,markdown,322,0.15619716049589935,2.7353000041330233,0.5186284210491917,0.8238000009441748,bzip2-9,448,238.59375,1.391304347826087,lt_16KiB,C:\Users\ss\Desktop\XAI\XAI\engines\XAI-Compress\reports\experiment_report.md,81a445cc02e5ab1cabd2,PASS
True,8.0,model,1064,51.50808332853194,0.019700004486367106,235.978747453417,0.0043000036384910345,raw,1064,238.59375,1.0,lt_16KiB,C:\Users\ss\Desktop\XAI\XAI\engines\XAI-Compress\data\test\archive\results\checkpoint-140\scheduler.pt,b09d33b1dd2c5da1b94b,PASS
True,3.9097744360902253,model,520,3.71144648644966,0.2734000008786097,6.888726849686225,0.14730000111740083,gzip-1,1064,238.59375,2.046153846153846,lt_16KiB,C:\Users\ss\Desktop\XAI\XAI\engines\XAI-Compress\data\test\archive\results\checkpoint-140\scheduler.pt,b09d33b1dd2c5da1b94b,PASS
True,3.7669172932330826,model,501,1.3012432314373321,0.7798000006005168,4.098180287762351,0.24760000815149397,gzip-6,1064,238.59375,2.12375249500998,lt_16KiB,C:\Users\ss\Desktop\XAI\XAI\engines\XAI-Compress\data\test\archive\results\checkpoint-140\scheduler.pt,b09d33b1dd2c5da1b94b,PASS
True,3.6842105263157894,model,490,1.6502023979918214,0.6149000109871849,7.191420908431427,0.14109999756328762,gzip-9,1064,238.59375,2.1714285714285713,lt_16KiB,C:\Users\ss\Desktop\XAI\XAI\engines\XAI-Compress\data\test\archive\results\checkpoint-140\scheduler.pt,b09d33b1dd2c5da1b94b,PASS
True,3.819548872180451,model,508,4.513832281922909,0.22479999461211264,19.43887708288207,0.05220000457484275,deflate-1,1064,238.59375,2.094488188976378,lt_16KiB,C:\Users\ss\Desktop\XAI\XAI\engines\XAI-Compress\data\test\archive\results\checkpoint-140\scheduler.pt,b09d33b1dd2c5da1b94b,PASS
True,3.6766917293233083,model,489,1.4674034362048873,0.6914999976288527,9.14977098116793,0.11089998588431627,deflate-6,1064,238.59375,2.1758691206543967,lt_16KiB,C:\Users\ss\Desktop\XAI\XAI\engines\XAI-Compress\data\test\archive\results\checkpoint-140\scheduler.pt,b09d33b1dd2c5da1b94b,PASS
True,3.593984962406015,model,478,1.944633000855434,0.5217999860178679,20.37569187342756,0.04980000085197389,deflate-9,1064,238.59375,2.225941422594142,lt_16KiB,C:\Users\ss\Desktop\XAI\XAI\engines\XAI-Compress\data\test\archive\results\checkpoint-140\scheduler.pt,b09d33b1dd2c5da1b94b,PASS
True,3.8345864661654137,model,510,3.623962493892743,0.27999999292660505,9.404166325571008,0.10789999214466661,zstd-1,1064,238.59375,2.0862745098039217,lt_16KiB,C:\Users\ss\Desktop\XAI\XAI\engines\XAI-Compress\data\test\archive\results\checkpoint-140\scheduler.pt,b09d33b1dd2c5da1b94b,PASS
True,3.7669172932330826,model,501,3.733294756657756,0.2717999886954203,11.375667336674727,0.08919999527279288,zstd-3,1064,238.59375,2.12375249500998,lt_16KiB,C:\Users\ss\Desktop\XAI\XAI\engines\XAI-Compress\data\test\archive\results\checkpoint-140\scheduler.pt,b09d33b1dd2c5da1b94b,PASS
True,3.691729323308271,model,491,2.6759216644904673,0.3791999915847555,11.85408304485917,0.0855999969644472,zstd-6,1064,238.59375,2.1670061099796336,lt_16KiB,C:\Users\ss\Desktop\XAI\XAI\engines\XAI-Compress\data\test\archive\results\checkpoint-140\scheduler.pt,b09d33b1dd2c5da1b94b,PASS
True,3.699248120300752,model,492,2.042902104839181,0.49669999862089753,11.771571399173377,0.08620000153314322,zstd-9,1064,238.59375,2.16260162601626,lt_16KiB,C:\Users\ss\Desktop\XAI\XAI\engines\XAI-Compress\data\test\archive\results\checkpoint-140\scheduler.pt,b09d33b1dd2c5da1b94b,PASS
True,4.015037593984962,model,534,1.8574217032107176,0.5462999979499727,3.531881153856946,0.28730000485666096,brotli-1,1064,238.59375,1.9925093632958801,lt_16KiB,C:\Users\ss\Desktop\XAI\XAI\engines\XAI-Compress\data\test\archive\results\checkpoint-140\scheduler.pt,b09d33b1dd2c5da1b94b,PASS
True,3.6165413533834587,model,481,1.169154822284044,0.8679000020492822,4.84117125702307,0.20959999528713524,brotli-4,1064,238.59375,2.212058212058212,lt_16KiB,C:\Users\ss\Desktop\XAI\XAI\engines\XAI-Compress\data\test\archive\results\checkpoint-140\scheduler.pt,b09d33b1dd2c5da1b94b,PASS
True,3.330827067669173,model,443,0.18874453085466855,5.376100001740269,5.954868222321171,0.1703999878372997,brotli-6,1064,238.59375,2.401805869074492,lt_16KiB,C:\Users\ss\Desktop\XAI\XAI\engines\XAI-Compress\data\test\archive\results\checkpoint-140\scheduler.pt,b09d33b1dd2c5da1b94b,PASS
True,3.3157894736842106,model,441,0.10239557928859917,9.90970000566449,4.784108787127023,0.21209999977145344,brotli-9,1064,238.59375,2.4126984126984126,lt_16KiB,C:\Users\ss\Desktop\XAI\XAI\engines\XAI-Compress\data\test\archive\results\checkpoint-140\scheduler.pt,b09d33b1dd2c5da1b94b,PASS
True,3.4285714285714284,model,456,0.03577896978689804,28.360500000417233,2.898341921221972,0.35009998828172684,brotli-11,1064,238.59375,2.3333333333333335,lt_16KiB,C:\Users\ss\Desktop\XAI\XAI\engines\XAI-Compress\data\test\archive\results\checkpoint-140\scheduler.pt,b09d33b1dd2c5da1b94b,PASS
True,3.8796992481203008,model,516,0.6066296827455426,1.6727000038372353,1.8801361155451717,0.5397000059019774,lzma2-0,1064,238.59375,2.062015503875969,lt_16KiB,C:\Users\ss\Desktop\XAI\XAI\engines\XAI-Compress\data\test\archive\results\checkpoint-140\scheduler.pt,b09d33b1dd2c5da1b94b,PASS
True,3.819548872180451,model,508,0.059942313240926595,16.928099998040125,1.6620957999906563,0.6104999920353293,lzma2-3,1064,238.59375,2.094488188976378,lt_16KiB,C:\Users\ss\Desktop\XAI\XAI\engines\XAI-Compress\data\test\archive\results\checkpoint-140\scheduler.pt,b09d33b1dd2c5da1b94b,PASS
True,3.7293233082706765,model,496,0.025697109514973008,39.4873000041116,1.204117092028284,0.8426999993389472,lzma2-6,1064,238.59375,2.1451612903225805,lt_16KiB,C:\Users\ss\Desktop\XAI\XAI\engines\XAI-Compress\data\test\archive\results\checkpoint-140\scheduler.pt,b09d33b1dd2c5da1b94b,PASS
True,4.135338345864661,model,550,0.3525622711597442,2.8781000000890344,1.628485751197141,0.6231000006664544,bzip2-1,1064,238.59375,1.9345454545454546,lt_16KiB,C:\Users\ss\Desktop\XAI\XAI\engines\XAI-Compress\data\test\archive\results\checkpoint-140\scheduler.pt,b09d33b1dd2c5da1b94b,PASS
True,4.135338345864661,model,550,0.31721566634410864,3.1987999973353,1.2675945740862624,0.8005000127013773,bzip2-9,1064,238.59375,1.9345454545454546,lt_16KiB,C:\Users\ss\Desktop\XAI\XAI\engines\XAI-Compress\data\test\archive\results\checkpoint-140\scheduler.pt,b09d33b1dd2c5da1b94b,PASS
True,8.0,model,28010,1451.7622532698322,0.018399994587525725,6212.205906738907,0.004299989086575806,raw,28010,238.59375,1.0,16_64KiB,C:\Users\ss\Desktop\XAI\XAI\engines\XAI-Compress\.test-tmp\final-all\test_neural_rans_roundtrip0\tiny.pt,1dd8a06c1d6eba581589,PASS
True,7.8831845769368085,model,27601,5.92293073378694,4.50999999884516,29.509962162126534,0.9051999950315803,gzip-1,28010,238.59375,1.0148183036846492,16_64KiB,C:\Users\ss\Desktop\XAI\XAI\engines\XAI-Compress\.test-tmp\final-all\test_neural_rans_roundtrip0\tiny.pt,1dd8a06c1d6eba581589,PASS
True,7.008925383791503,model,24540,3.379564732978238,7.904099998995662,26.516197687117963,1.0074000019812956,gzip-6,28010,238.59375,1.141401792991035,16_64KiB,C:\Users\ss\Desktop\XAI\XAI\engines\XAI-Compress\.test-tmp\final-all\test_neural_rans_roundtrip0\tiny.pt,1dd8a06c1d6eba581589,PASS
True,7.016636915387362,model,24567,3.024092921968664,8.83320000139065,26.0025478387658,1.0273000079905614,gzip-9,28010,238.59375,1.1401473521390484,16_64KiB,C:\Users\ss\Desktop\XAI\XAI\engines\XAI-Compress\.test-tmp\final-all\test_neural_rans_roundtrip0\tiny.pt,1dd8a06c1d6eba581589,PASS
True,7.879757229560871,model,27589,8.169934431952196,3.269599998020567,34.22036558228614,0.7806000066921115,deflate-1,28010,238.59375,1.0152597049548733,16_64KiB,C:\Users\ss\Desktop\XAI\XAI\engines\XAI-Compress\.test-tmp\final-all\test_neural_rans_roundtrip0\tiny.pt,1dd8a06c1d6eba581589,PASS
True,7.005498036415566,model,24528,2.073011967618272,12.885799995274283,30.820834628473925,0.8667000074638054,deflate-6,28010,238.59375,1.1419602087410308,16_64KiB,C:\Users\ss\Desktop\XAI\XAI\engines\XAI-Compress\.test-tmp\final-all\test_neural_rans_roundtrip0\tiny.pt,1dd8a06c1d6eba581589,PASS
True,7.013209568011424,model,24555,2.4810909509650925,10.766399995191023,15.47379802617765,1.7263000045204535,deflate-9,28010,238.59375,1.1407045408267156,16_64KiB,C:\Users\ss\Desktop\XAI\XAI\engines\XAI-Compress\.test-tmp\final-all\test_neural_rans_roundtrip0\tiny.pt,1dd8a06c1d6eba581589,PASS
True,7.039485897893609,model,24647,23.244359110014898,1.1492000048747286,58.61842707370218,0.4557000065688044,zstd-1,28010,238.59375,1.1364466263642634,16_64KiB,C:\Users\ss\Desktop\XAI\XAI\engines\XAI-Compress\.test-tmp\final-all\test_neural_rans_roundtrip0\tiny.pt,1dd8a06c1d6eba581589,PASS
True,7.041485183862906,model,24654,18.577381941756393,1.437900005839765,57.13886006866138,0.4675000091083348,zstd-3,28010,238.59375,1.136123955544739,16_64KiB,C:\Users\ss\Desktop\XAI\XAI\engines\XAI-Compress\.test-tmp\final-all\test_neural_rans_roundtrip0\tiny.pt,1dd8a06c1d6eba581589,PASS
True,7.005498036415566,model,24528,10.753791318739786,2.4839999969117343,56.07140506223983,0.47640000411774963,zstd-6,28010,238.59375,1.1419602087410308,16_64KiB,C:\Users\ss\Desktop\XAI\XAI\engines\XAI-Compress\.test-tmp\final-all\test_neural_rans_roundtrip0\tiny.pt,1dd8a06c1d6eba581589,PASS
True,6.999785790789004,model,24508,9.38760063598032,2.8454999992391095,55.00909704467264,0.4856000014115125,zstd-9,28010,238.59375,1.142892116859801,16_64KiB,C:\Users\ss\Desktop\XAI\XAI\engines\XAI-Compress\.test-tmp\final-all\test_neural_rans_roundtrip0\tiny.pt,1dd8a06c1d6eba581589,PASS
True,7.054908961085327,model,24701,19.445597770210565,1.3736999972024933,11.800334711407917,2.263699992909096,brotli-1,28010,238.59375,1.1339621877656776,16_64KiB,C:\Users\ss\Desktop\XAI\XAI\engines\XAI-Compress\.test-tmp\final-all\test_neural_rans_roundtrip0\tiny.pt,1dd8a06c1d6eba581589,PASS
True,6.916958229203856,model,24218,4.807850537205454,5.556000003707595,8.294236383343264,3.2205999887082726,brotli-4,28010,238.59375,1.1565777520852258,16_64KiB,C:\Users\ss\Desktop\XAI\XAI\engines\XAI-Compress\.test-tmp\final-all\test_neural_rans_roundtrip0\tiny.pt,1dd8a06c1d6eba581589,PASS
True,6.859550160656908,model,24017,1.671521478574605,15.980900003341958,10.257830980954381,2.6040999946417287,brotli-6,28010,238.59375,1.1662572344589248,16_64KiB,C:\Users\ss\Desktop\XAI\XAI\engines\XAI-Compress\.test-tmp\final-all\test_neural_rans_roundtrip0\tiny.pt,1dd8a06c1d6eba581589,PASS
True,6.856408425562299,model,24006,0.20014713793740327,133.4638999978779,13.91561653984203,1.9196000066585839,brotli-9,28010,238.59375,1.1667916354244772,16_64KiB,C:\Users\ss\Desktop\XAI\XAI\engines\XAI-Compress\.test-tmp\final-all\test_neural_rans_roundtrip0\tiny.pt,1dd8a06c1d6eba581589,PASS
True,6.786147804355587,model,23760,0.0320890078878286,832.4475999979768,12.38004244988645,2.1577000006800517,brotli-11,28010,238.59375,1.1788720538720538,16_64KiB,C:\Users\ss\Desktop\XAI\XAI\engines\XAI-Compress\.test-tmp\final-all\test_neural_rans_roundtrip0\tiny.pt,1dd8a06c1d6eba581589,PASS
True,6.884398429132452,model,24104,1.1114151096921827,24.03460000641644,2.1973592615521773,12.156600001617335,lzma2-0,28010,238.59375,1.1620477928974444,16_64KiB,C:\Users\ss\Desktop\XAI\XAI\engines\XAI-Compress\.test-tmp\final-all\test_neural_rans_roundtrip0\tiny.pt,1dd8a06c1d6eba581589,PASS
True,6.882113530881828,model,24096,0.5220970649427183,51.163700001779944,1.4435399250319219,18.504799998481758,lzma2-3,28010,238.59375,1.162433598937583,16_64KiB,C:\Users\ss\Desktop\XAI\XAI\engines\XAI-Compress\.test-tmp\final-all\test_neural_rans_roundtrip0\tiny.pt,1dd8a06c1d6eba581589,PASS
True,6.8444127097465195,model,23964,0.30278395020310844,88.22269999654964,1.698766111674984,15.724600001703948,lzma2-6,28010,238.59375,1.1688365882156568,16_64KiB,C:\Users\ss\Desktop\XAI\XAI\engines\XAI-Compress\.test-tmp\final-all\test_neural_rans_roundtrip0\tiny.pt,1dd8a06c1d6eba581589,PASS
True,7.402213495180293,model,25917,0.6912310769319912,38.644700005534105,1.759850423936124,15.178799993009306,bzip2-1,28010,238.59375,1.0807578037581511,16_64KiB,C:\Users\ss\Desktop\XAI\XAI\engines\XAI-Compress\.test-tmp\final-all\test_neural_rans_roundtrip0\tiny.pt,1dd8a06c1d6eba581589,PASS
True,7.402213495180293,model,25917,0.6136976497699751,43.52700000163168,1.8863103127751946,14.16120000067167,bzip2-9,28010,238.59375,1.0807578037581511,16_64KiB,C:\Users\ss\Desktop\XAI\XAI\engines\XAI-Compress\.test-tmp\final-all\test_neural_rans_roundtrip0\tiny.pt,1dd8a06c1d6eba581589,PASS
True,8.0,source_code,107,6.417812287498433,0.01589999010320753,24.295971894034412,0.0042000028770416975,raw,107,238.59375,1.0,lt_16KiB,C:\Users\ss\Desktop\XAI\XAI\apps\web_angular\SETUP_WINDOWS.bat,a208d145692f560be957,PASS
True,6.579439252336448,source_code,88,0.441172294235573,0.23130000045057386,0.7071597133625803,0.14430000737775117,gzip-1,107,238.59375,1.2159090909090908,lt_16KiB,C:\Users\ss\Desktop\XAI\XAI\apps\web_angular\SETUP_WINDOWS.bat,a208d145692f560be957,PASS
True,6.579439252336448,source_code,88,0.5328624034748302,0.19150000298395753,0.41838111580198417,0.24389999452978373,gzip-6,107,238.59375,1.2159090909090908,lt_16KiB,C:\Users\ss\Desktop\XAI\XAI\apps\web_angular\SETUP_WINDOWS.bat,a208d145692f560be957,PASS
True,6.5046728971962615,source_code,87,0.34242668520456965,0.29799999902024865,0.5179855392374664,0.19700000120792538,gzip-9,107,238.59375,1.2298850574712643,lt_16KiB,C:\Users\ss\Desktop\XAI\XAI\apps\web_angular\SETUP_WINDOWS.bat,a208d145692f560be957,PASS
True,5.682242990654205,source_code,76,0.6429940230782188,0.15870000061113387,3.1110714778489252,0.032800002372823656,deflate-1,107,238.59375,1.4078947368421053,lt_16KiB,C:\Users\ss\Desktop\XAI\XAI\apps\web_angular\SETUP_WINDOWS.bat,a208d145692f560be957,PASS
True,5.682242990654205,source_code,76,0.3460262810841784,0.29490000451914966,1.3269592529284078,0.0768999889260158,deflate-6,107,238.59375,1.4078947368421053,lt_16KiB,C:\Users\ss\Desktop\XAI\XAI\apps\web_angular\SETUP_WINDOWS.bat,a208d145692f560be957,PASS
True,5.607476635514018,source_code,75,0.34744008668720217,0.2936999953817576,2.949223911907924,0.03460000152699649,deflate-9,107,238.59375,1.4266666666666667,lt_16KiB,C:\Users\ss\Desktop\XAI\XAI\apps\web_angular\SETUP_WINDOWS.bat,a208d145692f560be957,PASS
True,5.831775700934579,source_code,78,0.4829301840042434,0.21130000823177397,0.6330220709777832,0.16119999054353684,zstd-1,107,238.59375,1.3717948717948718,lt_16KiB,C:\Users\ss\Desktop\XAI\XAI\apps\web_angular\SETUP_WINDOWS.bat,a208d145692f560be957,PASS
True,5.831775700934579,source_code,78,0.34815131350271245,0.2931000053649768,1.591936650821502,0.06410000787582248,zstd-3,107,238.59375,1.3717948717948718,lt_16KiB,C:\Users\ss\Desktop\XAI\XAI\apps\web_angular\SETUP_WINDOWS.bat,a208d145692f560be957,PASS
True,5.831775700934579,source_code,78,0.3816123870430704,0.2673999988473952,1.4172660910844856,0.07199999527074397,zstd-6,107,238.59375,1.3717948717948718,lt_16KiB,C:\Users\ss\Desktop\XAI\XAI\apps\web_angular\SETUP_WINDOWS.bat,a208d145692f560be957,PASS
True,5.831775700934579,source_code,78,0.43552349289698206,0.23429999419022352,1.0265910630745005,0.09940000018104911,zstd-9,107,238.59375,1.3717948717948718,lt_16KiB,C:\Users\ss\Desktop\XAI\XAI\apps\web_angular\SETUP_WINDOWS.bat,a208d145692f560be957,PASS
True,6.728971962616822,source_code,90,0.4104712443971322,0.2486000012140721,1.1201222935796669,0.09110000974033028,brotli-1,107,238.59375,1.1888888888888889,lt_16KiB,C:\Users\ss\Desktop\XAI\XAI\apps\web_angular\SETUP_WINDOWS.bat,a208d145692f560be957,PASS
True,5.457943925233645,source_code,73,0.2792642338259386,0.3654000029200688,1.1115811686170671,0.09180000051856041,brotli-4,107,238.59375,1.4657534246575343,lt_16KiB,C:\Users\ss\Desktop\XAI\XAI\apps\web_angular\SETUP_WINDOWS.bat,a208d145692f560be957,PASS
True,5.08411214953271,source_code,68,0.07033578143127675,1.450800002203323,0.9510080491222808,0.10729998757597059,brotli-6,107,238.59375,1.5735294117647058,lt_16KiB,C:\Users\ss\Desktop\XAI\XAI\apps\web_angular\SETUP_WINDOWS.bat,a208d145692f560be957,PASS
True,5.08411214953271,source_code,68,0.029718998134370383,3.43359999533277,0.30415245722420164,0.3355000080773607,brotli-9,107,238.59375,1.5735294117647058,lt_16KiB,C:\Users\ss\Desktop\XAI\XAI\apps\web_angular\SETUP_WINDOWS.bat,a208d145692f560be957,PASS
True,5.383177570093458,source_code,72,0.014707014864792744,6.938399994396605,0.81115384659875,0.12579999747686088,brotli-11,107,238.59375,1.4861111111111112,lt_16KiB,C:\Users\ss\Desktop\XAI\XAI\apps\web_angular\SETUP_WINDOWS.bat,a208d145692f560be957,PASS
True,9.869158878504672,source_code,132,0.09019990444332371,1.1312999995425344,0.5331408081011438,0.1914000022225082,lzma2-0,107,238.59375,0.8106060606060606,lt_16KiB,C:\Users\ss\Desktop\XAI\XAI\apps\web_angular\SETUP_WINDOWS.bat,a208d145692f560be957,PASS
True,9.869158878504672,source_code,132,0.005188072066285637,19.668799999635667,0.2626593327012396,0.3885000041918829,lzma2-3,107,238.59375,0.8106060606060606,lt_16KiB,C:\Users\ss\Desktop\XAI\XAI\apps\web_angular\SETUP_WINDOWS.bat,a208d145692f560be957,PASS
True,9.869158878504672,source_code,132,0.003958905004341917,25.775600006454624,0.2583370962621729,0.3949999954784289,lzma2-6,107,238.59375,0.8106060606060606,lt_16KiB,C:\Users\ss\Desktop\XAI\XAI\apps\web_angular\SETUP_WINDOWS.bat,a208d145692f560be957,PASS
True,8.149532710280374,source_code,109,0.2512140657338896,0.4061999934492633,0.8350503481980395,0.1221999991685152,bzip2-1,107,238.59375,0.981651376146789,lt_16KiB,C:\Users\ss\Desktop\XAI\XAI\apps\web_angular\SETUP_WINDOWS.bat,a208d145692f560be957,PASS
True,8.149532710280374,source_code,109,0.10311555388286302,0.9895999974105507,0.34116733310641884,0.29910000739619136,bzip2-9,107,238.59375,0.981651376146789,lt_16KiB,C:\Users\ss\Desktop\XAI\XAI\apps\web_angular\SETUP_WINDOWS.bat,a208d145692f560be957,PASS
True,8.0,source_code,113,5.554906470200831,0.019400002202019095,26.28418101153505,0.0041000021155923605,raw,113,238.59375,1.0,lt_16KiB,C:\Users\ss\Desktop\XAI\XAI\apps\public_nextjs\.next\server\next-font-manifest.js,79bb325c3295747efea3,PASS
True,6.938053097345133,source_code,98,0.4802370846883886,0.2243999915663153,0.595387846738582,0.18099999579135329,gzip-1,113,238.59375,1.153061224489796,lt_16KiB,C:\Users\ss\Desktop\XAI\XAI\apps\public_nextjs\.next\server\next-font-manifest.js,79bb325c3295747efea3,PASS
True,6.938053097345133,source_code,98,0.43366276683147126,0.24850000045262277,0.8238929085895011,0.13080000644549727,gzip-6,113,238.59375,1.153061224489796,lt_16KiB,C:\Users\ss\Desktop\XAI\XAI\apps\public_nextjs\.next\server\next-font-manifest.js,79bb325c3295747efea3,PASS
True,6.867256637168142,source_code,97,0.37186059244875097,0.28979999478906393,0.8366863750227657,0.12879999121651053,gzip-9,113,238.59375,1.1649484536082475,lt_16KiB,C:\Users\ss\Desktop\XAI\XAI\apps\public_nextjs\.next\server\next-font-manifest.js,79bb325c3295747efea3,PASS
True,6.088495575221239,source_code,86,0.13335626537024667,0.8080999978119507,1.660480719945362,0.06489999941550195,deflate-1,113,238.59375,1.313953488372093,lt_16KiB,C:\Users\ss\Desktop\XAI\XAI\apps\public_nextjs\.next\server\next-font-manifest.js,79bb325c3295747efea3,PASS
True,6.088495575221239,source_code,86,0.305110968649935,0.3532000118866563,2.2357923351263587,0.04820000322069973,deflate-6,113,238.59375,1.313953488372093,lt_16KiB,C:\Users\ss\Desktop\XAI\XAI\apps\public_nextjs\.next\server\next-font-manifest.js,79bb325c3295747efea3,PASS
True,6.017699115044247,source_code,85,0.31770400974772417,0.3391999925952405,2.1859067791857423,0.049299997044727206,deflate-9,113,238.59375,1.3294117647058823,lt_16KiB,C:\Users\ss\Desktop\XAI\XAI\apps\public_nextjs\.next\server\next-font-manifest.js,79bb325c3295747efea3,PASS
True,6.654867256637168,source_code,94,0.3397389591930715,0.3171999996993691,1.566354618329491,0.06880000000819564,zstd-1,113,238.59375,1.202127659574468,lt_16KiB,C:\Users\ss\Desktop\XAI\XAI\apps\public_nextjs\.next\server\next-font-manifest.js,79bb325c3295747efea3,PASS
True,6.654867256637168,source_code,94,0.3596969257621602,0.2995999966515228,1.7105587080855755,0.06299999949987978,zstd-3,113,238.59375,1.202127659574468,lt_16KiB,C:\Users\ss\Desktop\XAI\XAI\apps\public_nextjs\.next\server\next-font-manifest.js,79bb325c3295747efea3,PASS
True,6.654867256637168,source_code,94,0.3276533817872141,0.32890000147745013,1.7551334604927364,0.061400001868605614,zstd-6,113,238.59375,1.202127659574468,lt_16KiB,C:\Users\ss\Desktop\XAI\XAI\apps\public_nextjs\.next\server\next-font-manifest.js,79bb325c3295747efea3,PASS
True,6.654867256637168,source_code,94,0.3495465329696692,0.3083000046899542,1.7551334604927364,0.061400001868605614,zstd-9,113,238.59375,1.202127659574468,lt_16KiB,C:\Users\ss\Desktop\XAI\XAI\apps\public_nextjs\.next\server\next-font-manifest.js,79bb325c3295747efea3,PASS
True,8.0,source_code,113,0.29236352151598893,0.36860001273453236,0.6559050396745614,0.16429999959655106,brotli-1,113,238.59375,1.0,lt_16KiB,C:\Users\ss\Desktop\XAI\XAI\apps\public_nextjs\.next\server\next-font-manifest.js,79bb325c3295747efea3,PASS
True,5.8053097345132745,source_code,82,0.1312928834290525,0.8207999926526099,0.7889107155792856,0.1365999924018979,brotli-4,113,238.59375,1.3780487804878048,lt_16KiB,C:\Users\ss\Desktop\XAI\XAI\apps\public_nextjs\.next\server\next-font-manifest.js,79bb325c3295747efea3,PASS
True,5.946902654867257,source_code,84,0.04974620231822765,2.1662999934051186,0.8182627090318556,0.13169999874662608,brotli-6,113,238.59375,1.3452380952380953,lt_16KiB,C:\Users\ss\Desktop\XAI\XAI\apps\public_nextjs\.next\server\next-font-manifest.js,79bb325c3295747efea3,PASS
True,5.946902654867257,source_code,84,0.033205521088307495,3.24539998837281,0.6988664133198912,0.15419999544974416,brotli-9,113,238.59375,1.3452380952380953,lt_16KiB,C:\Users\ss\Desktop\XAI\XAI\apps\public_nextjs\.next\server\next-font-manifest.js,79bb325c3295747efea3,PASS
True,6.371681415929204,source_code,90,0.00807181575296815,13.3507999998983,0.6881558002763563,0.15659999917261302,brotli-11,113,238.59375,1.2555555555555555,lt_16KiB,C:\Users\ss\Desktop\XAI\XAI\apps\public_nextjs\.next\server\next-font-manifest.js,79bb325c3295747efea3,PASS
True,10.194690265486726,source_code,144,0.12290738836155807,0.876799997058697,0.5236404282477429,0.2057999954558909,lzma2-0,113,238.59375,0.7847222222222222,lt_16KiB,C:\Users\ss\Desktop\XAI\XAI\apps\public_nextjs\.next\server\next-font-manifest.js,79bb325c3295747efea3,PASS
True,10.194690265486726,source_code,144,0.005559119420538897,19.385300009162165,0.24414408215904532,0.4413999995449558,lzma2-3,113,238.59375,0.7847222222222222,lt_16KiB,C:\Users\ss\Desktop\XAI\XAI\apps\public_nextjs\.next\server\next-font-manifest.js,79bb325c3295747efea3,PASS
True,10.194690265486726,source_code,144,0.0024351900931293244,44.253300002310425,0.16563971582296685,0.6505999917862937,lzma2-6,113,238.59375,0.7847222222222222,lt_16KiB,C:\Users\ss\Desktop\XAI\XAI\apps\public_nextjs\.next\server\next-font-manifest.js,79bb325c3295747efea3,PASS
True,8.70796460176991,source_code,123,0.19934368333568867,0.5406000127550215,0.617919698628507,0.17440000374335796,bzip2-1,113,238.59375,0.9186991869918699,lt_16KiB,C:\Users\ss\Desktop\XAI\XAI\apps\public_nextjs\.next\server\next-font-manifest.js,79bb325c3295747efea3,PASS
True,8.70796460176991,source_code,123,0.10917353715548016,0.9870999929262325,0.2770313613604971,0.38899999344721437,bzip2-9,113,238.59375,0.9186991869918699,lt_16KiB,C:\Users\ss\Desktop\XAI\XAI\apps\public_nextjs\.next\server\next-font-manifest.js,79bb325c3295747efea3,PASS
True,8.0,source_code,20314,1119.8230756354687,0.017300000763498247,4505.346333077264,0.004299989086575806,raw,20314,238.59375,1.0,16_64KiB,C:\Users\ss\Desktop\XAI\XAI\apps\public_nextjs\.next\server\webpack-runtime.js,0ff9b372da6fcecbdc8a,PASS
True,3.024515112730137,source_code,7680,16.553823782735964,1.1703000054694712,37.428400598596525,0.5175999976927415,gzip-1,20314,238.59375,2.6450520833333333,16_64KiB,C:\Users\ss\Desktop\XAI\XAI\apps\public_nextjs\.next\server\webpack-runtime.js,0ff9b372da6fcecbdc8a,PASS
True,2.2896524564339864,source_code,5814,6.338690586740144,3.0563000036636367,34.179499416678205,0.5667999939760193,gzip-6,20314,238.59375,3.4939800481596146,16_64KiB,C:\Users\ss\Desktop\XAI\XAI\apps\public_nextjs\.next\server\webpack-runtime.js,0ff9b372da6fcecbdc8a,PASS
True,2.2463325785172787,source_code,5704,4.65158952263083,4.164800004218705,34.508264484553365,0.561400011065416,gzip-9,20314,238.59375,3.561360448807854,16_64KiB,C:\Users\ss\Desktop\XAI\XAI\apps\public_nextjs\.next\server\webpack-runtime.js,0ff9b372da6fcecbdc8a,PASS
True,3.019789307866496,source_code,7668,11.269889556126797,1.7189999925903976,43.51513946680436,0.44519999937620014,deflate-1,20314,238.59375,2.649191444966093,16_64KiB,C:\Users\ss\Desktop\XAI\XAI\apps\public_nextjs\.next\server\webpack-runtime.js,0ff9b372da6fcecbdc8a,PASS
True,2.2849266515703457,source_code,5802,6.555542782251536,2.955200005089864,41.923696570679446,0.46209999709390104,deflate-6,20314,238.59375,3.5012064805239573,16_64KiB,C:\Users\ss\Desktop\XAI\XAI\apps\public_nextjs\.next\server\webpack-runtime.js,0ff9b372da6fcecbdc8a,PASS
True,2.241606773653638,source_code,5692,3.2558468767369235,5.950199993094429,12.62574289546655,1.5344000130426139,deflate-9,20314,238.59375,3.568868587491216,16_64KiB,C:\Users\ss\Desktop\XAI\XAI\apps\public_nextjs\.next\server\webpack-runtime.js,0ff9b372da6fcecbdc8a,PASS
True,2.5668996751009154,source_code,6518,15.77344092050947,1.2281999952392653,43.25282531824071,0.4478999908315018,zstd-1,20314,238.59375,3.116600184105554,16_64KiB,C:\Users\ss\Desktop\XAI\XAI\apps\public_nextjs\.next\server\webpack-runtime.js,0ff9b372da6fcecbdc8a,PASS
True,2.4759279314758293,source_code,6287,12.53506316232694,1.5454999957000837,45.79891214286444,0.42300000495743006,zstd-3,20314,238.59375,3.2311118180372196,16_64KiB,C:\Users\ss\Desktop\XAI\XAI\apps\public_nextjs\.next\server\webpack-runtime.js,0ff9b372da6fcecbdc8a,PASS
True,2.3018607856650584,source_code,5845,3.652997202137534,5.303300000377931,39.617464488565346,0.4889999981969595,zstd-6,20314,238.59375,3.475449101796407,16_64KiB,C:\Users\ss\Desktop\XAI\XAI\apps\public_nextjs\.next\server\webpack-runtime.js,0ff9b372da6fcecbdc8a,PASS
True,2.2778379442748844,source_code,5784,4.01828175952322,4.82120001106523,27.262792190212743,0.7105999975465238,zstd-9,20314,238.59375,3.5121023513139695,16_64KiB,C:\Users\ss\Desktop\XAI\XAI\apps\public_nextjs\.next\server\webpack-runtime.js,0ff9b372da6fcecbdc8a,PASS
True,2.6220340651767255,source_code,6658,5.619416964634102,3.4475000138627365,14.41331761496955,1.344099990092218,brotli-1,20314,238.59375,3.051066386302193,16_64KiB,C:\Users\ss\Desktop\XAI\XAI\apps\public_nextjs\.next\server\webpack-runtime.js,0ff9b372da6fcecbdc8a,PASS
True,2.338879590430245,source_code,5939,0.4177840762110425,46.370700001716614,16.22796125046078,1.1937999952351674,brotli-4,20314,238.59375,3.420441151709042,16_64KiB,C:\Users\ss\Desktop\XAI\XAI\apps\public_nextjs\.next\server\webpack-runtime.js,0ff9b372da6fcecbdc8a,PASS
True,2.2053756030323917,source_code,5600,1.3165347205072044,14.715099998284131,20.806508755592585,0.9310999885201454,brotli-6,20314,238.59375,3.6275,16_64KiB,C:\Users\ss\Desktop\XAI\XAI\apps\public_nextjs\.next\server\webpack-runtime.js,0ff9b372da6fcecbdc8a,PASS
True,2.19710544452102,source_code,5579,0.16375516411971583,118.3043000055477,20.699797143906363,0.9358999959658831,brotli-9,20314,238.59375,3.641154328732748,16_64KiB,C:\Users\ss\Desktop\XAI\XAI\apps\public_nextjs\.next\server\webpack-runtime.js,0ff9b372da6fcecbdc8a,PASS
True,2.0309146401496503,source_code,5157,0.022192989985029398,872.9306000022916,11.960081468085745,1.6198000084841624,brotli-11,20314,238.59375,3.9391118867558657,16_64KiB,C:\Users\ss\Desktop\XAI\XAI\apps\public_nextjs\.next\server\webpack-runtime.js,0ff9b372da6fcecbdc8a,PASS
True,2.232155163926356,source_code,5668,1.0552917307014271,18.357900000410154,3.3577031922993292,5.7696999865584075,lzma2-0,20314,238.59375,3.5839802399435428,16_64KiB,C:\Users\ss\Desktop\XAI\XAI\apps\public_nextjs\.next\server\webpack-runtime.js,0ff9b372da6fcecbdc8a,PASS
True,2.1785960421384267,source_code,5532,0.5075875059031906,38.16670000378508,4.531469886703612,4.27520000084769,lzma2-3,20314,238.59375,3.6720896601590747,16_64KiB,C:\Users\ss\Desktop\XAI\XAI\apps\public_nextjs\.next\server\webpack-runtime.js,0ff9b372da6fcecbdc8a,PASS
True,2.1250369203504973,source_code,5396,0.22061585485351118,87.81300000555348,4.470816048652212,4.333199991378933,lzma2-6,20314,238.59375,3.7646404744255,16_64KiB,C:\Users\ss\Desktop\XAI\XAI\apps\public_nextjs\.next\server\webpack-runtime.js,0ff9b372da6fcecbdc8a,PASS
True,2.168750615339175,source_code,5507,0.7625670661276199,25.404900006833486,3.6169187257602733,5.356199995731004,bzip2-1,20314,238.59375,3.688759760305066,16_64KiB,C:\Users\ss\Desktop\XAI\XAI\apps\public_nextjs\.next\server\webpack-runtime.js,0ff9b372da6fcecbdc8a,PASS
True,2.168750615339175,source_code,5507,0.8545553223923953,22.670199992717244,3.031521800652192,6.390499998815358,bzip2-9,20314,238.59375,3.688759760305066,16_64KiB,C:\Users\ss\Desktop\XAI\XAI\apps\public_nextjs\.next\server\webpack-runtime.js,0ff9b372da6fcecbdc8a,PASS
True,8.0,text,110,3.958648396049347,0.02649999805726111,26.898502272337186,0.0039000005926936865,raw,110,238.59375,1.0,lt_16KiB,C:\Users\ss\Desktop\XAI\XAI\engines\XAI-Compress\requirements.txt,0ebdf4283c5b6a0215ac,PASS
True,9.309090909090909,text,128,0.44773440414225874,0.23430000874213874,0.647956566086184,0.16190001042559743,gzip-1,110,238.59375,0.859375,lt_16KiB,C:\Users\ss\Desktop\XAI\XAI\engines\XAI-Compress\requirements.txt,0ebdf4283c5b6a0215ac,PASS
True,8.872727272727273,text,122,0.36037160122054124,0.2911000046879053,0.5886878858972987,0.17819998902268708,gzip-6,110,238.59375,0.9016393442622951,lt_16KiB,C:\Users\ss\Desktop\XAI\XAI\engines\XAI-Compress\requirements.txt,0ebdf4283c5b6a0215ac,PASS
True,8.872727272727273,text,122,0.24654329606789133,0.42550000944174826,0.2500099532882127,0.41959999362006783,gzip-9,110,238.59375,0.9016393442622951,lt_16KiB,C:\Users\ss\Desktop\XAI\XAI\engines\XAI-Compress\requirements.txt,0ebdf4283c5b6a0215ac,PASS
True,8.436363636363636,text,116,0.4888358468048172,0.21460000425577164,2.4453192178598506,0.04289999196771532,deflate-1,110,238.59375,0.9482758620689655,lt_16KiB,C:\Users\ss\Desktop\XAI\XAI\engines\XAI-Compress\requirements.txt,0ebdf4283c5b6a0215ac,PASS
True,8.0,text,110,0.26404271677399177,0.39730001299176365,0.8989217991055124,0.11670000094454736,deflate-6,110,238.59375,1.0,lt_16KiB,C:\Users\ss\Desktop\XAI\XAI\engines\XAI-Compress\requirements.txt,0ebdf4283c5b6a0215ac,PASS
True,8.0,text,110,0.31944024223178524,0.32839999767020345,1.3839599135101845,0.07580000965390354,deflate-9,110,238.59375,1.0,lt_16KiB,C:\Users\ss\Desktop\XAI\XAI\engines\XAI-Compress\requirements.txt,0ebdf4283c5b6a0215ac,PASS
True,7.709090909090909,text,106,0.3059322627667591,0.3429000062169507,0.41074462391047234,0.2553999947849661,zstd-1,110,238.59375,1.0377358490566038,lt_16KiB,C:\Users\ss\Desktop\XAI\XAI\engines\XAI-Compress\requirements.txt,0ebdf4283c5b6a0215ac,PASS
True,7.709090909090909,text,106,0.3905591115768398,0.268599993432872,1.3397723545203397,0.07829999958630651,zstd-3,110,238.59375,1.0377358490566038,lt_16KiB,C:\Users\ss\Desktop\XAI\XAI\engines\XAI-Compress\requirements.txt,0ebdf4283c5b6a0215ac,PASS
True,7.709090909090909,text,106,0.46874072421071306,0.2238000015495345,1.2715657172409498,0.08250000246334821,zstd-6,110,238.59375,1.0377358490566038,lt_16KiB,C:\Users\ss\Desktop\XAI\XAI\engines\XAI-Compress\requirements.txt,0ebdf4283c5b6a0215ac,PASS
True,7.709090909090909,text,106,0.34519307240729424,0.30390000029001385,1.5137686728570048,0.06930000381544232,zstd-9,110,238.59375,1.0377358490566038,lt_16KiB,C:\Users\ss\Desktop\XAI\XAI\engines\XAI-Compress\requirements.txt,0ebdf4283c5b6a0215ac,PASS
True,8.290909090909091,text,114,0.13428593861576676,0.7811999967088923,1.6139103772169843,0.06500000017695129,brotli-1,110,238.59375,0.9649122807017544,lt_16KiB,C:\Users\ss\Desktop\XAI\XAI\engines\XAI-Compress\requirements.txt,0ebdf4283c5b6a0215ac,PASS
True,6.836363636363636,text,94,0.20834990353828595,0.5034999921917915,1.0214623045870415,0.10269999620504677,brotli-4,110,238.59375,1.1702127659574468,lt_16KiB,C:\Users\ss\Desktop\XAI\XAI\engines\XAI-Compress\requirements.txt,0ebdf4283c5b6a0215ac,PASS
True,7.054545454545455,text,97,0.04908716232914369,2.137100003892556,0.9090483790690985,0.11539999104570597,brotli-6,110,238.59375,1.134020618556701,lt_16KiB,C:\Users\ss\Desktop\XAI\XAI\engines\XAI-Compress\requirements.txt,0ebdf4283c5b6a0215ac,PASS
True,7.054545454545455,text,97,0.015940218942919124,6.581099994946271,0.6593599773315739,0.15910000365693122,brotli-9,110,238.59375,1.134020618556701,lt_16KiB,C:\Users\ss\Desktop\XAI\XAI\engines\XAI-Compress\requirements.txt,0ebdf4283c5b6a0215ac,PASS
True,6.909090909090909,text,95,0.007479371927685554,14.025800002855249,0.6141930413731895,0.17080000543501228,brotli-11,110,238.59375,1.1578947368421053,lt_16KiB,C:\Users\ss\Desktop\XAI\XAI\engines\XAI-Compress\requirements.txt,0ebdf4283c5b6a0215ac,PASS
True,12.218181818181819,text,168,0.07064729935357411,1.4848999999230728,0.3993306894677317,0.262700006715022,lzma2-0,110,238.59375,0.6547619047619048,lt_16KiB,C:\Users\ss\Desktop\XAI\XAI\engines\XAI-Compress\requirements.txt,0ebdf4283c5b6a0215ac,PASS
True,12.218181818181819,text,168,0.003759925406045759,27.9006000055233,0.18355936077599622,0.5715000006603077,lzma2-3,110,238.59375,0.6547619047619048,lt_16KiB,C:\Users\ss\Desktop\XAI\XAI\engines\XAI-Compress\requirements.txt,0ebdf4283c5b6a0215ac,PASS
True,11.636363636363637,text,160,0.0020145637137240846,52.07289999816567,0.09442320045264709,1.1109999904874712,lzma2-6,110,238.59375,0.6875,lt_16KiB,C:\Users\ss\Desktop\XAI\XAI\engines\XAI-Compress\requirements.txt,0ebdf4283c5b6a0215ac,PASS
True,9.090909090909092,text,125,0.21594107486831535,0.48580000293441117,0.4985940179313635,0.2103999868268147,bzip2-1,110,238.59375,0.88,lt_16KiB,C:\Users\ss\Desktop\XAI\XAI\engines\XAI-Compress\requirements.txt,0ebdf4283c5b6a0215ac,PASS
True,9.090909090909092,text,125,0.11132778805962465,0.942300001042895,0.20314518623830682,0.5164000031072646,bzip2-9,110,238.59375,0.88,lt_16KiB,C:\Users\ss\Desktop\XAI\XAI\engines\XAI-Compress\requirements.txt,0ebdf4283c5b6a0215ac,PASS
True,8.0,text,1836,104.22299774705128,0.01679999695625156,380.6399544462371,0.0046000059228390455,raw,1836,238.59375,1.0,lt_16KiB,C:\Users\ss\Desktop\XAI\XAI\apps\desktop_flutter\windows\runner\CMakeLists.txt,4bb6ea144fbc0976bcbe,PASS
True,4.2745098039215685,text,981,4.996992064347372,0.3504000051179901,8.693873498909184,0.20139999105595052,gzip-1,1836,238.59375,1.871559633027523,lt_16KiB,C:\Users\ss\Desktop\XAI\XAI\apps\desktop_flutter\windows\runner\CMakeLists.txt,4bb6ea144fbc0976bcbe,PASS
True,3.3594771241830066,text,771,2.7992742979532492,0.6254999898374081,7.338416013644891,0.23859999782871455,gzip-6,1836,238.59375,2.3813229571984436,lt_16KiB,C:\Users\ss\Desktop\XAI\XAI\apps\desktop_flutter\windows\runner\CMakeLists.txt,4bb6ea144fbc0976bcbe,PASS
True,3.355119825708061,text,770,2.568876258441248,0.6815999950049445,7.883593066343367,0.222100003156811,gzip-9,1836,238.59375,2.3844155844155845,lt_16KiB,C:\Users\ss\Desktop\XAI\XAI\apps\desktop_flutter\windows\runner\CMakeLists.txt,4bb6ea144fbc0976bcbe,PASS
True,4.222222222222222,text,969,6.1221887646905016,0.2860000095097348,22.41927992439713,0.07810001261532307,deflate-1,1836,238.59375,1.894736842105263,lt_16KiB,C:\Users\ss\Desktop\XAI\XAI\apps\desktop_flutter\windows\runner\CMakeLists.txt,4bb6ea144fbc0976bcbe,PASS
True,3.30718954248366,text,759,1.8738720241302647,0.9344000136479735,11.790881643157077,0.14850001025479287,deflate-6,1836,238.59375,2.41897233201581,lt_16KiB,C:\Users\ss\Desktop\XAI\XAI\apps\desktop_flutter\windows\runner\CMakeLists.txt,4bb6ea144fbc0976bcbe,PASS
True,3.3028322440087146,text,758,2.4751852406963706,0.7074000022839755,12.295968772245574,0.142400007462129,deflate-9,1836,238.59375,2.4221635883905015,lt_16KiB,C:\Users\ss\Desktop\XAI\XAI\apps\desktop_flutter\windows\runner\CMakeLists.txt,4bb6ea144fbc0976bcbe,PASS
True,3.47276688453159,text,797,4.4942145493823675,0.3896000125678256,12.117272920901534,0.14450000890064985,zstd-1,1836,238.59375,2.3036386449184443,lt_16KiB,C:\Users\ss\Desktop\XAI\XAI\apps\desktop_flutter\windows\runner\CMakeLists.txt,4bb6ea144fbc0976bcbe,PASS
True,3.446623093681917,text,791,4.737408242416015,0.36959999124519527,14.270138569334478,0.12270000297576189,zstd-3,1836,238.59375,2.321112515802781,lt_16KiB,C:\Users\ss\Desktop\XAI\XAI\apps\desktop_flutter\windows\runner\CMakeLists.txt,4bb6ea144fbc0976bcbe,PASS
True,3.3769063180827885,text,775,3.001278842487662,0.5833999894093722,17.233720510709194,0.1016000023810193,zstd-6,1836,238.59375,2.3690322580645162,lt_16KiB,C:\Users\ss\Desktop\XAI\XAI\apps\desktop_flutter\windows\runner\CMakeLists.txt,4bb6ea144fbc0976bcbe,PASS
True,3.3769063180827885,text,775,2.440683065353819,0.717400005669333,17.08240132452249,0.1024999946821481,zstd-9,1836,238.59375,2.3690322580645162,lt_16KiB,C:\Users\ss\Desktop\XAI\XAI\apps\desktop_flutter\windows\runner\CMakeLists.txt,4bb6ea144fbc0976bcbe,PASS
True,3.6470588235294117,text,837,4.156055253067067,0.42129999201279134,7.397321759017331,0.23669999791309237,brotli-1,1836,238.59375,2.193548387096774,lt_16KiB,C:\Users\ss\Desktop\XAI\XAI\apps\desktop_flutter\windows\runner\CMakeLists.txt,4bb6ea144fbc0976bcbe,PASS
True,3.167755991285403,text,727,1.4052536478241242,1.2459999998100102,8.434229722455855,0.20759999461006373,brotli-4,1836,238.59375,2.5254470426409905,lt_16KiB,C:\Users\ss\Desktop\XAI\XAI\apps\desktop_flutter\windows\runner\CMakeLists.txt,4bb6ea144fbc0976bcbe,PASS
True,3.019607843137255,text,693,0.2408321477827695,7.270399990375154,6.945442497134064,0.25209999876096845,brotli-6,1836,238.59375,2.6493506493506493,lt_16KiB,C:\Users\ss\Desktop\XAI\XAI\apps\desktop_flutter\windows\runner\CMakeLists.txt,4bb6ea144fbc0976bcbe,PASS
True,3.019607843137255,text,693,0.10053605827956447,17.416100003174506,6.369392721946088,0.27489999774843454,brotli-9,1836,238.59375,2.6493506493506493,lt_16KiB,C:\Users\ss\Desktop\XAI\XAI\apps\desktop_flutter\windows\runner\CMakeLists.txt,4bb6ea144fbc0976bcbe,PASS
True,2.6318082788671022,text,604,0.031480341617642536,55.620300001464784,6.4946069663191714,0.26960000104736537,brotli-11,1836,238.59375,3.0397350993377485,lt_16KiB,C:\Users\ss\Desktop\XAI\XAI\apps\desktop_flutter\windows\runner\CMakeLists.txt,4bb6ea144fbc0976bcbe,PASS
True,3.712418300653595,text,852,0.8166725907124072,2.1440000127768144,2.5509120610000005,0.6864000024506822,lzma2-0,1836,238.59375,2.1549295774647885,lt_16KiB,C:\Users\ss\Desktop\XAI\XAI\apps\desktop_flutter\windows\runner\CMakeLists.txt,4bb6ea144fbc0976bcbe,PASS
True,3.712418300653595,text,852,0.08880252599278873,19.7172999905888,1.8611246143232052,0.9408000041730702,lzma2-3,1836,238.59375,2.1549295774647885,lt_16KiB,C:\Users\ss\Desktop\XAI\XAI\apps\desktop_flutter\windows\runner\CMakeLists.txt,4bb6ea144fbc0976bcbe,PASS
True,3.607843137254902,text,828,0.04161428582195427,42.07560000941157,1.933038248724394,0.9057999996002764,lzma2-6,1836,238.59375,2.217391304347826,lt_16KiB,C:\Users\ss\Desktop\XAI\XAI\apps\desktop_flutter\windows\runner\CMakeLists.txt,4bb6ea144fbc0976bcbe,PASS
True,3.7429193899782134,text,859,0.4437043346863212,3.9461999986087903,1.4061564839019962,1.2451999937184155,bzip2-1,1836,238.59375,2.1373690337601863,lt_16KiB,C:\Users\ss\Desktop\XAI\XAI\apps\desktop_flutter\windows\runner\CMakeLists.txt,4bb6ea144fbc0976bcbe,PASS
True,3.7429193899782134,text,859,0.43220429647596237,4.051199997775257,2.0522105735833924,0.8531999919796363,bzip2-9,1836,238.59375,2.1373690337601863,lt_16KiB,C:\Users\ss\Desktop\XAI\XAI\apps\desktop_flutter\windows\runner\CMakeLists.txt,4bb6ea144fbc0976bcbe,PASS
True,8.0,video,1471564,58966.06733010338,0.023800006601959467,305084.99669102527,0.0046000059228390455,raw,1471564,238.59375,1.0,1_10MiB,C:\Users\ss\Desktop\XAI\XAI\engines\XAI-Compress\data\test\archive (1)\FaceForensics++_C23\DeepFakeDetection\02_09__walk_down_hall_angry__6KUOFMZW.mp4,48e21ec2f07a239cb0db,PASS
True,8.424772554914362,video,1549699,6.569649652977194,213.61760000581853,24.267808272830163,57.829400000628084,gzip-1,1471564,238.59375,0.9495805314451387,1_10MiB,C:\Users\ss\Desktop\XAI\XAI\engines\XAI-Compress\data\test\archive (1)\FaceForensics++_C23\DeepFakeDetection\02_09__walk_down_hall_angry__6KUOFMZW.mp4,48e21ec2f07a239cb0db,PASS
True,7.991089752127668,video,1469925,3.5306011958233645,397.4940000043716,113.20331301839202,12.397099999361672,gzip-6,1471564,238.59375,1.0011150228753167,1_10MiB,C:\Users\ss\Desktop\XAI\XAI\engines\XAI-Compress\data\test\archive (1)\FaceForensics++_C23\DeepFakeDetection\02_09__walk_down_hall_angry__6KUOFMZW.mp4,48e21ec2f07a239cb0db,PASS
True,7.990453694164848,video,1469808,2.0691016136200453,678.261900000507,92.19624431547349,15.221800000290386,gzip-9,1471564,238.59375,1.0011947138673896,1_10MiB,C:\Users\ss\Desktop\XAI\XAI\engines\XAI-Compress\data\test\archive (1)\FaceForensics++_C23\DeepFakeDetection\02_09__walk_down_hall_angry__6KUOFMZW.mp4,48e21ec2f07a239cb0db,PASS
True,8.424707318200229,video,1549687,6.180160902345533,227.08029999921564,44.341144592237924,31.6498999891337,deflate-1,1471564,238.59375,0.9495878845211969,1_10MiB,C:\Users\ss\Desktop\XAI\XAI\engines\XAI-Compress\data\test\archive (1)\FaceForensics++_C23\DeepFakeDetection\02_09__walk_down_hall_angry__6KUOFMZW.mp4,48e21ec2f07a239cb0db,PASS
True,7.991024515413533,video,1469913,2.6173525955261217,536.1878999974579,175.50527009976489,7.9963000025600195,deflate-6,1471564,238.59375,1.0011231957265498,1_10MiB,C:\Users\ss\Desktop\XAI\XAI\engines\XAI-Compress\data\test\archive (1)\FaceForensics++_C23\DeepFakeDetection\02_09__walk_down_hall_angry__6KUOFMZW.mp4,48e21ec2f07a239cb0db,PASS
True,7.990388457450712,video,1469796,2.2200969826403187,632.1312999934889,146.83373524174158,9.557700002915226,deflate-9,1471564,238.59375,1.001202888019834,1_10MiB,C:\Users\ss\Desktop\XAI\XAI\engines\XAI-Compress\data\test\archive (1)\FaceForensics++_C23\DeepFakeDetection\02_09__walk_down_hall_angry__6KUOFMZW.mp4,48e21ec2f07a239cb0db,PASS
True,7.991970447768496,video,1470087,116.674242560309,12.028299999656156,348.10685576549895,4.031500007840805,zstd-1,1471564,238.59375,1.0010047024427806,1_10MiB,C:\Users\ss\Desktop\XAI\XAI\engines\XAI-Compress\data\test\archive (1)\FaceForensics++_C23\DeepFakeDetection\02_09__walk_down_hall_angry__6KUOFMZW.mp4,48e21ec2f07a239cb0db,PASS
True,7.989752399487892,video,1469679,101.91668781670066,13.770000005024485,517.627911702744,2.711199995246716,zstd-3,1471564,238.59375,1.001282593001601,1_10MiB,C:\Users\ss\Desktop\XAI\XAI\engines\XAI-Compress\data\test\archive (1)\FaceForensics++_C23\DeepFakeDetection\02_09__walk_down_hall_angry__6KUOFMZW.mp4,48e21ec2f07a239cb0db,PASS
True,7.989757835880736,video,1469680,78.28156697578463,17.927499997313134,661.8216393065613,2.120500008459203,zstd-6,1471564,238.59375,1.0012819117086713,1_10MiB,C:\Users\ss\Desktop\XAI\XAI\engines\XAI-Compress\data\test\archive (1)\FaceForensics++_C23\DeepFakeDetection\02_09__walk_down_hall_angry__6KUOFMZW.mp4,48e21ec2f07a239cb0db,PASS
True,7.989730653916514,video,1469675,34.324615373229385,40.88590000174008,555.9092065399471,2.524499999708496,zstd-9,1471564,238.59375,1.0012853181825914,1_10MiB,C:\Users\ss\Desktop\XAI\XAI\engines\XAI-Compress\data\test\archive (1)\FaceForensics++_C23\DeepFakeDetection\02_09__walk_down_hall_angry__6KUOFMZW.mp4,48e21ec2f07a239cb0db,PASS
True,7.989676289988068,video,1469665,105.44610766188082,13.309100002516061,127.88343293715317,10.973999989801086,brotli-1,1471564,238.59375,1.0012921311999674,1_10MiB,C:\Users\ss\Desktop\XAI\XAI\engines\XAI-Compress\data\test\archive (1)\FaceForensics++_C23\DeepFakeDetection\02_09__walk_down_hall_angry__6KUOFMZW.mp4,48e21ec2f07a239cb0db,PASS
True,8.000043491142756,video,1471572,22.867397931059806,61.370900002657436,184.23272620227732,7.617499999469146,brotli-4,1471564,238.59375,0.9999945636367096,1_10MiB,C:\Users\ss\Desktop\XAI\XAI\engines\XAI-Compress\data\test\archive (1)\FaceForensics++_C23\DeepFakeDetection\02_09__walk_down_hall_angry__6KUOFMZW.mp4,48e21ec2f07a239cb0db,PASS
True,8.000043491142756,video,1471572,16.563604399800145,84.72749999782536,171.6436475344239,8.176200004527345,brotli-6,1471564,238.59375,0.9999945636367096,1_10MiB,C:\Users\ss\Desktop\XAI\XAI\engines\XAI-Compress\data\test\archive (1)\FaceForensics++_C23\DeepFakeDetection\02_09__walk_down_hall_angry__6KUOFMZW.mp4,48e21ec2f07a239cb0db,PASS
True,7.987104876172562,video,1469192,6.007954959235825,233.58909999660682,113.70409501836023,12.34249999106396,brotli-9,1471564,249.43359375,1.0016144928641049,1_10MiB,C:\Users\ss\Desktop\XAI\XAI\engines\XAI-Compress\data\test\archive (1)\FaceForensics++_C23\DeepFakeDetection\02_09__walk_down_hall_angry__6KUOFMZW.mp4,48e21ec2f07a239cb0db,PASS
True,7.986887420458777,video,1469152,0.0681838351625117,20582.485399994766,59.95329784179806,23.40810000896454,brotli-11,1471564,249.43359375,1.0016417634118184,1_10MiB,C:\Users\ss\Desktop\XAI\XAI\engines\XAI-Compress\data\test\archive (1)\FaceForensics++_C23\DeepFakeDetection\02_09__walk_down_hall_angry__6KUOFMZW.mp4,48e21ec2f07a239cb0db,PASS
True,7.989018486453868,video,1469544,0.6585497938973599,2131.035200000042,50.74717375276293,27.654600009554997,lzma2-0,1471564,249.43359375,1.0013745760589678,1_10MiB,C:\Users\ss\Desktop\XAI\XAI\engines\XAI-Compress\data\test\archive (1)\FaceForensics++_C23\DeepFakeDetection\02_09__walk_down_hall_angry__6KUOFMZW.mp4,48e21ec2f07a239cb0db,PASS
True,7.988583575026299,video,1469464,0.637148418727802,2202.6152000034926,52.05964936794964,26.957399997627363,lzma2-3,1471564,249.43359375,1.0014290925126441,1_10MiB,C:\Users\ss\Desktop\XAI\XAI\engines\XAI-Compress\data\test\archive (1)\FaceForensics++_C23\DeepFakeDetection\02_09__walk_down_hall_angry__6KUOFMZW.mp4,48e21ec2f07a239cb0db,PASS
True,7.988039935741837,video,1469364,0.556802273651221,2520.4509000031976,62.23968175086203,22.548199995071627,lzma2-6,1471564,249.43359375,1.001497246427706,1_10MiB,C:\Users\ss\Desktop\XAI\XAI\engines\XAI-Compress\data\test\archive (1)\FaceForensics++_C23\DeepFakeDetection\02_09__walk_down_hall_angry__6KUOFMZW.mp4,48e21ec2f07a239cb0db,PASS
True,8.052977648270819,video,1481309,0.8768611631534586,1600.473200000124,3.6969156167903203,379.6118000027491,bzip2-1,1471564,249.43359375,0.9934213590817311,1_10MiB,C:\Users\ss\Desktop\XAI\XAI\engines\XAI-Compress\data\test\archive (1)\FaceForensics++_C23\DeepFakeDetection\02_09__walk_down_hall_angry__6KUOFMZW.mp4,48e21ec2f07a239cb0db,PASS
True,8.02637194168925,video,1476415,1.0325214980966866,1359.189900002093,2.194065910413594,639.631099998951,bzip2-9,1471564,249.43359375,0.9967143384482006,1_10MiB,C:\Users\ss\Desktop\XAI\XAI\engines\XAI-Compress\data\test\archive (1)\FaceForensics++_C23\DeepFakeDetection\02_09__walk_down_hall_angry__6KUOFMZW.mp4,48e21ec2f07a239cb0db,PASS
True,8.0,video,1565664,18142.570204856664,0.08230000094044954,339348.193593195,0.0044000043999403715,raw,1565664,251.3125,1.0,1_10MiB,C:\Users\ss\Desktop\XAI\XAI\engines\XAI-Compress\data\test\archive (1)\FaceForensics++_C23\DeepFakeDetection\02_18__walk_down_hall_angry__B95S4G6F.mp4,75ac8e38c89544f86012,PASS
True,8.423953032068184,video,1648635,1.5254385191483386,978.8225000083912,9.17648022767816,162.7130999986548,gzip-1,1565664,251.3125,0.9496729112265602,1_10MiB,C:\Users\ss\Desktop\XAI\XAI\engines\XAI-Compress\data\test\archive (1)\FaceForensics++_C23\DeepFakeDetection\02_18__walk_down_hall_angry__B95S4G6F.mp4,75ac8e38c89544f86012,PASS
True,7.990634005763689,video,1563831,0.37931728104911305,3936.371000003419,33.41846210984871,44.679899991024286,gzip-6,1565664,251.3125,1.0011721215399874,1_10MiB,C:\Users\ss\Desktop\XAI\XAI\engines\XAI-Compress\data\test\archive (1)\FaceForensics++_C23\DeepFakeDetection\02_18__walk_down_hall_angry__B95S4G6F.mp4,75ac8e38c89544f86012,PASS
True,7.990613567151062,video,1563827,1.1313985987547892,1319.7236999985762,20.067057284026397,74.40720000886358,gzip-9,1565664,251.3125,1.0011746823657603,1_10MiB,C:\Users\ss\Desktop\XAI\XAI\engines\XAI-Compress\data\test\archive (1)\FaceForensics++_C23\DeepFakeDetection\02_18__walk_down_hall_angry__B95S4G6F.mp4,75ac8e38c89544f86012,PASS
True,8.423891716230303,video,1648623,2.8932777225145063,516.0698999970919,15.450135550109874,96.64210000482854,deflate-1,1565664,251.3125,0.9496798237074213,1_10MiB,C:\Users\ss\Desktop\XAI\XAI\engines\XAI-Compress\data\test\archive (1)\FaceForensics++_C23\DeepFakeDetection\02_18__walk_down_hall_angry__B95S4G6F.mp4,75ac8e38c89544f86012,PASS
True,7.990572689925808,video,1563819,1.4320192590185414,1042.6769999903627,106.92046101047681,13.964899990241975,deflate-6,1565664,251.3125,1.0011798040566076,1_10MiB,C:\Users\ss\Desktop\XAI\XAI\engines\XAI-Compress\data\test\archive (1)\FaceForensics++_C23\DeepFakeDetection\02_18__walk_down_hall_angry__B95S4G6F.mp4,75ac8e38c89544f86012,PASS
True,7.990552251313181,video,1563815,1.7071902811976567,874.6146000048611,63.686651524498366,23.44499999890104,deflate-9,1565664,251.3125,1.001182364921682,1_10MiB,C:\Users\ss\Desktop\XAI\XAI\engines\XAI-Compress\data\test\archive (1)\FaceForensics++_C23\DeepFakeDetection\02_18__walk_down_hall_angry__B95S4G6F.mp4,75ac8e38c89544f86012,PASS
True,8.00023504404521,video,1565710,58.35242590709402,25.58820000558626,289.4342760286925,5.158800006029196,zstd-1,1565664,251.3125,0.9999706203575375,1_10MiB,C:\Users\ss\Desktop\XAI\XAI\engines\XAI-Compress\data\test\archive (1)\FaceForensics++_C23\DeepFakeDetection\02_18__walk_down_hall_angry__B95S4G6F.mp4,75ac8e38c89544f86012,PASS
True,8.000229934392053,video,1565709,42.8406443212394,34.853200006182306,52.34877168288518,28.522799999336712,zstd-3,1565664,251.3125,0.9999712590270606,1_10MiB,C:\Users\ss\Desktop\XAI\XAI\engines\XAI-Compress\data\test\archive (1)\FaceForensics++_C23\DeepFakeDetection\02_18__walk_down_hall_angry__B95S4G6F.mp4,75ac8e38c89544f86012,PASS
True,8.000229934392053,video,1565709,14.353699519113244,104.02430000249296,148.54833067823435,10.051499994006008,zstd-6,1565664,251.3125,0.9999712590270606,1_10MiB,C:\Users\ss\Desktop\XAI\XAI\engines\XAI-Compress\data\test\archive (1)\FaceForensics++_C23\DeepFakeDetection\02_18__walk_down_hall_angry__B95S4G6F.mp4,75ac8e38c89544f86012,PASS
True,8.000229934392053,video,1565709,9.356311654868648,159.58570000657346,181.41688656052588,8.23040000977926,zstd-9,1565664,251.3125,0.9999712590270606,1_10MiB,C:\Users\ss\Desktop\XAI\XAI\engines\XAI-Compress\data\test\archive (1)\FaceForensics++_C23\DeepFakeDetection\02_18__walk_down_hall_angry__B95S4G6F.mp4,75ac8e38c89544f86012,PASS
True,8.000025548265784,video,1565669,24.119600949472755,61.90540001261979,45.11141022189355,33.09880000597332,brotli-1,1565664,251.3125,0.9999968064769756,1_10MiB,C:\Users\ss\Desktop\XAI\XAI\engines\XAI-Compress\data\test\archive (1)\FaceForensics++_C23\DeepFakeDetection\02_18__walk_down_hall_angry__B95S4G6F.mp4,75ac8e38c89544f86012,PASS
True,8.000040877225254,video,1565672,8.76791327575606,170.29520000505727,87.5327438814106,17.057999997632578,brotli-4,1565664,251.3125,0.9999948903729516,1_10MiB,C:\Users\ss\Desktop\XAI\XAI\engines\XAI-Compress\data\test\archive (1)\FaceForensics++_C23\DeepFakeDetection\02_18__walk_down_hall_angry__B95S4G6F.mp4,75ac8e38c89544f86012,PASS
True,8.000040877225254,video,1565672,6.5240114796389355,228.867400001036,71.54689159493459,20.869300002232194,brotli-6,1565664,251.3125,0.9999948903729516,1_10MiB,C:\Users\ss\Desktop\XAI\XAI\engines\XAI-Compress\data\test\archive (1)\FaceForensics++_C23\DeepFakeDetection\02_18__walk_down_hall_angry__B95S4G6F.mp4,75ac8e38c89544f86012,PASS
True,7.986898849306109,video,1563100,2.7947234518222817,534.2687999946065,46.93514053519214,31.812699991860427,brotli-9,1565664,251.3125,1.0016403301132366,1_10MiB,C:\Users\ss\Desktop\XAI\XAI\engines\XAI-Compress\data\test\archive (1)\FaceForensics++_C23\DeepFakeDetection\02_18__walk_down_hall_angry__B95S4G6F.mp4,75ac8e38c89544f86012,PASS
True,7.986449199828316,video,1563012,0.012357927866245812,120823.94079999358,21.669577137496518,68.90460000431631,brotli-11,1565664,251.3125,1.001696724017474,1_10MiB,C:\Users\ss\Desktop\XAI\XAI\engines\XAI-Compress\data\test\archive (1)\FaceForensics++_C23\DeepFakeDetection\02_18__walk_down_hall_angry__B95S4G6F.mp4,75ac8e38c89544f86012,PASS
True,7.991395344084044,video,1563980,0.09589802198778666,15570.013999997173,9.176288483120745,162.71649999544024,lzma2-0,1565664,251.3125,1.0010767401117662,1_10MiB,C:\Users\ss\Desktop\XAI\XAI\engines\XAI-Compress\data\test\archive (1)\FaceForensics++_C23\DeepFakeDetection\02_18__walk_down_hall_angry__B95S4G6F.mp4,75ac8e38c89544f86012,PASS
True,7.9909252559936235,video,1563888,0.2070044146396496,7213.051699989592,8.159944349962647,182.98329999379348,lzma2-3,1565664,251.3125,1.001135631196096,1_10MiB,C:\Users\ss\Desktop\XAI\XAI\engines\XAI-Compress\data\test\archive (1)\FaceForensics++_C23\DeepFakeDetection\02_18__walk_down_hall_angry__B95S4G6F.mp4,75ac8e38c89544f86012,PASS
True,7.990169027326425,video,1563740,0.1954403671406923,7639.842100004898,9.814975306332567,152.12810000230093,lzma2-6,1565664,251.3125,1.0012303835676009,1_10MiB,C:\Users\ss\Desktop\XAI\XAI\engines\XAI-Compress\data\test\archive (1)\FaceForensics++_C23\DeepFakeDetection\02_18__walk_down_hall_angry__B95S4G6F.mp4,75ac8e38c89544f86012,PASS
True,8.052563002023422,video,1575951,0.17070112295326542,8747.06339999102,0.2690145503534487,5550.382100002025,bzip2-1,1565664,251.3125,0.9934725127875169,1_10MiB,C:\Users\ss\Desktop\XAI\XAI\engines\XAI-Compress\data\test\archive (1)\FaceForensics++_C23\DeepFakeDetection\02_18__walk_down_hall_angry__B95S4G6F.mp4,75ac8e38c89544f86012,PASS
True,8.022119688515543,video,1569993,0.1575727574803748,9475.835599994753,0.4729596128040767,3157.0001000072807,bzip2-9,1565664,251.3125,0.9972426628653759,1_10MiB,C:\Users\ss\Desktop\XAI\XAI\engines\XAI-Compress\data\test\archive (1)\FaceForensics++_C23\DeepFakeDetection\02_18__walk_down_hall_angry__B95S4G6F.mp4,75ac8e38c89544f86012,PASS
True,8.0,binary,54,7.152531822095387,0.007200025720521808,57.22002328288708,0.000900006853044033,raw,54,203.625,1.0,lt_16KiB,C:\Users\ss\Desktop\XAI\XAI\apps\mobile_authenticator_flutter\android\.gradle\buildOutputCleanup\cache.properties,a79486349dd2e056bef1,PASS
True,10.962962962962964,binary,74,0.008801191720609077,5.851299996720627,0.9519114382885873,0.054100004490464926,gzip-1,54,203.703125,0.7297297297297297,lt_16KiB,C:\Users\ss\Desktop\XAI\XAI\apps\mobile_authenticator_flutter\android\.gradle\buildOutputCleanup\cache.properties,a79486349dd2e056bef1,PASS
True,10.962962962962964,binary,74,1.2874598912972302,0.040000013541430235,2.4406813325958527,0.021100015146657825,gzip-6,54,203.70703125,0.7297297297297297,lt_16KiB,C:\Users\ss\Desktop\XAI\XAI\apps\mobile_authenticator_flutter\android\.gradle\buildOutputCleanup\cache.properties,a79486349dd2e056bef1,PASS
True,10.962962962962964,binary,74,1.4425333552902966,0.035699980799108744,3.601282194791847,0.014300021575763822,gzip-9,54,203.7109375,0.7297297297297297,lt_16KiB,C:\Users\ss\Desktop\XAI\XAI\apps\mobile_authenticator_flutter\android\.gradle\buildOutputCleanup\cache.properties,a79486349dd2e056bef1,PASS
True,9.185185185185185,binary,62,1.6720278867859988,0.030799972591921687,4.812925336597307,0.010700023267418146,deflate-1,54,203.71484375,0.8709677419354839,lt_16KiB,C:\Users\ss\Desktop\XAI\XAI\apps\mobile_authenticator_flutter\android\.gradle\buildOutputCleanup\cache.properties,a79486349dd2e056bef1,PASS
True,9.185185185185185,binary,62,1.6453179526137212,0.03129997639916837,10.957093584162585,0.0047000066842883825,deflate-6,54,203.71484375,0.8709677419354839,lt_16KiB,C:\Users\ss\Desktop\XAI\XAI\apps\mobile_authenticator_flutter\android\.gradle\buildOutputCleanup\cache.properties,a79486349dd2e056bef1,PASS
True,9.185185185185185,binary,62,1.9731196524489039,0.02609999501146376,13.204719297329165,0.0039000005926936865,deflate-9,54,203.71484375,0.8709677419354839,lt_16KiB,C:\Users\ss\Desktop\XAI\XAI\apps\mobile_authenticator_flutter\android\.gradle\buildOutputCleanup\cache.properties,a79486349dd2e056bef1,PASS
True,9.333333333333334,binary,63,0.5747591787521211,0.089599983766675,2.19142143081835,0.023500004317611456,zstd-1,54,203.82421875,0.8571428571428571,lt_16KiB,C:\Users\ss\Desktop\XAI\XAI\apps\mobile_authenticator_flutter\android\.gradle\buildOutputCleanup\cache.properties,a79486349dd2e056bef1,PASS
True,9.333333333333334,binary,63,0.9961005382236761,0.051700015319511294,8.306171402284175,0.006200018106028438,zstd-3,54,203.83203125,0.8571428571428571,lt_16KiB,C:\Users\ss\Desktop\XAI\XAI\apps\mobile_authenticator_flutter\android\.gradle\buildOutputCleanup\cache.properties,a79486349dd2e056bef1,PASS
True,9.333333333333334,binary,63,1.7516472377090724,0.029399991035461426,12.261518525961291,0.0042000028770416975,zstd-6,54,203.84375,0.8571428571428571,lt_16KiB,C:\Users\ss\Desktop\XAI\XAI\apps\mobile_authenticator_flutter\android\.gradle\buildOutputCleanup\cache.properties,a79486349dd2e056bef1,PASS
True,9.333333333333334,binary,63,1.9215825533398274,0.02680000034160912,13.552214571829023,0.0037999998312443495,zstd-9,54,203.8515625,0.8571428571428571,lt_16KiB,C:\Users\ss\Desktop\XAI\XAI\apps\mobile_authenticator_flutter\android\.gradle\buildOutputCleanup\cache.properties,a79486349dd2e056bef1,PASS
True,8.592592592592593,binary,58,0.7253295905542926,0.07100001676008105,2.3093463774206433,0.022299995180219412,brotli-1,54,203.9453125,0.9310344827586207,lt_16KiB,C:\Users\ss\Desktop\XAI\XAI\apps\mobile_authenticator_flutter\android\.gradle\buildOutputCleanup\cache.properties,a79486349dd2e056bef1,PASS
True,8.592592592592593,binary,58,0.43239639855385004,0.11910000466741621,4.724626923456896,0.010899995686486363,brotli-4,54,204.08203125,0.9310344827586207,lt_16KiB,C:\Users\ss\Desktop\XAI\XAI\apps\mobile_authenticator_flutter\android\.gradle\buildOutputCleanup\cache.properties,a79486349dd2e056bef1,PASS
True,8.592592592592593,binary,58,0.22537599347870388,0.22849999368190765,6.518784860117447,0.00790000194683671,brotli-6,54,204.33203125,0.9310344827586207,lt_16KiB,C:\Users\ss\Desktop\XAI\XAI\apps\mobile_authenticator_flutter\android\.gradle\buildOutputCleanup\cache.properties,a79486349dd2e056bef1,PASS
True,8.592592592592593,binary,58,0.1676926453646726,0.3071000101044774,8.4423790757369,0.006099988240748644,brotli-9,54,204.35546875,0.9310344827586207,lt_16KiB,C:\Users\ss\Desktop\XAI\XAI\apps\mobile_authenticator_flutter\android\.gradle\buildOutputCleanup\cache.properties,a79486349dd2e056bef1,PASS
True,8.592592592592593,binary,58,0.01568447739128134,3.283400001237169,6.204624350423934,0.008300004992634058,brotli-11,54,204.47265625,0.9310344827586207,lt_16KiB,C:\Users\ss\Desktop\XAI\XAI\apps\mobile_authenticator_flutter\android\.gradle\buildOutputCleanup\cache.properties,a79486349dd2e056bef1,PASS
True,16.59259259259259,binary,112,0.032038330580835966,1.6074000159278512,0.3251162177958517,0.1584000128787011,lzma2-0,54,205.06640625,0.48214285714285715,lt_16KiB,C:\Users\ss\Desktop\XAI\XAI\apps\mobile_authenticator_flutter\android\.gradle\buildOutputCleanup\cache.properties,a79486349dd2e056bef1,PASS
True,16.59259259259259,binary,112,0.015859817466611352,3.2470999867655337,0.9245677662204252,0.05569998756982386,lzma2-3,54,213.36328125,0.48214285714285715,lt_16KiB,C:\Users\ss\Desktop\XAI\XAI\apps\mobile_authenticator_flutter\android\.gradle\buildOutputCleanup\cache.properties,a79486349dd2e056bef1,PASS
True,16.59259259259259,binary,112,0.008800439707661228,5.851800000527874,1.0117564587334633,0.0509000092279166,lzma2-6,54,221.375,0.48214285714285715,lt_16KiB,C:\Users\ss\Desktop\XAI\XAI\apps\mobile_authenticator_flutter\android\.gradle\buildOutputCleanup\cache.properties,a79486349dd2e056bef1,PASS
True,14.666666666666666,binary,99,0.07479798517797087,0.6885000038892031,1.8726691805315523,0.02750000567175448,bzip2-1,54,221.375,0.5454545454545454,lt_16KiB,C:\Users\ss\Desktop\XAI\XAI\apps\mobile_authenticator_flutter\android\.gradle\buildOutputCleanup\cache.properties,a79486349dd2e056bef1,PASS
True,14.666666666666666,binary,99,0.445873681823336,0.11550000635907054,1.1865990975132326,0.043400010326877236,bzip2-9,54,221.375,0.5454545454545454,lt_16KiB,C:\Users\ss\Desktop\XAI\XAI\apps\mobile_authenticator_flutter\android\.gradle\buildOutputCleanup\cache.properties,a79486349dd2e056bef1,PASS
True,8.0,logs,44806,5027.111173503802,0.008499977411702275,47477.78450394516,0.000900006853044033,raw,44806,223.48828125,1.0,16_64KiB,C:\Users\ss\Desktop\XAI\XAI\engines\XAI-Compress\results\model_search\imports\candidate_b_20260830-183205\watch.log,1dfa898e4b00116e4cab,PASS
True,0.7709681739052805,logs,4318,181.67656712423116,0.23520001559518278,399.7223587872445,0.10690002818591893,gzip-1,44806,223.48828125,10.376563223714683,16_64KiB,C:\Users\ss\Desktop\XAI\XAI\engines\XAI-Compress\results\model_search\imports\candidate_b_20260830-183205\watch.log,1dfa898e4b00116e4cab,PASS
True,0.5702807659688435,logs,3194,79.55749865277602,0.5370999861042947,420.1606314129668,0.1016999885905534,gzip-6,44806,223.48828125,14.028177833437695,16_64KiB,C:\Users\ss\Desktop\XAI\XAI\engines\XAI-Compress\results\model_search\imports\candidate_b_20260830-183205\watch.log,1dfa898e4b00116e4cab,PASS
True,0.5731375262241664,logs,3210,42.89763141981812,0.9961000178009272,402.35719336016075,0.10619999375194311,gzip-9,44806,223.48828125,13.958255451713395,16_64KiB,C:\Users\ss\Desktop\XAI\XAI\engines\XAI-Compress\results\model_search\imports\candidate_b_20260830-183205\watch.log,1dfa898e4b00116e4cab,PASS
True,0.7688256037137884,logs,4306,317.69761835467074,0.1345000055152923,881.0379255985939,0.04849999095313251,deflate-1,44806,223.48828125,10.405480724570367,16_64KiB,C:\Users\ss\Desktop\XAI\XAI\engines\XAI-Compress\results\model_search\imports\candidate_b_20260830-183205\watch.log,1dfa898e4b00116e4cab,PASS
True,0.5681381957773513,logs,3182,119.72633821552996,0.3569000109564513,781.1763634245059,0.05469997995533049,deflate-6,44806,223.48828125,14.08108108108108,16_64KiB,C:\Users\ss\Desktop\XAI\XAI\engines\XAI-Compress\results\model_search\imports\candidate_b_20260830-183205\watch.log,1dfa898e4b00116e4cab,PASS
True,0.5709949560326743,logs,3198,58.832894645416125,0.7263000006787479,758.975797292568,0.05629999213851988,deflate-9,44806,223.48828125,14.010631644777986,16_64KiB,C:\Users\ss\Desktop\XAI\XAI\engines\XAI-Compress\results\model_search\imports\candidate_b_20260830-183205\watch.log,1dfa898e4b00116e4cab,PASS
True,0.5952774182029192,logs,3334,284.868862608778,0.1500000071246177,569.7378357612399,0.07499998901039362,zstd-1,44806,223.48828125,13.439112177564487,16_64KiB,C:\Users\ss\Desktop\XAI\XAI\engines\XAI-Compress\results\model_search\imports\candidate_b_20260830-183205\watch.log,1dfa898e4b00116e4cab,PASS
True,0.5927777529795116,logs,3320,250.3241587210818,0.17069999012164772,1161.1506519101767,0.03679998917505145,zstd-3,44806,223.48828125,13.49578313253012,16_64KiB,C:\Users\ss\Desktop\XAI\XAI\engines\XAI-Compress\results\model_search\imports\candidate_b_20260830-183205\watch.log,1dfa898e4b00116e4cab,PASS
True,0.5643886979422399,logs,3161,63.21989921695671,0.6759000243619084,727.9441880850824,0.05870001041330397,zstd-6,44806,223.48828125,14.17462828218918,16_64KiB,C:\Users\ss\Desktop\XAI\XAI\engines\XAI-Compress\results\model_search\imports\candidate_b_20260830-183205\watch.log,1dfa898e4b00116e4cab,PASS
True,0.5631388653305361,logs,3154,58.97092247853934,0.7246000168379396,803.2017541076339,0.05319999763742089,zstd-9,44806,223.48828125,14.206087507926442,16_64KiB,C:\Users\ss\Desktop\XAI\XAI\engines\XAI-Compress\results\model_search\imports\candidate_b_20260830-183205\watch.log,1dfa898e4b00116e4cab,PASS
True,0.6127750747667723,logs,3432,263.60473948931667,0.1621000119484961,319.83781323923677,0.13359999866224825,brotli-1,44806,223.48828125,13.055361305361306,16_64KiB,C:\Users\ss\Desktop\XAI\XAI\engines\XAI-Compress\results\model_search\imports\candidate_b_20260830-183205\watch.log,1dfa898e4b00116e4cab,PASS
True,0.5526045618890327,logs,3095,86.39371291372703,0.4946000117342919,456.5207074097556,0.09359998512081802,brotli-4,44806,223.48828125,14.476898222940227,16_64KiB,C:\Users\ss\Desktop\XAI\XAI\engines\XAI-Compress\results\model_search\imports\candidate_b_20260830-183205\watch.log,1dfa898e4b00116e4cab,PASS
True,0.5268937195911262,logs,2951,19.716838047161446,2.1672000002581626,422.6541856985885,0.10109998402185738,brotli-6,44806,223.48828125,15.183327685530328,16_64KiB,C:\Users\ss\Desktop\XAI\XAI\engines\XAI-Compress\results\model_search\imports\candidate_b_20260830-183205\watch.log,1dfa898e4b00116e4cab,PASS
True,0.5256438869794224,logs,2944,4.779679130008767,8.93999999971129,386.6998409956302,0.11049999739043415,brotli-9,44806,223.48828125,15.219429347826088,16_64KiB,C:\Users\ss\Desktop\XAI\XAI\engines\XAI-Compress\results\model_search\imports\candidate_b_20260830-183205\watch.log,1dfa898e4b00116e4cab,PASS
True,0.4686872293889211,logs,2625,0.239605752164895,178.3360000117682,411.26399637868815,0.10390000534243882,brotli-11,44806,223.48828125,17.068952380952382,16_64KiB,C:\Users\ss\Desktop\XAI\XAI\engines\XAI-Compress\results\model_search\imports\candidate_b_20260830-183205\watch.log,1dfa898e4b00116e4cab,PASS
True,0.5634959603624514,logs,3156,31.221928509202964,1.3686000020243227,101.71466718061959,0.4200999974273145,lzma2-0,44806,223.48828125,14.197084917617238,16_64KiB,C:\Users\ss\Desktop\XAI\XAI\engines\XAI-Compress\results\model_search\imports\candidate_b_20260830-183205\watch.log,1dfa898e4b00116e4cab,PASS
True,0.5534972994688211,logs,3100,6.967621360925525,6.1326999857556075,84.61451705968555,0.5050000036135316,lzma2-3,44806,223.48828125,14.453548387096774,16_64KiB,C:\Users\ss\Desktop\XAI\XAI\engines\XAI-Compress\results\model_search\imports\candidate_b_20260830-183205\watch.log,1dfa898e4b00116e4cab,PASS
True,0.5413560683836987,logs,3032,3.4812562311916637,12.274399981833994,75.65568684113163,0.5647999932989478,lzma2-6,44806,224.52734375,14.777704485488126,16_64KiB,C:\Users\ss\Desktop\XAI\XAI\engines\XAI-Compress\results\model_search\imports\candidate_b_20260830-183205\watch.log,1dfa898e4b00116e4cab,PASS
True,0.5797437843146007,logs,3247,5.844423213792858,7.311299996217713,44.66429500009765,0.956700008828193,bzip2-1,44806,224.52734375,13.799199260856176,16_64KiB,C:\Users\ss\Desktop\XAI\XAI\engines\XAI-Compress\results\model_search\imports\candidate_b_20260830-183205\watch.log,1dfa898e4b00116e4cab,PASS
True,0.5797437843146007,logs,3247,6.313116857105877,6.768499995814636,37.433492596599926,1.1414999898988754,bzip2-9,44806,224.52734375,13.799199260856176,16_64KiB,C:\Users\ss\Desktop\XAI\XAI\engines\XAI-Compress\results\model_search\imports\candidate_b_20260830-183205\watch.log,1dfa898e4b00116e4cab,PASS
True,8.0,model,136080,23595.58173130348,0.005500012775883079,86518.35386794466,0.0014999823179095984,raw,136080,228.92578125,1.0,64KiB_1MiB,C:\Users\ss\Desktop\XAI\XAI\engines\XAI-Compress\checkpoints\neural_lossy_v1\validation.latest.pt,bc559421f72cb439e577,PASS
True,7.5851263962375075,model,129023,37.483681234592865,3.462199994828552,201.23430388975476,0.6448999920394272,gzip-1,136080,228.92578125,1.0546956744146392,64KiB_1MiB,C:\Users\ss\Desktop\XAI\XAI\engines\XAI-Compress\checkpoints\neural_lossy_v1\validation.latest.pt,bc559421f72cb439e577,PASS
True,6.821516754850088,model,116034,16.01658739459389,8.102599997073412,172.5974230317088,0.751899991882965,gzip-6,136080,228.92578125,1.1727597083613424,64KiB_1MiB,C:\Users\ss\Desktop\XAI\XAI\engines\XAI-Compress\checkpoints\neural_lossy_v1\validation.latest.pt,bc559421f72cb439e577,PASS
True,6.827219282774839,model,116131,22.950112415455642,5.654700013110414,194.47924120170686,0.6673000170849264,gzip-9,136080,228.92578125,1.1717801448364347,64KiB_1MiB,C:\Users\ss\Desktop\XAI\XAI\engines\XAI-Compress\checkpoints\neural_lossy_v1\validation.latest.pt,bc559421f72cb439e577,PASS
True,7.584420928865374,model,129011,64.62948222358192,2.0080000103916973,246.76934155338964,0.5259000172372907,deflate-1,136080,228.92578125,1.054793777274806,64KiB_1MiB,C:\Users\ss\Desktop\XAI\XAI\engines\XAI-Compress\checkpoints\neural_lossy_v1\validation.latest.pt,bc559421f72cb439e577,PASS
True,6.820811287477954,model,116022,20.152804691391403,6.439599994337186,189.23301856381377,0.685799983330071,deflate-6,136080,228.92578125,1.172881005326576,64KiB_1MiB,C:\Users\ss\Desktop\XAI\XAI\engines\XAI-Compress\checkpoints\neural_lossy_v1\validation.latest.pt,bc559421f72cb439e577,PASS
True,6.826513815402704,model,116119,22.456091948262213,5.779099999926984,152.48031721430493,0.8511000196449459,deflate-9,136080,228.92578125,1.171901239245946,64KiB_1MiB,C:\Users\ss\Desktop\XAI\XAI\engines\XAI-Compress\checkpoints\neural_lossy_v1\validation.latest.pt,bc559421f72cb439e577,PASS
True,7.057789535567314,model,120053,247.42802545134103,0.524500006577,502.6181545690762,0.2581999870017171,zstd-1,136080,228.92578125,1.1334993711110926,64KiB_1MiB,C:\Users\ss\Desktop\XAI\XAI\engines\XAI-Compress\checkpoints\neural_lossy_v1\validation.latest.pt,bc559421f72cb439e577,PASS
True,6.954497354497354,model,118296,120.84551736103518,1.0738999990280718,507.53227400852626,0.2556999970693141,zstd-3,136080,228.92578125,1.1503347534996957,64KiB_1MiB,C:\Users\ss\Desktop\XAI\XAI\engines\XAI-Compress\checkpoints\neural_lossy_v1\validation.latest.pt,bc559421f72cb439e577,PASS
True,6.970076425631981,model,118561,54.90607630136364,2.3635999823454767,478.34869607222726,0.27129999944008887,zstd-6,136080,228.92578125,1.147763598485168,64KiB_1MiB,C:\Users\ss\Desktop\XAI\XAI\engines\XAI-Compress\checkpoints\neural_lossy_v1\validation.latest.pt,bc559421f72cb439e577,PASS
True,6.936860670194004,model,117996,47.718782770703505,2.719599986448884,467.49276807603565,0.27760001830756664,zstd-9,136080,228.92578125,1.1532594325231365,64KiB_1MiB,C:\Users\ss\Desktop\XAI\XAI\engines\XAI-Compress\checkpoints\neural_lossy_v1\validation.latest.pt,bc559421f72cb439e577,PASS
True,7.147031158142269,model,121571,180.72135025562412,0.7180999964475632,96.0307824366806,1.351400016574189,brotli-1,136080,228.92578125,1.1193458966365333,64KiB_1MiB,C:\Users\ss\Desktop\XAI\XAI\engines\XAI-Compress\checkpoints\neural_lossy_v1\validation.latest.pt,bc559421f72cb439e577,PASS
True,6.6873603762492655,model,113752,39.83180396118665,3.2581000123173,87.49140482441166,1.4833000022917986,brotli-4,136080,228.92578125,1.1962866586961107,64KiB_1MiB,C:\Users\ss\Desktop\XAI\XAI\engines\XAI-Compress\checkpoints\neural_lossy_v1\validation.latest.pt,bc559421f72cb439e577,PASS
True,6.633333333333334,model,112833,18.817115621466584,6.896699982462451,75.1235896056314,1.7274999991059303,brotli-6,136080,228.92578125,1.2060301507537687,64KiB_1MiB,C:\Users\ss\Desktop\XAI\XAI\engines\XAI-Compress\checkpoints\neural_lossy_v1\validation.latest.pt,bc559421f72cb439e577,PASS
True,6.629159318048207,model,112762,4.272854812438748,30.372200009878725,86.71968069295627,1.4964999863877892,brotli-9,136080,243.359375,1.206789521292634,64KiB_1MiB,C:\Users\ss\Desktop\XAI\XAI\engines\XAI-Compress\checkpoints\neural_lossy_v1\validation.latest.pt,bc559421f72cb439e577,PASS
True,6.504291593180482,model,110638,0.19035686334366822,681.7510999972001,63.01947241693791,2.0593000226654112,brotli-11,136080,243.359375,1.2299571575769628,64KiB_1MiB,C:\Users\ss\Desktop\XAI\XAI\engines\XAI-Compress\checkpoints\neural_lossy_v1\validation.latest.pt,bc559421f72cb439e577,PASS
True,6.599882422104645,model,112264,6.236292558509513,20.809800014831126,13.29563157642155,9.76080002146773,lzma2-0,136080,243.359375,1.2121428062424286,64KiB_1MiB,C:\Users\ss\Desktop\XAI\XAI\engines\XAI-Compress\checkpoints\neural_lossy_v1\validation.latest.pt,bc559421f72cb439e577,PASS
True,6.59212228101117,model,112132,4.366739377702441,29.719200014369562,13.040717181833946,9.951599990017712,lzma2-3,136080,243.359375,1.213569721399779,64KiB_1MiB,C:\Users\ss\Desktop\XAI\XAI\engines\XAI-Compress\checkpoints\neural_lossy_v1\validation.latest.pt,bc559421f72cb439e577,PASS
True,6.510993533215755,model,110752,3.4315662266349602,37.81829998479225,14.16397460311527,9.162400005152449,lzma2-6,136080,243.359375,1.2286911297312915,64KiB_1MiB,C:\Users\ss\Desktop\XAI\XAI\engines\XAI-Compress\checkpoints\neural_lossy_v1\validation.latest.pt,bc559421f72cb439e577,PASS
True,7.253497942386831,model,123382,5.901054974946872,21.991999994497746,14.74693770915443,8.800199982943013,bzip2-1,136080,243.359375,1.1029161466016113,64KiB_1MiB,C:\Users\ss\Desktop\XAI\XAI\engines\XAI-Compress\checkpoints\neural_lossy_v1\validation.latest.pt,bc559421f72cb439e577,PASS
True,7.25761316872428,model,123452,5.60558420129856,23.151200002757832,15.264891414257738,8.501600008457899,bzip2-9,136080,243.359375,1.1022907688818326,64KiB_1MiB,C:\Users\ss\Desktop\XAI\XAI\engines\XAI-Compress\checkpoints\neural_lossy_v1\validation.latest.pt,bc559421f72cb439e577,PASS
True,8.0,archive,11798593,1339524.691201641,0.008400005754083395,11252256.91737245,0.0009999785106629133,raw,11798593,214.56640625,1.0,gt_10MiB,C:\Users\ss\Desktop\XAI\XAI\apps\public_nextjs\.next\cache\webpack\client-development\1.pack.gz,c00053085b900f5df548,PASS
True,8.428868764267062,archive,12431099,43.22384911720478,260.3196000272874,87.39429214388618,128.75000000349246,gzip-1,11798593,261.1171875,0.9491190601892882,gt_10MiB,C:\Users\ss\Desktop\XAI\XAI\apps\public_nextjs\.next\cache\webpack\client-development\1.pack.gz,c00053085b900f5df548,PASS
True,7.983608214979532,archive,11774418,25.584228009037606,439.80279998504557,395.3263270738441,28.462599992053583,gzip-6,11798593,261.1171875,1.002053180038283,gt_10MiB,C:\Users\ss\Desktop\XAI\XAI\apps\public_nextjs\.next\cache\webpack\client-development\1.pack.gz,c00053085b900f5df548,PASS
True,7.983032553118834,archive,11773569,21.68107724205283,518.9786000119057,354.2714372024219,31.76099999109283,gzip-9,11798593,261.1171875,1.0021254387688219,gt_10MiB,C:\Users\ss\Desktop\XAI\XAI\apps\public_nextjs\.next\cache\webpack\client-development\1.pack.gz,c00053085b900f5df548,PASS
True,8.42886062770366,archive,12431087,46.5479793257761,241.72940000426024,199.674457907626,56.35179998353124,deflate-1,11798593,261.1171875,0.9491199763946628,gt_10MiB,C:\Users\ss\Desktop\XAI\XAI\apps\public_nextjs\.next\cache\webpack\client-development\1.pack.gz,c00053085b900f5df548,PASS
True,7.98360007841613,archive,11774406,13.724483574739404,819.8497999983374,340.31221784555186,33.06380001595244,deflate-6,11798593,261.1171875,1.002054201290494,gt_10MiB,C:\Users\ss\Desktop\XAI\XAI\apps\public_nextjs\.next\cache\webpack\client-development\1.pack.gz,c00053085b900f5df548,PASS
True,7.983024416555431,archive,11773557,14.384958347457093,782.2069999820087,330.06791180684957,34.09000000101514,deflate-9,11798593,261.1171875,1.0021264601683246,gt_10MiB,C:\Users\ss\Desktop\XAI\XAI\apps\public_nextjs\.next\cache\webpack\client-development\1.pack.gz,c00053085b900f5df548,PASS
True,8.0001918872869,archive,11798876,1085.1905369681283,10.368699993705377,2825.5776014371395,3.9821999962441623,zstd-1,11798593,261.1171875,0.9999760146644477,gt_10MiB,C:\Users\ss\Desktop\XAI\XAI\apps\public_nextjs\.next\cache\webpack\client-development\1.pack.gz,c00053085b900f5df548,PASS
True,7.961082139200835,archive,11741196,293.1296238251175,38.38579999865033,2750.7004095411103,4.090600006747991,zstd-3,11798593,261.1171875,1.0048885139128927,gt_10MiB,C:\Users\ss\Desktop\XAI\XAI\apps\public_nextjs\.next\cache\webpack\client-development\1.pack.gz,c00053085b900f5df548,PASS
True,7.968765767240212,archive,11752528,389.09670051028553,28.918299998622388,3508.9079159967637,3.206700028385967,zstd-6,11798593,261.1171875,1.003919582237966,gt_10MiB,C:\Users\ss\Desktop\XAI\XAI\apps\public_nextjs\.next\cache\webpack\client-development\1.pack.gz,c00053085b900f5df548,PASS
True,7.965660990255364,archive,11747949,241.28402544905452,46.63389999768697,2564.620304159904,4.3873999966308475,zstd-9,11798593,261.1171875,1.0043108801374605,gt_10MiB,C:\Users\ss\Desktop\XAI\XAI\apps\public_nextjs\.next\cache\webpack\client-development\1.pack.gz,c00053085b900f5df548,PASS
True,7.998442526155449,archive,11796296,588.3437352397631,19.124900019960478,1540.000696133828,7.3065000178758055,brotli-1,11798593,261.1171875,1.0001947221398988,gt_10MiB,C:\Users\ss\Desktop\XAI\XAI\apps\public_nextjs\.next\cache\webpack\client-development\1.pack.gz,c00053085b900f5df548,PASS
True,7.942893529762404,archive,11714371,85.47162860897095,131.64619999588467,366.62143475611293,30.691099993418902,brotli-4,11798593,261.1171875,1.0071896305828114,gt_10MiB,C:\Users\ss\Desktop\XAI\XAI\apps\public_nextjs\.next\cache\webpack\client-development\1.pack.gz,c00053085b900f5df548,PASS
True,7.906381379542459,archive,11660522,75.45003831828053,149.1319999913685,375.09842891599965,29.997499979799613,brotli-6,11798593,261.1171875,1.011840893572346,gt_10MiB,C:\Users\ss\Desktop\XAI\XAI\apps\public_nextjs\.next\cache\webpack\client-development\1.pack.gz,c00053085b900f5df548,PASS
True,7.789441334233667,archive,11488056,6.028283021105667,1866.5372999967076,257.5763118002177,43.684199976269156,brotli-9,11798593,280.375,1.0270312923265694,gt_10MiB,C:\Users\ss\Desktop\XAI\XAI\apps\public_nextjs\.next\cache\webpack\client-development\1.pack.gz,c00053085b900f5df548,PASS
True,7.732218917967591,archive,11403663,0.23675282735096662,47526.423400006024,110.7853631404506,101.56589999678545,brotli-11,11798593,287.27734375,1.0346318546944082,gt_10MiB,C:\Users\ss\Desktop\XAI\XAI\apps\public_nextjs\.next\cache\webpack\client-development\1.pack.gz,c00053085b900f5df548,PASS
True,7.98445577366725,archive,11775668,4.526407405791798,2485.8600000152364,67.56120767350285,166.54550001840107,lzma2-0,11798593,287.27734375,1.001946811000446,gt_10MiB,C:\Users\ss\Desktop\XAI\XAI\apps\public_nextjs\.next\cache\webpack\client-development\1.pack.gz,c00053085b900f5df548,PASS
True,7.80558156383562,archive,11511860,2.012119897043168,5592.119600012666,19.18497244095027,586.5014999872074,lzma2-3,11798593,287.27734375,1.0249076170141054,gt_10MiB,C:\Users\ss\Desktop\XAI\XAI\apps\public_nextjs\.next\cache\webpack\client-development\1.pack.gz,c00053085b900f5df548,PASS
True,7.76924638386967,archive,11458272,2.151755861365258,5229.2248000158,22.040151165711602,510.52350000827573,lzma2-6,11798593,333.4921875,1.0297009007990034,gt_10MiB,C:\Users\ss\Desktop\XAI\XAI\apps\public_nextjs\.next\cache\webpack\client-development\1.pack.gz,c00053085b900f5df548,PASS
True,8.053770479242736,archive,11877895,5.42636926123933,2073.5808000026736,15.132560505768245,743.5631999978796,bzip2-1,11798593,333.4921875,0.9933235644868051,gt_10MiB,C:\Users\ss\Desktop\XAI\XAI\apps\public_nextjs\.next\cache\webpack\client-development\1.pack.gz,c00053085b900f5df548,PASS
True,8.03213942543827,archive,11845993,5.3971311465216925,2084.8141000024043,12.63375500134582,890.6310999882407,bzip2-9,11798593,333.4921875,0.9959986469686416,gt_10MiB,C:\Users\ss\Desktop\XAI\XAI\apps\public_nextjs\.next\cache\webpack\client-development\1.pack.gz,c00053085b900f5df548,PASS
True,8.0,binary,102,37.41351094196004,0.0025999906938523054,162.1233993015134,0.000600004568696022,raw,102,333.4921875,1.0,lt_16KiB,C:\Users\ss\Desktop\XAI\XAI\apps\public_nextjs\.next\cache\.rscinfo,40edde3ff58386c6e648,PASS
True,8.784313725490197,binary,112,2.2888181722932925,0.0425000034738332,2.8033076039832827,0.03470000228844583,gzip-1,102,333.4921875,0.9107142857142857,lt_16KiB,C:\Users\ss\Desktop\XAI\XAI\apps\public_nextjs\.next\cache\.rscinfo,40edde3ff58386c6e648,PASS
True,8.784313725490197,binary,112,1.5151829460681736,0.06420002318918705,4.937812275626915,0.01969997538253665,gzip-6,102,333.4921875,0.9107142857142857,lt_16KiB,C:\Users\ss\Desktop\XAI\XAI\apps\public_nextjs\.next\cache\.rscinfo,40edde3ff58386c6e648,PASS
True,8.784313725490197,binary,112,2.321593861939482,0.04189999890513718,5.4957536334592305,0.017699989257380366,gzip-9,102,333.4921875,0.9107142857142857,lt_16KiB,C:\Users\ss\Desktop\XAI\XAI\apps\public_nextjs\.next\cache\.rscinfo,40edde3ff58386c6e648,PASS
True,7.8431372549019605,binary,100,2.650537706888881,0.03670001751743257,14.51863950306242,0.006699992809444666,deflate-1,102,333.4921875,1.02,lt_16KiB,C:\Users\ss\Desktop\XAI\XAI\apps\public_nextjs\.next\cache\.rscinfo,40edde3ff58386c6e648,PASS
True,7.8431372549019605,binary,100,2.6577796650198358,0.03660001675598323,17.06579525146796,0.005699985194951296,deflate-6,102,333.4921875,1.02,lt_16KiB,C:\Users\ss\Desktop\XAI\XAI\apps\public_nextjs\.next\cache\.rscinfo,40edde3ff58386c6e648,PASS
True,7.8431372549019605,binary,100,2.272774934261392,0.042800005758181214,19.073558784254196,0.005099980626255274,deflate-9,102,333.4921875,1.02,lt_16KiB,C:\Users\ss\Desktop\XAI\XAI\apps\public_nextjs\.next\cache\.rscinfo,40edde3ff58386c6e648,PASS
True,8.392156862745098,binary,107,1.7947374695134721,0.05420000525191426,11.180998896062624,0.008700008038431406,zstd-1,102,333.4921875,0.9532710280373832,lt_16KiB,C:\Users\ss\Desktop\XAI\XAI\apps\public_nextjs\.next\cache\.rscinfo,40edde3ff58386c6e648,PASS
True,8.392156862745098,binary,107,2.3327286901670226,0.04169999738223851,14.738620829548362,0.006599992047995329,zstd-3,102,333.4921875,0.9532710280373832,lt_16KiB,C:\Users\ss\Desktop\XAI\XAI\apps\public_nextjs\.next\cache\.rscinfo,40edde3ff58386c6e648,PASS
True,8.392156862745098,binary,107,2.215825716507568,0.04390001413412392,17.686282602828886,0.005500012775883079,zstd-6,102,333.4921875,0.9532710280373832,lt_16KiB,C:\Users\ss\Desktop\XAI\XAI\apps\public_nextjs\.next\cache\.rscinfo,40edde3ff58386c6e648,PASS
True,8.392156862745098,binary,107,1.8250418401474302,0.053300027502700686,12.159343417807172,0.008000002708286047,zstd-9,102,333.4921875,0.9532710280373832,lt_16KiB,C:\Users\ss\Desktop\XAI\XAI\apps\public_nextjs\.next\cache\.rscinfo,40edde3ff58386c6e648,PASS
True,8.313725490196079,binary,106,2.110081920019394,0.04610000178217888,8.039234834144311,0.012100004823878407,brotli-1,102,333.4921875,0.9622641509433962,lt_16KiB,C:\Users\ss\Desktop\XAI\XAI\apps\public_nextjs\.next\cache\.rscinfo,40edde3ff58386c6e648,PASS
True,7.529411764705882,binary,96,1.212902504707599,0.08019999950192869,6.708608314466015,0.014499993994832039,brotli-4,102,333.4921875,1.0625,lt_16KiB,C:\Users\ss\Desktop\XAI\XAI\apps\public_nextjs\.next\cache\.rscinfo,40edde3ff58386c6e648,PASS
True,7.137254901960785,binary,91,0.2509021849341553,0.38770001265220344,3.0493679720822024,0.031899980967864394,brotli-6,102,333.4921875,1.120879120879121,lt_16KiB,C:\Users\ss\Desktop\XAI\XAI\apps\public_nextjs\.next\cache\.rscinfo,40edde3ff58386c6e648,PASS
True,7.137254901960785,binary,91,0.16731128263493486,0.5814000032842159,3.844854659088164,0.025299988919869065,brotli-9,102,333.4921875,1.120879120879121,lt_16KiB,C:\Users\ss\Desktop\XAI\XAI\apps\public_nextjs\.next\cache\.rscinfo,40edde3ff58386c6e648,PASS
True,8.313725490196079,binary,106,0.05085997132985075,1.9125999824609607,5.931385980479148,0.016400008462369442,brotli-11,102,333.4921875,0.9622641509433962,lt_16KiB,C:\Users\ss\Desktop\XAI\XAI\apps\public_nextjs\.next\cache\.rscinfo,40edde3ff58386c6e648,PASS
True,12.549019607843137,binary,160,0.6898920743249923,0.14099999680183828,3.088087573868277,0.0315000070258975,lzma2-0,102,333.4921875,0.6375,lt_16KiB,C:\Users\ss\Desktop\XAI\XAI\apps\public_nextjs\.next\cache\.rscinfo,40edde3ff58386c6e648,PASS
True,12.549019607843137,binary,160,0.035565347043307896,2.7350999880582094,1.6293936067111399,0.059699988923966885,lzma2-3,102,333.4921875,0.6375,lt_16KiB,C:\Users\ss\Desktop\XAI\XAI\apps\public_nextjs\.next\cache\.rscinfo,40edde3ff58386c6e648,PASS
True,12.235294117647058,binary,156,0.0190357880065849,5.11009999900125,1.5588911996798578,0.06239998037926853,lzma2-6,102,333.4921875,0.6538461538461539,lt_16KiB,C:\Users\ss\Desktop\XAI\XAI\apps\public_nextjs\.next\cache\.rscinfo,40edde3ff58386c6e648,PASS
True,10.509803921568627,binary,134,1.2952702199955357,0.07509998977184296,3.970397261152701,0.024500011932104826,bzip2-1,102,333.4921875,0.7611940298507462,lt_16KiB,C:\Users\ss\Desktop\XAI\XAI\apps\public_nextjs\.next\cache\.rscinfo,40edde3ff58386c6e648,PASS
True,10.509803921568627,binary,134,0.6287961964476398,0.15470001380890608,1.5343028185274836,0.0633999879937619,bzip2-9,102,333.4921875,0.7611940298507462,lt_16KiB,C:\Users\ss\Desktop\XAI\XAI\apps\public_nextjs\.next\cache\.rscinfo,40edde3ff58386c6e648,PASS
True,8.0,binary,258,54.67726476047575,0.0045000051613897085,273.39339650098634,0.0008999777492135763,raw,258,333.4921875,1.0,lt_16KiB,C:\Users\ss\Desktop\XAI\XAI\apps\web_angular\Dockerfile,f6d8ac25d8ced35c97bb,PASS
True,6.790697674418604,binary,219,3.739330550040228,0.06580000626854599,6.543829909762634,0.03759999526664615,gzip-1,258,333.4921875,1.178082191780822,lt_16KiB,C:\Users\ss\Desktop\XAI\XAI\apps\web_angular\Dockerfile,f6d8ac25d8ced35c97bb,PASS
True,6.263565891472868,binary,202,3.441229410572299,0.07150002056732774,8.256645050394562,0.029799994081258774,gzip-6,258,333.4921875,1.2772277227722773,lt_16KiB,C:\Users\ss\Desktop\XAI\XAI\apps\web_angular\Dockerfile,f6d8ac25d8ced35c97bb,PASS
True,6.263565891472868,binary,202,3.5867052341925043,0.06859999848529696,7.886151802571584,0.031200004741549492,gzip-9,258,333.4921875,1.2772277227722773,lt_16KiB,C:\Users\ss\Desktop\XAI\XAI\apps\web_angular\Dockerfile,f6d8ac25d8ced35c97bb,PASS
True,6.4186046511627906,binary,207,5.844369860598875,0.042100000428035855,27.960061515056307,0.008799979696050286,deflate-1,258,333.4921875,1.2463768115942029,lt_16KiB,C:\Users\ss\Desktop\XAI\XAI\apps\web_angular\Dockerfile,f6d8ac25d8ced35c97bb,PASS
True,5.891472868217054,binary,190,3.5867052341925043,0.06859999848529696,15.188140014515978,0.016200006939470768,deflate-6,258,333.4921875,1.3578947368421053,lt_16KiB,C:\Users\ss\Desktop\XAI\XAI\apps\web_angular\Dockerfile,f6d8ac25d8ced35c97bb,PASS
True,5.891472868217054,binary,190,2.743010212623472,0.08969998452812433,11.235071324344366,0.021899992134422064,deflate-9,258,333.4921875,1.3578947368421053,lt_16KiB,C:\Users\ss\Desktop\XAI\XAI\apps\web_angular\Dockerfile,f6d8ac25d8ced35c97bb,PASS
True,6.170542635658915,binary,199,3.307097111365987,0.0743999844416976,10.697737746654958,0.02300000051036477,zstd-1,258,333.4921875,1.2964824120603016,lt_16KiB,C:\Users\ss\Desktop\XAI\XAI\apps\web_angular\Dockerfile,f6d8ac25d8ced35c97bb,PASS
True,6.077519379844961,binary,196,3.8808818182819746,0.06340001709759235,13.822927618079047,0.017799990018829703,zstd-3,258,333.4921875,1.316326530612245,lt_16KiB,C:\Users\ss\Desktop\XAI\XAI\apps\web_angular\Dockerfile,f6d8ac25d8ced35c97bb,PASS
True,6.046511627906977,binary,195,3.004248305741556,0.08190001244656742,14.059894061982886,0.017499987734481692,zstd-6,258,333.4921875,1.323076923076923,lt_16KiB,C:\Users\ss\Desktop\XAI\XAI\apps\web_angular\Dockerfile,f6d8ac25d8ced35c97bb,PASS
True,6.046511627906977,binary,195,3.094943291456762,0.07949999417178333,14.140698726622832,0.017399986973032355,zstd-9,258,333.4921875,1.323076923076923,lt_16KiB,C:\Users\ss\Desktop\XAI\XAI\apps\web_angular\Dockerfile,f6d8ac25d8ced35c97bb,PASS
True,6.75968992248062,binary,218,2.904935591864532,0.08469997555948794,6.04540195446075,0.040700018871575594,brotli-1,258,333.4921875,1.18348623853211,lt_16KiB,C:\Users\ss\Desktop\XAI\XAI\apps\web_angular\Dockerfile,f6d8ac25d8ced35c97bb,PASS
True,5.674418604651163,binary,183,1.6546602435992612,0.14869999722577631,8.120395735279992,0.03029999788850546,brotli-4,258,333.4921875,1.4098360655737705,lt_16KiB,C:\Users\ss\Desktop\XAI\XAI\apps\web_angular\Dockerfile,f6d8ac25d8ced35c97bb,PASS
True,5.24031007751938,binary,169,0.3127595857570956,0.7867000240366906,6.8920981899379035,0.0357000099029392,brotli-6,258,333.4921875,1.5266272189349113,lt_16KiB,C:\Users\ss\Desktop\XAI\XAI\apps\web_angular\Dockerfile,f6d8ac25d8ced35c97bb,PASS
True,5.24031007751938,binary,169,0.23410844319844729,1.0509999992791563,6.182112544121938,0.039799982914701104,brotli-9,258,333.4921875,1.5266272189349113,lt_16KiB,C:\Users\ss\Desktop\XAI\XAI\apps\web_angular\Dockerfile,f6d8ac25d8ced35c97bb,PASS
True,5.457364341085271,binary,176,0.07962975263505566,3.089900012128055,6.292790656995158,0.039099977584555745,brotli-11,258,333.4921875,1.4659090909090908,lt_16KiB,C:\Users\ss\Desktop\XAI\XAI\apps\web_angular\Dockerfile,f6d8ac25d8ced35c97bb,PASS
True,8.062015503875969,binary,260,1.2216879295126684,0.20140002015978098,4.177384104765863,0.058900011936202645,lzma2-0,258,333.4921875,0.9923076923076923,lt_16KiB,C:\Users\ss\Desktop\XAI\XAI\apps\web_angular\Dockerfile,f6d8ac25d8ced35c97bb,PASS
True,8.062015503875969,binary,260,0.06447291214905444,3.816299984464422,2.2106735483843973,0.11130000348202884,lzma2-3,258,333.4921875,0.9923076923076923,lt_16KiB,C:\Users\ss\Desktop\XAI\XAI\apps\web_angular\Dockerfile,f6d8ac25d8ced35c97bb,PASS
True,7.937984496124031,binary,256,0.03794928348246428,6.483599980128929,2.8346543500674786,0.08679999154992402,lzma2-6,258,333.4921875,1.0078125,lt_16KiB,C:\Users\ss\Desktop\XAI\XAI\apps\web_angular\Dockerfile,f6d8ac25d8ced35c97bb,PASS
True,7.4728682170542635,binary,241,1.9162616534331869,0.1283999881707132,6.374299359263387,0.03860000288113952,bzip2-1,258,333.4921875,1.070539419087137,lt_16KiB,C:\Users\ss\Desktop\XAI\XAI\apps\web_angular\Dockerfile,f6d8ac25d8ced35c97bb,PASS
True,7.4728682170542635,binary,241,1.174453365451738,0.2094999945256859,3.943075901285792,0.062400009483098984,bzip2-9,258,333.4921875,1.070539419087137,lt_16KiB,C:\Users\ss\Desktop\XAI\XAI\apps\web_angular\Dockerfile,f6d8ac25d8ced35c97bb,PASS
True,8.0,binary,797,194.89187555502488,0.0039000005926936865,1085.8632073510457,0.0006999762263149023,raw,797,333.4921875,1.0,lt_16KiB,C:\Users\ss\Desktop\XAI\XAI\apps\mobile_authenticator_flutter\android\settings.gradle.kts,cc0a768c16bc4f521d5e,PASS
True,4.787954830614805,binary,477,12.625889068948046,0.06019999273121357,15.671723133108944,0.04849999095313251,gzip-1,797,333.4921875,1.670859538784067,lt_16KiB,C:\Users\ss\Desktop\XAI\XAI\apps\mobile_authenticator_flutter\android\settings.gradle.kts,cc0a768c16bc4f521d5e,PASS
True,3.8544542032622333,binary,384,8.963188461704783,0.08480000542476773,16.41637960946811,0.04630000330507755,gzip-6,797,333.4921875,2.0755208333333335,lt_16KiB,C:\Users\ss\Desktop\XAI\XAI\apps\mobile_authenticator_flutter\android\settings.gradle.kts,cc0a768c16bc4f521d5e,PASS
True,3.834378920953576,binary,382,8.217063590449666,0.09250000584870577,19.2424871611615,0.03950000973418355,gzip-9,797,333.4921875,2.086387434554974,lt_16KiB,C:\Users\ss\Desktop\XAI\XAI\apps\mobile_authenticator_flutter\android\settings.gradle.kts,cc0a768c16bc4f521d5e,PASS
True,4.6675031367628605,binary,465,14.233678691526643,0.05339999916031957,30.772389317132603,0.0247000134550035,deflate-1,797,333.4921875,1.7139784946236558,lt_16KiB,C:\Users\ss\Desktop\XAI\XAI\apps\mobile_authenticator_flutter\android\settings.gradle.kts,cc0a768c16bc4f521d5e,PASS
True,3.7340025094102884,binary,372,9.782221637898067,0.07769998046569526,42.462434963579604,0.017900019884109497,deflate-6,797,333.4921875,2.14247311827957,lt_16KiB,C:\Users\ss\Desktop\XAI\XAI\apps\mobile_authenticator_flutter\android\settings.gradle.kts,cc0a768c16bc4f521d5e,PASS
True,3.7139272271016313,binary,370,8.637254820900651,0.08800000068731606,40.215793372025516,0.01889999839477241,deflate-9,797,333.4921875,2.154054054054054,lt_16KiB,C:\Users\ss\Desktop\XAI\XAI\apps\mobile_authenticator_flutter\android\settings.gradle.kts,cc0a768c16bc4f521d5e,PASS
True,3.9648682559598494,binary,395,11.62199377249261,0.06540000322274864,34.084241903782456,0.022299995180219412,zstd-1,797,333.4921875,2.017721518987342,lt_16KiB,C:\Users\ss\Desktop\XAI\XAI\apps\mobile_authenticator_flutter\android\settings.gradle.kts,cc0a768c16bc4f521d5e,PASS
True,3.9247176913425346,binary,391,13.548637385406892,0.05609999061562121,47.20982226785637,0.01610000617802143,zstd-3,797,333.4921875,2.0383631713554986,lt_16KiB,C:\Users\ss\Desktop\XAI\XAI\apps\mobile_authenticator_flutter\android\settings.gradle.kts,cc0a768c16bc4f521d5e,PASS
True,3.904642409033877,binary,389,7.747996997647366,0.09809999028220773,37.44227049919498,0.02030000905506313,zstd-6,797,333.4921875,2.0488431876606685,lt_16KiB,C:\Users\ss\Desktop\XAI\XAI\apps\mobile_authenticator_flutter\android\settings.gradle.kts,cc0a768c16bc4f521d5e,PASS
True,3.894604767879548,binary,388,7.19771314423926,0.10559998918324709,38.77950437374063,0.01960000372491777,zstd-9,797,333.4921875,2.054123711340206,lt_16KiB,C:\Users\ss\Desktop\XAI\XAI\apps\mobile_authenticator_flutter\android\settings.gradle.kts,cc0a768c16bc4f521d5e,PASS
True,4.145545796737767,binary,413,10.70532747540317,0.07100001676008105,21.90427608210467,0.03470000228844583,brotli-1,797,333.4921875,1.9297820823244551,lt_16KiB,C:\Users\ss\Desktop\XAI\XAI\apps\mobile_authenticator_flutter\android\settings.gradle.kts,cc0a768c16bc4f521d5e,PASS
True,3.6637390213299876,binary,365,4.2062999240594605,0.1807000080589205,23.604932469135914,0.032199983252212405,brotli-4,797,333.4921875,2.1835616438356165,lt_16KiB,C:\Users\ss\Desktop\XAI\XAI\apps\mobile_authenticator_flutter\android\settings.gradle.kts,cc0a768c16bc4f521d5e,PASS
True,3.5533249686323716,binary,354,0.8501995891216262,0.893999997060746,22.22451648919286,0.034199998481199145,brotli-6,797,333.4921875,2.251412429378531,lt_16KiB,C:\Users\ss\Desktop\XAI\XAI\apps\mobile_authenticator_flutter\android\settings.gradle.kts,cc0a768c16bc4f521d5e,PASS
True,3.5533249686323716,binary,354,0.6192589586993542,1.2273999745957553,24.920604748981845,0.030499999411404133,brotli-9,797,333.4921875,2.251412429378531,lt_16KiB,C:\Users\ss\Desktop\XAI\XAI\apps\mobile_authenticator_flutter\android\settings.gradle.kts,cc0a768c16bc4f521d5e,PASS
True,3.272271016311167,binary,326,0.30121202679056375,2.5234000058844686,28.047171827494846,0.02710000262595713,brotli-11,797,333.4921875,2.4447852760736195,lt_16KiB,C:\Users\ss\Desktop\XAI\XAI\apps\mobile_authenticator_flutter\android\settings.gradle.kts,cc0a768c16bc4f521d5e,PASS
True,4.657465495608532,binary,464,4.049432165205557,0.18770000315271318,12.752996327838112,0.05959998816251755,lzma2-0,797,333.4921875,1.7176724137931034,lt_16KiB,C:\Users\ss\Desktop\XAI\XAI\apps\mobile_authenticator_flutter\android\settings.gradle.kts,cc0a768c16bc4f521d5e,PASS
True,4.657465495608532,binary,464,0.26344959670197343,2.885099995182827,7.942303253394611,0.0957000011112541,lzma2-3,797,333.4921875,1.7176724137931034,lt_16KiB,C:\Users\ss\Desktop\XAI\XAI\apps\mobile_authenticator_flutter\android\settings.gradle.kts,cc0a768c16bc4f521d5e,PASS
True,4.496863237139272,binary,448,0.13295289951613998,5.716899991966784,7.5032432244520475,0.10129998554475605,lzma2-6,797,333.4921875,1.7790178571428572,lt_16KiB,C:\Users\ss\Desktop\XAI\XAI\apps\mobile_authenticator_flutter\android\settings.gradle.kts,cc0a768c16bc4f521d5e,PASS
True,4.105395232120451,binary,409,3.593751771687241,0.2114999806508422,12.439908925492288,0.0610999995842576,bzip2-1,797,333.4921875,1.9486552567237163,lt_16KiB,C:\Users\ss\Desktop\XAI\XAI\apps\mobile_authenticator_flutter\android\settings.gradle.kts,cc0a768c16bc4f521d5e,PASS
True,4.105395232120451,binary,409,3.093522567078886,0.24569997913204134,9.135555601418952,0.0832000223454088,bzip2-9,797,333.4921875,1.9486552567237163,lt_16KiB,C:\Users\ss\Desktop\XAI\XAI\apps\mobile_authenticator_flutter\android\settings.gradle.kts,cc0a768c16bc4f521d5e,PASS
True,8.0,binary,3484,922.9452443510247,0.0035999983083456755,4153.220023282887,0.000800006091594696,raw,3484,333.4921875,1.0,lt_16KiB,C:\Users\ss\Desktop\XAI\XAI\apps\admin_dotnet\Components\Pages\Home.razor,5cfd18ecb4615302b290,PASS
True,3.754305396096441,binary,1635,43.43269672667509,0.07650000043213367,72.07377852301538,0.04610000178217888,gzip-1,3484,333.4921875,2.1308868501529052,lt_16KiB,C:\Users\ss\Desktop\XAI\XAI\apps\admin_dotnet\Components\Pages\Home.razor,5cfd18ecb4615302b290,PASS
True,2.920780711825488,binary,1272,21.3947258543182,0.1553000183776021,72.07382402462653,0.04609997267834842,gzip-6,3484,333.4921875,2.738993710691824,lt_16KiB,C:\Users\ss\Desktop\XAI\XAI\apps\admin_dotnet\Components\Pages\Home.razor,5cfd18ecb4615302b290,PASS
True,2.9322617680826637,binary,1277,18.856987875826743,0.1762000028975308,77.44990241059732,0.04290000651963055,gzip-9,3484,333.4921875,2.7282693813625687,lt_16KiB,C:\Users\ss\Desktop\XAI\XAI\apps\admin_dotnet\Components\Pages\Home.razor,5cfd18ecb4615302b290,PASS
True,3.7267508610792195,binary,1623,46.01941088523618,0.07219999679364264,164.485146246688,0.02020000829361379,deflate-1,3484,333.4921875,2.14664202094886,lt_16KiB,C:\Users\ss\Desktop\XAI\XAI\apps\admin_dotnet\Components\Pages\Home.razor,5cfd18ecb4615302b290,PASS
True,2.8932261768082665,binary,1260,21.673850294303698,0.15330000314861536,108.58174181668772,0.03060000017285347,deflate-6,3484,333.4921875,2.765079365079365,lt_16KiB,C:\Users\ss\Desktop\XAI\XAI\apps\admin_dotnet\Components\Pages\Home.razor,5cfd18ecb4615302b290,PASS
True,2.904707233065442,binary,1265,19.172542909261534,0.17329998081550002,124.90982954564105,0.026599998818710446,deflate-9,3484,333.4921875,2.7541501976284586,lt_16KiB,C:\Users\ss\Desktop\XAI\XAI\apps\admin_dotnet\Components\Pages\Home.razor,5cfd18ecb4615302b290,PASS
True,3.1067738231917335,binary,1353,45.45282014510508,0.07310000364668667,156.72657483395705,0.021199986804276705,zstd-1,3484,333.4921875,2.575018477457502,lt_16KiB,C:\Users\ss\Desktop\XAI\XAI\apps\admin_dotnet\Components\Pages\Home.razor,5cfd18ecb4615302b290,PASS
True,3.0355912743972446,binary,1322,34.1129449576127,0.09740001405589283,106.83604158010384,0.031100003980100155,zstd-3,3484,333.4921875,2.6354009077155824,lt_16KiB,C:\Users\ss\Desktop\XAI\XAI\apps\admin_dotnet\Components\Pages\Home.razor,5cfd18ecb4615302b290,PASS
True,2.9621125143513205,binary,1290,19.205790350783634,0.172999978531152,123.05929958942043,0.027000001864507794,zstd-6,3484,333.4921875,2.7007751937984494,lt_16KiB,C:\Users\ss\Desktop\XAI\XAI\apps\admin_dotnet\Components\Pages\Home.razor,5cfd18ecb4615302b290,PASS
True,2.959816303099885,binary,1289,13.174469962931274,0.2521999995224178,120.38407767768359,0.027600006433203816,zstd-9,3484,333.4921875,2.7028704422032583,lt_16KiB,C:\Users\ss\Desktop\XAI\XAI\apps\admin_dotnet\Components\Pages\Home.razor,5cfd18ecb4615302b290,PASS
True,3.187141216991963,binary,1388,34.35989677919548,0.09669997962191701,22.209901255141563,0.14960000407882035,brotli-1,3484,333.4921875,2.510086455331412,lt_16KiB,C:\Users\ss\Desktop\XAI\XAI\apps\admin_dotnet\Components\Pages\Home.razor,5cfd18ecb4615302b290,PASS
True,2.9621125143513205,binary,1290,3.058640696500786,1.0862999770324677,50.418831015405594,0.06590000702999532,brotli-4,3484,333.4921875,2.7007751937984494,lt_16KiB,C:\Users\ss\Desktop\XAI\XAI\apps\admin_dotnet\Components\Pages\Home.razor,5cfd18ecb4615302b290,PASS
True,2.695752009184845,binary,1174,1.9789167970373236,1.6790000081527978,69.65619173134182,0.04770001396536827,brotli-6,3484,333.4921875,2.96763202725724,lt_16KiB,C:\Users\ss\Desktop\XAI\XAI\apps\admin_dotnet\Components\Pages\Home.razor,5cfd18ecb4615302b290,PASS
True,2.6888633754305395,binary,1171,1.0806964729773705,3.074500011280179,53.161637135195015,0.062499981140717864,brotli-9,3484,333.4921875,2.9752348420153716,lt_16KiB,C:\Users\ss\Desktop\XAI\XAI\apps\admin_dotnet\Components\Pages\Home.razor,5cfd18ecb4615302b290,PASS
True,2.4293915040183696,binary,1058,0.3128714854686362,10.619700013194233,62.5725332172834,0.053099996875971556,brotli-11,3484,333.4921875,3.2930056710775046,lt_16KiB,C:\Users\ss\Desktop\XAI\XAI\apps\admin_dotnet\Components\Pages\Home.razor,5cfd18ecb4615302b290,PASS
True,3.196326061997704,binary,1392,7.725182979923568,0.4301000153645873,23.56454889164974,0.14099999680183828,lzma2-0,3484,333.4921875,2.5028735632183907,lt_16KiB,C:\Users\ss\Desktop\XAI\XAI\apps\admin_dotnet\Components\Pages\Home.razor,5cfd18ecb4615302b290,PASS
True,3.1779563719862227,binary,1384,0.974798687049657,3.4084999933838844,15.453959095447566,0.21500000730156898,lzma2-3,3484,333.4921875,2.5173410404624277,lt_16KiB,C:\Users\ss\Desktop\XAI\XAI\apps\admin_dotnet\Components\Pages\Home.razor,5cfd18ecb4615302b290,PASS
True,3.076923076923077,binary,1340,0.5119807263283187,6.489699997473508,18.18610232535912,0.18270002328790724,lzma2-6,3484,333.4921875,2.6,lt_16KiB,C:\Users\ss\Desktop\XAI\XAI\apps\admin_dotnet\Components\Pages\Home.razor,5cfd18ecb4615302b290,PASS
True,3.076923076923077,binary,1340,4.455083537319653,0.7458000036422163,14.93975571885749,0.22239997633732855,bzip2-1,3484,333.4921875,2.6,lt_16KiB,C:\Users\ss\Desktop\XAI\XAI\apps\admin_dotnet\Components\Pages\Home.razor,5cfd18ecb4615302b290,PASS
True,3.076923076923077,binary,1340,3.020821291631126,1.0998999932780862,12.779235805054485,0.26000000070780516,bzip2-9,3484,333.4921875,2.6,lt_16KiB,C:\Users\ss\Desktop\XAI\XAI\apps\admin_dotnet\Components\Pages\Home.razor,5cfd18ecb4615302b290,PASS
True,8.0,binary,4486,1125.8376772078702,0.0037999998312443495,4753.500452722804,0.000900006853044033,raw,4486,333.4921875,1.0,lt_16KiB,C:\Users\ss\Desktop\XAI\XAI\apps\web_angular\src\styles.scss,1364093c2cd97d6b467d,PASS
True,3.8466339723584486,binary,2157,40.05789373286607,0.10679999832063913,101.61954726607192,0.042100000428035855,gzip-1,4486,333.4921875,2.0797403801576264,lt_16KiB,C:\Users\ss\Desktop\XAI\XAI\apps\web_angular\src\styles.scss,1364093c2cd97d6b467d,PASS
True,2.773071778867588,binary,1555,26.490295900342723,0.16150000737980008,85.22281138505315,0.05019997479394078,gzip-6,4486,333.4921875,2.884887459807074,lt_16KiB,C:\Users\ss\Desktop\XAI\XAI\apps\web_angular\src\styles.scss,1364093c2cd97d6b467d,PASS
True,2.774855104770397,binary,1556,22.84133999442785,0.18730000010691583,111.70190383121906,0.038300000596791506,gzip-9,4486,333.4921875,2.8830334190231364,lt_16KiB,C:\Users\ss\Desktop\XAI\XAI\apps\web_angular\src\styles.scss,1364093c2cd97d6b467d,PASS
True,3.8252340615247435,binary,2145,46.90990321699459,0.09119999594986439,165.1808516974055,0.025899993488565087,deflate-1,4486,333.4921875,2.091375291375291,lt_16KiB,C:\Users\ss\Desktop\XAI\XAI\apps\web_angular\src\styles.scss,1364093c2cd97d6b467d,PASS
True,2.751671868033883,binary,1543,29.586328686515508,0.14459999511018395,166.46631598616153,0.025699991965666413,deflate-6,4486,333.4921875,2.9073233959818534,lt_16KiB,C:\Users\ss\Desktop\XAI\XAI\apps\web_angular\src\styles.scss,1364093c2cd97d6b467d,PASS
True,2.753455193936692,binary,1544,26.589079606300608,0.16090000281110406,166.46631598616153,0.025699991965666413,deflate-9,4486,333.4921875,2.905440414507772,lt_16KiB,C:\Users\ss\Desktop\XAI\XAI\apps\web_angular\src\styles.scss,1364093c2cd97d6b467d,PASS
True,3.026304057066429,binary,1697,39.24939022127191,0.10899998596869409,152.79219768146493,0.028000009479001164,zstd-1,4486,333.4921875,2.6434885091337654,lt_16KiB,C:\Users\ss\Desktop\XAI\XAI\apps\web_angular\src\styles.scss,1364093c2cd97d6b467d,PASS
True,2.8943379402585823,binary,1623,40.66713273364328,0.1052000152412802,181.2791245164258,0.023599975975230336,zstd-3,4486,333.4921875,2.7640172520024646,lt_16KiB,C:\Users\ss\Desktop\XAI\XAI\apps\web_angular\src\styles.scss,1364093c2cd97d6b467d,PASS
True,2.765938475256353,binary,1551,23.17542135912044,0.1846000086516142,181.27890096067284,0.023600005079060793,zstd-6,4486,333.4921875,2.892327530625403,lt_16KiB,C:\Users\ss\Desktop\XAI\XAI\apps\web_angular\src\styles.scss,1364093c2cd97d6b467d,PASS
True,2.765938475256353,binary,1551,12.061412611501437,0.3546999942045659,111.70190383121906,0.038300000596791506,zstd-9,4486,333.4921875,2.892327530625403,lt_16KiB,C:\Users\ss\Desktop\XAI\XAI\apps\web_angular\src\styles.scss,1364093c2cd97d6b467d,PASS
True,3.183236736513598,binary,1785,30.428039031418056,0.1406000228598714,58.68563592266925,0.072900002123788,brotli-1,4486,333.4921875,2.5131652661064425,lt_16KiB,C:\Users\ss\Desktop\XAI\XAI\apps\web_angular\src\styles.scss,1364093c2cd97d6b467d,PASS
True,2.6874721355327686,binary,1507,12.15047797320943,0.3520999744068831,72.02326345966058,0.05940001574344933,brotli-4,4486,333.4921875,2.9767750497677503,lt_16KiB,C:\Users\ss\Desktop\XAI\XAI\apps\web_angular\src\styles.scss,1364093c2cd97d6b467d,PASS
True,2.5055728934462773,binary,1405,2.9529148114933372,1.4488000015262514,76.25995898486238,0.05609999061562121,brotli-6,4486,333.4921875,3.19288256227758,lt_16KiB,C:\Users\ss\Desktop\XAI\XAI\apps\web_angular\src\styles.scss,1364093c2cd97d6b467d,PASS
True,2.5020062416406597,binary,1403,1.2562938229876042,3.4053999988827854,95.07074689494421,0.04499999340623617,brotli-9,4486,333.4921875,3.1974340698503205,lt_16KiB,C:\Users\ss\Desktop\XAI\XAI\apps\web_angular\src\styles.scss,1364093c2cd97d6b467d,PASS
True,2.3432902362906822,binary,1314,0.5135195818254207,8.33109999075532,72.88218646686327,0.058699981309473515,brotli-11,4486,333.4921875,3.4140030441400304,lt_16KiB,C:\Users\ss\Desktop\XAI\XAI\apps\web_angular\src\styles.scss,1364093c2cd97d6b467d,PASS
True,2.9959875167186802,binary,1680,8.720307568039843,0.4906000103801489,25.480542208355,0.16789999790489674,lzma2-0,4486,333.4921875,2.670238095238095,lt_16KiB,C:\Users\ss\Desktop\XAI\XAI\apps\web_angular\src\styles.scss,1364093c2cd97d6b467d,PASS
True,2.938921087828801,binary,1648,1.3386892103964514,3.19580000359565,16.63368134588238,0.2572000084910542,lzma2-3,4486,333.4921875,2.7220873786407767,lt_16KiB,C:\Users\ss\Desktop\XAI\XAI\apps\web_angular\src\styles.scss,1364093c2cd97d6b467d,PASS
True,2.8604547481052163,binary,1604,0.6804375391568468,6.287399999564514,22.804813053657316,0.18760000239126384,lzma2-6,4486,333.4921875,2.7967581047381547,lt_16KiB,C:\Users\ss\Desktop\XAI\XAI\apps\web_angular\src\styles.scss,1364093c2cd97d6b467d,PASS
True,2.903254569772626,binary,1628,5.180652670137229,0.8258000016212463,21.916924058672855,0.19519997294992208,bzip2-1,4486,333.4921875,2.7555282555282554,lt_16KiB,C:\Users\ss\Desktop\XAI\XAI\apps\web_angular\src\styles.scss,1364093c2cd97d6b467d,PASS
True,2.903254569772626,binary,1628,4.5024026893875435,0.9501999884378165,18.45635304676149,0.23180001880973577,bzip2-9,4486,333.4921875,2.7555282555282554,lt_16KiB,C:\Users\ss\Desktop\XAI\XAI\apps\web_angular\src\styles.scss,1364093c2cd97d6b467d,PASS
True,8.0,binary,12055,3483.805374513833,0.0032999960239976645,8843.427957374406,0.001300009898841381,raw,12055,333.4921875,1.0,lt_16KiB,C:\Users\ss\Desktop\XAI\XAI\apps\desktop_flutter\.flutter-plugins-dependencies,fb876718379f313755bf,PASS
True,1.0478639568643717,binary,1579,183.358007385041,0.06269998266361654,278.36671817974894,0.04129999433644116,gzip-1,12055,333.4921875,7.634578847371754,lt_16KiB,C:\Users\ss\Desktop\XAI\XAI\apps\desktop_flutter\.flutter-plugins-dependencies,fb876718379f313755bf,PASS
True,0.7339693073413521,binary,1106,81.5357740783116,0.14099999680183828,283.86536348538954,0.04049998824484646,gzip-6,12055,333.4921875,10.899638336347197,lt_16KiB,C:\Users\ss\Desktop\XAI\XAI\apps\desktop_flutter\.flutter-plugins-dependencies,fb876718379f313755bf,PASS
True,0.7359601824968892,binary,1109,61.70984620273107,0.18629999249242246,351.5760917936139,0.03270001616328955,gzip-9,12055,333.4921875,10.87015329125338,lt_16KiB,C:\Users\ss\Desktop\XAI\XAI\apps\desktop_flutter\.flutter-plugins-dependencies,fb876718379f313755bf,PASS
True,1.0399004562422232,binary,1567,212.11333524495006,0.05420000525191426,751.4080927670324,0.015300000086426735,deflate-1,12055,333.4921875,7.693044033184429,lt_16KiB,C:\Users\ss\Desktop\XAI\XAI\apps\desktop_flutter\.flutter-plugins-dependencies,fb876718379f313755bf,PASS
True,0.7260058067192037,binary,1094,78.74344814993336,0.14600000577047467,577.7164435370408,0.019899976905435324,deflate-6,12055,333.4921875,11.019195612431444,lt_16KiB,C:\Users\ss\Desktop\XAI\XAI\apps\desktop_flutter\.flutter-plugins-dependencies,fb876718379f313755bf,PASS
True,0.7279966818747408,binary,1097,62.481215375932905,0.18400000408291817,529.7948782600998,0.02169999061152339,deflate-9,12055,333.4921875,10.989061075660894,lt_16KiB,C:\Users\ss\Desktop\XAI\XAI\apps\desktop_flutter\.flutter-plugins-dependencies,fb876718379f313755bf,PASS
True,0.8733305682289506,binary,1316,152.27206021522952,0.07550002192147076,392.37325190888225,0.029300019377842546,zstd-1,12055,333.4921875,9.160334346504559,lt_16KiB,C:\Users\ss\Desktop\XAI\XAI\apps\desktop_flutter\.flutter-plugins-dependencies,fb876718379f313755bf,PASS
True,0.8627125673994194,binary,1300,172.6207470069163,0.06660001236014068,544.8602601415192,0.021099986042827368,zstd-3,12055,333.4921875,9.273076923076923,lt_16KiB,C:\Users\ss\Desktop\XAI\XAI\apps\desktop_flutter\.flutter-plugins-dependencies,fb876718379f313755bf,PASS
True,0.7399419328079635,binary,1115,73.55434493383859,0.156299996888265,660.7203024119359,0.017400016076862812,zstd-6,12055,333.4921875,10.811659192825113,lt_16KiB,C:\Users\ss\Desktop\XAI\XAI\apps\desktop_flutter\.flutter-plugins-dependencies,fb876718379f313755bf,PASS
True,0.7306511820821237,binary,1101,29.592132122544125,0.38850001874379814,608.2827968629456,0.01889999839477241,zstd-9,12055,333.4921875,10.94913714804723,lt_16KiB,C:\Users\ss\Desktop\XAI\XAI\apps\desktop_flutter\.flutter-plugins-dependencies,fb876718379f313755bf,PASS
True,0.8945665698880133,binary,1348,172.1039145950887,0.06680001388303936,293.2793427282332,0.03919997834600508,brotli-1,12055,333.4921875,8.942878338278932,lt_16KiB,C:\Users\ss\Desktop\XAI\XAI\apps\desktop_flutter\.flutter-plugins-dependencies,fb876718379f313755bf,PASS
True,0.7731231854002488,binary,1165,56.99823631070194,0.20169999334029853,363.8145902255362,0.03160000778734684,brotli-4,12055,333.4921875,10.34763948497854,lt_16KiB,C:\Users\ss\Desktop\XAI\XAI\apps\desktop_flutter\.flutter-plugins-dependencies,fb876718379f313755bf,PASS
True,0.6948154292824554,binary,1047,11.71562618272312,0.9812999924179167,337.14207193682165,0.03409999771974981,brotli-6,12055,333.4921875,11.513849092645653,lt_16KiB,C:\Users\ss\Desktop\XAI\XAI\apps\desktop_flutter\.flutter-plugins-dependencies,fb876718379f313755bf,PASS
True,0.682206553297387,binary,1028,6.2977506286578775,1.8255000177305192,344.207979156773,0.03339999238960445,brotli-9,12055,333.4921875,11.726653696498055,lt_16KiB,C:\Users\ss\Desktop\XAI\XAI\apps\desktop_flutter\.flutter-plugins-dependencies,fb876718379f313755bf,PASS
True,0.627789299046039,binary,946,0.3447270554391426,33.34970001014881,187.54557384396549,0.06130000110715628,brotli-11,12055,333.4921875,12.743128964059197,lt_16KiB,C:\Users\ss\Desktop\XAI\XAI\apps\desktop_flutter\.flutter-plugins-dependencies,fb876718379f313755bf,PASS
True,0.852094566569888,binary,1284,16.314096363867343,0.7047000108286738,48.87986626096189,0.23519998649135232,lzma2-0,12055,333.4921875,9.388629283489097,lt_16KiB,C:\Users\ss\Desktop\XAI\XAI\apps\desktop_flutter\.flutter-plugins-dependencies,fb876718379f313755bf,PASS
True,0.7777685607631688,binary,1172,2.6850418913807013,4.281700006686151,45.20858506867153,0.25430001551285386,lzma2-3,12055,333.4921875,10.285836177474403,lt_16KiB,C:\Users\ss\Desktop\XAI\XAI\apps\desktop_flutter\.flutter-plugins-dependencies,fb876718379f313755bf,PASS
True,0.7565325591041062,binary,1140,1.1510471549685013,9.987900004489347,59.50592478406749,0.1931999868247658,lzma2-6,12055,333.4921875,10.574561403508772,lt_16KiB,C:\Users\ss\Desktop\XAI\XAI\apps\desktop_flutter\.flutter-plugins-dependencies,fb876718379f313755bf,PASS
True,0.7538780588967233,binary,1136,4.8268300707403435,2.3818000045139343,38.04283193944092,0.30220000189729035,bzip2-1,12055,333.4921875,10.611795774647888,lt_16KiB,C:\Users\ss\Desktop\XAI\XAI\apps\desktop_flutter\.flutter-plugins-dependencies,fb876718379f313755bf,PASS
True,0.7538780588967233,binary,1136,5.427506304616226,2.1182000054977834,25.4855771842486,0.45110000064596534,bzip2-9,12055,333.4921875,10.611795774647888,lt_16KiB,C:\Users\ss\Desktop\XAI\XAI\apps\desktop_flutter\.flutter-plugins-dependencies,fb876718379f313755bf,PASS
True,8.0,binary,23705,4613.6624654019315,0.0048999791033566,32295.253617162813,0.000700005330145359,raw,23705,333.4921875,1.0,16_64KiB,C:\Users\ss\Desktop\XAI\XAI\apps\desktop_flutter\pubspec.lock,665359906b3619ac985e,PASS
True,2.808183927441468,binary,8321,88.44620499595268,0.2555999963078648,291.3253492834308,0.07760000880807638,gzip-1,23705,333.4921875,2.8488162480471098,16_64KiB,C:\Users\ss\Desktop\XAI\XAI\apps\desktop_flutter\pubspec.lock,665359906b3619ac985e,PASS
True,1.817338114321873,binary,5385,52.16162684901485,0.43340001138858497,335.9116419666063,0.06729998858645558,gzip-6,23705,333.4921875,4.402042711234912,16_64KiB,C:\Users\ss\Desktop\XAI\XAI\apps\desktop_flutter\pubspec.lock,665359906b3619ac985e,PASS
True,1.9570554735287915,binary,5799,41.73315488857859,0.5416999920271337,187.60873240606827,0.12049998622387648,gzip-9,23705,333.4921875,4.087773754095534,16_64KiB,C:\Users\ss\Desktop\XAI\XAI\apps\desktop_flutter\pubspec.lock,665359906b3619ac985e,PASS
True,2.8041341489137315,binary,8309,72.57415286601709,0.3115000145044178,329.54592083927645,0.06859999848529696,deflate-1,23705,333.4921875,2.8529305572271033,16_64KiB,C:\Users\ss\Desktop\XAI\XAI\apps\desktop_flutter\pubspec.lock,665359906b3619ac985e,PASS
True,1.8132883357941363,binary,5373,42.88910982254007,0.5270999972708523,323.8804674460213,0.06979997851885855,deflate-6,23705,333.4921875,4.411874185743533,16_64KiB,C:\Users\ss\Desktop\XAI\XAI\apps\desktop_flutter\pubspec.lock,665359906b3619ac985e,PASS
True,1.9530056950010546,binary,5787,33.52142676785168,0.6743999838363379,270.4168740952921,0.08359999628737569,deflate-9,23705,333.4921875,4.0962502160013825,16_64KiB,C:\Users\ss\Desktop\XAI\XAI\apps\desktop_flutter\pubspec.lock,665359906b3619ac985e,PASS
True,1.8736975321662097,binary,5552,115.5178793733263,0.19570000586099923,28.86472025764767,0.7832000264897943,zstd-1,23705,333.4921875,4.269632564841499,16_64KiB,C:\Users\ss\Desktop\XAI\XAI\apps\desktop_flutter\pubspec.lock,665359906b3619ac985e,PASS
True,1.8514237502636575,binary,5486,76.45197449847075,0.29570001061074436,340.46469713160633,0.06639998173341155,zstd-3,23705,333.4921875,4.320998906306963,16_64KiB,C:\Users\ss\Desktop\XAI\XAI\apps\desktop_flutter\pubspec.lock,665359906b3619ac985e,PASS
True,1.821725374393588,binary,5398,35.674372545383285,0.6336999940685928,331.9655130266362,0.06809999467805028,zstd-6,23705,333.4921875,4.391441274546128,16_64KiB,C:\Users\ss\Desktop\XAI\XAI\apps\desktop_flutter\pubspec.lock,665359906b3619ac985e,PASS
True,1.801476481754904,binary,5338,26.734685743672756,0.8455999777652323,342.5279848730654,0.06600000779144466,zstd-9,23705,333.4921875,4.440801798426377,16_64KiB,C:\Users\ss\Desktop\XAI\XAI\apps\desktop_flutter\pubspec.lock,665359906b3619ac985e,PASS
True,1.9854039232229488,binary,5883,108.478157465118,0.20840001525357366,148.7292522748374,0.15200002235360444,brotli-1,23705,333.4921875,4.029406765255822,16_64KiB,C:\Users\ss\Desktop\XAI\XAI\apps\desktop_flutter\pubspec.lock,665359906b3619ac985e,PASS
True,1.7889896646277157,binary,5301,25.913399224618452,0.8724000072106719,171.52391692555756,0.1317999849561602,brotli-4,23705,333.4921875,4.471797774004905,16_64KiB,C:\Users\ss\Desktop\XAI\XAI\apps\desktop_flutter\pubspec.lock,665359906b3619ac985e,PASS
True,1.7528791394220629,binary,5194,8.223064747458267,2.7492000081110746,143.71807505422046,0.15729997539892793,brotli-6,23705,333.4921875,4.563919907585675,16_64KiB,C:\Users\ss\Desktop\XAI\XAI\apps\desktop_flutter\pubspec.lock,665359906b3619ac985e,PASS
True,1.742754693102721,binary,5164,1.426335660222798,15.849599993089214,133.1380920092337,0.16980001237243414,brotli-9,23705,333.4921875,4.5904337722695585,16_64KiB,C:\Users\ss\Desktop\XAI\XAI\apps\desktop_flutter\pubspec.lock,665359906b3619ac985e,PASS
True,1.5878506644167898,binary,4705,0.26667354381778813,84.773500013398,173.7651766072316,0.13010000111535192,brotli-11,23705,333.4921875,5.038257173219979,16_64KiB,C:\Users\ss\Desktop\XAI\XAI\apps\desktop_flutter\pubspec.lock,665359906b3619ac985e,PASS
True,2.0680869014975745,binary,6128,12.525958333274206,1.8048000056296587,35.22962409842528,0.6416999967768788,lzma2-0,23705,333.4921875,3.868309399477807,16_64KiB,C:\Users\ss\Desktop\XAI\XAI\apps\desktop_flutter\pubspec.lock,665359906b3619ac985e,PASS
True,1.9857414047669268,binary,5884,4.185446031840926,5.401300004450604,35.94093819368854,0.6289999873843044,lzma2-3,23705,333.4921875,4.028721957851801,16_64KiB,C:\Users\ss\Desktop\XAI\XAI\apps\desktop_flutter\pubspec.lock,665359906b3619ac985e,PASS
True,1.7454545454545454,binary,5172,2.227363604534287,10.149600013392046,36.19992043865369,0.6244999822229147,lzma2-6,23705,333.4921875,4.583333333333333,16_64KiB,C:\Users\ss\Desktop\XAI\XAI\apps\desktop_flutter\pubspec.lock,665359906b3619ac985e,PASS
True,1.6641214933558321,binary,4931,7.486207653374552,3.0197999731171876,24.395003073065467,0.9267000132240355,bzip2-1,23705,333.4921875,4.807341310079091,16_64KiB,C:\Users\ss\Desktop\XAI\XAI\apps\desktop_flutter\pubspec.lock,665359906b3619ac985e,PASS
True,1.6641214933558321,binary,4931,5.194111228669587,4.352399992058054,21.852924009405616,1.0344999900553375,bzip2-9,23705,333.4921875,4.807341310079091,16_64KiB,C:\Users\ss\Desktop\XAI\XAI\apps\desktop_flutter\pubspec.lock,665359906b3619ac985e,PASS
True,8.0,csv,303,99.64276466987144,0.0028999929782003164,412.8015965408282,0.000700005330145359,raw,303,333.4921875,1.0,lt_16KiB,C:\Users\ss\Desktop\XAI\XAI\engines\XAI-Compress\results\final_project\lossless_bpb_breakdown.csv,39a02de3ede36018b3fe,PASS
True,7.102310231023102,csv,269,6.0200670843064925,0.04800001624971628,9.321396382863666,0.031000003218650818,gzip-1,303,333.4921875,1.1263940520446096,lt_16KiB,C:\Users\ss\Desktop\XAI\XAI\engines\XAI-Compress\results\final_project\lossless_bpb_breakdown.csv,39a02de3ede36018b3fe,PASS
True,6.099009900990099,csv,231,4.982125733554455,0.05800000508315861,10.431896982865501,0.027699978090822697,gzip-6,303,333.4921875,1.3116883116883118,lt_16KiB,C:\Users\ss\Desktop\XAI\XAI\engines\XAI-Compress\results\final_project\lossless_bpb_breakdown.csv,39a02de3ede36018b3fe,PASS
True,6.072607260726072,csv,230,4.623412328101164,0.06250001024454832,10.4696829897641,0.027600006433203816,gzip-9,303,333.4921875,1.317391304347826,lt_16KiB,C:\Users\ss\Desktop\XAI\XAI\engines\XAI-Compress\results\final_project\lossless_bpb_breakdown.csv,39a02de3ede36018b3fe,PASS
True,6.785478547854786,csv,257,9.115559619685568,0.03170000854879618,42.49464574612876,0.006799993570894003,deflate-1,303,333.4921875,1.178988326848249,lt_16KiB,C:\Users\ss\Desktop\XAI\XAI\engines\XAI-Compress\results\final_project\lossless_bpb_breakdown.csv,39a02de3ede36018b3fe,PASS
True,5.782178217821782,csv,219,5.621856190794354,0.05139998393133283,24.282625018037034,0.011900003300979733,deflate-6,303,333.4921875,1.3835616438356164,lt_16KiB,C:\Users\ss\Desktop\XAI\XAI\engines\XAI-Compress\results\final_project\lossless_bpb_breakdown.csv,39a02de3ede36018b3fe,PASS
True,5.755775577557756,csv,218,5.9213802851340835,0.04879999323748052,23.492940550133095,0.012300006346777081,deflate-9,303,333.4921875,1.389908256880734,lt_16KiB,C:\Users\ss\Desktop\XAI\XAI\engines\XAI-Compress\results\final_project\lossless_bpb_breakdown.csv,39a02de3ede36018b3fe,PASS
True,5.887788778877888,csv,223,5.802476163203525,0.04980000085197389,16.41835391545346,0.017600017599761486,zstd-1,303,333.4921875,1.358744394618834,lt_16KiB,C:\Users\ss\Desktop\XAI\XAI\engines\XAI-Compress\results\final_project\lossless_bpb_breakdown.csv,39a02de3ede36018b3fe,PASS
True,5.861386138613861,csv,222,5.958007665410301,0.04849999095313251,21.726589990021534,0.013299984857439995,zstd-3,303,333.4921875,1.364864864864865,lt_16KiB,C:\Users\ss\Desktop\XAI\XAI\engines\XAI-Compress\results\final_project\lossless_bpb_breakdown.csv,39a02de3ede36018b3fe,PASS
True,5.861386138613861,csv,222,6.148154569795927,0.04700000863522291,27.520335276361852,0.010499992640689015,zstd-6,303,333.4921875,1.364864864864865,lt_16KiB,C:\Users\ss\Desktop\XAI\XAI\engines\XAI-Compress\results\final_project\lossless_bpb_breakdown.csv,39a02de3ede36018b3fe,PASS
True,5.861386138613861,csv,222,5.885200493401847,0.04909999552182853,27.784956106352197,0.010399991879239678,zstd-9,303,333.4921875,1.364864864864865,lt_16KiB,C:\Users\ss\Desktop\XAI\XAI\engines\XAI-Compress\results\final_project\lossless_bpb_breakdown.csv,39a02de3ede36018b3fe,PASS
True,6.257425742574258,csv,237,6.045259514306851,0.04779998562298715,12.192542053182631,0.02370000584051013,brotli-1,303,333.4921875,1.2784810126582278,lt_16KiB,C:\Users\ss\Desktop\XAI\XAI\engines\XAI-Compress\results\final_project\lossless_bpb_breakdown.csv,39a02de3ede36018b3fe,PASS
True,5.623762376237623,csv,213,2.6830390342609087,0.10770000517368317,15.790350566093549,0.01829999382607639,brotli-4,303,333.4921875,1.4225352112676057,lt_16KiB,C:\Users\ss\Desktop\XAI\XAI\engines\XAI-Compress\results\final_project\lossless_bpb_breakdown.csv,39a02de3ede36018b3fe,PASS
True,5.2805280528052805,csv,200,0.4265141176343737,0.6775000074412674,12.842816009437403,0.022499996703118086,brotli-6,303,333.4921875,1.515,lt_16KiB,C:\Users\ss\Desktop\XAI\XAI\engines\XAI-Compress\results\final_project\lossless_bpb_breakdown.csv,39a02de3ede36018b3fe,PASS
True,5.2805280528052805,csv,200,0.29802322675396054,0.9695999906398356,14.668185383971032,0.019700004486367106,brotli-9,303,333.4921875,1.515,lt_16KiB,C:\Users\ss\Desktop\XAI\XAI\engines\XAI-Compress\results\final_project\lossless_bpb_breakdown.csv,39a02de3ede36018b3fe,PASS
True,5.095709570957096,csv,193,0.17811953125880176,1.6223000129684806,10.623650069282087,0.02720000338740647,brotli-11,303,333.4921875,1.5699481865284974,lt_16KiB,C:\Users\ss\Desktop\XAI\XAI\engines\XAI-Compress\results\final_project\lossless_bpb_breakdown.csv,39a02de3ede36018b3fe,PASS
True,7.603960396039604,csv,288,1.8311999743266556,0.1577999792061746,6.49355497580459,0.04450001870281994,lzma2-0,303,333.4921875,1.0520833333333333,lt_16KiB,C:\Users\ss\Desktop\XAI\XAI\engines\XAI-Compress\results\final_project\lossless_bpb_breakdown.csv,39a02de3ede36018b3fe,PASS
True,7.603960396039604,csv,288,0.09596603182536874,3.0110999941825867,3.4731170834601377,0.08319999324157834,lzma2-3,303,333.4921875,1.0520833333333333,lt_16KiB,C:\Users\ss\Desktop\XAI\XAI\engines\XAI-Compress\results\final_project\lossless_bpb_breakdown.csv,39a02de3ede36018b3fe,PASS
True,7.4983498349834985,csv,284,0.04933556150481953,5.857100011780858,2.8027480113558574,0.10309999925084412,lzma2-6,303,333.4921875,1.0669014084507042,lt_16KiB,C:\Users\ss\Desktop\XAI\XAI\engines\XAI-Compress\results\final_project\lossless_bpb_breakdown.csv,39a02de3ede36018b3fe,PASS
True,6.653465346534653,csv,252,1.7261847554339322,0.16739999409765005,6.522871462949787,0.04430001717992127,bzip2-1,303,333.4921875,1.2023809523809523,lt_16KiB,C:\Users\ss\Desktop\XAI\XAI\engines\XAI-Compress\results\final_project\lossless_bpb_breakdown.csv,39a02de3ede36018b3fe,PASS
True,6.653465346534653,csv,252,1.699784374836826,0.16999998479150236,4.431952612537412,0.06520000169984996,bzip2-9,303,333.4921875,1.2023809523809523,lt_16KiB,C:\Users\ss\Desktop\XAI\XAI\engines\XAI-Compress\results\final_project\lossless_bpb_breakdown.csv,39a02de3ede36018b3fe,PASS
True,8.0,csv,548,168.58530723372294,0.0030999945010989904,871.0159099728367,0.000600004568696022,raw,548,333.4921875,1.0,lt_16KiB,C:\Users\ss\Desktop\XAI\XAI\engines\XAI-Compress\results\hybrid_ai\final_decision_table.csv,13de65abccd316cc7ad0,PASS
True,5.956204379562044,csv,408,12.384206413739214,0.04220000118948519,19.073482910000138,0.027400004910305142,gzip-1,548,333.4921875,1.3431372549019607,lt_16KiB,C:\Users\ss\Desktop\XAI\XAI\engines\XAI-Compress\results\hybrid_ai\final_decision_table.csv,13de65abccd316cc7ad0,PASS
True,4.7153284671532845,csv,323,9.714005649821427,0.053800002206116915,18.532387287204124,0.02820001100189984,gzip-6,548,333.4921875,1.696594427244582,lt_16KiB,C:\Users\ss\Desktop\XAI\XAI\engines\XAI-Compress\results\hybrid_ai\final_decision_table.csv,13de65abccd316cc7ad0,PASS
True,4.7153284671532845,csv,323,9.954539281008179,0.05250002141110599,18.337308131810676,0.02850001328624785,gzip-9,548,333.4921875,1.696594427244582,lt_16KiB,C:\Users\ss\Desktop\XAI\XAI\engines\XAI-Compress\results\hybrid_ai\final_decision_table.csv,13de65abccd316cc7ad0,PASS
True,5.781021897810219,csv,396,15.884915099054789,0.032899988582357764,66.15359450637705,0.00790000194683671,deflate-1,548,333.4921875,1.3838383838383839,lt_16KiB,C:\Users\ss\Desktop\XAI\XAI\engines\XAI-Compress\results\hybrid_ai\final_decision_table.csv,13de65abccd316cc7ad0,PASS
True,4.54014598540146,csv,311,9.332386072775181,0.05599998985417187,39.89412436432629,0.013100012438371778,deflate-6,548,333.4921875,1.7620578778135048,lt_16KiB,C:\Users\ss\Desktop\XAI\XAI\engines\XAI-Compress\results\hybrid_ai\final_decision_table.csv,13de65abccd316cc7ad0,PASS
True,4.54014598540146,csv,311,9.519370212314788,0.05490001058205962,41.150735159315076,0.012699980288743973,deflate-9,548,333.4921875,1.7620578778135048,lt_16KiB,C:\Users\ss\Desktop\XAI\XAI\engines\XAI-Compress\results\hybrid_ai\final_decision_table.csv,13de65abccd316cc7ad0,PASS
True,4.890510948905109,csv,335,8.739358119288738,0.05979998968541622,30.5621698164588,0.0171000137925148,zstd-1,548,333.4921875,1.635820895522388,lt_16KiB,C:\Users\ss\Desktop\XAI\XAI\engines\XAI-Compress\results\hybrid_ai\final_decision_table.csv,13de65abccd316cc7ad0,PASS
True,4.875912408759124,csv,334,12.0417915091885,0.04339998122304678,42.4888825791186,0.012300006346777081,zstd-3,548,333.4921875,1.6407185628742516,lt_16KiB,C:\Users\ss\Desktop\XAI\XAI\engines\XAI-Compress\results\hybrid_ai\final_decision_table.csv,13de65abccd316cc7ad0,PASS
True,4.773722627737226,csv,327,9.973536630544237,0.05240002064965665,43.19128711347149,0.01209997572004795,zstd-6,548,333.4921875,1.6758409785932722,lt_16KiB,C:\Users\ss\Desktop\XAI\XAI\engines\XAI-Compress\results\hybrid_ai\final_decision_table.csv,13de65abccd316cc7ad0,PASS
True,4.773722627737226,csv,327,8.948860490509112,0.05840000812895596,46.24898973639138,0.011299998732283711,zstd-9,548,333.4921875,1.6758409785932722,lt_16KiB,C:\Users\ss\Desktop\XAI\XAI\engines\XAI-Compress\results\hybrid_ai\final_decision_table.csv,13de65abccd316cc7ad0,PASS
True,5.007299270072993,csv,343,10.187401497968404,0.05129998316988349,15.884915099054789,0.032899988582357764,brotli-1,548,333.4921875,1.597667638483965,lt_16KiB,C:\Users\ss\Desktop\XAI\XAI\engines\XAI-Compress\results\hybrid_ai\final_decision_table.csv,13de65abccd316cc7ad0,PASS
True,4.437956204379562,csv,304,4.020104030522306,0.13000000035390258,25.871983356049714,0.020199979189783335,brotli-4,548,333.4921875,1.8026315789473684,lt_16KiB,C:\Users\ss\Desktop\XAI\XAI\engines\XAI-Compress\results\hybrid_ai\final_decision_table.csv,13de65abccd316cc7ad0,PASS
True,4.175182481751825,csv,286,0.57467948822575,0.909399997908622,15.148217791128983,0.034500000765547156,brotli-6,548,333.4921875,1.916083916083916,lt_16KiB,C:\Users\ss\Desktop\XAI\XAI\engines\XAI-Compress\results\hybrid_ai\final_decision_table.csv,13de65abccd316cc7ad0,PASS
True,4.189781021897811,csv,287,0.39329735800821863,1.3287999900057912,10.887778093069167,0.04800001624971628,brotli-9,548,333.4921875,1.9094076655052266,lt_16KiB,C:\Users\ss\Desktop\XAI\XAI\engines\XAI-Compress\results\hybrid_ai\final_decision_table.csv,13de65abccd316cc7ad0,PASS
True,4.102189781021898,csv,281,0.2333304426144528,2.2398000000976026,17.36257769079932,0.030099996365606785,brotli-11,548,333.4921875,1.9501779359430604,lt_16KiB,C:\Users\ss\Desktop\XAI\XAI\engines\XAI-Compress\results\hybrid_ai\final_decision_table.csv,13de65abccd316cc7ad0,PASS
True,5.839416058394161,csv,400,2.981252351300674,0.17529999604448676,9.786770292291845,0.05339999916031957,lzma2-0,548,333.4921875,1.37,lt_16KiB,C:\Users\ss\Desktop\XAI\XAI\engines\XAI-Compress\results\hybrid_ai\final_decision_table.csv,13de65abccd316cc7ad0,PASS
True,5.839416058394161,csv,400,0.1847996909313164,2.8279999969527125,5.858895379245382,0.0892000098247081,lzma2-3,548,333.4921875,1.37,lt_16KiB,C:\Users\ss\Desktop\XAI\XAI\engines\XAI-Compress\results\hybrid_ai\final_decision_table.csv,13de65abccd316cc7ad0,PASS
True,5.547445255474453,csv,380,0.106421260474998,4.910799994831905,6.3889174906524415,0.08180001168511808,lzma2-6,548,333.4921875,1.4421052631578948,lt_16KiB,C:\Users\ss\Desktop\XAI\XAI\engines\XAI-Compress\results\hybrid_ai\final_decision_table.csv,13de65abccd316cc7ad0,PASS
True,5.1678832116788325,csv,354,2.616993022076355,0.19970000721514225,10.227268403897293,0.05110001075081527,bzip2-1,548,333.4921875,1.5480225988700564,lt_16KiB,C:\Users\ss\Desktop\XAI\XAI\engines\XAI-Compress\results\hybrid_ai\final_decision_table.csv,13de65abccd316cc7ad0,PASS
True,5.1678832116788325,csv,354,2.0607790393646552,0.25359998107887805,5.872061535302126,0.08900000830180943,bzip2-9,548,333.4921875,1.5480225988700564,lt_16KiB,C:\Users\ss\Desktop\XAI\XAI\engines\XAI-Compress\results\hybrid_ai\final_decision_table.csv,13de65abccd316cc7ad0,PASS
True,8.0,csv,803,186.7805075421473,0.0041000021155923605,850.9104550011318,0.0008999777492135763,raw,803,333.4921875,1.0,lt_16KiB,C:\Users\ss\Desktop\XAI\XAI\engines\XAI-Compress\results\model_search\leaderboard.csv,7da935a5c5745da0fc47,PASS
True,4.51307596513076,csv,453,13.748665116203732,0.05569998756982386,25.190806252728486,0.030399998649954796,gzip-1,803,333.4921875,1.7726269315673289,lt_16KiB,C:\Users\ss\Desktop\XAI\XAI\engines\XAI-Compress\results\model_search\leaderboard.csv,7da935a5c5745da0fc47,PASS
True,3.9850560398505603,csv,400,9.215409691611441,0.083099992480129,17.80931038146993,0.04300000728107989,gzip-6,803,333.4921875,2.0075,lt_16KiB,C:\Users\ss\Desktop\XAI\XAI\engines\XAI-Compress\results\model_search\leaderboard.csv,7da935a5c5745da0fc47,PASS
True,3.9452054794520546,csv,396,6.579041143910424,0.11640001321211457,19.994790186462083,0.038300000596791506,gzip-9,803,333.4921875,2.0277777777777777,lt_16KiB,C:\Users\ss\Desktop\XAI\XAI\engines\XAI-Compress\results\model_search\leaderboard.csv,7da935a5c5745da0fc47,PASS
True,4.393524283935243,csv,441,13.341471589033636,0.05740000051446259,68.99105122537645,0.011099997209385037,deflate-1,803,333.4921875,1.8208616780045352,lt_16KiB,C:\Users\ss\Desktop\XAI\XAI\engines\XAI-Compress\results\model_search\leaderboard.csv,7da935a5c5745da0fc47,PASS
True,3.8655043586550435,csv,388,9.894065787460006,0.07739997818134725,38.87311176016085,0.019700004486367106,deflate-6,803,333.4921875,2.0695876288659796,lt_16KiB,C:\Users\ss\Desktop\XAI\XAI\engines\XAI-Compress\results\model_search\leaderboard.csv,7da935a5c5745da0fc47,PASS
True,3.825653798256538,csv,384,8.243276671198801,0.09290000889450312,33.587741670304645,0.022799998987466097,deflate-9,803,333.4921875,2.0911458333333335,lt_16KiB,C:\Users\ss\Desktop\XAI\XAI\engines\XAI-Compress\results\model_search\leaderboard.csv,7da935a5c5745da0fc47,PASS
True,4.004981320049813,csv,402,12.892266806730923,0.059399986639618874,55.89789432538536,0.013699987903237343,zstd-1,803,333.4921875,1.9975124378109452,lt_16KiB,C:\Users\ss\Desktop\XAI\XAI\engines\XAI-Compress\results\model_search\leaderboard.csv,7da935a5c5745da0fc47,PASS
True,3.975093399750934,csv,399,17.017790850789165,0.04499999340623617,64.3529633316295,0.011900003300979733,zstd-3,803,333.4921875,2.012531328320802,lt_16KiB,C:\Users\ss\Desktop\XAI\XAI\engines\XAI-Compress\results\model_search\leaderboard.csv,7da935a5c5745da0fc47,PASS
True,3.925280199252802,csv,394,16.684106138308504,0.045900000259280205,67.76996123781439,0.011299998732283711,zstd-6,803,333.4921875,2.0380710659898478,lt_16KiB,C:\Users\ss\Desktop\XAI\XAI\engines\XAI-Compress\results\model_search\leaderboard.csv,7da935a5c5745da0fc47,PASS
True,3.925280199252802,csv,394,12.371573600242234,0.0619000056758523,73.6345125957766,0.010400020983070135,zstd-9,803,333.4921875,2.0380710659898478,lt_16KiB,C:\Users\ss\Desktop\XAI\XAI\engines\XAI-Compress\results\model_search\leaderboard.csv,7da935a5c5745da0fc47,PASS
True,4.114570361145703,csv,413,16.64783606698436,0.04600000102072954,29.567593382304192,0.025899993488565087,brotli-1,803,333.4921875,1.944309927360775,lt_16KiB,C:\Users\ss\Desktop\XAI\XAI\engines\XAI-Compress\results\model_search\leaderboard.csv,7da935a5c5745da0fc47,PASS
True,3.8455790784557906,csv,386,7.370552807483073,0.10390000534243882,43.760057875086275,0.017499987734481692,brotli-4,803,333.4921875,2.0803108808290154,lt_16KiB,C:\Users\ss\Desktop\XAI\XAI\engines\XAI-Compress\results\model_search\leaderboard.csv,7da935a5c5745da0fc47,PASS
True,3.6662515566625156,csv,368,1.1176306185218279,0.685199978761375,39.885440051416765,0.01920000067912042,brotli-6,803,333.4921875,2.182065217391304,lt_16KiB,C:\Users\ss\Desktop\XAI\XAI\engines\XAI-Compress\results\model_search\leaderboard.csv,7da935a5c5745da0fc47,PASS
True,3.656288916562889,csv,367,0.7479250694182781,1.0238999966531992,39.27181331761229,0.019500002963468432,brotli-9,803,333.4921875,2.188010899182561,lt_16KiB,C:\Users\ss\Desktop\XAI\XAI\engines\XAI-Compress\results\model_search\leaderboard.csv,7da935a5c5745da0fc47,PASS
True,3.277708592777086,csv,329,0.34498625028216545,2.2197999933268875,38.87311176016085,0.019700004486367106,brotli-11,803,333.4921875,2.440729483282675,lt_16KiB,C:\Users\ss\Desktop\XAI\XAI\engines\XAI-Compress\results\model_search\leaderboard.csv,7da935a5c5745da0fc47,PASS
True,4.542963885429639,csv,456,4.783263533826796,0.16009999671950936,15.502034617063682,0.04939999780617654,lzma2-0,803,333.4921875,1.7609649122807018,lt_16KiB,C:\Users\ss\Desktop\XAI\XAI\engines\XAI-Compress\results\model_search\leaderboard.csv,7da935a5c5745da0fc47,PASS
True,4.542963885429639,csv,456,0.2764423066568567,2.7701999933924526,9.817953329403073,0.07800001185387373,lzma2-3,803,333.4921875,1.7609649122807018,lt_16KiB,C:\Users\ss\Desktop\XAI\XAI\engines\XAI-Compress\results\model_search\leaderboard.csv,7da935a5c5745da0fc47,PASS
True,4.463262764632628,csv,448,0.12525564329838068,6.113899988122284,6.862011079796388,0.11160000576637685,lzma2-6,803,333.4921875,1.7924107142857142,lt_16KiB,C:\Users\ss\Desktop\XAI\XAI\engines\XAI-Compress\results\model_search\leaderboard.csv,7da935a5c5745da0fc47,PASS
True,4.303860523038606,csv,432,2.980928211648397,0.25690000620670617,9.596497620087042,0.07979999645613134,bzip2-1,803,333.4921875,1.8587962962962963,lt_16KiB,C:\Users\ss\Desktop\XAI\XAI\engines\XAI-Compress\results\model_search\leaderboard.csv,7da935a5c5745da0fc47,PASS
True,4.303860523038606,csv,432,3.1041772080069867,0.2466999867465347,11.62064331382626,0.06590000702999532,bzip2-9,803,333.4921875,1.8587962962962963,lt_16KiB,C:\Users\ss\Desktop\XAI\XAI\engines\XAI-Compress\results\model_search\leaderboard.csv,7da935a5c5745da0fc47,PASS
True,8.0,csv,930,369.5504650570559,0.0023999891709536314,1773.8207217694994,0.000500003807246685,raw,930,333.4921875,1.0,lt_16KiB,C:\Users\ss\Desktop\XAI\XAI\engines\XAI-Compress\results\final_project\lossy_benchmark.csv,5dc21384a6a2b295ec5d,PASS
True,4.645161290322581,csv,540,7.409499129681261,0.11970000923611224,11.017603659345637,0.0805000017862767,gzip-1,930,333.4921875,1.7222222222222223,lt_16KiB,C:\Users\ss\Desktop\XAI\XAI\engines\XAI-Compress\results\final_project\lossy_benchmark.csv,5dc21384a6a2b295ec5d,PASS
True,3.7763440860215054,csv,439,6.956212092263929,0.1275000104214996,12.017850354215009,0.07379997987300158,gzip-6,930,333.4921875,2.1184510250569475,lt_16KiB,C:\Users\ss\Desktop\XAI\XAI\engines\XAI-Compress\results\final_project\lossy_benchmark.csv,5dc21384a6a2b295ec5d,PASS
True,3.767741935483871,csv,438,6.734373763860781,0.1317000132985413,19.49268502361568,0.04549999721348286,gzip-9,930,333.4921875,2.1232876712328768,lt_16KiB,C:\Users\ss\Desktop\XAI\XAI\engines\XAI-Compress\results\final_project\lossy_benchmark.csv,5dc21384a6a2b295ec5d,PASS
True,4.541935483870968,csv,528,13.772005818958798,0.06439999560825527,58.736238319918584,0.015099998563528061,deflate-1,930,333.4921875,1.7613636363636365,lt_16KiB,C:\Users\ss\Desktop\XAI\XAI\engines\XAI-Compress\results\final_project\lossy_benchmark.csv,5dc21384a6a2b295ec5d,PASS
True,3.6731182795698927,csv,427,7.685589872069252,0.1154000055976212,28.336031406125198,0.03129997639916837,deflate-6,930,333.4921875,2.177985948477752,lt_16KiB,C:\Users\ss\Desktop\XAI\XAI\engines\XAI-Compress\results\final_project\lossy_benchmark.csv,5dc21384a6a2b295ec5d,PASS
True,3.664516129032258,csv,426,10.634498440467308,0.08339999476447701,44.12521302982345,0.020100007532164454,deflate-9,930,333.4921875,2.183098591549296,lt_16KiB,C:\Users\ss\Desktop\XAI\XAI\engines\XAI-Compress\results\final_project\lossy_benchmark.csv,5dc21384a6a2b295ec5d,PASS
True,3.78494623655914,csv,440,13.178556926082777,0.06730001769028604,39.95123140697391,0.022199994418770075,zstd-1,930,333.4921875,2.1136363636363638,lt_16KiB,C:\Users\ss\Desktop\XAI\XAI\engines\XAI-Compress\results\final_project\lossy_benchmark.csv,5dc21384a6a2b295ec5d,PASS
True,3.767741935483871,csv,438,15.587296407441373,0.056899996707215905,56.85365253016724,0.015600002370774746,zstd-3,930,333.4921875,2.1232876712328768,lt_16KiB,C:\Users\ss\Desktop\XAI\XAI\engines\XAI-Compress\results\final_project\lossy_benchmark.csv,5dc21384a6a2b295ec5d,PASS
True,3.767741935483871,csv,438,11.66996254796388,0.07599999662488699,59.52465036330963,0.014899997040629387,zstd-6,930,333.4921875,2.1232876712328768,lt_16KiB,C:\Users\ss\Desktop\XAI\XAI\engines\XAI-Compress\results\final_project\lossy_benchmark.csv,5dc21384a6a2b295ec5d,PASS
True,3.767741935483871,csv,438,9.65089338307481,0.09190000128000975,57.96843851292743,0.015300000086426735,zstd-9,930,333.4921875,2.1232876712328768,lt_16KiB,C:\Users\ss\Desktop\XAI\XAI\engines\XAI-Compress\results\final_project\lossy_benchmark.csv,5dc21384a6a2b295ec5d,PASS
True,3.879569892473118,csv,451,13.297105543907723,0.06670001312159002,17.02336462694021,0.052099989261478186,brotli-1,930,333.4921875,2.0620842572062084,lt_16KiB,C:\Users\ss\Desktop\XAI\XAI\engines\XAI-Compress\results\final_project\lossy_benchmark.csv,5dc21384a6a2b295ec5d,PASS
True,3.5612903225806454,csv,414,5.38831776502388,0.16460000188089907,31.6756334245254,0.027999980375170708,brotli-4,930,333.4921875,2.246376811594203,lt_16KiB,C:\Users\ss\Desktop\XAI\XAI\engines\XAI-Compress\results\final_project\lossy_benchmark.csv,5dc21384a6a2b295ec5d,PASS
True,3.3978494623655915,csv,395,0.790760613394358,1.12160001299344,26.162749668396586,0.033899996196851134,brotli-6,930,333.4921875,2.3544303797468356,lt_16KiB,C:\Users\ss\Desktop\XAI\XAI\engines\XAI-Compress\results\final_project\lossy_benchmark.csv,5dc21384a6a2b295ec5d,PASS
True,3.389247311827957,csv,394,0.4765297200507675,1.861199998529628,26.318019419253268,0.03369999467395246,brotli-9,930,333.4921875,2.3604060913705585,lt_16KiB,C:\Users\ss\Desktop\XAI\XAI\engines\XAI-Compress\results\final_project\lossy_benchmark.csv,5dc21384a6a2b295ec5d,PASS
True,2.9849462365591397,csv,347,0.1896946022500476,4.675500007579103,19.280806403854864,0.04600000102072954,brotli-11,930,333.4921875,2.680115273775216,lt_16KiB,C:\Users\ss\Desktop\XAI\XAI\engines\XAI-Compress\results\final_project\lossy_benchmark.csv,5dc21384a6a2b295ec5d,PASS
True,4.335483870967742,csv,504,3.037387560284552,0.2919999824371189,10.17106845441629,0.08719999459572136,lzma2-0,930,333.4921875,1.8452380952380953,lt_16KiB,C:\Users\ss\Desktop\XAI\XAI\engines\XAI-Compress\results\final_project\lossy_benchmark.csv,5dc21384a6a2b295ec5d,PASS
True,4.335483870967742,csv,504,0.231202814482514,3.8360999897122383,6.569755948229679,0.13500000932253897,lzma2-3,930,333.4921875,1.8452380952380953,lt_16KiB,C:\Users\ss\Desktop\XAI\XAI\engines\XAI-Compress\results\final_project\lossy_benchmark.csv,5dc21384a6a2b295ec5d,PASS
True,4.094623655913979,csv,476,0.12614560242110226,7.030899985693395,5.5710877557325595,0.15919998986646533,lzma2-6,930,333.4921875,1.953781512605042,lt_16KiB,C:\Users\ss\Desktop\XAI\XAI\engines\XAI-Compress\results\final_project\lossy_benchmark.csv,5dc21384a6a2b295ec5d,PASS
True,4.326881720430108,csv,503,2.0487805468360225,0.4329000075813383,8.904790151450955,0.09960000170394778,bzip2-1,930,333.4921875,1.848906560636183,lt_16KiB,C:\Users\ss\Desktop\XAI\XAI\engines\XAI-Compress\results\final_project\lossy_benchmark.csv,5dc21384a6a2b295ec5d,PASS
True,4.326881720430108,csv,503,1.8137364366626845,0.4889999981969595,6.719069735651204,0.13199998647905886,bzip2-9,930,333.4921875,1.848906560636183,lt_16KiB,C:\Users\ss\Desktop\XAI\XAI\engines\XAI-Compress\results\final_project\lossy_benchmark.csv,5dc21384a6a2b295ec5d,PASS
True,8.0,csv,957,160.11731427112585,0.005699985194951296,702.0456702784992,0.001300009898841381,raw,957,333.4921875,1.0,lt_16KiB,C:\Users\ss\Desktop\XAI\XAI\engines\XAI-Compress\results\model_v2\lossless_bpb_breakdown.csv,ef3edbf6186277f5ef97,PASS
True,6.202716823406479,csv,742,14.350095182310733,0.06360001862049103,24.080907118075555,0.03789999755099416,gzip-1,957,333.4921875,1.289757412398922,lt_16KiB,C:\Users\ss\Desktop\XAI\XAI\engines\XAI-Compress\results\model_v2\lossless_bpb_breakdown.csv,ef3edbf6186277f5ef97,PASS
True,4.254963427377221,csv,509,10.140735104419674,0.0900000159163028,23.891788605621763,0.03819999983534217,gzip-6,957,333.4921875,1.880157170923379,lt_16KiB,C:\Users\ss\Desktop\XAI\XAI\engines\XAI-Compress\results\model_v2\lossless_bpb_breakdown.csv,ef3edbf6186277f5ef97,PASS
True,4.2884012539184955,csv,513,10.930136164107969,0.08349999552592635,24.868299970975464,0.036699988413602114,gzip-9,957,333.4921875,1.8654970760233918,lt_16KiB,C:\Users\ss\Desktop\XAI\XAI\engines\XAI-Compress\results\model_v2\lossless_bpb_breakdown.csv,ef3edbf6186277f5ef97,PASS
True,6.102403343782654,csv,730,16.99564797481787,0.05370000144466758,59.26404354235174,0.015400000847876072,deflate-1,957,333.4921875,1.310958904109589,lt_16KiB,C:\Users\ss\Desktop\XAI\XAI\engines\XAI-Compress\results\model_v2\lossless_bpb_breakdown.csv,ef3edbf6186277f5ef97,PASS
True,4.154649947753396,csv,497,10.208794238874704,0.08940001134760678,44.09019664082469,0.02069998299703002,deflate-6,957,333.4921875,1.9255533199195172,lt_16KiB,C:\Users\ss\Desktop\XAI\XAI\engines\XAI-Compress\results\model_v2\lossless_bpb_breakdown.csv,ef3edbf6186277f5ef97,PASS
True,4.1880877742946705,csv,501,7.895038878545614,0.11559997801668942,31.043081601621896,0.029399991035461426,deflate-9,957,333.4921875,1.910179640718563,lt_16KiB,C:\Users\ss\Desktop\XAI\XAI\engines\XAI-Compress\results\model_v2\lossless_bpb_breakdown.csv,ef3edbf6186277f5ef97,PASS
True,4.313479623824452,csv,516,9.506940505406188,0.09600000339560211,30.12100278551532,0.03029999788850546,zstd-1,957,333.4921875,1.8546511627906976,lt_16KiB,C:\Users\ss\Desktop\XAI\XAI\engines\XAI-Compress\results\model_v2\lossless_bpb_breakdown.csv,ef3edbf6186277f5ef97,PASS
True,4.313479623824452,csv,516,9.898769778851863,0.0921999744605273,37.25166842081505,0.024500011932104826,zstd-3,957,333.4921875,1.8546511627906976,lt_16KiB,C:\Users\ss\Desktop\XAI\XAI\engines\XAI-Compress\results\model_v2\lossless_bpb_breakdown.csv,ef3edbf6186277f5ef97,PASS
True,4.32183908045977,csv,517,10.724632645397731,0.08510000770911574,53.372347251557734,0.017099984688684344,zstd-6,957,333.4921875,1.851063829787234,lt_16KiB,C:\Users\ss\Desktop\XAI\XAI\engines\XAI-Compress\results\model_v2\lossless_bpb_breakdown.csv,ef3edbf6186277f5ef97,PASS
True,4.32183908045977,csv,517,9.678328878255547,0.09429999045096338,56.337403077099964,0.016200006939470768,zstd-9,957,333.4921875,1.851063829787234,lt_16KiB,C:\Users\ss\Desktop\XAI\XAI\engines\XAI-Compress\results\model_v2\lossless_bpb_breakdown.csv,ef3edbf6186277f5ef97,PASS
True,4.397074190177639,csv,526,13.912595347202904,0.06560000474564731,18.072598199481664,0.05050000618211925,brotli-1,957,333.4921875,1.8193916349809887,lt_16KiB,C:\Users\ss\Desktop\XAI\XAI\engines\XAI-Compress\results\model_v2\lossless_bpb_breakdown.csv,ef3edbf6186277f5ef97,PASS
True,4.179728317659352,csv,500,4.883179202956911,0.18690002616494894,33.43099568133336,0.027300004148855805,brotli-4,957,333.4921875,1.914,lt_16KiB,C:\Users\ss\Desktop\XAI\XAI\engines\XAI-Compress\results\model_v2\lossless_bpb_breakdown.csv,ef3edbf6186277f5ef97,PASS
True,4.045977011494253,csv,484,0.6233208150949061,1.464199973270297,26.07617718742282,0.03500000457279384,brotli-6,957,333.4921875,1.9772727272727273,lt_16KiB,C:\Users\ss\Desktop\XAI\XAI\engines\XAI-Compress\results\model_v2\lossless_bpb_breakdown.csv,ef3edbf6186277f5ef97,PASS
True,4.071055381400209,csv,487,0.38373121335146293,2.3784000077284873,26.150894588272575,0.034900003811344504,brotli-9,957,333.4921875,1.9650924024640657,lt_16KiB,C:\Users\ss\Desktop\XAI\XAI\engines\XAI-Compress\results\model_v2\lossless_bpb_breakdown.csv,ef3edbf6186277f5ef97,PASS
True,3.5945663531870427,csv,430,0.27719554058780405,3.2925000123213977,25.781528937340454,0.03540000761859119,brotli-11,957,333.4921875,2.2255813953488373,lt_16KiB,C:\Users\ss\Desktop\XAI\XAI\engines\XAI-Compress\results\model_v2\lossless_bpb_breakdown.csv,ef3edbf6186277f5ef97,PASS
True,5.115987460815047,csv,612,2.8646151114112235,0.31859998125582933,9.072228988685382,0.10060000931844115,lzma2-0,957,333.4921875,1.5637254901960784,lt_16KiB,C:\Users\ss\Desktop\XAI\XAI\engines\XAI-Compress\results\model_v2\lossless_bpb_breakdown.csv,ef3edbf6186277f5ef97,PASS
True,5.115987460815047,csv,612,0.24464986480937237,3.7305000005289912,5.876795774865646,0.15529998927377164,lzma2-3,957,333.4921875,1.5637254901960784,lt_16KiB,C:\Users\ss\Desktop\XAI\XAI\engines\XAI-Compress\results\model_v2\lossless_bpb_breakdown.csv,ef3edbf6186277f5ef97,PASS
True,4.681295715778474,csv,560,0.13123203671456632,6.95459998678416,6.246860232695174,0.146100006531924,lzma2-6,957,333.4921875,1.7089285714285714,lt_16KiB,C:\Users\ss\Desktop\XAI\XAI\engines\XAI-Compress\results\model_v2\lossless_bpb_breakdown.csv,ef3edbf6186277f5ef97,PASS
True,4.346917450365726,csv,520,2.623358203904665,0.3479000006336719,9.1084457451771,0.1002000062726438,bzip2-1,957,333.4921875,1.8403846153846153,lt_16KiB,C:\Users\ss\Desktop\XAI\XAI\engines\XAI-Compress\results\model_v2\lossless_bpb_breakdown.csv,ef3edbf6186277f5ef97,PASS
True,4.346917450365726,csv,520,1.7653120062868777,0.5170000076759607,5.324773570873081,0.17140002455562353,bzip2-9,957,333.4921875,1.8403846153846153,lt_16KiB,C:\Users\ss\Desktop\XAI\XAI\engines\XAI-Compress\results\model_v2\lossless_bpb_breakdown.csv,ef3edbf6186277f5ef97,PASS
True,8.0,csv,986,204.4177533137199,0.0046000059228390455,1044.7952399430862,0.000900006853044033,raw,986,333.4921875,1.0,lt_16KiB,C:\Users\ss\Desktop\XAI\XAI\engines\XAI-Compress\results\model_v2\kaggle_lossless_v2_progress.csv,0e4427f0e7b0f0da7ba0,PASS
True,3.9107505070993915,csv,482,13.491001196722667,0.06970000686123967,17.67524281458124,0.05319999763742089,gzip-1,986,333.4921875,2.045643153526971,lt_16KiB,C:\Users\ss\Desktop\XAI\XAI\engines\XAI-Compress\results\model_v2\kaggle_lossless_v2_progress.csv,0e4427f0e7b0f0da7ba0,PASS
True,2.993914807302231,csv,369,9.479061377984243,0.09919999865815043,21.419662793226163,0.043899985030293465,gzip-6,986,333.4921875,2.6720867208672088,lt_16KiB,C:\Users\ss\Desktop\XAI\XAI\engines\XAI-Compress\results\model_v2\kaggle_lossless_v2_progress.csv,0e4427f0e7b0f0da7ba0,PASS
True,2.945233265720081,csv,363,9.440992569172732,0.09960000170394778,22.229854198760577,0.04230000195093453,gzip-9,986,333.4921875,2.716253443526171,lt_16KiB,C:\Users\ss\Desktop\XAI\XAI\engines\XAI-Compress\results\model_v2\kaggle_lossless_v2_progress.csv,0e4427f0e7b0f0da7ba0,PASS
True,3.813387423935091,csv,470,16.525886298642146,0.056899996707215905,68.63676688023656,0.013699987903237343,deflate-1,986,333.4921875,2.097872340425532,lt_16KiB,C:\Users\ss\Desktop\XAI\XAI\engines\XAI-Compress\results\model_v2\kaggle_lossless_v2_progress.csv,0e4427f0e7b0f0da7ba0,PASS
True,2.896551724137931,csv,357,8.134280433012604,0.11560000712051988,39.18015408066376,0.023999979021027684,deflate-6,986,333.4921875,2.761904761904762,lt_16KiB,C:\Users\ss\Desktop\XAI\XAI\engines\XAI-Compress\results\model_v2\kaggle_lossless_v2_progress.csv,0e4427f0e7b0f0da7ba0,PASS
True,2.847870182555781,csv,351,8.248446646804577,0.11399999493733048,38.38055245048485,0.02449998282827437,deflate-9,986,333.4921875,2.809116809116809,lt_16KiB,C:\Users\ss\Desktop\XAI\XAI\engines\XAI-Compress\results\model_v2\kaggle_lossless_v2_progress.csv,0e4427f0e7b0f0da7ba0,PASS
True,3.08316430020284,csv,380,11.194320040967106,0.08399999933317304,25.55223937255969,0.03680001827888191,zstd-1,986,333.4921875,2.594736842105263,lt_16KiB,C:\Users\ss\Desktop\XAI\XAI\engines\XAI-Compress\results\model_v2\kaggle_lossless_v2_progress.csv,0e4427f0e7b0f0da7ba0,PASS
True,3.0425963488843815,csv,375,13.356856720709935,0.07040001219138503,39.34404126653986,0.023900007363408804,zstd-3,986,333.4921875,2.6293333333333333,lt_16KiB,C:\Users\ss\Desktop\XAI\XAI\engines\XAI-Compress\results\model_v2\kaggle_lossless_v2_progress.csv,0e4427f0e7b0f0da7ba0,PASS
True,2.977687626774848,csv,367,9.450481076075365,0.09950000094249845,41.24223323402289,0.022799998987466097,zstd-6,986,333.4921875,2.6866485013623977,lt_16KiB,C:\Users\ss\Desktop\XAI\XAI\engines\XAI-Compress\results\model_v2\kaggle_lossless_v2_progress.csv,0e4427f0e7b0f0da7ba0,PASS
True,2.977687626774848,csv,367,7.227693066219379,0.13010000111535192,44.991558490387376,0.020899984519928694,zstd-9,986,333.4921875,2.6866485013623977,lt_16KiB,C:\Users\ss\Desktop\XAI\XAI\engines\XAI-Compress\results\model_v2\kaggle_lossless_v2_progress.csv,0e4427f0e7b0f0da7ba0,PASS
True,3.212981744421907,csv,396,12.07089978678357,0.07789998198859394,23.508063941093866,0.040000013541430235,brotli-1,986,333.4921875,2.48989898989899,lt_16KiB,C:\Users\ss\Desktop\XAI\XAI\engines\XAI-Compress\results\model_v2\kaggle_lossless_v2_progress.csv,0e4427f0e7b0f0da7ba0,PASS
True,2.7748478701825556,csv,342,5.906551104464842,0.15919998986646533,39.50935357720217,0.023800006601959467,brotli-4,986,333.4921875,2.8830409356725144,lt_16KiB,C:\Users\ss\Desktop\XAI\XAI\engines\XAI-Compress\results\model_v2\kaggle_lossless_v2_progress.csv,0e4427f0e7b0f0da7ba0,PASS
True,2.5720081135902637,csv,317,0.5825318240882426,1.6142000094987452,18.013841598279196,0.05220001912675798,brotli-6,986,333.4921875,3.110410094637224,lt_16KiB,C:\Users\ss\Desktop\XAI\XAI\engines\XAI-Compress\results\model_v2\kaggle_lossless_v2_progress.csv,0e4427f0e7b0f0da7ba0,PASS
True,2.5801217038539552,csv,318,0.5069945933597666,1.854700007243082,25.48299161983634,0.036900019040331244,brotli-9,986,333.4921875,3.10062893081761,lt_16KiB,C:\Users\ss\Desktop\XAI\XAI\engines\XAI-Compress\results\model_v2\kaggle_lossless_v2_progress.csv,0e4427f0e7b0f0da7ba0,PASS
True,2.4665314401622718,csv,304,0.2780704039871766,3.381599992280826,20.13539075158918,0.0467000063508749,brotli-11,986,333.4921875,3.2434210526315788,lt_16KiB,C:\Users\ss\Desktop\XAI\XAI\engines\XAI-Compress\results\model_v2\kaggle_lossless_v2_progress.csv,0e4427f0e7b0f0da7ba0,PASS
True,3.5699797160243407,csv,440,3.4969239124811375,0.26890001026913524,13.549320085919199,0.06940000457689166,lzma2-0,986,333.4921875,2.2409090909090907,lt_16KiB,C:\Users\ss\Desktop\XAI\XAI\engines\XAI-Compress\results\model_v2\kaggle_lossless_v2_progress.csv,0e4427f0e7b0f0da7ba0,PASS
True,3.537525354969574,csv,436,0.08175227786415581,11.502100009238347,5.70584358384059,0.1647999742999673,lzma2-3,986,333.4921875,2.261467889908257,lt_16KiB,C:\Users\ss\Desktop\XAI\XAI\engines\XAI-Compress\results\model_v2\kaggle_lossless_v2_progress.csv,0e4427f0e7b0f0da7ba0,PASS
True,3.342799188640974,csv,412,0.11432774978190527,8.224799996241927,5.75121047908823,0.16349999350495636,lzma2-6,986,333.4921875,2.3932038834951457,lt_16KiB,C:\Users\ss\Desktop\XAI\XAI\engines\XAI-Compress\results\model_v2\kaggle_lossless_v2_progress.csv,0e4427f0e7b0f0da7ba0,PASS
True,3.1643002028397564,csv,390,2.5142323179831636,0.37399999564513564,9.365764969774341,0.10040000779554248,bzip2-1,986,333.4921875,2.528205128205128,lt_16KiB,C:\Users\ss\Desktop\XAI\XAI\engines\XAI-Compress\results\model_v2\kaggle_lossless_v2_progress.csv,0e4427f0e7b0f0da7ba0,PASS
True,3.1643002028397564,csv,390,2.15423336377734,0.43650000588968396,7.064785216565525,0.13309999485500157,bzip2-9,986,333.4921875,2.528205128205128,lt_16KiB,C:\Users\ss\Desktop\XAI\XAI\engines\XAI-Compress\results\model_v2\kaggle_lossless_v2_progress.csv,0e4427f0e7b0f0da7ba0,PASS
True,8.0,csv,1328,324.7382819787617,0.0039000005926936865,1583.0873108265425,0.000800006091594696,raw,1328,333.4921875,1.0,lt_16KiB,C:\Users\ss\Desktop\XAI\XAI\engines\XAI-Compress\results\model_v2\lossless_benchmark.csv,b2aeaaf4897e7310def1,PASS
True,4.72289156626506,csv,784,21.393240043734416,0.0591999851167202,34.136921394536635,0.03709999145939946,gzip-1,1328,333.4921875,1.6938775510204083,lt_16KiB,C:\Users\ss\Desktop\XAI\XAI\engines\XAI-Compress\results\model_v2\lossless_benchmark.csv,b2aeaaf4897e7310def1,PASS
True,3.4036144578313254,csv,565,14.590774087940488,0.08680002065375447,29.799515027504828,0.0425000034738332,gzip-6,1328,333.4921875,2.3504424778761064,lt_16KiB,C:\Users\ss\Desktop\XAI\XAI\engines\XAI-Compress\results\model_v2\lossless_benchmark.csv,b2aeaaf4897e7310def1,PASS
True,3.4518072289156625,csv,573,14.457528838873415,0.08759999764151871,29.590658481323217,0.04279997665435076,gzip-9,1328,333.4921875,2.317626527050611,lt_16KiB,C:\Users\ss\Desktop\XAI\XAI\engines\XAI-Compress\results\model_v2\lossless_benchmark.csv,b2aeaaf4897e7310def1,PASS
True,4.650602409638554,csv,772,37.80533286072219,0.03350002225488424,143.91845617052238,0.008799979696050286,deflate-1,1328,333.4921875,1.7202072538860103,lt_16KiB,C:\Users\ss\Desktop\XAI\XAI\engines\XAI-Compress\results\model_v2\lossless_benchmark.csv,b2aeaaf4897e7310def1,PASS
True,3.3313253012048194,csv,553,20.102853885339197,0.06299998494796455,87.34344942755753,0.014499993994832039,deflate-6,1328,333.4921875,2.4014466546112114,lt_16KiB,C:\Users\ss\Desktop\XAI\XAI\engines\XAI-Compress\results\model_v2\lossless_benchmark.csv,b2aeaaf4897e7310def1,PASS
True,3.3795180722891565,csv,561,18.70723262518303,0.06769999163225293,84.43197851748947,0.014999997802078724,deflate-9,1328,333.4921875,2.3672014260249554,lt_16KiB,C:\Users\ss\Desktop\XAI\XAI\engines\XAI-Compress\results\model_v2\lossless_benchmark.csv,b2aeaaf4897e7310def1,PASS
True,3.4457831325301207,csv,572,26.2210974369357,0.04830001853406429,79.65292072946391,0.0158999755512923,zstd-1,1328,333.4921875,2.3216783216783217,lt_16KiB,C:\Users\ss\Desktop\XAI\XAI\engines\XAI-Compress\results\model_v2\lossless_benchmark.csv,b2aeaaf4897e7310def1,PASS
True,3.463855421686747,csv,575,20.864572725058448,0.060699996538460255,72.37030741981889,0.017499987734481692,zstd-3,1328,333.4921875,2.309565217391304,lt_16KiB,C:\Users\ss\Desktop\XAI\XAI\engines\XAI-Compress\results\model_v2\lossless_benchmark.csv,b2aeaaf4897e7310def1,PASS
True,3.4156626506024095,csv,567,18.515782871799324,0.06839999696239829,69.20655297614599,0.01829999382607639,zstd-6,1328,333.4921875,2.3421516754850087,lt_16KiB,C:\Users\ss\Desktop\XAI\XAI\engines\XAI-Compress\results\model_v2\lossless_benchmark.csv,b2aeaaf4897e7310def1,PASS
True,3.4156626506024095,csv,567,18.248982833773525,0.06940000457689166,108.24609399292055,0.01170000177808106,zstd-9,1328,333.4921875,2.3421516754850087,lt_16KiB,C:\Users\ss\Desktop\XAI\XAI\engines\XAI-Compress\results\model_v2\lossless_benchmark.csv,b2aeaaf4897e7310def1,PASS
True,3.6867469879518073,csv,612,24.123422433568418,0.052499992307275534,32.14414222758008,0.03940000897273421,brotli-1,1328,333.4921875,2.1699346405228757,lt_16KiB,C:\Users\ss\Desktop\XAI\XAI\engines\XAI-Compress\results\model_v2\lossless_benchmark.csv,b2aeaaf4897e7310def1,PASS
True,3.319277108433735,csv,551,6.662175398887839,0.1900999923236668,41.936411015511766,0.030199997127056122,brotli-4,1328,333.4921875,2.4101633393829403,lt_16KiB,C:\Users\ss\Desktop\XAI\XAI\engines\XAI-Compress\results\model_v2\lossless_benchmark.csv,b2aeaaf4897e7310def1,PASS
True,3.246987951807229,csv,539,1.2560542491015423,1.0082999942824244,47.43368959183785,0.026699999580159783,brotli-6,1328,333.4921875,2.463821892393321,lt_16KiB,C:\Users\ss\Desktop\XAI\XAI\engines\XAI-Compress\results\model_v2\lossless_benchmark.csv,b2aeaaf4897e7310def1,PASS
True,3.2349397590361444,csv,537,0.7565588236475329,1.6740000282879919,45.07042813686874,0.0281000102404505,brotli-9,1328,333.4921875,2.472998137802607,lt_16KiB,C:\Users\ss\Desktop\XAI\XAI\engines\XAI-Compress\results\model_v2\lossless_benchmark.csv,b2aeaaf4897e7310def1,PASS
True,2.9036144578313254,csv,482,0.40700565310362885,3.111700003501028,41.52391857797728,0.030499999411404133,brotli-11,1328,333.4921875,2.7551867219917012,lt_16KiB,C:\Users\ss\Desktop\XAI\XAI\engines\XAI-Compress\results\model_v2\lossless_benchmark.csv,b2aeaaf4897e7310def1,PASS
True,3.9518072289156625,csv,656,5.433202463899576,0.2330999996047467,16.092499161461937,0.07869998808018863,lzma2-0,1328,333.4921875,2.024390243902439,lt_16KiB,C:\Users\ss\Desktop\XAI\XAI\engines\XAI-Compress\results\model_v2\lossless_benchmark.csv,b2aeaaf4897e7310def1,PASS
True,3.9518072289156625,csv,656,0.45998601223381985,2.753300010226667,10.458127862166588,0.12110001989640296,lzma2-3,1328,333.4921875,2.024390243902439,lt_16KiB,C:\Users\ss\Desktop\XAI\XAI\engines\XAI-Compress\results\model_v2\lossless_benchmark.csv,b2aeaaf4897e7310def1,PASS
True,3.6626506024096384,csv,608,0.21025292057779385,6.023599999025464,9.572783984492037,0.13230001786723733,lzma2-6,1328,333.4921875,2.1842105263157894,lt_16KiB,C:\Users\ss\Desktop\XAI\XAI\engines\XAI-Compress\results\model_v2\lossless_benchmark.csv,b2aeaaf4897e7310def1,PASS
True,3.6927710843373496,csv,613,4.0475535574666255,0.31289999606087804,15.407290331192325,0.08220001473091543,bzip2-1,1328,333.4921875,2.166394779771615,lt_16KiB,C:\Users\ss\Desktop\XAI\XAI\engines\XAI-Compress\results\model_v2\lossless_benchmark.csv,b2aeaaf4897e7310def1,PASS
True,3.6927710843373496,csv,613,3.63408744126726,0.3485000052023679,11.36875622930369,0.11140000424347818,bzip2-9,1328,333.4921875,2.166394779771615,lt_16KiB,C:\Users\ss\Desktop\XAI\XAI\engines\XAI-Compress\results\model_v2\lossless_benchmark.csv,b2aeaaf4897e7310def1,PASS
True,8.0,csv,1813,467.3005325215722,0.0036999990697950125,2161.247962747381,0.000800006091594696,raw,1813,333.4921875,1.0,lt_16KiB,C:\Users\ss\Desktop\XAI\XAI\engines\XAI-Compress\phase_j_results.csv,908ba22d7f9287d17ced,PASS
True,3.190292333149476,csv,723,16.86840610095821,0.1024999946821481,27.53202532959618,0.06280001252889633,gzip-1,1813,333.4921875,2.507607192254495,lt_16KiB,C:\Users\ss\Desktop\XAI\XAI\engines\XAI-Compress\phase_j_results.csv,908ba22d7f9287d17ced,PASS
True,2.4489795918367347,csv,555,21.188871776910528,0.08159998105838895,60.88066102558164,0.028400012524798512,gzip-6,1813,333.4921875,3.2666666666666666,lt_16KiB,C:\Users\ss\Desktop\XAI\XAI\engines\XAI-Compress\phase_j_results.csv,908ba22d7f9287d17ced,PASS
True,2.435741864313293,csv,552,24.594764869556432,0.07029998232610524,64.27551913549726,0.026900001103058457,gzip-9,1813,333.4921875,3.2844202898550723,lt_16KiB,C:\Users\ss\Desktop\XAI\XAI\engines\XAI-Compress\phase_j_results.csv,908ba22d7f9287d17ced,PASS
True,3.137341423055709,csv,711,48.567727293908554,0.03560000914148986,183.93770531393488,0.009399984264746308,deflate-1,1813,333.4921875,2.549929676511955,lt_16KiB,C:\Users\ss\Desktop\XAI\XAI\engines\XAI-Compress\phase_j_results.csv,908ba22d7f9287d17ced,PASS
True,2.3960286817429672,csv,543,23.115122354732815,0.0748000165913254,113.75076397558341,0.015199999324977398,deflate-6,1813,333.4921875,3.3388581952117864,lt_16KiB,C:\Users\ss\Desktop\XAI\XAI\engines\XAI-Compress\phase_j_results.csv,908ba22d7f9287d17ced,PASS
True,2.3827909542195256,csv,540,24.877872329199192,0.06949997623451054,116.8249033970798,0.014800025383010507,deflate-9,1813,333.4921875,3.3574074074074076,lt_16KiB,C:\Users\ss\Desktop\XAI\XAI\engines\XAI-Compress\phase_j_results.csv,908ba22d7f9287d17ced,PASS
True,2.515168229453944,csv,570,32.018747187302104,0.05399997462518513,101.70648295886434,0.017000013031065464,zstd-1,1813,333.4921875,3.180701754385965,lt_16KiB,C:\Users\ss\Desktop\XAI\XAI\engines\XAI-Compress\phase_j_results.csv,908ba22d7f9287d17ced,PASS
True,2.53723110865968,csv,575,40.492068695937256,0.04270000499673188,119.24222425614593,0.014499993994832039,zstd-3,1813,333.4921875,3.1530434782608694,lt_16KiB,C:\Users\ss\Desktop\XAI\XAI\engines\XAI-Compress\phase_j_results.csv,908ba22d7f9287d17ced,PASS
True,2.44015444015444,csv,553,24.35227938370374,0.0709999876562506,136.14253991461354,0.01270000939257443,zstd-6,1813,333.4921875,3.278481012658228,lt_16KiB,C:\Users\ss\Desktop\XAI\XAI\engines\XAI-Compress\phase_j_results.csv,908ba22d7f9287d17ced,PASS
True,2.44015444015444,csv,553,21.425173045165753,0.08070000330917537,145.29504672508628,0.011900003300979733,zstd-9,1813,333.4921875,3.278481012658228,lt_16KiB,C:\Users\ss\Desktop\XAI\XAI\engines\XAI-Compress\phase_j_results.csv,908ba22d7f9287d17ced,PASS
True,2.5857694429123,csv,586,30.017560320970773,0.057600002037361264,58.020476189080995,0.02980002318508923,brotli-1,1813,333.4921875,3.0938566552901023,lt_16KiB,C:\Users\ss\Desktop\XAI\XAI\engines\XAI-Compress\phase_j_results.csv,908ba22d7f9287d17ced,PASS
True,2.3960286817429672,csv,543,11.45040861010886,0.1509999856352806,61.97172026533505,0.027900008717551827,brotli-4,1813,333.4921875,3.3388581952117864,lt_16KiB,C:\Users\ss\Desktop\XAI\XAI\engines\XAI-Compress\phase_j_results.csv,908ba22d7f9287d17ced,PASS
True,2.19746276889134,csv,498,1.7806503947780234,0.9710000013001263,64.75698737198947,0.026699999580159783,brotli-6,1813,333.4921875,3.640562248995984,lt_16KiB,C:\Users\ss\Desktop\XAI\XAI\engines\XAI-Compress\phase_j_results.csv,908ba22d7f9287d17ced,PASS
True,2.19746276889134,csv,498,0.9103414614995765,1.8992999976035208,41.56278067533485,0.04159999662078917,brotli-9,1813,333.4921875,3.640562248995984,lt_16KiB,C:\Users\ss\Desktop\XAI\XAI\engines\XAI-Compress\phase_j_results.csv,908ba22d7f9287d17ced,PASS
True,2.0165471594043023,csv,457,0.38909276954211336,4.443699988769367,55.23997545236457,0.03130000550299883,brotli-11,1813,333.4921875,3.9671772428884027,lt_16KiB,C:\Users\ss\Desktop\XAI\XAI\engines\XAI-Compress\phase_j_results.csv,908ba22d7f9287d17ced,PASS
True,2.7534473248758964,csv,624,8.758924143088239,0.1973999897018075,26.477970451367856,0.0653000024612993,lzma2-0,1813,333.4921875,2.905448717948718,lt_16KiB,C:\Users\ss\Desktop\XAI\XAI\engines\XAI-Compress\phase_j_results.csv,908ba22d7f9287d17ced,PASS
True,2.735797021511307,csv,620,0.7228006934500747,2.3920999956317246,17.41199945368036,0.09929999941959977,lzma2-3,1813,333.4921875,2.924193548387097,lt_16KiB,C:\Users\ss\Desktop\XAI\XAI\engines\XAI-Compress\phase_j_results.csv,908ba22d7f9287d17ced,PASS
True,2.68284611141754,csv,608,0.4062049900013146,4.256499989423901,20.681957086469712,0.08359999628737569,lzma2-6,1813,333.4921875,2.981907894736842,lt_16KiB,C:\Users\ss\Desktop\XAI\XAI\engines\XAI-Compress\phase_j_results.csv,908ba22d7f9287d17ced,PASS
True,2.9476006618863764,csv,668,4.5728948581975315,0.378099997760728,22.367555507195576,0.07729997741989791,bzip2-1,1813,333.4921875,2.714071856287425,lt_16KiB,C:\Users\ss\Desktop\XAI\XAI\engines\XAI-Compress\phase_j_results.csv,908ba22d7f9287d17ced,PASS
True,2.9476006618863764,csv,668,4.095242730212187,0.4222000134177506,18.692015419680356,0.09250000584870577,bzip2-9,1813,333.4921875,2.714071856287425,lt_16KiB,C:\Users\ss\Desktop\XAI\XAI\engines\XAI-Compress\phase_j_results.csv,908ba22d7f9287d17ced,PASS
True,8.0,csv,4250,675.5207171198789,0.005999987479299307,2895.060701812739,0.001400010660290718,raw,4250,333.4921875,1.0,lt_16KiB,C:\Users\ss\Desktop\XAI\XAI\engines\XAI-Compress\results\final_project\lossless_benchmark.csv,b26de929ad20b7ac9288,PASS
True,4.624941176470588,csv,2457,23.6885798163652,0.17109999316744506,36.220871788402945,0.11190000805072486,gzip-1,4250,333.4921875,1.7297517297517297,lt_16KiB,C:\Users\ss\Desktop\XAI\XAI\engines\XAI-Compress\results\final_project\lossless_benchmark.csv,b26de929ad20b7ac9288,PASS
True,2.953411764705882,csv,1569,11.318390442045791,0.35810002009384334,47.01989661727119,0.08620001608505845,gzip-6,4250,333.4921875,2.708731676226896,lt_16KiB,C:\Users\ss\Desktop\XAI\XAI\engines\XAI-Compress\results\final_project\lossless_benchmark.csv,b26de929ad20b7ac9288,PASS
True,3.147294117647059,csv,1672,11.959621164160021,0.3389000194147229,45.901665280141756,0.08829997386783361,gzip-9,4250,333.4921875,2.541866028708134,lt_16KiB,C:\Users\ss\Desktop\XAI\XAI\engines\XAI-Compress\results\final_project\lossless_benchmark.csv,b26de929ad20b7ac9288,PASS
True,4.602352941176471,csv,2445,27.81822750685448,0.14570000348612666,103.13269714693655,0.039300008211284876,deflate-1,4250,333.4921875,1.738241308793456,lt_16KiB,C:\Users\ss\Desktop\XAI\XAI\engines\XAI-Compress\results\final_project\lossless_benchmark.csv,b26de929ad20b7ac9288,PASS
True,2.930823529411765,csv,1557,13.633084193575229,0.2972999936901033,74.23291921658429,0.054599979193881154,deflate-6,4250,333.4921875,2.729608220937701,lt_16KiB,C:\Users\ss\Desktop\XAI\XAI\engines\XAI-Compress\results\final_project\lossless_benchmark.csv,b26de929ad20b7ac9288,PASS
True,3.124705882352941,csv,1660,11.667000235327174,0.3473999968264252,70.24463861568671,0.0577000027988106,deflate-9,4250,333.4921875,2.5602409638554215,lt_16KiB,C:\Users\ss\Desktop\XAI\XAI\engines\XAI-Compress\results\final_project\lossless_benchmark.csv,b26de929ad20b7ac9288,PASS
True,3.0287058823529414,csv,1609,32.19313662780685,0.12589999823831022,100.57355466679377,0.040300015825778246,zstd-1,4250,333.4921875,2.641392169049099,lt_16KiB,C:\Users\ss\Desktop\XAI\XAI\engines\XAI-Compress\results\final_project\lossless_benchmark.csv,b26de929ad20b7ac9288,PASS
True,3.075764705882353,csv,1634,29.541661328135937,0.13719999697059393,106.66094801902472,0.037999998312443495,zstd-3,4250,333.4921875,2.6009791921664625,lt_16KiB,C:\Users\ss\Desktop\XAI\XAI\engines\XAI-Compress\results\final_project\lossless_benchmark.csv,b26de929ad20b7ac9288,PASS
True,2.9910588235294115,csv,1589,15.214399317239847,0.2663999912329018,99.09820801486929,0.04089999129064381,zstd-6,4250,333.4921875,2.6746381371932033,lt_16KiB,C:\Users\ss\Desktop\XAI\XAI\engines\XAI-Compress\results\final_project\lossless_benchmark.csv,b26de929ad20b7ac9288,PASS
True,2.9910588235294115,csv,1589,17.90245690858671,0.22639997769147158,147.9239094297456,0.027400004910305142,zstd-9,4250,333.4921875,2.6746381371932033,lt_16KiB,C:\Users\ss\Desktop\XAI\XAI\engines\XAI-Compress\results\final_project\lossless_benchmark.csv,b26de929ad20b7ac9288,PASS
True,3.2150588235294117,csv,1708,36.74629190008441,0.11029999586753547,54.25856741392456,0.07470001582987607,brotli-1,4250,333.4921875,2.488290398126464,lt_16KiB,C:\Users\ss\Desktop\XAI\XAI\engines\XAI-Compress\results\final_project\lossless_benchmark.csv,b26de929ad20b7ac9288,PASS
True,2.912,csv,1547,14.196553311236169,0.2854999911505729,86.42036597595242,0.046900007873773575,brotli-4,4250,333.4921875,2.7472527472527473,lt_16KiB,C:\Users\ss\Desktop\XAI\XAI\engines\XAI-Compress\results\final_project\lossless_benchmark.csv,b26de929ad20b7ac9288,PASS
True,2.921411764705882,csv,1552,2.5159005641897623,1.6110000142361969,69.40265891361994,0.05840000812895596,brotli-6,4250,333.4921875,2.73840206185567,lt_16KiB,C:\Users\ss\Desktop\XAI\XAI\engines\XAI-Compress\results\final_project\lossless_benchmark.csv,b26de929ad20b7ac9288,PASS
True,2.9251764705882355,csv,1554,0.8091343637552705,5.0091999873984605,73.55929392289649,0.05509998300112784,brotli-9,4250,333.4921875,2.7348777348777347,lt_16KiB,C:\Users\ss\Desktop\XAI\XAI\engines\XAI-Compress\results\final_project\lossless_benchmark.csv,b26de929ad20b7ac9288,PASS
True,2.5976470588235294,csv,1380,0.344512091516249,11.764799972297624,40.612381900567556,0.09980000322684646,brotli-11,4250,333.4921875,3.079710144927536,lt_16KiB,C:\Users\ss\Desktop\XAI\XAI\engines\XAI-Compress\results\final_project\lossless_benchmark.csv,b26de929ad20b7ac9288,PASS
True,3.328,csv,1768,6.060280873722404,0.668799999402836,17.753464668993953,0.22829999215900898,lzma2-0,4250,333.4921875,2.4038461538461537,lt_16KiB,C:\Users\ss\Desktop\XAI\XAI\engines\XAI-Compress\results\final_project\lossless_benchmark.csv,b26de929ad20b7ac9288,PASS
True,3.3129411764705883,csv,1760,1.1671367596923206,3.4727000165730715,16.476079965018616,0.2460000105202198,lzma2-3,4250,333.4921875,2.414772727272727,lt_16KiB,C:\Users\ss\Desktop\XAI\XAI\engines\XAI-Compress\results\final_project\lossless_benchmark.csv,b26de929ad20b7ac9288,PASS
True,2.959058823529412,csv,1572,0.6340622055890973,6.392300012521446,22.75753010596181,0.17809998826123774,lzma2-6,4250,333.4921875,2.703562340966921,lt_16KiB,C:\Users\ss\Desktop\XAI\XAI\engines\XAI-Compress\results\final_project\lossless_benchmark.csv,b26de929ad20b7ac9288,PASS
True,2.9703529411764706,csv,1578,6.824576138417207,0.5939000111538917,26.43911129471605,0.15330000314861536,bzip2-1,4250,333.4921875,2.6932826362484157,lt_16KiB,C:\Users\ss\Desktop\XAI\XAI\engines\XAI-Compress\results\final_project\lossless_benchmark.csv,b26de929ad20b7ac9288,PASS
True,2.9703529411764706,csv,1578,5.423679808476307,0.7472999859601259,22.331218615164268,0.18149998504668474,bzip2-9,4250,333.4921875,2.6932826362484157,lt_16KiB,C:\Users\ss\Desktop\XAI\XAI\engines\XAI-Compress\results\final_project\lossless_benchmark.csv,b26de929ad20b7ac9288,PASS
True,8.0,csv,4606,1464.2110226137233,0.0029999937396496534,6275.129220023283,0.000700005330145359,raw,4606,333.4921875,1.0,lt_16KiB,C:\Users\ss\Desktop\XAI\XAI\engines\XAI-Compress\results\hybrid_ai\selector_feature_importance.csv,20cb03e2c284978c7f64,PASS
True,2.141554494138081,csv,1233,56.75224144595637,0.07740000728517771,107.39914026270304,0.04089999129064381,gzip-1,4606,333.4921875,3.735604217356042,lt_16KiB,C:\Users\ss\Desktop\XAI\XAI\engines\XAI-Compress\results\hybrid_ai\selector_feature_importance.csv,20cb03e2c284978c7f64,PASS
True,1.5788102475032566,csv,909,37.06855609879977,0.11850000009872019,138.13291306643822,0.03179998020641506,gzip-6,4606,333.4921875,5.067106710671067,lt_16KiB,C:\Users\ss\Desktop\XAI\XAI\engines\XAI-Compress\results\hybrid_ai\selector_feature_importance.csv,20cb03e2c284978c7f64,PASS
True,1.590968302214503,csv,916,33.634178681467276,0.1306000049225986,135.15759761868088,0.03250001464039087,gzip-9,4606,333.4921875,5.028384279475983,lt_16KiB,C:\Users\ss\Desktop\XAI\XAI\engines\XAI-Compress\results\hybrid_ai\selector_feature_importance.csv,20cb03e2c284978c7f64,PASS
True,2.120712114633087,csv,1221,75.2161897092008,0.058399979025125504,292.84163633400334,0.014999997802078724,deflate-1,4606,333.4921875,3.772317772317772,lt_16KiB,C:\Users\ss\Desktop\XAI\XAI\engines\XAI-Compress\results\hybrid_ai\selector_feature_importance.csv,20cb03e2c284978c7f64,PASS
True,1.5579678679982631,csv,897,46.82967125708669,0.09380001574754715,231.19074191794252,0.018999999156221747,deflate-6,4606,333.4921875,5.1348940914158305,lt_16KiB,C:\Users\ss\Desktop\XAI\XAI\engines\XAI-Compress\results\hybrid_ai\selector_feature_importance.csv,20cb03e2c284978c7f64,PASS
True,1.5701259227095092,csv,904,39.788261191069026,0.11039999662898481,225.26272993888196,0.019500002963468432,deflate-9,4606,333.4921875,5.095132743362832,lt_16KiB,C:\Users\ss\Desktop\XAI\XAI\engines\XAI-Compress\results\hybrid_ai\selector_feature_importance.csv,20cb03e2c284978c7f64,PASS
True,1.7299174989144595,csv,996,58.961406359871866,0.07449998520314693,203.36203920659793,0.02160001895390451,zstd-1,4606,333.4921875,4.624497991967871,lt_16KiB,C:\Users\ss\Desktop\XAI\XAI\engines\XAI-Compress\results\hybrid_ai\selector_feature_importance.csv,20cb03e2c284978c7f64,PASS
True,1.7108119843682155,csv,985,75.34516888955672,0.05830000736750662,245.3977107180021,0.017900019884109497,zstd-3,4606,333.4921875,4.676142131979695,lt_16KiB,C:\Users\ss\Desktop\XAI\XAI\engines\XAI-Compress\results\hybrid_ai\selector_feature_importance.csv,20cb03e2c284978c7f64,PASS
True,1.59965262700825,csv,921,42.48185528190887,0.10340000153519213,267.84278260869564,0.016400008462369442,zstd-6,4606,333.4921875,5.001085776330076,lt_16KiB,C:\Users\ss\Desktop\XAI\XAI\engines\XAI-Compress\results\hybrid_ai\selector_feature_importance.csv,20cb03e2c284978c7f64,PASS
True,1.5979157620495006,csv,920,27.249527062770028,0.16120000509545207,272.83367799968187,0.01610000617802143,zstd-9,4606,333.4921875,5.006521739130434,lt_16KiB,C:\Users\ss\Desktop\XAI\XAI\engines\XAI-Compress\results\hybrid_ai\selector_feature_importance.csv,20cb03e2c284978c7f64,PASS
True,1.8028658271819367,csv,1038,70.73467620234892,0.06210000719875097,106.35894682172739,0.04129999433644116,brotli-1,4606,333.4921875,4.4373795761079,lt_16KiB,C:\Users\ss\Desktop\XAI\XAI\engines\XAI-Compress\results\hybrid_ai\selector_feature_importance.csv,20cb03e2c284978c7f64,PASS
True,1.5701259227095092,csv,904,23.106912565720922,0.1900999923236668,146.910523713299,0.02989999484270811,brotli-4,4606,333.4921875,5.095132743362832,lt_16KiB,C:\Users\ss\Desktop\XAI\XAI\engines\XAI-Compress\results\hybrid_ai\selector_feature_importance.csv,20cb03e2c284978c7f64,PASS
True,1.4485453755970474,csv,834,4.017398841564273,1.0934000019915402,120.01708697595195,0.03659998765215278,brotli-6,4606,333.4921875,5.522781774580336,lt_16KiB,C:\Users\ss\Desktop\XAI\XAI\engines\XAI-Compress\results\hybrid_ai\selector_feature_importance.csv,20cb03e2c284978c7f64,PASS
True,1.446808510638298,csv,833,1.8158842113668638,2.418999996734783,56.46045395984121,0.07780001033097506,brotli-9,4606,333.4921875,5.529411764705882,lt_16KiB,C:\Users\ss\Desktop\XAI\XAI\engines\XAI-Compress\results\hybrid_ai\selector_feature_importance.csv,20cb03e2c284978c7f64,PASS
True,1.3130699088145896,csv,756,0.3873258647693337,11.340900004142895,86.12991269988918,0.05099998088553548,brotli-11,4606,333.4921875,6.092592592592593,lt_16KiB,C:\Users\ss\Desktop\XAI\XAI\engines\XAI-Compress\results\hybrid_ai\selector_feature_importance.csv,20cb03e2c284978c7f64,PASS
True,1.7646547980894485,csv,1016,10.916063151549876,0.40240000816993415,27.62656744273226,0.15899998834356666,lzma2-0,4606,333.4921875,4.533464566929134,lt_16KiB,C:\Users\ss\Desktop\XAI\XAI\engines\XAI-Compress\results\hybrid_ai\selector_feature_importance.csv,20cb03e2c284978c7f64,PASS
True,1.743812418584455,csv,1004,0.857063900619357,5.125199997564778,17.5214364174727,0.25069998810067773,lzma2-3,4606,333.4921875,4.587649402390438,lt_16KiB,C:\Users\ss\Desktop\XAI\XAI\engines\XAI-Compress\results\hybrid_ai\selector_feature_importance.csv,20cb03e2c284978c7f64,PASS
True,1.6604429005644812,csv,956,0.580367024423023,7.568700006231666,25.332316209909433,0.17340001068077981,lzma2-6,4606,333.4921875,4.817991631799163,lt_16KiB,C:\Users\ss\Desktop\XAI\XAI\engines\XAI-Compress\results\hybrid_ai\selector_feature_importance.csv,20cb03e2c284978c7f64,PASS
True,1.743812418584455,csv,1004,4.632592164789681,0.9482000023126602,18.966425412319992,0.23159998818300664,bzip2-1,4606,333.4921875,4.587649402390438,lt_16KiB,C:\Users\ss\Desktop\XAI\XAI\engines\XAI-Compress\results\hybrid_ai\selector_feature_importance.csv,20cb03e2c284978c7f64,PASS
True,1.743812418584455,csv,1004,3.0640512657801136,1.433600002201274,18.779922164986488,0.2339000056963414,bzip2-9,4606,333.4921875,4.587649402390438,lt_16KiB,C:\Users\ss\Desktop\XAI\XAI\engines\XAI-Compress\results\hybrid_ai\selector_feature_importance.csv,20cb03e2c284978c7f64,PASS
True,8.0,csv,6979,1706.5877032603748,0.0039000005926936865,13311.284749708964,0.000500003807246685,raw,6979,333.4921875,1.0,lt_16KiB,C:\Users\ss\Desktop\XAI\XAI\engines\XAI-Compress\results\model_search\imports\auto\residual-scale-depth-3c28504154\v1\results\model_search\residual_scale_depth\short_screen.metrics.csv,fd92d55f5169a15f74dc,PASS
True,3.320819601662129,csv,2897,66.22581507393387,0.10049997945316136,129.74057430410375,0.051300012273713946,gzip-1,6979,333.4921875,2.409043838453573,lt_16KiB,C:\Users\ss\Desktop\XAI\XAI\engines\XAI-Compress\results\model_search\imports\auto\residual-scale-depth-3c28504154\v1\results\model_search\residual_scale_depth\short_screen.metrics.csv,fd92d55f5169a15f74dc,PASS
True,2.1263791374122367,csv,1855,34.55708030829512,0.19259998225606978,144.06261228912322,0.046200002543628216,gzip-6,6979,333.4921875,3.762264150943396,lt_16KiB,C:\Users\ss\Desktop\XAI\XAI\engines\XAI-Compress\results\model_search\imports\auto\residual-scale-depth-3c28504154\v1\results\model_search\residual_scale_depth\short_screen.metrics.csv,fd92d55f5169a15f74dc,PASS
True,2.1733772746811866,csv,1896,39.75921225643148,0.1674000232014805,188.54666427020243,0.035299977753311396,gzip-9,6979,333.4921875,3.6809071729957807,lt_16KiB,C:\Users\ss\Desktop\XAI\XAI\engines\XAI-Compress\results\model_search\imports\auto\residual-scale-depth-3c28504154\v1\results\model_search\residual_scale_depth\short_screen.metrics.csv,fd92d55f5169a15f74dc,PASS
True,3.3070640492907293,csv,2885,84.67801098687885,0.07860001642256975,350.2996499881287,0.018999999156221747,deflate-1,6979,333.4921875,2.4190641247833624,lt_16KiB,C:\Users\ss\Desktop\XAI\XAI\engines\XAI-Compress\results\model_search\imports\auto\residual-scale-depth-3c28504154\v1\results\model_search\residual_scale_depth\short_screen.metrics.csv,fd92d55f5169a15f74dc,PASS
True,2.112623585040837,csv,1843,52.78107110866669,0.1260999997612089,312.4736077653878,0.0213000166695565,deflate-6,6979,333.4921875,3.7867607162235486,lt_16KiB,C:\Users\ss\Desktop\XAI\XAI\engines\XAI-Compress\results\model_search\imports\auto\residual-scale-depth-3c28504154\v1\results\model_search\residual_scale_depth\short_screen.metrics.csv,fd92d55f5169a15f74dc,PASS
True,2.1596217223097867,csv,1884,43.64388972224449,0.15249999705702066,302.53160015557324,0.0219999928958714,deflate-9,6979,333.4921875,3.704352441613588,lt_16KiB,C:\Users\ss\Desktop\XAI\XAI\engines\XAI-Compress\results\model_search\imports\auto\residual-scale-depth-3c28504154\v1\results\model_search\residual_scale_depth\short_screen.metrics.csv,fd92d55f5169a15f74dc,PASS
True,2.0174810144719872,csv,1760,109.82992603976564,0.06059999577701092,316.9375473803106,0.021000014385208488,zstd-1,6979,333.4921875,3.965340909090909,lt_16KiB,C:\Users\ss\Desktop\XAI\XAI\engines\XAI-Compress\results\model_search\imports\auto\residual-scale-depth-3c28504154\v1\results\model_search\residual_scale_depth\short_screen.metrics.csv,fd92d55f5169a15f74dc,PASS
True,2.0392606390600374,csv,1779,123.71176173376595,0.053800002206116915,408.3245343389327,0.016300007700920105,zstd-3,6979,333.4921875,3.922990444069702,lt_16KiB,C:\Users\ss\Desktop\XAI\XAI\engines\XAI-Compress\results\model_search\imports\auto\residual-scale-depth-3c28504154\v1\results\model_search\residual_scale_depth\short_screen.metrics.csv,fd92d55f5169a15f74dc,PASS
True,2.0174810144719872,csv,1760,51.99759620577043,0.1280000142287463,398.5449323553041,0.016699981642886996,zstd-6,6979,333.4921875,3.965340909090909,lt_16KiB,C:\Users\ss\Desktop\XAI\XAI\engines\XAI-Compress\results\model_search\imports\auto\residual-scale-depth-3c28504154\v1\results\model_search\residual_scale_depth\short_screen.metrics.csv,fd92d55f5169a15f74dc,PASS
True,2.0174810144719872,csv,1760,37.32861665248202,0.17830001888796687,403.37582262516867,0.016499980119988322,zstd-9,6979,333.4921875,3.965340909090909,lt_16KiB,C:\Users\ss\Desktop\XAI\XAI\engines\XAI-Compress\results\model_search\imports\auto\residual-scale-depth-3c28504154\v1\results\model_search\residual_scale_depth\short_screen.metrics.csv,fd92d55f5169a15f74dc,PASS
True,2.3235420547356354,csv,2027,119.70667534895797,0.05560001591220498,168.92630596119142,0.039399979868903756,brotli-1,6979,333.4921875,3.443019240256537,lt_16KiB,C:\Users\ss\Desktop\XAI\XAI\engines\XAI-Compress\results\model_search\imports\auto\residual-scale-depth-3c28504154\v1\results\model_search\residual_scale_depth\short_screen.metrics.csv,fd92d55f5169a15f74dc,PASS
True,1.923484739934088,csv,1678,30.586824979379212,0.2175999979954213,192.36106244117198,0.03460000152699649,brotli-4,6979,333.4921875,4.159117997616209,lt_16KiB,C:\Users\ss\Desktop\XAI\XAI\engines\XAI-Compress\results\model_search\imports\auto\residual-scale-depth-3c28504154\v1\results\model_search\residual_scale_depth\short_screen.metrics.csv,fd92d55f5169a15f74dc,PASS
True,1.8902421550365383,csv,1649,6.237762909942248,1.0670000046957284,163.93337084813317,0.0405999890062958,brotli-6,6979,333.4921875,4.232261976955731,lt_16KiB,C:\Users\ss\Desktop\XAI\XAI\engines\XAI-Compress\results\model_search\imports\auto\residual-scale-depth-3c28504154\v1\results\model_search\residual_scale_depth\short_screen.metrics.csv,fd92d55f5169a15f74dc,PASS
True,1.8879495629746381,csv,1647,1.4080460820354528,4.726900020614266,99.93531259736781,0.06660001236014068,brotli-9,6979,333.4921875,4.237401335761992,lt_16KiB,C:\Users\ss\Desktop\XAI\XAI\engines\XAI-Compress\results\model_search\imports\auto\residual-scale-depth-3c28504154\v1\results\model_search\residual_scale_depth\short_screen.metrics.csv,fd92d55f5169a15f74dc,PASS
True,1.7091273821464392,csv,1491,0.404707191392335,16.44569999189116,111.86035643622472,0.05950001650489867,brotli-11,6979,333.4921875,4.68075117370892,lt_16KiB,C:\Users\ss\Desktop\XAI\XAI\engines\XAI-Compress\results\model_search\imports\auto\residual-scale-depth-3c28504154\v1\results\model_search\residual_scale_depth\short_screen.metrics.csv,fd92d55f5169a15f74dc,PASS
True,2.118355065195587,csv,1848,12.543711117986962,0.5305999948177487,33.871209411452455,0.19650001195259392,lzma2-0,6979,333.4921875,3.7765151515151514,lt_16KiB,C:\Users\ss\Desktop\XAI\XAI\engines\XAI-Compress\results\model_search\imports\auto\residual-scale-depth-3c28504154\v1\results\model_search\residual_scale_depth\short_screen.metrics.csv,fd92d55f5169a15f74dc,PASS
True,2.118355065195587,csv,1848,1.8753185535251065,3.5490999871399254,27.277431076402806,0.24399999529123306,lzma2-3,6979,333.4921875,3.7765151515151514,lt_16KiB,C:\Users\ss\Desktop\XAI\XAI\engines\XAI-Compress\results\model_search\imports\auto\residual-scale-depth-3c28504154\v1\results\model_search\residual_scale_depth\short_screen.metrics.csv,fd92d55f5169a15f74dc,PASS
True,1.9945550938529875,csv,1740,0.9488342952507628,7.0146000070963055,24.09736737842144,0.2762000076472759,lzma2-6,6979,333.4921875,4.010919540229885,lt_16KiB,C:\Users\ss\Desktop\XAI\XAI\engines\XAI-Compress\results\model_search\imports\auto\residual-scale-depth-3c28504154\v1\results\model_search\residual_scale_depth\short_screen.metrics.csv,fd92d55f5169a15f74dc,PASS
True,2.073649519988537,csv,1809,5.486968670050692,1.213000010466203,24.733160469619698,0.26909998268820345,bzip2-1,6979,333.4921875,3.857932559425097,lt_16KiB,C:\Users\ss\Desktop\XAI\XAI\engines\XAI-Compress\results\model_search\imports\auto\residual-scale-depth-3c28504154\v1\results\model_search\residual_scale_depth\short_screen.metrics.csv,fd92d55f5169a15f74dc,PASS
True,2.073649519988537,csv,1809,5.207897495125792,1.2780000106431544,22.060633398521926,0.30169999809004366,bzip2-9,6979,333.4921875,3.857932559425097,lt_16KiB,C:\Users\ss\Desktop\XAI\XAI\engines\XAI-Compress\results\model_search\imports\auto\residual-scale-depth-3c28504154\v1\results\model_search\residual_scale_depth\short_screen.metrics.csv,fd92d55f5169a15f74dc,PASS
True,8.0,csv,55455,10369.785944588695,0.0051000097300857306,58761.78502134265,0.000900006853044033,raw,55455,333.4921875,1.0,16_64KiB,C:\Users\ss\Desktop\XAI\XAI\engines\XAI-Compress\data\domain_focused\archive (1)\FaceForensics++_C23\csv\FaceShifter.csv,16a980a0d416c9105d7a,PASS
True,2.8606978631322693,csv,19830,97.68380165916565,0.5413999897427857,145.65136111906193,0.3630999999586493,gzip-1,55455,333.4921875,2.796520423600605,16_64KiB,C:\Users\ss\Desktop\XAI\XAI\engines\XAI-Compress\data\domain_focused\archive (1)\FaceForensics++_C23\csv\FaceShifter.csv,16a980a0d416c9105d7a,PASS
True,1.8918402308177802,csv,13114,23.641488167185308,2.2370000078808516,188.94608055428498,0.27990000671707094,gzip-6,55455,333.4921875,4.228686899496721,16_64KiB,C:\Users\ss\Desktop\XAI\XAI\engines\XAI-Compress\data\domain_focused\archive (1)\FaceForensics++_C23\csv\FaceShifter.csv,16a980a0d416c9105d7a,PASS
True,1.8280768190424668,csv,12672,12.983578260266711,4.073299991432577,202.8615573127754,0.2607000060379505,gzip-9,55455,333.4921875,4.376183712121212,16_64KiB,C:\Users\ss\Desktop\XAI\XAI\engines\XAI-Compress\data\domain_focused\archive (1)\FaceForensics++_C23\csv\FaceShifter.csv,16a980a0d416c9105d7a,PASS
True,2.8589667297809034,csv,19818,95.7906371272004,0.5520999839063734,229.53996243787014,0.23040000814944506,deflate-1,55455,333.4921875,2.79821374508023,16_64KiB,C:\Users\ss\Desktop\XAI\XAI\engines\XAI-Compress\data\domain_focused\archive (1)\FaceForensics++_C23\csv\FaceShifter.csv,16a980a0d416c9105d7a,PASS
True,1.8901090974664143,csv,13102,28.479272219312797,1.8570000247564167,225.43054872379213,0.23460001102648675,deflate-6,55455,333.4921875,4.232559914516868,16_64KiB,C:\Users\ss\Desktop\XAI\XAI\engines\XAI-Compress\data\domain_focused\archive (1)\FaceForensics++_C23\csv\FaceShifter.csv,16a980a0d416c9105d7a,PASS
True,1.826345685691101,csv,12660,13.44878681677298,3.9323999953921884,363.7277082475131,0.14540000120177865,deflate-9,55455,333.4921875,4.380331753554502,16_64KiB,C:\Users\ss\Desktop\XAI\XAI\engines\XAI-Compress\data\domain_focused\archive (1)\FaceForensics++_C23\csv\FaceShifter.csv,16a980a0d416c9105d7a,PASS
True,1.7423857181498512,csv,12078,144.10356713040355,0.36700000055134296,314.23653545790717,0.16830000095069408,zstd-1,55455,333.4921875,4.591405861897665,16_64KiB,C:\Users\ss\Desktop\XAI\XAI\engines\XAI-Compress\data\domain_focused\archive (1)\FaceForensics++_C23\csv\FaceShifter.csv,16a980a0d416c9105d7a,PASS
True,1.8308177801821297,csv,12691,73.4834107555095,0.7196999795269221,270.7936940807459,0.19530000281520188,zstd-3,55455,333.4921875,4.3696320226932475,16_64KiB,C:\Users\ss\Desktop\XAI\XAI\engines\XAI-Compress\data\domain_focused\archive (1)\FaceForensics++_C23\csv\FaceShifter.csv,16a980a0d416c9105d7a,PASS
True,1.7702281128843207,csv,12271,21.077680815273787,2.509100013412535,324.25507586088264,0.16310001956298947,zstd-6,55455,333.4921875,4.5191915899274715,16_64KiB,C:\Users\ss\Desktop\XAI\XAI\engines\XAI-Compress\data\domain_focused\archive (1)\FaceForensics++_C23\csv\FaceShifter.csv,16a980a0d416c9105d7a,PASS
True,1.6800649175006763,csv,11646,16.479499374936925,3.2091999892145395,346.56625145709876,0.15259999781847,zstd-9,55455,333.4921875,4.76172076249356,16_64KiB,C:\Users\ss\Desktop\XAI\XAI\engines\XAI-Compress\data\domain_focused\archive (1)\FaceForensics++_C23\csv\FaceShifter.csv,16a980a0d416c9105d7a,PASS
True,1.7884050130736633,csv,12397,117.00444322763535,0.45200000749900937,122.64844590470561,0.43119999463669956,brotli-1,55455,333.4921875,4.4732596595950636,16_64KiB,C:\Users\ss\Desktop\XAI\XAI\engines\XAI-Compress\data\domain_focused\archive (1)\FaceForensics++_C23\csv\FaceShifter.csv,16a980a0d416c9105d7a,PASS
True,1.7781624740780813,csv,12326,43.105395077797176,1.226899999892339,201.3171328283573,0.2626999921631068,brotli-4,55455,333.4921875,4.499026448158364,16_64KiB,C:\Users\ss\Desktop\XAI\XAI\engines\XAI-Compress\data\domain_focused\archive (1)\FaceForensics++_C23\csv\FaceShifter.csv,16a980a0d416c9105d7a,PASS
True,1.6001442611126138,csv,11092,13.573392464536303,3.8963000115472823,173.56746170964885,0.3047000209335238,brotli-6,55455,333.4921875,4.999549224666426,16_64KiB,C:\Users\ss\Desktop\XAI\XAI\engines\XAI-Compress\data\domain_focused\archive (1)\FaceForensics++_C23\csv\FaceShifter.csv,16a980a0d416c9105d7a,PASS
True,1.5891804165539627,csv,11016,2.8145827147930373,18.790000001899898,137.01038667454733,0.3859999997075647,brotli-9,55455,333.4921875,5.034041394335512,16_64KiB,C:\Users\ss\Desktop\XAI\XAI\engines\XAI-Compress\data\domain_focused\archive (1)\FaceForensics++_C23\csv\FaceShifter.csv,16a980a0d416c9105d7a,PASS
True,1.3015237580019836,csv,9022,0.39515474302343373,133.8361999951303,71.63214270819134,0.7382999756373465,brotli-11,55455,333.4921875,6.1466415428951455,16_64KiB,C:\Users\ss\Desktop\XAI\XAI\engines\XAI-Compress\data\domain_focused\archive (1)\FaceForensics++_C23\csv\FaceShifter.csv,16a980a0d416c9105d7a,PASS
True,1.6174555946262736,csv,11212,5.258051633669174,10.058100015157834,16.20828370344898,3.2629000197630376,lzma2-0,55455,333.4921875,4.946039957188726,16_64KiB,C:\Users\ss\Desktop\XAI\XAI\engines\XAI-Compress\data\domain_focused\archive (1)\FaceForensics++_C23\csv\FaceShifter.csv,16a980a0d416c9105d7a,PASS
True,1.588026327653052,csv,11008,2.966341301839032,17.828700016252697,28.093497364839493,1.8825000151991844,lzma2-3,55455,333.4921875,5.037699854651163,16_64KiB,C:\Users\ss\Desktop\XAI\XAI\engines\XAI-Compress\data\domain_focused\archive (1)\FaceForensics++_C23\csv\FaceShifter.csv,16a980a0d416c9105d7a,PASS
True,1.2908484356685601,csv,8948,1.4650066960900257,36.09949999372475,36.58412353843145,1.445600006263703,lzma2-6,55455,333.4921875,6.197474295932052,16_64KiB,C:\Users\ss\Desktop\XAI\XAI\engines\XAI-Compress\data\domain_focused\archive (1)\FaceForensics++_C23\csv\FaceShifter.csv,16a980a0d416c9105d7a,PASS
True,1.2752682355062663,csv,8840,9.096007951769995,5.814199976157397,29.83022694388603,1.7728999955579638,bzip2-1,55455,333.4921875,6.273190045248869,16_64KiB,C:\Users\ss\Desktop\XAI\XAI\engines\XAI-Compress\data\domain_focused\archive (1)\FaceForensics++_C23\csv\FaceShifter.csv,16a980a0d416c9105d7a,PASS
True,1.2752682355062663,csv,8840,7.925728605260717,6.672699993941933,26.878435343990017,1.9675999938044697,bzip2-9,55455,333.4921875,6.273190045248869,16_64KiB,C:\Users\ss\Desktop\XAI\XAI\engines\XAI-Compress\data\domain_focused\archive (1)\FaceForensics++_C23\csv\FaceShifter.csv,16a980a0d416c9105d7a,PASS
True,8.0,csv,58441,12116.001948688747,0.0046000059228390455,61925.84038287414,0.000900006853044033,raw,58441,333.4921875,1.0,16_64KiB,C:\Users\ss\Desktop\XAI\XAI\engines\XAI-Compress\data\domain_focused\archive (1)\FaceForensics++_C23\csv\NeuralTextures.csv,6e96649c37ae12817da8,PASS
True,2.5911945380811416,csv,18929,137.71603952597937,0.40469999657943845,278.529124773249,0.2001000102609396,gzip-1,58441,333.4921875,3.087379153679539,16_64KiB,C:\Users\ss\Desktop\XAI\XAI\engines\XAI-Compress\data\domain_focused\archive (1)\FaceForensics++_C23\csv\NeuralTextures.csv,6e96649c37ae12817da8,PASS
True,1.7033247206584419,csv,12443,43.16090832439874,1.2912999955005944,295.9834224093921,0.1883000077214092,gzip-6,58441,333.4921875,4.696696938037451,16_64KiB,C:\Users\ss\Desktop\XAI\XAI\engines\XAI-Compress\data\domain_focused\archive (1)\FaceForensics++_C23\csv\NeuralTextures.csv,6e96649c37ae12817da8,PASS
True,1.6528122379836074,csv,12074,20.354874001386047,2.7381000109016895,268.33743799671464,0.20769998081959784,gzip-9,58441,333.4921875,4.84023521616697,16_64KiB,C:\Users\ss\Desktop\XAI\XAI\engines\XAI-Compress\data\domain_focused\archive (1)\FaceForensics++_C23\csv\NeuralTextures.csv,6e96649c37ae12817da8,PASS
True,2.5895518557177324,csv,18917,122.410894561483,0.45530000352300704,330.567494992277,0.1686000032350421,deflate-1,58441,333.4921875,3.0893376328170428,16_64KiB,C:\Users\ss\Desktop\XAI\XAI\engines\XAI-Compress\data\domain_focused\archive (1)\FaceForensics++_C23\csv\NeuralTextures.csv,6e96649c37ae12817da8,PASS
True,1.7016820382950326,csv,12431,32.01613122617675,1.7407999839633703,253.4500991105134,0.21990001550875604,deflate-6,58441,333.4921875,4.701230793982785,16_64KiB,C:\Users\ss\Desktop\XAI\XAI\engines\XAI-Compress\data\domain_focused\archive (1)\FaceForensics++_C23\csv\NeuralTextures.csv,6e96649c37ae12817da8,PASS
True,1.6511695556201982,csv,12062,17.79662181636023,3.131700010271743,388.388054894494,0.14349998673424125,deflate-9,58441,333.4921875,4.845050572044437,16_64KiB,C:\Users\ss\Desktop\XAI\XAI\engines\XAI-Compress\data\domain_focused\archive (1)\FaceForensics++_C23\csv\NeuralTextures.csv,6e96649c37ae12817da8,PASS
True,1.581355555175305,csv,11552,167.26794678680878,0.33320000511594117,426.7509848726941,0.1306000049225986,zstd-1,58441,333.4921875,5.058950831024931,16_64KiB,C:\Users\ss\Desktop\XAI\XAI\engines\XAI-Compress\data\domain_focused\archive (1)\FaceForensics++_C23\csv\NeuralTextures.csv,6e96649c37ae12817da8,PASS
True,1.6665012576786844,csv,12174,129.58307952911204,0.43009998626075685,429.7122710457498,0.12969999806955457,zstd-3,58441,333.4921875,4.800476425168392,16_64KiB,C:\Users\ss\Desktop\XAI\XAI\engines\XAI-Compress\data\domain_focused\archive (1)\FaceForensics++_C23\csv\NeuralTextures.csv,6e96649c37ae12817da8,PASS
True,1.6151674338221453,csv,11799,33.808723342167,1.6485000087413937,376.32466906427743,0.1480999926570803,zstd-6,58441,333.4921875,4.953046868378676,16_64KiB,C:\Users\ss\Desktop\XAI\XAI\engines\XAI-Compress\data\domain_focused\archive (1)\FaceForensics++_C23\csv\NeuralTextures.csv,6e96649c37ae12817da8,PASS
True,1.5361817901815507,csv,11222,19.073812802508147,2.921999985119328,366.18713954847374,0.15219999477267265,zstd-9,58441,333.4921875,5.207716984494742,16_64KiB,C:\Users\ss\Desktop\XAI\XAI\engines\XAI-Compress\data\domain_focused\archive (1)\FaceForensics++_C23\csv\NeuralTextures.csv,6e96649c37ae12817da8,PASS
True,1.6396707790763334,csv,11978,159.4212773467564,0.3496000135783106,172.71051625977069,0.3226999833714217,brotli-1,58441,333.4921875,4.879028218400401,16_64KiB,C:\Users\ss\Desktop\XAI\XAI\engines\XAI-Compress\data\domain_focused\archive (1)\FaceForensics++_C23\csv\NeuralTextures.csv,6e96649c37ae12817da8,PASS
True,1.6235177358361423,csv,11860,46.27890111495728,1.2043000024277717,221.16540145847148,0.2519999979995191,brotli-4,58441,333.4921875,4.927571669477234,16_64KiB,C:\Users\ss\Desktop\XAI\XAI\engines\XAI-Compress\data\domain_focused\archive (1)\FaceForensics++_C23\csv\NeuralTextures.csv,6e96649c37ae12817da8,PASS
True,1.442822675861125,csv,10540,9.944097028983244,5.604700010735542,119.62583732852463,0.46590002602897584,brotli-6,58441,333.4921875,5.544686907020873,16_64KiB,C:\Users\ss\Desktop\XAI\XAI\engines\XAI-Compress\data\domain_focused\archive (1)\FaceForensics++_C23\csv\NeuralTextures.csv,6e96649c37ae12817da8,PASS
True,1.4336510326654233,csv,10473,3.1473729798384626,17.70799999940209,175.31827569465824,0.31790000502951443,brotli-9,58441,333.4921875,5.580158502816767,16_64KiB,C:\Users\ss\Desktop\XAI\XAI\engines\XAI-Compress\data\domain_focused\archive (1)\FaceForensics++_C23\csv\NeuralTextures.csv,6e96649c37ae12817da8,PASS
True,1.1802672781095465,csv,8622,0.3530274601346529,157.87349999300204,205.35622949045884,0.2714000002015382,brotli-11,58441,333.4921875,6.778125724889817,16_64KiB,C:\Users\ss\Desktop\XAI\XAI\engines\XAI-Compress\data\domain_focused\archive (1)\FaceForensics++_C23\csv\NeuralTextures.csv,6e96649c37ae12817da8,PASS
True,1.456511695556202,csv,10640,15.239023537640346,3.657299996120855,48.82067377458558,1.1415999906603247,lzma2-0,58441,333.4921875,5.4925751879699245,16_64KiB,C:\Users\ss\Desktop\XAI\XAI\engines\XAI-Compress\data\domain_focused\archive (1)\FaceForensics++_C23\csv\NeuralTextures.csv,6e96649c37ae12817da8,PASS
True,1.4329665816806694,csv,10468,7.810760388687846,7.135499996365979,53.64165638275296,1.0389999952167273,lzma2-3,58441,333.4921875,5.582823844096294,16_64KiB,C:\Users\ss\Desktop\XAI\XAI\engines\XAI-Compress\data\domain_focused\archive (1)\FaceForensics++_C23\csv\NeuralTextures.csv,6e96649c37ae12817da8,PASS
True,1.2303690901935285,csv,8988,2.310060750930238,24.12650000769645,50.84261954009152,1.0962000233121216,lzma2-6,58441,333.4921875,6.502113929684024,16_64KiB,C:\Users\ss\Desktop\XAI\XAI\engines\XAI-Compress\data\domain_focused\archive (1)\FaceForensics++_C23\csv\NeuralTextures.csv,6e96649c37ae12817da8,PASS
True,1.1559008230523091,csv,8444,12.401522172882231,4.494099994190037,45.022765077848454,1.2378999963402748,bzip2-1,58441,333.4921875,6.921009000473709,16_64KiB,C:\Users\ss\Desktop\XAI\XAI\engines\XAI-Compress\data\domain_focused\archive (1)\FaceForensics++_C23\csv\NeuralTextures.csv,6e96649c37ae12817da8,PASS
True,1.1559008230523091,csv,8444,11.69254409699541,4.766600002767518,38.882154805860864,1.4334000006783754,bzip2-9,58441,333.4921875,6.921009000473709,16_64KiB,C:\Users\ss\Desktop\XAI\XAI\engines\XAI-Compress\data\domain_focused\archive (1)\FaceForensics++_C23\csv\NeuralTextures.csv,6e96649c37ae12817da8,PASS
True,8.0,csv,796355,151892.38959481718,0.0050000089686363935,1518915.0547147847,0.000500003807246685,raw,796355,333.4921875,1.0,64KiB_1MiB,C:\Users\ss\Desktop\XAI\XAI\engines\XAI-Compress\phase_h_dataset_report.csv,90bb57d94e3fa72035ad,PASS
True,1.110971865562469,csv,110591,568.7159681714725,1.335400011157617,950.0416639133803,0.7994000043254346,gzip-1,796355,333.4921875,7.2009024242479045,64KiB_1MiB,C:\Users\ss\Desktop\XAI\XAI\engines\XAI-Compress\phase_h_dataset_report.csv,90bb57d94e3fa72035ad,PASS
True,0.7415084980944429,csv,73813,145.07417607389382,5.2349999896250665,790.9428298264612,0.9602000063750893,gzip-6,796355,333.4921875,10.78881768794115,64KiB_1MiB,C:\Users\ss\Desktop\XAI\XAI\engines\XAI-Compress\phase_h_dataset_report.csv,90bb57d94e3fa72035ad,PASS
True,0.7736750569783576,csv,77015,56.293236382578705,13.491199992131442,733.8518845342007,1.034899993101135,gzip-9,796355,333.4921875,10.34025839122249,64KiB_1MiB,C:\Users\ss\Desktop\XAI\XAI\engines\XAI-Compress\phase_h_dataset_report.csv,90bb57d94e3fa72035ad,PASS
True,1.1108513163099372,csv,110579,427.91487401712874,1.7747999809216708,684.8798879750552,1.1089000036008656,deflate-1,796355,333.4921875,7.201683864024814,64KiB_1MiB,C:\Users\ss\Desktop\XAI\XAI\engines\XAI-Compress\phase_h_dataset_report.csv,90bb57d94e3fa72035ad,PASS
True,0.741387948841911,csv,73801,128.24006426844429,5.922200012719259,677.1853068810176,1.1214999831281602,deflate-6,796355,333.4921875,10.790571943469601,64KiB_1MiB,C:\Users\ss\Desktop\XAI\XAI\engines\XAI-Compress\phase_h_dataset_report.csv,90bb57d94e3fa72035ad,PASS
True,0.7735545077258258,csv,77003,50.17728469991658,15.135599998757243,609.4232943583643,1.2462000013329089,deflate-9,796355,333.4921875,10.341869797280625,64KiB_1MiB,C:\Users\ss\Desktop\XAI\XAI\engines\XAI-Compress\phase_h_dataset_report.csv,90bb57d94e3fa72035ad,PASS
True,0.6826704170878566,csv,67956,294.77694055753875,2.5764000019989908,700.4180730520914,1.0842999909073114,zstd-1,796355,333.4921875,11.718685620107129,64KiB_1MiB,C:\Users\ss\Desktop\XAI\XAI\engines\XAI-Compress\phase_h_dataset_report.csv,90bb57d94e3fa72035ad,PASS
True,0.7047108387590961,csv,70150,283.26556504292495,2.6811000134330243,1029.3620348066506,0.7378000009339303,zstd-3,796355,333.4921875,11.352173913043478,64KiB_1MiB,C:\Users\ss\Desktop\XAI\XAI\engines\XAI-Compress\phase_h_dataset_report.csv,90bb57d94e3fa72035ad,PASS
True,0.6357667120819233,csv,63287,79.43346004412398,9.560999984387308,1582.2152696403264,0.4799999878741801,zstd-6,796355,333.4921875,12.583231943369096,64KiB_1MiB,C:\Users\ss\Desktop\XAI\XAI\engines\XAI-Compress\phase_h_dataset_report.csv,90bb57d94e3fa72035ad,PASS
True,0.5904201015878597,csv,58773,58.652156135066704,12.948600022355095,1417.702639152926,0.5357000045478344,zstd-9,796355,333.4921875,13.549674170112127,64KiB_1MiB,C:\Users\ss\Desktop\XAI\XAI\engines\XAI-Compress\phase_h_dataset_report.csv,90bb57d94e3fa72035ad,PASS
True,0.7131995152915471,csv,70995,443.7413456278071,1.7114999936893582,382.6397153584394,1.9848000083584338,brotli-1,796355,333.4921875,11.217057539263328,64KiB_1MiB,C:\Users\ss\Desktop\XAI\XAI\engines\XAI-Compress\phase_h_dataset_report.csv,90bb57d94e3fa72035ad,PASS
True,0.622978445542503,csv,62014,83.120457861873,9.13689998560585,516.9934003845431,1.4690000098198652,brotli-4,796355,333.4921875,12.841535782242719,64KiB_1MiB,C:\Users\ss\Desktop\XAI\XAI\engines\XAI-Compress\phase_h_dataset_report.csv,90bb57d94e3fa72035ad,PASS
True,0.6074376377369389,csv,60467,40.28448798580912,18.852500012144446,403.17636150328786,1.883699995232746,brotli-6,796355,333.4921875,13.170076239932525,64KiB_1MiB,C:\Users\ss\Desktop\XAI\XAI\engines\XAI-Compress\phase_h_dataset_report.csv,90bb57d94e3fa72035ad,PASS
True,0.5966786169484715,csv,59396,16.21592911482525,46.834399981889874,422.6284409367967,1.7970000044442713,brotli-9,796355,333.4921875,13.407552697151324,64KiB_1MiB,C:\Users\ss\Desktop\XAI\XAI\engines\XAI-Compress\phase_h_dataset_report.csv,90bb57d94e3fa72035ad,PASS
True,0.42054611322839686,csv,41863,0.2781368152933173,2730.5386000080034,458.1427967325758,1.6576999914832413,brotli-11,796355,333.4921875,19.02288416979194,64KiB_1MiB,C:\Users\ss\Desktop\XAI\XAI\engines\XAI-Compress\phase_h_dataset_report.csv,90bb57d94e3fa72035ad,PASS
True,0.6712986042656856,csv,66824,21.94758651573138,34.603500011144206,78.37760450719452,9.689799975603819,lzma2-0,796355,333.4921875,11.917200407039386,64KiB_1MiB,C:\Users\ss\Desktop\XAI\XAI\engines\XAI-Compress\phase_h_dataset_report.csv,90bb57d94e3fa72035ad,PASS
True,0.5963571522750533,csv,59364,15.04641553750139,50.474699994083494,75.14453874412763,10.106700006872416,lzma2-3,796355,333.4921875,13.414780001347617,64KiB_1MiB,C:\Users\ss\Desktop\XAI\XAI\engines\XAI-Compress\phase_h_dataset_report.csv,90bb57d94e3fa72035ad,PASS
True,0.5652956282060136,csv,56272,4.630549140078321,164.01149999001063,94.31163593203213,8.052699995459989,lzma2-6,796355,333.4921875,14.151887261870913,64KiB_1MiB,C:\Users\ss\Desktop\XAI\XAI\engines\XAI-Compress\phase_h_dataset_report.csv,90bb57d94e3fa72035ad,PASS
True,0.5702783306439967,csv,56768,8.858626178416749,85.73150000302121,47.795348693612404,15.889899979811162,bzip2-1,796355,333.4921875,14.02823773957159,64KiB_1MiB,C:\Users\ss\Desktop\XAI\XAI\engines\XAI-Compress\phase_h_dataset_report.csv,90bb57d94e3fa72035ad,PASS
True,0.5162119908834628,csv,51386,6.95135473643723,109.25399998086505,39.190824423390964,19.378600001800805,bzip2-9,796355,333.4921875,15.497509049157358,64KiB_1MiB,C:\Users\ss\Desktop\XAI\XAI\engines\XAI-Compress\phase_h_dataset_report.csv,90bb57d94e3fa72035ad,PASS
True,8.0,json,83,15.520640971500965,0.005099980626255274,49.471478463329454,0.001600012183189392,raw,83,333.4921875,1.0,lt_16KiB,C:\Users\ss\Desktop\XAI\XAI\apps\public_nextjs\.next\server\middleware-manifest.json,e43e7849d7ac7eee3e69,PASS
True,7.614457831325301,json,79,1.1993180882128567,0.0659999786876142,1.8801654977895605,0.042100000428035855,gzip-1,83,333.4921875,1.0506329113924051,lt_16KiB,C:\Users\ss\Desktop\XAI\XAI\apps\public_nextjs\.next\server\middleware-manifest.json,e43e7849d7ac7eee3e69,PASS
True,7.614457831325301,json,79,1.4767717771037563,0.05360000068321824,2.8575793394377813,0.027700007194653153,gzip-6,83,333.4921875,1.0506329113924051,lt_16KiB,C:\Users\ss\Desktop\XAI\XAI\apps\public_nextjs\.next\server\middleware-manifest.json,e43e7849d7ac7eee3e69,PASS
True,7.421686746987952,json,77,1.6253589423176333,0.048699992476031184,3.0561771491049163,0.025899993488565087,gzip-9,83,333.4921875,1.077922077922078,lt_16KiB,C:\Users\ss\Desktop\XAI\XAI\apps\public_nextjs\.next\server\middleware-manifest.json,e43e7849d7ac7eee3e69,PASS
True,6.457831325301205,json,67,1.6422196446071253,0.0481999886687845,8.245296403863527,0.009600014891475439,deflate-1,83,333.4921875,1.2388059701492538,lt_16KiB,C:\Users\ss\Desktop\XAI\XAI\apps\public_nextjs\.next\server\middleware-manifest.json,e43e7849d7ac7eee3e69,PASS
True,6.457831325301205,json,67,1.5222112647520074,0.05199998850002885,8.603789819999367,0.009200011845678091,deflate-6,83,333.4921875,1.2388059701492538,lt_16KiB,C:\Users\ss\Desktop\XAI\XAI\apps\public_nextjs\.next\server\middleware-manifest.json,e43e7849d7ac7eee3e69,PASS
True,6.265060240963855,json,65,1.5222104127873233,0.052000017603859305,9.77221411786687,0.008100003469735384,deflate-9,83,333.4921875,1.2769230769230768,lt_16KiB,C:\Users\ss\Desktop\XAI\XAI\apps\public_nextjs\.next\server\middleware-manifest.json,e43e7849d7ac7eee3e69,PASS
True,7.421686746987952,json,77,1.2933818270357464,0.06120000034570694,5.496875378956304,0.014399993233382702,zstd-1,83,333.4921875,1.077922077922078,lt_16KiB,C:\Users\ss\Desktop\XAI\XAI\apps\public_nextjs\.next\server\middleware-manifest.json,e43e7849d7ac7eee3e69,PASS
True,7.228915662650603,json,75,1.823846760992561,0.043400010326877236,7.837133644350826,0.010099989594891667,zstd-3,83,333.4921875,1.1066666666666667,lt_16KiB,C:\Users\ss\Desktop\XAI\XAI\apps\public_nextjs\.next\server\middleware-manifest.json,e43e7849d7ac7eee3e69,PASS
True,7.228915662650603,json,75,1.6422196446071253,0.0481999886687845,8.603789819999367,0.009200011845678091,zstd-6,83,333.4921875,1.1066666666666667,lt_16KiB,C:\Users\ss\Desktop\XAI\XAI\apps\public_nextjs\.next\server\middleware-manifest.json,e43e7849d7ac7eee3e69,PASS
True,7.228915662650603,json,75,1.6388195773014176,0.048299989430233836,8.698337565643449,0.009100011084228754,zstd-9,83,333.4921875,1.1066666666666667,lt_16KiB,C:\Users\ss\Desktop\XAI\XAI\apps\public_nextjs\.next\server\middleware-manifest.json,e43e7849d7ac7eee3e69,PASS
True,8.385542168674698,json,87,1.337077502733401,0.0591999851167202,5.863324257260319,0.013500015484169126,brotli-1,83,333.4921875,0.9540229885057471,lt_16KiB,C:\Users\ss\Desktop\XAI\XAI\apps\public_nextjs\.next\server\middleware-manifest.json,e43e7849d7ac7eee3e69,PASS
True,6.746987951807229,json,70,0.8349678138730681,0.09480002336204052,3.5655353329304247,0.02220002352260053,brotli-4,83,333.4921875,1.1857142857142857,lt_16KiB,C:\Users\ss\Desktop\XAI\XAI\apps\public_nextjs\.next\server\middleware-manifest.json,e43e7849d7ac7eee3e69,PASS
True,6.554216867469879,json,68,0.23770260482775732,0.3330000035930425,3.4415202828386104,0.02300000051036477,brotli-6,83,333.4921875,1.2205882352941178,lt_16KiB,C:\Users\ss\Desktop\XAI\XAI\apps\public_nextjs\.next\server\middleware-manifest.json,e43e7849d7ac7eee3e69,PASS
True,6.36144578313253,json,66,0.16463179961552435,0.4807999939657748,3.614383410544893,0.021899992134422064,brotli-9,83,333.4921875,1.2575757575757576,lt_16KiB,C:\Users\ss\Desktop\XAI\XAI\apps\public_nextjs\.next\server\middleware-manifest.json,e43e7849d7ac7eee3e69,PASS
True,7.228915662650603,json,75,0.04892451192441257,1.6179000085685402,3.1789124758344847,0.024900014977902174,brotli-11,83,333.4921875,1.1066666666666667,lt_16KiB,C:\Users\ss\Desktop\XAI\XAI\apps\public_nextjs\.next\server\middleware-manifest.json,e43e7849d7ac7eee3e69,PASS
True,11.951807228915662,json,124,0.5235117393158906,0.15119998715817928,1.9988623051109546,0.03960001049563289,lzma2-0,83,333.4921875,0.6693548387096774,lt_16KiB,C:\Users\ss\Desktop\XAI\XAI\apps\public_nextjs\.next\server\middleware-manifest.json,e43e7849d7ac7eee3e69,PASS
True,11.951807228915662,json,124,0.025247988288583746,3.13510000705719,1.0653430100653054,0.07429998368024826,lzma2-3,83,333.4921875,0.6693548387096774,lt_16KiB,C:\Users\ss\Desktop\XAI\XAI\apps\public_nextjs\.next\server\middleware-manifest.json,e43e7849d7ac7eee3e69,PASS
True,11.951807228915662,json,124,0.014856970581221431,5.327800026861951,1.2196451305793365,0.06489999941550195,lzma2-6,83,333.4921875,0.6693548387096774,lt_16KiB,C:\Users\ss\Desktop\XAI\XAI\apps\public_nextjs\.next\server\middleware-manifest.json,e43e7849d7ac7eee3e69,PASS
True,10.024096385542169,json,104,1.1505082594809535,0.06880000000819564,3.3972085307938475,0.023300002794712782,bzip2-1,83,333.4921875,0.7980769230769231,lt_16KiB,C:\Users\ss\Desktop\XAI\XAI\apps\public_nextjs\.next\server\middleware-manifest.json,e43e7849d7ac7eee3e69,PASS
True,10.024096385542169,json,104,0.8557293325060504,0.09250000584870577,1.944840003975856,0.04069998976774514,bzip2-9,83,333.4921875,0.7980769230769231,lt_16KiB,C:\Users\ss\Desktop\XAI\XAI\apps\public_nextjs\.next\server\middleware-manifest.json,e43e7849d7ac7eee3e69,PASS
True,8.0,json,416,52.897143167583764,0.007499998901039362,188.91690226730972,0.002100015990436077,raw,416,333.4921875,1.0,lt_16KiB,C:\Users\ss\Desktop\XAI\XAI\apps\admin_dotnet\bin\Debug\net8.0\AdminDotNet.runtimeconfig.json,719549724763a3953a3a,PASS
True,5.211538461538462,json,271,5.783214641178612,0.06859999848529696,8.423114259461684,0.04709998029284179,gzip-1,416,333.4921875,1.5350553505535056,lt_16KiB,C:\Users\ss\Desktop\XAI\XAI\apps\admin_dotnet\bin\Debug\net8.0\AdminDotNet.runtimeconfig.json,719549724763a3953a3a,PASS
True,4.519230769230769,json,235,5.206411092761014,0.07619999814778566,4.482809332696666,0.08849997539073229,gzip-6,416,333.4921875,1.7702127659574467,lt_16KiB,C:\Users\ss\Desktop\XAI\XAI\apps\admin_dotnet\bin\Debug\net8.0\AdminDotNet.runtimeconfig.json,719549724763a3953a3a,PASS
True,4.365384615384615,json,227,2.817674211132174,0.1407999952789396,8.369797845089067,0.04740001168102026,gzip-9,416,333.4921875,1.8325991189427313,lt_16KiB,C:\Users\ss\Desktop\XAI\XAI\apps\admin_dotnet\bin\Debug\net8.0\AdminDotNet.runtimeconfig.json,719549724763a3953a3a,PASS
True,4.980769230769231,json,259,3.0032435014305157,0.13210001634433866,23.61481732996329,0.016799982404336333,deflate-1,416,333.4921875,1.606177606177606,lt_16KiB,C:\Users\ss\Desktop\XAI\XAI\apps\admin_dotnet\bin\Debug\net8.0\AdminDotNet.runtimeconfig.json,719549724763a3953a3a,PASS
True,4.288461538461538,json,223,3.931897621447184,0.10090001160278916,17.10038700612812,0.023199972929432988,deflate-6,416,333.4921875,1.8654708520179373,lt_16KiB,C:\Users\ss\Desktop\XAI\XAI\apps\admin_dotnet\bin\Debug\net8.0\AdminDotNet.runtimeconfig.json,719549724763a3953a3a,PASS
True,4.134615384615385,json,215,4.2430864383909155,0.09349998435936868,17.632381055861252,0.022499996703118086,deflate-9,416,333.4921875,1.9348837209302325,lt_16KiB,C:\Users\ss\Desktop\XAI\XAI\apps\admin_dotnet\bin\Debug\net8.0\AdminDotNet.runtimeconfig.json,719549724763a3953a3a,PASS
True,4.423076923076923,json,230,4.85591926446019,0.08169998181983829,7.09711257665789,0.055899989092722535,zstd-1,416,333.4921875,1.808695652173913,lt_16KiB,C:\Users\ss\Desktop\XAI\XAI\apps\admin_dotnet\bin\Debug\net8.0\AdminDotNet.runtimeconfig.json,719549724763a3953a3a,PASS
True,4.403846153846154,json,229,5.4050223552381365,0.07339997682720423,23.475043052972378,0.016900012269616127,zstd-3,416,333.4921875,1.8165938864628821,lt_16KiB,C:\Users\ss\Desktop\XAI\XAI\apps\admin_dotnet\bin\Debug\net8.0\AdminDotNet.runtimeconfig.json,719549724763a3953a3a,PASS
True,4.288461538461538,json,223,2.978441756734848,0.13320002472028136,23.614776420369896,0.01680001150816679,zstd-6,416,333.4921875,1.8654708520179373,lt_16KiB,C:\Users\ss\Desktop\XAI\XAI\apps\admin_dotnet\bin\Debug\net8.0\AdminDotNet.runtimeconfig.json,719549724763a3953a3a,PASS
True,4.288461538461538,json,223,3.0169466167187435,0.13150001177564263,17.174393670232202,0.023100001271814108,zstd-9,416,333.4921875,1.8654708520179373,lt_16KiB,C:\Users\ss\Desktop\XAI\XAI\apps\admin_dotnet\bin\Debug\net8.0\AdminDotNet.runtimeconfig.json,719549724763a3953a3a,PASS
True,4.826923076923077,json,251,5.635349587109976,0.07039998308755457,4.990296159868268,0.07949999417178333,brotli-1,416,333.4921875,1.657370517928287,lt_16KiB,C:\Users\ss\Desktop\XAI\XAI\apps\admin_dotnet\bin\Debug\net8.0\AdminDotNet.runtimeconfig.json,719549724763a3953a3a,PASS
True,4.076923076923077,json,212,1.825718009458678,0.21729999571107328,12.43662665727559,0.03190001007169485,brotli-4,416,333.4921875,1.9622641509433962,lt_16KiB,C:\Users\ss\Desktop\XAI\XAI\apps\admin_dotnet\bin\Debug\net8.0\AdminDotNet.runtimeconfig.json,719549724763a3953a3a,PASS
True,3.8076923076923075,json,198,0.3457630413517895,1.1474000057205558,9.423480085306714,0.042100000428035855,brotli-6,416,333.4921875,2.101010101010101,lt_16KiB,C:\Users\ss\Desktop\XAI\XAI\apps\admin_dotnet\bin\Debug\net8.0\AdminDotNet.runtimeconfig.json,719549724763a3953a3a,PASS
True,3.769230769230769,json,196,0.2739270291029664,1.4482999977190048,5.510118634496692,0.07199999527074397,brotli-9,416,333.4921875,2.122448979591837,lt_16KiB,C:\Users\ss\Desktop\XAI\XAI\apps\admin_dotnet\bin\Debug\net8.0\AdminDotNet.runtimeconfig.json,719549724763a3953a3a,PASS
True,3.519230769230769,json,183,0.08536018152143657,4.647699999623001,7.585628389301147,0.052300019888207316,brotli-11,416,333.4921875,2.273224043715847,lt_16KiB,C:\Users\ss\Desktop\XAI\XAI\apps\admin_dotnet\bin\Debug\net8.0\AdminDotNet.runtimeconfig.json,719549724763a3953a3a,PASS
True,5.538461538461538,json,288,1.4410770595003655,0.2753000007942319,5.034626545725707,0.07879998884163797,lzma2-0,416,333.4921875,1.4444444444444444,lt_16KiB,C:\Users\ss\Desktop\XAI\XAI\apps\admin_dotnet\bin\Debug\net8.0\AdminDotNet.runtimeconfig.json,719549724763a3953a3a,PASS
True,5.461538461538462,json,284,0.07432434981798683,5.337800015695393,2.5545941318588894,0.1553000183776021,lzma2-3,416,333.4921875,1.4647887323943662,lt_16KiB,C:\Users\ss\Desktop\XAI\XAI\apps\admin_dotnet\bin\Debug\net8.0\AdminDotNet.runtimeconfig.json,719549724763a3953a3a,PASS
True,5.3076923076923075,json,276,0.04609691795326069,8.606400020653382,2.8057179353075776,0.14139999984763563,lzma2-6,416,333.4921875,1.5072463768115942,lt_16KiB,C:\Users\ss\Desktop\XAI\XAI\apps\admin_dotnet\bin\Debug\net8.0\AdminDotNet.runtimeconfig.json,719549724763a3953a3a,PASS
True,5.076923076923077,json,264,1.2822511878812177,0.3093999985139817,4.984026895451064,0.07959999493323267,bzip2-1,416,333.4921875,1.5757575757575757,lt_16KiB,C:\Users\ss\Desktop\XAI\XAI\apps\admin_dotnet\bin\Debug\net8.0\AdminDotNet.runtimeconfig.json,719549724763a3953a3a,PASS
True,5.076923076923077,json,264,1.1406800338434537,0.34779999987222254,3.6099048365590742,0.10989999282173812,bzip2-9,416,333.4921875,1.5757575757575757,lt_16KiB,C:\Users\ss\Desktop\XAI\XAI\apps\admin_dotnet\bin\Debug\net8.0\AdminDotNet.runtimeconfig.json,719549724763a3953a3a,PASS
True,8.0,json,605,134.17964493356888,0.0043000036384910345,824.240811574921,0.000700005330145359,raw,605,333.4921875,1.0,lt_16KiB,C:\Users\ss\Desktop\XAI\XAI\apps\web_angular\package.after-audit-force.json,a5121d3f04b140dd77b4,PASS
True,3.9933884297520663,json,302,10.625651888211289,0.0543000060133636,17.070208264627905,0.0337999954354018,gzip-1,605,333.4921875,2.0033112582781456,lt_16KiB,C:\Users\ss\Desktop\XAI\XAI\apps\web_angular\package.after-audit-force.json,a5121d3f04b140dd77b4,PASS
True,3.4644628099173556,json,262,8.676283620936022,0.06650001159869134,16.07166511959725,0.035900011425837874,gzip-6,605,333.4921875,2.3091603053435112,lt_16KiB,C:\Users\ss\Desktop\XAI\XAI\apps\web_angular\package.after-audit-force.json,a5121d3f04b140dd77b4,PASS
True,3.4512396694214877,json,261,5.822128896785657,0.0990999978967011,17.326504570959116,0.03330002073198557,gzip-9,605,333.4921875,2.318007662835249,lt_16KiB,C:\Users\ss\Desktop\XAI\XAI\apps\web_angular\package.after-audit-force.json,a5121d3f04b140dd77b4,PASS
True,3.834710743801653,json,290,10.086940062898874,0.057199998991563916,57.69736057066854,0.00999998883344233,deflate-1,605,333.4921875,2.086206896551724,lt_16KiB,C:\Users\ss\Desktop\XAI\XAI\apps\web_angular\package.after-audit-force.json,a5121d3f04b140dd77b4,PASS
True,3.3057851239669422,json,250,7.435217731131644,0.07760000880807638,26.7116877377316,0.02160001895390451,deflate-6,605,333.4921875,2.42,lt_16KiB,C:\Users\ss\Desktop\XAI\XAI\apps\web_angular\package.after-audit-force.json,a5121d3f04b140dd77b4,PASS
True,3.2925619834710744,json,249,6.47556568727333,0.08910000906325877,30.0506740113414,0.01920000067912042,deflate-9,605,333.4921875,2.429718875502008,lt_16KiB,C:\Users\ss\Desktop\XAI\XAI\apps\web_angular\package.after-audit-force.json,a5121d3f04b140dd77b4,PASS
True,3.662809917355372,json,277,7.601752211737855,0.07589999586343765,19.426684370666887,0.029700022423639894,zstd-1,605,333.4921875,2.184115523465704,lt_16KiB,C:\Users\ss\Desktop\XAI\XAI\apps\web_angular\package.after-audit-force.json,a5121d3f04b140dd77b4,PASS
True,3.55702479338843,json,269,10.645256559369123,0.05420000525191426,34.34366462650911,0.016799982404336333,zstd-3,605,333.4921875,2.2490706319702602,lt_16KiB,C:\Users\ss\Desktop\XAI\XAI\apps\web_angular\package.after-audit-force.json,a5121d3f04b140dd77b4,PASS
True,3.3851239669421487,json,256,8.058279183694706,0.07160002132877707,36.98544062446363,0.015600002370774746,zstd-6,605,333.4921875,2.36328125,lt_16KiB,C:\Users\ss\Desktop\XAI\XAI\apps\web_angular\package.after-audit-force.json,a5121d3f04b140dd77b4,PASS
True,3.3983471074380165,json,257,5.810402465238068,0.09929999941959977,26.107346931787802,0.022100022761151195,zstd-9,605,333.4921875,2.3540856031128405,lt_16KiB,C:\Users\ss\Desktop\XAI\XAI\apps\web_angular\package.after-audit-force.json,a5121d3f04b140dd77b4,PASS
True,3.755371900826446,json,284,7.552002145455155,0.07639999967068434,11.727086660751256,0.049200025387108326,brotli-1,605,333.4921875,2.130281690140845,lt_16KiB,C:\Users\ss\Desktop\XAI\XAI\apps\web_angular\package.after-audit-force.json,a5121d3f04b140dd77b4,PASS
True,3.252892561983471,json,246,3.304541764665681,0.1745999907143414,19.29675789113024,0.02989999484270811,brotli-4,605,333.4921875,2.459349593495935,lt_16KiB,C:\Users\ss\Desktop\XAI\XAI\apps\web_angular\package.after-audit-force.json,a5121d3f04b140dd77b4,PASS
True,2.9487603305785126,json,223,0.6178763716169524,0.9338000090792775,15.938486375060098,0.03619998460635543,brotli-6,605,333.4921875,2.713004484304933,lt_16KiB,C:\Users\ss\Desktop\XAI\XAI\apps\web_angular\package.after-audit-force.json,a5121d3f04b140dd77b4,PASS
True,2.935537190082645,json,222,0.39989808414779043,1.4428000140469521,15.46844691631984,0.037299992982298136,brotli-9,605,333.4921875,2.725225225225225,lt_16KiB,C:\Users\ss\Desktop\XAI\XAI\apps\web_angular\package.after-audit-force.json,a5121d3f04b140dd77b4,PASS
True,2.84297520661157,json,215,0.16204829759634157,3.5604999866336584,12.276018200417608,0.04700000863522291,brotli-11,605,333.4921875,2.813953488372093,lt_16KiB,C:\Users\ss\Desktop\XAI\XAI\apps\web_angular\package.after-audit-force.json,a5121d3f04b140dd77b4,PASS
True,4.284297520661157,json,324,2.3302624246382972,0.24759999359957874,6.526843179415559,0.08840000373311341,lzma2-0,605,333.4921875,1.867283950617284,lt_16KiB,C:\Users\ss\Desktop\XAI\XAI\apps\web_angular\package.after-audit-force.json,a5121d3f04b140dd77b4,PASS
True,4.284297520661157,json,324,0.13680449548356513,4.217500012600794,5.021522649568103,0.11490000179037452,lzma2-3,605,333.4921875,1.867283950617284,lt_16KiB,C:\Users\ss\Desktop\XAI\XAI\apps\web_angular\package.after-audit-force.json,a5121d3f04b140dd77b4,PASS
True,4.178512396694215,json,316,0.07484310250751447,7.709099998464808,5.174645161677644,0.11150000500492752,lzma2-6,605,333.4921875,1.9145569620253164,lt_16KiB,C:\Users\ss\Desktop\XAI\XAI\apps\web_angular\package.after-audit-force.json,a5121d3f04b140dd77b4,PASS
True,3.7818181818181817,json,286,2.538376597701809,0.2272999845445156,9.187465705684328,0.06280001252889633,bzip2-1,605,333.4921875,2.1153846153846154,lt_16KiB,C:\Users\ss\Desktop\XAI\XAI\apps\web_angular\package.after-audit-force.json,a5121d3f04b140dd77b4,PASS
True,3.7818181818181817,json,286,2.0665220578784704,0.2792000013869256,5.985196295360385,0.09640000644139946,bzip2-9,605,333.4921875,2.1153846153846154,lt_16KiB,C:\Users\ss\Desktop\XAI\XAI\apps\web_angular\package.after-audit-force.json,a5121d3f04b140dd77b4,PASS
True,8.0,json,971,201.30794976432256,0.0046000059228390455,926.0107101280558,0.00100000761449337,raw,971,333.4921875,1.0,lt_16KiB,C:\Users\ss\Desktop\XAI\XAI\engines\XAI-Compress\results\hybrid_ai\baseline_integrity.json,4416f13ac2189fe77572,PASS
True,4.580844490216272,json,556,11.933217218064176,0.07760000880807638,18.483387290631065,0.0501000031363219,gzip-1,971,333.4921875,1.7464028776978417,lt_16KiB,C:\Users\ss\Desktop\XAI\XAI\engines\XAI-Compress\results\hybrid_ai\baseline_integrity.json,4416f13ac2189fe77572,PASS
True,3.600411946446962,json,437,9.316074039676074,0.09940000018104911,20.71628512644217,0.04469999112188816,gzip-6,971,333.4921875,2.2219679633867275,lt_16KiB,C:\Users\ss\Desktop\XAI\XAI\engines\XAI-Compress\results\hybrid_ai\baseline_integrity.json,4416f13ac2189fe77572,PASS
True,3.592173017507724,json,436,9.372649821400271,0.09879999561235309,22.530849711617105,0.041099992813542485,gzip-9,971,333.4921875,2.227064220183486,lt_16KiB,C:\Users\ss\Desktop\XAI\XAI\engines\XAI-Compress\results\hybrid_ai\baseline_integrity.json,4416f13ac2189fe77572,PASS
True,4.4819773429454175,json,544,16.625098166667275,0.05569998756982386,65.67492512482636,0.014100020052865148,deflate-1,971,333.4921875,1.7849264705882353,lt_16KiB,C:\Users\ss\Desktop\XAI\XAI\engines\XAI-Compress\results\hybrid_ai\baseline_integrity.json,4416f13ac2189fe77572,PASS
True,3.501544799176107,json,425,9.946483970074638,0.09310001041740179,42.28393122456736,0.021899992134422064,deflate-6,971,333.4921875,2.284705882352941,lt_16KiB,C:\Users\ss\Desktop\XAI\XAI\engines\XAI-Compress\results\hybrid_ai\baseline_integrity.json,4416f13ac2189fe77572,PASS
True,3.493305870236869,json,424,9.882792029092643,0.09370001498609781,40.08734676393141,0.023100001271814108,deflate-9,971,333.4921875,2.2900943396226414,lt_16KiB,C:\Users\ss\Desktop\XAI\XAI\engines\XAI-Compress\results\hybrid_ai\baseline_integrity.json,4416f13ac2189fe77572,PASS
True,3.6333676622039133,json,441,12.200498177847038,0.07589999586343765,37.040730250421134,0.024999986635521054,zstd-1,971,333.4921875,2.201814058956916,lt_16KiB,C:\Users\ss\Desktop\XAI\XAI\engines\XAI-Compress\results\hybrid_ai\baseline_integrity.json,4416f13ac2189fe77572,PASS
True,3.6251287332646758,json,440,13.759547070135888,0.06730001769028604,48.23009002481405,0.01920000067912042,zstd-3,971,333.4921875,2.206818181818182,lt_16KiB,C:\Users\ss\Desktop\XAI\XAI\engines\XAI-Compress\results\hybrid_ai\baseline_integrity.json,4416f13ac2189fe77572,PASS
True,3.592173017507724,json,436,9.223283758266618,0.10040000779554248,43.07061540419149,0.021499989088624716,zstd-6,971,333.4921875,2.227064220183486,lt_16KiB,C:\Users\ss\Desktop\XAI\XAI\engines\XAI-Compress\results\hybrid_ai\baseline_integrity.json,4416f13ac2189fe77572,PASS
True,3.6086508753862,json,438,8.27540388389159,0.11190000805072486,33.19059039031458,0.027900008717551827,zstd-9,971,333.4921875,2.2168949771689497,lt_16KiB,C:\Users\ss\Desktop\XAI\XAI\engines\XAI-Compress\results\hybrid_ai\baseline_integrity.json,4416f13ac2189fe77572,PASS
True,3.781668383110196,json,459,11.73659748637395,0.07890001870691776,21.14195156406462,0.043800013372674584,brotli-1,971,333.4921875,2.1154684095860565,lt_16KiB,C:\Users\ss\Desktop\XAI\XAI\engines\XAI-Compress\results\hybrid_ai\baseline_integrity.json,4416f13ac2189fe77572,PASS
True,3.616889804325438,json,439,5.890698086460221,0.15720000374130905,37.796669806714796,0.02449998282827437,brotli-4,971,333.4921875,2.211845102505695,lt_16KiB,C:\Users\ss\Desktop\XAI\XAI\engines\XAI-Compress\results\hybrid_ai\baseline_integrity.json,4416f13ac2189fe77572,PASS
True,3.345005149330587,json,406,0.927130309019562,0.9988000092562288,28.938045241889128,0.03200001083314419,brotli-6,971,333.4921875,2.3916256157635467,lt_16KiB,C:\Users\ss\Desktop\XAI\XAI\engines\XAI-Compress\results\hybrid_ai\baseline_integrity.json,4416f13ac2189fe77572,PASS
True,3.361483007209063,json,408,0.41046886451328424,2.2560000070370734,19.53624686934156,0.0473999825771898,brotli-9,971,333.4921875,2.3799019607843137,lt_16KiB,C:\Users\ss\Desktop\XAI\XAI\engines\XAI-Compress\results\hybrid_ai\baseline_integrity.json,4416f13ac2189fe77572,PASS
True,3.155509783728115,json,383,0.12291999219668878,7.533500000135973,16.27447829207051,0.056899996707215905,brotli-11,971,333.4921875,2.535248041775457,lt_16KiB,C:\Users\ss\Desktop\XAI\XAI\engines\XAI-Compress\results\hybrid_ai\baseline_integrity.json,4416f13ac2189fe77572,PASS
True,4.35015447991761,json,528,2.041035439511148,0.45369999133981764,5.205271670944445,0.17789998673833907,lzma2-0,971,333.4921875,1.8390151515151516,lt_16KiB,C:\Users\ss\Desktop\XAI\XAI\engines\XAI-Compress\results\hybrid_ai\baseline_integrity.json,4416f13ac2189fe77572,PASS
True,4.3171987641606595,json,524,0.1649097573679278,5.61530000413768,3.3833310240964174,0.27370001771487296,lzma2-3,971,333.4921875,1.8530534351145038,lt_16KiB,C:\Users\ss\Desktop\XAI\XAI\engines\XAI-Compress\results\hybrid_ai\baseline_integrity.json,4416f13ac2189fe77572,PASS
True,4.218331616889804,json,512,0.07917388538170506,11.695999972289428,3.356352820698045,0.2759000053629279,lzma2-6,971,333.4921875,1.896484375,lt_16KiB,C:\Users\ss\Desktop\XAI\XAI\engines\XAI-Compress\results\hybrid_ai\baseline_integrity.json,4416f13ac2189fe77572,PASS
True,4.374871266735324,json,531,1.2897183381534356,0.7179999956861138,4.313077501587358,0.21470000501722097,bzip2-1,971,333.4921875,1.8286252354048964,lt_16KiB,C:\Users\ss\Desktop\XAI\XAI\engines\XAI-Compress\results\hybrid_ai\baseline_integrity.json,4416f13ac2189fe77572,PASS
True,4.374871266735324,json,531,1.1391533667339384,0.8128999907057732,3.4309662827958616,0.26989998877979815,bzip2-9,971,333.4921875,1.8286252354048964,lt_16KiB,C:\Users\ss\Desktop\XAI\XAI\engines\XAI-Compress\results\hybrid_ai\baseline_integrity.json,4416f13ac2189fe77572,PASS
True,8.0,json,1025,244.37896084808534,0.0040000013541430235,488.7543655413271,0.00200001522898674,raw,1025,333.4921875,1.0,lt_16KiB,C:\Users\ss\Desktop\XAI\XAI\engines\XAI-Compress\checkpoints\kaggle\best.summary.json,0b56a8336d926b137c46,PASS
True,4.5424390243902435,json,582,14.312090953910714,0.06830002530477941,22.52340879539006,0.043400010326877236,gzip-1,1025,333.4921875,1.761168384879725,lt_16KiB,C:\Users\ss\Desktop\XAI\XAI\engines\XAI-Compress\checkpoints\kaggle\best.summary.json,0b56a8336d926b137c46,PASS
True,3.4965853658536585,json,448,9.472055951550018,0.10320000001229346,22.575441464306454,0.04329998046159744,gzip-6,1025,333.4921875,2.2879464285714284,lt_16KiB,C:\Users\ss\Desktop\XAI\XAI\engines\XAI-Compress\checkpoints\kaggle\best.summary.json,0b56a8336d926b137c46,PASS
True,3.4341463414634146,json,440,8.214421363286963,0.11900000390596688,22.89264777348907,0.04270000499673188,gzip-9,1025,333.4921875,2.3295454545454546,lt_16KiB,C:\Users\ss\Desktop\XAI\XAI\engines\XAI-Compress\checkpoints\kaggle\best.summary.json,0b56a8336d926b137c46,PASS
True,4.4487804878048784,json,570,17.029898354619522,0.05740000051446259,70.3249581239531,0.013899989426136017,deflate-1,1025,333.4921875,1.7982456140350878,lt_16KiB,C:\Users\ss\Desktop\XAI\XAI\engines\XAI-Compress\checkpoints\kaggle\best.summary.json,0b56a8336d926b137c46,PASS
True,3.4029268292682926,json,436,9.508912482117989,0.10279999696649611,40.729876199472976,0.023999979021027684,deflate-6,1025,333.4921875,2.3509174311926606,lt_16KiB,C:\Users\ss\Desktop\XAI\XAI\engines\XAI-Compress\checkpoints\kaggle\best.summary.json,0b56a8336d926b137c46,PASS
True,3.3404878048780486,json,428,8.29106201337789,0.11789999553002417,40.56082215271656,0.024100008886307478,deflate-9,1025,333.4921875,2.3948598130841123,lt_16KiB,C:\Users\ss\Desktop\XAI\XAI\engines\XAI-Compress\checkpoints\kaggle\best.summary.json,0b56a8336d926b137c46,PASS
True,3.6995121951219514,json,474,11.623260085809582,0.08410000009462237,33.024203380764725,0.0295999925583601,zstd-1,1025,333.4921875,2.1624472573839664,lt_16KiB,C:\Users\ss\Desktop\XAI\XAI\engines\XAI-Compress\checkpoints\kaggle\best.summary.json,0b56a8336d926b137c46,PASS
True,3.67609756097561,json,471,12.895992578906709,0.07579999510198832,44.84020922725294,0.021799991372972727,zstd-3,1025,333.4921875,2.1762208067940554,lt_16KiB,C:\Users\ss\Desktop\XAI\XAI\engines\XAI-Compress\checkpoints\kaggle\best.summary.json,0b56a8336d926b137c46,PASS
True,3.5434146341463415,json,454,8.658248810197117,0.11289998656138778,44.8401493639217,0.021800020476803184,zstd-6,1025,333.4921875,2.2577092511013217,lt_16KiB,C:\Users\ss\Desktop\XAI\XAI\engines\XAI-Compress\checkpoints\kaggle\best.summary.json,0b56a8336d926b137c46,PASS
True,3.5590243902439025,json,456,7.316737904972943,0.13359999866224825,45.465891647061056,0.021499989088624716,zstd-9,1025,333.4921875,2.2478070175438596,lt_16KiB,C:\Users\ss\Desktop\XAI\XAI\engines\XAI-Compress\checkpoints\kaggle\best.summary.json,0b56a8336d926b137c46,PASS
True,3.8165853658536584,json,489,11.313846115497084,0.08639998850412667,14.992578969804777,0.06520000169984996,brotli-1,1025,333.4921875,2.096114519427403,lt_16KiB,C:\Users\ss\Desktop\XAI\XAI\engines\XAI-Compress\checkpoints\kaggle\best.summary.json,0b56a8336d926b137c46,PASS
True,3.4497560975609756,json,442,4.2482231612349635,0.23010000586509705,26.348150925753053,0.03709999145939946,brotli-4,1025,333.4921875,2.319004524886878,lt_16KiB,C:\Users\ss\Desktop\XAI\XAI\engines\XAI-Compress\checkpoints\kaggle\best.summary.json,0b56a8336d926b137c46,PASS
True,3.168780487804878,json,406,0.5696813190773922,1.7158999980892986,17.119373110608322,0.05709999823011458,brotli-6,1025,333.4921875,2.5246305418719213,lt_16KiB,C:\Users\ss\Desktop\XAI\XAI\engines\XAI-Compress\checkpoints\kaggle\best.summary.json,0b56a8336d926b137c46,PASS
True,3.1063414634146342,json,398,0.40358208903573234,2.422099991235882,19.55032255773763,0.050000002374872565,brotli-9,1025,333.4921875,2.5753768844221105,lt_16KiB,C:\Users\ss\Desktop\XAI\XAI\engines\XAI-Compress\checkpoints\kaggle\best.summary.json,0b56a8336d926b137c46,PASS
True,2.8878048780487804,json,370,0.1700294260982412,5.749100004322827,17.96904508418175,0.05440000677481294,brotli-11,1025,333.4921875,2.77027027027027,lt_16KiB,C:\Users\ss\Desktop\XAI\XAI\engines\XAI-Compress\checkpoints\kaggle\best.summary.json,0b56a8336d926b137c46,PASS
True,4.15219512195122,json,532,2.9793239502085878,0.32809999538585544,9.009367143138027,0.1084999821614474,lzma2-0,1025,333.4921875,1.9266917293233083,lt_16KiB,C:\Users\ss\Desktop\XAI\XAI\engines\XAI-Compress\checkpoints\kaggle\best.summary.json,0b56a8336d926b137c46,PASS
True,4.058536585365854,json,520,0.24356917605506262,4.0133000002242625,6.874235819657737,0.14219997683539987,lzma2-3,1025,333.4921875,1.9711538461538463,lt_16KiB,C:\Users\ss\Desktop\XAI\XAI\engines\XAI-Compress\checkpoints\kaggle\best.summary.json,0b56a8336d926b137c46,PASS
True,3.933658536585366,json,504,0.13909079118762238,7.027900021057576,6.079080608559639,0.16080000204965472,lzma2-6,1025,333.4921875,2.0337301587301586,lt_16KiB,C:\Users\ss\Desktop\XAI\XAI\engines\XAI-Compress\checkpoints\kaggle\best.summary.json,0b56a8336d926b137c46,PASS
True,3.808780487804878,json,488,2.6319767401312433,0.37140000495128334,11.008067793588241,0.0887999776750803,bzip2-1,1025,333.4921875,2.1004098360655736,lt_16KiB,C:\Users\ss\Desktop\XAI\XAI\engines\XAI-Compress\checkpoints\kaggle\best.summary.json,0b56a8336d926b137c46,PASS
True,3.808780487804878,json,488,2.24252390767162,0.43590000132098794,8.18005313215723,0.1194999786093831,bzip2-9,1025,333.4921875,2.1004098360655736,lt_16KiB,C:\Users\ss\Desktop\XAI\XAI\engines\XAI-Compress\checkpoints\kaggle\best.summary.json,0b56a8336d926b137c46,PASS
True,8.0,json,1614,139.93007670184704,0.0109999964479357,1282.713298246465,0.0011999800335615873,raw,1614,333.4921875,1.0,lt_16KiB,C:\Users\ss\Desktop\XAI\XAI\apps\admin_dotnet\obj\Debug\net8.0\rjsmcshtml.dswa.cache.json,d3bde520fa745484d111,PASS
True,7.37546468401487,json,1488,2.826869405363026,0.5444999842438847,3.973232590309206,0.38740001036785543,gzip-1,1614,333.4921875,1.0846774193548387,lt_16KiB,C:\Users\ss\Desktop\XAI\XAI\apps\admin_dotnet\obj\Debug\net8.0\rjsmcshtml.dswa.cache.json,d3bde520fa745484d111,PASS
True,5.92812887236679,json,1196,4.490169944116064,0.3428000200074166,19.337065887639465,0.07959999493323267,gzip-6,1614,333.4921875,1.3494983277591974,lt_16KiB,C:\Users\ss\Desktop\XAI\XAI\apps\admin_dotnet\obj\Debug\net8.0\rjsmcshtml.dswa.cache.json,d3bde520fa745484d111,PASS
True,5.9182156133829,json,1194,5.509056301536513,0.27940000290982425,9.772890716137141,0.15750000602565706,gzip-9,1614,333.4921875,1.3517587939698492,lt_16KiB,C:\Users\ss\Desktop\XAI\XAI\apps\admin_dotnet\obj\Debug\net8.0\rjsmcshtml.dswa.cache.json,d3bde520fa745484d111,PASS
True,7.315985130111524,json,1476,8.347235830664957,0.18440000712871552,59.20118027252385,0.025999994250014424,deflate-1,1614,333.4921875,1.0934959349593496,lt_16KiB,C:\Users\ss\Desktop\XAI\XAI\apps\admin_dotnet\obj\Debug\net8.0\rjsmcshtml.dswa.cache.json,d3bde520fa745484d111,PASS
True,5.8686493184634445,json,1184,8.584664634755038,0.17929999739862978,41.94089462189592,0.036699988413602114,deflate-6,1614,333.4921875,1.3631756756756757,lt_16KiB,C:\Users\ss\Desktop\XAI\XAI\apps\admin_dotnet\obj\Debug\net8.0\rjsmcshtml.dswa.cache.json,d3bde520fa745484d111,PASS
True,5.858736059479554,json,1182,10.400205614640486,0.14799999189563096,46.084751419247745,0.03339999238960445,deflate-9,1614,333.4921875,1.365482233502538,lt_16KiB,C:\Users\ss\Desktop\XAI\XAI\apps\admin_dotnet\obj\Debug\net8.0\rjsmcshtml.dswa.cache.json,d3bde520fa745484d111,PASS
True,6.07187112763321,json,1225,14.00573655338064,0.10989999282173812,45.40503006966891,0.033899996196851134,zstd-1,1614,333.4921875,1.3175510204081633,lt_16KiB,C:\Users\ss\Desktop\XAI\XAI\apps\admin_dotnet\obj\Debug\net8.0\rjsmcshtml.dswa.cache.json,d3bde520fa745484d111,PASS
True,6.012391573729864,json,1213,5.9498662596255265,0.2586999908089638,43.85274612653458,0.03509997623041272,zstd-3,1614,333.4921875,1.3305853256389117,lt_16KiB,C:\Users\ss\Desktop\XAI\XAI\apps\admin_dotnet\obj\Debug\net8.0\rjsmcshtml.dswa.cache.json,d3bde520fa745484d111,PASS
True,5.938042131350682,json,1198,9.097105648275752,0.16920000780373812,53.076930487981116,0.028999987989664078,zstd-6,1614,333.4921875,1.347245409015025,lt_16KiB,C:\Users\ss\Desktop\XAI\XAI\apps\admin_dotnet\obj\Debug\net8.0\rjsmcshtml.dswa.cache.json,d3bde520fa745484d111,PASS
True,5.938042131350682,json,1198,6.877705255166353,0.22379998699761927,53.26058916652232,0.02889998722821474,zstd-9,1614,333.4921875,1.347245409015025,lt_16KiB,C:\Users\ss\Desktop\XAI\XAI\apps\admin_dotnet\obj\Debug\net8.0\rjsmcshtml.dswa.cache.json,d3bde520fa745484d111,PASS
True,5.997521685254028,json,1210,15.255006637057104,0.10090001160278916,18.81699421516978,0.08180001168511808,brotli-1,1614,333.4921875,1.333884297520661,lt_16KiB,C:\Users\ss\Desktop\XAI\XAI\apps\admin_dotnet\obj\Debug\net8.0\rjsmcshtml.dswa.cache.json,d3bde520fa745484d111,PASS
True,6.091697645600991,json,1229,5.444748328562995,0.2826999989338219,29.096984534806314,0.05289999535307288,brotli-4,1614,333.4921875,1.3132628152969894,lt_16KiB,C:\Users\ss\Desktop\XAI\XAI\apps\admin_dotnet\obj\Debug\net8.0\rjsmcshtml.dswa.cache.json,d3bde520fa745484d111,PASS
True,5.789343246592317,json,1168,0.5875597739759897,2.6197000115644187,24.050466024927424,0.06400002166628838,brotli-6,1614,333.4921875,1.3818493150684932,lt_16KiB,C:\Users\ss\Desktop\XAI\XAI\apps\admin_dotnet\obj\Debug\net8.0\rjsmcshtml.dswa.cache.json,d3bde520fa745484d111,PASS
True,5.784386617100372,json,1167,0.23801672316566436,6.466899998486042,24.012956427338715,0.06409999332390726,brotli-9,1614,333.4921875,1.3830334190231361,lt_16KiB,C:\Users\ss\Desktop\XAI\XAI\apps\admin_dotnet\obj\Debug\net8.0\rjsmcshtml.dswa.cache.json,d3bde520fa745484d111,PASS
True,5.734820322180917,json,1157,0.051509595878874076,29.88239997648634,19.8099119318948,0.07770000956952572,brotli-11,1614,333.4921875,1.3949870354364737,lt_16KiB,C:\Users\ss\Desktop\XAI\XAI\apps\admin_dotnet\obj\Debug\net8.0\rjsmcshtml.dswa.cache.json,d3bde520fa745484d111,PASS
True,6.602230483271375,json,1332,2.32371738176239,0.6623999797739089,4.260255414496365,0.36130001535639167,lzma2-0,1614,333.4921875,1.2117117117117118,lt_16KiB,C:\Users\ss\Desktop\XAI\XAI\apps\admin_dotnet\obj\Debug\net8.0\rjsmcshtml.dswa.cache.json,d3bde520fa745484d111,PASS
True,6.602230483271375,json,1332,0.23320965241620947,6.600199994863942,3.254874968612912,0.47289999201893806,lzma2-3,1614,333.4921875,1.2117117117117118,lt_16KiB,C:\Users\ss\Desktop\XAI\XAI\apps\admin_dotnet\obj\Debug\net8.0\rjsmcshtml.dswa.cache.json,d3bde520fa745484d111,PASS
True,6.503097893432466,json,1312,0.14737938956348678,10.444000014103949,4.930269855509093,0.31220001983456314,lzma2-6,1614,333.4921875,1.2301829268292683,lt_16KiB,C:\Users\ss\Desktop\XAI\XAI\apps\admin_dotnet\obj\Debug\net8.0\rjsmcshtml.dswa.cache.json,d3bde520fa745484d111,PASS
True,6.399008674101611,json,1291,2.144969847360628,0.7175999926403165,7.015635682625489,0.2193999825976789,bzip2-1,1614,333.4921875,1.2501936483346243,lt_16KiB,C:\Users\ss\Desktop\XAI\XAI\apps\admin_dotnet\obj\Debug\net8.0\rjsmcshtml.dswa.cache.json,d3bde520fa745484d111,PASS
True,6.399008674101611,json,1291,1.870949718437158,0.8227000071201473,5.826004261144415,0.26420000358484685,bzip2-9,1614,333.4921875,1.2501936483346243,lt_16KiB,C:\Users\ss\Desktop\XAI\XAI\apps\admin_dotnet\obj\Debug\net8.0\rjsmcshtml.dswa.cache.json,d3bde520fa745484d111,PASS
True,8.0,json,1724,310.21340201090567,0.0053000112529844046,1494.6959121576929,0.0010999792721122503,raw,1724,333.4921875,1.0,lt_16KiB,C:\Users\ss\Desktop\XAI\XAI\engines\XAI-Compress\notebooks\06_model_architecture.ipynb,2aaa61682ef5b2eeabcd,PASS
True,4.895591647331787,json,1055,16.725683199893886,0.0982999918051064,33.62238697862326,0.04889999399892986,gzip-1,1724,333.4921875,1.6341232227488152,lt_16KiB,C:\Users\ss\Desktop\XAI\XAI\engines\XAI-Compress\notebooks\06_model_architecture.ipynb,2aaa61682ef5b2eeabcd,PASS
True,3.6473317865429236,json,786,10.353490910643735,0.15880001592449844,20.173434588500307,0.08149998029693961,gzip-6,1724,333.4921875,2.1933842239185752,lt_16KiB,C:\Users\ss\Desktop\XAI\XAI\engines\XAI-Compress\notebooks\06_model_architecture.ipynb,2aaa61682ef5b2eeabcd,PASS
True,3.6612529002320184,json,789,10.525827502630897,0.15620002523064613,32.04941639141885,0.05129998316988349,gzip-9,1724,333.4921875,2.185044359949303,lt_16KiB,C:\Users\ss\Desktop\XAI\XAI\engines\XAI-Compress\notebooks\06_model_architecture.ipynb,2aaa61682ef5b2eeabcd,PASS
True,4.8399071925754065,json,1043,23.420725829822146,0.0701999815646559,85.18831081682231,0.01930000144056976,deflate-1,1724,333.4921875,1.6529242569511027,lt_16KiB,C:\Users\ss\Desktop\XAI\XAI\engines\XAI-Compress\notebooks\06_model_architecture.ipynb,2aaa61682ef5b2eeabcd,PASS
True,3.5916473317865427,json,774,11.253486981365183,0.146100006531924,44.677581660785265,0.03679998917505145,deflate-6,1724,333.4921875,2.227390180878553,lt_16KiB,C:\Users\ss\Desktop\XAI\XAI\engines\XAI-Compress\notebooks\06_model_architecture.ipynb,2aaa61682ef5b2eeabcd,PASS
True,3.605568445475638,json,777,10.136465398646259,0.16219998360611498,53.036591960584026,0.031000003218650818,deflate-9,1724,333.4921875,2.2187902187902186,lt_16KiB,C:\Users\ss\Desktop\XAI\XAI\engines\XAI-Compress\notebooks\06_model_architecture.ipynb,2aaa61682ef5b2eeabcd,PASS
True,3.8654292343387473,json,833,16.607419889499514,0.09899999713525176,48.07411095027415,0.034199998481199145,zstd-1,1724,333.4921875,2.069627851140456,lt_16KiB,C:\Users\ss\Desktop\XAI\XAI\engines\XAI-Compress\notebooks\06_model_architecture.ipynb,2aaa61682ef5b2eeabcd,PASS
True,3.7587006960556844,json,810,16.759782715111744,0.09809999028220773,53.729886019509074,0.03060000017285347,zstd-3,1724,333.4921875,2.128395061728395,lt_16KiB,C:\Users\ss\Desktop\XAI\XAI\engines\XAI-Compress\notebooks\06_model_architecture.ipynb,2aaa61682ef5b2eeabcd,PASS
True,3.65661252900232,json,788,11.718707209017168,0.14029999147169292,59.57007747311324,0.027600006433203816,zstd-6,1724,333.4921875,2.1878172588832485,lt_16KiB,C:\Users\ss\Desktop\XAI\XAI\engines\XAI-Compress\notebooks\06_model_architecture.ipynb,2aaa61682ef5b2eeabcd,PASS
True,3.6473317865429236,json,786,7.818043350729664,0.2103000006172806,58.09660205207629,0.028300011763349175,zstd-9,1724,333.4921875,2.1933842239185752,lt_16KiB,C:\Users\ss\Desktop\XAI\XAI\engines\XAI-Compress\notebooks\06_model_architecture.ipynb,2aaa61682ef5b2eeabcd,PASS
True,3.9303944315545243,json,847,16.024703650091382,0.10259999544359744,25.810592973502718,0.06369999027810991,brotli-1,1724,333.4921875,2.0354191263282173,lt_16KiB,C:\Users\ss\Desktop\XAI\XAI\engines\XAI-Compress\notebooks\06_model_architecture.ipynb,2aaa61682ef5b2eeabcd,PASS
True,3.4895591647331785,json,752,4.739505380894364,0.34690002212300897,31.376618067705294,0.0523999915458262,brotli-4,1724,333.4921875,2.2925531914893615,lt_16KiB,C:\Users\ss\Desktop\XAI\XAI\engines\XAI-Compress\notebooks\06_model_architecture.ipynb,2aaa61682ef5b2eeabcd,PASS
True,3.2993039443155454,json,711,0.8400871291741341,1.9571000011637807,32.049398208951835,0.051300012273713946,brotli-6,1724,333.4921875,2.4247538677918423,lt_16KiB,C:\Users\ss\Desktop\XAI\XAI\engines\XAI-Compress\notebooks\06_model_architecture.ipynb,2aaa61682ef5b2eeabcd,PASS
True,3.262180974477958,json,703,0.3776754466486635,4.353299998911098,22.218030921635588,0.0740000104997307,brotli-9,1724,333.4921875,2.4523470839260315,lt_16KiB,C:\Users\ss\Desktop\XAI\XAI\engines\XAI-Compress\notebooks\06_model_architecture.ipynb,2aaa61682ef5b2eeabcd,PASS
True,2.937354988399072,json,633,0.15020139610326558,10.9461999963969,22.7404505820565,0.07229999755509198,brotli-11,1724,333.4921875,2.7235387045813586,lt_16KiB,C:\Users\ss\Desktop\XAI\XAI\engines\XAI-Compress\notebooks\06_model_architecture.ipynb,2aaa61682ef5b2eeabcd,PASS
True,4.194895591647332,json,904,3.602398298560929,0.4563999827951193,9.745906831860948,0.16870000399649143,lzma2-0,1724,333.4921875,1.907079646017699,lt_16KiB,C:\Users\ss\Desktop\XAI\XAI\engines\XAI-Compress\notebooks\06_model_architecture.ipynb,2aaa61682ef5b2eeabcd,PASS
True,4.176334106728539,json,900,0.30522110520514717,5.3866999805904925,6.345559862907589,0.2590999938547611,lzma2-3,1724,333.4921875,1.9155555555555555,lt_16KiB,C:\Users\ss\Desktop\XAI\XAI\engines\XAI-Compress\notebooks\06_model_architecture.ipynb,2aaa61682ef5b2eeabcd,PASS
True,4.046403712296984,json,872,0.15563560412967595,10.563999996520579,7.463162052725099,0.22029998945072293,lzma2-6,1724,333.4921875,1.9770642201834863,lt_16KiB,C:\Users\ss\Desktop\XAI\XAI\engines\XAI-Compress\notebooks\06_model_architecture.ipynb,2aaa61682ef5b2eeabcd,PASS
True,3.948955916473318,json,851,1.5072740231533401,1.0908000112976879,8.483666638283673,0.19379999139346182,bzip2-1,1724,333.4921875,2.0258519388954173,lt_16KiB,C:\Users\ss\Desktop\XAI\XAI\engines\XAI-Compress\notebooks\06_model_architecture.ipynb,2aaa61682ef5b2eeabcd,PASS
True,3.948955916473318,json,851,1.2561192642896826,1.3089000131003559,5.058875889972825,0.324999971780926,bzip2-9,1724,333.4921875,2.0258519388954173,lt_16KiB,C:\Users\ss\Desktop\XAI\XAI\engines\XAI-Compress\notebooks\06_model_architecture.ipynb,2aaa61682ef5b2eeabcd,PASS
True,8.0,json,4157,720.8065277439702,0.005499983672052622,3303.661622041133,0.001200009137392044,raw,4157,333.4921875,1.0,lt_16KiB,C:\Users\ss\Desktop\XAI\XAI\apps\admin_dotnet\obj\Debug\net8.0\staticwebassets.build.json,5b2a797175be2fc16d7c,PASS
True,2.2901130623045467,json,1190,41.16743405474361,0.09630000567995012,63.83935062378734,0.06210000719875097,gzip-1,4157,333.4921875,3.4932773109243698,lt_16KiB,C:\Users\ss\Desktop\XAI\XAI\apps\admin_dotnet\obj\Debug\net8.0\staticwebassets.build.json,5b2a797175be2fc16d7c,PASS
True,1.8359393793601155,json,954,16.49094718430156,0.24040002608671784,65.5276455010547,0.06050002411939204,gzip-6,4157,333.4921875,4.3574423480083855,lt_16KiB,C:\Users\ss\Desktop\XAI\XAI\apps\admin_dotnet\obj\Debug\net8.0\staticwebassets.build.json,5b2a797175be2fc16d7c,PASS
True,1.8340149146018763,json,953,19.490776847603104,0.20340000628493726,68.11727948089148,0.05819997750222683,gzip-9,4157,333.4921875,4.362014690451207,lt_16KiB,C:\Users\ss\Desktop\XAI\XAI\apps\admin_dotnet\obj\Debug\net8.0\staticwebassets.build.json,5b2a797175be2fc16d7c,PASS
True,2.2670194852056773,json,1178,49.741836229048985,0.079699995694682,165.87563763627972,0.023899978259578347,deflate-1,4157,333.4921875,3.5288624787775893,lt_16KiB,C:\Users\ss\Desktop\XAI\XAI\apps\admin_dotnet\obj\Debug\net8.0\staticwebassets.build.json,5b2a797175be2fc16d7c,PASS
True,1.8128458022612461,json,942,23.527739318117124,0.16850000247359276,106.28476637752718,0.03730002208612859,deflate-6,4157,333.4921875,4.412951167728238,lt_16KiB,C:\Users\ss\Desktop\XAI\XAI\apps\admin_dotnet\obj\Debug\net8.0\staticwebassets.build.json,5b2a797175be2fc16d7c,PASS
True,1.8109213375030069,json,941,19.881765472757706,0.19940000493079424,112.94653933950069,0.03510000533424318,deflate-9,4157,333.4921875,4.417640807651435,lt_16KiB,C:\Users\ss\Desktop\XAI\XAI\apps\admin_dotnet\obj\Debug\net8.0\staticwebassets.build.json,5b2a797175be2fc16d7c,PASS
True,1.9244647582391148,json,1000,29.785306435357896,0.13309999485500157,100.87591106819181,0.039300008211284876,zstd-1,4157,333.4921875,4.157,lt_16KiB,C:\Users\ss\Desktop\XAI\XAI\apps\admin_dotnet\obj\Debug\net8.0\staticwebassets.build.json,5b2a797175be2fc16d7c,PASS
True,1.9263892229973538,json,1001,33.711091505071515,0.11759999324567616,116.25878001172688,0.03409999771974981,zstd-3,4157,333.4921875,4.152847152847153,lt_16KiB,C:\Users\ss\Desktop\XAI\XAI\apps\admin_dotnet\obj\Debug\net8.0\staticwebassets.build.json,5b2a797175be2fc16d7c,PASS
True,1.8532595621842676,json,963,20.44571273156605,0.19390002125874162,131.7083315203886,0.03010002546943724,zstd-6,4157,333.4921875,4.316718587746625,lt_16KiB,C:\Users\ss\Desktop\XAI\XAI\apps\admin_dotnet\obj\Debug\net8.0\staticwebassets.build.json,5b2a797175be2fc16d7c,PASS
True,1.8532595621842676,json,963,17.22913747798398,0.2300999767612666,134.84426590587591,0.029400020139291883,zstd-9,4157,333.4921875,4.316718587746625,lt_16KiB,C:\Users\ss\Desktop\XAI\XAI\apps\admin_dotnet\obj\Debug\net8.0\staticwebassets.build.json,5b2a797175be2fc16d7c,PASS
True,2.0014433485686793,json,1040,34.8367694439429,0.11379999341443181,59.79525295757336,0.06629998097196221,brotli-1,4157,333.4921875,3.9971153846153844,lt_16KiB,C:\Users\ss\Desktop\XAI\XAI\apps\admin_dotnet\obj\Debug\net8.0\staticwebassets.build.json,5b2a797175be2fc16d7c,PASS
True,1.8532595621842676,json,963,10.59723114509765,0.374099996406585,73.27955275862328,0.054100004490464926,brotli-4,4157,333.4921875,4.316718587746625,lt_16KiB,C:\Users\ss\Desktop\XAI\XAI\apps\admin_dotnet\obj\Debug\net8.0\staticwebassets.build.json,5b2a797175be2fc16d7c,PASS
True,1.745489535722877,json,907,2.050493505167262,1.9333999953232706,63.027426549825634,0.06289998418651521,brotli-6,4157,333.4921875,4.583241455347299,lt_16KiB,C:\Users\ss\Desktop\XAI\XAI\apps\admin_dotnet\obj\Debug\net8.0\staticwebassets.build.json,5b2a797175be2fc16d7c,PASS
True,1.745489535722877,json,907,0.9587946481302362,4.134800023166463,55.9946790974526,0.07080001523718238,brotli-9,4157,333.4921875,4.583241455347299,lt_16KiB,C:\Users\ss\Desktop\XAI\XAI\apps\admin_dotnet\obj\Debug\net8.0\staticwebassets.build.json,5b2a797175be2fc16d7c,PASS
True,1.6184748616790956,json,841,0.213044868439657,18.608400016091764,46.15162793439677,0.08589998469687998,brotli-11,4157,333.4921875,4.942925089179548,lt_16KiB,C:\Users\ss\Desktop\XAI\XAI\apps\admin_dotnet\obj\Debug\net8.0\staticwebassets.build.json,5b2a797175be2fc16d7c,PASS
True,1.993745489535723,json,1036,6.29473511331894,0.6297999934758991,19.42393176384628,0.20409998251125216,lzma2-0,4157,333.4921875,4.012548262548263,lt_16KiB,C:\Users\ss\Desktop\XAI\XAI\apps\admin_dotnet\obj\Debug\net8.0\staticwebassets.build.json,5b2a797175be2fc16d7c,PASS
True,1.9706519124368536,json,1024,0.8091982646769782,4.899199993815273,14.479270588675485,0.27379998937249184,lzma2-3,4157,333.4921875,4.0595703125,lt_16KiB,C:\Users\ss\Desktop\XAI\XAI\apps\admin_dotnet\obj\Debug\net8.0\staticwebassets.build.json,5b2a797175be2fc16d7c,PASS
True,1.9398604763050276,json,1008,0.44412351459088384,8.926399983465672,13.298973955732889,0.298099999781698,lzma2-6,4157,333.4921875,4.124007936507937,lt_16KiB,C:\Users\ss\Desktop\XAI\XAI\apps\admin_dotnet\obj\Debug\net8.0\staticwebassets.build.json,5b2a797175be2fc16d7c,PASS
True,2.3863363002165023,json,1240,1.9495569863161761,2.033500000834465,11.819988726387196,0.3353999927639961,bzip2-1,4157,333.4921875,3.35241935483871,lt_16KiB,C:\Users\ss\Desktop\XAI\XAI\apps\admin_dotnet\obj\Debug\net8.0\staticwebassets.build.json,5b2a797175be2fc16d7c,PASS
True,2.3863363002165023,json,1240,1.9421075439073192,2.0413000020198524,9.69533905250768,0.40889999945648015,bzip2-9,4157,333.4921875,3.35241935483871,lt_16KiB,C:\Users\ss\Desktop\XAI\XAI\apps\admin_dotnet\obj\Debug\net8.0\staticwebassets.build.json,5b2a797175be2fc16d7c,PASS
True,8.0,json,27140,5506.954071743936,0.0047000066842883825,17255.350705291137,0.0014999823179095984,raw,27140,333.4921875,1.0,16_64KiB,C:\Users\ss\Desktop\XAI\XAI\engines\XAI-Compress\results\final\lossless_benchmark.json,1f2e48d06ee45b484a60,PASS
True,1.6619012527634487,json,5638,92.9028041739448,0.27859999681822956,229.0506535484785,0.11299998732283711,gzip-1,27140,333.4921875,4.813763746009223,16_64KiB,C:\Users\ss\Desktop\XAI\XAI\engines\XAI-Compress\results\final\lossless_benchmark.json,1f2e48d06ee45b484a60,PASS
True,1.087988209285188,json,3691,31.064235423301803,0.8331999997608364,193.15463147275153,0.1340000017080456,gzip-6,27140,333.4921875,7.353020861555134,16_64KiB,C:\Users\ss\Desktop\XAI\XAI\engines\XAI-Compress\results\final\lossless_benchmark.json,1f2e48d06ee45b484a60,PASS
True,1.1127487103905673,json,3775,30.275729604339055,0.8548999903723598,229.25353434999977,0.11289998656138778,gzip-9,27140,333.4921875,7.1894039735099335,16_64KiB,C:\Users\ss\Desktop\XAI\XAI\engines\XAI-Compress\results\final\lossless_benchmark.json,1f2e48d06ee45b484a60,PASS
True,1.658364038319823,json,5626,113.42121789204596,0.22819999139755964,404.4175617990353,0.06399999256245792,deflate-1,27140,333.4921875,4.824031283327408,16_64KiB,C:\Users\ss\Desktop\XAI\XAI\engines\XAI-Compress\results\final\lossless_benchmark.json,1f2e48d06ee45b484a60,PASS
True,1.0844509948415624,json,3679,53.78786597673895,0.4811999970115721,298.1880583753154,0.08679999154992402,deflate-6,27140,333.4921875,7.377004620820875,16_64KiB,C:\Users\ss\Desktop\XAI\XAI\engines\XAI-Compress\results\final\lossless_benchmark.json,1f2e48d06ee45b484a60,PASS
True,1.1092114959469417,json,3763,27.966203832416397,0.925499974982813,244.176630610862,0.10599999222904444,deflate-9,27140,333.4921875,7.2123305872973695,16_64KiB,C:\Users\ss\Desktop\XAI\XAI\engines\XAI-Compress\results\final\lossless_benchmark.json,1f2e48d06ee45b484a60,PASS
True,1.1298452468680913,json,3833,121.62931652641986,0.21280001965351403,293.7879741388851,0.0881000014487654,zstd-1,27140,333.4921875,7.08061570571354,16_64KiB,C:\Users\ss\Desktop\XAI\XAI\engines\XAI-Compress\results\final\lossless_benchmark.json,1f2e48d06ee45b484a60,PASS
True,1.1386882829771554,json,3863,93.203895868021,0.2776999899651855,215.15148993244426,0.1202999847009778,zstd-3,27140,333.4921875,7.025627750453015,16_64KiB,C:\Users\ss\Desktop\XAI\XAI\engines\XAI-Compress\results\final\lossless_benchmark.json,1f2e48d06ee45b484a60,PASS
True,1.0862196020633752,json,3685,41.63886968324254,0.6215999892447144,398.80926317979754,0.06489999941550195,zstd-6,27140,333.4921875,7.364993215739484,16_64KiB,C:\Users\ss\Desktop\XAI\XAI\engines\XAI-Compress\results\final\lossless_benchmark.json,1f2e48d06ee45b484a60,PASS
True,1.0305084745762711,json,3496,30.25449573386491,0.8554999949410558,371.8781419380306,0.06960000609979033,zstd-9,27140,333.4921875,7.7631578947368425,16_64KiB,C:\Users\ss\Desktop\XAI\XAI\engines\XAI-Compress\results\final\lossless_benchmark.json,1f2e48d06ee45b484a60,PASS
True,1.2857774502579218,json,4362,123.9593979242333,0.20879998919554055,168.17881513565524,0.15390000771731138,brotli-1,27140,333.4921875,6.221916552040349,16_64KiB,C:\Users\ss\Desktop\XAI\XAI\engines\XAI-Compress\results\final\lossless_benchmark.json,1f2e48d06ee45b484a60,PASS
True,1.0620486366986,json,3603,36.20467324711505,0.7149000011850148,187.5559447314054,0.13800000306218863,brotli-4,27140,333.4921875,7.532611712461837,16_64KiB,C:\Users\ss\Desktop\XAI\XAI\engines\XAI-Compress\results\final\lossless_benchmark.json,1f2e48d06ee45b484a60,PASS
True,1.0140014738393515,json,3440,8.611785347964931,3.0055000097490847,168.61706944344377,0.15350000467151403,brotli-6,27140,333.4921875,7.8895348837209305,16_64KiB,C:\Users\ss\Desktop\XAI\XAI\engines\XAI-Compress\results\final\lossless_benchmark.json,1f2e48d06ee45b484a60,PASS
True,1.0025055268975682,json,3401,2.2117635766006396,11.702300020260736,154.1555763563876,0.16789999790489674,brotli-9,27140,333.4921875,7.980005880623346,16_64KiB,C:\Users\ss\Desktop\XAI\XAI\engines\XAI-Compress\results\final\lossless_benchmark.json,1f2e48d06ee45b484a60,PASS
True,0.862490788504053,json,2926,0.2760078713935433,93.7753000180237,213.20194578489588,0.12140002218075097,brotli-11,27140,333.4921875,9.275461380724538,16_64KiB,C:\Users\ss\Desktop\XAI\XAI\engines\XAI-Compress\results\final\lossless_benchmark.json,1f2e48d06ee45b484a60,PASS
True,1.1649226234340457,json,3952,18.019159738128742,1.436399994418025,53.53199943682431,0.4834999854210764,lzma2-0,27140,333.4921875,6.867408906882591,16_64KiB,C:\Users\ss\Desktop\XAI\XAI\engines\XAI-Compress\results\final\lossless_benchmark.json,1f2e48d06ee45b484a60,PASS
True,1.098894620486367,json,3728,4.973047110661112,5.204599990975112,43.831871833141065,0.5905000143684447,lzma2-3,27140,333.4921875,7.280042918454936,16_64KiB,C:\Users\ss\Desktop\XAI\XAI\engines\XAI-Compress\results\final\lossless_benchmark.json,1f2e48d06ee45b484a60,PASS
True,0.9432571849668386,json,3200,1.947650795688918,13.289199996506795,45.496082186475796,0.5688999954145402,lzma2-6,27140,333.4921875,8.48125,16_64KiB,C:\Users\ss\Desktop\XAI\XAI\engines\XAI-Compress\results\final\lossless_benchmark.json,1f2e48d06ee45b484a60,PASS
True,1.017538688282977,json,3452,5.931098556991815,4.363899992313236,30.590617552269084,0.846099981572479,bzip2-1,27140,333.4921875,7.862108922363847,16_64KiB,C:\Users\ss\Desktop\XAI\XAI\engines\XAI-Compress\results\final\lossless_benchmark.json,1f2e48d06ee45b484a60,PASS
True,1.017538688282977,json,3452,5.617153708426954,4.60780001594685,27.682053949722775,0.9350000182166696,bzip2-9,27140,333.4921875,7.862108922363847,16_64KiB,C:\Users\ss\Desktop\XAI\XAI\engines\XAI-Compress\results\final\lossless_benchmark.json,1f2e48d06ee45b484a60,PASS
True,8.0,markdown,597,98.16292163021988,0.005799985956400633,406.67087976051886,0.001400010660290718,raw,597,333.4921875,1.0,lt_16KiB,C:\Users\ss\Desktop\XAI\XAI\apps\public_nextjs\docs\INTEGRATION.md,2b5091e58cb6922ad60d,PASS
True,6.592964824120603,markdown,492,7.799226635505635,0.07300000288523734,11.274135154792106,0.050499977078288794,gzip-1,597,333.4921875,1.2134146341463414,lt_16KiB,C:\Users\ss\Desktop\XAI\XAI\apps\public_nextjs\docs\INTEGRATION.md,2b5091e58cb6922ad60d,PASS
True,5.11892797319933,markdown,382,2.40330759075567,0.23689999943599105,10.886112183878367,0.05229999078437686,gzip-6,597,333.4921875,1.5628272251308901,lt_16KiB,C:\Users\ss\Desktop\XAI\XAI\apps\public_nextjs\docs\INTEGRATION.md,2b5091e58cb6922ad60d,PASS
True,5.132328308207705,markdown,383,2.934760761254219,0.1939999929163605,9.850234114621754,0.05780000356025994,gzip-9,597,333.4921875,1.558746736292428,lt_16KiB,C:\Users\ss\Desktop\XAI\XAI\apps\public_nextjs\docs\INTEGRATION.md,2b5091e58cb6922ad60d,PASS
True,6.432160804020101,markdown,480,8.652640797569077,0.06579997716471553,31.455408482228997,0.01810002140700817,deflate-1,597,333.4921875,1.24375,lt_16KiB,C:\Users\ss\Desktop\XAI\XAI\apps\public_nextjs\docs\INTEGRATION.md,2b5091e58cb6922ad60d,PASS
True,4.958123953098827,markdown,370,5.078889547467928,0.11210000957362354,4.562047118348096,0.12480001896619797,deflate-6,597,333.4921875,1.6135135135135135,lt_16KiB,C:\Users\ss\Desktop\XAI\XAI\apps\public_nextjs\docs\INTEGRATION.md,2b5091e58cb6922ad60d,PASS
True,4.971524288107203,markdown,371,4.8005359423714715,0.11860000086016953,21.008985672540057,0.02710000262595713,deflate-9,597,333.4921875,1.6091644204851752,lt_16KiB,C:\Users\ss\Desktop\XAI\XAI\apps\public_nextjs\docs\INTEGRATION.md,2b5091e58cb6922ad60d,PASS
True,5.1457286432160805,markdown,384,6.326040559104068,0.08999998681247234,20.333691933980063,0.028000009479001164,zstd-1,597,333.4921875,1.5546875,lt_16KiB,C:\Users\ss\Desktop\XAI\XAI\apps\public_nextjs\docs\INTEGRATION.md,2b5091e58cb6922ad60d,PASS
True,5.11892797319933,markdown,382,7.581140405267988,0.07509998977184296,22.415110164917955,0.025399989681318402,zstd-3,597,333.4921875,1.5628272251308901,lt_16KiB,C:\Users\ss\Desktop\XAI\XAI\apps\public_nextjs\docs\INTEGRATION.md,2b5091e58cb6922ad60d,PASS
True,5.1457286432160805,markdown,384,5.581800174794197,0.10199999087490141,25.08121636071316,0.02269999822601676,zstd-6,597,333.4921875,1.5546875,lt_16KiB,C:\Users\ss\Desktop\XAI\XAI\apps\public_nextjs\docs\INTEGRATION.md,2b5091e58cb6922ad60d,PASS
True,5.1457286432160805,markdown,384,5.152430591313467,0.11049999739043415,27.504542732050513,0.02069998299703002,zstd-9,597,333.4921875,1.5546875,lt_16KiB,C:\Users\ss\Desktop\XAI\XAI\apps\public_nextjs\docs\INTEGRATION.md,2b5091e58cb6922ad60d,PASS
True,5.413735343383585,markdown,404,6.0375763396709505,0.09430001955479383,12.881079870942253,0.044199987314641476,brotli-1,597,333.4921875,1.4777227722772277,lt_16KiB,C:\Users\ss\Desktop\XAI\XAI\apps\public_nextjs\docs\INTEGRATION.md,2b5091e58cb6922ad60d,PASS
True,4.7705192629815745,markdown,356,2.0005043572911227,0.2846000134013593,11.690827815361079,0.04870002157986164,brotli-4,597,333.4921875,1.6769662921348314,lt_16KiB,C:\Users\ss\Desktop\XAI\XAI\apps\public_nextjs\docs\INTEGRATION.md,2b5091e58cb6922ad60d,PASS
True,4.47571189279732,markdown,334,0.3699438405751537,1.5389999898616225,10.408472990904922,0.05470000905916095,brotli-6,597,333.4921875,1.7874251497005988,lt_16KiB,C:\Users\ss\Desktop\XAI\XAI\apps\public_nextjs\docs\INTEGRATION.md,2b5091e58cb6922ad60d,PASS
True,4.435510887772194,markdown,331,0.17998405743445406,3.1632999889552593,10.059074611224721,0.056599994422867894,brotli-9,597,333.4921875,1.8036253776435045,lt_16KiB,C:\Users\ss\Desktop\XAI\XAI\apps\public_nextjs\docs\INTEGRATION.md,2b5091e58cb6922ad60d,PASS
True,3.778894472361809,markdown,282,0.09077399386838657,6.272099999478087,10.427541828776663,0.054599979193881154,brotli-11,597,333.4921875,2.117021276595745,lt_16KiB,C:\Users\ss\Desktop\XAI\XAI\apps\public_nextjs\docs\INTEGRATION.md,2b5091e58cb6922ad60d,PASS
True,6.217755443886097,markdown,464,1.4884799050416204,0.3825000021606684,5.232937943830134,0.10879998444579542,lzma2-0,597,333.4921875,1.2866379310344827,lt_16KiB,C:\Users\ss\Desktop\XAI\XAI\apps\public_nextjs\docs\INTEGRATION.md,2b5091e58cb6922ad60d,PASS
True,6.217755443886097,markdown,464,0.06101046581775406,9.331900015240535,2.2136218821872005,0.2572000084910542,lzma2-3,597,333.4921875,1.2866379310344827,lt_16KiB,C:\Users\ss\Desktop\XAI\XAI\apps\public_nextjs\docs\INTEGRATION.md,2b5091e58cb6922ad60d,PASS
True,6.056951423785595,markdown,452,0.04584271249059448,12.419499980751425,2.7936385712847454,0.2038000093307346,lzma2-6,597,333.4921875,1.3207964601769913,lt_16KiB,C:\Users\ss\Desktop\XAI\XAI\apps\public_nextjs\docs\INTEGRATION.md,2b5091e58cb6922ad60d,PASS
True,5.775544388609715,markdown,431,1.3133646808790043,0.43349998304620385,4.610069029096287,0.12350000906735659,bzip2-1,597,333.4921875,1.3851508120649652,lt_16KiB,C:\Users\ss\Desktop\XAI\XAI\apps\public_nextjs\docs\INTEGRATION.md,2b5091e58cb6922ad60d,PASS
True,5.775544388609715,markdown,431,1.132346025798914,0.5027999868616462,3.5852865856463514,0.15880001592449844,bzip2-9,597,333.4921875,1.3851508120649652,lt_16KiB,C:\Users\ss\Desktop\XAI\XAI\apps\public_nextjs\docs\INTEGRATION.md,2b5091e58cb6922ad60d,PASS
True,8.0,markdown,703,126.49653225850736,0.0053000112529844046,558.7034997938445,0.0011999800335615873,raw,703,333.4921875,1.0,lt_16KiB,C:\Users\ss\Desktop\XAI\XAI\apps\mobile_authenticator_flutter\docs\PRODUCTION_CHECKLIST.md,8028fd8746ec7555a569,PASS
True,6.008534850640114,markdown,528,9.285772907971463,0.0722000258974731,13.516795433515057,0.04959999932907522,gzip-1,703,333.4921875,1.331439393939394,lt_16KiB,C:\Users\ss\Desktop\XAI\XAI\apps\mobile_authenticator_flutter\docs\PRODUCTION_CHECKLIST.md,8028fd8746ec7555a569,PASS
True,4.44950213371266,markdown,391,4.560768594475182,0.14700001338496804,12.53145879278399,0.053499999921768904,gzip-6,703,333.4921875,1.7979539641943734,lt_16KiB,C:\Users\ss\Desktop\XAI\XAI\apps\mobile_authenticator_flutter\docs\PRODUCTION_CHECKLIST.md,8028fd8746ec7555a569,PASS
True,4.5064011379800855,markdown,396,6.271590740789141,0.10689999908208847,12.278998166884412,0.054599979193881154,gzip-9,703,333.4921875,1.7752525252525253,lt_16KiB,C:\Users\ss\Desktop\XAI\XAI\apps\mobile_authenticator_flutter\docs\PRODUCTION_CHECKLIST.md,8028fd8746ec7555a569,PASS
True,5.871977240398293,markdown,516,11.136762880138615,0.06019999273121357,45.60770400405474,0.014699995517730713,deflate-1,703,333.4921875,1.3624031007751938,lt_16KiB,C:\Users\ss\Desktop\XAI\XAI\apps\mobile_authenticator_flutter\docs\PRODUCTION_CHECKLIST.md,8028fd8746ec7555a569,PASS
True,4.312944523470839,markdown,379,6.731255351043034,0.09960000170394778,30.06422934315467,0.02230002428404987,deflate-6,703,333.4921875,1.8548812664907652,lt_16KiB,C:\Users\ss\Desktop\XAI\XAI\apps\mobile_authenticator_flutter\docs\PRODUCTION_CHECKLIST.md,8028fd8746ec7555a569,PASS
True,4.369843527738265,markdown,384,6.834178511171745,0.09810001938603818,27.36463323802317,0.02449998282827437,deflate-9,703,333.4921875,1.8307291666666667,lt_16KiB,C:\Users\ss\Desktop\XAI\XAI\apps\mobile_authenticator_flutter\docs\PRODUCTION_CHECKLIST.md,8028fd8746ec7555a569,PASS
True,4.5974395448079655,markdown,404,7.823024224783496,0.08569998317398131,22.347771422362612,0.029999995604157448,zstd-1,703,333.4921875,1.74009900990099,lt_16KiB,C:\Users\ss\Desktop\XAI\XAI\apps\mobile_authenticator_flutter\docs\PRODUCTION_CHECKLIST.md,8028fd8746ec7555a569,PASS
True,4.529160739687056,markdown,398,8.390901974725926,0.07989999721758068,28.1694478344555,0.023800006601959467,zstd-3,703,333.4921875,1.7663316582914572,lt_16KiB,C:\Users\ss\Desktop\XAI\XAI\apps\mobile_authenticator_flutter\docs\PRODUCTION_CHECKLIST.md,8028fd8746ec7555a569,PASS
True,4.51778093883357,markdown,397,6.553598135533958,0.10229999315924942,30.89550393169592,0.021700019715353847,zstd-6,703,333.4921875,1.7707808564231737,lt_16KiB,C:\Users\ss\Desktop\XAI\XAI\apps\mobile_authenticator_flutter\docs\PRODUCTION_CHECKLIST.md,8028fd8746ec7555a569,PASS
True,4.51778093883357,markdown,397,6.1791074162205195,0.1084999821614474,31.038581457078568,0.021599989850074053,zstd-9,703,333.4921875,1.7707808564231737,lt_16KiB,C:\Users\ss\Desktop\XAI\XAI\apps\mobile_authenticator_flutter\docs\PRODUCTION_CHECKLIST.md,8028fd8746ec7555a569,PASS
True,4.665718349928876,markdown,410,7.416293183684731,0.09040001896210015,11.972020819636773,0.05599998985417187,brotli-1,703,333.4921875,1.7146341463414634,lt_16KiB,C:\Users\ss\Desktop\XAI\XAI\apps\mobile_authenticator_flutter\docs\PRODUCTION_CHECKLIST.md,8028fd8746ec7555a569,PASS
True,4.244665718349929,markdown,373,2.8169458168559376,0.2379999787081033,16.59487052402722,0.04040001658722758,brotli-4,703,333.4921875,1.8847184986595173,lt_16KiB,C:\Users\ss\Desktop\XAI\XAI\apps\mobile_authenticator_flutter\docs\PRODUCTION_CHECKLIST.md,8028fd8746ec7555a569,PASS
True,3.891891891891892,markdown,342,0.4689654756829313,1.429600000847131,12.697596839147302,0.052799994591623545,brotli-6,703,333.4921875,2.0555555555555554,lt_16KiB,C:\Users\ss\Desktop\XAI\XAI\apps\mobile_authenticator_flutter\docs\PRODUCTION_CHECKLIST.md,8028fd8746ec7555a569,PASS
True,3.891891891891892,markdown,342,0.1897308811571741,3.5336000146344304,10.158075231628981,0.06600000779144466,brotli-9,703,333.4921875,2.0555555555555554,lt_16KiB,C:\Users\ss\Desktop\XAI\XAI\apps\mobile_authenticator_flutter\docs\PRODUCTION_CHECKLIST.md,8028fd8746ec7555a569,PASS
True,3.4822190611664294,markdown,306,0.08778978686802456,7.636800000909716,5.829852430929019,0.11500000255182385,brotli-11,703,333.4921875,2.2973856209150325,lt_16KiB,C:\Users\ss\Desktop\XAI\XAI\apps\mobile_authenticator_flutter\docs\PRODUCTION_CHECKLIST.md,8028fd8746ec7555a569,PASS
True,5.598862019914652,markdown,492,1.1891327187803482,0.5638000147882849,2.632245762004958,0.2547000185586512,lzma2-0,703,333.4921875,1.4288617886178863,lt_16KiB,C:\Users\ss\Desktop\XAI\XAI\apps\mobile_authenticator_flutter\docs\PRODUCTION_CHECKLIST.md,8028fd8746ec7555a569,PASS
True,5.598862019914652,markdown,492,0.10033869284847839,6.681700004264712,2.4361665855876815,0.27520000003278255,lzma2-3,703,333.4921875,1.4288617886178863,lt_16KiB,C:\Users\ss\Desktop\XAI\XAI\apps\mobile_authenticator_flutter\docs\PRODUCTION_CHECKLIST.md,8028fd8746ec7555a569,PASS
True,5.416785206258891,markdown,476,0.06575903068569633,10.195299983024597,3.681675357860464,0.18209998961538076,lzma2-6,703,333.4921875,1.476890756302521,lt_16KiB,C:\Users\ss\Desktop\XAI\XAI\apps\mobile_authenticator_flutter\docs\PRODUCTION_CHECKLIST.md,8028fd8746ec7555a569,PASS
True,4.768136557610242,markdown,419,1.8779636482571493,0.35700001171790063,6.21346619855986,0.10790000669658184,bzip2-1,703,333.4921875,1.6778042959427208,lt_16KiB,C:\Users\ss\Desktop\XAI\XAI\apps\mobile_authenticator_flutter\docs\PRODUCTION_CHECKLIST.md,8028fd8746ec7555a569,PASS
True,4.768136557610242,markdown,419,1.6440241763055563,0.40779999108053744,5.5088995068849576,0.12169999536126852,bzip2-9,703,333.4921875,1.6778042959427208,lt_16KiB,C:\Users\ss\Desktop\XAI\XAI\apps\mobile_authenticator_flutter\docs\PRODUCTION_CHECKLIST.md,8028fd8746ec7555a569,PASS
True,8.0,markdown,858,227.29248554913295,0.0035999983083456755,1363.743888242142,0.000600004568696022,raw,858,333.4921875,1.0,lt_16KiB,C:\Users\ss\Desktop\XAI\XAI\apps\mobile_authenticator_flutter\docs\INTEGRATION.md,1cff286a0579303a0e2e,PASS
True,6.172494172494172,markdown,662,10.331472819334646,0.07919999188743532,22.85622862940399,0.03579998156055808,gzip-1,858,333.4921875,1.29607250755287,lt_16KiB,C:\Users\ss\Desktop\XAI\XAI\apps\mobile_authenticator_flutter\docs\INTEGRATION.md,1cff286a0579303a0e2e,PASS
True,4.783216783216783,markdown,513,8.991786962506588,0.09099999442696571,24.06625401996694,0.03399999695830047,gzip-6,858,333.4921875,1.672514619883041,lt_16KiB,C:\Users\ss\Desktop\XAI\XAI\apps\mobile_authenticator_flutter\docs\INTEGRATION.md,1cff286a0579303a0e2e,PASS
True,4.811188811188811,markdown,516,7.611651494772682,0.10750000365078449,17.865776691008822,0.04579999949783087,gzip-9,858,333.4921875,1.6627906976744187,lt_16KiB,C:\Users\ss\Desktop\XAI\XAI\apps\mobile_authenticator_flutter\docs\INTEGRATION.md,1cff286a0579303a0e2e,PASS
True,6.0606060606060606,markdown,650,13.176368254801428,0.06210000719875097,53.83240788254306,0.015199999324977398,deflate-1,858,333.4921875,1.32,lt_16KiB,C:\Users\ss\Desktop\XAI\XAI\apps\mobile_authenticator_flutter\docs\INTEGRATION.md,1cff286a0579303a0e2e,PASS
True,4.671328671328672,markdown,501,7.158815252546394,0.1142999972216785,33.12761610301101,0.0247000134550035,deflate-6,858,333.4921875,1.7125748502994012,lt_16KiB,C:\Users\ss\Desktop\XAI\XAI\apps\mobile_authenticator_flutter\docs\INTEGRATION.md,1cff286a0579303a0e2e,PASS
True,4.699300699300699,markdown,504,7.785465753989869,0.10510001447983086,32.861528967060096,0.024900014977902174,deflate-9,858,333.4921875,1.7023809523809523,lt_16KiB,C:\Users\ss\Desktop\XAI\XAI\apps\mobile_authenticator_flutter\docs\INTEGRATION.md,1cff286a0579303a0e2e,PASS
True,5.0256410256410255,markdown,539,10.07700113010307,0.08120000711642206,32.5997200929004,0.02509998739697039,zstd-1,858,333.4921875,1.5918367346938775,lt_16KiB,C:\Users\ss\Desktop\XAI\XAI\apps\mobile_authenticator_flutter\docs\INTEGRATION.md,1cff286a0579303a0e2e,PASS
True,4.923076923076923,markdown,528,9.492490569108272,0.086199986981228,32.994036065258264,0.024800014216452837,zstd-3,858,333.4921875,1.625,lt_16KiB,C:\Users\ss\Desktop\XAI\XAI\apps\mobile_authenticator_flutter\docs\INTEGRATION.md,1cff286a0579303a0e2e,PASS
True,4.82051282051282,markdown,517,7.800309460519369,0.10490001295693219,37.707507718553764,0.02169999061152339,zstd-6,858,333.4921875,1.6595744680851063,lt_16KiB,C:\Users\ss\Desktop\XAI\XAI\apps\mobile_authenticator_flutter\docs\INTEGRATION.md,1cff286a0579303a0e2e,PASS
True,4.82051282051282,markdown,517,6.881854851441961,0.11890000314451754,36.85823284643399,0.022199994418770075,zstd-9,858,333.4921875,1.6595744680851063,lt_16KiB,C:\Users\ss\Desktop\XAI\XAI\apps\mobile_authenticator_flutter\docs\INTEGRATION.md,1cff286a0579303a0e2e,PASS
True,5.090909090909091,markdown,546,9.416025729262012,0.08689999231137335,16.170997059133107,0.05060000694356859,brotli-1,858,333.4921875,1.5714285714285714,lt_16KiB,C:\Users\ss\Desktop\XAI\XAI\apps\mobile_authenticator_flutter\docs\INTEGRATION.md,1cff286a0579303a0e2e,PASS
True,4.7272727272727275,markdown,507,3.4554584799688706,0.2367999986745417,22.114939707860398,0.036999990697950125,brotli-4,858,333.4921875,1.6923076923076923,lt_16KiB,C:\Users\ss\Desktop\XAI\XAI\apps\mobile_authenticator_flutter\docs\INTEGRATION.md,1cff286a0579303a0e2e,PASS
True,4.326340326340326,markdown,464,0.5476924801994115,1.4939999964553863,18.554485554992397,0.04409998655319214,brotli-6,858,333.4921875,1.8491379310344827,lt_16KiB,C:\Users\ss\Desktop\XAI\XAI\apps\mobile_authenticator_flutter\docs\INTEGRATION.md,1cff286a0579303a0e2e,PASS
True,4.3076923076923075,markdown,462,0.3257374846317119,2.5120000063907355,16.01277607356722,0.051099981646984816,brotli-9,858,333.4921875,1.8571428571428572,lt_16KiB,C:\Users\ss\Desktop\XAI\XAI\apps\mobile_authenticator_flutter\docs\INTEGRATION.md,1cff286a0579303a0e2e,PASS
True,3.6363636363636362,markdown,390,0.14732936551653095,5.553900002269074,20.71526492971974,0.03949998063035309,brotli-11,858,333.4921875,2.2,lt_16KiB,C:\Users\ss\Desktop\XAI\XAI\apps\mobile_authenticator_flutter\docs\INTEGRATION.md,1cff286a0579303a0e2e,PASS
True,5.631701631701632,markdown,604,2.916081711852799,0.2806000120472163,7.391622145517577,0.11069999891333282,lzma2-0,858,333.4921875,1.4205298013245033,lt_16KiB,C:\Users\ss\Desktop\XAI\XAI\apps\mobile_authenticator_flutter\docs\INTEGRATION.md,1cff286a0579303a0e2e,PASS
True,5.668997668997669,markdown,608,0.13713193835154244,5.966900003841147,5.722046581602062,0.14299998292699456,lzma2-3,858,333.4921875,1.4111842105263157,lt_16KiB,C:\Users\ss\Desktop\XAI\XAI\apps\mobile_authenticator_flutter\docs\INTEGRATION.md,1cff286a0579303a0e2e,PASS
True,5.557109557109557,markdown,596,0.11334393897148638,7.219199993414804,6.453095667362511,0.12680000509135425,lzma2-6,858,333.4921875,1.4395973154362416,lt_16KiB,C:\Users\ss\Desktop\XAI\XAI\apps\mobile_authenticator_flutter\docs\INTEGRATION.md,1cff286a0579303a0e2e,PASS
True,5.221445221445221,markdown,560,2.3594363122125808,0.34680002136155963,7.697576497471143,0.1063000236172229,bzip2-1,858,333.4921875,1.5321428571428573,lt_16KiB,C:\Users\ss\Desktop\XAI\XAI\apps\mobile_authenticator_flutter\docs\INTEGRATION.md,1cff286a0579303a0e2e,PASS
True,5.221445221445221,markdown,560,2.0461430000264182,0.39989998913370073,6.824457798600055,0.11990001075901091,bzip2-9,858,333.4921875,1.5321428571428573,lt_16KiB,C:\Users\ss\Desktop\XAI\XAI\apps\mobile_authenticator_flutter\docs\INTEGRATION.md,1cff286a0579303a0e2e,PASS
True,8.0,markdown,1564,213.07823946648483,0.006999995093792677,1355.9411577944757,0.001100008375942707,raw,1564,333.4921875,1.0,lt_16KiB,C:\Users\ss\Desktop\XAI\XAI\apps\desktop_flutter\README.md,f8acbe64385c0bc28390,PASS
True,5.703324808184143,markdown,1115,16.02091224740074,0.09309998131357133,14.286843871065582,0.1044000091496855,gzip-1,1564,333.4921875,1.4026905829596412,lt_16KiB,C:\Users\ss\Desktop\XAI\XAI\apps\desktop_flutter\README.md,f8acbe64385c0bc28390,PASS
True,4.32225063938619,markdown,845,9.012365873993257,0.1655000087339431,11.31674355923105,0.1317999849561602,gzip-6,1564,333.4921875,1.850887573964497,lt_16KiB,C:\Users\ss\Desktop\XAI\XAI\apps\desktop_flutter\README.md,f8acbe64385c0bc28390,PASS
True,4.327365728900256,markdown,846,7.442848074361745,0.20039998344145715,9.72325027927534,0.1534000039100647,gzip-9,1564,333.4921875,1.8486997635933806,lt_16KiB,C:\Users\ss\Desktop\XAI\XAI\apps\desktop_flutter\README.md,f8acbe64385c0bc28390,PASS
True,5.641943734015345,markdown,1103,9.561194898621673,0.15600002370774746,61.889878874974336,0.024100008886307478,deflate-1,1564,333.4921875,1.4179510426110606,lt_16KiB,C:\Users\ss\Desktop\XAI\XAI\apps\desktop_flutter\README.md,f8acbe64385c0bc28390,PASS
True,4.260869565217392,markdown,833,5.044121488470571,0.2956999815069139,40.97657140755452,0.0363999861292541,deflate-6,1564,333.4921875,1.8775510204081634,lt_16KiB,C:\Users\ss\Desktop\XAI\XAI\apps\desktop_flutter\README.md,f8acbe64385c0bc28390,PASS
True,4.265984654731458,markdown,834,7.97192219212977,0.18709999858401716,41.6633351706152,0.03579998156055808,deflate-9,1564,333.4921875,1.8752997601918466,lt_16KiB,C:\Users\ss\Desktop\XAI\XAI\apps\desktop_flutter\README.md,f8acbe64385c0bc28390,PASS
True,4.4961636828644505,markdown,879,14.273172147330538,0.10450000991113484,42.49419954942966,0.03510000533424318,zstd-1,1564,333.4921875,1.7792946530147895,lt_16KiB,C:\Users\ss\Desktop\XAI\XAI\apps\desktop_flutter\README.md,f8acbe64385c0bc28390,PASS
True,4.470588235294118,markdown,874,14.945360897797995,0.099799974123016,15.005499277088962,0.09940000018104911,zstd-3,1564,333.4921875,1.7894736842105263,lt_16KiB,C:\Users\ss\Desktop\XAI\XAI\apps\desktop_flutter\README.md,f8acbe64385c0bc28390,PASS
True,4.368286445012788,markdown,854,9.598112783156035,0.15539999003522098,49.38896598513584,0.030199997127056122,zstd-6,1564,333.4921875,1.8313817330210773,lt_16KiB,C:\Users\ss\Desktop\XAI\XAI\apps\desktop_flutter\README.md,f8acbe64385c0bc28390,PASS
True,4.368286445012788,markdown,854,6.879826966468309,0.21680002100765705,50.90599468979608,0.029300019377842546,zstd-9,1564,333.4921875,1.8313817330210773,lt_16KiB,C:\Users\ss\Desktop\XAI\XAI\apps\desktop_flutter\README.md,f8acbe64385c0bc28390,PASS
True,4.624040920716112,markdown,904,14.438983929497148,0.10329997166991234,22.162648421928456,0.06730001769028604,brotli-1,1564,333.4921875,1.7300884955752212,lt_16KiB,C:\Users\ss\Desktop\XAI\XAI\apps\desktop_flutter\README.md,f8acbe64385c0bc28390,PASS
True,4.3171355498721224,markdown,844,3.227058930723249,0.4621999978553504,21.037332955681304,0.07089998689480126,brotli-4,1564,333.4921875,1.853080568720379,lt_16KiB,C:\Users\ss\Desktop\XAI\XAI\apps\desktop_flutter\README.md,f8acbe64385c0bc28390,PASS
True,4.015345268542199,markdown,785,0.6284959685639387,2.373199997236952,20.404201782381307,0.07309997454285622,brotli-6,1564,333.4921875,1.9923566878980892,lt_16KiB,C:\Users\ss\Desktop\XAI\XAI\apps\desktop_flutter\README.md,f8acbe64385c0bc28390,PASS
True,4.025575447570333,markdown,787,0.041446357066918016,35.987400013254955,17.67235294807311,0.08440000237897038,brotli-9,1564,333.4921875,1.9872935196950445,lt_16KiB,C:\Users\ss\Desktop\XAI\XAI\apps\desktop_flutter\README.md,f8acbe64385c0bc28390,PASS
True,3.452685421994885,markdown,675,0.08546516641493909,17.452100000809878,13.823415554121793,0.10790000669658184,brotli-11,1564,333.4921875,2.317037037037037,lt_16KiB,C:\Users\ss\Desktop\XAI\XAI\apps\desktop_flutter\README.md,f8acbe64385c0bc28390,PASS
True,4.89002557544757,markdown,956,2.2496932135882663,0.6630000134464353,4.74410494707713,0.3144000074826181,lzma2-0,1564,333.4921875,1.6359832635983265,lt_16KiB,C:\Users\ss\Desktop\XAI\XAI\apps\desktop_flutter\README.md,f8acbe64385c0bc28390,PASS
True,4.89002557544757,markdown,956,0.16054881197270238,9.290300018619746,5.445588479685547,0.2738999901339412,lzma2-3,1564,333.4921875,1.6359832635983265,lt_16KiB,C:\Users\ss\Desktop\XAI\XAI\apps\desktop_flutter\README.md,f8acbe64385c0bc28390,PASS
True,4.78772378516624,markdown,936,0.11394463232205676,13.090099993860349,5.127351717536174,0.29090000316500664,lzma2-6,1564,333.4921875,1.670940170940171,lt_16KiB,C:\Users\ss\Desktop\XAI\XAI\apps\desktop_flutter\README.md,f8acbe64385c0bc28390,PASS
True,4.680306905370844,markdown,915,2.076206338379996,0.7183999987319112,6.898920062203039,0.21620001643896103,bzip2-1,1564,333.4921875,1.7092896174863388,lt_16KiB,C:\Users\ss\Desktop\XAI\XAI\apps\desktop_flutter\README.md,f8acbe64385c0bc28390,PASS
True,4.680306905370844,markdown,915,1.7798885656712127,0.8380000072065741,5.745557181403863,0.2595999976620078,bzip2-9,1564,333.4921875,1.7092896174863388,lt_16KiB,C:\Users\ss\Desktop\XAI\XAI\apps\desktop_flutter\README.md,f8acbe64385c0bc28390,PASS
True,8.0,markdown,2048,415.5604929097777,0.004699977580457926,1775.554661868981,0.001100008375942707,raw,2048,333.4921875,1.0,lt_16KiB,C:\Users\ss\Desktop\XAI\XAI\engines\XAI-Compress\results\final_project\audit.md,c9bfc414215801365a64,PASS
True,6.1796875,markdown,1582,5.540780496254605,0.35249997745268047,34.44665195562872,0.05669999518431723,gzip-1,2048,333.4921875,1.2945638432364097,lt_16KiB,C:\Users\ss\Desktop\XAI\XAI\engines\XAI-Compress\results\final_project\audit.md,c9bfc414215801365a64,PASS
True,4.609375,markdown,1180,10.784788482145899,0.1810999820008874,29.86429516444776,0.06540000322274864,gzip-6,2048,333.4921875,1.735593220338983,lt_16KiB,C:\Users\ss\Desktop\XAI\XAI\engines\XAI-Compress\results\final_project\audit.md,c9bfc414215801365a64,PASS
True,4.63671875,markdown,1187,9.532089354019922,0.20489998860284686,36.23608334818223,0.05390000296756625,gzip-9,2048,333.4921875,1.725358045492839,lt_16KiB,C:\Users\ss\Desktop\XAI\XAI\engines\XAI-Compress\results\final_project\audit.md,c9bfc414215801365a64,PASS
True,6.1328125,markdown,1570,32.99196842628449,0.059200014220550656,109.11318469235285,0.01789999078027904,deflate-1,2048,333.4921875,1.3044585987261146,lt_16KiB,C:\Users\ss\Desktop\XAI\XAI\engines\XAI-Compress\results\final_project\audit.md,c9bfc414215801365a64,PASS
True,4.5625,markdown,1168,15.891984772232341,0.12290000449866056,76.29397152598484,0.025599991204217076,deflate-6,2048,333.4921875,1.7534246575342465,lt_16KiB,C:\Users\ss\Desktop\XAI\XAI\engines\XAI-Compress\results\final_project\audit.md,c9bfc414215801365a64,PASS
True,4.58984375,markdown,1175,13.432771553347882,0.14540000120177865,62.60015074289382,0.031200004741549492,deflate-9,2048,333.4921875,1.7429787234042553,lt_16KiB,C:\Users\ss\Desktop\XAI\XAI\engines\XAI-Compress\results\final_project\audit.md,c9bfc414215801365a64,PASS
True,4.76953125,markdown,1221,24.383583404639534,0.08009999874047935,76.89471627764149,0.025399989681318402,zstd-1,2048,333.4921875,1.6773136773136774,lt_16KiB,C:\Users\ss\Desktop\XAI\XAI\engines\XAI-Compress\results\final_project\audit.md,c9bfc414215801365a64,PASS
True,4.73046875,markdown,1211,27.981730468538263,0.06980000762268901,97.17036159685853,0.020100007532164454,zstd-3,2048,333.4921875,1.6911643270024772,lt_16KiB,C:\Users\ss\Desktop\XAI\XAI\engines\XAI-Compress\results\final_project\audit.md,c9bfc414215801365a64,PASS
True,4.65625,markdown,1192,17.36111365500185,0.11249998351559043,100.67653496434781,0.019400002202019095,zstd-6,2048,333.4921875,1.7181208053691275,lt_16KiB,C:\Users\ss\Desktop\XAI\XAI\engines\XAI-Compress\results\final_project\audit.md,c9bfc414215801365a64,PASS
True,4.65625,markdown,1192,14.340122872851108,0.13620001845993102,98.64265062330686,0.019800005247816443,zstd-9,2048,333.4921875,1.7181208053691275,lt_16KiB,C:\Users\ss\Desktop\XAI\XAI\engines\XAI-Compress\results\final_project\audit.md,c9bfc414215801365a64,PASS
True,4.921875,markdown,1260,21.137721944325367,0.09239997598342597,37.4879906242127,0.05210001836530864,brotli-1,2048,333.4921875,1.6253968253968254,lt_16KiB,C:\Users\ss\Desktop\XAI\XAI\engines\XAI-Compress\results\final_project\audit.md,c9bfc414215801365a64,PASS
True,4.55078125,markdown,1165,7.72902641181217,0.25270000332966447,47.87072189642886,0.040799990529194474,brotli-4,2048,333.4921875,1.75793991416309,lt_16KiB,C:\Users\ss\Desktop\XAI\XAI\engines\XAI-Compress\results\final_project\audit.md,c9bfc414215801365a64,PASS
True,4.28515625,markdown,1097,1.2947464200745544,1.5085000195540488,41.91254862087831,0.046600005589425564,brotli-6,2048,333.4921875,1.8669097538742023,lt_16KiB,C:\Users\ss\Desktop\XAI\XAI\engines\XAI-Compress\results\final_project\audit.md,c9bfc414215801365a64,PASS
True,4.29296875,markdown,1099,0.5368530283519195,3.638099995441735,40.605519564011196,0.04809998790733516,brotli-9,2048,333.4921875,1.8635122838944496,lt_16KiB,C:\Users\ss\Desktop\XAI\XAI\engines\XAI-Compress\results\final_project\audit.md,c9bfc414215801365a64,PASS
True,3.65625,markdown,936,0.18546962681422927,10.530700004892424,34.56858794895239,0.05649999366141856,brotli-11,2048,333.4921875,2.1880341880341883,lt_16KiB,C:\Users\ss\Desktop\XAI\XAI\engines\XAI-Compress\results\final_project\audit.md,c9bfc414215801365a64,PASS
True,5.046875,markdown,1292,4.523216775345456,0.4317999992053956,12.03404089885819,0.16230001347139478,lzma2-0,2048,333.4921875,1.585139318885449,lt_16KiB,C:\Users\ss\Desktop\XAI\XAI\engines\XAI-Compress\results\final_project\audit.md,c9bfc414215801365a64,PASS
True,5.046875,markdown,1292,0.6143448049589295,3.179199993610382,9.64030107668371,0.20260000019334257,lzma2-3,2048,333.4921875,1.585139318885449,lt_16KiB,C:\Users\ss\Desktop\XAI\XAI\engines\XAI-Compress\results\final_project\audit.md,c9bfc414215801365a64,PASS
True,4.90625,markdown,1256,0.32374026122783855,6.033000012394041,8.570095848522174,0.2279000182170421,lzma2-6,2048,333.4921875,1.6305732484076434,lt_16KiB,C:\Users\ss\Desktop\XAI\XAI\engines\XAI-Compress\results\final_project\audit.md,c9bfc414215801365a64,PASS
True,4.73828125,markdown,1213,3.3058986881305934,0.5908000166527927,11.73048137914061,0.16649998724460602,bzip2-1,2048,333.4921875,1.688375927452597,lt_16KiB,C:\Users\ss\Desktop\XAI\XAI\engines\XAI-Compress\results\final_project\audit.md,c9bfc414215801365a64,PASS
True,4.73828125,markdown,1213,2.881140241606868,0.6779000104870647,9.376500897775687,0.20829998538829386,bzip2-9,2048,333.4921875,1.688375927452597,lt_16KiB,C:\Users\ss\Desktop\XAI\XAI\engines\XAI-Compress\results\final_project\audit.md,c9bfc414215801365a64,PASS
True,8.0,markdown,3729,1111.3302471100762,0.0031999952625483274,5080.320638616331,0.000700005330145359,raw,3729,333.4921875,1.0,lt_16KiB,C:\Users\ss\Desktop\XAI\XAI\engines\XAI-Compress\results\model_v2\lossless_v2_preflight.md,efd24e78ff6d0f481461,PASS
True,5.474926253687316,markdown,2552,29.884465623119105,0.11900000390596688,67.8674064817129,0.0523999915458262,gzip-1,3729,333.4921875,1.4612068965517242,lt_16KiB,C:\Users\ss\Desktop\XAI\XAI\engines\XAI-Compress\results\model_v2\lossless_v2_preflight.md,efd24e78ff6d0f481461,PASS
True,4.024671493698042,markdown,1876,19.626114040768496,0.18119998276233673,70.2816410646939,0.05060000694356859,gzip-6,3729,333.4921875,1.9877398720682302,lt_16KiB,C:\Users\ss\Desktop\XAI\XAI\engines\XAI-Compress\results\model_v2\lossless_v2_preflight.md,efd24e78ff6d0f481461,PASS
True,4.046124966478949,markdown,1886,16.157436260492123,0.22009998792782426,69.32262524430476,0.051300012273713946,gzip-9,3729,333.4921875,1.977200424178155,lt_16KiB,C:\Users\ss\Desktop\XAI\XAI\engines\XAI-Compress\results\model_v2\lossless_v2_preflight.md,efd24e78ff6d0f481461,PASS
True,5.449182086350228,markdown,2540,45.88711169861203,0.07750000804662704,135.7348129634258,0.0261999957729131,deflate-1,3729,333.4921875,1.4681102362204725,lt_16KiB,C:\Users\ss\Desktop\XAI\XAI\engines\XAI-Compress\results\model_v2\lossless_v2_preflight.md,efd24e78ff6d0f481461,PASS
True,3.998927326360955,markdown,1864,20.06913834600248,0.17720001051202416,104.59564247139478,0.03399999695830047,deflate-6,3729,333.4921875,2.000536480686695,lt_16KiB,C:\Users\ss\Desktop\XAI\XAI\engines\XAI-Compress\results\model_v2\lossless_v2_preflight.md,efd24e78ff6d0f481461,PASS
True,4.020380799141861,markdown,1874,15.861961123148282,0.22419999004341662,99.33660520990928,0.03580001066438854,deflate-9,3729,333.4921875,1.9898612593383138,lt_16KiB,C:\Users\ss\Desktop\XAI\XAI\engines\XAI-Compress\results\model_v2\lossless_v2_preflight.md,efd24e78ff6d0f481461,PASS
True,4.168409761330115,markdown,1943,35.21040683692117,0.1010000123642385,120.96097313735429,0.029399991035461426,zstd-1,3729,333.4921875,1.919197117858981,lt_16KiB,C:\Users\ss\Desktop\XAI\XAI\engines\XAI-Compress\results\model_v2\lossless_v2_preflight.md,efd24e78ff6d0f481461,PASS
True,4.101903995709305,markdown,1912,28.679451542937425,0.12399998377077281,129.79017841494618,0.027400004910305142,zstd-3,3729,333.4921875,1.9503138075313808,lt_16KiB,C:\Users\ss\Desktop\XAI\XAI\engines\XAI-Compress\results\model_v2\lossless_v2_preflight.md,efd24e78ff6d0f481461,PASS
True,4.037543577366586,markdown,1882,15.81962460459636,0.22479999461211264,100.4590610317059,0.03540000761859119,zstd-6,3729,333.4921875,1.981402763018066,lt_16KiB,C:\Users\ss\Desktop\XAI\XAI\engines\XAI-Compress\results\model_v2\lossless_v2_preflight.md,efd24e78ff6d0f481461,PASS
True,4.039688924644677,markdown,1883,13.0075044028328,0.2733999863266945,128.84966293343345,0.027600006433203816,zstd-9,3729,333.4921875,1.9803505045140732,lt_16KiB,C:\Users\ss\Desktop\XAI\XAI\engines\XAI-Compress\results\model_v2\lossless_v2_preflight.md,efd24e78ff6d0f481461,PASS
True,4.374363100026817,markdown,2039,35.63378167228621,0.09980000322684646,51.39091573600304,0.06920000305399299,brotli-1,3729,333.4921875,1.8288376655223149,lt_16KiB,C:\Users\ss\Desktop\XAI\XAI\engines\XAI-Compress\results\model_v2\lossless_v2_preflight.md,efd24e78ff6d0f481461,PASS
True,3.9946366318047732,markdown,1862,9.534185958487017,0.37300001713447273,64.30836385376927,0.05529998452402651,brotli-4,3729,333.4921875,2.002685284640172,lt_16KiB,C:\Users\ss\Desktop\XAI\XAI\engines\XAI-Compress\results\model_v2\lossless_v2_preflight.md,efd24e78ff6d0f481461,PASS
True,3.8079914186108876,markdown,1775,1.9493787018922515,1.8242999794892967,50.088058368357,0.0709999876562506,brotli-6,3729,333.4921875,2.1008450704225354,lt_16KiB,C:\Users\ss\Desktop\XAI\XAI\engines\XAI-Compress\results\model_v2\lossless_v2_preflight.md,efd24e78ff6d0f481461,PASS
True,3.8079914186108876,markdown,1775,0.4263579348886284,8.340999978827313,31.25001521685424,0.11379999341443181,brotli-9,3729,333.4921875,2.1008450704225354,lt_16KiB,C:\Users\ss\Desktop\XAI\XAI\engines\XAI-Compress\results\model_v2\lossless_v2_preflight.md,efd24e78ff6d0f481461,PASS
True,3.2373290426387773,markdown,1509,0.22836301266313777,15.572800009977072,44.62047324948849,0.079699995694682,brotli-11,3729,333.4921875,2.4711729622266403,lt_16KiB,C:\Users\ss\Desktop\XAI\XAI\engines\XAI-Compress\results\model_v2\lossless_v2_preflight.md,efd24e78ff6d0f481461,PASS
True,4.290694556181282,markdown,2000,5.650224683043851,0.6294000195339322,14.056331446875785,0.252999976510182,lzma2-0,3729,333.4921875,1.8645,lt_16KiB,C:\Users\ss\Desktop\XAI\XAI\engines\XAI-Compress\results\model_v2\lossless_v2_preflight.md,efd24e78ff6d0f481461,PASS
True,4.282113167068919,markdown,1996,0.9390682681105118,3.78699999419041,12.741854238298743,0.27910000062547624,lzma2-3,3729,333.4921875,1.8682364729458918,lt_16KiB,C:\Users\ss\Desktop\XAI\XAI\engines\XAI-Compress\results\model_v2\lossless_v2_preflight.md,efd24e78ff6d0f481461,PASS
True,4.1791364977205685,markdown,1948,0.48957881213252025,7.2638999845366925,11.933729991848974,0.29799999902024865,lzma2-6,3729,333.4921875,1.914271047227926,lt_16KiB,C:\Users\ss\Desktop\XAI\XAI\engines\XAI-Compress\results\model_v2\lossless_v2_preflight.md,efd24e78ff6d0f481461,PASS
True,4.106194690265487,markdown,1914,3.748552347460047,0.9486999770160764,11.945754844487112,0.2977000258397311,bzip2-1,3729,333.4921875,1.9482758620689655,lt_16KiB,C:\Users\ss\Desktop\XAI\XAI\engines\XAI-Compress\results\model_v2\lossless_v2_preflight.md,efd24e78ff6d0f481461,PASS
True,4.106194690265487,markdown,1914,3.373412582329718,1.0541999945417047,10.245611010655892,0.3470999945420772,bzip2-9,3729,333.4921875,1.9482758620689655,lt_16KiB,C:\Users\ss\Desktop\XAI\XAI\engines\XAI-Compress\results\model_v2\lossless_v2_preflight.md,efd24e78ff6d0f481461,PASS
True,8.0,markdown,6330,1207.3495189145456,0.0050000089686363935,5488.065617145125,0.0010999792721122503,raw,6330,333.4921875,1.0,lt_16KiB,C:\Users\ss\Desktop\XAI\XAI\engines\XAI-Compress\results\model_search\imports\auto\lr-0-0002-f316e33308\v1\XAI-Compress\scripts\kaggle\README.md,8a329048e6e90bc5e436,PASS
True,4.8530805687203795,markdown,3840,34.22199131273638,0.176399975316599,61.78873297336329,0.09769998723641038,gzip-1,6330,333.4921875,1.6484375,lt_16KiB,C:\Users\ss\Desktop\XAI\XAI\engines\XAI-Compress\results\model_search\imports\auto\lr-0-0002-f316e33308\v1\XAI-Compress\scripts\kaggle\README.md,8a329048e6e90bc5e436,PASS
True,3.541232227488152,markdown,2802,16.51192174444671,0.36559998989105225,66.70449842212251,0.09050001972354949,gzip-6,6330,333.4921875,2.259100642398287,lt_16KiB,C:\Users\ss\Desktop\XAI\XAI\engines\XAI-Compress\results\model_search\imports\auto\lr-0-0002-f316e33308\v1\XAI-Compress\scripts\kaggle\README.md,8a329048e6e90bc5e436,PASS
True,3.565244865718799,markdown,2821,12.482958220294698,0.48359998618252575,63.611788616016185,0.0948999950196594,gzip-9,6330,333.4921875,2.2438851471109538,lt_16KiB,C:\Users\ss\Desktop\XAI\XAI\engines\XAI-Compress\results\model_search\imports\auto\lr-0-0002-f316e33308\v1\XAI-Compress\scripts\kaggle\README.md,8a329048e6e90bc5e436,PASS
True,4.837914691943128,markdown,3828,39.74166373520763,0.15189999248832464,122.94824793146432,0.04909999552182853,deflate-1,6330,333.4921875,1.6536050156739812,lt_16KiB,C:\Users\ss\Desktop\XAI\XAI\engines\XAI-Compress\results\model_search\imports\auto\lr-0-0002-f316e33308\v1\XAI-Compress\scripts\kaggle\README.md,8a329048e6e90bc5e436,PASS
True,3.5260663507109005,markdown,2790,17.472527416986697,0.34550001146271825,99.61648256651618,0.06059999577701092,deflate-6,6330,333.4921875,2.2688172043010755,lt_16KiB,C:\Users\ss\Desktop\XAI\XAI\engines\XAI-Compress\results\model_search\imports\auto\lr-0-0002-f316e33308\v1\XAI-Compress\scripts\kaggle\README.md,8a329048e6e90bc5e436,PASS
True,3.5500789889415483,markdown,2809,13.215320950018375,0.45679998584091663,90.91502165035348,0.06640001083724201,deflate-9,6330,333.4921875,2.2534709861160556,lt_16KiB,C:\Users\ss\Desktop\XAI\XAI\engines\XAI-Compress\results\model_search\imports\auto\lr-0-0002-f316e33308\v1\XAI-Compress\scripts\kaggle\README.md,8a329048e6e90bc5e436,PASS
True,3.6928909952606634,markdown,2922,30.305011644454055,0.19920000340789557,36.876961552896525,0.16369999502785504,zstd-1,6330,333.4921875,2.166324435318275,lt_16KiB,C:\Users\ss\Desktop\XAI\XAI\engines\XAI-Compress\results\model_search\imports\auto\lr-0-0002-f316e33308\v1\XAI-Compress\scripts\kaggle\README.md,8a329048e6e90bc5e436,PASS
True,3.648657187993681,markdown,2887,35.077038904261926,0.17210000078193843,146.52328554040946,0.04119999357499182,zstd-3,6330,333.4921875,2.1925874610322134,lt_16KiB,C:\Users\ss\Desktop\XAI\XAI\engines\XAI-Compress\results\model_search\imports\auto\lr-0-0002-f316e33308\v1\XAI-Compress\scripts\kaggle\README.md,8a329048e6e90bc5e436,PASS
True,3.557661927330174,markdown,2815,12.893545998907207,0.46820001443848014,88.38592618790933,0.06829999620094895,zstd-6,6330,333.4921875,2.2486678507992894,lt_16KiB,C:\Users\ss\Desktop\XAI\XAI\engines\XAI-Compress\results\model_search\imports\auto\lr-0-0002-f316e33308\v1\XAI-Compress\scripts\kaggle\README.md,8a329048e6e90bc5e436,PASS
True,3.5563981042654027,markdown,2814,10.116906969584521,0.5967000033706427,91.46602591210733,0.06600000779144466,zstd-9,6330,333.4921875,2.2494669509594885,lt_16KiB,C:\Users\ss\Desktop\XAI\XAI\engines\XAI-Compress\results\model_search\imports\auto\lr-0-0002-f316e33308\v1\XAI-Compress\scripts\kaggle\README.md,8a329048e6e90bc5e436,PASS
True,3.9165876777251185,markdown,3099,34.47606288821037,0.1750999945215881,42.60238766424819,0.14170000213198364,brotli-1,6330,333.4921875,2.042594385285576,lt_16KiB,C:\Users\ss\Desktop\XAI\XAI\engines\XAI-Compress\results\model_search\imports\auto\lr-0-0002-f316e33308\v1\XAI-Compress\scripts\kaggle\README.md,8a329048e6e90bc5e436,PASS
True,3.541232227488152,markdown,2802,8.737528193939934,0.6909000221639872,44.225329710102436,0.13650002074427903,brotli-4,6330,333.4921875,2.259100642398287,lt_16KiB,C:\Users\ss\Desktop\XAI\XAI\engines\XAI-Compress\results\model_search\imports\auto\lr-0-0002-f316e33308\v1\XAI-Compress\scripts\kaggle\README.md,8a329048e6e90bc5e436,PASS
True,3.346603475513428,markdown,2648,2.4937038982217126,2.420800010440871,45.35506127876245,0.13309999485500157,brotli-6,6330,333.4921875,2.3904833836858006,lt_16KiB,C:\Users\ss\Desktop\XAI\XAI\engines\XAI-Compress\results\model_search\imports\auto\lr-0-0002-f316e33308\v1\XAI-Compress\scripts\kaggle\README.md,8a329048e6e90bc5e436,PASS
True,3.347867298578199,markdown,2649,0.6472555587482974,9.326700004749,61.915461594143416,0.09750001481734216,brotli-9,6330,333.4921875,2.3895809739524347,lt_16KiB,C:\Users\ss\Desktop\XAI\XAI\engines\XAI-Compress\results\model_search\imports\auto\lr-0-0002-f316e33308\v1\XAI-Compress\scripts\kaggle\README.md,8a329048e6e90bc5e436,PASS
True,2.90173775671406,markdown,2296,0.24282334851171253,24.860700010322034,46.18790745648286,0.13069997658021748,brotli-11,6330,333.4921875,2.7569686411149825,lt_16KiB,C:\Users\ss\Desktop\XAI\XAI\engines\XAI-Compress\results\model_search\imports\auto\lr-0-0002-f316e33308\v1\XAI-Compress\scripts\kaggle\README.md,8a329048e6e90bc5e436,PASS
True,3.7459715639810427,markdown,2964,6.56883388331866,0.9190000128000975,16.193022106577168,0.3727999865077436,lzma2-0,6330,333.4921875,2.1356275303643724,lt_16KiB,C:\Users\ss\Desktop\XAI\XAI\engines\XAI-Compress\results\model_search\imports\auto\lr-0-0002-f316e33308\v1\XAI-Compress\scripts\kaggle\README.md,8a329048e6e90bc5e436,PASS
True,3.7156398104265405,markdown,2940,1.4537998280263886,4.152400011662394,14.36639326242859,0.42019999818876386,lzma2-3,6330,333.4921875,2.1530612244897958,lt_16KiB,C:\Users\ss\Desktop\XAI\XAI\engines\XAI-Compress\results\model_search\imports\auto\lr-0-0002-f316e33308\v1\XAI-Compress\scripts\kaggle\README.md,8a329048e6e90bc5e436,PASS
True,3.6347551342812006,markdown,2876,0.7150269967354808,8.442699996521696,14.29156773041255,0.42240001494064927,lzma2-6,6330,333.4921875,2.200973574408901,lt_16KiB,C:\Users\ss\Desktop\XAI\XAI\engines\XAI-Compress\results\model_search\imports\auto\lr-0-0002-f316e33308\v1\XAI-Compress\scripts\kaggle\README.md,8a329048e6e90bc5e436,PASS
True,3.548815165876777,markdown,2808,3.606834220011604,1.6736999968998134,13.935268433450082,0.4332000098656863,bzip2-1,6330,333.4921875,2.2542735042735043,lt_16KiB,C:\Users\ss\Desktop\XAI\XAI\engines\XAI-Compress\results\model_search\imports\auto\lr-0-0002-f316e33308\v1\XAI-Compress\scripts\kaggle\README.md,8a329048e6e90bc5e436,PASS
True,3.548815165876777,markdown,2808,3.0796645424968263,1.9601999956648797,12.844166883345716,0.46999999904073775,bzip2-9,6330,333.4921875,2.2542735042735043,lt_16KiB,C:\Users\ss\Desktop\XAI\XAI\engines\XAI-Compress\results\model_search\imports\auto\lr-0-0002-f316e33308\v1\XAI-Compress\scripts\kaggle\README.md,8a329048e6e90bc5e436,PASS
True,8.0,model,1497171,216335.6439803505,0.006599992047995329,1189864.4061022047,0.0011999800335615873,raw,1497171,333.4921875,1.0,1_10MiB,C:\Users\ss\Desktop\XAI\XAI\engines\XAI-Compress\checkpoints\gru_smoke.pt,46873d3cf1d109fce5fb,PASS
True,8.369480840865872,model,1566318,20.309598681524747,70.30239998130128,72.5153902559705,19.689799984917045,gzip-1,1497171,333.4921875,0.9558537921418256,1_10MiB,C:\Users\ss\Desktop\XAI\XAI\engines\XAI-Compress\checkpoints\gru_smoke.pt,46873d3cf1d109fce5fb,PASS
True,7.3511121976046825,model,1375734,8.390793662997476,170.1642999832984,95.32420004478281,14.978499995777383,gzip-6,1497171,333.4921875,1.0882706976784757,1_10MiB,C:\Users\ss\Desktop\XAI\XAI\engines\XAI-Compress\checkpoints\gru_smoke.pt,46873d3cf1d109fce5fb,PASS
True,7.374249167262791,model,1380064,10.468324636559528,136.39369999873452,143.1090726362893,9.97710000956431,gzip-9,1497171,333.4921875,1.0848562095670926,1_10MiB,C:\Users\ss\Desktop\XAI\XAI\engines\XAI-Compress\checkpoints\gru_smoke.pt,46873d3cf1d109fce5fb,PASS
True,8.369416719933795,model,1566306,36.691701425569846,38.91379997367039,147.83892261892092,9.657899994635954,deflate-1,1497171,333.4921875,0.9558611152610026,1_10MiB,C:\Users\ss\Desktop\XAI\XAI\engines\XAI-Compress\checkpoints\gru_smoke.pt,46873d3cf1d109fce5fb,PASS
True,7.351048076672605,model,1375722,12.324312708852526,115.85339999874122,150.77865294640418,9.469599986914545,deflate-6,1497171,333.4921875,1.0882801903291508,1_10MiB,C:\Users\ss\Desktop\XAI\XAI\engines\XAI-Compress\checkpoints\gru_smoke.pt,46873d3cf1d109fce5fb,PASS
True,7.374185046330713,model,1380052,15.035107876089114,94.96529999887571,129.3379648339973,11.03940000757575,deflate-9,1497171,333.4921875,1.0848656427438965,1_10MiB,C:\Users\ss\Desktop\XAI\XAI\engines\XAI-Compress\checkpoints\gru_smoke.pt,46873d3cf1d109fce5fb,PASS
True,7.402857789791547,model,1385418,234.54071845896573,6.087699992349371,142.82562873017739,9.996900014812127,zstd-1,1497171,333.4921875,1.0806637419176017,1_10MiB,C:\Users\ss\Desktop\XAI\XAI\engines\XAI-Compress\checkpoints\gru_smoke.pt,46873d3cf1d109fce5fb,PASS
True,7.357593755155556,model,1376947,196.0016926542015,7.284699997399002,354.50728032575074,4.027600021800026,zstd-3,1497171,333.4921875,1.087312002568,1_10MiB,C:\Users\ss\Desktop\XAI\XAI\engines\XAI-Compress\checkpoints\gru_smoke.pt,46873d3cf1d109fce5fb,PASS
True,7.466433693946784,model,1397316,114.15658861380385,12.507499981438741,346.29612006502185,4.123099992284551,zstd-6,1497171,333.4921875,1.0714620028683561,1_10MiB,C:\Users\ss\Desktop\XAI\XAI\engines\XAI-Compress\checkpoints\gru_smoke.pt,46873d3cf1d109fce5fb,PASS
True,7.466406976891752,model,1397311,119.19802396884425,11.978499998804182,374.37099340052197,3.8138999952934682,zstd-9,1497171,333.4921875,1.071465836882412,1_10MiB,C:\Users\ss\Desktop\XAI\XAI\engines\XAI-Compress\checkpoints\gru_smoke.pt,46873d3cf1d109fce5fb,PASS
True,7.4715740553350285,model,1398278,116.73345075309427,12.231400003656745,36.940128230292906,38.65209998912178,brotli-1,1497171,333.4921875,1.0707248487067664,1_10MiB,C:\Users\ss\Desktop\XAI\XAI\engines\XAI-Compress\checkpoints\gru_smoke.pt,46873d3cf1d109fce5fb,PASS
True,7.324806585219725,model,1370811,29.923223285377258,47.715900000184774,61.32692772050074,23.2819999800995,brotli-4,1497171,333.4921875,1.0921790093601524,1_10MiB,C:\Users\ss\Desktop\XAI\XAI\engines\XAI-Compress\checkpoints\gru_smoke.pt,46873d3cf1d109fce5fb,PASS
True,7.317277719111578,model,1369402,33.371122959019054,42.78590000467375,63.83400676960332,22.36760000232607,brotli-6,1497171,333.4921875,1.0933027701142541,1_10MiB,C:\Users\ss\Desktop\XAI\XAI\engines\XAI-Compress\checkpoints\gru_smoke.pt,46873d3cf1d109fce5fb,PASS
True,7.316043391169078,model,1369171,18.435722586285824,77.44819999788888,74.91348308689365,19.0594999876339,brotli-9,1497171,333.4921875,1.0934872269424345,1_10MiB,C:\Users\ss\Desktop\XAI\XAI\engines\XAI-Compress\checkpoints\gru_smoke.pt,46873d3cf1d109fce5fb,PASS
True,7.19738226294792,model,1346964,0.16037316678047167,8903.070000000298,42.217773088851224,33.82020001299679,brotli-11,1497171,333.4921875,1.1115152298056963,1_10MiB,C:\Users\ss\Desktop\XAI\XAI\engines\XAI-Compress\checkpoints\gru_smoke.pt,46873d3cf1d109fce5fb,PASS
True,7.306922188580997,model,1367464,2.0302246221586033,703.278600005433,10.025477939306427,142.41850000689737,lzma2-0,1497171,333.4921875,1.0948522228007465,1_10MiB,C:\Users\ss\Desktop\XAI\XAI\engines\XAI-Compress\checkpoints\gru_smoke.pt,46873d3cf1d109fce5fb,PASS
True,7.30965801501632,model,1367976,2.2646017768886435,630.4920999973547,4.692110769269254,304.30089999572374,lzma2-3,1497171,333.4921875,1.0944424463587081,1_10MiB,C:\Users\ss\Desktop\XAI\XAI\engines\XAI-Compress\checkpoints\gru_smoke.pt,46873d3cf1d109fce5fb,PASS
True,7.285569918199057,model,1363468,1.491141411025013,957.5305999896955,6.515216157310685,219.15059999446385,lzma2-6,1497171,333.4921875,1.0980609739282476,1_10MiB,C:\Users\ss\Desktop\XAI\XAI\engines\XAI-Compress\checkpoints\gru_smoke.pt,46873d3cf1d109fce5fb,PASS
True,7.722906735436366,model,1445314,4.2286616608658205,337.65140001196414,9.004878469559731,158.55999998166226,bzip2-1,1497171,333.4921875,1.0358794006008383,1_10MiB,C:\Users\ss\Desktop\XAI\XAI\engines\XAI-Compress\checkpoints\gru_smoke.pt,46873d3cf1d109fce5fb,PASS
True,7.8162721559527935,model,1462787,2.879534684628043,495.84869999671355,7.1973082683754255,198.38159999926575,bzip2-9,1497171,333.4921875,1.0235058145854454,1_10MiB,C:\Users\ss\Desktop\XAI\XAI\engines\XAI-Compress\checkpoints\gru_smoke.pt,46873d3cf1d109fce5fb,PASS
True,8.0,model,1497533,303863.13382169907,0.0047000066842883825,1428147.8854481955,0.00100000761449337,raw,1497533,333.4921875,1.0,1_10MiB,C:\Users\ss\Desktop\XAI\XAI\engines\XAI-Compress\checkpoints\phase_j_v1_256.pt,1a26220d1e9b364d612d,PASS
True,8.099160419169394,model,1516095,33.965124454106174,42.04780000145547,152.52403017658946,9.363500023027882,gzip-1,1497533,333.4921875,0.9877567039004812,1_10MiB,C:\Users\ss\Desktop\XAI\XAI\engines\XAI-Compress\checkpoints\phase_j_v1_256.pt,1a26220d1e9b364d612d,PASS
True,7.169439337897729,model,1342059,16.693985343487025,85.54929998354055,159.35536996100782,8.96209999336861,gzip-6,1497533,333.4921875,1.1158473658758667,1_10MiB,C:\Users\ss\Desktop\XAI\XAI\engines\XAI-Compress\checkpoints\phase_j_v1_256.pt,1a26220d1e9b364d612d,PASS
True,7.190204155768186,model,1345946,13.889784557067095,102.82080000615679,140.31821147909173,10.178000025916845,gzip-9,1497533,333.4921875,1.112624874994985,1_10MiB,C:\Users\ss\Desktop\XAI\XAI\engines\XAI-Compress\checkpoints\phase_j_v1_256.pt,1a26220d1e9b364d612d,PASS
True,8.099096313737327,model,1516083,36.04468136927796,39.621899981284514,173.94508910010222,8.210400003008544,deflate-1,1497533,333.4921875,0.9877645221270868,1_10MiB,C:\Users\ss\Desktop\XAI\XAI\engines\XAI-Compress\checkpoints\phase_j_v1_256.pt,1a26220d1e9b364d612d,PASS
True,7.169375232465661,model,1342047,11.317966701702575,126.18510000174865,80.66141555471391,17.705600010231137,deflate-6,1497533,333.4921875,1.1158573432972168,1_10MiB,C:\Users\ss\Desktop\XAI\XAI\engines\XAI-Compress\checkpoints\phase_j_v1_256.pt,1a26220d1e9b364d612d,PASS
True,7.19014005033612,model,1345934,8.985820969022466,158.93470001174137,114.72260459289015,12.448800000129268,deflate-9,1497533,333.4921875,1.1126347948710709,1_10MiB,C:\Users\ss\Desktop\XAI\XAI\engines\XAI-Compress\checkpoints\phase_j_v1_256.pt,1a26220d1e9b364d612d,PASS
True,7.238950994736009,model,1355071,148.26767849443902,9.632300003431737,252.43636919594,5.657500005327165,zstd-1,1497533,333.4921875,1.1051324985923248,1_10MiB,C:\Users\ss\Desktop\XAI\XAI\engines\XAI-Compress\checkpoints\phase_j_v1_256.pt,1a26220d1e9b364d612d,PASS
True,7.173627559459458,model,1342843,30.89046265744818,46.23300000093877,201.93981479968747,7.072200009133667,zstd-3,1497533,333.4921875,1.1151958940844164,1_10MiB,C:\Users\ss\Desktop\XAI\XAI\engines\XAI-Compress\checkpoints\phase_j_v1_256.pt,1a26220d1e9b364d612d,PASS
True,7.23788791298756,model,1354872,86.25188789788064,16.558000002987683,206.23826848078525,6.924799992702901,zstd-6,1497533,333.4921875,1.1052948175178172,1_10MiB,C:\Users\ss\Desktop\XAI\XAI\engines\XAI-Compress\checkpoints\phase_j_v1_256.pt,1a26220d1e9b364d612d,PASS
True,7.237818465436154,model,1354859,36.64670549911705,38.97100000176579,259.35871470296394,5.506499990588054,zstd-9,1497533,333.4921875,1.105305422925928,1_10MiB,C:\Users\ss\Desktop\XAI\XAI\engines\XAI-Compress\checkpoints\phase_j_v1_256.pt,1a26220d1e9b364d612d,PASS
True,7.2622266086957685,model,1359428,96.7639683409671,14.759199984837323,40.4552339472542,35.30220000538975,brotli-1,1497533,333.4921875,1.1015905218959738,1_10MiB,C:\Users\ss\Desktop\XAI\XAI\engines\XAI-Compress\checkpoints\phase_j_v1_256.pt,1a26220d1e9b364d612d,PASS
True,7.128438571971369,model,1334384,24.95193199017484,57.236399996327236,49.66921339202008,28.75339999445714,brotli-4,1497533,333.4921875,1.1222654048609695,1_10MiB,C:\Users\ss\Desktop\XAI\XAI\engines\XAI-Compress\checkpoints\phase_j_v1_256.pt,1a26220d1e9b364d612d,PASS
True,7.124880720491635,model,1333718,26.574499139774794,53.74169998685829,60.576805211005784,23.576000006869435,brotli-6,1497533,333.4921875,1.122825814752444,1_10MiB,C:\Users\ss\Desktop\XAI\XAI\engines\XAI-Compress\checkpoints\phase_j_v1_256.pt,1a26220d1e9b364d612d,PASS
True,7.124576219689316,model,1333661,14.38789979277886,99.2610999965109,50.53640336204359,28.26000002096407,brotli-9,1497533,333.4921875,1.1228738037627253,1_10MiB,C:\Users\ss\Desktop\XAI\XAI\engines\XAI-Compress\checkpoints\phase_j_v1_256.pt,1a26220d1e9b364d612d,PASS
True,6.964275244685759,model,1303654,0.1297999875552209,11002.764999982901,50.452316203616284,28.307100001256913,brotli-11,1497533,333.4921875,1.148719675619451,1_10MiB,C:\Users\ss\Desktop\XAI\XAI\engines\XAI-Compress\checkpoints\phase_j_v1_256.pt,1a26220d1e9b364d612d,PASS
True,7.10758293807215,model,1330480,2.4524837052107746,582.3316000169143,9.546541301306817,149.5996000012383,lzma2-0,1497533,333.4921875,1.125558445072455,1_10MiB,C:\Users\ss\Desktop\XAI\XAI\engines\XAI-Compress\checkpoints\phase_j_v1_256.pt,1a26220d1e9b364d612d,PASS
True,7.108394940211668,model,1330632,2.6725882995650596,534.372899972368,9.382084706852272,152.22190000349656,lzma2-3,1497533,333.4921875,1.125429870918481,1_10MiB,C:\Users\ss\Desktop\XAI\XAI\engines\XAI-Compress\checkpoints\phase_j_v1_256.pt,1a26220d1e9b364d612d,PASS
True,7.097625227624366,model,1328616,2.872987744236579,497.09879999863915,9.36262407603803,152.53829999710433,lzma2-6,1497533,333.4921875,1.1271375626968214,1_10MiB,C:\Users\ss\Desktop\XAI\XAI\engines\XAI-Compress\checkpoints\phase_j_v1_256.pt,1a26220d1e9b364d612d,PASS
True,7.500666763269991,model,1404062,4.508475370649007,316.7719999910332,7.931351234969578,180.06499999319203,bzip2-1,1497533,333.4921875,1.0665718465423892,1_10MiB,C:\Users\ss\Desktop\XAI\XAI\engines\XAI-Compress\checkpoints\phase_j_v1_256.pt,1a26220d1e9b364d612d,PASS
True,7.5788273113180145,model,1418693,2.163653659485679,660.0680999981705,5.5095295393860715,259.2161000065971,bzip2-9,1497533,333.4921875,1.0555722767364046,1_10MiB,C:\Users\ss\Desktop\XAI\XAI\engines\XAI-Compress\checkpoints\phase_j_v1_256.pt,1a26220d1e9b364d612d,PASS
True,8.0,model,29668575,3408944.599470519,0.008299975888803601,23578285.448195577,0.001200009137392044,raw,29668575,333.4921875,1.0,gt_10MiB,C:\Users\ss\Desktop\XAI\XAI\engines\XAI-Compress\checkpoints\model_search\residual-scale-depth-3c28504154\preflight.pt,9ace52ebc2064c6576de,PASS
True,8.28929842434293,model,30741459,32.39989169792305,873.2793999952264,185.15846739094164,152.81050000339746,gzip-1,29668575,358.0390625,0.9650997696628517,gt_10MiB,C:\Users\ss\Desktop\XAI\XAI\engines\XAI-Compress\checkpoints\model_search\residual-scale-depth-3c28504154\preflight.pt,9ace52ebc2064c6576de,PASS
True,7.30698039929454,model,27098462,19.728938135086462,1434.1450000065379,184.22606783256904,153.58390001347288,gzip-6,29668575,358.0390625,1.0948435007123283,gt_10MiB,C:\Users\ss\Desktop\XAI\XAI\engines\XAI-Compress\checkpoints\model_search\residual-scale-depth-3c28504154\preflight.pt,9ace52ebc2064c6576de,PASS
True,7.333454741254004,model,27196644,12.940598521454206,2186.4644000015687,131.5057448267139,215.15530001488514,gzip-9,29668575,358.0390625,1.090891030525678,gt_10MiB,C:\Users\ss\Desktop\XAI\XAI\engines\XAI-Compress\checkpoints\model_search\residual-scale-depth-3c28504154\preflight.pt,9ace52ebc2064c6576de,PASS
True,8.289295188596014,model,30741447,33.33564411875211,848.7658999802079,170.38063536228833,166.06439999304712,deflate-1,29668575,358.0390625,0.9651001463919379,gt_10MiB,C:\Users\ss\Desktop\XAI\XAI\engines\XAI-Compress\checkpoints\model_search\residual-scale-depth-3c28504154\preflight.pt,9ace52ebc2064c6576de,PASS
True,7.306977163547626,model,27098450,11.952525909287681,2367.2116000088863,158.9028273222194,178.05950000183657,deflate-6,29668575,358.0390625,1.0948439855416086,gt_10MiB,C:\Users\ss\Desktop\XAI\XAI\engines\XAI-Compress\checkpoints\model_search\residual-scale-depth-3c28504154\preflight.pt,9ace52ebc2064c6576de,PASS
True,7.33345150550709,model,27196632,13.860852389021971,2041.300000011688,95.8945213005971,295.05499999504536,deflate-9,29668575,358.0390625,1.0908915118607334,gt_10MiB,C:\Users\ss\Desktop\XAI\XAI\engines\XAI-Compress\checkpoints\model_search\residual-scale-depth-3c28504154\preflight.pt,9ace52ebc2064c6576de,PASS
True,7.301713412255223,model,27078929,223.68001916555497,126.49390002479777,368.73135413187015,76.73380000051111,zstd-1,29668575,358.0390625,1.095633250487861,gt_10MiB,C:\Users\ss\Desktop\XAI\XAI\engines\XAI-Compress\checkpoints\model_search\residual-scale-depth-3c28504154\preflight.pt,9ace52ebc2064c6576de,PASS
True,7.304527703133703,model,27089366,99.20691009652523,285.203499981435,208.88527455400046,135.45309999608435,zstd-3,29668575,358.0390625,1.0952111245423757,gt_10MiB,C:\Users\ss\Desktop\XAI\XAI\engines\XAI-Compress\checkpoints\model_search\residual-scale-depth-3c28504154\preflight.pt,9ace52ebc2064c6576de,PASS
True,7.314123040961691,model,27124951,118.2996701295903,239.17359998449683,430.44265616134123,65.73269999353215,zstd-6,29668575,358.0390625,1.0937743260808102,gt_10MiB,C:\Users\ss\Desktop\XAI\XAI\engines\XAI-Compress\checkpoints\model_search\residual-scale-depth-3c28504154\preflight.pt,9ace52ebc2064c6576de,PASS
True,7.314334712738984,model,27125736,211.3292740405397,133.88660000055097,408.1543572331978,69.3221999972593,zstd-9,29668575,358.0390625,1.0937426730098678,gt_10MiB,C:\Users\ss\Desktop\XAI\XAI\engines\XAI-Compress\checkpoints\model_search\residual-scale-depth-3c28504154\preflight.pt,9ace52ebc2064c6576de,PASS
True,7.318621807754501,model,27141635,178.9903994693809,158.07639999547973,54.411925982175575,519.9992000125349,brotli-1,29668575,358.0390625,1.0931019815129044,gt_10MiB,C:\Users\ss\Desktop\XAI\XAI\engines\XAI-Compress\checkpoints\model_search\residual-scale-depth-3c28504154\preflight.pt,9ace52ebc2064c6576de,PASS
True,7.29326298954365,model,27047590,35.87882270086902,788.6032999958843,49.40592040535222,572.6875999826007,brotli-4,29668575,358.0390625,1.09690271850468,gt_10MiB,C:\Users\ss\Desktop\XAI\XAI\engines\XAI-Compress\checkpoints\model_search\residual-scale-depth-3c28504154\preflight.pt,9ace52ebc2064c6576de,PASS
True,7.29281456895048,model,27045927,34.91589883989584,810.3516999981366,51.79049618836574,546.3194999902043,brotli-6,29668575,358.0390625,1.096970164860683,gt_10MiB,C:\Users\ss\Desktop\XAI\XAI\engines\XAI-Compress\checkpoints\model_search\residual-scale-depth-3c28504154\preflight.pt,9ace52ebc2064c6576de,PASS
True,7.2926864873018,model,27045452,6.979135693083541,4054.1062999982387,68.43728793506973,413.4319000004325,brotli-9,29668575,358.0390625,1.0969894309771566,gt_10MiB,C:\Users\ss\Desktop\XAI\XAI\engines\XAI-Compress\checkpoints\model_search\residual-scale-depth-3c28504154\preflight.pt,9ace52ebc2064c6576de,PASS
True,7.1884253288201405,model,26658792,0.37273283275548386,75910.02320000553,74.3885027446508,380.3565999842249,brotli-11,29668575,358.0390625,1.11290020192963,gt_10MiB,C:\Users\ss\Desktop\XAI\XAI\engines\XAI-Compress\checkpoints\model_search\residual-scale-depth-3c28504154\preflight.pt,9ace52ebc2064c6576de,PASS
True,7.251673395166435,model,26893352,4.759442106129045,5944.8475999815855,12.045638462287682,2348.9130999951158,lzma2-0,29668575,358.0390625,1.103193644288001,gt_10MiB,C:\Users\ss\Desktop\XAI\XAI\engines\XAI-Compress\checkpoints\model_search\residual-scale-depth-3c28504154\preflight.pt,9ace52ebc2064c6576de,PASS
True,7.291111757136971,model,27039612,2.0956239855843872,13501.5432999935,13.653561454713588,2072.2913999925368,lzma2-3,29668575,358.0390625,1.097226358129695,gt_10MiB,C:\Users\ss\Desktop\XAI\XAI\engines\XAI-Compress\checkpoints\model_search\residual-scale-depth-3c28504154\preflight.pt,9ace52ebc2064c6576de,PASS
True,7.241529328590942,model,26855732,2.153534735876427,13138.472999999067,15.18360608015877,1863.467600021977,lzma2-6,29668575,387.16796875,1.1047390180986316,gt_10MiB,C:\Users\ss\Desktop\XAI\XAI\engines\XAI-Compress\checkpoints\model_search\residual-scale-depth-3c28504154\preflight.pt,9ace52ebc2064c6576de,PASS
True,7.577528748852953,model,28101810,6.605604114736316,4283.356600004481,16.149020589133556,1752.0664999901783,bzip2-1,29668575,387.16796875,1.0557531703473904,gt_10MiB,C:\Users\ss\Desktop\XAI\XAI\engines\XAI-Compress\checkpoints\model_search\residual-scale-depth-3c28504154\preflight.pt,9ace52ebc2064c6576de,PASS
True,7.559001401314354,model,28033100,6.882201057799589,4111.207700014347,15.157660692055172,1866.657300008228,bzip2-9,29668575,387.16796875,1.0583408542044939,gt_10MiB,C:\Users\ss\Desktop\XAI\XAI\engines\XAI-Compress\checkpoints\model_search\residual-scale-depth-3c28504154\preflight.pt,9ace52ebc2064c6576de,PASS
