SHA_PASS,actual_bpb,benchmark_version,candidate_generation_ms,category,chunks,complete_artifact,compressed_bytes,compressed_bytes_unique,compression_MiB_s,compression_ms,decompression_MiB_s,decompression_ms,feature_scan_ms,imported_from,inference_ms,median_compression_MiB_s,median_compression_ms,metadata_bytes,method,microbenchmark_ms,original_bytes,p95_compression_ms,peak_RSS_MB,plan_mode,ratio,repetition,repetitions,roundtrip_sha_pass,route_distribution,routing_mode,runtime_generation,selected_strategy,selection_ms,selector_confidence,size_bucket,source,source_id,source_sha256,status,timing_boundary,warm_context
True,10.375048132460531,hybrid-v3-final-140-v1,85.58479999192059,archive,,True,3368,3,0.019059395438792665,129.9460000009276,0.04751785161418263,52.121300007759906,14.138500002445653,C:\Users\ss\Desktop\XAI\XAI\engines\XAI-Compress\results\hybrid_v2\benchmark.csv,3.280000004451722,0.018816875445144716,131.62080000620335,771,hybrid_v1,6.907100003445521,2597,131.7572999978438,213.1640625,,0.7710807600950119,0,3,True,,,,"{""raw"": 1}",24.325600010342896,,lt_16KiB,C:\Users\ss\Desktop\XAI\XAI\apps\public_nextjs\.next\cache\webpack\client-development\2.pack.gz,86aebd2a6ca744d6ce03,d3ded09d755c7c896e54b00b6b49be489d6d7daaf8644040916911505623d36d,PASS,end_to_end_artifact,
True,7.997859073573109,hybrid-v3-final-140-v1,5.20909987972118,archive,,True,10874623,1,6.515493134144038,1592.1472999907564,71.72203975208669,144.63649998651817,1182.4782999465242,C:\Users\ss\Desktop\XAI\XAI\engines\XAI-Compress\results\hybrid_v2\benchmark.csv,22.558600059710443,6.515493134144038,1592.1472999907564,5289,hybrid_v1,244.02770004235208,10877534,1592.1472999907564,213.1640625,,1.0002676874407508,0,1,True,,,,"{""brotli"": 1, ""raw"": 10}",1449.0646000485867,,gt_10MiB,C:\Users\ss\Desktop\XAI\XAI\apps\public_nextjs\.next\cache\webpack\server-development\0.pack.gz,ab9fd50e606430ff1ad4,1097a9c63933d92fb6d40acbb5871c0881f69ed68b4605cda62cd040674841c4,PASS,end_to_end_artifact,
True,8.003896057775703,hybrid-v3-final-140-v1,5.0335999694652855,archive,,True,11804339,1,6.277697885511813,1792.3791999928653,67.41346479425529,166.9104999746196,1369.2888999939896,C:\Users\ss\Desktop\XAI\XAI\engines\XAI-Compress\results\hybrid_v2\benchmark.csv,22.46539993211627,6.277697885511813,1792.3791999928653,5741,hybrid_v1,264.14260000456125,11798593,1792.3791999928653,213.1640625,,0.9995132298386212,0,1,True,,,,"{""brotli"": 1, ""raw"": 11}",1655.8968999306671,,gt_10MiB,C:\Users\ss\Desktop\XAI\XAI\apps\public_nextjs\.next\cache\webpack\client-development\1.pack.gz,c00053085b900f5df548,fd5f5bcaba1cf150622596027fefdd22ac7a61db2dde473c03f3965c3881d4ed,PASS,end_to_end_artifact,
True,133.55102040816325,hybrid-v3-final-140-v1,11.80829998338595,binary,,True,818,2,0.00018441514446338326,253.39589999445403,0.0008823759395434845,52.95933332915107,3.7336999957915395,C:\Users\ss\Desktop\XAI\XAI\engines\XAI-Compress\results\hybrid_v2\benchmark.csv,4.122300015296787,0.0005342969823166115,87.4607999867294,769,hybrid_v1,6.824799987953156,49,633.7018999911379,213.1640625,,0.05990220048899755,0,3,True,,,,"{""raw"": 1}",14.680799999041483,,lt_16KiB,C:\Users\ss\Desktop\XAI\XAI\apps\public_nextjs\.gitignore,5f8724e09072ab9a265f,58a43472c935cb48bcf1270662961f78f69d6accf404d42718684e4cc4429858,PASS,end_to_end_artifact,
True,122.07407407407408,hybrid-v3-final-140-v1,4.946100001689047,binary,,True,824,2,0.0006100288647875226,84.41963332976836,0.0008421979771022754,61.14763331909975,1.9764000026043504,C:\Users\ss\Desktop\XAI\XAI\engines\XAI-Compress\results\hybrid_v2\benchmark.csv,1.6388999938499182,0.0006375388643194045,80.77689999481663,770,hybrid_v1,2.892499993322417,54,154.92010000161827,213.1640625,,0.06553398058252427,0,3,True,,,,"{""raw"": 1}",6.507799989776686,,lt_16KiB,C:\Users\ss\Desktop\XAI\XAI\apps\mobile_authenticator_flutter\android\.gradle\buildOutputCleanup\cache.properties,a79486349dd2e056bef1,002ae1a4bd438cf5ffb03a9d964990dfeb9389bcfb323b67c8b7a133ae8a12b1,PASS,end_to_end_artifact,
True,68.3921568627451,hybrid-v3-final-140-v1,4.400599980726838,binary,,True,872,2,0.0011537961026216858,84.30846668003748,0.0014801074070827007,65.72143332838702,1.345600001513958,C:\Users\ss\Desktop\XAI\XAI\engines\XAI-Compress\results\hybrid_v2\benchmark.csv,1.5134999994188547,0.00086924505537332,111.90720001468435,770,hybrid_v1,2.729700005147606,102,125.79980000737123,213.1640625,,0.11697247706422019,0,3,True,,,,"{""raw"": 1}",5.588800006080419,,lt_16KiB,C:\Users\ss\Desktop\XAI\XAI\apps\public_nextjs\.next\cache\.rscinfo,40edde3ff58386c6e648,5b3ee2ef314de0dc6adc83b4a21f02ddd964bc5700e813a1791d93a322c2086b,PASS,end_to_end_artifact,
True,28.930232558139537,hybrid-v3-final-140-v1,6.748599989805371,binary,,True,933,3,0.0016871864904440402,145.83330000944747,0.002439309779902472,100.86786666458163,2.5680999970063567,C:\Users\ss\Desktop\XAI\XAI\engines\XAI-Compress\results\hybrid_v2\benchmark.csv,3.168099996400997,0.0013289553348007194,185.14390001655556,764,hybrid_v1,4.972399998223409,258,226.35080001782626,213.1640625,,0.2765273311897106,0,3,True,,,,"{""brotli"": 1}",10.708599991630763,,lt_16KiB,C:\Users\ss\Desktop\XAI\XAI\apps\web_angular\Dockerfile,f6d8ac25d8ced35c97bb,2d49913b6961e7886aceaa2bf12fd148a463f5077b9d489d6036933e0a0e21ee,PASS,end_to_end_artifact,
True,11.222082810539524,hybrid-v3-final-140-v1,8.480999997118488,binary,,True,1118,2,0.010121603356978768,75.09466666184987,0.014893618223324162,51.03383333577464,4.654800024582073,C:\Users\ss\Desktop\XAI\XAI\engines\XAI-Compress\results\hybrid_v2\benchmark.csv,2.9008999990765005,0.008558998409368626,88.8046000036411,764,hybrid_v1,6.230600003618747,797,101.44709999440238,213.1640625,,0.7128801431127012,0,3,True,,,,"{""brotli"": 1}",13.78630002727732,,lt_16KiB,C:\Users\ss\Desktop\XAI\XAI\apps\mobile_authenticator_flutter\android\settings.gradle.kts,cc0a768c16bc4f521d5e,d6b16579d5f6a6066cc22323c4e34adb82020f7b75378bffed7f0358bc949ce3,PASS,end_to_end_artifact,
True,4.440872560275546,hybrid-v3-final-140-v1,7.084299984853715,binary,,True,1934,3,0.03858396223779626,86.11353333496179,0.06832687014670147,48.628033323135845,7.732199999736622,C:\Users\ss\Desktop\XAI\XAI\engines\XAI-Compress\results\hybrid_v2\benchmark.csv,2.189199993154034,0.03110458702894782,106.82030001771636,760,hybrid_v1,8.74289998319,3484,116.45109998062253,213.1640625,,1.8014477766287487,0,3,True,,,,"{""brotli"": 1}",18.664299976080656,,lt_16KiB,C:\Users\ss\Desktop\XAI\XAI\apps\admin_dotnet\Components\Pages\Home.razor,5cfd18ecb4615302b290,162dd67b8042a9e57c67e0cc11aa979e3b2d7b44e350a99596c9f66313a312e0,PASS,end_to_end_artifact,
True,3.8680338831921532,hybrid-v3-final-140-v1,8.03769999765791,binary,,True,2169,2,0.0505875374467233,84.56990000559017,0.11137369723870547,38.41286667739041,11.118700000224635,C:\Users\ss\Desktop\XAI\XAI\engines\XAI-Compress\results\hybrid_v2\benchmark.csv,2.49650000478141,0.04508105373908832,94.89979999489151,764,hybrid_v1,8.399999991524965,4486,119.20110002392903,213.1640625,,2.0682342093130477,0,3,True,,,,"{""brotli"": 1}",22.01519999653101,,lt_16KiB,C:\Users\ss\Desktop\XAI\XAI\apps\web_angular\src\styles.scss,1364093c2cd97d6b467d,ad9c84765af109b753aa1444e9515e89579b53967bd1bae5fc64ecd41221ab0a,PASS,end_to_end_artifact,
True,1.2024885939444214,hybrid-v3-final-140-v1,8.683499996550381,binary,,True,1812,2,0.06376695260390441,180.28999998932704,0.18568519130756625,61.914166678131245,41.3684000086505,C:\Users\ss\Desktop\XAI\XAI\engines\XAI-Compress\results\hybrid_v2\benchmark.csv,3.4442000032868236,0.05080350625061374,226.294299995061,765,hybrid_v1,7.553400006145239,12055,244.4334999890998,213.1640625,,6.652869757174393,0,3,True,,,,"{""brotli"": 1}",52.36600001808256,,lt_16KiB,C:\Users\ss\Desktop\XAI\XAI\apps\desktop_flutter\.flutter-plugins-dependencies,fb876718379f313755bf,a2c397b45a54899472e474caa3de4ca7bad5e570071e4d9768e32b1022a5f016,PASS,end_to_end_artifact,
True,2.0110525205652814,hybrid-v3-final-140-v1,5.299199983710423,binary,,True,5959,3,0.07918264026501459,285.5025999985325,0.39128940420908104,57.77526666255047,45.25140000623651,C:\Users\ss\Desktop\XAI\XAI\engines\XAI-Compress\results\hybrid_v2\benchmark.csv,1.876900001661852,0.06254288054541161,361.46159999771044,765,hybrid_v1,8.432500006165355,23705,420.41449999669567,213.1640625,,3.9780164457123677,0,3,True,,,,"{""brotli"": 1}",55.560800014063716,,16_64KiB,C:\Users\ss\Desktop\XAI\XAI\apps\desktop_flutter\pubspec.lock,665359906b3619ac985e,471ecf91ed6391162a1544c0c68a69fe253ac363b98667175bb42f9a59f986e5,PASS,end_to_end_artifact,
True,170.10526315789474,hybrid-v3-final-140-v1,7.336500013479963,csv,,True,808,2,0.0006521554108254578,55.568999998892345,0.0008710219717672587,41.605866669366755,1.9796000269707292,C:\Users\ss\Desktop\XAI\XAI\engines\XAI-Compress\results\hybrid_v2\benchmark.csv,2.3859000066295266,0.0005033190237637499,72.00129999546334,770,hybrid_v1,4.023099987534806,38,72.0967999950517,213.1640625,,0.04702970297029703,0,3,True,,,,"{""raw"": 1}",8.388600021135062,,lt_16KiB,C:\Users\ss\Desktop\XAI\XAI\engines\XAI-Compress\results\final_analysis\roundtrip_results.csv,e3912e357456af06dfed,c6484bd00fba72894b9614e35c9f5aa34441bd7951db46338fa7777e023f0279,PASS,end_to_end_artifact,
True,74.84444444444445,hybrid-v3-final-140-v1,7.056800008285791,csv,,True,842,2,0.0011744752233828018,73.0800333355243,0.001653714198901895,51.90176666170979,2.2678000095766038,C:\Users\ss\Desktop\XAI\XAI\engines\XAI-Compress\results\hybrid_v2\benchmark.csv,2.3935000062920153,0.0009845215648248253,87.18010000302456,764,hybrid_v1,4.599200008669868,90,108.54899999685585,213.1640625,,0.10688836104513064,0,3,True,,,,"{""brotli"": 1}",9.260500024538487,,lt_16KiB,C:\Users\ss\Desktop\XAI\XAI\engines\XAI-Compress\results\final_analysis\final_comparison.csv,921d357da1bee764ce1d,c2b289c3259e1dc84f545db4b69c0a3cb62953bb37220f9521ef6e4438f18a77,PASS,end_to_end_artifact,
True,25.372937293729372,hybrid-v3-final-140-v1,11.581799975829199,csv,,True,961,2,0.00364313410465513,79.31723334089232,0.00434985041336734,66.4306333346758,3.96329999784939,C:\Users\ss\Desktop\XAI\XAI\engines\XAI-Compress\results\hybrid_v2\benchmark.csv,4.445800004759803,0.0032731145518718075,88.28390002599917,761,hybrid_v1,6.92510002409108,303,107.45209999731742,213.1640625,,0.3152965660770031,0,3,True,,,,"{""brotli"": 1}",15.334200026700273,,lt_16KiB,C:\Users\ss\Desktop\XAI\XAI\engines\XAI-Compress\results\final_project\lossless_bpb_breakdown.csv,39a02de3ede36018b3fe,5347d6a1802290c3d98c575c6d588c944cf6edc8263f35e87c7a230dd3db0543,PASS,end_to_end_artifact,
True,15.328467153284672,hybrid-v3-final-140-v1,7.653600041521713,csv,,True,1050,3,0.00881503620534735,59.28659998850586,0.010972736667934201,47.62836666971756,4.001100023742765,C:\Users\ss\Desktop\XAI\XAI\engines\XAI-Compress\results\hybrid_v2\benchmark.csv,2.3708999797236174,0.007936038424120346,65.85319997975603,764,hybrid_v1,5.439100001240149,548,81.11049997387454,213.1640625,,0.5219047619047619,0,3,True,,,,"{""brotli"": 1}",11.811100004706532,,lt_16KiB,C:\Users\ss\Desktop\XAI\XAI\engines\XAI-Compress\results\hybrid_ai\final_decision_table.csv,13de65abccd316cc7ad0,5298bd4aaa340a190b84ec31e0592771b0a029ad38d6c42f9498f6408ca8e136,PASS,end_to_end_artifact,
True,11.26774595267746,hybrid-v3-final-140-v1,6.334500038065016,csv,,True,1131,3,0.010690281816085395,71.63520001146632,0.01683280209482208,45.49453333796313,5.268999986583367,C:\Users\ss\Desktop\XAI\XAI\engines\XAI-Compress\results\hybrid_v2\benchmark.csv,2.005199989071116,0.0081582437931485,93.86830002767965,763,hybrid_v1,4.723199992440641,803,95.25159999611787,213.1640625,,0.7099911582670203,0,3,True,,,,"{""brotli"": 1}",11.997399968095124,,lt_16KiB,C:\Users\ss\Desktop\XAI\XAI\engines\XAI-Compress\results\model_search\leaderboard.csv,7da935a5c5745da0fc47,d7d2fd730a7b104cb5ab2c82601f322f6e10fcd2aed0259b631c7cd23a05999f,PASS,end_to_end_artifact,
True,9.961290322580645,hybrid-v3-final-140-v1,5.4632999817840755,csv,,True,1158,2,0.011655229411522828,76.09606666179995,0.015741045032156325,56.34423333685845,3.5328000085428357,C:\Users\ss\Desktop\XAI\XAI\engines\XAI-Compress\results\hybrid_v2\benchmark.csv,2.752400003373623,0.008906936552867475,99.57600000780076,763,hybrid_v1,4.49520000256598,930,104.44889997597784,213.1640625,,0.8031088082901554,0,3,True,,,,"{""brotli"": 1}",10.780400014482439,,lt_16KiB,C:\Users\ss\Desktop\XAI\XAI\engines\XAI-Compress\results\final_project\lossy_benchmark.csv,5dc21384a6a2b295ec5d,ffbfea0b154394263f6dd84f874a3eae790e8f952d9c5b4ab666f0959bd3db07,PASS,end_to_end_artifact,
True,10.432601880877742,hybrid-v3-final-140-v1,6.091499992180616,csv,,True,1248,2,0.009588543339992017,95.18300000733386,0.019946243922978956,45.756299999387316,4.008899995824322,C:\Users\ss\Desktop\XAI\XAI\engines\XAI-Compress\results\hybrid_v2\benchmark.csv,2.2966999968048185,0.009796225419270983,93.16509999916889,764,hybrid_v1,4.836499982047826,957,168.9269000198692,213.1640625,,0.7668269230769231,0,3,True,,,,"{""brotli"": 1}",11.142099974676967,,lt_16KiB,C:\Users\ss\Desktop\XAI\XAI\engines\XAI-Compress\results\model_v2\lossless_bpb_breakdown.csv,ef3edbf6186277f5ef97,2a033ae9dd973173da92a71cb6c95407de7a8e2256f24aca5a89a313776bac26,PASS,end_to_end_artifact,
True,8.77079107505071,hybrid-v3-final-140-v1,6.856699998024851,csv,,True,1081,2,0.011506239492378587,81.72286667589408,0.003013583955928327,312.02810000589426,3.939000016544014,C:\Users\ss\Desktop\XAI\XAI\engines\XAI-Compress\results\hybrid_v2\benchmark.csv,3.9914000080898404,0.010009579027612908,93.94230000907555,764,hybrid_v1,5.206000001635402,986,122.65330000082031,213.1640625,,0.9121184088806661,0,3,True,,,,"{""brotli"": 1}",13.136400026269257,,lt_16KiB,C:\Users\ss\Desktop\XAI\XAI\engines\XAI-Compress\results\model_v2\kaggle_lossless_v2_progress.csv,0e4427f0e7b0f0da7ba0,79fc768af3618c4609d1ee65e7004214356fd74a9393573e0576dd92c8f538ff,PASS,end_to_end_artifact,
True,7.849397590361446,hybrid-v3-final-140-v1,5.879800010006875,csv,,True,1303,2,0.014992263938910719,84.47553333826363,0.026956256137091326,46.9827666626467,4.109000001335517,C:\Users\ss\Desktop\XAI\XAI\engines\XAI-Compress\results\hybrid_v2\benchmark.csv,2.018700004555285,0.012424395295736572,101.93490001256578,764,hybrid_v1,4.811799997696653,1328,127.61419999878854,213.1640625,,1.0191864927091328,0,3,True,,,,"{""brotli"": 1}",10.939500003587455,,lt_16KiB,C:\Users\ss\Desktop\XAI\XAI\engines\XAI-Compress\results\model_v2\lossless_benchmark.csv,b2aeaaf4897e7310def1,368890c6915dfc2a63ac10be7b0435a3422a736a876429753454823b8c34d0b7,PASS,end_to_end_artifact,
True,5.577495863210149,hybrid-v3-final-140-v1,4.8081000277306885,csv,,True,1264,1,0.033149222963309605,52.15843332310518,0.05408721891331413,31.967099998534348,3.6580000014510006,C:\Users\ss\Desktop\XAI\XAI\engines\XAI-Compress\results\hybrid_v2\benchmark.csv,1.588099985383451,0.03014410382250699,57.358199992449954,766,hybrid_v1,3.9607000071555376,1813,78.76949998899363,213.1640625,,1.4343354430379747,0,3,True,,,,"{""brotli"": 1}",9.20679999398999,,lt_16KiB,C:\Users\ss\Desktop\XAI\XAI\engines\XAI-Compress\phase_j_results.csv,908ba22d7f9287d17ced,4c5a0c65906bb0e16abe8ce4c9119562b5b1b7cecd1cd6fb18b85773c4d03bfa,PASS,end_to_end_artifact,
True,4.363294117647059,hybrid-v3-final-140-v1,5.838500015670434,csv,,True,2318,2,0.04111720192272922,98.57470000861213,0.06816278287670527,59.4623000069987,11.072799999965355,C:\Users\ss\Desktop\XAI\XAI\engines\XAI-Compress\results\hybrid_v2\benchmark.csv,1.7766999953892082,0.03601793153072995,112.5305000168737,766,hybrid_v1,5.854700022609904,4250,149.06900000642054,213.1640625,,1.8334771354616048,0,3,True,,,,"{""brotli"": 1}",18.704200017964467,,lt_16KiB,C:\Users\ss\Desktop\XAI\XAI\engines\XAI-Compress\results\final_project\lossless_benchmark.csv,b26de929ad20b7ac9288,0f2012f4ecf0c73cfed0d946774ee75b0ef148af1af15f97eeb94c67bd57638d,PASS,end_to_end_artifact,
True,2.7789839339991316,hybrid-v3-final-140-v1,4.954099975293502,csv,,True,1600,2,0.0473762059126684,92.71793333270277,0.08436640204373236,52.06603333742047,8.808600017800927,C:\Users\ss\Desktop\XAI\XAI\engines\XAI-Compress\results\hybrid_v2\benchmark.csv,1.7697000002954155,0.04377743949518776,100.33990000374615,766,hybrid_v1,5.1629999943543226,4606,148.66169999004342,213.1640625,,2.87875,0,3,True,,,,"{""brotli"": 1}",15.741300012450665,,lt_16KiB,C:\Users\ss\Desktop\XAI\XAI\engines\XAI-Compress\results\hybrid_ai\selector_feature_importance.csv,20cb03e2c284978c7f64,a9b4873721448f7b1fb5613083a62179d3e53decedef4790571beae67ca73c8c,PASS,end_to_end_artifact,
True,2.7671586187132826,hybrid-v3-final-140-v1,4.697499971371144,csv,,True,2414,2,0.056837411152094994,117.10056667410147,0.12447364730713967,53.47070000910511,11.126500001410022,C:\Users\ss\Desktop\XAI\XAI\engines\XAI-Compress\results\hybrid_v2\benchmark.csv,1.6425000212620944,0.05386490465381288,123.56269999872893,765,hybrid_v1,5.22560000536032,6979,197.56220001727343,213.1640625,,2.8910521955260977,0,3,True,,,,"{""brotli"": 1}",17.994600028032437,,lt_16KiB,C:\Users\ss\Desktop\XAI\XAI\engines\XAI-Compress\results\model_search\imports\auto\residual-scale-depth-3c28504154\v1\results\model_search\residual_scale_depth\short_screen.metrics.csv,fd92d55f5169a15f74dc,d2878628105b722a9242e5190e934ef2a4bf48ec9c17a9646fcbefdafafbd850,PASS,end_to_end_artifact,
True,1.7106482733748083,hybrid-v3-final-140-v1,5.333799956133589,csv,,True,11858,2,0.14502568570438637,364.666500002689,1.1535326022398054,45.84700000123121,88.16949999891222,C:\Users\ss\Desktop\XAI\XAI\engines\XAI-Compress\results\hybrid_v2\benchmark.csv,1.9566000264603645,0.14855870946927968,355.99399998318404,766,hybrid_v1,16.66779999504797,55455,614.7481000225525,213.1640625,,4.676589644122112,0,3,True,,,,"{""brotli"": 1}",106.79390002042055,,16_64KiB,C:\Users\ss\Desktop\XAI\XAI\engines\XAI-Compress\data\domain_focused\archive (1)\FaceForensics++_C23\csv\FaceShifter.csv,16a980a0d416c9105d7a,4b3d2fe0a72ef335da55058847359ba5e9fe2be0634f2370b331ffe0dd0e8c27,PASS,end_to_end_artifact,
True,1.547954347119317,hybrid-v3-final-140-v1,4.114000010304153,csv,,True,11308,3,0.08152019897764749,683.6794000021958,0.8024992616871071,69.45013333461247,129.48580001830123,C:\Users\ss\Desktop\XAI\XAI\engines\XAI-Compress\results\hybrid_v2\benchmark.csv,2.0801999780815095,0.07123051271957079,782.441099989228,768,hybrid_v1,14.517199975671247,58441,1104.7882999991998,213.1640625,,5.16811107180757,0,3,True,,,,"{""brotli"": 1}",146.083199972054,,16_64KiB,C:\Users\ss\Desktop\XAI\XAI\engines\XAI-Compress\data\domain_focused\archive (1)\FaceForensics++_C23\csv\NeuralTextures.csv,6e96649c37ae12817da8,c784503f209f929cf4cd3287f8c9139a8e07be314197b17bcad9c6c70bf1810c,PASS,end_to_end_artifact,
True,0.6151527898989773,hybrid-v3-final-140-v1,6.405299965990707,csv,,True,61235,2,1.5461509369249633,491.1961000082859,11.421760448682267,66.49266666499898,139.77119998889975,C:\Users\ss\Desktop\XAI\XAI\engines\XAI-Compress\results\hybrid_v2\benchmark.csv,2.2920000192243606,2.449257480189625,310.07900001714006,768,hybrid_v1,19.83150001615286,796355,948.2118000159971,213.1640625,,13.00489915897771,0,3,True,,,,"{""brotli"": 1}",161.89470002427697,,64KiB_1MiB,C:\Users\ss\Desktop\XAI\XAI\engines\XAI-Compress\phase_h_dataset_report.csv,90bb57d94e3fa72035ad,41567b62dfa6c1170ab0a4817817bc0b973c910a67aad03c0a08b48bc9c6e57e,PASS,end_to_end_artifact,
True,4.752193752193752,hybrid-v3-final-140-v1,5.6588000152260065,executable,,True,13539,1,0.048694506409358844,446.3777666581639,0.28732055831784226,75.6511999934446,46.75680000218563,C:\Users\ss\Desktop\XAI\XAI\engines\XAI-Compress\results\hybrid_v2\benchmark.csv,3.4736999950837344,0.03633979187346584,598.1361999874935,766,hybrid_v1,19.70830000936985,22792,647.6691999996547,213.1640625,,1.6834330452766084,0,3,True,,,,"{""brotli"": 1}",69.93880000663921,,16_64KiB,C:\Users\ss\Desktop\XAI\XAI\apps\admin_dotnet\bin\Debug\net8.0\Microsoft.Extensions.ObjectPool.dll,63b80d177dabc1b0609f,12d82966713cf606f245b773ea7d3fc13a41674e4d2883d64a5cc1d27e1be304,PASS,end_to_end_artifact,
True,4.028637951105937,hybrid-v3-final-140-v1,6.7906000185757875,executable,,True,17303,3,0.09539949060626275,343.484533339506,0.6774647953308104,48.36893331957981,115.50089999218471,C:\Users\ss\Desktop\XAI\XAI\engines\XAI-Compress\results\hybrid_v2\benchmark.csv,3.9170999953057617,0.09551676693347319,343.06280000600964,768,hybrid_v1,20.966799987945706,34360,521.843299997272,213.1640625,,1.9857828122290933,0,3,True,,,,"{""brotli"": 1}",140.38479997543618,,16_64KiB,C:\Users\ss\Desktop\XAI\XAI\apps\admin_dotnet\bin\Debug\net8.0\Microsoft.Extensions.AmbientMetadata.Application.dll,8532a7e7c38dfc36aa1a,8f552ffcd501ab4658e5b70893fb93f4ff005d6e1d824a503c76213717dd9309,PASS,end_to_end_artifact,
True,3.24125068568294,hybrid-v3-final-140-v1,9.690599981695414,image,,True,3693,3,0.10599344398224529,82.01206666611445,0.34306411040602924,25.338533324732754,37.68899998976849,C:\Users\ss\Desktop\XAI\XAI\engines\XAI-Compress\results\hybrid_v2\benchmark.csv,2.667900000233203,0.11672872409548841,74.46960001834668,764,hybrid_v1,8.952100004535168,9115,98.61260000616312,213.1640625,,2.468183049011644,0,3,True,,,,"{""brotli"": 1}",49.30899999453686,,lt_16KiB,C:\Users\ss\Desktop\XAI\XAI\engines\XAI-Compress\results\hybrid_ai\figures\01_codec_bpb.png,b431de9bd8324ec90c36,d851ad815612aa7abda02c8cf79713e188c166f2ebc5ae9bb64f9278e151444e,PASS,end_to_end_artifact,
True,3.6197283774124376,hybrid-v3-final-140-v1,12.187399988761172,image,,True,4431,2,0.03413208494318716,273.6232666745006,0.09485876728143469,98.45513333372462,23.577099986141548,C:\Users\ss\Desktop\XAI\XAI\engines\XAI-Compress\results\hybrid_v2\benchmark.csv,4.009500000393018,0.029829374581866012,313.09179999516346,765,hybrid_v1,8.786499995039776,9793,442.93210000614636,213.1640625,,2.2101105845181674,0,3,True,,,,"{""brotli"": 1}",36.37309998157434,,lt_16KiB,C:\Users\ss\Desktop\XAI\XAI\engines\XAI-Compress\results\hybrid_ai\figures\04_decompression_speed.png,801658a38cf0cafec5ef,7a7a72e6e9328c1119c3a10cbafd6de5829ce16a6c77aa5f6e45eb00fcebe075,PASS,end_to_end_artifact,
True,3076.0,hybrid-v3-final-140-v1,15.59240001370199,json,,True,769,3,2.1161921047246572e-05,90.13116666271041,3.399973081851706e-05,56.09893334136965,2.434099995298311,C:\Users\ss\Desktop\XAI\XAI\engines\XAI-Compress\results\hybrid_v2\benchmark.csv,4.882299981545657,1.9640892056626346e-05,97.1111000108067,767,hybrid_v1,5.666799988830462,2,136.09260000521317,213.1640625,,0.002600780234070221,0,3,True,,,,"{""raw"": 1}",12.98319996567443,,lt_16KiB,C:\Users\ss\Desktop\XAI\XAI\engines\XAI-Compress\results\benchmark_results.json,b2d26822f2e8d5499ddf,4f53cda18c2baa0c0354bb5f9a3ecbe5ed12ab4d8e11ba873c2f11161202b945,PASS,end_to_end_artifact,
True,206.19354838709677,hybrid-v3-final-140-v1,6.74580002669245,json,,True,799,3,0.0003112872401226777,94.97306666647394,0.0004981079755218723,59.35240000447569,2.673900016816333,C:\Users\ss\Desktop\XAI\XAI\engines\XAI-Compress\results\hybrid_v2\benchmark.csv,4.664799984311685,0.00026918048107103565,109.82929999590851,768,hybrid_v1,5.057800008216873,31,148.84010000969283,213.1640625,,0.03879849812265332,0,3,True,,,,"{""raw"": 1}",12.39650000934489,,lt_16KiB,C:\Users\ss\Desktop\XAI\XAI\apps\public_nextjs\.next\static\webpack\1cde06a0bb489b45.webpack.hot-update.json,215155f5831d7da605e0,eea3c145b3456fcdf200b061ba939627d594c39727e9faa523ed958ed05b4705,PASS,end_to_end_artifact,
True,80.09638554216868,hybrid-v3-final-140-v1,6.5848999947775155,json,,True,831,2,0.0010060516267352477,78.67883333043817,0.0012262157974825953,64.55223332159221,1.5907999768387526,C:\Users\ss\Desktop\XAI\XAI\engines\XAI-Compress\results\hybrid_v2\benchmark.csv,3.268700005719438,0.0008352385030749527,94.76929999073036,763,hybrid_v1,3.961299982620403,83,119.67029998777434,213.1640625,,0.09987966305655836,0,3,True,,,,"{""brotli"": 1}",8.820799965178594,,lt_16KiB,C:\Users\ss\Desktop\XAI\XAI\apps\public_nextjs\.next\server\middleware-manifest.json,e43e7849d7ac7eee3e69,0a8520bc7e076f7ae717c2d62713990c83e8a3d74626f327a3844bc0504e210c,PASS,end_to_end_artifact,
True,18.5,hybrid-v3-final-140-v1,5.216999998083338,json,,True,962,2,0.003153624743554325,125.80079999558318,0.005667898394630223,69.99569999364515,3.574299975298345,C:\Users\ss\Desktop\XAI\XAI\engines\XAI-Compress\results\hybrid_v2\benchmark.csv,2.0929000165779144,0.002586410784388349,153.38959998916835,764,hybrid_v1,3.847900021355599,416,201.83689999976195,213.1640625,,0.43243243243243246,0,3,True,,,,"{""brotli"": 1}",9.515100013231859,,lt_16KiB,C:\Users\ss\Desktop\XAI\XAI\apps\admin_dotnet\bin\Debug\net8.0\AdminDotNet.runtimeconfig.json,719549724763a3953a3a,ecd7bfb0f847a8a076f6667982b0269c02817104969d5fff106f5c66a226fb81,PASS,end_to_end_artifact,
True,13.077685950413223,hybrid-v3-final-140-v1,4.91889999830164,json,,True,989,2,0.007452941722561487,77.41546665783972,0.009155007111092914,63.022666659283765,2.5257000233978033,C:\Users\ss\Desktop\XAI\XAI\engines\XAI-Compress\results\hybrid_v2\benchmark.csv,1.6137000056914985,0.005620549003229714,102.6541999890469,766,hybrid_v1,3.4365000028628856,605,111.23759998008609,213.1640625,,0.6117290192113246,0,3,True,,,,"{""brotli"": 1}",7.575900031952187,,lt_16KiB,C:\Users\ss\Desktop\XAI\XAI\apps\web_angular\package.after-audit-force.json,a5121d3f04b140dd77b4,a54a4b741387d4d30886d73347414984eb04eca6a9342d2ddc95007452be349b,PASS,end_to_end_artifact,
True,9.639546858908341,hybrid-v3-final-140-v1,5.386199976783246,json,,True,1170,2,0.006565867370420857,141.03510000859387,0.00691604432630413,133.89413334274045,3.0919999990146607,C:\Users\ss\Desktop\XAI\XAI\engines\XAI-Compress\results\hybrid_v2\benchmark.csv,1.784299995051697,0.006154712692615216,150.45670000836253,764,hybrid_v1,4.078300000401214,971,251.25200001639314,213.1640625,,0.82991452991453,0,3,True,,,,"{""brotli"": 1}",8.954599994467571,,lt_16KiB,C:\Users\ss\Desktop\XAI\XAI\engines\XAI-Compress\results\hybrid_ai\baseline_integrity.json,4416f13ac2189fe77572,cd04761d44d585b7a54c68e816c52917d1e500caeb8f54038c8df0ab8c3ebd99,PASS,end_to_end_artifact,
True,9.147317073170731,hybrid-v3-final-140-v1,7.29389998014085,json,,True,1172,2,0.009098040108784075,107.44249999212722,0.012834758547883008,76.16163332325716,6.1206000100355595,C:\Users\ss\Desktop\XAI\XAI\engines\XAI-Compress\results\hybrid_v2\benchmark.csv,2.6661000156309456,0.007194887881695317,135.86260000010952,766,hybrid_v1,4.574299993691966,1025,157.511199999135,213.1640625,,0.8745733788395904,0,3,True,,,,"{""brotli"": 1}",13.361000019358471,,lt_16KiB,C:\Users\ss\Desktop\XAI\XAI\engines\XAI-Compress\checkpoints\kaggle\best.summary.json,0b56a8336d926b137c46,36d7ff7d23c7c79b267328f694b89acbdab85844f282d3bd8205b40b6f0846ac,PASS,end_to_end_artifact,
True,9.586121437422552,hybrid-v3-final-140-v1,6.476900016423315,json,,True,1934,2,0.013251668664931285,116.15370000557353,0.02031891585405372,75.75356666347943,4.3428999779280275,C:\Users\ss\Desktop\XAI\XAI\engines\XAI-Compress\results\hybrid_v2\benchmark.csv,4.597499995725229,0.011660933133787195,131.99890000396408,766,hybrid_v1,12.029999983496964,1614,177.79469999368303,213.1640625,,0.8345398138572906,0,3,True,,,,"{""brotli"": 1}",20.97039995715022,,lt_16KiB,C:\Users\ss\Desktop\XAI\XAI\apps\admin_dotnet\obj\Debug\net8.0\rjsmcshtml.dswa.cache.json,d3bde520fa745484d111,69470693549db47d18ddfac57102451e5bdea2d08140822f2174048564223313,PASS,end_to_end_artifact,
True,6.844547563805104,hybrid-v3-final-140-v1,8.192999986931682,json,,True,1475,3,0.013366045393037217,123.00829999730922,0.015416386743711978,106.64849999011494,5.530499998712912,C:\Users\ss\Desktop\XAI\XAI\engines\XAI-Compress\results\hybrid_v2\benchmark.csv,2.3920000239741057,0.009929943586335343,165.573400008725,764,hybrid_v1,5.17230000696145,1724,174.07269999966957,213.1640625,,1.168813559322034,0,3,True,,,,"{""brotli"": 1}",13.094800029648468,,lt_16KiB,C:\Users\ss\Desktop\XAI\XAI\engines\XAI-Compress\notebooks\06_model_architecture.ipynb,2aaa61682ef5b2eeabcd,100b91a148d3b236cee1cd42b9a4b86eba4b59f63e453e6c16c75745b3af30dd,PASS,end_to_end_artifact,
True,3.2157806110175606,hybrid-v3-final-140-v1,5.027300037909299,json,,True,1671,2,0.07107394556027748,55.778866672577955,0.14426649814633913,27.479866665089503,7.62000001850538,C:\Users\ss\Desktop\XAI\XAI\engines\XAI-Compress\results\hybrid_v2\benchmark.csv,1.9432999833952636,0.06378882001527438,62.14920000638813,764,hybrid_v1,4.899000021396205,4157,79.18219998828135,213.1640625,,2.4877318970676243,0,3,True,,,,"{""brotli"": 1}",14.462300023296848,,lt_16KiB,C:\Users\ss\Desktop\XAI\XAI\apps\admin_dotnet\obj\Debug\net8.0\staticwebassets.build.json,5b2a797175be2fc16d7c,1c8e6c8b6ff3ec92e978cd88235af2a4583538d0f632eb3181ef69e8b88eb97f,PASS,end_to_end_artifact,
True,1.2400884303610906,hybrid-v3-final-140-v1,5.248099972959608,json,,True,4207,3,0.06455716424101446,400.9271666679221,0.37440884115733725,69.12956667171481,40.915300021879375,C:\Users\ss\Desktop\XAI\XAI\engines\XAI-Compress\results\hybrid_v2\benchmark.csv,1.7850000003818423,0.04813588989779996,537.7010999945924,767,hybrid_v1,7.715899992035702,27140,600.8502000186127,213.1640625,,6.451152840503922,0,3,True,,,,"{""brotli"": 1}",50.41620001429692,,16_64KiB,C:\Users\ss\Desktop\XAI\XAI\engines\XAI-Compress\results\final\lossless_benchmark.json,1f2e48d06ee45b484a60,22772bfedd8015fb1f771646625db2af08ea12c3f8205a8cd59e95c263993ff0,PASS,end_to_end_artifact,
True,0.8045164547666039,hybrid-v3-final-140-v1,5.395400017732754,json,,True,8764,2,0.12507046047675502,664.5119000071039,1.1398929287298794,72.91106667253189,119.92930000997148,C:\Users\ss\Desktop\XAI\XAI\engines\XAI-Compress\results\hybrid_v2\benchmark.csv,1.836099982028827,0.10604630204148253,783.7219000211917,766,hybrid_v1,14.90790001116693,87148,1050.5537000135519,213.1640625,,9.943861250570516,0,3,True,,,,"{""brotli"": 1}",136.67330000316724,,64KiB_1MiB,C:\Users\ss\Desktop\XAI\XAI\apps\admin_dotnet\obj\project.assets.json,d27dc1d6d4717d80c545,55a1d5d8ca7de1337f99fbd657fb61a2cefb5d4be40b2476dbd13b43ff71e374,PASS,end_to_end_artifact,
True,3.845225417110401,hybrid-v3-final-140-v1,8.721499994862825,logs,,True,1354,2,0.03637170957901837,73.86236666934565,0.01171830598126377,229.25673332065344,12.358500011032447,C:\Users\ss\Desktop\XAI\XAI\engines\XAI-Compress\results\hybrid_v2\benchmark.csv,2.761999989161268,0.0301985985925807,88.96110000205226,765,hybrid_v1,5.307399987941608,2817,94.48679999331944,213.1640625,,2.0805022156573116,0,3,True,,,,"{""brotli"": 1}",20.427899988135323,,lt_16KiB,C:\Users\ss\Desktop\XAI\XAI\engines\XAI-Compress\phase_g_run.log,cd260a4c13627b0f1896,049847514968689f7ed8bd72ba187a997cdc3c23060f634d7ffb9ffc4f3bcbbf,PASS,end_to_end_artifact,
True,0.6634825692987546,hybrid-v3-final-140-v1,15.700899995863438,logs,,True,3716,2,0.0741832937917078,576.0101666674018,0.5697519327170361,74.99813334046242,197.3983999923803,C:\Users\ss\Desktop\XAI\XAI\engines\XAI-Compress\results\hybrid_v2\benchmark.csv,5.122400005348027,0.06695529154239292,638.1920000130776,765,hybrid_v1,9.666900004958734,44806,846.8149999971502,213.1640625,,12.057588805166846,0,3,True,,,,"{""brotli"": 1}",212.18770000268705,,16_64KiB,C:\Users\ss\Desktop\XAI\XAI\engines\XAI-Compress\results\model_search\imports\candidate_b_20260830-183205\watch.log,1dfa898e4b00116e4cab,73d25606af40894a02d803dd1d00b7bdd83f57b2cef22bba822b649b5a9914b8,PASS,end_to_end_artifact,
True,101.21212121212122,hybrid-v3-final-140-v1,8.595899969805032,markdown,,True,835,2,0.0009268062955287897,67.9133333323989,0.0007711639555391461,81.6201333461019,2.135399990947917,C:\Users\ss\Desktop\XAI\XAI\engines\XAI-Compress\results\hybrid_v2\benchmark.csv,3.718300024047494,0.0007538981582549602,83.48939998541027,769,hybrid_v1,5.2081000176258385,66,93.28910001204349,213.1640625,,0.07904191616766468,0,3,True,,,,"{""raw"": 1}",11.06180003262125,,lt_16KiB,C:\Users\ss\Desktop\XAI\XAI\tools\qt_inspector\README.md,aedca929aa742fd71e9b,5dfa2133fba34e78ab059ad7b58c6e465b55a9ca47c56c61c18f8b6375d769f7,PASS,end_to_end_artifact,
True,18.089285714285715,hybrid-v3-final-140-v1,5.66570000955835,markdown,,True,1013,3,0.004450197369909777,96.00610000779852,0.006747716948537265,63.317133336871244,2.9992999916430563,C:\Users\ss\Desktop\XAI\XAI\engines\XAI-Compress\results\hybrid_v2\benchmark.csv,2.198900008806959,0.004430487568063529,96.43320000031963,764,hybrid_v1,5.262899998342618,448,135.48680001986213,213.1640625,,0.4422507403751234,0,3,True,,,,"{""brotli"": 1}",10.461099998792633,,lt_16KiB,C:\Users\ss\Desktop\XAI\XAI\engines\XAI-Compress\reports\experiment_report.md,81a445cc02e5ab1cabd2,20f398f646b5787c9f2fc81d3d3d4a5e60f41a1a3da1763185b0a9731b9e693d,PASS,end_to_end_artifact,
True,14.726968174204355,hybrid-v3-final-140-v1,7.873900001868606,markdown,,True,1099,2,0.00552980684169548,102.95903332492647,0.010131443632095342,56.195699997867145,2.7823999989777803,C:\Users\ss\Desktop\XAI\XAI\engines\XAI-Compress\results\hybrid_v2\benchmark.csv,3.9206999936141074,0.005257630663454122,108.28899999614805,765,hybrid_v1,6.265300005907193,597,172.31910000555217,213.1640625,,0.543221110100091,0,3,True,,,,"{""brotli"": 1}",12.96839999849908,,lt_16KiB,C:\Users\ss\Desktop\XAI\XAI\apps\public_nextjs\docs\INTEGRATION.md,2b5091e58cb6922ad60d,3d46921c4c74772c20f7b5fa7a719d5b31bcbc1b695fc2652443b63baf32e264,PASS,end_to_end_artifact,
True,12.58605974395448,hybrid-v3-final-140-v1,5.694600025890395,markdown,,True,1106,2,0.009214122188848893,72.76146665875179,0.01256010834211261,53.37796666814635,2.922500018030405,C:\Users\ss\Desktop\XAI\XAI\engines\XAI-Compress\results\hybrid_v2\benchmark.csv,2.1015999955125153,0.00785562766909264,85.34429999417625,764,hybrid_v1,5.641800002194941,703,107.80529998010024,213.1640625,,0.635623869801085,0,3,True,,,,"{""brotli"": 1}",10.665900015737861,,lt_16KiB,C:\Users\ss\Desktop\XAI\XAI\apps\mobile_authenticator_flutter\docs\PRODUCTION_CHECKLIST.md,8028fd8746ec7555a569,3bbd3f87d7a578d34926dc2bd3bda47187a999d8146c2ef5992c43ffad738935,PASS,end_to_end_artifact,
True,11.44988344988345,hybrid-v3-final-140-v1,5.2563000353984535,markdown,,True,1228,2,0.012946139747119159,63.2043666652559,0.01887068874037995,43.361033332378916,4.4602999987546355,C:\Users\ss\Desktop\XAI\XAI\engines\XAI-Compress\results\hybrid_v2\benchmark.csv,1.893599983304739,0.011233252293217586,72.84199999412522,764,hybrid_v1,4.794800013769418,858,91.93219998269342,213.1640625,,0.6986970684039088,0,3,True,,,,"{""brotli"": 1}",11.148699995828792,,lt_16KiB,C:\Users\ss\Desktop\XAI\XAI\apps\mobile_authenticator_flutter\docs\INTEGRATION.md,1cff286a0579303a0e2e,d6799bd13be04d1d2446707a0f240191e77eb76daefa5f5b3b22c38239284793,PASS,end_to_end_artifact,
True,7.928388746803069,hybrid-v3-final-140-v1,5.750600015744567,markdown,,True,1550,3,0.014272868466346093,104.5022333370677,0.02510535217754515,59.411499998532236,4.349099996034056,C:\Users\ss\Desktop\XAI\XAI\engines\XAI-Compress\results\hybrid_v2\benchmark.csv,2.0503999840002507,0.011479926195831849,129.92649999796413,765,hybrid_v1,4.843700007768348,1564,158.7915999989491,213.1640625,,1.0090322580645161,0,3,True,,,,"{""brotli"": 1}",11.243199987802655,,lt_16KiB,C:\Users\ss\Desktop\XAI\XAI\apps\desktop_flutter\README.md,f8acbe64385c0bc28390,4cfcaebd97a13aec2e70779876662da997871c92f5ed9cc669025f78f727c887,PASS,end_to_end_artifact,
True,7.26953125,hybrid-v3-final-140-v1,7.037900009891018,markdown,,True,1861,3,0.021237729918262675,91.96486665556829,0.03764915088984142,51.876999981080495,5.724799993913621,C:\Users\ss\Desktop\XAI\XAI\engines\XAI-Compress\results\hybrid_v2\benchmark.csv,3.429699980188161,0.01667504776970814,117.1285999880638,764,hybrid_v1,6.302399997366592,2048,127.49099999200553,213.1640625,,1.1004836109618485,0,3,True,,,,"{""brotli"": 1}",15.456899971468374,,lt_16KiB,C:\Users\ss\Desktop\XAI\XAI\engines\XAI-Compress\results\final_project\audit.md,c9bfc414215801365a64,b3e7972e3affbfa8daff03c83b28362433865e6be2d30b49c3b1993ddea36b6e,PASS,end_to_end_artifact,
True,5.4470367390721375,hybrid-v3-final-140-v1,8.345000009285286,markdown,,True,2539,3,0.026564267953978787,133.87349999781387,0.04463772105526584,79.66919999065188,11.39800000237301,C:\Users\ss\Desktop\XAI\XAI\engines\XAI-Compress\results\hybrid_v2\benchmark.csv,2.577600011136383,0.019685723411825486,180.65130000468343,764,hybrid_v1,6.508499995106831,3729,183.26449999585748,213.1640625,,1.4686884600236314,0,3,True,,,,"{""brotli"": 1}",20.484100008616224,,lt_16KiB,C:\Users\ss\Desktop\XAI\XAI\engines\XAI-Compress\results\model_v2\lossless_v2_preflight.md,efd24e78ff6d0f481461,192bc0dbbe4e4824a4decf70cbce5ea391b08c651340cb3c579cb571f18b61b1,PASS,end_to_end_artifact,
True,4.315955766192733,hybrid-v3-final-140-v1,10.856899985810742,markdown,,True,3415,3,0.03676197352790614,164.2120333466058,0.08709894822646028,69.30920000498493,23.085199994966388,C:\Users\ss\Desktop\XAI\XAI\engines\XAI-Compress\results\hybrid_v2\benchmark.csv,3.3152000105474144,0.03163957648404447,190.79770002281293,767,hybrid_v1,11.899700009962544,6330,238.34929999429733,213.1640625,,1.8535871156661787,0,3,True,,,,"{""brotli"": 1}",38.300100015476346,,lt_16KiB,C:\Users\ss\Desktop\XAI\XAI\engines\XAI-Compress\results\model_search\imports\auto\lr-0-0002-f316e33308\v1\XAI-Compress\scripts\kaggle\README.md,8a329048e6e90bc5e436,32285e607936abe62cd5bf70740c76222f091d79f6c60df3ee12426de4e5d1cd,PASS,end_to_end_artifact,
True,9.075187969924812,hybrid-v3-final-140-v1,7.817899982910603,model,,True,1207,3,0.018488851696329342,54.88223332213238,0.025343470450202122,40.03829998934331,5.495899997185916,C:\Users\ss\Desktop\XAI\XAI\engines\XAI-Compress\results\hybrid_v2\benchmark.csv,3.983900009188801,0.01767647959186625,57.40449999575503,764,hybrid_v1,6.614500016439706,1064,73.64779998897575,213.1640625,,0.8815244407622204,0,3,True,,,,"{""brotli"": 1}",16.094300022814423,,lt_16KiB,C:\Users\ss\Desktop\XAI\XAI\engines\XAI-Compress\data\test\archive\results\checkpoint-140\scheduler.pt,b09d33b1dd2c5da1b94b,68a7b978420557cea41317e4bf3e948ca294f39743cbbedc6a76ddc9e05e6bf6,PASS,end_to_end_artifact,
True,6.678483245149912,hybrid-v3-final-140-v1,8.994000003440306,model,,True,113601,1,0.18851509161102264,688.4117333393078,1.674871222848019,77.48416666678774,252.81649999669753,C:\Users\ss\Desktop\XAI\XAI\engines\XAI-Compress\results\hybrid_v2\benchmark.csv,2.8011999966111034,0.15827912792419194,819.9185999983456,768,hybrid_v1,34.95290002319962,136080,919.424199993955,213.1640625,,1.1978767792537037,0,3,True,,,,"{""brotli"": 1}",290.57060001650825,,64KiB_1MiB,C:\Users\ss\Desktop\XAI\XAI\engines\XAI-Compress\checkpoints\neural_lossy_v1\validation.latest.pt,bc559421f72cb439e577,95655d8929f221dbc9debec84eae3c13548be004c7b47632d6559012d6eaa5e0,PASS,end_to_end_artifact,
True,7.324352395284173,hybrid-v3-final-140-v1,11.589900008402765,model,,True,1370726,2,0.8911821612461381,1602.15676666121,7.464992975878418,191.26789999427274,462.3646000109147,C:\Users\ss\Desktop\XAI\XAI\engines\XAI-Compress\results\hybrid_v2\benchmark.csv,13.426499994238839,0.9099474321797826,1569.1165000025649,1213,hybrid_v1,108.62729998189025,1497171,2543.6599999957252,213.1640625,,1.092246736401002,0,3,True,,,,"{""brotli"": 2}",584.4183999870438,,1_10MiB,C:\Users\ss\Desktop\XAI\XAI\engines\XAI-Compress\checkpoints\gru_smoke.pt,46873d3cf1d109fce5fb,dd3923d08d580c8fc805fe3212309d5f62fee16126165fcca95949dd9624f692,PASS,end_to_end_artifact,
True,7.132167371269949,hybrid-v3-final-140-v1,6.930099974852055,model,,True,1335082,3,1.1050502456160889,1292.392600007588,3.891178170533025,367.02476665959693,409.00039998814464,C:\Users\ss\Desktop\XAI\XAI\engines\XAI-Compress\results\hybrid_v2\benchmark.csv,7.6852000202052295,1.9997885053843472,714.1548999934457,1211,hybrid_v1,113.57580000185408,1497533,2498.3959000092,213.1640625,,1.1216786684263589,0,3,True,,,,"{""brotli"": 2}",530.2614000102039,,1_10MiB,C:\Users\ss\Desktop\XAI\XAI\engines\XAI-Compress\checkpoints\phase_j_v1_256.pt,1a26220d1e9b364d612d,d5775fd5f77bf27e075a031d5ab07616cfe43df73d2e23892ec20efa00dcfb85,PASS,end_to_end_artifact,
True,7.296747888970064,hybrid-v3-final-140-v1,7.1192999894265085,model,,True,27060514,1,5.8684117095324115,4821.433700009948,45.88638938241927,616.6132999933325,3150.175799848512,C:\Users\ss\Desktop\XAI\XAI\engines\XAI-Compress\results\hybrid_v2\benchmark.csv,56.72939994838089,5.8684117095324115,4821.433700009948,13247,hybrid_v1,763.585399981821,29668575,4821.433700009948,213.1640625,,1.0963788418800915,0,1,True,,,,"{""brotli"": 29}",3970.4905997787137,,gt_10MiB,C:\Users\ss\Desktop\XAI\XAI\engines\XAI-Compress\checkpoints\model_search\residual-scale-depth-3c28504154\preflight.pt,9ace52ebc2064c6576de,9435ed6b438cfc1b3c0fff31c6d139431d7cab1bded5dfd4bc1f04bc8032a04e,PASS,end_to_end_artifact,
True,7.32926415448508,hybrid-v3-final-140-v1,6.172499939566478,model,,True,27190543,1,6.485667910834231,4364.081700012321,45.9454910634013,616.0340000060387,2810.937099973671,C:\Users\ss\Desktop\XAI\XAI\engines\XAI-Compress\results\hybrid_v2\benchmark.csv,54.703200032236055,6.485667910834231,4364.081700012321,13243,hybrid_v1,696.1867000209168,29678879,4364.081700012321,213.1640625,,1.0915147593779204,0,1,True,,,,"{""brotli"": 29}",3561.827000026824,,gt_10MiB,C:\Users\ss\Desktop\XAI\XAI\engines\XAI-Compress\results\model_search\imports\auto\residual-scale-depth-3c28504154\v1\results\model_search\residual_scale_depth\short_screen.pt,43a808afe4de5b474271,989ec35dfeb8ed0d723b5ee89608d0ef8ffbfc9dbf86e3bc168d6c6b8884f1af,PASS,end_to_end_artifact,
True,62.13084112149533,hybrid-v3-final-140-v1,6.398799974704161,source_code,,True,831,2,0.0015343981141363332,66.50369999503407,0.0024804098530655356,41.13963332686884,2.225599979283288,C:\Users\ss\Desktop\XAI\XAI\engines\XAI-Compress\results\hybrid_v2\benchmark.csv,2.586800022982061,0.001203492330044404,84.7891999874264,763,hybrid_v1,3.742599976249039,107,91.58580002258532,213.1640625,,0.12876052948255115,0,3,True,,,,"{""brotli"": 1}",8.554999978514388,,lt_16KiB,C:\Users\ss\Desktop\XAI\XAI\apps\web_angular\SETUP_WINDOWS.bat,a208d145692f560be957,163b91ecdd2a140b99e8071d4b150abdeac0050138b60bc483286c1f6d9ad345,PASS,end_to_end_artifact,
True,59.9646017699115,hybrid-v3-final-140-v1,7.069599989335984,source_code,,True,847,3,0.0015620144282562029,68.99116666560683,0.002355065304831754,45.75889999008117,1.78089999826625,C:\Users\ss\Desktop\XAI\XAI\engines\XAI-Compress\results\hybrid_v2\benchmark.csv,3.1544000084977597,0.0012255905632100423,87.92920000269078,763,hybrid_v1,3.858499985653907,113,96.65059999679215,213.1640625,,0.1334120425029516,0,3,True,,,,"{""brotli"": 1}",8.793799992417917,,lt_16KiB,C:\Users\ss\Desktop\XAI\XAI\apps\public_nextjs\.next\server\next-font-manifest.js,79bb325c3295747efea3,a464413ee75e1016f3e46f43acd014660ae511a62f634896d1cd75eed7a6e47d,PASS,end_to_end_artifact,
True,52.57142857142857,hybrid-v3-final-140-v1,4.756200039992109,source_code,,True,874,1,0.0016766278344406557,75.65106666879728,0.0025036190883476303,50.66213333824029,1.57639998360537,C:\Users\ss\Desktop\XAI\XAI\engines\XAI-Compress\results\hybrid_v2\benchmark.csv,1.7663999751675874,0.0014311307345628522,88.62829999998212,764,hybrid_v1,3.4608000132720917,133,120.4790000047069,213.1640625,,0.15217391304347827,0,3,True,,,,"{""brotli"": 1}",6.803599972045049,,lt_16KiB,C:\Users\ss\Desktop\XAI\XAI\engines\XAI-Compress\results\model_search\imports\auto\lr-0-0002-f316e33308\v1\XAI-Compress\scripts\kaggle\update_kaggle.ps1,bb914fd114f4206a6405,0f70ab56771161c148a99485db582812585e89a4a3eb060725535b25301f5763,PASS,end_to_end_artifact,
True,29.732793522267208,hybrid-v3-final-140-v1,5.8367999736219645,source_code,,True,918,2,0.002170718611556943,108.51593334033775,0.0021096728026055176,111.655966679488,2.212899998994544,C:\Users\ss\Desktop\XAI\XAI\engines\XAI-Compress\results\hybrid_v2\benchmark.csv,1.781500002834946,0.0015715571368595347,149.8880000144709,764,hybrid_v1,3.6749999853782356,247,155.37550000590272,213.1640625,,0.2690631808278867,0,3,True,,,,"{""brotli"": 1}",7.669399987207726,,lt_16KiB,C:\Users\ss\Desktop\XAI\XAI\apps\mobile_authenticator_flutter\SETUP_WINDOWS.bat,f6d794d2819bbe2fb86d,654652a218ec1d4fd76cc9c199ab7556a82d59fcd12a971d2fdc2db978a5e4a9,PASS,end_to_end_artifact,
True,29.133858267716537,hybrid-v3-final-140-v1,6.39460000093095,source_code,,True,925,2,0.002138957285394836,113.24830001103692,0.002342098707230525,103.42573334734577,2.3951999901328236,C:\Users\ss\Desktop\XAI\XAI\engines\XAI-Compress\results\hybrid_v2\benchmark.csv,2.9406000103335828,0.0021494246186369876,112.69680000259541,766,hybrid_v1,4.6768000174779445,254,203.9105000148993,213.1640625,,0.2745945945945946,0,3,True,,,,"{""brotli"": 1}",10.01260001794435,,lt_16KiB,C:\Users\ss\Desktop\XAI\XAI\apps\web_angular\src\app\core\auth.guard.ts,e04070013dcbd69ecb20,91a6eb959ffc25a91d5c84d9ada255abf52b0399bebc79f78a82e0d948a20fa9,PASS,end_to_end_artifact,
True,27.074626865671643,hybrid-v3-final-140-v1,8.078799990471452,source_code,,True,907,3,0.002400061571585981,106.49089999302912,0.0008138235045738072,314.054233332475,3.351600025780499,C:\Users\ss\Desktop\XAI\XAI\engines\XAI-Compress\results\hybrid_v2\benchmark.csv,2.195900015067309,0.0021021678201097534,121.58149998867884,763,hybrid_v1,4.470899992156774,268,172.593199997209,213.1640625,,0.2954796030871003,0,3,True,,,,"{""brotli"": 1}",10.018400033004582,,lt_16KiB,C:\Users\ss\Desktop\XAI\XAI\apps\public_nextjs\next-env.d.ts,bde3693e1919277f0d4f,f4e8976c19fc926644d72610bf1058bd6bf52add97e46a02bc0b912a751625c0,PASS,end_to_end_artifact,
True,19.3265306122449,hybrid-v3-final-140-v1,9.785400005057454,source_code,,True,947,3,0.0041300063971682135,90.5180999931569,0.006013588342356123,62.16593334102072,4.154199996264651,C:\Users\ss\Desktop\XAI\XAI\engines\XAI-Compress\results\hybrid_v2\benchmark.csv,7.1736999962013215,0.0039260282085587205,95.22099999594502,764,hybrid_v1,6.546299991896376,392,135.32679999480024,213.1640625,,0.4139387539598733,0,3,True,,,,"{""brotli"": 1}",17.87419998436235,,lt_16KiB,C:\Users\ss\Desktop\XAI\XAI\apps\web_angular\src\app\app.config.ts,3751e5d534b30709cc70,45ffaad4aeaab69c287b21b96deb8cddfa8cb6f9ca270a24dd4169e7dc88eb3c,PASS,end_to_end_artifact,
True,15.67251461988304,hybrid-v3-final-140-v1,7.522199972299859,source_code,,True,1005,3,0.006079045866692199,80.4788999860951,0.003707878560648373,131.94469999871217,4.807499994058162,C:\Users\ss\Desktop\XAI\XAI\engines\XAI-Compress\results\hybrid_v2\benchmark.csv,2.5394000113010406,0.005112407721063049,95.6956000009086,764,hybrid_v1,5.555199983064085,513,116.5037999744527,213.1640625,,0.5104477611940299,0,3,True,,,,"{""brotli"": 1}",12.902099988423288,,lt_16KiB,C:\Users\ss\Desktop\XAI\XAI\apps\public_nextjs\.next\server\middleware-build-manifest.js,3227da1dbc2dfac8e17f,d7900bd9987dd29c4a92a21f79d974d36c0ed78d922c14856cf7943295ba71d6,PASS,end_to_end_artifact,
True,15.015817223198594,hybrid-v3-final-140-v1,9.367899998323992,source_code,,True,1068,3,0.004010114589724894,135.31799999570163,0.007053189827974062,76.93550000355269,5.83159999223426,C:\Users\ss\Desktop\XAI\XAI\engines\XAI-Compress\results\hybrid_v2\benchmark.csv,4.365600005257875,0.004343909065166439,124.91990000125952,762,hybrid_v1,7.069500017678365,569,230.01379999914207,213.1640625,,0.5327715355805244,0,3,True,,,,"{""brotli"": 1}",17.2667000151705,,lt_16KiB,C:\Users\ss\Desktop\XAI\XAI\apps\web_angular\.angular\cache\20.3.28\xai-web\vite\deps\chunk-N2L2W5DK.js,e82ab03d226a655e5c2f,cc17dc1f9700b9c67043b7391a430658eb888a715aaa9cb188103677aaca442e,PASS,end_to_end_artifact,
True,12.236619718309859,hybrid-v3-final-140-v1,8.192599983885884,source_code,,True,1086,2,0.00624574165982066,108.41126667219214,0.0102705939808576,65.92693333125983,5.311900022206828,C:\Users\ss\Desktop\XAI\XAI\engines\XAI-Compress\results\hybrid_v2\benchmark.csv,2.279200009070337,0.0062275931389420515,108.72719998587854,763,hybrid_v1,4.742699995404109,710,151.95060000405647,213.1640625,,0.6537753222836096,0,3,True,,,,"{""brotli"": 1}",12.333800026681274,,lt_16KiB,C:\Users\ss\Desktop\XAI\XAI\apps\mobile_authenticator_flutter\test\totp_service_test.dart,2dcc3b9b19cb845ad6a1,920a9a96e5749591c9cd8b055ff143b5dd82f36e0e441f6d70401258762ef07e,PASS,end_to_end_artifact,
True,9.396188565697091,hybrid-v3-final-140-v1,4.9900000158231705,source_code,,True,1171,2,0.0105664745484716,89.98396665750381,0.011987237494007867,79.31880000978708,3.0660000047646463,C:\Users\ss\Desktop\XAI\XAI\engines\XAI-Compress\results\hybrid_v2\benchmark.csv,2.438099996652454,0.007848633553144309,121.1438000027556,763,hybrid_v1,5.05820001126267,997,125.06649998249486,213.1640625,,0.8514090520922288,0,3,True,,,,"{""brotli"": 1}",10.56230001267977,,lt_16KiB,C:\Users\ss\Desktop\XAI\XAI\apps\mobile_authenticator_flutter\lib\services\totp_service.dart,e6054482722e27c4eb52,56bb7d91b99883b6a6034fb0d9323ef5f64d98e5d83168c3b3e2bbc7adbb5961,PASS,end_to_end_artifact,
True,10.116523400191022,hybrid-v3-final-140-v1,7.2746999794617295,source_code,,True,1324,3,0.00902958029959174,110.58066666979964,0.012904835343489608,77.37386667092021,3.44770000083372,C:\Users\ss\Desktop\XAI\XAI\engines\XAI-Compress\results\hybrid_v2\benchmark.csv,2.6550000184215605,0.006837596892376154,146.0304000065662,764,hybrid_v1,6.159500015201047,1047,157.10199999739416,213.1640625,,0.790785498489426,0,3,True,,,,"{""brotli"": 1}",12.262200034456328,,lt_16KiB,C:\Users\ss\Desktop\XAI\XAI\apps\public_nextjs\app\pricing\page.tsx,ca528c2924b4d66a7016,87b6aa6f3f61cf2008b2ccfb1edf731dbdba519b7aa7cd203599234bd1302a90,PASS,end_to_end_artifact,
True,7.915492957746479,hybrid-v3-final-140-v1,7.849100016755983,source_code,,True,1124,3,0.01500657988520826,72.19326666866739,0.019186284566885366,56.46606666656832,4.817600012756884,C:\Users\ss\Desktop\XAI\XAI\engines\XAI-Compress\results\hybrid_v2\benchmark.csv,2.7633999998215586,0.015502993968640365,69.88160000764765,765,hybrid_v1,5.085400014650077,1136,117.09569999948144,213.1640625,,1.01067615658363,0,3,True,,,,"{""brotli"": 1}",12.66640002722852,,lt_16KiB,C:\Users\ss\Desktop\XAI\XAI\apps\mobile_authenticator_flutter\lib\models\authenticator_account.dart,d3b05331d36f10bb2338,47906d4e9c1fadbd84ae5815105769d9239c449886c93ae942ec76849cc5c375,PASS,end_to_end_artifact,
True,8.907504363001745,hybrid-v3-final-140-v1,16.93339998018928,source_code,,True,1276,2,0.007181378451124097,152.18676665487388,0.011817074128600747,92.48573333024979,7.607300009112805,C:\Users\ss\Desktop\XAI\XAI\engines\XAI-Compress\results\hybrid_v2\benchmark.csv,6.977700017159805,0.0058353837158055515,187.29029997484758,764,hybrid_v1,9.182399982819334,1146,217.95960000599734,213.1640625,,0.8981191222570533,0,3,True,,,,"{""brotli"": 1}",23.767400009091944,,lt_16KiB,C:\Users\ss\Desktop\XAI\XAI\analytics\XAI-Compress-Analysis-Suite\analysis_suite\common.py,af06e08a932131b2bd52,ce0eb8b1ba85ee57b94602fa7dffb3adb5bd24bba502b9d243a4b07e2b0dbd86,PASS,end_to_end_artifact,
True,8.903765690376568,hybrid-v3-final-140-v1,7.879799988586456,source_code,,True,1330,1,0.008737606767696823,130.4293999952885,0.017388220923859887,65.5409666748407,4.6913000114727765,C:\Users\ss\Desktop\XAI\XAI\engines\XAI-Compress\results\hybrid_v2\benchmark.csv,3.0402000120375305,0.006899019836512595,165.18880001967773,766,hybrid_v1,7.019299984676763,1195,194.38509998144582,213.1640625,,0.8984962406015038,0,3,True,,,,"{""brotli"": 1}",14.75080000818707,,lt_16KiB,C:\Users\ss\Desktop\XAI\XAI\apps\web_angular\src\app\pages\files.page.ts,af53b59784cf5fa3bd54,da67ea12c91801f10dd8255aea339e7d3d6c29ec3388aed4a2aa3f5788fed17a,PASS,end_to_end_artifact,
True,9.277088502894955,hybrid-v3-final-140-v1,5.226800014497712,source_code,,True,1402,2,0.011828048446126792,97.47950000261578,0.016297992565703308,70.744433333554,3.6937999830115587,C:\Users\ss\Desktop\XAI\XAI\engines\XAI-Compress\results\hybrid_v2\benchmark.csv,1.975399994989857,0.009327646494402757,123.61019998206757,765,hybrid_v1,4.604100016877055,1209,146.07420001993887,213.1640625,,0.862339514978602,0,3,True,,,,"{""brotli"": 1}",10.273299994878471,,lt_16KiB,C:\Users\ss\Desktop\XAI\XAI\engines\XAI-Compress\results\model_search\imports\auto\lr-0-0002-f316e33308\v1\XAI-Compress\scripts\kaggle\submit_v2_lr_0002_diagnostic.ps1,aa14e7284e6e012d372f,f1cc3850676d33b3b1deb8f9539c4b5609c58cbfa463e6ee2029f4c285702291,PASS,end_to_end_artifact,
True,9.313531353135314,hybrid-v3-final-140-v1,5.107500008307397,source_code,,True,1411,2,0.008415275747479554,137.35180000852174,0.015399844178369527,75.05616667913273,3.5398000036366284,C:\Users\ss\Desktop\XAI\XAI\engines\XAI-Compress\results\hybrid_v2\benchmark.csv,1.9066999957431108,0.006454814313859599,179.0684000006877,766,hybrid_v1,4.845400020712987,1212,209.94890001020394,213.1640625,,0.8589652728561304,0,3,True,,,,"{""brotli"": 1}",10.291900020092726,,lt_16KiB,C:\Users\ss\Desktop\XAI\XAI\apps\public_nextjs\app\docs\page.tsx,f34def9fb472356e4ee0,9f009eb9fe78123ba150c0dd17cdb81ac5617ce62490cd39e8d25985559532a5,PASS,end_to_end_artifact,
True,9.013720742534302,hybrid-v3-final-140-v1,10.355800011893734,source_code,,True,1396,1,0.00786301121568145,150.27353333425708,0.007705948998527738,153.3364000012322,5.743199988501146,C:\Users\ss\Desktop\XAI\XAI\engines\XAI-Compress\results\hybrid_v2\benchmark.csv,4.029500007163733,0.006893902491253753,171.39820000738837,765,hybrid_v1,7.5662999879568815,1239,241.9993999938015,213.1640625,,0.8875358166189111,0,3,True,,,,"{""brotli"": 1}",17.33899998362176,,lt_16KiB,C:\Users\ss\Desktop\XAI\XAI\engines\XAI-Compress\results\model_search\imports\auto\lr-0-0002-f316e33308\v1\XAI-Compress\scripts\kaggle\submit_activation_diagnostic.ps1,c3c9844aee9863dd7af6,e7ac9eff8361b426da90eb20526f500c8707721d7def73511aac18e32b8d66a6,PASS,end_to_end_artifact,
True,7.194244604316546,hybrid-v3-final-140-v1,8.64360001287423,source_code,,True,1250,3,0.013354930645559504,99.25976667242746,0.00542615271605054,244.29966666502878,4.799999995157123,C:\Users\ss\Desktop\XAI\XAI\engines\XAI-Compress\results\hybrid_v2\benchmark.csv,2.470499981427565,0.010162504884545948,130.4410000157077,764,hybrid_v1,5.858399992575869,1390,136.58489999943413,213.1640625,,1.112,0,3,True,,,,"{""brotli"": 1}",13.128899969160557,,lt_16KiB,C:\Users\ss\Desktop\XAI\XAI\analytics\XAI-Compress-Analysis-Suite\run_analysis_windows.bat,e1347c6d4abccf03a43d,f2ca5ca64ca5873c1345449c0665e5e2bd8c4522ded6f4a17f4c4e8f8764b488,PASS,end_to_end_artifact,
True,8.689265536723164,hybrid-v3-final-140-v1,6.413299997802824,source_code,,True,1538,3,0.014953931621922824,90.30420000393254,0.028703637937936552,47.04640000515307,5.494900018675253,C:\Users\ss\Desktop\XAI\XAI\engines\XAI-Compress\results\hybrid_v2\benchmark.csv,3.512600000249222,0.013258949891291371,101.84839999419637,764,hybrid_v1,7.554399984655902,1416,136.73900000867434,213.1640625,,0.9206762028608583,0,3,True,,,,"{""brotli"": 1}",16.561900003580377,,lt_16KiB,C:\Users\ss\Desktop\XAI\XAI\apps\public_nextjs\app\architecture\page.tsx,bcc29aefa82f2fc182c3,9f1f13936eb78010569cab00bafa75d6ea360126f769dbe3c6f819a19bb26f07,PASS,end_to_end_artifact,
True,6.395209580838324,hybrid-v3-final-140-v1,5.783600005088374,source_code,,True,1335,2,0.010723888301379377,148.51293333534463,0.01878887795617181,84.76483332924545,8.3487999800127,C:\Users\ss\Desktop\XAI\XAI\engines\XAI-Compress\results\hybrid_v2\benchmark.csv,2.145100006600842,0.0113910816592671,139.81429999694228,763,hybrid_v1,11.322600010316819,1670,261.423999996623,213.1640625,,1.250936329588015,0,3,True,,,,"{""brotli"": 1}",21.81649999693036,,lt_16KiB,C:\Users\ss\Desktop\XAI\XAI\apps\desktop_flutter\lib\models\app_models.dart,3302eb1afa92cfba09db,004e1f42db89fe8c1cece5b29efc3c2c268ec9f623731690c6a45e0e9a7c8597,PASS,end_to_end_artifact,
True,6.520646319569121,hybrid-v3-final-140-v1,11.388299986720085,source_code,,True,1362,3,0.011480301120015171,138.81080000040433,0.019273355600867542,82.68356666667387,6.995200004894286,C:\Users\ss\Desktop\XAI\XAI\engines\XAI-Compress\results\hybrid_v2\benchmark.csv,4.728700005216524,0.008912395459987418,178.80600001080893,764,hybrid_v1,7.467599993105978,1671,197.79609999386594,213.1640625,,1.2268722466960353,0,3,True,,,,"{""brotli"": 1}",19.191500003216788,,lt_16KiB,C:\Users\ss\Desktop\XAI\XAI\apps\public_nextjs\.next\types\routes.d.ts,f99b6bb11feb9d915422,1419675c566fc08d2c3578b19e3dcb1dff0ac9fc2266cd1c84453560545fd828,PASS,end_to_end_artifact,
True,6.241322314049587,hybrid-v3-final-140-v1,15.415400004712865,source_code,,True,1416,3,0.021040897155607877,82.2645000104482,0.041693316581524975,41.51549999369308,12.791800021659583,C:\Users\ss\Desktop\XAI\XAI\engines\XAI-Compress\results\hybrid_v2\benchmark.csv,10.512100008782,0.020852786214185626,83.00660000531934,764,hybrid_v1,11.704300006385893,1815,94.51540000736713,213.1640625,,1.2817796610169492,0,3,True,,,,"{""brotli"": 1}",35.008200036827475,,lt_16KiB,C:\Users\ss\Desktop\XAI\XAI\apps\mobile_authenticator_flutter\lib\models\totp_enrollment.dart,40427eff7bca38574998,c2bf4c09ed6a0c194d062580155815c7795d2cd7b17215d17f3b6fbeed03cbca,PASS,end_to_end_artifact,
True,6.388154415653093,hybrid-v3-final-140-v1,6.57090000458993,source_code,,True,1510,3,0.013160678562330521,137.0292666736835,0.02836490531325782,63.578499995249636,5.414200015366077,C:\Users\ss\Desktop\XAI\XAI\engines\XAI-Compress\results\hybrid_v2\benchmark.csv,4.07140000606887,0.01243669672213563,145.00620000762865,762,hybrid_v1,6.46720000077039,1891,200.85049999761395,213.1640625,,1.252317880794702,0,3,True,,,,"{""brotli"": 1}",15.952800022205338,,lt_16KiB,C:\Users\ss\Desktop\XAI\XAI\engines\XAI-Compress\results\model_search\imports\auto\lr-0-0002-f316e33308\v1\XAI-Compress\scripts\kaggle\deploy.ps1,c68f5cb0f6b58db64c57,644b73ae20b0422cd32ce0913b28260adc2f703b2f7a1e323d0925761941c082,PASS,end_to_end_artifact,
True,5.5327102803738315,hybrid-v3-final-140-v1,8.713899995200336,source_code,,True,1332,3,0.0145323544402242,126.39223334069054,0.017899167137529044,102.61800000444055,9.391500003403053,C:\Users\ss\Desktop\XAI\XAI\engines\XAI-Compress\results\hybrid_v2\benchmark.csv,2.685499988729134,0.012191705402930042,150.65789999789558,764,hybrid_v1,6.153199996333569,1926,191.22910001897253,213.1640625,,1.445945945945946,0,3,True,,,,"{""brotli"": 1}",18.230199988465756,,lt_16KiB,C:\Users\ss\Desktop\XAI\XAI\apps\web_angular\.angular\cache\20.3.28\xai-web\vite\deps\@angular_platform-browser.js,437449734e245885bdcf,e2fe25e6fad9136a90294b68c08624af73126184773b62920f03fff7aaf1a08b,PASS,end_to_end_artifact,
True,5.3204734765453745,hybrid-v3-final-140-v1,7.268899993505329,source_code,,True,1517,2,0.018430927577167255,118.02613333566114,0.0320390387081991,67.89626666189481,10.216700000455603,C:\Users\ss\Desktop\XAI\XAI\engines\XAI-Compress\results\hybrid_v2\benchmark.csv,2.5501000054646283,0.013844140082752837,157.1301000076346,766,hybrid_v1,7.377800007816404,2281,159.79249999509193,213.1640625,,1.5036255767963085,0,3,True,,,,"{""brotli"": 1}",20.144600013736635,,lt_16KiB,C:\Users\ss\Desktop\XAI\XAI\engines\XAI-Compress\measure_block_benchmark.py,0f0daf031d676ef8bbf4,82eab2162108fff780aef6b53f3caa70c781dc5e8164c664f08b2530dd2caa69,PASS,end_to_end_artifact,
True,5.34368262181975,hybrid-v3-final-140-v1,11.15649999701418,source_code,,True,1549,2,0.018434851351906048,119.96683333806384,0.034129915456390617,64.79860000157107,11.402100004488602,C:\Users\ss\Desktop\XAI\XAI\engines\XAI-Compress\results\hybrid_v2\benchmark.csv,7.090800005244091,0.021333678740439777,103.66569997859187,766,hybrid_v1,11.444899981142953,2319,165.6389000127092,213.1640625,,1.4970948999354423,0,3,True,,,,"{""brotli"": 1}",29.937799990875646,,lt_16KiB,C:\Users\ss\Desktop\XAI\XAI\apps\admin_dotnet\Services\PlatformApiClient.cs,0d2d1d7dc57adc8c4df6,b4a3b4de87c0381e6952dea515d9904f97fdbfbf6cd24f523f961b012ae30e82,PASS,end_to_end_artifact,
True,4.344193817878028,hybrid-v3-final-140-v1,5.186699971091002,source_code,,True,1300,2,0.014968905024052672,152.52260000367338,0.033168035767765065,68.83423334026399,5.142899986822158,C:\Users\ss\Desktop\XAI\XAI\engines\XAI-Compress\results\hybrid_v2\benchmark.csv,2.2766000183764845,0.014151654417688843,161.3307000079658,765,hybrid_v1,4.346300003817305,2394,271.8012999976054,213.1640625,,1.8415384615384616,0,3,True,,,,"{""brotli"": 1}",11.765800009015948,,lt_16KiB,C:\Users\ss\Desktop\XAI\XAI\apps\mobile_authenticator_flutter\android\app\src\main\java\io\flutter\plugins\GeneratedPluginRegistrant.java,f03df6e2a8c5298d2e1c,d0390890b5e47f05126afe9e4b941e769541ae83641d25283335f876bba2ef74,PASS,end_to_end_artifact,
True,5.970233876683204,hybrid-v3-final-140-v1,5.8419999841134995,source_code,,True,2106,2,0.021577927778410885,124.72323332137118,0.0442228083383046,60.85703332792036,10.658399987732992,C:\Users\ss\Desktop\XAI\XAI\engines\XAI-Compress\results\hybrid_v2\benchmark.csv,2.2419000160880387,0.01608980286368092,167.26550000021234,766,hybrid_v1,6.179999996675178,2822,173.10649997671135,213.1640625,,1.3399810066476734,0,3,True,,,,"{""brotli"": 1}",19.08030000049621,,lt_16KiB,C:\Users\ss\Desktop\XAI\XAI\engines\XAI-Compress\results\model_search\imports\auto\lr-0-0002-f316e33308\v1\XAI-Compress\scripts\kaggle\run_lossless_v2_gradient_diagnostic.py,0d576738205abc00ed6e,02fc7184e5f4925d1f9d436666221ff453dded343354cd203f74e279162bf770,PASS,end_to_end_artifact,
True,4.632426988922457,hybrid-v3-final-140-v1,4.920699982903898,source_code,,True,2300,3,0.022851804809106275,165.76346666746153,0.039683506292083504,95.45513334645268,7.504000008339062,C:\Users\ss\Desktop\XAI\XAI\engines\XAI-Compress\results\hybrid_v2\benchmark.csv,1.8087000062223524,0.02464053507347486,153.73019999242388,766,hybrid_v1,6.0486999864224344,3972,315.2985000051558,213.1640625,,1.7269565217391305,0,3,True,,,,"{""brotli"": 1}",15.36140000098385,,lt_16KiB,C:\Users\ss\Desktop\XAI\XAI\engines\XAI-Compress\results\model_search\imports\auto\lr-0-0002-f316e33308\v1\XAI-Compress\scripts\build_three_mode_report.py,9bfffccf3eb1ba81df60,24e42c636e241f83c64da3f49553fff5b64a73c821a1afb314a96d21a4d64089,PASS,end_to_end_artifact,
True,4.370420932878271,hybrid-v3-final-140-v1,12.380700005451217,source_code,,True,2401,2,0.027513188822720552,152.34143332539438,0.04882528695323923,85.84483332621555,13.23359998059459,C:\Users\ss\Desktop\XAI\XAI\engines\XAI-Compress\results\hybrid_v2\benchmark.csv,8.732299989787862,0.023690698316513426,176.9217000110075,764,hybrid_v1,18.22810000157915,4395,215.4920999892056,213.1640625,,1.8304872969596002,0,3,True,,,,"{""brotli"": 1}",40.1939999719616,,lt_16KiB,C:\Users\ss\Desktop\XAI\XAI\engines\XAI-Compress\results\model_search\imports\auto\lr-0-0002-f316e33308\v1\XAI-Compress\scripts\generate_report.py,2da37eefbc61febd2975,2b6d691c2c6b2458a8121f0313ca8ba8363894b3da29602ac6d9cda6b7b2203e,PASS,end_to_end_artifact,
True,3.9118046132971505,hybrid-v3-final-140-v1,7.50869998591952,source_code,,True,2883,2,0.03178601703484957,176.89739999089701,0.08014721002775563,70.1566999972177,11.679700022796169,C:\Users\ss\Desktop\XAI\XAI\engines\XAI-Compress\results\hybrid_v2\benchmark.csv,2.761000010650605,0.023358154737910315,240.72380000143312,765,hybrid_v1,7.630100008100271,5896,248.156999994535,213.1640625,,2.0450919181408254,0,3,True,,,,"{""brotli"": 1}",22.070800041547045,,lt_16KiB,C:\Users\ss\Desktop\XAI\XAI\analytics\XAI-Compress-Analysis-Suite\generate_report.py,14d03c12483022a2865d,78eeb90cc75d0f4eb14da131f2857553bdf32446b2f28b9a86944e7da0ab22dc,PASS,end_to_end_artifact,
True,1.0525134290066545,hybrid-v3-final-140-v1,13.871300005121157,source_code,,True,1641,2,0.04936005690787128,240.98796666172953,0.1357753086520042,87.60930000183482,81.50159998331219,C:\Users\ss\Desktop\XAI\XAI\engines\XAI-Compress\results\hybrid_v2\benchmark.csv,6.798499991418794,0.04176731078312576,284.7963999956846,765,hybrid_v1,9.382099990034476,12473,307.4081999948248,213.1640625,,7.600853138330287,0,3,True,,,,"{""brotli"": 1}",97.68219996476546,,lt_16KiB,C:\Users\ss\Desktop\XAI\XAI\apps\public_nextjs\.next\server\app\page_client-reference-manifest.js,d70e480f35e3d065646a,ccfeea95fd7f84d8ecf0e5bd8dfa381a2613732c24060e2c80da252ea747385c,PASS,end_to_end_artifact,
True,2.507039480161465,hybrid-v3-final-140-v1,7.081599993398413,source_code,,True,6366,1,0.05088727529750362,380.7030333264265,0.21688724728062952,89.32263333311614,81.17399999173358,C:\Users\ss\Desktop\XAI\XAI\engines\XAI-Compress\results\hybrid_v2\benchmark.csv,2.755199995590374,0.052021760602403516,372.4006999982521,766,hybrid_v1,13.310999987879768,20314,645.5677000049036,213.1640625,,3.191014765944078,0,3,True,,,,"{""brotli"": 1}",97.24019997520372,,16_64KiB,C:\Users\ss\Desktop\XAI\XAI\apps\public_nextjs\.next\server\webpack-runtime.js,0ff9b372da6fcecbdc8a,1bc2b0798288ecd2ff4a1ee534cdda619a4058241b31c5581daf392006faaa0f,PASS,end_to_end_artifact,
True,2.764125974741105,hybrid-v3-final-140-v1,10.784200014313683,source_code,,True,38903,2,0.13028060187942864,824.205633320768,1.853129899477578,57.94413333448271,145.46629998949356,C:\Users\ss\Desktop\XAI\XAI\engines\XAI-Compress\results\hybrid_v2\benchmark.csv,4.227099998388439,0.0963140023785874,1114.8742999939714,767,hybrid_v1,46.63399999844842,112594,1123.0014999746345,213.1640625,,2.8942240958280854,0,3,True,,,,"{""brotli"": 1}",196.32739998633042,,64KiB_1MiB,C:\Users\ss\Desktop\XAI\XAI\apps\public_nextjs\.next\static\chunks\polyfills.js,8abb57b457777e88f55e,0973c1d64c88adc8e3c950410cb58b288f72118d5965b78049438deb8f2f9683,PASS,end_to_end_artifact,
True,1.3112475385150006,hybrid-v3-final-140-v1,8.491800021147355,source_code,,True,28300,2,0.35288907685004295,466.6095333426104,3.6321220902866154,45.33476666741384,142.49980001477525,C:\Users\ss\Desktop\XAI\XAI\engines\XAI-Compress\results\hybrid_v2\benchmark.csv,3.667499986477196,0.2800784190323315,587.9117999866139,768,hybrid_v1,18.636299995705485,172660,622.7242000168189,213.1640625,,6.1010600706713785,0,3,True,,,,"{""brotli"": 1}",164.80359999695793,,64KiB_1MiB,C:\Users\ss\Desktop\XAI\XAI\apps\web_angular\.angular\cache\20.3.28\xai-web\vite\deps\chunk-RSS3ODKE.js,0cbec22b5580244ca3cd,9e031c792628e3cf941c0005dbf48c55224dbae87e99f747998cc7e2ee136ee8,PASS,end_to_end_artifact,
True,1.5942649183445803,hybrid-v3-final-140-v1,10.806099977344275,source_code,,True,43588,1,0.24397848252068838,854.9584333280412,2.874360252156469,72.56969999677192,240.25570001685992,C:\Users\ss\Desktop\XAI\XAI\engines\XAI-Compress\results\hybrid_v2\benchmark.csv,7.696400018176064,0.21554859381854743,967.7235999843106,767,hybrid_v1,41.20599999441765,218724,1261.7066999955568,213.1640625,,5.017986601817014,0,3,True,,,,"{""brotli"": 1}",289.15810002945364,,64KiB_1MiB,C:\Users\ss\Desktop\XAI\XAI\apps\web_angular\.angular\cache\20.3.28\xai-web\vite\deps\@angular_router.js,0176cdda1aac09477d97,2ca20fd23b2105de3f4c4f2a05ff0fb88b02f5942651b40d75fa273c69763a2d,PASS,end_to_end_artifact,
True,62.61818181818182,hybrid-v3-final-140-v1,11.38010001159273,text,,True,861,3,0.001730367675762863,60.62536666286178,0.0017784638937543766,58.985833321154736,3.182800021022558,C:\Users\ss\Desktop\XAI\XAI\engines\XAI-Compress\results\hybrid_v2\benchmark.csv,4.170100000919774,0.0018607982279448651,56.375899992417544,764,hybrid_v1,2.1087999921292067,110,94.5435999892652,213.1640625,,0.12775842044134728,0,3,True,,,,"{""brotli"": 1}",9.461700014071539,,lt_16KiB,C:\Users\ss\Desktop\XAI\XAI\engines\XAI-Compress\requirements.txt,0ebdf4283c5b6a0215ac,12d5e52979bac2507069908c31ce1fcd3b5c50a53bb359f4a43817ab410dc405,PASS,end_to_end_artifact,
True,6.348583877995643,hybrid-v3-final-140-v1,9.813000011490658,text,,True,1457,3,0.016516494315856944,106.01196667024244,0.02735643747387236,64.00490000184315,8.432100003119558,C:\Users\ss\Desktop\XAI\XAI\engines\XAI-Compress\results\hybrid_v2\benchmark.csv,3.842499980237335,0.01502166278749093,116.5614000055939,764,hybrid_v1,6.090100010624155,1836,161.7755000188481,213.1640625,,1.260123541523679,0,3,True,,,,"{""brotli"": 1}",18.36469999398105,,lt_16KiB,C:\Users\ss\Desktop\XAI\XAI\apps\desktop_flutter\windows\runner\CMakeLists.txt,4bb6ea144fbc0976bcbe,d765fdd05f63ad099e585a2cced0cbff13ec3229b7de68c8681b2107db850089,PASS,end_to_end_artifact,
True,8.006665017627503,hybrid-v3-final-140-v1,11.30170002579689,video,,True,1472790,2,0.9658684523310018,1452.985433328043,17.55386379359657,79.94779999717139,416.0639000183437,C:\Users\ss\Desktop\XAI\XAI\engines\XAI-Compress\results\hybrid_v2\benchmark.csv,9.719399968162179,1.293651315733923,1084.8307999840472,1226,hybrid_v1,86.79199998732656,1471564,2698.4573999943677,213.1640625,,0.9991675663197062,0,3,True,,,,"{""raw"": 2}",512.5752999738324,,1_10MiB,C:\Users\ss\Desktop\XAI\XAI\engines\XAI-Compress\data\test\archive (1)\FaceForensics++_C23\DeepFakeDetection\02_09__walk_down_hall_angry__6KUOFMZW.mp4,48e21ec2f07a239cb0db,f0af6d9d362282406052f328451863fbc680c84411dbbfb4d4acc2209913fc2f,PASS,end_to_end_artifact,
True,8.006269544423324,hybrid-v3-final-140-v1,6.115800002589822,video,,True,1566891,3,1.3374304692425845,1116.4195666691132,13.654040886336404,109.35470000064622,327.3767000355292,C:\Users\ss\Desktop\XAI\XAI\engines\XAI-Compress\results\hybrid_v2\benchmark.csv,6.229199992958456,1.2561435911198935,1188.664700021036,1227,hybrid_v1,49.911400012206286,1565664,1725.9618999960367,213.1640625,,0.999216920640938,0,3,True,,,,"{""raw"": 2}",383.51730004069395,,1_10MiB,C:\Users\ss\Desktop\XAI\XAI\engines\XAI-Compress\data\test\archive (1)\FaceForensics++_C23\DeepFakeDetection\02_18__walk_down_hall_angry__B95S4G6F.mp4,75ac8e38c89544f86012,29ae66520a76297fb9202e7574e69be6d9946f0c1b0765fb4c3bfdd430a3ca51,PASS,end_to_end_artifact,
True,8.005951878865186,hybrid-v3-final-140-v1,6.100399972638115,video,,True,1649109,2,1.252404381038016,1254.8213000021253,11.406565132268437,137.77536666990878,277.61640000971965,C:\Users\ss\Desktop\XAI\XAI\engines\XAI-Compress\results\hybrid_v2\benchmark.csv,5.1269000105094165,1.0202969455639466,1540.2807000209577,1226,hybrid_v1,51.402000011876225,1647883,1853.4533999918494,213.1640625,,0.9992565682438214,0,3,True,,,,"{""raw"": 2}",334.1453000321053,,1_10MiB,C:\Users\ss\Desktop\XAI\XAI\engines\XAI-Compress\data\test\archive (1)\FaceForensics++_C23\DeepFakeDetection\02_18__exit_phone_room__OXMEEFUQ.mp4,f887056a858ef5d79853,14dd6934fc7bb1bcc957d1268c8011dfe9e73ae530c960ebbbf0bb1d61cf8f34,PASS,end_to_end_artifact,
True,8.00514876290928,hybrid-v3-final-140-v1,7.324200065340847,video,,True,2610461,3,1.4638959738283124,1699.5254000163793,16.970449266549515,146.6035666720321,498.5023000044748,C:\Users\ss\Desktop\XAI\XAI\engines\XAI-Compress\results\hybrid_v2\benchmark.csv,8.642699976917356,1.406729716398144,1768.5902000230271,1679,hybrid_v1,95.05580001859926,2608782,2670.72530000587,213.1640625,,0.9993568185849167,0,3,True,,,,"{""raw"": 3}",602.2007999999914,,1_10MiB,C:\Users\ss\Desktop\XAI\XAI\engines\XAI-Compress\data\test\archive (1)\FaceForensics++_C23\DeepFakeDetection\03_26__walk_down_hall_angry__WBSXBL82.mp4,84dcd2e350a766eef717,a5851c69fc24e31cb054a87440e8e56ccca46267acbde202d5809bb8d66a5d43,PASS,end_to_end_artifact,
True,8.00507773293892,hybrid-v3-final-140-v1,5.573500005993992,video,,True,2646954,3,1.6746890186369487,1506.3876333200217,36.34728875372582,69.40629999735393,436.3113999716006,C:\Users\ss\Desktop\XAI\XAI\engines\XAI-Compress\results\hybrid_v2\benchmark.csv,8.650299976579845,2.1033008733757144,1199.4150999817066,1679,hybrid_v1,80.48130001407117,2645275,2745.0365999829955,213.1640625,,0.9993656859922764,0,3,True,,,,"{""raw"": 3}",525.4429999622516,,1_10MiB,C:\Users\ss\Desktop\XAI\XAI\engines\XAI-Compress\data\test\archive (1)\FaceForensics++_C23\DeepFakeDetection\05_16__walk_down_hall_angry__U9WZI5LK.mp4,b46249238a82a1760029,cc04fc7516807fbf54504d208596ce2f7346ae423b220dfeec52279c09185d82,PASS,end_to_end_artifact,
True,8.004974195987328,hybrid-v3-final-140-v1,5.618399998638779,video,,True,2697187,3,1.6697784800390048,1539.509366673883,22.570906026432663,113.89173333494303,384.2099999601487,C:\Users\ss\Desktop\XAI\XAI\engines\XAI-Compress\results\hybrid_v2\benchmark.csv,7.459800021024421,1.4668177456933833,1752.5283000140917,1676,hybrid_v1,71.66029998916201,2695511,2345.176500006346,213.1640625,,0.99937861186488,0,3,True,,,,"{""raw"": 3}",463.33009997033514,,1_10MiB,C:\Users\ss\Desktop\XAI\XAI\engines\XAI-Compress\data\test\archive (1)\FaceForensics++_C23\DeepFakeDetection\03_14__walk_down_hall_angry__P1L5PF4I.mp4,cfa60713b94c4cf8ad0a,408c7b8655b03b3ce3d1d403181e80edc52d648cb3ba1a247424c3609bdc6429,PASS,end_to_end_artifact,
True,8.004706150786498,hybrid-v3-final-140-v1,8.506199985276908,video,,True,2859218,3,2.963113781317091,919.6945666626561,35.011153383351235,77.8369000084543,400.3676999709569,C:\Users\ss\Desktop\XAI\XAI\engines\XAI-Compress\results\hybrid_v2\benchmark.csv,8.937300008255988,2.5609266507259045,1064.130299986573,1681,hybrid_v1,79.40489996690303,2857537,1148.6998999898788,213.1640625,,0.9994120770084688,0,3,True,,,,"{""raw"": 3}",488.7098999461159,,1_10MiB,C:\Users\ss\Desktop\XAI\XAI\engines\XAI-Compress\data\test\archive (1)\FaceForensics++_C23\DeepFakeDetection\02_01__walking_outside_cafe_disgusted__YVGY8LOK.mp4,040d6cd1913e63d0bf50,f01e4a60919decb3f1e770d293f3516b3c62049da8d36a9c3f8c5332060be9a1,PASS,end_to_end_artifact,
True,8.004424343397725,hybrid-v3-final-140-v1,4.187799961073324,video,,True,3030373,3,2.472420578062612,1168.244399993758,36.68980562017674,78.72463333963726,289.8366999870632,C:\Users\ss\Desktop\XAI\XAI\engines\XAI-Compress\results\hybrid_v2\benchmark.csv,4.994200018700212,2.0126713481081384,1435.1033999992069,1675,hybrid_v1,55.5412000103388,3028698,1678.6174000008032,213.1640625,,0.9994472627627028,0,3,True,,,,"{""raw"": 3}",350.3721000161022,,1_10MiB,C:\Users\ss\Desktop\XAI\XAI\engines\XAI-Compress\data\test\archive (1)\FaceForensics++_C23\DeepFakeDetection\04_13__walking_outside_cafe_disgusted__00T3UYOR.mp4,916ee0944afa41eaebe4,e45539660fa691cb798d554cb5c32a1b53c0aeea90430ba1d1f8a759c5f2a378,PASS,end_to_end_artifact,
True,8.0043885302515,hybrid-v3-final-140-v1,10.121800034539774,video,,True,3056913,3,2.9741560331324504,979.673233339175,34.44620399234628,84.5870000096814,307.5620999734383,C:\Users\ss\Desktop\XAI\XAI\engines\XAI-Compress\results\hybrid_v2\benchmark.csv,7.711099984589964,3.4251076479196945,850.6889000127558,1676,hybrid_v1,78.34430001094006,3055237,1640.6332000042312,213.1640625,,0.999451734478541,0,3,True,,,,"{""raw"": 3}",393.61749996896833,,1_10MiB,C:\Users\ss\Desktop\XAI\XAI\engines\XAI-Compress\data\test\archive (1)\FaceForensics++_C23\DeepFakeDetection\04_27__walking_outside_cafe_disgusted__2CCI2ND1.mp4,5fbf7e5d425ea2cedf79,45f029b538142ab49988b4e2d7447d10a90eb3773253a6757e42a527eea87c66,PASS,end_to_end_artifact,
True,8.00438048090062,hybrid-v3-final-140-v1,4.768699989654124,video,,True,3068009,3,2.4073290438234802,1214.7405333428953,15.433648004369298,189.47433333960362,269.1645000013523,C:\Users\ss\Desktop\XAI\XAI\engines\XAI-Compress\results\hybrid_v2\benchmark.csv,5.217600002652034,1.8876114879023438,1549.196000007214,1679,hybrid_v1,54.31400000816211,3066330,1711.2332000106107,213.1640625,,0.9994527395454186,0,3,True,,,,"{""raw"": 3}",328.6961000121664,,1_10MiB,C:\Users\ss\Desktop\XAI\XAI\engines\XAI-Compress\data\test\archive (1)\FaceForensics++_C23\DeepFakeDetection\01_12__outside_talking_pan_laughing__TNI7KUZ6.mp4,8e0163f8d08517f2bfbd,88b8db1465ace10c9863a4e0d75507036f412b3d3d749742b35ecccbaf597cad,PASS,end_to_end_artifact,
True,8.004908507041865,hybrid-v3-final-140-v1,5.110299942316487,video,,True,3473654,3,2.265523857884079,1461.341166665079,32.76071920894636,101.05710001274322,409.96829999494366,C:\Users\ss\Desktop\XAI\XAI\engines\XAI-Compress\results\hybrid_v2\benchmark.csv,7.028600026387721,3.067395616839983,1079.3205999943893,2130,hybrid_v1,71.09559999662451,3471524,2758.6517999880016,213.1640625,,0.9993868128489481,0,3,True,,,,"{""raw"": 4}",488.0925000179559,,1_10MiB,C:\Users\ss\Desktop\XAI\XAI\engines\XAI-Compress\data\test\archive (1)\FaceForensics++_C23\DeepFakeDetection\01_02__talking_against_wall__YVGY8LOK.mp4,7949ac89c2483924ee9c,3721e67674ed9b62636caf4c2ab00c63830fe68902248e6990cb0abd9795683c,PASS,end_to_end_artifact,
True,8.004654560075783,hybrid-v3-final-140-v1,5.022800003644079,video,,True,3663056,3,1.7597487904645026,1983.9940333428483,5.63086313941236,620.0347999983933,363.43580001266673,C:\Users\ss\Desktop\XAI\XAI\engines\XAI-Compress\results\hybrid_v2\benchmark.csv,6.924699962837622,1.3712321646077297,2546.1269000079483,2130,hybrid_v1,71.60100003238767,3660926,2911.187300021993,213.1640625,,0.9994185183082104,0,3,True,,,,"{""raw"": 4}",441.961500007892,,1_10MiB,C:\Users\ss\Desktop\XAI\XAI\engines\XAI-Compress\data\test\archive (1)\FaceForensics++_C23\DeepFakeDetection\02_27__walking_down_street_outside_angry__3L1MLH3D.mp4,e24ad89f350ae852f7b8,190e2a8be915b09b5753e7b20f3ce77286f7b5b40b74a7adfb6e0b09abd6103b,PASS,end_to_end_artifact,
True,8.004313974155107,hybrid-v3-final-140-v1,5.3270000498741865,video,,True,3955795,2,2.867689917378958,1314.823766675545,36.456470913157,103.42490000766702,418.37519995169714,C:\Users\ss\Desktop\XAI\XAI\engines\XAI-Compress\results\hybrid_v2\benchmark.csv,7.349699968472123,3.234346630427501,1165.7707999984268,2132,hybrid_v1,72.73469999199733,3953663,2227.074200025527,213.1640625,,0.9994610438609686,0,3,True,,,,"{""raw"": 4}",498.4595999121666,,1_10MiB,C:\Users\ss\Desktop\XAI\XAI\engines\XAI-Compress\data\test\archive (1)\FaceForensics++_C23\DeepFakeDetection\03_11__exit_phone_room__P08VGHTA.mp4,e1d9664ac99aeab9bd8f,0acfa05686c2034d3347833b66c1c52b5812523dd08282ca7bcb35d8d27d2c50,PASS,end_to_end_artifact,
True,8.004163702546576,hybrid-v3-final-140-v1,5.0023999938275665,video,,True,4092719,3,2.6055133514378412,1497.2445333260112,28.851268585722227,135.21383333136328,412.01529998215847,C:\Users\ss\Desktop\XAI\XAI\engines\XAI-Compress\results\hybrid_v2\benchmark.csv,7.116900000255555,2.0935088308533687,1863.4220999956597,2129,hybrid_v1,74.7962000023108,4090590,2077.072699990822,213.1640625,,0.9994798079223127,0,3,True,,,,"{""raw"": 4}",493.9283999847248,,1_10MiB,C:\Users\ss\Desktop\XAI\XAI\engines\XAI-Compress\data\test\archive (1)\FaceForensics++_C23\DeepFakeDetection\06_03__talking_against_wall__4I8LRXWF.mp4,c4a941def8a08ccf229a,9eff880322c51c3f93a98b106c6485f4d624e650925dc8aba88ce1c110da74d0,PASS,end_to_end_artifact,
True,8.004534013991286,hybrid-v3-final-140-v1,6.319300038740039,video,,True,4560134,1,4.6166130781177035,941.4735999889672,58.3002715403547,74.55230000778101,732.7399000059813,C:\Users\ss\Desktop\XAI\XAI\engines\XAI-Compress\results\hybrid_v2\benchmark.csv,12.65729995793663,4.6166130781177035,941.4735999889672,2583,hybrid_v1,121.64809997193515,4557551,941.4735999889672,213.1640625,,0.9994335692766924,0,1,True,,,,"{""raw"": 5}",867.0452999358531,,1_10MiB,C:\Users\ss\Desktop\XAI\XAI\engines\XAI-Compress\data\test\archive (1)\FaceForensics++_C23\DeepFakeDetection\06_12__outside_talking_still_laughing__3K21NFNM.mp4,f87b4ba16c61fc6e0d45,86152c4a562d4568d38b080206917fcc1174e478d555a1993f31be75db87a7e1,PASS,end_to_end_artifact,
True,8.004101718479976,hybrid-v3-final-140-v1,5.415499996161088,video,,True,5028763,1,8.01528848247617,598.0251999862958,77.03740694733594,62.22100000013597,449.0810999996029,C:\Users\ss\Desktop\XAI\XAI\engines\XAI-Compress\results\hybrid_v2\benchmark.csv,8.371400006581098,8.01528848247617,598.0251999862958,2577,hybrid_v1,83.33200006745756,5026186,598.0251999862958,213.1640625,,0.9994875479317678,0,1,True,,,,"{""raw"": 5}",540.7845000736415,,1_10MiB,C:\Users\ss\Desktop\XAI\XAI\engines\XAI-Compress\data\test\archive (1)\FaceForensics++_C23\DeepFakeDetection\01_20__outside_talking_pan_laughing__OTGHOG4Z.mp4,546ace30fb0bb2e3783b,d4c018e4e0d855fcb62c44ee0a76087c705d13022d1eb2ed5371c3e0b0a697b2,PASS,end_to_end_artifact,
True,8.004085941012098,hybrid-v3-final-140-v1,4.932600044412538,video,,True,5052089,1,7.6919100848561675,626.0588000004645,87.1864747194826,55.23320002248511,456.86529998783953,C:\Users\ss\Desktop\XAI\XAI\engines\XAI-Compress\results\hybrid_v2\benchmark.csv,9.071100008441135,7.6919100848561675,626.0588000004645,2579,hybrid_v1,100.60299999895506,5049510,626.0588000004645,213.1640625,,0.999489518098355,0,1,True,,,,"{""raw"": 5}",566.5393999952357,,1_10MiB,C:\Users\ss\Desktop\XAI\XAI\engines\XAI-Compress\data\test\archive (1)\FaceForensics++_C23\DeepFakeDetection\01_15__outside_talking_pan_laughing__02HILKYO.mp4,f34934e8101b36854b29,22f6641589bce13ccf552849df03c432363b96f3387e9e450efe713996ccee5b,PASS,end_to_end_artifact,
True,8.003993004497744,hybrid-v3-final-140-v1,5.046000034781173,video,,True,5167611,1,8.088989331569053,608.9462000236381,64.4238753450875,76.45860000047833,447.4028999975417,C:\Users\ss\Desktop\XAI\XAI\engines\XAI-Compress\results\hybrid_v2\benchmark.csv,8.47930001327768,8.088989331569053,608.9462000236381,2578,hybrid_v1,84.99100006883964,5165033,608.9462000236381,213.1640625,,0.9995011234398254,0,1,True,,,,"{""raw"": 5}",540.873200079659,,1_10MiB,C:\Users\ss\Desktop\XAI\XAI\engines\XAI-Compress\data\test\archive (1)\FaceForensics++_C23\DeepFakeDetection\03_07__talking_against_wall__PWXXULHR.mp4,d8bdce51a4d8290a41bc,69210fc8a1568f35a02792258885a70179b235f8f93393a8b7e6e703f7f7f736,PASS,end_to_end_artifact,
True,8.003969782037622,hybrid-v3-final-140-v1,5.108199984533712,video,,True,5193793,1,7.922784766290837,624.8724999895785,67.4988523447481,73.34539998555556,456.21659996686503,C:\Users\ss\Desktop\XAI\XAI\engines\XAI-Compress\results\hybrid_v2\benchmark.csv,8.503200020641088,7.922784766290837,624.8724999895785,2576,hybrid_v1,88.79729997715913,5191217,624.8724999895785,213.1640625,,0.9995040233601917,0,1,True,,,,"{""raw"": 5}",553.5170999646652,,1_10MiB,C:\Users\ss\Desktop\XAI\XAI\engines\XAI-Compress\data\test\archive (1)\FaceForensics++_C23\DeepFakeDetection\03_26__talking_against_wall__WBSXBL82.mp4,302a07d24b61368de502,7ed343535c7f93036da37421055ea87cad3ce3fd75cac9fd970f2080b3148cf3,PASS,end_to_end_artifact,
True,7.993265233411867,hybrid-v3-final-140-v1,5.14549997751601,video,,True,5286301,1,6.395521509876469,788.935999997193,67.0858887783807,75.21189999533817,575.5281000165269,C:\Users\ss\Desktop\XAI\XAI\engines\XAI-Compress\results\hybrid_v2\benchmark.csv,10.764500009827316,6.395521509876469,788.935999997193,3026,hybrid_v1,119.84279999160208,5290755,788.935999997193,213.1640625,,1.0008425551250297,0,1,True,,,,"{""brotli"": 1, ""raw"": 5}",706.1354000179563,,1_10MiB,C:\Users\ss\Desktop\XAI\XAI\engines\XAI-Compress\data\test\archive (1)\FaceForensics++_C23\DeepFakeDetection\01_02__outside_talking_still_laughing__YVGY8LOK.mp4,ea302a0aad67d6028fa2,3d925d4db8a962161bacebd024d7ce5f97d4d22555ab34b8898d633c0c4a5131,PASS,end_to_end_artifact,
True,8.004321567187711,hybrid-v3-final-140-v1,6.627400027355179,video,,True,5619515,1,6.002729409025724,892.3097000224516,58.170632593755386,92.07899999455549,704.3130000529345,C:\Users\ss\Desktop\XAI\XAI\engines\XAI-Compress\results\hybrid_v2\benchmark.csv,10.643999965395778,6.002729409025724,892.3097000224516,3034,hybrid_v1,114.976500015473,5616481,892.3097000224516,213.1640625,,0.9994600957555946,0,1,True,,,,"{""raw"": 6}",829.9335000338033,,1_10MiB,C:\Users\ss\Desktop\XAI\XAI\engines\XAI-Compress\data\test\archive (1)\FaceForensics++_C23\DeepFakeDetection\03_26__kitchen_pan__WBSXBL82.mp4,64d82f0eb41570cacc9e,9a10f8e6288c75dd1824f213d9da72b134195b17280571a5a6bb787aa3216140,PASS,end_to_end_artifact,
True,8.004318596797432,hybrid-v3-final-140-v1,7.917900016764179,video,,True,5627085,1,4.452198573466926,1204.6881999995094,62.77547043958864,85.43960002134554,921.4340999606065,C:\Users\ss\Desktop\XAI\XAI\engines\XAI-Compress\results\hybrid_v2\benchmark.csv,14.916499989340082,4.452198573466926,1204.6881999995094,3036,hybrid_v1,164.4287000526674,5624049,1204.6881999995094,213.1640625,,0.9994604666536937,0,1,True,,,,"{""raw"": 6}",1100.779300002614,,1_10MiB,C:\Users\ss\Desktop\XAI\XAI\engines\XAI-Compress\data\test\archive (1)\FaceForensics++_C23\DeepFakeDetection\03_15__kitchen_pan__DNUJD8M2.mp4,1dd1e1cbeb37c92a23c9,041724acacd4ab276534cc413b96f8d8fe6b618ff0b251051ffbc8bf0609ea50,PASS,end_to_end_artifact,
True,8.004306519657273,hybrid-v3-final-140-v1,7.4269999749958515,video,,True,5642857,1,3.8966196614915964,1380.3123999969102,57.70966625145374,93.20020000450313,1076.3988999824505,C:\Users\ss\Desktop\XAI\XAI\engines\XAI-Compress\results\hybrid_v2\benchmark.csv,17.344900028547272,3.8966196614915964,1380.3123999969102,3036,hybrid_v1,182.98210002831183,5639821,1380.3123999969102,213.1640625,,0.9994619746699234,0,1,True,,,,"{""raw"": 6}",1276.7259000393096,,1_10MiB,C:\Users\ss\Desktop\XAI\XAI\engines\XAI-Compress\data\test\archive (1)\FaceForensics++_C23\DeepFakeDetection\03_13__kitchen_pan__GBYWJW06.mp4,7030656a47ddcae4e881,8adf420ccaf5ccbd135690408d644cda64ff5e6602bd8b230c0caec6416069de,PASS,end_to_end_artifact,
True,8.004256091451905,hybrid-v3-final-140-v1,5.0131999887526035,video,,True,5700277,1,6.97255553490377,779.2432999995071,107.57062926867773,50.50929999561049,593.0341999628581,C:\Users\ss\Desktop\XAI\XAI\engines\XAI-Compress\results\hybrid_v2\benchmark.csv,10.75940000009723,6.97255553490377,779.2432999995071,3031,hybrid_v1,118.30030000419356,5697246,779.2432999995071,213.1640625,,0.9994682714541767,0,1,True,,,,"{""raw"": 6}",722.0938999671489,,1_10MiB,C:\Users\ss\Desktop\XAI\XAI\engines\XAI-Compress\data\test\archive (1)\FaceForensics++_C23\DeepFakeDetection\03_09__kitchen_pan__8DTEGQ54.mp4,349a429b63ba827da16d,9cd8988a88a104131ba32a24731ddc51d561786ac361d94bf36bf60280519606,PASS,end_to_end_artifact,
True,8.004246970506625,hybrid-v3-final-140-v1,10.798500064993277,video,,True,5716282,1,2.7500088752658285,1981.2950000050478,39.219288210828424,138.92600001418032,1555.5150000145659,C:\Users\ss\Desktop\XAI\XAI\engines\XAI-Compress\results\hybrid_v2\benchmark.csv,27.50130000640638,2.7500088752658285,1981.2950000050478,3033,hybrid_v1,265.6944999762345,5713249,1981.2950000050478,213.1640625,,0.9994694103614902,0,1,True,,,,"{""raw"": 6}",1848.7107999972068,,1_10MiB,C:\Users\ss\Desktop\XAI\XAI\engines\XAI-Compress\data\test\archive (1)\FaceForensics++_C23\DeepFakeDetection\05_17__walking_down_street_outside_angry__M3H96PDQ.mp4,769bc1050e1bcf06e990,95a548a9ff65cd4074f6e757c833a332bdc3c2788a69b2ea63aa5a81003a9da9,PASS,end_to_end_artifact,
True,8.004196702244945,hybrid-v3-final-140-v1,10.956799989799038,video,,True,5780901,1,3.151314945657704,1748.5418999858666,40.953308452371914,134.54850000562146,1332.301699963864,C:\Users\ss\Desktop\XAI\XAI\engines\XAI-Compress\results\hybrid_v2\benchmark.csv,27.12820001761429,3.151314945657704,1748.5418999858666,3031,hybrid_v1,258.1274000403937,5777870,1748.5418999858666,213.1640625,,0.9994756872674346,0,1,True,,,,"{""raw"": 6}",1617.557300021872,,1_10MiB,C:\Users\ss\Desktop\XAI\XAI\engines\XAI-Compress\data\test\archive (1)\FaceForensics++_C23\DeepFakeDetection\06_07__kitchen_pan__NMGYPBXE.mp4,7e893633dd0f5d20713c,d02dd5bc148ac33cadb363dba985e7d108b280eb72b7bacc68b1660bad384cef,PASS,end_to_end_artifact,
True,8.00400559726033,hybrid-v3-final-140-v1,25.275300082284957,video,,True,6054562,1,0.949137240105321,6080.459599994356,6.104047400045169,945.4695000022184,4673.185600026045,C:\Users\ss\Desktop\XAI\XAI\engines\XAI-Compress\results\hybrid_v2\benchmark.csv,87.50779996626079,0.949137240105321,6080.459599994356,3030,hybrid_v1,754.322900029365,6051532,6080.459599994356,213.1640625,,0.9994995509171432,0,1,True,,,,"{""raw"": 6}",5515.016300021671,,1_10MiB,C:\Users\ss\Desktop\XAI\XAI\engines\XAI-Compress\data\test\archive (1)\FaceForensics++_C23\DeepFakeDetection\03_01__meeting_serious__JZUXXFRB.mp4,a2d1deaf6beae2b754df,9e459ab08b6e71ea64890113829db0590b4a5072db9c10bb53e6f63fa54bdc8d,PASS,end_to_end_artifact,
True,8.004244980100127,hybrid-v3-final-140-v1,29.302200011443347,video,,True,6546730,1,1.401568239593776,4452.253499999642,8.968764377532446,695.7632999983616,3586.6326999966986,C:\Users\ss\Desktop\XAI\XAI\engines\XAI-Compress\results\hybrid_v2\benchmark.csv,62.56059999577701,1.401568239593776,4452.253499999642,3472,hybrid_v1,519.0364999580197,6543258,4452.253499999642,213.1640625,,0.9994696588984119,0,1,True,,,,"{""raw"": 7}",4168.229799950495,,1_10MiB,C:\Users\ss\Desktop\XAI\XAI\engines\XAI-Compress\data\test\archive (1)\FaceForensics++_C23\DeepFakeDetection\02_09__kitchen_pan__9TDCEK1Q.mp4,adacdb3fb3b269d0e4ec,b2285a7ff8589db78d264b065233b6ee31c959675944a60c0b7205880719866e,PASS,end_to_end_artifact,
True,8.004256209389865,hybrid-v3-final-140-v1,8.93130004988052,video,,True,6552034,1,3.4524661351260346,1808.9052000141237,51.315882434342605,121.70079999486916,1420.4271000635345,C:\Users\ss\Desktop\XAI\XAI\engines\XAI-Compress\results\hybrid_v2\benchmark.csv,26.227799971820787,3.4524661351260346,1808.9052000141237,3484,hybrid_v1,225.77960003400221,6548550,1808.9052000141237,213.1640625,,0.9994682567276055,0,1,True,,,,"{""raw"": 7}",1672.4345000693575,,1_10MiB,C:\Users\ss\Desktop\XAI\XAI\engines\XAI-Compress\data\test\archive (1)\FaceForensics++_C23\DeepFakeDetection\02_13__kitchen_pan__2YSYT2N3.mp4,2d972416e5ea584e6e99,0894b9ec4270370ebdd75940a9ca74a5b4c452bf91385c27356f02de062f4ffa,PASS,end_to_end_artifact,
True,8.004141832177885,hybrid-v3-final-140-v1,9.685600060038269,video,,True,6729008,1,3.0868573493056224,2077.8288999863435,42.66846067861051,150.3208999929484,1579.9469999910798,C:\Users\ss\Desktop\XAI\XAI\engines\XAI-Compress\results\hybrid_v2\benchmark.csv,29.693299962673336,3.0868573493056224,2077.8288999863435,3482,hybrid_v1,295.38100003264844,6725526,2077.8288999863435,213.1640625,,0.9994825388824029,0,1,True,,,,"{""raw"": 7}",1905.0212999864016,,1_10MiB,C:\Users\ss\Desktop\XAI\XAI\engines\XAI-Compress\data\test\archive (1)\FaceForensics++_C23\DeepFakeDetection\03_15__outside_talking_still_laughing__DNUJD8M2.mp4,575ac6afd2f60f8f7362,65380b215b6f4373f3f360b7c823bdb4b283ae945c3ce3007f15b3f62ec01852,PASS,end_to_end_artifact,
True,8.004029012893124,hybrid-v3-final-140-v1,15.566199988825247,video,,True,7803357,1,2.246295080807086,3311.2813999759965,24.91429394258428,298.54810002143495,2583.028799999738,C:\Users\ss\Desktop\XAI\XAI\engines\XAI-Compress\results\hybrid_v2\benchmark.csv,62.16370000038296,2.246295080807086,3311.2813999759965,3928,hybrid_v1,444.9052000127267,7799429,3311.2813999759965,213.1640625,,0.999496626900448,0,1,True,,,,"{""raw"": 8}",3090.097700012848,,1_10MiB,C:\Users\ss\Desktop\XAI\XAI\engines\XAI-Compress\data\test\archive (1)\FaceForensics++_C23\DeepFakeDetection\02_13__podium_speech_happy__2YSYT2N3.mp4,ceb68a8868bcd038b876,5c391f644ef69f6eff522652b1aeee47a636e25509ff274f8056d670ddcb7b84,PASS,end_to_end_artifact,
True,8.003896692488706,hybrid-v3-final-140-v1,13.005599961616099,video,,True,8064095,1,1.8383912474969637,4181.251500005601,28.512246347232377,269.59559999522753,3327.314499998465,C:\Users\ss\Desktop\XAI\XAI\engines\XAI-Compress\results\hybrid_v2\benchmark.csv,63.29400002141483,1.8383912474969637,4181.251500005601,3926,hybrid_v1,528.4835000347812,8060169,4181.251500005601,213.1640625,,0.9995131505767231,0,1,True,,,,"{""raw"": 8}",3919.092000054661,,1_10MiB,C:\Users\ss\Desktop\XAI\XAI\engines\XAI-Compress\data\test\archive (1)\FaceForensics++_C23\DeepFakeDetection\04_01__kitchen_still__6I623VU9.mp4,3195eee4a59ac79f4da4,f851b1536300f5a745c725ac7310bfa6a4853b85824b8ec2222e0a2b3ceda920,PASS,end_to_end_artifact,
True,8.003751781917414,hybrid-v3-final-140-v1,11.157600005390123,video,,True,8383948,1,3.3375871069510485,2394.4866999809165,35.08009945599645,227.81599999871105,1769.83640002436,C:\Users\ss\Desktop\XAI\XAI\engines\XAI-Compress\results\hybrid_v2\benchmark.csv,37.907600024482235,3.3375871069510485,2394.4866999809165,3930,hybrid_v1,379.1130000317935,8380018,2394.4866999809165,213.1640625,,0.9995312470926585,0,1,True,,,,"{""raw"": 8}",2186.8570000806358,,1_10MiB,C:\Users\ss\Desktop\XAI\XAI\engines\XAI-Compress\data\test\archive (1)\FaceForensics++_C23\DeepFakeDetection\02_06__podium_speech_happy__SU4OQCS9.mp4,a8eee5cb651502b76851,97bb3e08c4ac6588b1153e963596523fd911b79900b9f02d4ead3585b2a40171,PASS,end_to_end_artifact,
True,8.003830791692943,hybrid-v3-final-140-v1,23.258000088389963,video,,True,9155493,1,2.7745173020465854,3145.476699981373,51.057336827252755,170.92900001443923,2442.798799951561,C:\Users\ss\Desktop\XAI\XAI\engines\XAI-Compress\results\hybrid_v2\benchmark.csv,45.91799998888746,2.7745173020465854,3145.476699981373,4382,hybrid_v1,406.6877999866847,9151111,3145.476699981373,213.1640625,,0.9995213802249644,0,1,True,,,,"{""raw"": 9}",2895.404599927133,,1_10MiB,C:\Users\ss\Desktop\XAI\XAI\engines\XAI-Compress\data\test\archive (1)\FaceForensics++_C23\DeepFakeDetection\03_26__kitchen_still__WBSXBL82.mp4,65aad6920755198ffc44,b3f3aa4cfc9cf35b0e04824857feab315a5c8990128472e99ce73ac092ec97d0,PASS,end_to_end_artifact,
True,8.003703576248947,hybrid-v3-final-140-v1,10.634700040100142,video,,True,16309628,1,4.2352796443518645,3670.8026999840513,52.026203565408125,298.8277999975253,2777.64630006277,C:\Users\ss\Desktop\XAI\XAI\engines\XAI-Compress\results\hybrid_v2\benchmark.csv,55.316600017249584,4.2352796443518645,3670.8026999840513,7547,hybrid_v1,547.5028000073507,16302081,3670.8026999840513,213.1640625,,0.9995372671896624,0,1,True,,,,"{""raw"": 16}",3380.4657000873704,,gt_10MiB,C:\Users\ss\Desktop\XAI\XAI\engines\XAI-Compress\data\test\archive (1)\FaceForensics++_C23\DeepFakeDetection\06_14__walking_and_outside_surprised__8U9ULZDT.mp4,c70842272825dd567ecc,f5c816f3e95c1ea1e940c389713da2a5ec19ea30a30c19ba4f917a3e62862509,PASS,end_to_end_artifact,
True,8.003719015009372,hybrid-v3-final-140-v1,9.595199953764677,video,,True,17223314,1,4.134720795186004,3970.715500006918,58.520821517995756,280.5462999967858,2973.521499923663,C:\Users\ss\Desktop\XAI\XAI\engines\XAI-Compress\results\hybrid_v2\benchmark.csv,65.1602000289131,4.134720795186004,3970.715500006918,8003,hybrid_v1,622.3103999800514,17215311,3970.715500006918,213.1640625,,0.9995353391339205,0,1,True,,,,"{""raw"": 17}",3660.9920999326278,,gt_10MiB,C:\Users\ss\Desktop\XAI\XAI\engines\XAI-Compress\data\test\archive (1)\FaceForensics++_C23\DeepFakeDetection\02_06__talking_angry_couch__GH8TGTBS.mp4,b4d46d60eb50f24fdd68,1abab2450e1ceb6353885381a5fbfcbfe84daceb98edf002548561b5b8ecbe06,PASS,end_to_end_artifact,
True,8.003709242555862,hybrid-v3-final-140-v1,13.95369999227114,video,,True,17238461,1,2.7130819055396667,6056.676200008951,43.526417686959945,377.52380000893027,4737.432900059503,C:\Users\ss\Desktop\XAI\XAI\engines\XAI-Compress\results\hybrid_v2\benchmark.csv,97.4408000765834,2.7130819055396667,6056.676200008951,7989,hybrid_v1,775.7525000197347,17230472,6056.676200008951,213.1640625,,0.9995365595571437,0,1,True,,,,"{""raw"": 17}",5610.626200155821,,gt_10MiB,C:\Users\ss\Desktop\XAI\XAI\engines\XAI-Compress\data\test\archive (1)\FaceForensics++_C23\DeepFakeDetection\02_21__talking_angry_couch__Z0XHPQAR.mp4,c63e295b1deea7522a47,af73c2f3bffe09399aa33170497eb13d215bd6da7f61853687d5b1945b6dca8d,PASS,end_to_end_artifact,
True,8.003602956921432,hybrid-v3-final-140-v1,9.192399855237454,video,,True,20772297,1,3.630352843584518,5454.315100010717,56.3956028996896,351.1105000216048,4056.9726998801343,C:\Users\ss\Desktop\XAI\XAI\engines\XAI-Compress\results\hybrid_v2\benchmark.csv,88.77860006759875,3.630352843584518,5454.315100010717,9351,hybrid_v1,850.9805999347009,20762946,5454.315100010717,213.1640625,,0.9995498331263027,0,1,True,,,,"{""raw"": 20}",4996.731899882434,,gt_10MiB,C:\Users\ss\Desktop\XAI\XAI\engines\XAI-Compress\data\test\archive (1)\FaceForensics++_C23\DeepFakeDetection\02_15__walking_and_outside_surprised__MZWH8ATN.mp4,f256aca58bd68b60e728,ce69d066982be0ea9f0c5f4b7bd6c3246db9378025768538e1a81431d1aa9961,PASS,end_to_end_artifact,
True,8.003656601757724,hybrid-v3-final-140-v1,14.902700058883056,video,,True,21441717,1,2.7460125200969454,7443.182599992724,44.82549635934898,455.96979997935705,5856.297399994219,C:\Users\ss\Desktop\XAI\XAI\engines\XAI-Compress\results\hybrid_v2\benchmark.csv,109.9810999003239,2.7460125200969454,7443.182599992724,9796,hybrid_v1,997.0806000055745,21431921,7443.182599992724,213.1640625,,0.9995431336025935,0,1,True,,,,"{""raw"": 21}",6963.359099900117,,gt_10MiB,C:\Users\ss\Desktop\XAI\XAI\engines\XAI-Compress\data\test\archive (1)\FaceForensics++_C23\DeepFakeDetection\06_15__walking_down_indoor_hall_disgust__QRCD27P8.mp4,e87d288b25a817ae2dc3,f26fc7d7f95b8e28e5d64138891c45683068ef65d4c5d215fc034a2e70e712d9,PASS,end_to_end_artifact,
True,8.003553672565458,hybrid-v3-final-140-v1,14.936199993826449,video,,True,25098430,1,3.060916137057523,7816.3201000133995,48.38118414827441,494.51250000856817,6213.797700009309,C:\Users\ss\Desktop\XAI\XAI\engines\XAI-Compress\results\hybrid_v2\benchmark.csv,117.47859991737641,3.060916137057523,7816.3201000133995,11144,hybrid_v1,967.5930999510456,25087286,7816.3201000133995,213.1640625,,0.9995559881634031,0,1,True,,,,"{""raw"": 24}",7298.869399877731,,gt_10MiB,C:\Users\ss\Desktop\XAI\XAI\engines\XAI-Compress\data\test\archive (1)\FaceForensics++_C23\DeepFakeDetection\03_14__walking_down_indoor_hall_disgust__KJ221YN0.mp4,0cb4f04242bea81d03dc,c6e72fba611bf4cfe534721d33a00211780a9e1da47c01698976f960dda4053d,PASS,end_to_end_artifact,
True,8.012321909896034,hybrid-v3-final-140-v1,,archive,,True,2601,1,0.1417926489959245,17.466999997850507,58.55064031864221,0.04230000195093453,,C:\Users\ss\Desktop\XAI\XAI\engines\XAI-Compress\results\hybrid_v2\fixed_benchmark.csv,,0.1417926489959245,17.466999997850507,,brotli-11,,2597,17.466999997850507,213.1640625,,0.9984621299500193,0,1,True,,,,,,,lt_16KiB,C:\Users\ss\Desktop\XAI\XAI\apps\public_nextjs\.next\cache\webpack\client-development\2.pack.gz,86aebd2a6ca744d6ce03,d3ded09d755c7c896e54b00b6b49be489d6d7daaf8644040916911505623d36d,PASS,end_to_end_artifact,
True,7.76128339382805,hybrid-v3-final-140-v1,,archive,,True,10552953,1,0.16368183349625953,63376.76320000901,93.66518047284418,110.7522000093013,,C:\Users\ss\Desktop\XAI\XAI\engines\XAI-Compress\results\hybrid_v2\fixed_benchmark.csv,,0.16368183349625953,63376.76320000901,,brotli-11,,10877534,63376.76320000901,213.1640625,,1.0307573624178938,0,1,True,,,,,,,gt_10MiB,C:\Users\ss\Desktop\XAI\XAI\apps\public_nextjs\.next\cache\webpack\server-development\0.pack.gz,ab9fd50e606430ff1ad4,1097a9c63933d92fb6d40acbb5871c0881f69ed68b4605cda62cd040674841c4,PASS,end_to_end_artifact,
True,7.732218917967591,hybrid-v3-final-140-v1,,archive,,True,11403663,1,0.19834370316192917,56729.88319999422,114.99025683916601,97.85190000548027,,C:\Users\ss\Desktop\XAI\XAI\engines\XAI-Compress\results\hybrid_v2\fixed_benchmark.csv,,0.19834370316192917,56729.88319999422,,brotli-11,,11798593,56729.88319999422,213.1640625,,1.0346318546944082,0,1,True,,,,,,,gt_10MiB,C:\Users\ss\Desktop\XAI\XAI\apps\public_nextjs\.next\cache\webpack\client-development\1.pack.gz,c00053085b900f5df548,fd5f5bcaba1cf150622596027fefdd22ac7a61db2dde473c03f3965c3881d4ed,PASS,end_to_end_artifact,
True,8.16326530612245,hybrid-v3-final-140-v1,,binary,,True,50,1,0.01734725726216362,2.6937999937217683,0.5719710557635729,0.08170001092366874,,C:\Users\ss\Desktop\XAI\XAI\engines\XAI-Compress\results\hybrid_v2\fixed_benchmark.csv,,0.01734725726216362,2.6937999937217683,,brotli-11,,49,2.6937999937217683,213.1640625,,0.98,0,1,True,,,,,,,lt_16KiB,C:\Users\ss\Desktop\XAI\XAI\apps\public_nextjs\.gitignore,5f8724e09072ab9a265f,58a43472c935cb48bcf1270662961f78f69d6accf404d42718684e4cc4429858,PASS,end_to_end_artifact,
True,8.592592592592593,hybrid-v3-final-140-v1,,binary,,True,58,1,0.025241845167994593,2.04020002274774,4.0549994500055,0.012699980288743973,,C:\Users\ss\Desktop\XAI\XAI\engines\XAI-Compress\results\hybrid_v2\fixed_benchmark.csv,,0.025241845167994593,2.04020002274774,,brotli-11,,54,2.04020002274774,213.1640625,,0.9310344827586207,0,1,True,,,,,,,lt_16KiB,C:\Users\ss\Desktop\XAI\XAI\apps\mobile_authenticator_flutter\android\.gradle\buildOutputCleanup\cache.properties,a79486349dd2e056bef1,002ae1a4bd438cf5ffb03a9d964990dfeb9389bcfb323b67c8b7a133ae8a12b1,PASS,end_to_end_artifact,
True,8.313725490196079,hybrid-v3-final-140-v1,,binary,,True,106,1,0.07305105254738624,1.3315999822225422,10.929738850628839,0.00890000956133008,,C:\Users\ss\Desktop\XAI\XAI\engines\XAI-Compress\results\hybrid_v2\fixed_benchmark.csv,,0.07305105254738624,1.3315999822225422,,brotli-11,,102,1.3315999822225422,213.1640625,,0.9622641509433962,0,1,True,,,,,,,lt_16KiB,C:\Users\ss\Desktop\XAI\XAI\apps\public_nextjs\.next\cache\.rscinfo,40edde3ff58386c6e648,5b3ee2ef314de0dc6adc83b4a21f02ddd964bc5700e813a1791d93a322c2086b,PASS,end_to_end_artifact,
True,5.457364341085271,hybrid-v3-final-140-v1,,binary,,True,176,1,0.0673697975329017,3.6521999863907695,4.449329348969051,0.05530001362785697,,C:\Users\ss\Desktop\XAI\XAI\engines\XAI-Compress\results\hybrid_v2\fixed_benchmark.csv,,0.0673697975329017,3.6521999863907695,,brotli-11,,258,3.6521999863907695,213.1640625,,1.4659090909090908,0,1,True,,,,,,,lt_16KiB,C:\Users\ss\Desktop\XAI\XAI\apps\web_angular\Dockerfile,f6d8ac25d8ced35c97bb,2d49913b6961e7886aceaa2bf12fd148a463f5077b9d489d6036933e0a0e21ee,PASS,end_to_end_artifact,
True,3.272271016311167,hybrid-v3-final-140-v1,,binary,,True,326,1,0.1581092154340326,4.807299992535263,17.393105652938356,0.04369998350739479,,C:\Users\ss\Desktop\XAI\XAI\engines\XAI-Compress\results\hybrid_v2\fixed_benchmark.csv,,0.1581092154340326,4.807299992535263,,brotli-11,,797,4.807299992535263,213.1640625,,2.4447852760736195,0,1,True,,,,,,,lt_16KiB,C:\Users\ss\Desktop\XAI\XAI\apps\mobile_authenticator_flutter\android\settings.gradle.kts,cc0a768c16bc4f521d5e,d6b16579d5f6a6066cc22323c4e34adb82020f7b75378bffed7f0358bc949ce3,PASS,end_to_end_artifact,
True,2.4293915040183696,hybrid-v3-final-140-v1,,binary,,True,1058,1,0.3267768175770512,10.167799977352843,62.69059550834511,0.05299999611452222,,C:\Users\ss\Desktop\XAI\XAI\engines\XAI-Compress\results\hybrid_v2\fixed_benchmark.csv,,0.3267768175770512,10.167799977352843,,brotli-11,,3484,10.167799977352843,213.1640625,,3.2930056710775046,0,1,True,,,,,,,lt_16KiB,C:\Users\ss\Desktop\XAI\XAI\apps\admin_dotnet\Components\Pages\Home.razor,5cfd18ecb4615302b290,162dd67b8042a9e57c67e0cc11aa979e3b2d7b44e350a99596c9f66313a312e0,PASS,end_to_end_artifact,
True,2.3432902362906822,hybrid-v3-final-140-v1,,binary,,True,1314,1,0.2886821588301079,14.819699979852885,53.21123045853374,0.08040000102482736,,C:\Users\ss\Desktop\XAI\XAI\engines\XAI-Compress\results\hybrid_v2\fixed_benchmark.csv,,0.2886821588301079,14.819699979852885,,brotli-11,,4486,14.819699979852885,213.1640625,,3.4140030441400304,0,1,True,,,,,,,lt_16KiB,C:\Users\ss\Desktop\XAI\XAI\apps\web_angular\src\styles.scss,1364093c2cd97d6b467d,ad9c84765af109b753aa1444e9515e89579b53967bd1bae5fc64ecd41221ab0a,PASS,end_to_end_artifact,
True,0.627789299046039,hybrid-v3-final-140-v1,,binary,,True,946,1,0.2942580391275307,39.06959999585524,153.4919317485926,0.07489998824894428,,C:\Users\ss\Desktop\XAI\XAI\engines\XAI-Compress\results\hybrid_v2\fixed_benchmark.csv,,0.2942580391275307,39.06959999585524,,brotli-11,,12055,39.06959999585524,213.1640625,,12.743128964059197,0,1,True,,,,,,,lt_16KiB,C:\Users\ss\Desktop\XAI\XAI\apps\desktop_flutter\.flutter-plugins-dependencies,fb876718379f313755bf,a2c397b45a54899472e474caa3de4ca7bad5e570071e4d9768e32b1022a5f016,PASS,end_to_end_artifact,
True,1.5878506644167898,hybrid-v3-final-140-v1,,binary,,True,4705,1,0.3857350236116142,58.607199985999614,167.83109494567825,0.13470000703819096,,C:\Users\ss\Desktop\XAI\XAI\engines\XAI-Compress\results\hybrid_v2\fixed_benchmark.csv,,0.3857350236116142,58.607199985999614,,brotli-11,,23705,58.607199985999614,213.1640625,,5.038257173219979,0,1,True,,,,,,,16_64KiB,C:\Users\ss\Desktop\XAI\XAI\apps\desktop_flutter\pubspec.lock,665359906b3619ac985e,471ecf91ed6391162a1544c0c68a69fe253ac363b98667175bb42f9a59f986e5,PASS,end_to_end_artifact,
True,8.842105263157896,hybrid-v3-final-140-v1,,csv,,True,42,1,0.040759897061933746,0.8890999888535589,2.8991680966339697,0.012500007869675756,,C:\Users\ss\Desktop\XAI\XAI\engines\XAI-Compress\results\hybrid_v2\fixed_benchmark.csv,,0.040759897061933746,0.8890999888535589,,brotli-11,,38,0.8890999888535589,213.1640625,,0.9047619047619048,0,1,True,,,,,,,lt_16KiB,C:\Users\ss\Desktop\XAI\XAI\engines\XAI-Compress\results\final_analysis\roundtrip_results.csv,e3912e357456af06dfed,c6484bd00fba72894b9614e35c9f5aa34441bd7951db46338fa7777e023f0279,PASS,end_to_end_artifact,
True,6.4,hybrid-v3-final-140-v1,,csv,,True,72,1,0.04384709491289131,1.957500004209578,2.4383714094602316,0.035200006095692515,,C:\Users\ss\Desktop\XAI\XAI\engines\XAI-Compress\results\hybrid_v2\fixed_benchmark.csv,,0.04384709491289131,1.957500004209578,,brotli-11,,90,1.957500004209578,213.1640625,,1.25,0,1,True,,,,,,,lt_16KiB,C:\Users\ss\Desktop\XAI\XAI\engines\XAI-Compress\results\final_analysis\final_comparison.csv,921d357da1bee764ce1d,c2b289c3259e1dc84f545db4b69c0a3cb62953bb37220f9521ef6e4438f18a77,PASS,end_to_end_artifact,
True,5.095709570957096,hybrid-v3-final-140-v1,,csv,,True,193,1,0.058169602707052286,4.967599990777671,4.087176487393346,0.07069998537190259,,C:\Users\ss\Desktop\XAI\XAI\engines\XAI-Compress\results\hybrid_v2\fixed_benchmark.csv,,0.058169602707052286,4.967599990777671,,brotli-11,,303,4.967599990777671,213.1640625,,1.5699481865284974,0,1,True,,,,,,,lt_16KiB,C:\Users\ss\Desktop\XAI\XAI\engines\XAI-Compress\results\final_project\lossless_bpb_breakdown.csv,39a02de3ede36018b3fe,5347d6a1802290c3d98c575c6d588c944cf6edc8263f35e87c7a230dd3db0543,PASS,end_to_end_artifact,
True,4.102189781021898,hybrid-v3-final-140-v1,,csv,,True,281,1,0.09275242256524183,5.6345000048168,7.476587449297303,0.06990000838413835,,C:\Users\ss\Desktop\XAI\XAI\engines\XAI-Compress\results\hybrid_v2\fixed_benchmark.csv,,0.09275242256524183,5.6345000048168,,brotli-11,,548,5.6345000048168,213.1640625,,1.9501779359430604,0,1,True,,,,,,,lt_16KiB,C:\Users\ss\Desktop\XAI\XAI\engines\XAI-Compress\results\hybrid_ai\final_decision_table.csv,13de65abccd316cc7ad0,5298bd4aaa340a190b84ec31e0592771b0a029ad38d6c42f9498f6408ca8e136,PASS,end_to_end_artifact,
True,3.277708592777086,hybrid-v3-final-140-v1,,csv,,True,329,1,0.23376796469004135,3.2759000023361295,20.9808257670052,0.036500015994533896,,C:\Users\ss\Desktop\XAI\XAI\engines\XAI-Compress\results\hybrid_v2\fixed_benchmark.csv,,0.23376796469004135,3.2759000023361295,,brotli-11,,803,3.2759000023361295,213.1640625,,2.440729483282675,0,1,True,,,,,,,lt_16KiB,C:\Users\ss\Desktop\XAI\XAI\engines\XAI-Compress\results\model_search\leaderboard.csv,7da935a5c5745da0fc47,d7d2fd730a7b104cb5ab2c82601f322f6e10fcd2aed0259b631c7cd23a05999f,PASS,end_to_end_artifact,
True,2.9849462365591397,hybrid-v3-final-140-v1,,csv,,True,347,1,0.21740828831573492,4.079500009538606,21.218113723570692,0.041799998143687844,,C:\Users\ss\Desktop\XAI\XAI\engines\XAI-Compress\results\hybrid_v2\fixed_benchmark.csv,,0.21740828831573492,4.079500009538606,,brotli-11,,930,4.079500009538606,213.1640625,,2.680115273775216,0,1,True,,,,,,,lt_16KiB,C:\Users\ss\Desktop\XAI\XAI\engines\XAI-Compress\results\final_project\lossy_benchmark.csv,5dc21384a6a2b295ec5d,ffbfea0b154394263f6dd84f874a3eae790e8f952d9c5b4ab666f0959bd3db07,PASS,end_to_end_artifact,
True,3.5945663531870427,hybrid-v3-final-140-v1,,csv,,True,430,1,0.32197358180046504,2.8346000181045383,25.21176726913717,0.036200013710185885,,C:\Users\ss\Desktop\XAI\XAI\engines\XAI-Compress\results\hybrid_v2\fixed_benchmark.csv,,0.32197358180046504,2.8346000181045383,,brotli-11,,957,2.8346000181045383,213.1640625,,2.2255813953488373,0,1,True,,,,,,,lt_16KiB,C:\Users\ss\Desktop\XAI\XAI\engines\XAI-Compress\results\model_v2\lossless_bpb_breakdown.csv,ef3edbf6186277f5ef97,2a033ae9dd973173da92a71cb6c95407de7a8e2256f24aca5a89a313776bac26,PASS,end_to_end_artifact,
True,2.4665314401622718,hybrid-v3-final-140-v1,,csv,,True,304,1,0.22523782558777425,4.174800007604063,22.388640081934213,0.04199999966658652,,C:\Users\ss\Desktop\XAI\XAI\engines\XAI-Compress\results\hybrid_v2\fixed_benchmark.csv,,0.22523782558777425,4.174800007604063,,brotli-11,,986,4.174800007604063,213.1640625,,3.2434210526315788,0,1,True,,,,,,,lt_16KiB,C:\Users\ss\Desktop\XAI\XAI\engines\XAI-Compress\results\model_v2\kaggle_lossless_v2_progress.csv,0e4427f0e7b0f0da7ba0,79fc768af3618c4609d1ee65e7004214356fd74a9393573e0576dd92c8f538ff,PASS,end_to_end_artifact,
True,2.9036144578313254,hybrid-v3-final-140-v1,,csv,,True,482,1,0.34111169421199056,3.7127999821677804,34.60324897202296,0.03660001675598323,,C:\Users\ss\Desktop\XAI\XAI\engines\XAI-Compress\results\hybrid_v2\fixed_benchmark.csv,,0.34111169421199056,3.7127999821677804,,brotli-11,,1328,3.7127999821677804,213.1640625,,2.7551867219917012,0,1,True,,,,,,,lt_16KiB,C:\Users\ss\Desktop\XAI\XAI\engines\XAI-Compress\results\model_v2\lossless_benchmark.csv,b2aeaaf4897e7310def1,368890c6915dfc2a63ac10be7b0435a3422a736a876429753454823b8c34d0b7,PASS,end_to_end_artifact,
True,2.0165471594043023,hybrid-v3-final-140-v1,,csv,,True,457,1,0.362986067053666,4.7633000067435205,52.874991433502174,0.03269998705945909,,C:\Users\ss\Desktop\XAI\XAI\engines\XAI-Compress\results\hybrid_v2\fixed_benchmark.csv,,0.362986067053666,4.7633000067435205,,brotli-11,,1813,4.7633000067435205,213.1640625,,3.9671772428884027,0,1,True,,,,,,,lt_16KiB,C:\Users\ss\Desktop\XAI\XAI\engines\XAI-Compress\phase_j_results.csv,908ba22d7f9287d17ced,4c5a0c65906bb0e16abe8ce4c9119562b5b1b7cecd1cd6fb18b85773c4d03bfa,PASS,end_to_end_artifact,
True,2.5976470588235294,hybrid-v3-final-140-v1,,csv,,True,1380,1,0.3210973761063918,12.622699985513464,55.06950318263799,0.07360000745393336,,C:\Users\ss\Desktop\XAI\XAI\engines\XAI-Compress\results\hybrid_v2\fixed_benchmark.csv,,0.3210973761063918,12.622699985513464,,brotli-11,,4250,12.622699985513464,213.1640625,,3.079710144927536,0,1,True,,,,,,,lt_16KiB,C:\Users\ss\Desktop\XAI\XAI\engines\XAI-Compress\results\final_project\lossless_benchmark.csv,b26de929ad20b7ac9288,0f2012f4ecf0c73cfed0d946774ee75b0ef148af1af15f97eeb94c67bd57638d,PASS,end_to_end_artifact,
True,1.3130699088145896,hybrid-v3-final-140-v1,,csv,,True,756,1,0.4431219832142632,9.912899986375123,95.28467964322871,0.04610000178217888,,C:\Users\ss\Desktop\XAI\XAI\engines\XAI-Compress\results\hybrid_v2\fixed_benchmark.csv,,0.4431219832142632,9.912899986375123,,brotli-11,,4606,9.912899986375123,213.1640625,,6.092592592592593,0,1,True,,,,,,,lt_16KiB,C:\Users\ss\Desktop\XAI\XAI\engines\XAI-Compress\results\hybrid_ai\selector_feature_importance.csv,20cb03e2c284978c7f64,a9b4873721448f7b1fb5613083a62179d3e53decedef4790571beae67ca73c8c,PASS,end_to_end_artifact,
True,1.7091273821464392,hybrid-v3-final-140-v1,,csv,,True,1491,1,0.3874296708607354,17.17909998842515,111.29923415057682,0.05979998968541622,,C:\Users\ss\Desktop\XAI\XAI\engines\XAI-Compress\results\hybrid_v2\fixed_benchmark.csv,,0.3874296708607354,17.17909998842515,,brotli-11,,6979,17.17909998842515,213.1640625,,4.68075117370892,0,1,True,,,,,,,lt_16KiB,C:\Users\ss\Desktop\XAI\XAI\engines\XAI-Compress\results\model_search\imports\auto\residual-scale-depth-3c28504154\v1\results\model_search\residual_scale_depth\short_screen.metrics.csv,fd92d55f5169a15f74dc,d2878628105b722a9242e5190e934ef2a4bf48ec9c17a9646fcbefdafafbd850,PASS,end_to_end_artifact,
True,1.3015237580019836,hybrid-v3-final-140-v1,,csv,,True,9022,1,0.32378303866333236,163.33780001150444,180.43674811999279,0.2930999908130616,,C:\Users\ss\Desktop\XAI\XAI\engines\XAI-Compress\results\hybrid_v2\fixed_benchmark.csv,,0.32378303866333236,163.33780001150444,,brotli-11,,55455,163.33780001150444,213.1640625,,6.1466415428951455,0,1,True,,,,,,,16_64KiB,C:\Users\ss\Desktop\XAI\XAI\engines\XAI-Compress\data\domain_focused\archive (1)\FaceForensics++_C23\csv\FaceShifter.csv,16a980a0d416c9105d7a,4b3d2fe0a72ef335da55058847359ba5e9fe2be0634f2370b331ffe0dd0e8c27,PASS,end_to_end_artifact,
True,1.1802672781095465,hybrid-v3-final-140-v1,,csv,,True,8622,1,0.3723539642839035,149.67929999693297,208.27234920768194,0.26760000037029386,,C:\Users\ss\Desktop\XAI\XAI\engines\XAI-Compress\results\hybrid_v2\fixed_benchmark.csv,,0.3723539642839035,149.67929999693297,,brotli-11,,58441,149.67929999693297,213.1640625,,6.778125724889817,0,1,True,,,,,,,16_64KiB,C:\Users\ss\Desktop\XAI\XAI\engines\XAI-Compress\data\domain_focused\archive (1)\FaceForensics++_C23\csv\NeuralTextures.csv,6e96649c37ae12817da8,c784503f209f929cf4cd3287f8c9139a8e07be314197b17bcad9c6c70bf1810c,PASS,end_to_end_artifact,
True,0.42054611322839686,hybrid-v3-final-140-v1,,csv,,True,41863,1,0.31667285806563633,2398.258300003363,214.2955160400251,3.54400000651367,,C:\Users\ss\Desktop\XAI\XAI\engines\XAI-Compress\results\hybrid_v2\fixed_benchmark.csv,,0.31667285806563633,2398.258300003363,,brotli-11,,796355,2398.258300003363,213.1640625,,19.02288416979194,0,1,True,,,,,,,64KiB_1MiB,C:\Users\ss\Desktop\XAI\XAI\engines\XAI-Compress\phase_h_dataset_report.csv,90bb57d94e3fa72035ad,41567b62dfa6c1170ab0a4817817bc0b973c910a67aad03c0a08b48bc9c6e57e,PASS,end_to_end_artifact,
True,4.262197262197263,hybrid-v3-final-140-v1,,executable,,True,12143,1,0.2519314891270418,86.27800000249408,75.8943539183975,0.2864000271074474,,C:\Users\ss\Desktop\XAI\XAI\engines\XAI-Compress\results\hybrid_v2\fixed_benchmark.csv,,0.2519314891270418,86.27800000249408,,brotli-11,,22792,86.27800000249408,213.1640625,,1.8769661533393724,0,1,True,,,,,,,16_64KiB,C:\Users\ss\Desktop\XAI\XAI\apps\admin_dotnet\bin\Debug\net8.0\Microsoft.Extensions.ObjectPool.dll,63b80d177dabc1b0609f,12d82966713cf606f245b773ea7d3fc13a41674e4d2883d64a5cc1d27e1be304,PASS,end_to_end_artifact,
True,3.631431897555297,hybrid-v3-final-140-v1,,executable,,True,15597,1,0.10717050346177541,305.75809997390024,47.836860158135345,0.6850000063423067,,C:\Users\ss\Desktop\XAI\XAI\engines\XAI-Compress\results\hybrid_v2\fixed_benchmark.csv,,0.10717050346177541,305.75809997390024,,brotli-11,,34360,305.75809997390024,213.1640625,,2.202987754055267,0,1,True,,,,,,,16_64KiB,C:\Users\ss\Desktop\XAI\XAI\apps\admin_dotnet\bin\Debug\net8.0\Microsoft.Extensions.AmbientMetadata.Application.dll,8532a7e7c38dfc36aa1a,8f552ffcd501ab4658e5b70893fb93f4ff005d6e1d824a503c76213717dd9309,PASS,end_to_end_artifact,
True,2.4653867251782775,hybrid-v3-final-140-v1,,image,,True,2809,1,0.164887581638194,52.719200000865385,65.85410821554916,0.13199998647905886,,C:\Users\ss\Desktop\XAI\XAI\engines\XAI-Compress\results\hybrid_v2\fixed_benchmark.csv,,0.164887581638194,52.719200000865385,,brotli-11,,9115,52.719200000865385,213.1640625,,3.244927020291919,0,1,True,,,,,,,lt_16KiB,C:\Users\ss\Desktop\XAI\XAI\engines\XAI-Compress\results\hybrid_ai\figures\01_codec_bpb.png,b431de9bd8324ec90c36,d851ad815612aa7abda02c8cf79713e188c166f2ebc5ae9bb64f9278e151444e,PASS,end_to_end_artifact,
True,2.9073828244664557,hybrid-v3-final-140-v1,,image,,True,3559,1,0.2256918671030943,41.38089998741634,66.00235010858917,0.14150000060908496,,C:\Users\ss\Desktop\XAI\XAI\engines\XAI-Compress\results\hybrid_v2\fixed_benchmark.csv,,0.2256918671030943,41.38089998741634,,brotli-11,,9793,41.38089998741634,213.1640625,,2.7516156223658332,0,1,True,,,,,,,lt_16KiB,C:\Users\ss\Desktop\XAI\XAI\engines\XAI-Compress\results\hybrid_ai\figures\04_decompression_speed.png,801658a38cf0cafec5ef,7a7a72e6e9328c1119c3a10cbafd6de5829ce16a6c77aa5f6e45eb00fcebe075,PASS,end_to_end_artifact,
True,24.0,hybrid-v3-final-140-v1,,json,,True,6,1,0.012401485998371094,0.15380000695586205,0.10038677460614091,0.018999999156221747,,C:\Users\ss\Desktop\XAI\XAI\engines\XAI-Compress\results\hybrid_v2\fixed_benchmark.csv,,0.012401485998371094,0.15380000695586205,,brotli-11,,2,0.15380000695586205,213.1640625,,0.3333333333333333,0,1,True,,,,,,,lt_16KiB,C:\Users\ss\Desktop\XAI\XAI\engines\XAI-Compress\results\benchmark_results.json,b2d26822f2e8d5499ddf,4f53cda18c2baa0c0354bb5f9a3ecbe5ed12ab4d8e11ba873c2f11161202b945,PASS,end_to_end_artifact,
True,9.03225806451613,hybrid-v3-final-140-v1,,json,,True,35,1,0.01948968546546952,1.5168999962043017,1.749342150582076,0.016900012269616127,,C:\Users\ss\Desktop\XAI\XAI\engines\XAI-Compress\results\hybrid_v2\fixed_benchmark.csv,,0.01948968546546952,1.5168999962043017,,brotli-11,,31,1.5168999962043017,213.1640625,,0.8857142857142857,0,1,True,,,,,,,lt_16KiB,C:\Users\ss\Desktop\XAI\XAI\apps\public_nextjs\.next\static\webpack\1cde06a0bb489b45.webpack.hot-update.json,215155f5831d7da605e0,eea3c145b3456fcdf200b061ba939627d594c39727e9faa523ed958ed05b4705,PASS,end_to_end_artifact,
True,7.228915662650603,hybrid-v3-final-140-v1,,json,,True,75,1,0.05956876042825209,1.3287999900057912,2.59524491112358,0.030499999411404133,,C:\Users\ss\Desktop\XAI\XAI\engines\XAI-Compress\results\hybrid_v2\fixed_benchmark.csv,,0.05956876042825209,1.3287999900057912,,brotli-11,,83,1.3287999900057912,213.1640625,,1.1066666666666667,0,1,True,,,,,,,lt_16KiB,C:\Users\ss\Desktop\XAI\XAI\apps\public_nextjs\.next\server\middleware-manifest.json,e43e7849d7ac7eee3e69,0a8520bc7e076f7ae717c2d62713990c83e8a3d74626f327a3844bc0504e210c,PASS,end_to_end_artifact,
True,3.519230769230769,hybrid-v3-final-140-v1,,json,,True,183,1,0.10959048512405635,3.6201000039000064,9.559724221893235,0.04149999585933983,,C:\Users\ss\Desktop\XAI\XAI\engines\XAI-Compress\results\hybrid_v2\fixed_benchmark.csv,,0.10959048512405635,3.6201000039000064,,brotli-11,,416,3.6201000039000064,213.1640625,,2.273224043715847,0,1,True,,,,,,,lt_16KiB,C:\Users\ss\Desktop\XAI\XAI\apps\admin_dotnet\bin\Debug\net8.0\AdminDotNet.runtimeconfig.json,719549724763a3953a3a,ecd7bfb0f847a8a076f6667982b0269c02817104969d5fff106f5c66a226fb81,PASS,end_to_end_artifact,
True,2.84297520661157,hybrid-v3-final-140-v1,,json,,True,215,1,0.2612155750819665,2.208799996878952,20.754417133147893,0.02780000795610249,,C:\Users\ss\Desktop\XAI\XAI\engines\XAI-Compress\results\hybrid_v2\fixed_benchmark.csv,,0.2612155750819665,2.208799996878952,,brotli-11,,605,2.208799996878952,213.1640625,,2.813953488372093,0,1,True,,,,,,,lt_16KiB,C:\Users\ss\Desktop\XAI\XAI\apps\web_angular\package.after-audit-force.json,a5121d3f04b140dd77b4,a54a4b741387d4d30886d73347414984eb04eca6a9342d2ddc95007452be349b,PASS,end_to_end_artifact,
True,3.155509783728115,hybrid-v3-final-140-v1,,json,,True,383,1,0.2651598533482968,3.4923000202979892,28.58080852994148,0.03239998477511108,,C:\Users\ss\Desktop\XAI\XAI\engines\XAI-Compress\results\hybrid_v2\fixed_benchmark.csv,,0.2651598533482968,3.4923000202979892,,brotli-11,,971,3.4923000202979892,213.1640625,,2.535248041775457,0,1,True,,,,,,,lt_16KiB,C:\Users\ss\Desktop\XAI\XAI\engines\XAI-Compress\results\hybrid_ai\baseline_integrity.json,4416f13ac2189fe77572,cd04761d44d585b7a54c68e816c52917d1e500caeb8f54038c8df0ab8c3ebd99,PASS,end_to_end_artifact,
True,2.8878048780487804,hybrid-v3-final-140-v1,,json,,True,370,1,0.20935858532608073,4.6691000170540065,18.4089685843041,0.053099996875971556,,C:\Users\ss\Desktop\XAI\XAI\engines\XAI-Compress\results\hybrid_v2\fixed_benchmark.csv,,0.20935858532608073,4.6691000170540065,,brotli-11,,1025,4.6691000170540065,213.1640625,,2.77027027027027,0,1,True,,,,,,,lt_16KiB,C:\Users\ss\Desktop\XAI\XAI\engines\XAI-Compress\checkpoints\kaggle\best.summary.json,0b56a8336d926b137c46,36d7ff7d23c7c79b267328f694b89acbdab85844f282d3bd8205b40b6f0846ac,PASS,end_to_end_artifact,
True,5.734820322180917,hybrid-v3-final-140-v1,,json,,True,1157,1,0.36472924155260666,4.220200004056096,31.93422778267538,0.048200017772614956,,C:\Users\ss\Desktop\XAI\XAI\engines\XAI-Compress\results\hybrid_v2\fixed_benchmark.csv,,0.36472924155260666,4.220200004056096,,brotli-11,,1614,4.220200004056096,213.1640625,,1.3949870354364737,0,1,True,,,,,,,lt_16KiB,C:\Users\ss\Desktop\XAI\XAI\apps\admin_dotnet\obj\Debug\net8.0\rjsmcshtml.dswa.cache.json,d3bde520fa745484d111,69470693549db47d18ddfac57102451e5bdea2d08140822f2174048564223313,PASS,end_to_end_artifact,
True,2.937354988399072,hybrid-v3-final-140-v1,,json,,True,633,1,0.19573962137952503,8.399599988479167,27.866694553734565,0.058999983593821526,,C:\Users\ss\Desktop\XAI\XAI\engines\XAI-Compress\results\hybrid_v2\fixed_benchmark.csv,,0.19573962137952503,8.399599988479167,,brotli-11,,1724,8.399599988479167,213.1640625,,2.7235387045813586,0,1,True,,,,,,,lt_16KiB,C:\Users\ss\Desktop\XAI\XAI\engines\XAI-Compress\notebooks\06_model_architecture.ipynb,2aaa61682ef5b2eeabcd,100b91a148d3b236cee1cd42b9a4b86eba4b59f63e453e6c16c75745b3af30dd,PASS,end_to_end_artifact,
True,1.6184748616790956,hybrid-v3-final-140-v1,,json,,True,841,1,0.3074793986502552,12.893300008727238,86.1831314202416,0.04600000102072954,,C:\Users\ss\Desktop\XAI\XAI\engines\XAI-Compress\results\hybrid_v2\fixed_benchmark.csv,,0.3074793986502552,12.893300008727238,,brotli-11,,4157,12.893300008727238,213.1640625,,4.942925089179548,0,1,True,,,,,,,lt_16KiB,C:\Users\ss\Desktop\XAI\XAI\apps\admin_dotnet\obj\Debug\net8.0\staticwebassets.build.json,5b2a797175be2fc16d7c,1c8e6c8b6ff3ec92e978cd88235af2a4583538d0f632eb3181ef69e8b88eb97f,PASS,end_to_end_artifact,
True,0.862490788504053,hybrid-v3-final-140-v1,,json,,True,2926,1,0.2994347542227787,86.43860000302084,227.44044327847251,0.11379999341443181,,C:\Users\ss\Desktop\XAI\XAI\engines\XAI-Compress\results\hybrid_v2\fixed_benchmark.csv,,0.2994347542227787,86.43860000302084,,brotli-11,,27140,86.43860000302084,213.1640625,,9.275461380724538,0,1,True,,,,,,,16_64KiB,C:\Users\ss\Desktop\XAI\XAI\engines\XAI-Compress\results\final\lossless_benchmark.json,1f2e48d06ee45b484a60,22772bfedd8015fb1f771646625db2af08ea12c3f8205a8cd59e95c263993ff0,PASS,end_to_end_artifact,
True,0.671134162574012,hybrid-v3-final-140-v1,,json,,True,7311,1,0.2534539954829308,327.9127999849152,400.7271276035929,0.20740000763908029,,C:\Users\ss\Desktop\XAI\XAI\engines\XAI-Compress\results\hybrid_v2\fixed_benchmark.csv,,0.2534539954829308,327.9127999849152,,brotli-11,,87148,327.9127999849152,213.1640625,,11.92012036657092,0,1,True,,,,,,,64KiB_1MiB,C:\Users\ss\Desktop\XAI\XAI\apps\admin_dotnet\obj\project.assets.json,d27dc1d6d4717d80c545,55a1d5d8ca7de1337f99fbd657fb61a2cefb5d4be40b2476dbd13b43ff71e374,PASS,end_to_end_artifact,
True,1.5108271210507633,hybrid-v3-final-140-v1,,logs,,True,532,1,0.20129329282272854,13.346200023079291,56.20292304657342,0.04780001472681761,,C:\Users\ss\Desktop\XAI\XAI\engines\XAI-Compress\results\hybrid_v2\fixed_benchmark.csv,,0.20129329282272854,13.346200023079291,,brotli-11,,2817,13.346200023079291,213.1640625,,5.295112781954887,0,1,True,,,,,,,lt_16KiB,C:\Users\ss\Desktop\XAI\XAI\engines\XAI-Compress\phase_g_run.log,cd260a4c13627b0f1896,049847514968689f7ed8bd72ba187a997cdc3c23060f634d7ffb9ffc4f3bcbbf,PASS,end_to_end_artifact,
True,0.4686872293889211,hybrid-v3-final-140-v1,,logs,,True,2625,1,0.20009670604109075,213.54840000276454,388.8110483338122,0.10989999282173812,,C:\Users\ss\Desktop\XAI\XAI\engines\XAI-Compress\results\hybrid_v2\fixed_benchmark.csv,,0.20009670604109075,213.54840000276454,,brotli-11,,44806,213.54840000276454,213.1640625,,17.068952380952382,0,1,True,,,,,,,16_64KiB,C:\Users\ss\Desktop\XAI\XAI\engines\XAI-Compress\results\model_search\imports\candidate_b_20260830-183205\watch.log,1dfa898e4b00116e4cab,73d25606af40894a02d803dd1d00b7bdd83f57b2cef22bba822b649b5a9914b8,PASS,end_to_end_artifact,
True,7.636363636363637,hybrid-v3-final-140-v1,,markdown,,True,63,1,0.0573246852724255,1.0980000079143792,2.6335767987744734,0.023900007363408804,,C:\Users\ss\Desktop\XAI\XAI\engines\XAI-Compress\results\hybrid_v2\fixed_benchmark.csv,,0.0573246852724255,1.0980000079143792,,brotli-11,,66,1.0980000079143792,213.1640625,,1.0476190476190477,0,1,True,,,,,,,lt_16KiB,C:\Users\ss\Desktop\XAI\XAI\tools\qt_inspector\README.md,aedca929aa742fd71e9b,5dfa2133fba34e78ab059ad7b58c6e465b55a9ca47c56c61c18f8b6375d769f7,PASS,end_to_end_artifact,
True,3.6964285714285716,hybrid-v3-final-140-v1,,markdown,,True,207,1,0.15183953833037972,2.8138000052422285,12.277185526030781,0.03480000304989517,,C:\Users\ss\Desktop\XAI\XAI\engines\XAI-Compress\results\hybrid_v2\fixed_benchmark.csv,,0.15183953833037972,2.8138000052422285,,brotli-11,,448,2.8138000052422285,213.1640625,,2.1642512077294684,0,1,True,,,,,,,lt_16KiB,C:\Users\ss\Desktop\XAI\XAI\engines\XAI-Compress\reports\experiment_report.md,81a445cc02e5ab1cabd2,20f398f646b5787c9f2fc81d3d3d4a5e60f41a1a3da1763185b0a9731b9e693d,PASS,end_to_end_artifact,
True,3.778894472361809,hybrid-v3-final-140-v1,,markdown,,True,282,1,0.1230693799658623,4.626200010534376,12.011464695957148,0.04740001168102026,,C:\Users\ss\Desktop\XAI\XAI\engines\XAI-Compress\results\hybrid_v2\fixed_benchmark.csv,,0.1230693799658623,4.626200010534376,,brotli-11,,597,4.626200010534376,213.1640625,,2.117021276595745,0,1,True,,,,,,,lt_16KiB,C:\Users\ss\Desktop\XAI\XAI\apps\public_nextjs\docs\INTEGRATION.md,2b5091e58cb6922ad60d,3d46921c4c74772c20f7b5fa7a719d5b31bcbc1b695fc2652443b63baf32e264,PASS,end_to_end_artifact,
True,3.4822190611664294,hybrid-v3-final-140-v1,,markdown,,True,306,1,0.23959439773626243,2.7982000028714538,11.866066801763331,0.056500022765249014,,C:\Users\ss\Desktop\XAI\XAI\engines\XAI-Compress\results\hybrid_v2\fixed_benchmark.csv,,0.23959439773626243,2.7982000028714538,,brotli-11,,703,2.7982000028714538,213.1640625,,2.2973856209150325,0,1,True,,,,,,,lt_16KiB,C:\Users\ss\Desktop\XAI\XAI\apps\mobile_authenticator_flutter\docs\PRODUCTION_CHECKLIST.md,8028fd8746ec7555a569,3bbd3f87d7a578d34926dc2bd3bda47187a999d8146c2ef5992c43ffad738935,PASS,end_to_end_artifact,
True,3.6363636363636362,hybrid-v3-final-140-v1,,markdown,,True,390,1,0.1600775807590726,5.11160001042299,15.18093726208025,0.05390000296756625,,C:\Users\ss\Desktop\XAI\XAI\engines\XAI-Compress\results\hybrid_v2\fixed_benchmark.csv,,0.1600775807590726,5.11160001042299,,brotli-11,,858,5.11160001042299,213.1640625,,2.2,0,1,True,,,,,,,lt_16KiB,C:\Users\ss\Desktop\XAI\XAI\apps\mobile_authenticator_flutter\docs\INTEGRATION.md,1cff286a0579303a0e2e,d6799bd13be04d1d2446707a0f240191e77eb76daefa5f5b3b22c38239284793,PASS,end_to_end_artifact,
True,3.452685421994885,hybrid-v3-final-140-v1,,markdown,,True,675,1,0.2883051386119223,5.173499986995012,33.14548554250842,0.04499999340623617,,C:\Users\ss\Desktop\XAI\XAI\engines\XAI-Compress\results\hybrid_v2\fixed_benchmark.csv,,0.2883051386119223,5.173499986995012,,brotli-11,,1564,5.173499986995012,213.1640625,,2.317037037037037,0,1,True,,,,,,,lt_16KiB,C:\Users\ss\Desktop\XAI\XAI\apps\desktop_flutter\README.md,f8acbe64385c0bc28390,4cfcaebd97a13aec2e70779876662da997871c92f5ed9cc669025f78f727c887,PASS,end_to_end_artifact,
True,3.65625,hybrid-v3-final-140-v1,,markdown,,True,936,1,0.24094211851579397,8.106199995381758,32.176690467560014,0.060699996538460255,,C:\Users\ss\Desktop\XAI\XAI\engines\XAI-Compress\results\hybrid_v2\fixed_benchmark.csv,,0.24094211851579397,8.106199995381758,,brotli-11,,2048,8.106199995381758,213.1640625,,2.1880341880341883,0,1,True,,,,,,,lt_16KiB,C:\Users\ss\Desktop\XAI\XAI\engines\XAI-Compress\results\final_project\audit.md,c9bfc414215801365a64,b3e7972e3affbfa8daff03c83b28362433865e6be2d30b49c3b1993ddea36b6e,PASS,end_to_end_artifact,
True,3.2373290426387773,hybrid-v3-final-140-v1,,markdown,,True,1509,1,0.28932608120605874,12.29149999562651,37.872758284132146,0.09389998740516603,,C:\Users\ss\Desktop\XAI\XAI\engines\XAI-Compress\results\hybrid_v2\fixed_benchmark.csv,,0.28932608120605874,12.29149999562651,,brotli-11,,3729,12.29149999562651,213.1640625,,2.4711729622266403,0,1,True,,,,,,,lt_16KiB,C:\Users\ss\Desktop\XAI\XAI\engines\XAI-Compress\results\model_v2\lossless_v2_preflight.md,efd24e78ff6d0f481461,192bc0dbbe4e4824a4decf70cbce5ea391b08c651340cb3c579cb571f18b61b1,PASS,end_to_end_artifact,
True,2.90173775671406,hybrid-v3-final-140-v1,,markdown,,True,2296,1,0.16128257570208213,37.42969999439083,24.166365783403897,0.24980001035146415,,C:\Users\ss\Desktop\XAI\XAI\engines\XAI-Compress\results\hybrid_v2\fixed_benchmark.csv,,0.16128257570208213,37.42969999439083,,brotli-11,,6330,37.42969999439083,213.1640625,,2.7569686411149825,0,1,True,,,,,,,lt_16KiB,C:\Users\ss\Desktop\XAI\XAI\engines\XAI-Compress\results\model_search\imports\auto\lr-0-0002-f316e33308\v1\XAI-Compress\scripts\kaggle\README.md,8a329048e6e90bc5e436,32285e607936abe62cd5bf70740c76222f091d79f6c60df3ee12426de4e5d1cd,PASS,end_to_end_artifact,
True,3.4285714285714284,hybrid-v3-final-140-v1,,model,,True,456,1,0.12579614831877436,8.066300011705607,16.3927201876186,0.0619000056758523,,C:\Users\ss\Desktop\XAI\XAI\engines\XAI-Compress\results\hybrid_v2\fixed_benchmark.csv,,0.12579614831877436,8.066300011705607,,brotli-11,,1064,8.066300011705607,213.1640625,,2.3333333333333335,0,1,True,,,,,,,lt_16KiB,C:\Users\ss\Desktop\XAI\XAI\engines\XAI-Compress\data\test\archive\results\checkpoint-140\scheduler.pt,b09d33b1dd2c5da1b94b,68a7b978420557cea41317e4bf3e948ca294f39743cbbedc6a76ddc9e05e6bf6,PASS,end_to_end_artifact,
True,6.504291593180482,hybrid-v3-final-140-v1,,model,,True,110638,1,0.11229182668638121,1155.7029999967199,36.37525621151872,3.5676999832503498,,C:\Users\ss\Desktop\XAI\XAI\engines\XAI-Compress\results\hybrid_v2\fixed_benchmark.csv,,0.11229182668638121,1155.7029999967199,,brotli-11,,136080,1155.7029999967199,213.1640625,,1.2299571575769628,0,1,True,,,,,,,64KiB_1MiB,C:\Users\ss\Desktop\XAI\XAI\engines\XAI-Compress\checkpoints\neural_lossy_v1\validation.latest.pt,bc559421f72cb439e577,95655d8929f221dbc9debec84eae3c13548be004c7b47632d6559012d6eaa5e0,PASS,end_to_end_artifact,
True,7.19738226294792,hybrid-v3-final-140-v1,,model,,True,1346964,1,0.1570527885815049,9091.296900005545,42.319253616343794,33.73910000664182,,C:\Users\ss\Desktop\XAI\XAI\engines\XAI-Compress\results\hybrid_v2\fixed_benchmark.csv,,0.1570527885815049,9091.296900005545,,brotli-11,,1497171,9091.296900005545,213.1640625,,1.1115152298056963,0,1,True,,,,,,,1_10MiB,C:\Users\ss\Desktop\XAI\XAI\engines\XAI-Compress\checkpoints\gru_smoke.pt,46873d3cf1d109fce5fb,dd3923d08d580c8fc805fe3212309d5f62fee16126165fcca95949dd9624f692,PASS,end_to_end_artifact,
True,6.964275244685759,hybrid-v3-final-140-v1,,model,,True,1303654,1,0.12527339194843592,11400.335999991512,48.529454558959074,29.428700014250353,,C:\Users\ss\Desktop\XAI\XAI\engines\XAI-Compress\results\hybrid_v2\fixed_benchmark.csv,,0.12527339194843592,11400.335999991512,,brotli-11,,1497533,11400.335999991512,213.1640625,,1.148719675619451,0,1,True,,,,,,,1_10MiB,C:\Users\ss\Desktop\XAI\XAI\engines\XAI-Compress\checkpoints\phase_j_v1_256.pt,1a26220d1e9b364d612d,d5775fd5f77bf27e075a031d5ab07616cfe43df73d2e23892ec20efa00dcfb85,PASS,end_to_end_artifact,
True,7.1884253288201405,hybrid-v3-final-140-v1,,model,,True,26658792,1,0.312706032250475,90481.65070000687,67.9280965454952,416.5309999953024,,C:\Users\ss\Desktop\XAI\XAI\engines\XAI-Compress\results\hybrid_v2\fixed_benchmark.csv,,0.312706032250475,90481.65070000687,,brotli-11,,29668575,90481.65070000687,213.1640625,,1.11290020192963,0,1,True,,,,,,,gt_10MiB,C:\Users\ss\Desktop\XAI\XAI\engines\XAI-Compress\checkpoints\model_search\residual-scale-depth-3c28504154\preflight.pt,9ace52ebc2064c6576de,9435ed6b438cfc1b3c0fff31c6d139431d7cab1bded5dfd4bc1f04bc8032a04e,PASS,end_to_end_artifact,
True,7.167234854119658,hybrid-v3-final-140-v1,,model,,True,26589437,1,0.29716880750490576,95245.47640001401,65.56849411871127,431.6705000237562,,C:\Users\ss\Desktop\XAI\XAI\engines\XAI-Compress\results\hybrid_v2\fixed_benchmark.csv,,0.29716880750490576,95245.47640001401,,brotli-11,,29678879,95245.47640001401,213.1640625,,1.1161905759794764,0,1,True,,,,,,,gt_10MiB,C:\Users\ss\Desktop\XAI\XAI\engines\XAI-Compress\results\model_search\imports\auto\residual-scale-depth-3c28504154\v1\results\model_search\residual_scale_depth\short_screen.pt,43a808afe4de5b474271,989ec35dfeb8ed0d723b5ee89608d0ef8ffbfc9dbf86e3bc168d6c6b8884f1af,PASS,end_to_end_artifact,
True,5.383177570093458,hybrid-v3-final-140-v1,,source_code,,True,72,1,0.08837200498276139,1.154699973994866,4.59653350148862,0.02220002352260053,,C:\Users\ss\Desktop\XAI\XAI\engines\XAI-Compress\results\hybrid_v2\fixed_benchmark.csv,,0.08837200498276139,1.154699973994866,,brotli-11,,107,1.154699973994866,213.1640625,,1.4861111111111112,0,1,True,,,,,,,lt_16KiB,C:\Users\ss\Desktop\XAI\XAI\apps\web_angular\SETUP_WINDOWS.bat,a208d145692f560be957,163b91ecdd2a140b99e8071d4b150abdeac0050138b60bc483286c1f6d9ad345,PASS,end_to_end_artifact,
True,6.371681415929204,hybrid-v3-final-140-v1,,source_code,,True,90,1,0.05697641852668544,1.891399995656684,4.362966236000401,0.024699984351173043,,C:\Users\ss\Desktop\XAI\XAI\engines\XAI-Compress\results\hybrid_v2\fixed_benchmark.csv,,0.05697641852668544,1.891399995656684,,brotli-11,,113,1.891399995656684,213.1640625,,1.2555555555555555,0,1,True,,,,,,,lt_16KiB,C:\Users\ss\Desktop\XAI\XAI\apps\public_nextjs\.next\server\next-font-manifest.js,79bb325c3295747efea3,a464413ee75e1016f3e46f43acd014660ae511a62f634896d1cd75eed7a6e47d,PASS,end_to_end_artifact,
True,6.857142857142857,hybrid-v3-final-140-v1,,source_code,,True,114,1,0.07671385193047076,1.6534000169485807,4.993651008264804,0.025399989681318402,,C:\Users\ss\Desktop\XAI\XAI\engines\XAI-Compress\results\hybrid_v2\fixed_benchmark.csv,,0.07671385193047076,1.6534000169485807,,brotli-11,,133,1.6534000169485807,213.1640625,,1.1666666666666667,0,1,True,,,,,,,lt_16KiB,C:\Users\ss\Desktop\XAI\XAI\engines\XAI-Compress\results\model_search\imports\auto\lr-0-0002-f316e33308\v1\XAI-Compress\scripts\kaggle\update_kaggle.ps1,bb914fd114f4206a6405,0f70ab56771161c148a99485db582812585e89a4a3eb060725535b25301f5763,PASS,end_to_end_artifact,
True,4.793522267206478,hybrid-v3-final-140-v1,,source_code,,True,148,1,0.1154467539258577,2.0403999951668084,8.323585096788193,0.028300011763349175,,C:\Users\ss\Desktop\XAI\XAI\engines\XAI-Compress\results\hybrid_v2\fixed_benchmark.csv,,0.1154467539258577,2.0403999951668084,,brotli-11,,247,2.0403999951668084,213.1640625,,1.6689189189189189,0,1,True,,,,,,,lt_16KiB,C:\Users\ss\Desktop\XAI\XAI\apps\mobile_authenticator_flutter\SETUP_WINDOWS.bat,f6d794d2819bbe2fb86d,654652a218ec1d4fd76cc9c199ab7556a82d59fcd12a971d2fdc2db978a5e4a9,PASS,end_to_end_artifact,
True,4.850393700787402,hybrid-v3-final-140-v1,,source_code,,True,154,1,0.11560792044221488,2.095300005748868,6.546846953142821,0.036999990697950125,,C:\Users\ss\Desktop\XAI\XAI\engines\XAI-Compress\results\hybrid_v2\fixed_benchmark.csv,,0.11560792044221488,2.095300005748868,,brotli-11,,254,2.095300005748868,213.1640625,,1.6493506493506493,0,1,True,,,,,,,lt_16KiB,C:\Users\ss\Desktop\XAI\XAI\apps\web_angular\src\app\core\auth.guard.ts,e04070013dcbd69ecb20,91a6eb959ffc25a91d5c84d9ada255abf52b0399bebc79f78a82e0d948a20fa9,PASS,end_to_end_artifact,
True,3.7313432835820897,hybrid-v3-final-140-v1,,source_code,,True,125,1,0.12950834523404972,1.9734999805223197,9.396495770850164,0.02720000338740647,,C:\Users\ss\Desktop\XAI\XAI\engines\XAI-Compress\results\hybrid_v2\fixed_benchmark.csv,,0.12950834523404972,1.9734999805223197,,brotli-11,,268,1.9734999805223197,213.1640625,,2.144,0,1,True,,,,,,,lt_16KiB,C:\Users\ss\Desktop\XAI\XAI\apps\public_nextjs\next-env.d.ts,bde3693e1919277f0d4f,f4e8976c19fc926644d72610bf1058bd6bf52add97e46a02bc0b912a751625c0,PASS,end_to_end_artifact,
True,3.7142857142857144,hybrid-v3-final-140-v1,,source_code,,True,182,1,0.08542773981645094,4.376099997898564,7.937165359877356,0.04709998029284179,,C:\Users\ss\Desktop\XAI\XAI\engines\XAI-Compress\results\hybrid_v2\fixed_benchmark.csv,,0.08542773981645094,4.376099997898564,,brotli-11,,392,4.376099997898564,213.1640625,,2.1538461538461537,0,1,True,,,,,,,lt_16KiB,C:\Users\ss\Desktop\XAI\XAI\apps\web_angular\src\app\app.config.ts,3751e5d534b30709cc70,45ffaad4aeaab69c287b21b96deb8cddfa8cb6f9ca270a24dd4169e7dc88eb3c,PASS,end_to_end_artifact,
True,3.820662768031189,hybrid-v3-final-140-v1,,source_code,,True,245,1,0.09862613082285843,4.96050002402626,9.144578037977507,0.053499999921768904,,C:\Users\ss\Desktop\XAI\XAI\engines\XAI-Compress\results\hybrid_v2\fixed_benchmark.csv,,0.09862613082285843,4.96050002402626,,brotli-11,,513,4.96050002402626,213.1640625,,2.093877551020408,0,1,True,,,,,,,lt_16KiB,C:\Users\ss\Desktop\XAI\XAI\apps\public_nextjs\.next\server\middleware-build-manifest.js,3227da1dbc2dfac8e17f,d7900bd9987dd29c4a92a21f79d974d36c0ed78d922c14856cf7943295ba71d6,PASS,end_to_end_artifact,
True,3.796133567662566,hybrid-v3-final-140-v1,,source_code,,True,270,1,0.09147993630461995,5.931799998506904,10.536709527461293,0.05150001379661262,,C:\Users\ss\Desktop\XAI\XAI\engines\XAI-Compress\results\hybrid_v2\fixed_benchmark.csv,,0.09147993630461995,5.931799998506904,,brotli-11,,569,5.931799998506904,213.1640625,,2.1074074074074076,0,1,True,,,,,,,lt_16KiB,C:\Users\ss\Desktop\XAI\XAI\apps\web_angular\.angular\cache\20.3.28\xai-web\vite\deps\chunk-N2L2W5DK.js,e82ab03d226a655e5c2f,cc17dc1f9700b9c67043b7391a430658eb888a715aaa9cb188103677aaca442e,PASS,end_to_end_artifact,
True,3.447887323943662,hybrid-v3-final-140-v1,,source_code,,True,306,1,0.12089285058626845,5.600899981800467,12.656238610066335,0.053499999921768904,,C:\Users\ss\Desktop\XAI\XAI\engines\XAI-Compress\results\hybrid_v2\fixed_benchmark.csv,,0.12089285058626845,5.600899981800467,,brotli-11,,710,5.600899981800467,213.1640625,,2.320261437908497,0,1,True,,,,,,,lt_16KiB,C:\Users\ss\Desktop\XAI\XAI\apps\mobile_authenticator_flutter\test\totp_service_test.dart,2dcc3b9b19cb845ad6a1,920a9a96e5749591c9cd8b055ff143b5dd82f36e0e441f6d70401258762ef07e,PASS,end_to_end_artifact,
True,3.001003009027081,hybrid-v3-final-140-v1,,source_code,,True,374,1,0.21473718254399332,4.427799984114245,20.58037318416046,0.046200002543628216,,C:\Users\ss\Desktop\XAI\XAI\engines\XAI-Compress\results\hybrid_v2\fixed_benchmark.csv,,0.21473718254399332,4.427799984114245,,brotli-11,,997,4.427799984114245,213.1640625,,2.665775401069519,0,1,True,,,,,,,lt_16KiB,C:\Users\ss\Desktop\XAI\XAI\apps\mobile_authenticator_flutter\lib\services\totp_service.dart,e6054482722e27c4eb52,56bb7d91b99883b6a6034fb0d9323ef5f64d98e5d83168c3b3e2bbc7adbb5961,PASS,end_to_end_artifact,
True,3.5759312320916905,hybrid-v3-final-140-v1,,source_code,,True,468,1,0.1651390926180019,6.04639999801293,17.010167498216337,0.05870001041330397,,C:\Users\ss\Desktop\XAI\XAI\engines\XAI-Compress\results\hybrid_v2\fixed_benchmark.csv,,0.1651390926180019,6.04639999801293,,brotli-11,,1047,6.04639999801293,213.1640625,,2.2371794871794872,0,1,True,,,,,,,lt_16KiB,C:\Users\ss\Desktop\XAI\XAI\apps\public_nextjs\app\pricing\page.tsx,ca528c2924b4d66a7016,87b6aa6f3f61cf2008b2ccfb1edf731dbdba519b7aa7cd203599234bd1302a90,PASS,end_to_end_artifact,
True,2.591549295774648,hybrid-v3-final-140-v1,,source_code,,True,368,1,0.1485824424072242,7.291400019312277,20.09970248219483,0.05390000296756625,,C:\Users\ss\Desktop\XAI\XAI\engines\XAI-Compress\results\hybrid_v2\fixed_benchmark.csv,,0.1485824424072242,7.291400019312277,,brotli-11,,1136,7.291400019312277,213.1640625,,3.0869565217391304,0,1,True,,,,,,,lt_16KiB,C:\Users\ss\Desktop\XAI\XAI\apps\mobile_authenticator_flutter\lib\models\authenticator_account.dart,d3b05331d36f10bb2338,47906d4e9c1fadbd84ae5815105769d9239c449886c93ae942ec76849cc5c375,PASS,end_to_end_artifact,
True,3.4485165794066317,hybrid-v3-final-140-v1,,source_code,,True,494,1,0.12613662264761433,8.66449999739416,15.70273952324919,0.06960000609979033,,C:\Users\ss\Desktop\XAI\XAI\engines\XAI-Compress\results\hybrid_v2\fixed_benchmark.csv,,0.12613662264761433,8.66449999739416,,brotli-11,,1146,8.66449999739416,213.1640625,,2.3198380566801617,0,1,True,,,,,,,lt_16KiB,C:\Users\ss\Desktop\XAI\XAI\analytics\XAI-Compress-Analysis-Suite\analysis_suite\common.py,af06e08a932131b2bd52,ce0eb8b1ba85ee57b94602fa7dffb3adb5bd24bba502b9d243a4b07e2b0dbd86,PASS,end_to_end_artifact,
True,3.7288702928870294,hybrid-v3-final-140-v1,,source_code,,True,557,1,0.1741478297143995,6.544099975144491,20.72073769199264,0.05500001134350896,,C:\Users\ss\Desktop\XAI\XAI\engines\XAI-Compress\results\hybrid_v2\fixed_benchmark.csv,,0.1741478297143995,6.544099975144491,,brotli-11,,1195,6.544099975144491,213.1640625,,2.1454219030520645,0,1,True,,,,,,,lt_16KiB,C:\Users\ss\Desktop\XAI\XAI\apps\web_angular\src\app\pages\files.page.ts,af53b59784cf5fa3bd54,da67ea12c91801f10dd8255aea339e7d3d6c29ec3388aed4a2aa3f5788fed17a,PASS,end_to_end_artifact,
True,3.8378825475599667,hybrid-v3-final-140-v1,,source_code,,True,580,1,0.18086436637095554,6.374899996444583,23.106056337781727,0.04990000161342323,,C:\Users\ss\Desktop\XAI\XAI\engines\XAI-Compress\results\hybrid_v2\fixed_benchmark.csv,,0.18086436637095554,6.374899996444583,,brotli-11,,1209,6.374899996444583,213.1640625,,2.0844827586206898,0,1,True,,,,,,,lt_16KiB,C:\Users\ss\Desktop\XAI\XAI\engines\XAI-Compress\results\model_search\imports\auto\lr-0-0002-f316e33308\v1\XAI-Compress\scripts\kaggle\submit_v2_lr_0002_diagnostic.ps1,aa14e7284e6e012d372f,f1cc3850676d33b3b1deb8f9539c4b5609c58cbfa463e6ee2029f4c285702291,PASS,end_to_end_artifact,
True,3.702970297029703,hybrid-v3-final-140-v1,,source_code,,True,561,1,0.2229612216905586,5.18410000950098,24.592618279183707,0.04700000863522291,,C:\Users\ss\Desktop\XAI\XAI\engines\XAI-Compress\results\hybrid_v2\fixed_benchmark.csv,,0.2229612216905586,5.18410000950098,,brotli-11,,1212,5.18410000950098,213.1640625,,2.160427807486631,0,1,True,,,,,,,lt_16KiB,C:\Users\ss\Desktop\XAI\XAI\apps\public_nextjs\app\docs\page.tsx,f34def9fb472356e4ee0,9f009eb9fe78123ba150c0dd17cdb81ac5617ce62490cd39e8d25985559532a5,PASS,end_to_end_artifact,
True,3.744955609362389,hybrid-v3-final-140-v1,,source_code,,True,580,1,0.18434598781854605,6.409699999494478,20.40764058430836,0.057900004321709275,,C:\Users\ss\Desktop\XAI\XAI\engines\XAI-Compress\results\hybrid_v2\fixed_benchmark.csv,,0.18434598781854605,6.409699999494478,,brotli-11,,1239,6.409699999494478,213.1640625,,2.136206896551724,0,1,True,,,,,,,lt_16KiB,C:\Users\ss\Desktop\XAI\XAI\engines\XAI-Compress\results\model_search\imports\auto\lr-0-0002-f316e33308\v1\XAI-Compress\scripts\kaggle\submit_activation_diagnostic.ps1,c3c9844aee9863dd7af6,e7ac9eff8361b426da90eb20526f500c8707721d7def73511aac18e32b8d66a6,PASS,end_to_end_artifact,
True,2.61294964028777,hybrid-v3-final-140-v1,,source_code,,True,454,1,0.21777678598545427,6.087000016123056,20.9416677279835,0.06329998723231256,,C:\Users\ss\Desktop\XAI\XAI\engines\XAI-Compress\results\hybrid_v2\fixed_benchmark.csv,,0.21777678598545427,6.087000016123056,,brotli-11,,1390,6.087000016123056,213.1640625,,3.0616740088105727,0,1,True,,,,,,,lt_16KiB,C:\Users\ss\Desktop\XAI\XAI\analytics\XAI-Compress-Analysis-Suite\run_analysis_windows.bat,e1347c6d4abccf03a43d,f2ca5ca64ca5873c1345449c0665e5e2bd8c4522ded6f4a17f4c4e8f8764b488,PASS,end_to_end_artifact,
True,3.7457627118644066,hybrid-v3-final-140-v1,,source_code,,True,663,1,0.22730227845370335,5.940999981248751,22.81085316973576,0.059200014220550656,,C:\Users\ss\Desktop\XAI\XAI\engines\XAI-Compress\results\hybrid_v2\fixed_benchmark.csv,,0.22730227845370335,5.940999981248751,,brotli-11,,1416,5.940999981248751,213.1640625,,2.1357466063348416,0,1,True,,,,,,,lt_16KiB,C:\Users\ss\Desktop\XAI\XAI\apps\public_nextjs\app\architecture\page.tsx,bcc29aefa82f2fc182c3,9f1f13936eb78010569cab00bafa75d6ea360126f769dbe3c6f819a19bb26f07,PASS,end_to_end_artifact,
True,2.658682634730539,hybrid-v3-final-140-v1,,source_code,,True,555,1,0.21511063345227166,7.4038000020664185,24.768837263406887,0.06429999484680593,,C:\Users\ss\Desktop\XAI\XAI\engines\XAI-Compress\results\hybrid_v2\fixed_benchmark.csv,,0.21511063345227166,7.4038000020664185,,brotli-11,,1670,7.4038000020664185,213.1640625,,3.009009009009009,0,1,True,,,,,,,lt_16KiB,C:\Users\ss\Desktop\XAI\XAI\apps\desktop_flutter\lib\models\app_models.dart,3302eb1afa92cfba09db,004e1f42db89fe8c1cece5b29efc3c2c268ec9f623731690c6a45e0e9a7c8597,PASS,end_to_end_artifact,
True,2.661879114302813,hybrid-v3-final-140-v1,,source_code,,True,556,1,0.23445832375930112,6.796900008339435,35.491983157370726,0.044899992644786835,,C:\Users\ss\Desktop\XAI\XAI\engines\XAI-Compress\results\hybrid_v2\fixed_benchmark.csv,,0.23445832375930112,6.796900008339435,,brotli-11,,1671,6.796900008339435,213.1640625,,3.0053956834532376,0,1,True,,,,,,,lt_16KiB,C:\Users\ss\Desktop\XAI\XAI\apps\public_nextjs\.next\types\routes.d.ts,f99b6bb11feb9d915422,1419675c566fc08d2c3578b19e3dcb1dff0ac9fc2266cd1c84453560545fd828,PASS,end_to_end_artifact,
True,2.7151515151515153,hybrid-v3-final-140-v1,,source_code,,True,616,1,0.042610170896547256,40.62220000196248,21.827478496010794,0.07929999264888465,,C:\Users\ss\Desktop\XAI\XAI\engines\XAI-Compress\results\hybrid_v2\fixed_benchmark.csv,,0.042610170896547256,40.62220000196248,,brotli-11,,1815,40.62220000196248,213.1640625,,2.9464285714285716,0,1,True,,,,,,,lt_16KiB,C:\Users\ss\Desktop\XAI\XAI\apps\mobile_authenticator_flutter\lib\models\totp_enrollment.dart,40427eff7bca38574998,c2bf4c09ed6a0c194d062580155815c7795d2cd7b17215d17f3b6fbeed03cbca,PASS,end_to_end_artifact,
True,2.826017979904812,hybrid-v3-final-140-v1,,source_code,,True,668,1,0.17534425496998507,10.284900024998933,22.85675164442136,0.07890001870691776,,C:\Users\ss\Desktop\XAI\XAI\engines\XAI-Compress\results\hybrid_v2\fixed_benchmark.csv,,0.17534425496998507,10.284900024998933,,brotli-11,,1891,10.284900024998933,213.1640625,,2.8308383233532934,0,1,True,,,,,,,lt_16KiB,C:\Users\ss\Desktop\XAI\XAI\engines\XAI-Compress\results\model_search\imports\auto\lr-0-0002-f316e33308\v1\XAI-Compress\scripts\kaggle\deploy.ps1,c68f5cb0f6b58db64c57,644b73ae20b0422cd32ce0913b28260adc2f703b2f7a1e323d0925761941c082,PASS,end_to_end_artifact,
True,2.1516095534787123,hybrid-v3-final-140-v1,,source_code,,True,518,1,0.14002277330304347,13.117700000293553,29.108988104325494,0.06309998570941389,,C:\Users\ss\Desktop\XAI\XAI\engines\XAI-Compress\results\hybrid_v2\fixed_benchmark.csv,,0.14002277330304347,13.117700000293553,,brotli-11,,1926,13.117700000293553,213.1640625,,3.718146718146718,0,1,True,,,,,,,lt_16KiB,C:\Users\ss\Desktop\XAI\XAI\apps\web_angular\.angular\cache\20.3.28\xai-web\vite\deps\@angular_platform-browser.js,437449734e245885bdcf,e2fe25e6fad9136a90294b68c08624af73126184773b62920f03fff7aaf1a08b,PASS,end_to_end_artifact,
True,2.5497588776852256,hybrid-v3-final-140-v1,,source_code,,True,727,1,0.17781755976656022,12.23349999054335,24.77598105267694,0.08779999916441739,,C:\Users\ss\Desktop\XAI\XAI\engines\XAI-Compress\results\hybrid_v2\fixed_benchmark.csv,,0.17781755976656022,12.23349999054335,,brotli-11,,2281,12.23349999054335,213.1640625,,3.137551581843191,0,1,True,,,,,,,lt_16KiB,C:\Users\ss\Desktop\XAI\XAI\engines\XAI-Compress\measure_block_benchmark.py,0f0daf031d676ef8bbf4,82eab2162108fff780aef6b53f3caa70c781dc5e8164c664f08b2530dd2caa69,PASS,end_to_end_artifact,
True,2.542475204829668,hybrid-v3-final-140-v1,,source_code,,True,737,1,0.05233458849695927,42.25829997449182,25.715934479843572,0.08600001456215978,,C:\Users\ss\Desktop\XAI\XAI\engines\XAI-Compress\results\hybrid_v2\fixed_benchmark.csv,,0.05233458849695927,42.25829997449182,,brotli-11,,2319,42.25829997449182,213.1640625,,3.1465400271370423,0,1,True,,,,,,,lt_16KiB,C:\Users\ss\Desktop\XAI\XAI\apps\admin_dotnet\Services\PlatformApiClient.cs,0d2d1d7dc57adc8c4df6,b4a3b4de87c0381e6952dea515d9904f97fdbfbf6cd24f523f961b012ae30e82,PASS,end_to_end_artifact,
True,1.6908939014202171,hybrid-v3-final-140-v1,,source_code,,True,506,1,0.3014704893627387,7.573200011393055,58.540922218159295,0.039000005926936865,,C:\Users\ss\Desktop\XAI\XAI\engines\XAI-Compress\results\hybrid_v2\fixed_benchmark.csv,,0.3014704893627387,7.573200011393055,,brotli-11,,2394,7.573200011393055,213.1640625,,4.7312252964426875,0,1,True,,,,,,,lt_16KiB,C:\Users\ss\Desktop\XAI\XAI\apps\mobile_authenticator_flutter\android\app\src\main\java\io\flutter\plugins\GeneratedPluginRegistrant.java,f03df6e2a8c5298d2e1c,d0390890b5e47f05126afe9e4b941e769541ae83641d25283335f876bba2ef74,PASS,end_to_end_artifact,
True,3.5435861091424523,hybrid-v3-final-140-v1,,source_code,,True,1250,1,0.31156518613809814,8.637899998575449,48.14435502723213,0.055899989092722535,,C:\Users\ss\Desktop\XAI\XAI\engines\XAI-Compress\results\hybrid_v2\fixed_benchmark.csv,,0.31156518613809814,8.637899998575449,,brotli-11,,2822,8.637899998575449,213.1640625,,2.2576,0,1,True,,,,,,,lt_16KiB,C:\Users\ss\Desktop\XAI\XAI\engines\XAI-Compress\results\model_search\imports\auto\lr-0-0002-f316e33308\v1\XAI-Compress\scripts\kaggle\run_lossless_v2_gradient_diagnostic.py,0d576738205abc00ed6e,02fc7184e5f4925d1f9d436666221ff453dded343354cd203f74e279162bf770,PASS,end_to_end_artifact,
True,2.801611278952669,hybrid-v3-final-140-v1,,source_code,,True,1391,1,0.34897916863404754,10.854499996639788,50.98243898770353,0.07429998368024826,,C:\Users\ss\Desktop\XAI\XAI\engines\XAI-Compress\results\hybrid_v2\fixed_benchmark.csv,,0.34897916863404754,10.854499996639788,,brotli-11,,3972,10.854499996639788,213.1640625,,2.8554996405463697,0,1,True,,,,,,,lt_16KiB,C:\Users\ss\Desktop\XAI\XAI\engines\XAI-Compress\results\model_search\imports\auto\lr-0-0002-f316e33308\v1\XAI-Compress\scripts\build_three_mode_report.py,9bfffccf3eb1ba81df60,24e42c636e241f83c64da3f49553fff5b64a73c821a1afb314a96d21a4d64089,PASS,end_to_end_artifact,
True,2.72127417519909,hybrid-v3-final-140-v1,,source_code,,True,1495,1,0.243140314144233,17.23860000493005,39.42990439267996,0.10629999451339245,,C:\Users\ss\Desktop\XAI\XAI\engines\XAI-Compress\results\hybrid_v2\fixed_benchmark.csv,,0.243140314144233,17.23860000493005,,brotli-11,,4395,17.23860000493005,213.1640625,,2.939799331103679,0,1,True,,,,,,,lt_16KiB,C:\Users\ss\Desktop\XAI\XAI\engines\XAI-Compress\results\model_search\imports\auto\lr-0-0002-f316e33308\v1\XAI-Compress\scripts\generate_report.py,2da37eefbc61febd2975,2b6d691c2c6b2458a8121f0313ca8ba8363894b3da29602ac6d9cda6b7b2203e,PASS,end_to_end_artifact,
True,2.587516960651289,hybrid-v3-final-140-v1,,source_code,,True,1907,1,0.23997335890073057,23.431200010236353,44.41441472093191,0.12659997446462512,,C:\Users\ss\Desktop\XAI\XAI\engines\XAI-Compress\results\hybrid_v2\fixed_benchmark.csv,,0.23997335890073057,23.431200010236353,,brotli-11,,5896,23.431200010236353,213.1640625,,3.091767173571054,0,1,True,,,,,,,lt_16KiB,C:\Users\ss\Desktop\XAI\XAI\analytics\XAI-Compress-Analysis-Suite\generate_report.py,14d03c12483022a2865d,78eeb90cc75d0f4eb14da131f2857553bdf32446b2f28b9a86944e7da0ab22dc,PASS,end_to_end_artifact,
True,0.5336326465164756,hybrid-v3-final-140-v1,,source_code,,True,832,1,0.09796818736811086,121.41880000126548,132.90706153363882,0.08949998300522566,,C:\Users\ss\Desktop\XAI\XAI\engines\XAI-Compress\results\hybrid_v2\fixed_benchmark.csv,,0.09796818736811086,121.41880000126548,,brotli-11,,12473,121.41880000126548,213.1640625,,14.991586538461538,0,1,True,,,,,,,lt_16KiB,C:\Users\ss\Desktop\XAI\XAI\apps\public_nextjs\.next\server\app\page_client-reference-manifest.js,d70e480f35e3d065646a,ccfeea95fd7f84d8ecf0e5bd8dfa381a2613732c24060e2c80da252ea747385c,PASS,end_to_end_artifact,
True,2.0309146401496503,hybrid-v3-final-140-v1,,source_code,,True,5157,1,0.2760503863391766,70.1790000020992,52.629556081601415,0.36810000892728567,,C:\Users\ss\Desktop\XAI\XAI\engines\XAI-Compress\results\hybrid_v2\fixed_benchmark.csv,,0.2760503863391766,70.1790000020992,,brotli-11,,20314,70.1790000020992,213.1640625,,3.9391118867558657,0,1,True,,,,,,,16_64KiB,C:\Users\ss\Desktop\XAI\XAI\apps\public_nextjs\.next\server\webpack-runtime.js,0ff9b372da6fcecbdc8a,1bc2b0798288ecd2ff4a1ee534cdda619a4058241b31c5581daf392006faaa0f,PASS,end_to_end_artifact,
True,2.4980371955876866,hybrid-v3-final-140-v1,,source_code,,True,35158,1,0.22407913822995174,479.19679997721687,96.32906341381903,1.1146999895572662,,C:\Users\ss\Desktop\XAI\XAI\engines\XAI-Compress\results\hybrid_v2\fixed_benchmark.csv,,0.22407913822995174,479.19679997721687,,brotli-11,,112594,479.19679997721687,213.1640625,,3.20251436372945,0,1,True,,,,,,,64KiB_1MiB,C:\Users\ss\Desktop\XAI\XAI\apps\public_nextjs\.next\static\chunks\polyfills.js,8abb57b457777e88f55e,0973c1d64c88adc8e3c950410cb58b288f72118d5965b78049438deb8f2f9683,PASS,end_to_end_artifact,
True,1.1389783389320052,hybrid-v3-final-140-v1,,source_code,,True,24582,1,0.16734559738126548,983.9602000138257,261.32583491296634,0.6300999957602471,,C:\Users\ss\Desktop\XAI\XAI\engines\XAI-Compress\results\hybrid_v2\fixed_benchmark.csv,,0.16734559738126548,983.9602000138257,,brotli-11,,172660,983.9602000138257,213.1640625,,7.023838581075584,0,1,True,,,,,,,64KiB_1MiB,C:\Users\ss\Desktop\XAI\XAI\apps\web_angular\.angular\cache\20.3.28\xai-web\vite\deps\chunk-RSS3ODKE.js,0cbec22b5580244ca3cd,9e031c792628e3cf941c0005dbf48c55224dbae87e99f747998cc7e2ee136ee8,PASS,end_to_end_artifact,
True,1.3999012454051682,hybrid-v3-final-140-v1,,source_code,,True,38274,1,0.23627837176068006,882.8208000049926,152.30101062075204,1.3695999805349857,,C:\Users\ss\Desktop\XAI\XAI\engines\XAI-Compress\results\hybrid_v2\fixed_benchmark.csv,,0.23627837176068006,882.8208000049926,,brotli-11,,218724,882.8208000049926,213.1640625,,5.7146888226994825,0,1,True,,,,,,,64KiB_1MiB,C:\Users\ss\Desktop\XAI\XAI\apps\web_angular\.angular\cache\20.3.28\xai-web\vite\deps\@angular_router.js,0176cdda1aac09477d97,2ca20fd23b2105de3f4c4f2a05ff0fb88b02f5942651b40d75fa273c69763a2d,PASS,end_to_end_artifact,
True,6.909090909090909,hybrid-v3-final-140-v1,,text,,True,95,1,0.05071999932682529,2.06830000388436,2.6424237270367374,0.03969998215325177,,C:\Users\ss\Desktop\XAI\XAI\engines\XAI-Compress\results\hybrid_v2\fixed_benchmark.csv,,0.05071999932682529,2.06830000388436,,brotli-11,,110,2.06830000388436,213.1640625,,1.1578947368421053,0,1,True,,,,,,,lt_16KiB,C:\Users\ss\Desktop\XAI\XAI\engines\XAI-Compress\requirements.txt,0ebdf4283c5b6a0215ac,12d5e52979bac2507069908c31ce1fcd3b5c50a53bb359f4a43817ab410dc405,PASS,end_to_end_artifact,
True,2.6318082788671022,hybrid-v3-final-140-v1,,text,,True,604,1,0.23639710076055898,7.406799995806068,34.603672028634485,0.05060000694356859,,C:\Users\ss\Desktop\XAI\XAI\engines\XAI-Compress\results\hybrid_v2\fixed_benchmark.csv,,0.23639710076055898,7.406799995806068,,brotli-11,,1836,7.406799995806068,213.1640625,,3.0397350993377485,0,1,True,,,,,,,lt_16KiB,C:\Users\ss\Desktop\XAI\XAI\apps\desktop_flutter\windows\runner\CMakeLists.txt,4bb6ea144fbc0976bcbe,d765fdd05f63ad099e585a2cced0cbff13ec3229b7de68c8681b2107db850089,PASS,end_to_end_artifact,
True,7.986887420458777,hybrid-v3-final-140-v1,,video,,True,1469152,1,0.27154180128324257,5168.238499987638,475.8392828314063,2.9492999892681837,,C:\Users\ss\Desktop\XAI\XAI\engines\XAI-Compress\results\hybrid_v2\fixed_benchmark.csv,,0.27154180128324257,5168.238499987638,,brotli-11,,1471564,5168.238499987638,213.1640625,,1.0016417634118184,0,1,True,,,,,,,1_10MiB,C:\Users\ss\Desktop\XAI\XAI\engines\XAI-Compress\data\test\archive (1)\FaceForensics++_C23\DeepFakeDetection\02_09__walk_down_hall_angry__6KUOFMZW.mp4,48e21ec2f07a239cb0db,f0af6d9d362282406052f328451863fbc680c84411dbbfb4d4acc2209913fc2f,PASS,end_to_end_artifact,
True,7.986449199828316,hybrid-v3-final-140-v1,,video,,True,1563012,1,0.24004729536427669,6220.163999998476,138.4287053721592,10.786300001200289,,C:\Users\ss\Desktop\XAI\XAI\engines\XAI-Compress\results\hybrid_v2\fixed_benchmark.csv,,0.24004729536427669,6220.163999998476,,brotli-11,,1565664,6220.163999998476,213.1640625,,1.001696724017474,0,1,True,,,,,,,1_10MiB,C:\Users\ss\Desktop\XAI\XAI\engines\XAI-Compress\data\test\archive (1)\FaceForensics++_C23\DeepFakeDetection\02_18__walk_down_hall_angry__B95S4G6F.mp4,75ac8e38c89544f86012,29ae66520a76297fb9202e7574e69be6d9946f0c1b0765fb4c3bfdd430a3ca51,PASS,end_to_end_artifact,
True,7.9861543568323725,hybrid-v3-final-140-v1,,video,,True,1645031,1,0.2376885005014415,6611.778399994364,307.7957802831689,5.105799995362759,,C:\Users\ss\Desktop\XAI\XAI\engines\XAI-Compress\results\hybrid_v2\fixed_benchmark.csv,,0.2376885005014415,6611.778399994364,,brotli-11,,1647883,6611.778399994364,213.1640625,,1.0017337059301619,0,1,True,,,,,,,1_10MiB,C:\Users\ss\Desktop\XAI\XAI\engines\XAI-Compress\data\test\archive (1)\FaceForensics++_C23\DeepFakeDetection\02_18__exit_phone_room__OXMEEFUQ.mp4,f887056a858ef5d79853,14dd6934fc7bb1bcc957d1268c8011dfe9e73ae530c960ebbbf0bb1d61cf8f34,PASS,end_to_end_artifact,
True,8.00002759908647,hybrid-v3-final-140-v1,,video,,True,2608791,1,0.31545012960764846,7886.91510001081,778.4994016220409,3.19580000359565,,C:\Users\ss\Desktop\XAI\XAI\engines\XAI-Compress\results\hybrid_v2\fixed_benchmark.csv,,0.31545012960764846,7886.91510001081,,brotli-11,,2608782,7886.91510001081,213.1640625,,0.9999965501260929,0,1,True,,,,,,,1_10MiB,C:\Users\ss\Desktop\XAI\XAI\engines\XAI-Compress\data\test\archive (1)\FaceForensics++_C23\DeepFakeDetection\03_26__walk_down_hall_angry__WBSXBL82.mp4,84dcd2e350a766eef717,a5851c69fc24e31cb054a87440e8e56ccca46267acbde202d5809bb8d66a5d43,PASS,end_to_end_artifact,
True,7.98633941650679,hybrid-v3-final-140-v1,,video,,True,2640758,1,0.39242325270396516,6428.596699988702,522.6291338073598,4.82699999702163,,C:\Users\ss\Desktop\XAI\XAI\engines\XAI-Compress\results\hybrid_v2\fixed_benchmark.csv,,0.39242325270396516,6428.596699988702,,brotli-11,,2645275,6428.596699988702,213.1640625,,1.0017104937294519,0,1,True,,,,,,,1_10MiB,C:\Users\ss\Desktop\XAI\XAI\engines\XAI-Compress\data\test\archive (1)\FaceForensics++_C23\DeepFakeDetection\05_16__walk_down_hall_angry__U9WZI5LK.mp4,b46249238a82a1760029,cc04fc7516807fbf54504d208596ce2f7346ae423b220dfeec52279c09185d82,PASS,end_to_end_artifact,
True,7.9856709915114426,hybrid-v3-final-140-v1,,video,,True,2690683,1,0.32118827112475024,8003.52890000795,576.9069316540185,4.4559000234585255,,C:\Users\ss\Desktop\XAI\XAI\engines\XAI-Compress\results\hybrid_v2\fixed_benchmark.csv,,0.32118827112475024,8003.52890000795,,brotli-11,,2695511,8003.52890000795,213.1640625,,1.0017943399501168,0,1,True,,,,,,,1_10MiB,C:\Users\ss\Desktop\XAI\XAI\engines\XAI-Compress\data\test\archive (1)\FaceForensics++_C23\DeepFakeDetection\03_14__walk_down_hall_angry__P1L5PF4I.mp4,cfa60713b94c4cf8ad0a,408c7b8655b03b3ce3d1d403181e80edc52d648cb3ba1a247424c3609bdc6429,PASS,end_to_end_artifact,
True,7.985075258868039,hybrid-v3-final-140-v1,,video,,True,2852206,1,0.26782598336542157,10175.113000004785,371.7461696247323,7.330699998419732,,C:\Users\ss\Desktop\XAI\XAI\engines\XAI-Compress\results\hybrid_v2\fixed_benchmark.csv,,0.26782598336542157,10175.113000004785,,brotli-11,,2857537,10175.113000004785,213.1640625,,1.0018690795826108,0,1,True,,,,,,,1_10MiB,C:\Users\ss\Desktop\XAI\XAI\engines\XAI-Compress\data\test\archive (1)\FaceForensics++_C23\DeepFakeDetection\02_01__walking_outside_cafe_disgusted__YVGY8LOK.mp4,040d6cd1913e63d0bf50,f01e4a60919decb3f1e770d293f3516b3c62049da8d36a9c3f8c5332060be9a1,PASS,end_to_end_artifact,
True,7.989299692475116,hybrid-v3-final-140-v1,,video,,True,3024647,1,0.34379093692404894,8401.592900016112,376.0730547826253,7.680400012759492,,C:\Users\ss\Desktop\XAI\XAI\engines\XAI-Compress\results\hybrid_v2\fixed_benchmark.csv,,0.34379093692404894,8401.592900016112,,brotli-11,,3028698,8401.592900016112,213.1640625,,1.0013393298457638,0,1,True,,,,,,,1_10MiB,C:\Users\ss\Desktop\XAI\XAI\engines\XAI-Compress\data\test\archive (1)\FaceForensics++_C23\DeepFakeDetection\04_13__walking_outside_cafe_disgusted__00T3UYOR.mp4,916ee0944afa41eaebe4,e45539660fa691cb798d554cb5c32a1b53c0aeea90430ba1d1f8a759c5f2a378,PASS,end_to_end_artifact,
True,7.989039148190468,hybrid-v3-final-140-v1,,video,,True,3051051,1,0.3799303309746423,7669.040400010999,442.7646087833005,6.580699991900474,,C:\Users\ss\Desktop\XAI\XAI\engines\XAI-Compress\results\hybrid_v2\fixed_benchmark.csv,,0.3799303309746423,7669.040400010999,,brotli-11,,3055237,7669.040400010999,213.1640625,,1.001371986243429,0,1,True,,,,,,,1_10MiB,C:\Users\ss\Desktop\XAI\XAI\engines\XAI-Compress\data\test\archive (1)\FaceForensics++_C23\DeepFakeDetection\04_27__walking_outside_cafe_disgusted__2CCI2ND1.mp4,5fbf7e5d425ea2cedf79,45f029b538142ab49988b4e2d7447d10a90eb3773253a6757e42a527eea87c66,PASS,end_to_end_artifact,
True,8.000031307784877,hybrid-v3-final-140-v1,,video,,True,3066342,1,0.44180975899300523,6618.867300014244,1052.4293302002673,2.7786000282503664,,C:\Users\ss\Desktop\XAI\XAI\engines\XAI-Compress\results\hybrid_v2\fixed_benchmark.csv,,0.44180975899300523,6618.867300014244,,brotli-11,,3066330,6618.867300014244,213.1640625,,0.9999960865422056,0,1,True,,,,,,,1_10MiB,C:\Users\ss\Desktop\XAI\XAI\engines\XAI-Compress\data\test\archive (1)\FaceForensics++_C23\DeepFakeDetection\01_12__outside_talking_pan_laughing__TNI7KUZ6.mp4,8e0163f8d08517f2bfbd,88b8db1465ace10c9863a4e0d75507036f412b3d3d749742b35ecccbaf597cad,PASS,end_to_end_artifact,
True,7.97763979163042,hybrid-v3-final-140-v1,,video,,True,3461821,1,0.3535731515597646,9363.559599994915,342.79742795293714,9.657899994635954,,C:\Users\ss\Desktop\XAI\XAI\engines\XAI-Compress\results\hybrid_v2\fixed_benchmark.csv,,0.3535731515597646,9363.559599994915,,brotli-11,,3471524,9363.559599994915,213.1640625,,1.002802860113218,0,1,True,,,,,,,1_10MiB,C:\Users\ss\Desktop\XAI\XAI\engines\XAI-Compress\data\test\archive (1)\FaceForensics++_C23\DeepFakeDetection\01_02__talking_against_wall__YVGY8LOK.mp4,7949ac89c2483924ee9c,3721e67674ed9b62636caf4c2ab00c63830fe68902248e6990cb0abd9795683c,PASS,end_to_end_artifact,
True,8.000026222873666,hybrid-v3-final-140-v1,,video,,True,3660938,1,0.4976276700443557,7015.950500004692,739.2815584453457,4.722600016975775,,C:\Users\ss\Desktop\XAI\XAI\engines\XAI-Compress\results\hybrid_v2\fixed_benchmark.csv,,0.4976276700443557,7015.950500004692,,brotli-11,,3660926,7015.950500004692,213.1640625,,0.999996722151536,0,1,True,,,,,,,1_10MiB,C:\Users\ss\Desktop\XAI\XAI\engines\XAI-Compress\data\test\archive (1)\FaceForensics++_C23\DeepFakeDetection\02_27__walking_down_street_outside_angry__3L1MLH3D.mp4,e24ad89f350ae852f7b8,190e2a8be915b09b5753e7b20f3ce77286f7b5b40b74a7adfb6e0b09abd6103b,PASS,end_to_end_artifact,
True,7.9886748061228285,hybrid-v3-final-140-v1,,video,,True,3948066,1,0.4644797913199355,8117.698399990331,886.5731304997516,4.252899991115555,,C:\Users\ss\Desktop\XAI\XAI\engines\XAI-Compress\results\hybrid_v2\fixed_benchmark.csv,,0.4644797913199355,8117.698399990331,,brotli-11,,3953663,8117.698399990331,213.1640625,,1.0014176561384738,0,1,True,,,,,,,1_10MiB,C:\Users\ss\Desktop\XAI\XAI\engines\XAI-Compress\data\test\archive (1)\FaceForensics++_C23\DeepFakeDetection\03_11__exit_phone_room__P08VGHTA.mp4,e1d9664ac99aeab9bd8f,0acfa05686c2034d3347833b66c1c52b5812523dd08282ca7bcb35d8d27d2c50,PASS,end_to_end_artifact,
True,7.982727186053846,hybrid-v3-final-140-v1,,video,,True,4081758,1,0.40090482373109004,9730.715100013185,429.7443869854744,9.07770000048913,,C:\Users\ss\Desktop\XAI\XAI\engines\XAI-Compress\results\hybrid_v2\fixed_benchmark.csv,,0.40090482373109004,9730.715100013185,,brotli-11,,4090590,9730.715100013185,213.1640625,,1.0021637735505142,0,1,True,,,,,,,1_10MiB,C:\Users\ss\Desktop\XAI\XAI\engines\XAI-Compress\data\test\archive (1)\FaceForensics++_C23\DeepFakeDetection\06_03__talking_against_wall__4I8LRXWF.mp4,c4a941def8a08ccf229a,9eff880322c51c3f93a98b106c6485f4d624e650925dc8aba88ce1c110da74d0,PASS,end_to_end_artifact,
True,7.986910514001928,hybrid-v3-final-140-v1,,video,,True,4550094,1,0.4080673702502321,10651.22979998705,276.0893447071653,15.742799994768575,,C:\Users\ss\Desktop\XAI\XAI\engines\XAI-Compress\results\hybrid_v2\fixed_benchmark.csv,,0.4080673702502321,10651.22979998705,,brotli-11,,4557551,10651.22979998705,213.1640625,,1.0016388672409844,0,1,True,,,,,,,1_10MiB,C:\Users\ss\Desktop\XAI\XAI\engines\XAI-Compress\data\test\archive (1)\FaceForensics++_C23\DeepFakeDetection\06_12__outside_talking_still_laughing__3K21NFNM.mp4,f87b4ba16c61fc6e0d45,86152c4a562d4568d38b080206917fcc1174e478d555a1993f31be75db87a7e1,PASS,end_to_end_artifact,
True,8.000027058290321,hybrid-v3-final-140-v1,,video,,True,5026203,1,0.489267599718588,9796.979200007627,1133.5267384036254,4.228699981467798,,C:\Users\ss\Desktop\XAI\XAI\engines\XAI-Compress\results\hybrid_v2\fixed_benchmark.csv,,0.489267599718588,9796.979200007627,,brotli-11,,5026186,9796.979200007627,213.1640625,,0.9999966177251496,0,1,True,,,,,,,1_10MiB,C:\Users\ss\Desktop\XAI\XAI\engines\XAI-Compress\data\test\archive (1)\FaceForensics++_C23\DeepFakeDetection\01_20__outside_talking_pan_laughing__OTGHOG4Z.mp4,546ace30fb0bb2e3783b,d4c018e4e0d855fcb62c44ee0a76087c705d13022d1eb2ed5371c3e0b0a697b2,PASS,end_to_end_artifact,
True,8.0000269333064,hybrid-v3-final-140-v1,,video,,True,5049527,1,0.48675419990076385,9893.26440001605,1037.7304157562298,4.640500003006309,,C:\Users\ss\Desktop\XAI\XAI\engines\XAI-Compress\results\hybrid_v2\fixed_benchmark.csv,,0.48675419990076385,9893.26440001605,,brotli-11,,5049510,9893.26440001605,213.1640625,,0.9999966333480343,0,1,True,,,,,,,1_10MiB,C:\Users\ss\Desktop\XAI\XAI\engines\XAI-Compress\data\test\archive (1)\FaceForensics++_C23\DeepFakeDetection\01_15__outside_talking_pan_laughing__02HILKYO.mp4,f34934e8101b36854b29,22f6641589bce13ccf552849df03c432363b96f3387e9e450efe713996ccee5b,PASS,end_to_end_artifact,
True,8.000026330906309,hybrid-v3-final-140-v1,,video,,True,5165050,1,0.4591390905490906,10728.250799991656,1083.0605361849628,4.5479999971576035,,C:\Users\ss\Desktop\XAI\XAI\engines\XAI-Compress\results\hybrid_v2\fixed_benchmark.csv,,0.4591390905490906,10728.250799991656,,brotli-11,,5165033,10728.250799991656,213.1640625,,0.9999967086475445,0,1,True,,,,,,,1_10MiB,C:\Users\ss\Desktop\XAI\XAI\engines\XAI-Compress\data\test\archive (1)\FaceForensics++_C23\DeepFakeDetection\03_07__talking_against_wall__PWXXULHR.mp4,d8bdce51a4d8290a41bc,69210fc8a1568f35a02792258885a70179b235f8f93393a8b7e6e703f7f7f736,PASS,end_to_end_artifact,
True,8.000026198095744,hybrid-v3-final-140-v1,,video,,True,5191234,1,0.5032421317094911,9837.67059998354,1037.1714177568876,4.773299995576963,,C:\Users\ss\Desktop\XAI\XAI\engines\XAI-Compress\results\hybrid_v2\fixed_benchmark.csv,,0.5032421317094911,9837.67059998354,,brotli-11,,5191217,9837.67059998354,213.1640625,,0.9999967252487559,0,1,True,,,,,,,1_10MiB,C:\Users\ss\Desktop\XAI\XAI\engines\XAI-Compress\data\test\archive (1)\FaceForensics++_C23\DeepFakeDetection\03_26__talking_against_wall__WBSXBL82.mp4,302a07d24b61368de502,7ed343535c7f93036da37421055ea87cad3ce3fd75cac9fd970f2080b3148cf3,PASS,end_to_end_artifact,
True,7.988591420317138,hybrid-v3-final-140-v1,,video,,True,5283210,1,0.4620121851223491,10921.047799987718,973.9522731450492,5.180600011954084,,C:\Users\ss\Desktop\XAI\XAI\engines\XAI-Compress\results\hybrid_v2\fixed_benchmark.csv,,0.4620121851223491,10921.047799987718,,brotli-11,,5290755,10921.047799987718,213.1640625,,1.0014281090473405,0,1,True,,,,,,,1_10MiB,C:\Users\ss\Desktop\XAI\XAI\engines\XAI-Compress\data\test\archive (1)\FaceForensics++_C23\DeepFakeDetection\01_02__outside_talking_still_laughing__YVGY8LOK.mp4,ea302a0aad67d6028fa2,3d925d4db8a962161bacebd024d7ce5f97d4d22555ab34b8898d633c0c4a5131,PASS,end_to_end_artifact,
True,7.991986441332215,hybrid-v3-final-140-v1,,video,,True,5610855,1,0.4246552715894478,12613.274899980752,550.498328229482,9.729899989906698,,C:\Users\ss\Desktop\XAI\XAI\engines\XAI-Compress\results\hybrid_v2\fixed_benchmark.csv,,0.4246552715894478,12613.274899980752,,brotli-11,,5616481,12613.274899980752,213.1640625,,1.0010026992321135,0,1,True,,,,,,,1_10MiB,C:\Users\ss\Desktop\XAI\XAI\engines\XAI-Compress\data\test\archive (1)\FaceForensics++_C23\DeepFakeDetection\03_26__kitchen_pan__WBSXBL82.mp4,64d82f0eb41570cacc9e,9a10f8e6288c75dd1824f213d9da72b134195b17280571a5a6bb787aa3216140,PASS,end_to_end_artifact,
True,7.9919716204464075,hybrid-v3-final-140-v1,,video,,True,5618405,1,0.33675641596444333,15926.97520001093,374.35863891473394,14.32719998410903,,C:\Users\ss\Desktop\XAI\XAI\engines\XAI-Compress\results\hybrid_v2\fixed_benchmark.csv,,0.33675641596444333,15926.97520001093,,brotli-11,,5624049,15926.97520001093,213.1640625,,1.001004555563367,0,1,True,,,,,,,1_10MiB,C:\Users\ss\Desktop\XAI\XAI\engines\XAI-Compress\data\test\archive (1)\FaceForensics++_C23\DeepFakeDetection\03_15__kitchen_pan__DNUJD8M2.mp4,1dd1e1cbeb37c92a23c9,041724acacd4ab276534cc413b96f8d8fe6b618ff0b251051ffbc8bf0609ea50,PASS,end_to_end_artifact,
True,7.991991235182819,hybrid-v3-final-140-v1,,video,,True,5634175,1,0.3172184905366407,16955.355999991298,375.1283266072088,14.337900007376447,,C:\Users\ss\Desktop\XAI\XAI\engines\XAI-Compress\results\hybrid_v2\fixed_benchmark.csv,,0.3172184905366407,16955.355999991298,,brotli-11,,5639821,16955.355999991298,213.1640625,,1.0010020987988482,0,1,True,,,,,,,1_10MiB,C:\Users\ss\Desktop\XAI\XAI\engines\XAI-Compress\data\test\archive (1)\FaceForensics++_C23\DeepFakeDetection\03_13__kitchen_pan__GBYWJW06.mp4,7030656a47ddcae4e881,8adf420ccaf5ccbd135690408d644cda64ff5e6602bd8b230c0caec6416069de,PASS,end_to_end_artifact,
True,7.992015791489432,hybrid-v3-final-140-v1,,video,,True,5691560,1,0.31539174560111516,17227.201600006083,499.9555725191915,10.86760000907816,,C:\Users\ss\Desktop\XAI\XAI\engines\XAI-Compress\results\hybrid_v2\fixed_benchmark.csv,,0.31539174560111516,17227.201600006083,,brotli-11,,5697246,17227.201600006083,213.1640625,,1.0009990231149282,0,1,True,,,,,,,1_10MiB,C:\Users\ss\Desktop\XAI\XAI\engines\XAI-Compress\data\test\archive (1)\FaceForensics++_C23\DeepFakeDetection\03_09__kitchen_pan__8DTEGQ54.mp4,349a429b63ba827da16d,9cd8988a88a104131ba32a24731ddc51d561786ac361d94bf36bf60280519606,PASS,end_to_end_artifact,
True,7.990283637208881,hybrid-v3-final-140-v1,,video,,True,5706310,1,0.18893129979410273,28838.942200003657,328.18612331971445,16.602099989540875,,C:\Users\ss\Desktop\XAI\XAI\engines\XAI-Compress\results\hybrid_v2\fixed_benchmark.csv,,0.18893129979410273,28838.942200003657,,brotli-11,,5713249,28838.942200003657,213.1640625,,1.0012160222630737,0,1,True,,,,,,,1_10MiB,C:\Users\ss\Desktop\XAI\XAI\engines\XAI-Compress\data\test\archive (1)\FaceForensics++_C23\DeepFakeDetection\05_17__walking_down_street_outside_angry__M3H96PDQ.mp4,769bc1050e1bcf06e990,95a548a9ff65cd4074f6e757c833a332bdc3c2788a69b2ea63aa5a81003a9da9,PASS,end_to_end_artifact,
True,7.989820470173265,hybrid-v3-final-140-v1,,video,,True,5770518,1,0.17917141810937817,30753.82380001247,276.52238325523206,19.926799985114485,,C:\Users\ss\Desktop\XAI\XAI\engines\XAI-Compress\results\hybrid_v2\fixed_benchmark.csv,,0.17917141810937817,30753.82380001247,,brotli-11,,5777870,30753.82380001247,213.1640625,,1.0012740623978644,0,1,True,,,,,,,1_10MiB,C:\Users\ss\Desktop\XAI\XAI\engines\XAI-Compress\data\test\archive (1)\FaceForensics++_C23\DeepFakeDetection\06_07__kitchen_pan__NMGYPBXE.mp4,7e893633dd0f5d20713c,d02dd5bc148ac33cadb363dba985e7d108b280eb72b7bacc68b1660bad384cef,PASS,end_to_end_artifact,
True,7.986152266897044,hybrid-v3-final-140-v1,,video,,True,6041057,1,0.11429937900929418,50491.880999994464,85.0389027082834,67.86529999226332,,C:\Users\ss\Desktop\XAI\XAI\engines\XAI-Compress\results\hybrid_v2\fixed_benchmark.csv,,0.11429937900929418,50491.880999994464,,brotli-11,,6051532,50491.880999994464,213.1640625,,1.001733968078765,0,1,True,,,,,,,1_10MiB,C:\Users\ss\Desktop\XAI\XAI\engines\XAI-Compress\data\test\archive (1)\FaceForensics++_C23\DeepFakeDetection\03_01__meeting_serious__JZUXXFRB.mp4,a2d1deaf6beae2b754df,9e459ab08b6e71ea64890113829db0590b4a5072db9c10bb53e6f63fa54bdc8d,PASS,end_to_end_artifact,
True,8.000025675282863,hybrid-v3-final-140-v1,,video,,True,6543279,1,0.10489866542919662,59487.287799973274,238.17044466476926,26.200299995252863,,C:\Users\ss\Desktop\XAI\XAI\engines\XAI-Compress\results\hybrid_v2\fixed_benchmark.csv,,0.10489866542919662,59487.287799973274,,brotli-11,,6543258,59487.287799973274,213.1640625,,0.9999967905999423,0,1,True,,,,,,,1_10MiB,C:\Users\ss\Desktop\XAI\XAI\engines\XAI-Compress\data\test\archive (1)\FaceForensics++_C23\DeepFakeDetection\02_09__kitchen_pan__9TDCEK1Q.mp4,adacdb3fb3b269d0e4ec,b2285a7ff8589db78d264b065233b6ee31c959675944a60c0b7205880719866e,PASS,end_to_end_artifact,
True,8.000025654534209,hybrid-v3-final-140-v1,,video,,True,6548571,1,0.17731865275904524,35220.1184000005,416.27344212075093,15.002600004663691,,C:\Users\ss\Desktop\XAI\XAI\engines\XAI-Compress\results\hybrid_v2\fixed_benchmark.csv,,0.17731865275904524,35220.1184000005,,brotli-11,,6548550,35220.1184000005,213.1640625,,0.9999967931935074,0,1,True,,,,,,,1_10MiB,C:\Users\ss\Desktop\XAI\XAI\engines\XAI-Compress\data\test\archive (1)\FaceForensics++_C23\DeepFakeDetection\02_13__kitchen_pan__2YSYT2N3.mp4,2d972416e5ea584e6e99,0894b9ec4270370ebdd75940a9ca74a5b4c452bf91385c27356f02de062f4ffa,PASS,end_to_end_artifact,
True,7.988383362134055,hybrid-v3-final-140-v1,,video,,True,6715760,1,0.2602226737485209,24647.972900012974,421.7353065819048,15.208500000881031,,C:\Users\ss\Desktop\XAI\XAI\engines\XAI-Compress\results\hybrid_v2\fixed_benchmark.csv,,0.2602226737485209,24647.972900012974,,brotli-11,,6725526,24647.972900012974,213.1640625,,1.001454191335009,0,1,True,,,,,,,1_10MiB,C:\Users\ss\Desktop\XAI\XAI\engines\XAI-Compress\data\test\archive (1)\FaceForensics++_C23\DeepFakeDetection\03_15__outside_talking_still_laughing__DNUJD8M2.mp4,575ac6afd2f60f8f7362,65380b215b6f4373f3f360b7c823bdb4b283ae945c3ce3007f15b3f62ec01852,PASS,end_to_end_artifact,
True,7.9881950332517935,hybrid-v3-final-140-v1,,video,,True,7787920,1,0.21470891985632382,34642.78580000973,227.10484339219846,32.75189999840222,,C:\Users\ss\Desktop\XAI\XAI\engines\XAI-Compress\results\hybrid_v2\fixed_benchmark.csv,,0.21470891985632382,34642.78580000973,,brotli-11,,7799429,34642.78580000973,213.1640625,,1.0014778015182488,0,1,True,,,,,,,1_10MiB,C:\Users\ss\Desktop\XAI\XAI\engines\XAI-Compress\data\test\archive (1)\FaceForensics++_C23\DeepFakeDetection\02_13__podium_speech_happy__2YSYT2N3.mp4,ceb68a8868bcd038b876,5c391f644ef69f6eff522652b1aeee47a636e25509ff274f8056d670ddcb7b84,PASS,end_to_end_artifact,
True,7.991355019975388,hybrid-v3-final-140-v1,,video,,True,8051459,1,0.22752939861025584,33783.66139999707,325.9553204227223,23.582300025736913,,C:\Users\ss\Desktop\XAI\XAI\engines\XAI-Compress\results\hybrid_v2\fixed_benchmark.csv,,0.22752939861025584,33783.66139999707,,brotli-11,,8060169,33783.66139999707,213.1640625,,1.0010817915113273,0,1,True,,,,,,,1_10MiB,C:\Users\ss\Desktop\XAI\XAI\engines\XAI-Compress\data\test\archive (1)\FaceForensics++_C23\DeepFakeDetection\04_01__kitchen_still__6I623VU9.mp4,3195eee4a59ac79f4da4,f851b1536300f5a745c725ac7310bfa6a4853b85824b8ec2222e0a2b3ceda920,PASS,end_to_end_artifact,
True,7.98926971278582,hybrid-v3-final-140-v1,,video,,True,8368778,1,0.19437904360906094,41114.555299980566,228.58489458346716,34.962099976837635,,C:\Users\ss\Desktop\XAI\XAI\engines\XAI-Compress\results\hybrid_v2\fixed_benchmark.csv,,0.19437904360906094,41114.555299980566,,brotli-11,,8380018,41114.555299980566,213.1640625,,1.0013430873659213,0,1,True,,,,,,,1_10MiB,C:\Users\ss\Desktop\XAI\XAI\engines\XAI-Compress\data\test\archive (1)\FaceForensics++_C23\DeepFakeDetection\02_06__podium_speech_happy__SU4OQCS9.mp4,a8eee5cb651502b76851,97bb3e08c4ac6588b1153e963596523fd911b79900b9f02d4ead3585b2a40171,PASS,end_to_end_artifact,
True,8.000025352112983,hybrid-v3-final-140-v1,,video,,True,9151140,1,0.2464633895451613,35409.63850001572,598.2191240131278,14.588600024580956,,C:\Users\ss\Desktop\XAI\XAI\engines\XAI-Compress\results\hybrid_v2\fixed_benchmark.csv,,0.2464633895451613,35409.63850001572,,brotli-11,,9151111,35409.63850001572,213.1640625,,0.9999968309959196,0,1,True,,,,,,,1_10MiB,C:\Users\ss\Desktop\XAI\XAI\engines\XAI-Compress\data\test\archive (1)\FaceForensics++_C23\DeepFakeDetection\03_26__kitchen_still__WBSXBL82.mp4,65aad6920755198ffc44,b3f3aa4cfc9cf35b0e04824857feab315a5c8990128472e99ce73ac092ec97d0,PASS,end_to_end_artifact,
True,7.99510737310163,hybrid-v3-final-140-v1,,video,,True,16292111,1,0.2736653074551218,56809.81669999892,542.6332233030002,28.650799999013543,,C:\Users\ss\Desktop\XAI\XAI\engines\XAI-Compress\results\hybrid_v2\fixed_benchmark.csv,,0.2736653074551218,56809.81669999892,,brotli-11,,16302081,56809.81669999892,213.1640625,,1.000611952619277,0,1,True,,,,,,,gt_10MiB,C:\Users\ss\Desktop\XAI\XAI\engines\XAI-Compress\data\test\archive (1)\FaceForensics++_C23\DeepFakeDetection\06_14__walking_and_outside_surprised__8U9ULZDT.mp4,c70842272825dd567ecc,f5c816f3e95c1ea1e940c389713da2a5ec19ea30a30c19ba4f917a3e62862509,PASS,end_to_end_artifact,
True,7.994012306835468,hybrid-v3-final-140-v1,,video,,True,17202426,1,0.2875627770810318,57092.92459997232,674.7272144864476,24.33250000467524,,C:\Users\ss\Desktop\XAI\XAI\engines\XAI-Compress\results\hybrid_v2\fixed_benchmark.csv,,0.2875627770810318,57092.92459997232,,brotli-11,,17215311,57092.92459997232,213.1640625,,1.0007490222599997,0,1,True,,,,,,,gt_10MiB,C:\Users\ss\Desktop\XAI\XAI\engines\XAI-Compress\data\test\archive (1)\FaceForensics++_C23\DeepFakeDetection\02_06__talking_angry_couch__GH8TGTBS.mp4,b4d46d60eb50f24fdd68,1abab2450e1ceb6353885381a5fbfcbfe84daceb98edf002548561b5b8ecbe06,PASS,end_to_end_artifact,
True,7.994049147347792,hybrid-v3-final-140-v1,,video,,True,17217655,1,0.28867269316386746,56923.49500002456,425.3733764577592,38.63019999698736,,C:\Users\ss\Desktop\XAI\XAI\engines\XAI-Compress\results\hybrid_v2\fixed_benchmark.csv,,0.28867269316386746,56923.49500002456,,brotli-11,,17230472,56923.49500002456,213.1640625,,1.000744410316039,0,1,True,,,,,,,gt_10MiB,C:\Users\ss\Desktop\XAI\XAI\engines\XAI-Compress\data\test\archive (1)\FaceForensics++_C23\DeepFakeDetection\02_21__talking_angry_couch__Z0XHPQAR.mp4,c63e295b1deea7522a47,af73c2f3bffe09399aa33170497eb13d215bd6da7f61853687d5b1945b6dca8d,PASS,end_to_end_artifact,
True,8.000025044615537,hybrid-v3-final-140-v1,,video,,True,20763011,1,0.2417401474891685,81910.6322999869,830.5094071664444,23.84209999581799,,C:\Users\ss\Desktop\XAI\XAI\engines\XAI-Compress\results\hybrid_v2\fixed_benchmark.csv,,0.2417401474891685,81910.6322999869,,brotli-11,,20762946,81910.6322999869,213.1640625,,0.9999968694328583,0,1,True,,,,,,,gt_10MiB,C:\Users\ss\Desktop\XAI\XAI\engines\XAI-Compress\data\test\archive (1)\FaceForensics++_C23\DeepFakeDetection\02_15__walking_and_outside_surprised__MZWH8ATN.mp4,f256aca58bd68b60e728,ce69d066982be0ea9f0c5f4b7bd6c3246db9378025768538e1a81431d1aa9961,PASS,end_to_end_artifact,
True,7.9948760542743695,hybrid-v3-final-140-v1,,video,,True,21418194,1,0.20741715961404156,98540.895299986,267.7359904877957,76.34040000266396,,C:\Users\ss\Desktop\XAI\XAI\engines\XAI-Compress\results\hybrid_v2\fixed_benchmark.csv,,0.20741715961404156,98540.895299986,,brotli-11,,21431921,98540.895299986,213.1640625,,1.000640903710182,0,1,True,,,,,,,gt_10MiB,C:\Users\ss\Desktop\XAI\XAI\engines\XAI-Compress\data\test\archive (1)\FaceForensics++_C23\DeepFakeDetection\06_15__walking_down_indoor_hall_disgust__QRCD27P8.mp4,e87d288b25a817ae2dc3,f26fc7d7f95b8e28e5d64138891c45683068ef65d4c5d215fc034a2e70e712d9,PASS,end_to_end_artifact,
True,7.995351908532474,hybrid-v3-final-140-v1,,video,,True,25072710,1,0.2259240661277851,105898.85679999134,662.4203738136447,36.117699986789376,,C:\Users\ss\Desktop\XAI\XAI\engines\XAI-Compress\results\hybrid_v2\fixed_benchmark.csv,,0.2259240661277851,105898.85679999134,,brotli-11,,25087286,105898.85679999134,213.1640625,,1.0005813492039752,0,1,True,,,,,,,gt_10MiB,C:\Users\ss\Desktop\XAI\XAI\engines\XAI-Compress\data\test\archive (1)\FaceForensics++_C23\DeepFakeDetection\03_14__walking_down_indoor_hall_disgust__KJ221YN0.mp4,0cb4f04242bea81d03dc,c6e72fba611bf4cfe534721d33a00211780a9e1da47c01698976f960dda4053d,PASS,end_to_end_artifact,
True,8.206391990758567,hybrid-v3-final-140-v1,0.0,archive,1,True,2664,1,0.17205584005256006,14.394699993620938,0.11438911916594222,21.651466658416513,0.053800002206116915,,0.0,0.1808253287122062,13.696600013645366,67,hybrid_v2,0.0,2597,16.32559997960925,219.1328125,whole_file,0.9748498498498499,0,3,True,"{""direct_bypass"": 1}",confidence,v2,"[""raw|default|identity""]",1.29640000523068,1.0,lt_16KiB,C:\Users\ss\Desktop\XAI\XAI\apps\public_nextjs\.next\cache\webpack\client-development\2.pack.gz,86aebd2a6ca744d6ce03,d3ded09d755c7c896e54b00b6b49be489d6d7daaf8644040916911505623d36d,PASS,end_to_end_artifact,False
True,8.206391990758567,hybrid-v3-final-140-v1,0.0,archive,1,True,2664,1,0.14709702367575872,16.837133327499032,0.09709129750486613,25.508900008086737,0.06130000110715628,,0.0,0.16153429020636337,15.332300012232736,67,hybrid_v3_confidence,0.0,2597,20.323899982031435,219.1328125,whole_file,0.9748498498498499,0,3,True,"{""direct_bypass"": 1}",confidence,v3,"[""raw|default|identity""]",1.2149999965913594,1.0,lt_16KiB,C:\Users\ss\Desktop\XAI\XAI\apps\public_nextjs\.next\cache\webpack\client-development\2.pack.gz,86aebd2a6ca744d6ce03,d3ded09d755c7c896e54b00b6b49be489d6d7daaf8644040916911505623d36d,PASS,end_to_end_artifact,False
True,8.206391990758567,hybrid-v3-final-140-v1,0.0,archive,1,True,2664,1,0.1883907991398008,13.146566663635895,0.159764604566369,15.502133319387212,0.03689998993650079,,0.0,0.18425575831993488,13.441599992802367,67,hybrid_v3_top2,0.0,2597,14.910500001860783,219.1328125,whole_file,0.9748498498498499,0,3,True,"{""direct_bypass"": 1}",top2,v3,"[""raw|default|identity""]",0.9225000103469938,1.0,lt_16KiB,C:\Users\ss\Desktop\XAI\XAI\apps\public_nextjs\.next\cache\webpack\client-development\2.pack.gz,86aebd2a6ca744d6ce03,d3ded09d755c7c896e54b00b6b49be489d6d7daaf8644040916911505623d36d,PASS,end_to_end_artifact,False
True,8.206391990758567,hybrid-v3-final-140-v1,0.0,archive,1,True,2664,1,0.10098272440202388,24.525899993022904,0.11531226480616417,21.478133344013866,0.04159999662078917,,0.0,0.14690013461382545,16.859700001077726,67,hybrid_v3_top3,0.0,2597,42.13369998615235,219.1328125,whole_file,0.9748498498498499,0,3,True,"{""direct_bypass"": 1}",top3,v3,"[""raw|default|identity""]",1.1911999899894,1.0,lt_16KiB,C:\Users\ss\Desktop\XAI\XAI\apps\public_nextjs\.next\cache\webpack\client-development\2.pack.gz,86aebd2a6ca744d6ce03,d3ded09d755c7c896e54b00b6b49be489d6d7daaf8644040916911505623d36d,PASS,end_to_end_artifact,False
True,8.000080165228626,hybrid-v3-final-140-v1,0.0,archive,3,True,10877643,1,3.1137373164672795,3331.5671000164,28.37911425571407,365.5373000074178,0.04730001091957092,,0.0,3.1137373164672795,3331.5671000164,109,hybrid_v2,0.0,10877534,3331.5671000164,221.40625,homogeneous_chunks,0.9999899794468342,0,1,True,"{""direct_bypass"": 3}",confidence,v2,"[""raw|default|identity""]",6.362400017678738,1.0,gt_10MiB,C:\Users\ss\Desktop\XAI\XAI\apps\public_nextjs\.next\cache\webpack\server-development\0.pack.gz,ab9fd50e606430ff1ad4,1097a9c63933d92fb6d40acbb5871c0881f69ed68b4605cda62cd040674841c4,PASS,end_to_end_artifact,False
True,8.000080165228626,hybrid-v3-final-140-v1,0.0,archive,3,True,10877643,1,3.7210029271488905,2787.8571999899577,79.98298201961597,129.69789997441694,0.04919999628327787,,0.0,3.7210029271488905,2787.8571999899577,109,hybrid_v3_confidence,0.0,10877534,2787.8571999899577,221.40625,homogeneous_chunks,0.9999899794468342,0,1,True,"{""direct_bypass"": 3}",confidence,v3,"[""raw|default|identity""]",5.420799978310242,1.0,gt_10MiB,C:\Users\ss\Desktop\XAI\XAI\apps\public_nextjs\.next\cache\webpack\server-development\0.pack.gz,ab9fd50e606430ff1ad4,1097a9c63933d92fb6d40acbb5871c0881f69ed68b4605cda62cd040674841c4,PASS,end_to_end_artifact,False
True,8.000080165228626,hybrid-v3-final-140-v1,0.0,archive,3,True,10877643,1,79.43014657628723,130.60060000861995,68.05947252155813,152.4199999985285,0.029699993319809437,,0.0,79.43014657628723,130.60060000861995,109,hybrid_v3_top2,0.0,10877534,130.60060000861995,221.40625,homogeneous_chunks,0.9999899794468342,0,1,True,"{""direct_bypass"": 3}",top2,v3,"[""raw|default|identity""]",2.9931000026408583,1.0,gt_10MiB,C:\Users\ss\Desktop\XAI\XAI\apps\public_nextjs\.next\cache\webpack\server-development\0.pack.gz,ab9fd50e606430ff1ad4,1097a9c63933d92fb6d40acbb5871c0881f69ed68b4605cda62cd040674841c4,PASS,end_to_end_artifact,False
True,8.000080165228626,hybrid-v3-final-140-v1,0.0,archive,3,True,10877643,1,70.52214927552443,147.09740001126193,65.7674914020008,157.7318000199739,0.029699993319809437,,0.0,70.52214927552443,147.09740001126193,109,hybrid_v3_top3,0.0,10877534,147.09740001126193,221.40625,homogeneous_chunks,0.9999899794468342,0,1,True,"{""direct_bypass"": 3}",top3,v3,"[""raw|default|identity""]",3.3457999816164374,1.0,gt_10MiB,C:\Users\ss\Desktop\XAI\XAI\apps\public_nextjs\.next\cache\webpack\server-development\0.pack.gz,ab9fd50e606430ff1ad4,1097a9c63933d92fb6d40acbb5871c0881f69ed68b4605cda62cd040674841c4,PASS,end_to_end_artifact,False
True,8.000073907117569,hybrid-v3-final-140-v1,0.0,archive,3,True,11798702,1,11.063232120764567,1017.0640000142157,106.86252832134628,105.294299981324,0.023600005079060793,,0.0,11.063232120764567,1017.0640000142157,109,hybrid_v2,0.0,11798593,1017.0640000142157,221.87890625,homogeneous_chunks,0.9999907616956509,0,1,True,"{""direct_bypass"": 3}",confidence,v2,"[""raw|default|identity""]",3.565100021660328,1.0,gt_10MiB,C:\Users\ss\Desktop\XAI\XAI\apps\public_nextjs\.next\cache\webpack\client-development\1.pack.gz,c00053085b900f5df548,fd5f5bcaba1cf150622596027fefdd22ac7a61db2dde473c03f3965c3881d4ed,PASS,end_to_end_artifact,False
True,8.000073907117569,hybrid-v3-final-140-v1,0.0,archive,3,True,11798702,1,6.638153742473842,1695.0519000238273,56.71401454504177,198.39919998776168,0.08189998334273696,,0.0,6.638153742473842,1695.0519000238273,109,hybrid_v3_confidence,0.0,11798593,1695.0519000238273,222.0,homogeneous_chunks,0.9999907616956509,0,1,True,"{""direct_bypass"": 3}",confidence,v3,"[""raw|default|identity""]",4.679200006648898,1.0,gt_10MiB,C:\Users\ss\Desktop\XAI\XAI\apps\public_nextjs\.next\cache\webpack\client-development\1.pack.gz,c00053085b900f5df548,fd5f5bcaba1cf150622596027fefdd22ac7a61db2dde473c03f3965c3881d4ed,PASS,end_to_end_artifact,False
True,8.000073907117569,hybrid-v3-final-140-v1,0.0,archive,3,True,11798702,1,57.50332623333577,195.675900002243,32.044771238321665,351.13420002744533,0.040799990529194474,,0.0,57.50332623333577,195.675900002243,109,hybrid_v3_top2,0.0,11798593,195.675900002243,222.0,homogeneous_chunks,0.9999907616956509,0,1,True,"{""direct_bypass"": 3}",top2,v3,"[""raw|default|identity""]",3.333200002089143,1.0,gt_10MiB,C:\Users\ss\Desktop\XAI\XAI\apps\public_nextjs\.next\cache\webpack\client-development\1.pack.gz,c00053085b900f5df548,fd5f5bcaba1cf150622596027fefdd22ac7a61db2dde473c03f3965c3881d4ed,PASS,end_to_end_artifact,False
True,8.000073907117569,hybrid-v3-final-140-v1,0.0,archive,3,True,11798702,1,48.04980532960302,234.17400001198985,22.254134103741116,505.61460002791137,0.04919999628327787,,0.0,48.04980532960302,234.17400001198985,109,hybrid_v3_top3,0.0,11798593,234.17400001198985,222.0,homogeneous_chunks,0.9999907616956509,0,1,True,"{""direct_bypass"": 3}",top3,v3,"[""raw|default|identity""]",4.582399997161701,1.0,gt_10MiB,C:\Users\ss\Desktop\XAI\XAI\apps\public_nextjs\.next\cache\webpack\client-development\1.pack.gz,c00053085b900f5df548,fd5f5bcaba1cf150622596027fefdd22ac7a61db2dde473c03f3965c3881d4ed,PASS,end_to_end_artifact,False
True,18.122448979591837,hybrid-v3-final-140-v1,0.0,binary,1,True,111,1,0.003241067929412021,14.4180999971771,0.0029038999210588175,16.09216666353556,0.02519998815841973,,0.0,0.0033810897548907028,13.821000000461936,62,hybrid_v2,0.0,49,15.86360001238063,222.31640625,whole_file,0.44144144144144143,0,3,True,"{""direct_bypass"": 1}",confidence,v2,"[""raw|default|identity""]",0.8581000147387385,1.0,lt_16KiB,C:\Users\ss\Desktop\XAI\XAI\apps\public_nextjs\.gitignore,5f8724e09072ab9a265f,58a43472c935cb48bcf1270662961f78f69d6accf404d42718684e4cc4429858,PASS,end_to_end_artifact,False
True,18.122448979591837,hybrid-v3-final-140-v1,0.0,binary,1,True,111,1,0.0033104151853750818,14.116066682618111,0.002952676436098229,15.826333333582928,0.02340000355616212,,0.0,0.0036543531916364276,12.787500018021092,62,hybrid_v3_confidence,0.0,49,17.366600019158795,222.31640625,whole_file,0.44144144144144143,0,3,True,"{""direct_bypass"": 1}",confidence,v3,"[""raw|default|identity""]",1.006099977530539,1.0,lt_16KiB,C:\Users\ss\Desktop\XAI\XAI\apps\public_nextjs\.gitignore,5f8724e09072ab9a265f,58a43472c935cb48bcf1270662961f78f69d6accf404d42718684e4cc4429858,PASS,end_to_end_artifact,False
True,18.122448979591837,hybrid-v3-final-140-v1,0.0,binary,1,True,111,1,0.0031647412300165657,14.765833320173746,0.001679299729318685,27.827100003681455,0.023500004317611456,,0.0,0.0032213396546303184,14.50639998074621,62,hybrid_v3_top2,0.0,49,15.38649998838082,222.31640625,whole_file,0.44144144144144143,0,3,True,"{""direct_bypass"": 1}",top2,v3,"[""raw|default|identity""]",1.0519000061322004,1.0,lt_16KiB,C:\Users\ss\Desktop\XAI\XAI\apps\public_nextjs\.gitignore,5f8724e09072ab9a265f,58a43472c935cb48bcf1270662961f78f69d6accf404d42718684e4cc4429858,PASS,end_to_end_artifact,False
True,18.122448979591837,hybrid-v3-final-140-v1,0.0,binary,1,True,111,1,0.002843757280348502,16.432499998093892,0.002763156458678424,16.91183333362763,0.018799997633323073,,0.0,0.002785114373795316,16.778499993961304,62,hybrid_v3_top3,0.0,49,17.25010000518523,222.31640625,whole_file,0.44144144144144143,0,3,True,"{""direct_bypass"": 1}",top3,v3,"[""raw|default|identity""]",0.8514000219292939,1.0,lt_16KiB,C:\Users\ss\Desktop\XAI\XAI\apps\public_nextjs\.gitignore,5f8724e09072ab9a265f,58a43472c935cb48bcf1270662961f78f69d6accf404d42718684e4cc4429858,PASS,end_to_end_artifact,False
True,17.185185185185187,hybrid-v3-final-140-v1,0.0,binary,1,True,116,1,0.0035184122070502167,14.636833337135613,0.0008014997028266568,64.25256666261703,0.021700019715353847,,0.0,0.003434212010806929,14.995700010331348,62,hybrid_v2,0.0,54,15.093399997567758,222.328125,whole_file,0.46551724137931033,0,3,True,"{""direct_bypass"": 1}",confidence,v2,"[""raw|default|identity""]",0.9479000000283122,1.0,lt_16KiB,C:\Users\ss\Desktop\XAI\XAI\apps\mobile_authenticator_flutter\android\.gradle\buildOutputCleanup\cache.properties,a79486349dd2e056bef1,002ae1a4bd438cf5ffb03a9d964990dfeb9389bcfb323b67c8b7a133ae8a12b1,PASS,end_to_end_artifact,False
True,17.185185185185187,hybrid-v3-final-140-v1,0.0,binary,1,True,116,1,0.00379121048336501,13.583633330805847,0.003084303692601627,16.696933317386236,0.02090001362375915,,0.0,0.0037302012981280633,13.805800001136959,62,hybrid_v3_confidence,0.0,54,14.184300001943484,222.328125,whole_file,0.46551724137931033,0,3,True,"{""direct_bypass"": 1}",confidence,v3,"[""raw|default|identity""]",0.9261000086553395,1.0,lt_16KiB,C:\Users\ss\Desktop\XAI\XAI\apps\mobile_authenticator_flutter\android\.gradle\buildOutputCleanup\cache.properties,a79486349dd2e056bef1,002ae1a4bd438cf5ffb03a9d964990dfeb9389bcfb323b67c8b7a133ae8a12b1,PASS,end_to_end_artifact,False
True,17.185185185185187,hybrid-v3-final-140-v1,0.0,binary,1,True,116,1,0.0036771010506521924,14.005166672480604,0.0022113205819871136,23.288533334077027,0.021899992134422064,,0.0,0.003724104964503888,13.828399998601526,62,hybrid_v3_top2,0.0,54,14.729700022144243,222.328125,whole_file,0.46551724137931033,0,3,True,"{""direct_bypass"": 1}",top2,v3,"[""raw|default|identity""]",1.013199973385781,1.0,lt_16KiB,C:\Users\ss\Desktop\XAI\XAI\apps\mobile_authenticator_flutter\android\.gradle\buildOutputCleanup\cache.properties,a79486349dd2e056bef1,002ae1a4bd438cf5ffb03a9d964990dfeb9389bcfb323b67c8b7a133ae8a12b1,PASS,end_to_end_artifact,False
True,17.185185185185187,hybrid-v3-final-140-v1,0.0,binary,1,True,116,1,0.002207298729346062,23.330966670376558,0.003178535056995095,16.201933331709977,0.01889999839477241,,0.0,0.0030785940277204995,16.727900016121566,62,hybrid_v3_top3,0.0,54,38.660099991830066,222.328125,whole_file,0.46551724137931033,0,3,True,"{""direct_bypass"": 1}",top3,v3,"[""raw|default|identity""]",1.0440000041853637,1.0,lt_16KiB,C:\Users\ss\Desktop\XAI\XAI\apps\mobile_authenticator_flutter\android\.gradle\buildOutputCleanup\cache.properties,a79486349dd2e056bef1,002ae1a4bd438cf5ffb03a9d964990dfeb9389bcfb323b67c8b7a133ae8a12b1,PASS,end_to_end_artifact,False
True,12.862745098039216,hybrid-v3-final-140-v1,0.0,binary,1,True,164,1,0.006130737700452395,15.866733340468878,0.003466604825279398,28.0605333391577,0.02020000829361379,,0.0,0.007079987491161232,13.739400019403547,62,hybrid_v2,0.0,102,20.307300001149997,222.34375,whole_file,0.6219512195121951,0,3,True,"{""direct_bypass"": 1}",confidence,v2,"[""raw|default|identity""]",1.0381000174675137,1.0,lt_16KiB,C:\Users\ss\Desktop\XAI\XAI\apps\public_nextjs\.next\cache\.rscinfo,40edde3ff58386c6e648,5b3ee2ef314de0dc6adc83b4a21f02ddd964bc5700e813a1791d93a322c2086b,PASS,end_to_end_artifact,False
True,12.862745098039216,hybrid-v3-final-140-v1,0.0,binary,1,True,164,1,0.007435678106071961,13.08216666802764,0.005514214084773394,17.640733344402786,0.03369999467395246,,0.0,0.007167260799375246,13.572099996963516,62,hybrid_v3_confidence,0.0,102,13.574699987657368,222.34375,whole_file,0.6219512195121951,0,3,True,"{""small_file_rule_direct"": 1}",confidence,v3,"[""raw|default|identity""]",1.0121999948751181,1.0,lt_16KiB,C:\Users\ss\Desktop\XAI\XAI\apps\public_nextjs\.next\cache\.rscinfo,40edde3ff58386c6e648,5b3ee2ef314de0dc6adc83b4a21f02ddd964bc5700e813a1791d93a322c2086b,PASS,end_to_end_artifact,False
True,12.862745098039216,hybrid-v3-final-140-v1,0.0,binary,1,True,164,1,0.007417270293127322,13.114633339379603,0.0024942443218919706,38.99969999717238,0.024399982066825032,,0.0,0.0072997328623139145,13.325800013262779,62,hybrid_v3_top2,0.0,102,13.504500006092712,222.34375,whole_file,0.6219512195121951,0,3,True,"{""small_file_rule_direct"": 1}",top2,v3,"[""raw|default|identity""]",0.8366999973077327,1.0,lt_16KiB,C:\Users\ss\Desktop\XAI\XAI\apps\public_nextjs\.next\cache\.rscinfo,40edde3ff58386c6e648,5b3ee2ef314de0dc6adc83b4a21f02ddd964bc5700e813a1791d93a322c2086b,PASS,end_to_end_artifact,False
True,12.862745098039216,hybrid-v3-final-140-v1,0.0,binary,1,True,164,1,0.0021500768509587604,45.242466672789305,0.004380819389578704,22.20469999398726,0.02649999805726111,,0.0,0.004728940557597109,20.570100023178384,62,hybrid_v3_top3,0.0,102,97.47439998318441,222.34375,whole_file,0.6219512195121951,0,3,True,"{""small_file_rule_direct"": 1}",top3,v3,"[""raw|default|identity""]",0.8852000173646957,1.0,lt_16KiB,C:\Users\ss\Desktop\XAI\XAI\apps\public_nextjs\.next\cache\.rscinfo,40edde3ff58386c6e648,5b3ee2ef314de0dc6adc83b4a21f02ddd964bc5700e813a1791d93a322c2086b,PASS,end_to_end_artifact,False
True,7.751937984496124,hybrid-v3-final-140-v1,463.57600000919774,binary,1,True,250,1,0.0005734783341166407,429.0449333396585,0.014489405376654928,16.98123333820452,10.042699985206127,,2.724499994656071,0.0006203996905403947,396.5959000051953,67,hybrid_v2,3.4177999768871814,258,503.21620001341216,222.5,whole_file,1.032,0,3,True,"{""top_3_microbenchmark"": 1}",confidence,v2,"[""brotli|4|identity""]",482.1292000124231,0.4472791210690842,lt_16KiB,C:\Users\ss\Desktop\XAI\XAI\apps\web_angular\Dockerfile,f6d8ac25d8ced35c97bb,2d49913b6961e7886aceaa2bf12fd148a463f5077b9d489d6036933e0a0e21ee,PASS,end_to_end_artifact,False
True,7.317829457364341,hybrid-v3-final-140-v1,0.12110001989640296,binary,1,True,236,2,0.009426511445796404,26.101699981760856,0.013411800467088217,18.34563332765053,12.942700006533414,,3.8320999883580953,0.011765480967425036,20.91269998345524,67,hybrid_v3_confidence,3.4468999947421253,258,37.04199998173863,224.5234375,whole_file,1.0932203389830508,0,3,True,"{""top_3_microbenchmark"": 1}",confidence,v3,"[""brotli|6|identity""]",22.510500013595447,0.4472791210690842,lt_16KiB,C:\Users\ss\Desktop\XAI\XAI\apps\web_angular\Dockerfile,f6d8ac25d8ced35c97bb,2d49913b6961e7886aceaa2bf12fd148a463f5077b9d489d6036933e0a0e21ee,PASS,end_to_end_artifact,False
True,7.751937984496124,hybrid-v3-final-140-v1,0.10619996464811265,binary,1,True,250,2,0.011395858161112559,21.59100000668938,0.009119046086622583,26.981766655808315,0.44880001223646104,,1.9247000163886696,0.011399131497247143,21.584800007985905,67,hybrid_v3_top2,3.0525999900419265,258,22.051900014048442,224.5234375,whole_file,1.032,0,3,True,"{""top_2_microbenchmark"": 1}",top2,v3,"[""brotli|4|identity""]",7.635699992533773,0.4472791210690842,lt_16KiB,C:\Users\ss\Desktop\XAI\XAI\apps\web_angular\Dockerfile,f6d8ac25d8ced35c97bb,2d49913b6961e7886aceaa2bf12fd148a463f5077b9d489d6036933e0a0e21ee,PASS,end_to_end_artifact,False
True,7.751937984496124,hybrid-v3-final-140-v1,0.16870000399649143,binary,1,True,250,1,0.011463838034704976,21.46296666857476,0.01417479454732227,17.358133326827858,0.3446000046096742,,1.9472000130917877,0.011954173603411175,20.58260000194423,67,hybrid_v3_top3,3.3531000080984086,258,23.460500000510365,224.5234375,whole_file,1.032,0,3,True,"{""top_3_microbenchmark"": 1}",top3,v3,"[""brotli|4|identity""]",7.7772999939043075,0.4472791210690842,lt_16KiB,C:\Users\ss\Desktop\XAI\XAI\apps\web_angular\Dockerfile,f6d8ac25d8ced35c97bb,2d49913b6961e7886aceaa2bf12fd148a463f5077b9d489d6036933e0a0e21ee,PASS,end_to_end_artifact,False
True,4.336260978670013,hybrid-v3-final-140-v1,348.5777000023518,binary,1,True,432,1,0.0019858698087874605,382.7433333305332,0.021956458388359086,34.61753333491894,12.48849998228252,,2.2517000033985823,0.00200229405028305,379.6037999854889,67,hybrid_v2,8.36370000615716,797,413.23130001546815,224.53125,whole_file,1.8449074074074074,0,3,True,"{""top_3_microbenchmark"": 1}",confidence,v2,"[""brotli|4|identity""]",374.25209998036735,0.5718113910592681,lt_16KiB,C:\Users\ss\Desktop\XAI\XAI\apps\mobile_authenticator_flutter\android\settings.gradle.kts,cc0a768c16bc4f521d5e,d6b16579d5f6a6066cc22323c4e34adb82020f7b75378bffed7f0358bc949ce3,PASS,end_to_end_artifact,False
True,4.406524466750314,hybrid-v3-final-140-v1,0.11170000652782619,binary,1,True,439,1,0.030938371026602088,24.56749999934497,0.043224505207987006,17.58443333286171,12.743600003886968,,2.3153999936766922,0.03531536292896181,21.522600000025705,67,hybrid_v3_confidence,1.6836000140756369,797,31.914799998048693,224.57421875,whole_file,1.815489749430524,0,3,True,"{""top_3_microbenchmark"": 1}",confidence,v3,"[""deflate|6|identity""]",19.028899987461045,0.5718113910592681,lt_16KiB,C:\Users\ss\Desktop\XAI\XAI\apps\mobile_authenticator_flutter\android\settings.gradle.kts,cc0a768c16bc4f521d5e,d6b16579d5f6a6066cc22323c4e34adb82020f7b75378bffed7f0358bc949ce3,PASS,end_to_end_artifact,False
True,4.386449184441656,hybrid-v3-final-140-v1,0.12240000069141388,binary,1,True,437,1,0.030262437054020475,25.116233329754323,0.025364920047999104,29.96573333318035,0.6033000245224684,,2.0475999917834997,0.03677721741264048,20.66710000508465,67,hybrid_v3_top2,1.3444999931380153,797,34.33179997955449,224.57421875,whole_file,1.8237986270022883,0,3,True,"{""top_2_microbenchmark"": 1}",top2,v3,"[""deflate|9|identity""]",6.644300010520965,0.5718113910592681,lt_16KiB,C:\Users\ss\Desktop\XAI\XAI\apps\mobile_authenticator_flutter\android\settings.gradle.kts,cc0a768c16bc4f521d5e,d6b16579d5f6a6066cc22323c4e34adb82020f7b75378bffed7f0358bc949ce3,PASS,end_to_end_artifact,False
True,4.386449184441656,hybrid-v3-final-140-v1,0.12929999502375722,binary,1,True,437,1,0.03510046919085428,21.65436667079727,0.03137949988797094,24.222133331932127,0.5891999753657728,,2.5717999960761517,0.03470281610669825,21.90250001149252,67,hybrid_v3_top3,1.9283000146970153,797,22.335699992254376,224.57421875,whole_file,1.8237986270022883,0,3,True,"{""top_3_microbenchmark"": 1}",top3,v3,"[""deflate|9|identity""]",7.417199987685308,0.5718113910592681,lt_16KiB,C:\Users\ss\Desktop\XAI\XAI\apps\mobile_authenticator_flutter\android\settings.gradle.kts,cc0a768c16bc4f521d5e,d6b16579d5f6a6066cc22323c4e34adb82020f7b75378bffed7f0358bc949ce3,PASS,end_to_end_artifact,False
True,3.058553386911596,hybrid-v3-final-140-v1,232.78510000091046,binary,1,True,1332,1,0.01467135972234128,226.46853333571926,0.2876968489900696,11.548966664122418,38.534499995876104,,1.3252999924588948,0.013606405886403185,244.1938999982085,67,hybrid_v2,2.1625999943353236,3484,295.1578999927733,224.57421875,whole_file,2.6156156156156154,0,3,True,"{""top_3_microbenchmark"": 1}",confidence,v2,"[""deflate|9|identity""]",276.78429998923093,0.4786371602385439,lt_16KiB,C:\Users\ss\Desktop\XAI\XAI\apps\admin_dotnet\Components\Pages\Home.razor,5cfd18ecb4615302b290,162dd67b8042a9e57c67e0cc11aa979e3b2d7b44e350a99596c9f66313a312e0,PASS,end_to_end_artifact,False
True,3.0470723306544203,hybrid-v3-final-140-v1,0.05210001836530864,binary,1,True,1327,2,0.14373268123512045,23.116533343757812,0.12481941597962697,26.61926666041836,17.93179998639971,,0.9114999847952276,0.16916230018699369,19.64149999548681,67,hybrid_v3_confidence,1.4857000205665827,3484,31.855600012931973,224.7421875,whole_file,2.6254709871891486,0,3,True,"{""top_3_microbenchmark"": 1}",confidence,v3,"[""deflate|6|identity""]",21.793799998704344,0.4786371602385439,lt_16KiB,C:\Users\ss\Desktop\XAI\XAI\apps\admin_dotnet\Components\Pages\Home.razor,5cfd18ecb4615302b290,162dd67b8042a9e57c67e0cc11aa979e3b2d7b44e350a99596c9f66313a312e0,PASS,end_to_end_artifact,False
True,3.0470723306544203,hybrid-v3-final-140-v1,0.08250001701526344,binary,1,True,1327,2,0.15829096944871068,20.990466669900343,0.21324470691303002,15.581166662741452,1.4844000106677413,,1.796900003682822,0.15791305986612156,21.040699997683987,67,hybrid_v3_top2,1.974499988136813,3484,22.243899991735816,224.7421875,whole_file,2.6254709871891486,0,3,True,"{""top_2_microbenchmark"": 1}",top2,v3,"[""deflate|6|identity""]",8.69099999545142,0.4786371602385439,lt_16KiB,C:\Users\ss\Desktop\XAI\XAI\apps\admin_dotnet\Components\Pages\Home.razor,5cfd18ecb4615302b290,162dd67b8042a9e57c67e0cc11aa979e3b2d7b44e350a99596c9f66313a312e0,PASS,end_to_end_artifact,False
True,3.0470723306544203,hybrid-v3-final-140-v1,0.09400001727044582,binary,1,True,1327,1,0.1825715465180608,18.19890000236531,0.23790189586850513,13.966266667315116,1.5921999874990433,,1.9375999982003123,0.19081811322961525,17.412400018656626,67,hybrid_v3_top3,2.5369999930262566,3484,20.359199988888577,224.7421875,whole_file,2.6254709871891486,0,3,True,"{""top_3_microbenchmark"": 1}",top3,v3,"[""deflate|6|identity""]",8.250400016549975,0.4786371602385439,lt_16KiB,C:\Users\ss\Desktop\XAI\XAI\apps\admin_dotnet\Components\Pages\Home.razor,5cfd18ecb4615302b290,162dd67b8042a9e57c67e0cc11aa979e3b2d7b44e350a99596c9f66313a312e0,PASS,end_to_end_artifact,False
True,2.871154703522069,hybrid-v3-final-140-v1,207.24560000235215,binary,1,True,1610,1,0.008786727002635704,486.8915333451393,0.040767908728311576,104.93996667598064,26.070699997944757,,1.7488999874331057,0.007361690258788003,581.1414000054356,67,hybrid_v2,2.6448999997228384,4486,613.6661000200547,224.7421875,whole_file,2.7863354037267083,0,3,True,"{""top_3_microbenchmark"": 1}",confidence,v2,"[""deflate|6|identity""]",240.97740001161583,0.46506050568757507,lt_16KiB,C:\Users\ss\Desktop\XAI\XAI\apps\web_angular\src\styles.scss,1364093c2cd97d6b467d,ad9c84765af109b753aa1444e9515e89579b53967bd1bae5fc64ecd41221ab0a,PASS,end_to_end_artifact,False
True,2.871154703522069,hybrid-v3-final-140-v1,0.11500000255182385,binary,1,True,1610,1,0.11406835232446152,37.5054333320198,0.23073927177475292,18.54119998946165,43.12380001647398,,2.168500010157004,0.17164018014303423,24.92530000745319,67,hybrid_v3_confidence,3.186799993272871,4486,64.73889999324456,224.7421875,whole_file,2.7863354037267083,0,3,True,"{""top_3_microbenchmark"": 1}",confidence,v3,"[""deflate|6|identity""]",51.11809997470118,0.46506050568757507,lt_16KiB,C:\Users\ss\Desktop\XAI\XAI\apps\web_angular\src\styles.scss,1364093c2cd97d6b467d,ad9c84765af109b753aa1444e9515e89579b53967bd1bae5fc64ecd41221ab0a,PASS,end_to_end_artifact,False
True,2.871154703522069,hybrid-v3-final-140-v1,0.10619999375194311,binary,1,True,1610,1,0.1642151742625498,26.052299993655954,0.20517616755085494,20.85126666740204,1.6104999813251197,,2.075600001262501,0.17557786711068202,24.36630000011064,67,hybrid_v3_top2,2.1761000098194927,4486,31.86930000083521,224.7421875,whole_file,2.7863354037267083,0,3,True,"{""top_2_microbenchmark"": 1}",top2,v3,"[""deflate|6|identity""]",8.240399998612702,0.46506050568757507,lt_16KiB,C:\Users\ss\Desktop\XAI\XAI\apps\web_angular\src\styles.scss,1364093c2cd97d6b467d,ad9c84765af109b753aa1444e9515e89579b53967bd1bae5fc64ecd41221ab0a,PASS,end_to_end_artifact,False
True,2.871154703522069,hybrid-v3-final-140-v1,0.10080001084133983,binary,1,True,1610,1,0.1831591671010967,23.35773333713102,0.20202598094416518,21.176400002635393,1.6141999803949147,,2.105499996105209,0.1816777069291217,23.548200028017163,67,hybrid_v3_top3,3.0054999806452543,4486,23.837199987610802,224.7421875,whole_file,2.7863354037267083,0,3,True,"{""top_3_microbenchmark"": 1}",top3,v3,"[""deflate|6|identity""]",9.261200000764802,0.46506050568757507,lt_16KiB,C:\Users\ss\Desktop\XAI\XAI\apps\web_angular\src\styles.scss,1364093c2cd97d6b467d,ad9c84765af109b753aa1444e9515e89579b53967bd1bae5fc64ecd41221ab0a,PASS,end_to_end_artifact,False
True,0.770468685192866,hybrid-v3-final-140-v1,255.8067000063602,binary,1,True,1161,1,0.04516643485486341,254.53733333658116,1.1389557962218104,10.093933340006819,110.19179999129847,,1.8285999831277877,0.05929779527983459,193.87810002081096,67,hybrid_v2,4.568600008497015,12055,395.63660000567324,224.7421875,whole_file,10.383290267011198,0,3,True,"{""top_3_microbenchmark"": 1}",confidence,v2,"[""deflate|6|identity""]",375.63219998264685,0.4566057059402814,lt_16KiB,C:\Users\ss\Desktop\XAI\XAI\apps\desktop_flutter\.flutter-plugins-dependencies,fb876718379f313755bf,a2c397b45a54899472e474caa3de4ca7bad5e570071e4d9768e32b1022a5f016,PASS,end_to_end_artifact,False
True,0.7724595603484031,hybrid-v3-final-140-v1,0.14919997192919254,binary,1,True,1164,2,0.37674522780265757,30.515433337617043,0.705410419761083,16.29766666640838,52.156299992930144,,1.4993000077083707,0.8951115236158537,12.843700009398162,67,hybrid_v3_confidence,2.3412999871652573,12055,67.12829999742098,224.7421875,whole_file,10.356529209621993,0,3,True,"{""top_3_microbenchmark"": 1}",confidence,v3,"[""deflate|9|identity""]",57.86070000613108,0.4566057059402814,lt_16KiB,C:\Users\ss\Desktop\XAI\XAI\apps\desktop_flutter\.flutter-plugins-dependencies,fb876718379f313755bf,a2c397b45a54899472e474caa3de4ca7bad5e570071e4d9768e32b1022a5f016,PASS,end_to_end_artifact,False
True,0.770468685192866,hybrid-v3-final-140-v1,0.05050000618211925,binary,1,True,1161,1,1.0389601135100148,11.065433345114192,1.3473775528525969,8.532533334800974,1.0215000074822456,,1.0204999998677522,1.0545062851225142,10.902300011366606,67,hybrid_v3_top2,0.9206999966409057,12055,12.014800013275817,224.7421875,whole_file,10.383290267011198,0,3,True,"{""top_2_microbenchmark"": 1}",top2,v3,"[""deflate|6|identity""]",4.146699997363612,0.4566057059402814,lt_16KiB,C:\Users\ss\Desktop\XAI\XAI\apps\desktop_flutter\.flutter-plugins-dependencies,fb876718379f313755bf,a2c397b45a54899472e474caa3de4ca7bad5e570071e4d9768e32b1022a5f016,PASS,end_to_end_artifact,False
True,0.770468685192866,hybrid-v3-final-140-v1,0.04160002572461963,binary,1,True,1161,1,0.7234732048017685,15.890766662778333,0.8963933793663054,12.825333328995233,0.6751999899279326,,0.6893999816384166,0.6821700656272908,16.852899978403002,67,hybrid_v3_top3,1.4909000019542873,12055,18.947600008687004,224.7421875,whole_file,10.383290267011198,0,3,True,"{""top_3_microbenchmark"": 1}",top3,v3,"[""deflate|6|identity""]",3.9152999815996736,0.4566057059402814,lt_16KiB,C:\Users\ss\Desktop\XAI\XAI\apps\desktop_flutter\.flutter-plugins-dependencies,fb876718379f313755bf,a2c397b45a54899472e474caa3de4ca7bad5e570071e4d9768e32b1022a5f016,PASS,end_to_end_artifact,False
True,1.8254376713773466,hybrid-v3-final-140-v1,416.96729997056536,binary,1,True,5409,3,0.04912757536324825,460.166200005915,1.6554760356919491,13.655800013414895,181.20970003656112,,30.186600022716448,0.06314362097725008,358.0227000056766,71,hybrid_v2,7.594900002004579,23705,666.4406000054441,224.77734375,whole_file,4.3825106304307635,0,3,True,"{""top_3_microbenchmark"": 1}",confidence,v2,"[""zstd|9|identity""]",638.4221000189427,0.2891339604597721,16_64KiB,C:\Users\ss\Desktop\XAI\XAI\apps\desktop_flutter\pubspec.lock,665359906b3619ac985e,471ecf91ed6391162a1544c0c68a69fe253ac363b98667175bb42f9a59f986e5,PASS,end_to_end_artifact,False
True,1.8456865640160305,hybrid-v3-final-140-v1,0.048299989430233836,binary,1,True,5469,2,0.66719149311826,33.88359999128928,1.9584220995035442,11.543400003574789,52.74349998217076,,0.7943999953567982,1.2594906551428997,17.949200002476573,71,hybrid_v3_confidence,3.4663999977055937,23705,68.9960999879986,224.77734375,whole_file,4.334430426037667,0,3,True,"{""top_3_microbenchmark"": 1}",confidence,v3,"[""zstd|6|identity""]",58.51930001517758,0.2891339604597721,16_64KiB,C:\Users\ss\Desktop\XAI\XAI\apps\desktop_flutter\pubspec.lock,665359906b3619ac985e,471ecf91ed6391162a1544c0c68a69fe253ac363b98667175bb42f9a59f986e5,PASS,end_to_end_artifact,False
True,1.8456865640160305,hybrid-v3-final-140-v1,0.08250001701526344,binary,1,True,5469,2,1.1305930986309858,19.995566661236808,1.7384847205975653,13.003766672530523,0.9868999768514186,,1.145099988207221,1.1335674834180434,19.943099992815405,71,hybrid_v3_top2,3.9923999866005033,23705,23.364599997876212,224.77734375,whole_file,4.334430426037667,0,3,True,"{""top_2_microbenchmark"": 1}",top2,v3,"[""zstd|6|identity""]",7.8397000033874065,0.2891339604597721,16_64KiB,C:\Users\ss\Desktop\XAI\XAI\apps\desktop_flutter\pubspec.lock,665359906b3619ac985e,471ecf91ed6391162a1544c0c68a69fe253ac363b98667175bb42f9a59f986e5,PASS,end_to_end_artifact,False
True,1.8456865640160305,hybrid-v3-final-140-v1,0.08369999704882503,binary,1,True,5469,3,0.9828167718585095,23.00210000248626,1.5483012437887038,14.601066660058374,1.2539000308606774,,1.3602999970316887,1.0597722493130675,21.331800002371892,71,hybrid_v3_top3,5.36050001392141,23705,26.545600005192682,224.77734375,whole_file,4.334430426037667,0,3,True,"{""top_3_microbenchmark"": 1}",top3,v3,"[""zstd|6|identity""]",9.549399983370677,0.2891339604597721,16_64KiB,C:\Users\ss\Desktop\XAI\XAI\apps\desktop_flutter\pubspec.lock,665359906b3619ac985e,471ecf91ed6391162a1544c0c68a69fe253ac363b98667175bb42f9a59f986e5,PASS,end_to_end_artifact,False
True,21.05263157894737,hybrid-v3-final-140-v1,0.0,csv,1,True,100,1,0.0024277413891383927,14.927299993966395,0.0010139860277004829,35.7397666569644,0.018099992303177714,,0.0,0.0024618975336855456,14.720199978910387,62,hybrid_v2,0.0,38,16.634600004181266,224.77734375,whole_file,0.38,0,3,True,"{""direct_bypass"": 1}",confidence,v2,"[""raw|default|identity""]",0.8354999881703407,1.0,lt_16KiB,C:\Users\ss\Desktop\XAI\XAI\engines\XAI-Compress\results\final_analysis\roundtrip_results.csv,e3912e357456af06dfed,c6484bd00fba72894b9614e35c9f5aa34441bd7951db46338fa7777e023f0279,PASS,end_to_end_artifact,False
True,21.05263157894737,hybrid-v3-final-140-v1,0.0,csv,1,True,100,1,0.0025947906064075015,13.966299991200989,0.0017252938129844657,21.00490000642215,0.021000014385208488,,0.0,0.0026734258462063508,13.555499986978248,62,hybrid_v3_confidence,0.0,38,15.26789998752065,224.77734375,whole_file,0.38,0,3,True,"{""direct_bypass"": 1}",confidence,v3,"[""raw|default|identity""]",1.1726999946404248,1.0,lt_16KiB,C:\Users\ss\Desktop\XAI\XAI\engines\XAI-Compress\results\final_analysis\roundtrip_results.csv,e3912e357456af06dfed,c6484bd00fba72894b9614e35c9f5aa34441bd7951db46338fa7777e023f0279,PASS,end_to_end_artifact,False
True,21.05263157894737,hybrid-v3-final-140-v1,0.0,csv,1,True,100,1,0.002487840350886379,14.566699993641427,0.0020771700370537565,17.4466333410237,0.021400017431005836,,0.0,0.0025044660702777575,14.469999994616956,62,hybrid_v3_top2,0.0,38,15.351599984569475,224.77734375,whole_file,0.38,0,3,True,"{""direct_bypass"": 1}",top2,v3,"[""raw|default|identity""]",0.969600019743666,1.0,lt_16KiB,C:\Users\ss\Desktop\XAI\XAI\engines\XAI-Compress\results\final_analysis\roundtrip_results.csv,e3912e357456af06dfed,c6484bd00fba72894b9614e35c9f5aa34441bd7951db46338fa7777e023f0279,PASS,end_to_end_artifact,False
True,21.05263157894737,hybrid-v3-final-140-v1,0.0,csv,1,True,100,1,0.0023837414522665454,15.202833339571953,0.0022426897716759683,16.159000001304474,0.020299979951232672,,0.0,0.002367256789048248,15.308700007153675,62,hybrid_v3_top3,0.0,38,15.530900011071935,224.77734375,whole_file,0.38,0,3,True,"{""direct_bypass"": 1}",top3,v3,"[""raw|default|identity""]",0.9990999824367464,1.0,lt_16KiB,C:\Users\ss\Desktop\XAI\XAI\engines\XAI-Compress\results\final_analysis\roundtrip_results.csv,e3912e357456af06dfed,c6484bd00fba72894b9614e35c9f5aa34441bd7951db46338fa7777e023f0279,PASS,end_to_end_artifact,False
True,13.511111111111111,hybrid-v3-final-140-v1,0.0,csv,1,True,152,1,0.005671818789477169,15.132833340127641,0.002215988184179561,38.732466666260734,0.022099993657320738,,0.0,0.005747218713158653,14.934300008462742,62,hybrid_v2,0.0,90,18.332800013013184,224.77734375,whole_file,0.5921052631578947,0,3,True,"{""direct_bypass"": 1}",confidence,v2,"[""raw|default|identity""]",3.0368000152520835,1.0,lt_16KiB,C:\Users\ss\Desktop\XAI\XAI\engines\XAI-Compress\results\final_analysis\final_comparison.csv,921d357da1bee764ce1d,c2b289c3259e1dc84f545db4b69c0a3cb62953bb37220f9521ef6e4438f18a77,PASS,end_to_end_artifact,False
True,13.6,hybrid-v3-final-140-v1,0.0,csv,1,True,153,1,0.005944708250660686,14.438166661420837,0.005384531497092799,15.940233337460086,0.029099988751113415,,0.0,0.00603931103443389,14.212000009138137,62,hybrid_v3_confidence,0.0,90,15.320199978305027,224.77734375,whole_file,0.5882352941176471,0,3,True,"{""small_file_rule_direct"": 1}",confidence,v3,"[""brotli|1|identity""]",0.9304000122938305,1.0,lt_16KiB,C:\Users\ss\Desktop\XAI\XAI\engines\XAI-Compress\results\final_analysis\final_comparison.csv,921d357da1bee764ce1d,c2b289c3259e1dc84f545db4b69c0a3cb62953bb37220f9521ef6e4438f18a77,PASS,end_to_end_artifact,False
True,13.6,hybrid-v3-final-140-v1,0.0,csv,1,True,153,1,0.0061844503812177555,13.878466668150699,0.0038444791636280517,22.325700003420934,0.032899988582357764,,0.0,0.006275365828142173,13.677399983862415,62,hybrid_v3_top2,0.0,90,14.840000018011779,224.77734375,whole_file,0.5882352941176471,0,3,True,"{""small_file_rule_direct"": 1}",top2,v3,"[""brotli|1|identity""]",0.8840999798849225,1.0,lt_16KiB,C:\Users\ss\Desktop\XAI\XAI\engines\XAI-Compress\results\final_analysis\final_comparison.csv,921d357da1bee764ce1d,c2b289c3259e1dc84f545db4b69c0a3cb62953bb37220f9521ef6e4438f18a77,PASS,end_to_end_artifact,False
True,13.6,hybrid-v3-final-140-v1,0.0,csv,1,True,153,1,0.006445374461758186,13.316633344705528,0.005629004704961683,15.247933333739638,0.027999980375170708,,0.0,0.006534303359978883,13.135400018654764,62,hybrid_v3_top3,0.0,90,13.793099991744384,224.77734375,whole_file,0.5882352941176471,0,3,True,"{""small_file_rule_direct"": 1}",top3,v3,"[""brotli|1|identity""]",0.9903000027406961,1.0,lt_16KiB,C:\Users\ss\Desktop\XAI\XAI\engines\XAI-Compress\results\final_analysis\final_comparison.csv,921d357da1bee764ce1d,c2b289c3259e1dc84f545db4b69c0a3cb62953bb37220f9521ef6e4438f18a77,PASS,end_to_end_artifact,False
True,7.0495049504950495,hybrid-v3-final-140-v1,330.47989997430705,csv,1,True,267,3,0.0007903688880104774,365.6056333372059,0.008348605294141716,34.612166666192934,10.215999995125458,,3.312000015284866,0.0007773073771010483,371.7491000134032,67,hybrid_v2,3.454100020462647,303,380.89380000019446,224.80859375,whole_file,1.1348314606741574,0,3,True,"{""top_3_microbenchmark"": 1}",confidence,v2,"[""brotli|6|identity""]",349.6617999917362,0.37563082082631577,lt_16KiB,C:\Users\ss\Desktop\XAI\XAI\engines\XAI-Compress\results\final_project\lossless_bpb_breakdown.csv,39a02de3ede36018b3fe,5347d6a1802290c3d98c575c6d588c944cf6edc8263f35e87c7a230dd3db0543,PASS,end_to_end_artifact,False
True,7.3927392739273925,hybrid-v3-final-140-v1,0.08399999933317304,csv,1,True,280,2,0.016010940420545395,18.047866663740326,0.023050740757254384,12.535966670839116,5.151099991053343,,1.2272000021766871,0.015653229793656343,18.460299994330853,67,hybrid_v3_confidence,2.901900006690994,303,21.043499989900738,224.82421875,whole_file,1.082142857142857,0,3,True,"{""top_3_microbenchmark"": 1}",confidence,v3,"[""brotli|4|identity""]",11.155199987115338,0.37563082082631577,lt_16KiB,C:\Users\ss\Desktop\XAI\XAI\engines\XAI-Compress\results\final_project\lossless_bpb_breakdown.csv,39a02de3ede36018b3fe,5347d6a1802290c3d98c575c6d588c944cf6edc8263f35e87c7a230dd3db0543,PASS,end_to_end_artifact,False
True,7.3927392739273925,hybrid-v3-final-140-v1,0.10259999544359744,csv,1,True,280,1,0.017572426116674162,16.444133322996397,0.02451008812623112,11.789566662628204,0.3173000004608184,,1.9077000033576041,0.017357656244804478,16.647599986754358,67,hybrid_v3_top2,3.079100017203018,303,18.957699998281896,224.82421875,whole_file,1.082142857142857,0,3,True,"{""top_2_microbenchmark"": 1}",top2,v3,"[""brotli|4|identity""]",7.447399984812364,0.37563082082631577,lt_16KiB,C:\Users\ss\Desktop\XAI\XAI\engines\XAI-Compress\results\final_project\lossless_bpb_breakdown.csv,39a02de3ede36018b3fe,5347d6a1802290c3d98c575c6d588c944cf6edc8263f35e87c7a230dd3db0543,PASS,end_to_end_artifact,False
True,7.524752475247524,hybrid-v3-final-140-v1,0.09469996439293027,csv,1,True,285,3,0.016779673563173322,17.22103334031999,0.023274400378480678,12.415499998799836,0.29379999614320695,,1.400600012857467,0.016081123580737596,17.96910000848584,67,hybrid_v3_top3,2.137400006176904,303,18.073200015351176,224.82421875,whole_file,1.063157894736842,0,3,True,"{""top_3_microbenchmark"": 1}",top3,v3,"[""deflate|9|identity""]",5.2915000123903155,0.37563082082631577,lt_16KiB,C:\Users\ss\Desktop\XAI\XAI\engines\XAI-Compress\results\final_project\lossless_bpb_breakdown.csv,39a02de3ede36018b3fe,5347d6a1802290c3d98c575c6d588c944cf6edc8263f35e87c7a230dd3db0543,PASS,end_to_end_artifact,False
True,5.416058394160584,hybrid-v3-final-140-v1,373.7634999852162,csv,1,True,371,1,0.0017224041276171255,303.42096666572616,0.038371318855979344,13.61989999228778,10.839099995791912,,2.0641000010073185,0.0021007367877856993,248.77630002447404,67,hybrid_v2,8.545000018784776,548,423.66309999488294,224.82421875,whole_file,1.477088948787062,0,3,True,"{""top_3_microbenchmark"": 1}",confidence,v2,"[""brotli|4|identity""]",398.06430001044646,0.44190972518238536,lt_16KiB,C:\Users\ss\Desktop\XAI\XAI\engines\XAI-Compress\results\hybrid_ai\final_decision_table.csv,13de65abccd316cc7ad0,5298bd4aaa340a190b84ec31e0592771b0a029ad38d6c42f9498f6408ca8e136,PASS,end_to_end_artifact,False
True,5.518248175182482,hybrid-v3-final-140-v1,0.08220001473091543,csv,1,True,378,2,0.031228462553876853,16.735166660510004,0.027721571027615792,18.85223333374597,7.391999999526888,,1.0108999849762768,0.03482975618857999,15.004799992311746,67,hybrid_v3_confidence,2.7786999999079853,548,21.700199984479696,224.83984375,whole_file,1.4497354497354498,0,3,True,"{""top_3_microbenchmark"": 1}",confidence,v3,"[""deflate|9|identity""]",12.434000003850088,0.44190972518238536,lt_16KiB,C:\Users\ss\Desktop\XAI\XAI\engines\XAI-Compress\results\hybrid_ai\final_decision_table.csv,13de65abccd316cc7ad0,5298bd4aaa340a190b84ec31e0592771b0a029ad38d6c42f9498f6408ca8e136,PASS,end_to_end_artifact,False
True,5.518248175182482,hybrid-v3-final-140-v1,0.04710000939667225,csv,1,True,378,1,0.03974428681454607,13.149400008842349,0.03983972481046894,13.117899982413897,0.22069999249652028,,0.7854000141378492,0.039162921703453216,13.344600010896102,67,hybrid_v3_top2,1.8867000180762261,548,13.722900010179728,224.83984375,whole_file,1.4497354497354498,0,3,True,"{""top_2_microbenchmark"": 1}",top2,v3,"[""deflate|9|identity""]",4.02700001723133,0.44190972518238536,lt_16KiB,C:\Users\ss\Desktop\XAI\XAI\engines\XAI-Compress\results\hybrid_ai\final_decision_table.csv,13de65abccd316cc7ad0,5298bd4aaa340a190b84ec31e0592771b0a029ad38d6c42f9498f6408ca8e136,PASS,end_to_end_artifact,False
True,5.416058394160584,hybrid-v3-final-140-v1,0.05250002141110599,csv,1,True,371,1,0.023722487904243535,22.030300004795816,0.01921156653721122,27.203066672276083,0.22509999689646065,,0.8857999928295612,0.02634432876804679,19.837800005916506,67,hybrid_v3_top3,2.2126999974716455,548,31.151100003626198,224.83984375,whole_file,1.477088948787062,0,3,True,"{""top_3_microbenchmark"": 1}",top3,v3,"[""brotli|4|identity""]",4.4994999771006405,0.44190972518238536,lt_16KiB,C:\Users\ss\Desktop\XAI\XAI\engines\XAI-Compress\results\hybrid_ai\final_decision_table.csv,13de65abccd316cc7ad0,5298bd4aaa340a190b84ec31e0592771b0a029ad38d6c42f9498f6408ca8e136,PASS,end_to_end_artifact,False
True,4.493150684931507,hybrid-v3-final-140-v1,459.49139998992905,csv,1,True,451,1,0.0014877555079193543,514.7354333409263,0.04166238560110223,18.381100002443418,13.98769998922944,,2.2911000123713166,0.0014811566090302522,517.0287000073586,67,hybrid_v2,2.2847999935038388,803,547.4198000156321,224.83984375,whole_file,1.7804878048780488,0,3,True,"{""top_3_microbenchmark"": 1}",confidence,v2,"[""deflate|9|identity""]",480.37820000899956,0.4131354937824424,lt_16KiB,C:\Users\ss\Desktop\XAI\XAI\engines\XAI-Compress\results\model_search\leaderboard.csv,7da935a5c5745da0fc47,d7d2fd730a7b104cb5ab2c82601f322f6e10fcd2aed0259b631c7cd23a05999f,PASS,end_to_end_artifact,False
True,4.493150684931507,hybrid-v3-final-140-v1,0.11160000576637685,csv,1,True,451,1,0.025954880389687147,29.505066660931334,0.03860043564631033,19.839166663587093,14.903599978424609,,2.435600006720051,0.03513958437794745,21.7930999933742,67,hybrid_v3_confidence,1.9166000129189342,803,45.034200011286885,224.859375,whole_file,1.7804878048780488,0,3,True,"{""top_3_microbenchmark"": 1}",confidence,v3,"[""deflate|9|identity""]",21.627699985401705,0.4131354937824424,lt_16KiB,C:\Users\ss\Desktop\XAI\XAI\engines\XAI-Compress\results\model_search\leaderboard.csv,7da935a5c5745da0fc47,d7d2fd730a7b104cb5ab2c82601f322f6e10fcd2aed0259b631c7cd23a05999f,PASS,end_to_end_artifact,False
True,4.533001245330013,hybrid-v3-final-140-v1,0.11870000162161887,csv,1,True,455,1,0.03275021566765157,23.383066659638036,0.011572399879345566,66.17473333608359,0.5720999906770885,,2.110700006596744,0.033142210055748085,23.106499982532114,67,hybrid_v3_top2,1.1837999918498099,803,24.19779999763705,224.859375,whole_file,1.7648351648351648,0,3,True,"{""top_2_microbenchmark"": 1}",top2,v3,"[""deflate|6|identity""]",6.156699993880466,0.4131354937824424,lt_16KiB,C:\Users\ss\Desktop\XAI\XAI\engines\XAI-Compress\results\model_search\leaderboard.csv,7da935a5c5745da0fc47,d7d2fd730a7b104cb5ab2c82601f322f6e10fcd2aed0259b631c7cd23a05999f,PASS,end_to_end_artifact,False
True,4.493150684931507,hybrid-v3-final-140-v1,0.1196000084746629,csv,1,True,451,1,0.03141590880205682,24.376199997883912,0.04188944412521184,18.281466657451045,0.5929000035393983,,2.13350000558421,0.02796382291871099,27.385399997001514,67,hybrid_v3_top3,2.7999999874737114,803,27.860800008056685,224.859375,whole_file,1.7804878048780488,0,3,True,"{""top_3_microbenchmark"": 1}",top3,v3,"[""deflate|9|identity""]",8.163099992088974,0.4131354937824424,lt_16KiB,C:\Users\ss\Desktop\XAI\XAI\engines\XAI-Compress\results\model_search\leaderboard.csv,7da935a5c5745da0fc47,d7d2fd730a7b104cb5ab2c82601f322f6e10fcd2aed0259b631c7cd23a05999f,PASS,end_to_end_artifact,False
True,4.2494623655913975,hybrid-v3-final-140-v1,229.29950000252575,csv,1,True,494,2,0.004791193289462521,185.11403332619616,0.041393917489236126,21.426266660758603,18.591700005345047,,0.8388000132981688,0.005655060790926484,156.83600000920705,67,hybrid_v2,0.8825999975670129,930,262.7325999783352,224.859375,whole_file,1.8825910931174088,0,3,True,"{""top_3_microbenchmark"": 1}",confidence,v2,"[""deflate|6|identity""]",251.2212000146974,0.36834587394025864,lt_16KiB,C:\Users\ss\Desktop\XAI\XAI\engines\XAI-Compress\results\final_project\lossy_benchmark.csv,5dc21384a6a2b295ec5d,ffbfea0b154394263f6dd84f874a3eae790e8f952d9c5b4ab666f0959bd3db07,PASS,end_to_end_artifact,False
True,4.2494623655913975,hybrid-v3-final-140-v1,0.09699998190626502,csv,1,True,494,2,0.03298892385523778,26.88529999189389,0.04828941041567262,18.366699999508757,15.656299976399168,,1.7410000145900995,0.038272572540355806,23.17369999946095,67,hybrid_v3_confidence,1.7545000009704381,930,35.51399998832494,224.859375,whole_file,1.8825910931174088,0,3,True,"{""top_3_microbenchmark"": 1}",confidence,v3,"[""deflate|6|identity""]",21.13060001283884,0.36834587394025864,lt_16KiB,C:\Users\ss\Desktop\XAI\XAI\engines\XAI-Compress\results\final_project\lossy_benchmark.csv,5dc21384a6a2b295ec5d,ffbfea0b154394263f6dd84f874a3eae790e8f952d9c5b4ab666f0959bd3db07,PASS,end_to_end_artifact,False
True,4.2494623655913975,hybrid-v3-final-140-v1,0.11839999933727086,csv,1,True,494,2,0.041867969706277125,21.183666666426387,0.05536541974178272,16.01933333828735,0.5846999993082136,,1.8583000055514276,0.04225990672182954,20.987199997762218,67,hybrid_v3_top2,1.1400999792385846,930,23.633899982087314,224.859375,whole_file,1.8825910931174088,0,3,True,"{""top_2_microbenchmark"": 1}",top2,v3,"[""deflate|6|identity""]",5.761300009908155,0.36834587394025864,lt_16KiB,C:\Users\ss\Desktop\XAI\XAI\engines\XAI-Compress\results\final_project\lossy_benchmark.csv,5dc21384a6a2b295ec5d,ffbfea0b154394263f6dd84f874a3eae790e8f952d9c5b4ab666f0959bd3db07,PASS,end_to_end_artifact,False
True,4.2494623655913975,hybrid-v3-final-140-v1,0.09250000584870577,csv,1,True,494,1,0.026348037951102337,33.66159999859519,0.021085462689191557,42.0629666671933,0.5714000144507736,,1.8579000025056303,0.026058742378278713,34.03529999195598,67,hybrid_v3_top3,1.743100001476705,930,45.828100002836436,224.859375,whole_file,1.8825910931174088,0,3,True,"{""top_3_microbenchmark"": 1}",top3,v3,"[""deflate|6|identity""]",6.190599990077317,0.36834587394025864,lt_16KiB,C:\Users\ss\Desktop\XAI\XAI\engines\XAI-Compress\results\final_project\lossy_benchmark.csv,5dc21384a6a2b295ec5d,ffbfea0b154394263f6dd84f874a3eae790e8f952d9c5b4ab666f0959bd3db07,PASS,end_to_end_artifact,False
True,4.714733542319749,hybrid-v3-final-140-v1,278.5033999825828,csv,1,True,564,1,0.0023688163314103056,385.28370000616025,0.055021994005747546,16.587299993261695,11.257000005571172,,2.26979999570176,0.002563598869354996,356.00980001618154,67,hybrid_v2,2.1760999807156622,957,475.1481999992393,224.859375,whole_file,1.696808510638298,0,3,True,"{""top_3_microbenchmark"": 1}",confidence,v2,"[""deflate|6|identity""]",296.88060001353733,0.3541490320771786,lt_16KiB,C:\Users\ss\Desktop\XAI\XAI\engines\XAI-Compress\results\model_v2\lossless_bpb_breakdown.csv,ef3edbf6186277f5ef97,2a033ae9dd973173da92a71cb6c95407de7a8e2256f24aca5a89a313776bac26,PASS,end_to_end_artifact,False
True,4.714733542319749,hybrid-v3-final-140-v1,0.1136000209953636,csv,1,True,564,1,0.023707219732399167,38.49739999471543,0.049527677317285856,18.427399996047217,44.26030002650805,,2.7436999953351915,0.039677866644171014,23.00190000096336,67,hybrid_v3_confidence,5.864300008397549,957,71.04869998875074,224.875,whole_file,1.696808510638298,0,3,True,"{""top_3_microbenchmark"": 1}",confidence,v3,"[""deflate|6|identity""]",56.081000017002225,0.3541490320771786,lt_16KiB,C:\Users\ss\Desktop\XAI\XAI\engines\XAI-Compress\results\model_v2\lossless_bpb_breakdown.csv,ef3edbf6186277f5ef97,2a033ae9dd973173da92a71cb6c95407de7a8e2256f24aca5a89a313776bac26,PASS,end_to_end_artifact,False
True,4.714733542319749,hybrid-v3-final-140-v1,0.3462000167928636,csv,1,True,564,2,0.0450673452724928,20.251166676947225,0.051958974838418735,17.56513333142114,0.8184000034816563,,2.291599987074733,0.04554927760335905,20.036900008562952,67,hybrid_v3_top2,1.3532000011764467,957,23.192000022390857,224.875,whole_file,1.696808510638298,0,3,True,"{""top_2_microbenchmark"": 1}",top2,v3,"[""deflate|6|identity""]",7.176999992225319,0.3541490320771786,lt_16KiB,C:\Users\ss\Desktop\XAI\XAI\engines\XAI-Compress\results\model_v2\lossless_bpb_breakdown.csv,ef3edbf6186277f5ef97,2a033ae9dd973173da92a71cb6c95407de7a8e2256f24aca5a89a313776bac26,PASS,end_to_end_artifact,False
True,4.714733542319749,hybrid-v3-final-140-v1,0.12539999443106353,csv,1,True,564,1,0.04683774874333996,19.485700002405792,0.05863794080981237,15.564433337810138,0.7899999909568578,,2.2498999896924943,0.04885898630287853,18.679600005270913,67,hybrid_v3_top3,2.163299999665469,957,23.806999990483746,224.875,whole_file,1.696808510638298,0,3,True,"{""top_3_microbenchmark"": 1}",top3,v3,"[""deflate|6|identity""]",7.944000011775643,0.3541490320771786,lt_16KiB,C:\Users\ss\Desktop\XAI\XAI\engines\XAI-Compress\results\model_v2\lossless_bpb_breakdown.csv,ef3edbf6186277f5ef97,2a033ae9dd973173da92a71cb6c95407de7a8e2256f24aca5a89a313776bac26,PASS,end_to_end_artifact,False
True,3.391480730223124,hybrid-v3-final-140-v1,230.1539000181947,csv,1,True,418,1,0.002828809522179036,332.40939999814145,0.029417817198311335,31.964399997377768,15.79380000475794,,2.114799979608506,0.0025881944430927516,363.3123000035994,67,hybrid_v2,1.5435999957844615,986,363.9037999964785,224.875,whole_file,2.3588516746411483,0,3,True,"{""top_3_microbenchmark"": 1}",confidence,v2,"[""deflate|9|identity""]",251.46040000254288,0.3602716998237668,lt_16KiB,C:\Users\ss\Desktop\XAI\XAI\engines\XAI-Compress\results\model_v2\kaggle_lossless_v2_progress.csv,0e4427f0e7b0f0da7ba0,79fc768af3618c4609d1ee65e7004214356fd74a9393573e0576dd92c8f538ff,PASS,end_to_end_artifact,False
True,3.391480730223124,hybrid-v3-final-140-v1,0.06839999696239829,csv,1,True,418,1,0.04113530366610968,22.85926666809246,0.054417043044301824,17.27993333285364,11.622700025327504,,1.2283000105526298,0.04571042548743848,20.571300003211945,67,hybrid_v3_confidence,1.5150000108405948,986,29.456600022967905,224.875,whole_file,2.3588516746411483,0,3,True,"{""top_3_microbenchmark"": 1}",confidence,v3,"[""deflate|9|identity""]",16.4814000017941,0.3602716998237668,lt_16KiB,C:\Users\ss\Desktop\XAI\XAI\engines\XAI-Compress\results\model_v2\kaggle_lossless_v2_progress.csv,0e4427f0e7b0f0da7ba0,79fc768af3618c4609d1ee65e7004214356fd74a9393573e0576dd92c8f538ff,PASS,end_to_end_artifact,False
True,3.440162271805274,hybrid-v3-final-140-v1,0.07850001566112041,csv,1,True,424,1,0.04698208175990349,20.014500012621284,0.05457675227186805,17.22936665949722,0.43990000267513096,,1.744099979987368,0.047254542951423055,19.899100007023662,67,hybrid_v3_top2,0.7872999995015562,986,21.27880000625737,224.875,whole_file,2.3254716981132075,0,3,True,"{""top_2_microbenchmark"": 1}",top2,v3,"[""deflate|6|identity""]",5.165099981240928,0.3602716998237668,lt_16KiB,C:\Users\ss\Desktop\XAI\XAI\engines\XAI-Compress\results\model_v2\kaggle_lossless_v2_progress.csv,0e4427f0e7b0f0da7ba0,79fc768af3618c4609d1ee65e7004214356fd74a9393573e0576dd92c8f538ff,PASS,end_to_end_artifact,False
True,3.391480730223124,hybrid-v3-final-140-v1,0.08730002446100116,csv,1,True,418,3,0.03971142562278001,23.678899994896103,0.03306715165720531,28.436766665739317,0.6229999999050051,,1.7244999762624502,0.04452096625152566,21.120899997185916,67,hybrid_v3_top3,1.6524999809917063,986,29.330399993341416,224.875,whole_file,2.3588516746411483,0,3,True,"{""top_3_microbenchmark"": 1}",top3,v3,"[""deflate|9|identity""]",6.191499996930361,0.3602716998237668,lt_16KiB,C:\Users\ss\Desktop\XAI\XAI\engines\XAI-Compress\results\model_v2\kaggle_lossless_v2_progress.csv,0e4427f0e7b0f0da7ba0,79fc768af3618c4609d1ee65e7004214356fd74a9393573e0576dd92c8f538ff,PASS,end_to_end_artifact,False
True,3.7228915662650603,hybrid-v3-final-140-v1,395.022999990033,csv,1,True,618,2,0.002662600282093108,475.65513333150494,0.07838338180162079,16.157500009285286,16.971300006844103,,4.8386999987997115,0.002724405110975154,464.86460001324303,67,hybrid_v2,4.606800008332357,1328,539.3012999847997,224.875,whole_file,2.1488673139158574,0,3,True,"{""top_3_microbenchmark"": 1}",confidence,v2,"[""brotli|4|identity""]",423.7742999976035,0.34887021880524066,lt_16KiB,C:\Users\ss\Desktop\XAI\XAI\engines\XAI-Compress\results\model_v2\lossless_benchmark.csv,b2aeaaf4897e7310def1,368890c6915dfc2a63ac10be7b0435a3422a736a876429753454823b8c34d0b7,PASS,end_to_end_artifact,False
True,3.7349397590361444,hybrid-v3-final-140-v1,0.09129999671131372,csv,1,True,620,1,0.054366854135874366,23.295066678353276,0.08848332257813422,14.313199993921444,15.652699978090823,,1.8164000066462904,0.07236488091123278,17.501300026196986,67,hybrid_v3_confidence,1.816300005884841,1328,35.676400002557784,224.875,whole_file,2.141935483870968,0,3,True,"{""top_3_microbenchmark"": 1}",confidence,v3,"[""deflate|6|identity""]",21.470799983944744,0.34887021880524066,lt_16KiB,C:\Users\ss\Desktop\XAI\XAI\engines\XAI-Compress\results\model_v2\lossless_benchmark.csv,b2aeaaf4897e7310def1,368890c6915dfc2a63ac10be7b0435a3422a736a876429753454823b8c34d0b7,PASS,end_to_end_artifact,False
True,3.7349397590361444,hybrid-v3-final-140-v1,0.0675999908708036,csv,1,True,620,1,0.07832940894316713,16.168633330380544,0.07820590700688379,16.194166664111737,0.39229998947121203,,1.645500015001744,0.07675400697288656,16.50050000171177,67,hybrid_v3_top2,0.8339999767486006,1328,16.8161999899894,224.875,whole_file,2.141935483870968,0,3,True,"{""top_2_microbenchmark"": 1}",top2,v3,"[""deflate|6|identity""]",4.674900003010407,0.34887021880524066,lt_16KiB,C:\Users\ss\Desktop\XAI\XAI\engines\XAI-Compress\results\model_v2\lossless_benchmark.csv,b2aeaaf4897e7310def1,368890c6915dfc2a63ac10be7b0435a3422a736a876429753454823b8c34d0b7,PASS,end_to_end_artifact,False
True,3.7349397590361444,hybrid-v3-final-140-v1,0.08759999764151871,csv,1,True,620,1,0.071796567912666,17.639833337549742,0.08439764442466274,15.006100002210587,0.6677000201307237,,1.8385000003036112,0.07430603502547578,17.044100008206442,67,hybrid_v3_top3,1.5351000183727592,1328,19.62549999007024,224.875,whole_file,2.141935483870968,0,3,True,"{""top_3_microbenchmark"": 1}",top3,v3,"[""deflate|6|identity""]",6.245199998375028,0.34887021880524066,lt_16KiB,C:\Users\ss\Desktop\XAI\XAI\engines\XAI-Compress\results\model_v2\lossless_benchmark.csv,b2aeaaf4897e7310def1,368890c6915dfc2a63ac10be7b0435a3422a736a876429753454823b8c34d0b7,PASS,end_to_end_artifact,False
True,2.6784335355763926,hybrid-v3-final-140-v1,179.2272999882698,csv,1,True,607,1,0.0068572792594207704,252.14249999650443,0.14008638502390772,12.342466652626172,16.63260001805611,,0.9089999948628247,0.008016094837004049,215.6925000017509,67,hybrid_v2,1.4226000057533383,1813,368.6951999843586,224.875,whole_file,2.986820428336079,0,3,True,"{""top_3_microbenchmark"": 1}",confidence,v2,"[""deflate|9|identity""]",200.0901999999769,0.46180868776309525,lt_16KiB,C:\Users\ss\Desktop\XAI\XAI\engines\XAI-Compress\phase_j_results.csv,908ba22d7f9287d17ced,4c5a0c65906bb0e16abe8ce4c9119562b5b1b7cecd1cd6fb18b85773c4d03bfa,PASS,end_to_end_artifact,False
True,2.6784335355763926,hybrid-v3-final-140-v1,0.07529999129474163,csv,1,True,607,1,0.06635981193464009,26.055099995573983,0.1047204567190228,16.510733335356537,20.62809997005388,,1.6880999901331961,0.08444830744875868,20.4741999914404,67,hybrid_v3_confidence,1.7948999884538352,1813,39.54389999853447,224.875,whole_file,2.986820428336079,0,3,True,"{""top_3_microbenchmark"": 1}",confidence,v3,"[""deflate|9|identity""]",26.15019999211654,0.46180868776309525,lt_16KiB,C:\Users\ss\Desktop\XAI\XAI\engines\XAI-Compress\phase_j_results.csv,908ba22d7f9287d17ced,4c5a0c65906bb0e16abe8ce4c9119562b5b1b7cecd1cd6fb18b85773c4d03bfa,PASS,end_to_end_artifact,False
True,2.6916712630998347,hybrid-v3-final-140-v1,0.05669999518431723,csv,1,True,610,2,0.09930588978225073,17.410966655006632,0.1209380883436195,14.296666660811752,0.46380001003853977,,0.9948000079020858,0.09528124236955476,18.146399990655482,67,hybrid_v3_top2,0.7239999831654131,1813,19.689399981871247,224.875,whole_file,2.9721311475409835,0,3,True,"{""top_2_microbenchmark"": 1}",top2,v3,"[""deflate|6|identity""]",3.5769000241998583,0.46180868776309525,lt_16KiB,C:\Users\ss\Desktop\XAI\XAI\engines\XAI-Compress\phase_j_results.csv,908ba22d7f9287d17ced,4c5a0c65906bb0e16abe8ce4c9119562b5b1b7cecd1cd6fb18b85773c4d03bfa,PASS,end_to_end_artifact,False
True,2.6784335355763926,hybrid-v3-final-140-v1,0.09479999425821006,csv,1,True,607,1,0.08996599813655527,19.218500005081296,0.10358883092594287,16.691099997842684,1.1625000042840838,,1.969200005987659,0.09144435290986686,18.907799996668473,67,hybrid_v3_top3,1.9403999904170632,1813,20.82090001204051,224.875,whole_file,2.986820428336079,0,3,True,"{""top_3_microbenchmark"": 1}",top3,v3,"[""deflate|9|identity""]",7.188400020822883,0.46180868776309525,lt_16KiB,C:\Users\ss\Desktop\XAI\XAI\engines\XAI-Compress\phase_j_results.csv,908ba22d7f9287d17ced,4c5a0c65906bb0e16abe8ce4c9119562b5b1b7cecd1cd6fb18b85773c4d03bfa,PASS,end_to_end_artifact,False
True,3.056941176470588,hybrid-v3-final-140-v1,257.11939999018796,csv,1,True,1624,2,0.008509465177386977,476.3067666693435,0.21806655578119682,18.58659999561496,27.69279998028651,,2.067699999315664,0.007642573564796866,530.3339000092819,67,hybrid_v2,2.869099989766255,4250,573.0745999899227,224.875,whole_file,2.6169950738916254,0,3,True,"{""top_3_microbenchmark"": 1}",confidence,v2,"[""deflate|6|identity""]",299.26939998404123,0.4103451849464779,lt_16KiB,C:\Users\ss\Desktop\XAI\XAI\engines\XAI-Compress\results\final_project\lossless_benchmark.csv,b26de929ad20b7ac9288,0f2012f4ecf0c73cfed0d946774ee75b0ef148af1af15f97eeb94c67bd57638d,PASS,end_to_end_artifact,False
True,3.056941176470588,hybrid-v3-final-140-v1,0.1154000055976212,csv,1,True,1624,2,0.11047183389876938,36.68913334452858,0.21610509268369632,18.755299999611452,38.94800000125542,,1.8804999999701977,0.1431134438012356,28.32100001978688,67,hybrid_v3_confidence,4.138399992370978,4250,59.780400013551116,224.87890625,whole_file,2.6169950738916254,0,3,True,"{""top_3_microbenchmark"": 1}",confidence,v3,"[""deflate|6|identity""]",47.17740000342019,0.4103451849464779,lt_16KiB,C:\Users\ss\Desktop\XAI\XAI\engines\XAI-Compress\results\final_project\lossless_benchmark.csv,b26de929ad20b7ac9288,0f2012f4ecf0c73cfed0d946774ee75b0ef148af1af15f97eeb94c67bd57638d,PASS,end_to_end_artifact,False
True,3.056941176470588,hybrid-v3-final-140-v1,0.13010000111535192,csv,1,True,1624,1,0.18371174338553825,22.06236667310198,0.260151425188447,15.579833328956738,2.2453000128734857,,2.4874999944586307,0.19599395747972004,20.679800014477223,67,hybrid_v3_top2,2.2447999799624085,4250,24.84530000947416,224.87890625,whole_file,2.6169950738916254,0,3,True,"{""top_2_microbenchmark"": 1}",top2,v3,"[""deflate|6|identity""]",9.71929999650456,0.4103451849464779,lt_16KiB,C:\Users\ss\Desktop\XAI\XAI\engines\XAI-Compress\results\final_project\lossless_benchmark.csv,b26de929ad20b7ac9288,0f2012f4ecf0c73cfed0d946774ee75b0ef148af1af15f97eeb94c67bd57638d,PASS,end_to_end_artifact,False
True,3.056941176470588,hybrid-v3-final-140-v1,0.11240001185797155,csv,1,True,1624,1,0.17462749685764278,23.21006667140561,0.2387481453305503,16.97653332181896,1.5377999807242304,,1.8432000069878995,0.17333304162375482,23.383399995509535,67,hybrid_v3_top3,3.1384000030811876,4250,24.69220000784844,224.87890625,whole_file,2.6169950738916254,0,3,True,"{""top_3_microbenchmark"": 1}",top3,v3,"[""deflate|6|identity""]",9.029300010297447,0.4103451849464779,lt_16KiB,C:\Users\ss\Desktop\XAI\XAI\engines\XAI-Compress\results\final_project\lossless_benchmark.csv,b26de929ad20b7ac9288,0f2012f4ecf0c73cfed0d946774ee75b0ef148af1af15f97eeb94c67bd57638d,PASS,end_to_end_artifact,False
True,1.6743378202344767,hybrid-v3-final-140-v1,159.5835999760311,csv,1,True,964,1,0.02330707539618823,188.4673999932905,0.4431175126367792,9.912999996837849,44.539200025610626,,0.674300012178719,0.024018266497854112,182.88680000114255,67,hybrid_v2,1.0957999911624938,4606,218.47619998152368,224.87890625,whole_file,4.778008298755187,0,3,True,"{""top_3_microbenchmark"": 1}",confidence,v2,"[""deflate|6|identity""]",207.46629999484867,0.32185383091937725,lt_16KiB,C:\Users\ss\Desktop\XAI\XAI\engines\XAI-Compress\results\hybrid_ai\selector_feature_importance.csv,20cb03e2c284978c7f64,a9b4873721448f7b1fb5613083a62179d3e53decedef4790571beae67ca73c8c,PASS,end_to_end_artifact,False
True,1.6743378202344767,hybrid-v3-final-140-v1,0.04800001624971628,csv,1,True,964,1,0.25247286540874186,17.39839999936521,0.4550810062997242,9.652399991561348,18.34529999177903,,0.7884000078774989,0.3818444417274989,11.503699992317706,67,hybrid_v3_confidence,1.222899998538196,4606,29.23190000001341,224.90625,whole_file,4.778008298755187,0,3,True,"{""top_3_microbenchmark"": 1}",confidence,v3,"[""deflate|6|identity""]",21.626299974741414,0.32185383091937725,lt_16KiB,C:\Users\ss\Desktop\XAI\XAI\engines\XAI-Compress\results\hybrid_ai\selector_feature_importance.csv,20cb03e2c284978c7f64,a9b4873721448f7b1fb5613083a62179d3e53decedef4790571beae67ca73c8c,PASS,end_to_end_artifact,False
True,1.6743378202344767,hybrid-v3-final-140-v1,0.04290000651963055,csv,1,True,964,1,0.376288072432418,11.67356667186444,0.43373373084416,10.127466666745022,0.648399960482493,,0.7545999833382666,0.3832436640449147,11.46169999265112,67,hybrid_v3_top2,0.7252000214066356,4606,12.167700013378635,224.90625,whole_file,4.778008298755187,0,3,True,"{""top_2_microbenchmark"": 1}",top2,v3,"[""deflate|6|identity""]",3.1842000025790185,0.32185383091937725,lt_16KiB,C:\Users\ss\Desktop\XAI\XAI\engines\XAI-Compress\results\hybrid_ai\selector_feature_importance.csv,20cb03e2c284978c7f64,a9b4873721448f7b1fb5613083a62179d3e53decedef4790571beae67ca73c8c,PASS,end_to_end_artifact,False
True,1.6743378202344767,hybrid-v3-final-140-v1,0.05290002445690334,csv,1,True,964,1,0.30060042446707047,14.612833329010755,0.31417925189329526,13.981266665117195,0.8801999792922288,,1.0059999767690897,0.29898066309967647,14.691999997012317,67,hybrid_v3_top3,1.3840000028721988,4606,16.472899995278567,224.90625,whole_file,4.778008298755187,0,3,True,"{""top_3_microbenchmark"": 1}",top3,v3,"[""deflate|6|identity""]",4.5754999737255275,0.32185383091937725,lt_16KiB,C:\Users\ss\Desktop\XAI\XAI\engines\XAI-Compress\results\hybrid_ai\selector_feature_importance.csv,20cb03e2c284978c7f64,a9b4873721448f7b1fb5613083a62179d3e53decedef4790571beae67ca73c8c,PASS,end_to_end_artifact,False
True,2.094282848545637,hybrid-v3-final-140-v1,429.15440001524985,csv,1,True,1827,1,0.013768933268539828,483.38479999802075,0.35284444772862217,18.86296666149671,76.72530002309941,,3.15730000147596,0.013616072973541065,488.8114999921527,67,hybrid_v2,3.737499995622784,6979,541.6391000035219,224.90625,whole_file,3.8199233716475094,0,3,True,"{""top_3_microbenchmark"": 1}",confidence,v2,"[""zstd|1|identity""]",516.0177000216208,0.3179421074312684,lt_16KiB,C:\Users\ss\Desktop\XAI\XAI\engines\XAI-Compress\results\model_search\imports\auto\residual-scale-depth-3c28504154\v1\results\model_search\residual_scale_depth\short_screen.metrics.csv,fd92d55f5169a15f74dc,d2878628105b722a9242e5190e934ef2a4bf48ec9c17a9646fcbefdafafbd850,PASS,end_to_end_artifact,False
True,2.094282848545637,hybrid-v3-final-140-v1,0.049499969463795424,csv,1,True,1827,1,0.2303930080413936,28.88843333736683,0.4699352575020529,14.163000004676482,32.64679998392239,,0.9274000185541809,0.33751663580724833,19.719600008102134,67,hybrid_v3_confidence,2.264899987494573,6979,48.240100004477426,224.90625,whole_file,3.8199233716475094,0,3,True,"{""top_3_microbenchmark"": 1}",confidence,v3,"[""zstd|1|identity""]",37.74120000889525,0.3179421074312684,lt_16KiB,C:\Users\ss\Desktop\XAI\XAI\engines\XAI-Compress\results\model_search\imports\auto\residual-scale-depth-3c28504154\v1\results\model_search\residual_scale_depth\short_screen.metrics.csv,fd92d55f5169a15f74dc,d2878628105b722a9242e5190e934ef2a4bf48ec9c17a9646fcbefdafafbd850,PASS,end_to_end_artifact,False
True,2.094282848545637,hybrid-v3-final-140-v1,0.11859997175633907,csv,1,True,1827,2,0.30604827533371315,21.747200002816196,0.20650251432898695,32.2305666632019,1.7069999885279685,,2.113300026394427,0.3063412738112598,21.72640000935644,67,hybrid_v3_top2,2.3750000109430403,6979,23.169899999629706,224.90625,whole_file,3.8199233716475094,0,3,True,"{""top_2_microbenchmark"": 1}",top2,v3,"[""zstd|6|identity""]",8.340400003362447,0.3179421074312684,lt_16KiB,C:\Users\ss\Desktop\XAI\XAI\engines\XAI-Compress\results\model_search\imports\auto\residual-scale-depth-3c28504154\v1\results\model_search\residual_scale_depth\short_screen.metrics.csv,fd92d55f5169a15f74dc,d2878628105b722a9242e5190e934ef2a4bf48ec9c17a9646fcbefdafafbd850,PASS,end_to_end_artifact,False
True,2.094282848545637,hybrid-v3-final-140-v1,0.10989999282173812,csv,1,True,1827,1,0.243886424838432,27.290133342224483,0.38572100328770687,17.255199995512765,1.816000003600493,,2.0363999938126653,0.24601148249727603,27.054400008637458,67,hybrid_v3_top3,2.9325999785214663,6979,34.2786000110209,224.90625,whole_file,3.8199233716475094,0,3,True,"{""top_3_microbenchmark"": 1}",top3,v3,"[""zstd|1|identity""]",10.743499995442107,0.3179421074312684,lt_16KiB,C:\Users\ss\Desktop\XAI\XAI\engines\XAI-Compress\results\model_search\imports\auto\residual-scale-depth-3c28504154\v1\results\model_search\residual_scale_depth\short_screen.metrics.csv,fd92d55f5169a15f74dc,d2878628105b722a9242e5190e934ef2a4bf48ec9c17a9646fcbefdafafbd850,PASS,end_to_end_artifact,False
True,1.6903074564962581,hybrid-v3-final-140-v1,182.79409999377094,csv,1,True,11717,1,0.19240191867383913,274.8725666606333,1.2691738559157852,41.66963333652044,141.82539997273125,,1.3460000045597553,0.21051428518903462,251.2228999985382,71,hybrid_v2,8.683399995788932,55455,366.8267999892123,225.11328125,whole_file,4.732866774771699,0,3,True,"{""top_3_microbenchmark"": 1}",confidence,v2,"[""zstd|9|identity""]",337.07810001214966,0.20803763423704164,16_64KiB,C:\Users\ss\Desktop\XAI\XAI\engines\XAI-Compress\data\domain_focused\archive (1)\FaceForensics++_C23\csv\FaceShifter.csv,16a980a0d416c9105d7a,4b3d2fe0a72ef335da55058847359ba5e9fe2be0634f2370b331ffe0dd0e8c27,PASS,end_to_end_artifact,False
True,1.6903074564962581,hybrid-v3-final-140-v1,0.0782000133767724,csv,1,True,11717,1,1.143402993558511,46.25316665624268,1.2427421160601198,42.5558999995701,50.995999976294115,,1.5360999968834221,1.6257661174119964,32.52989999600686,71,hybrid_v3_confidence,7.265899999765679,55455,77.33899998129345,225.11328125,whole_file,4.732866774771699,0,3,True,"{""top_3_microbenchmark"": 1}",confidence,v3,"[""zstd|9|identity""]",61.35720000020228,0.20803763423704164,16_64KiB,C:\Users\ss\Desktop\XAI\XAI\engines\XAI-Compress\data\domain_focused\archive (1)\FaceForensics++_C23\csv\FaceShifter.csv,16a980a0d416c9105d7a,4b3d2fe0a72ef335da55058847359ba5e9fe2be0634f2370b331ffe0dd0e8c27,PASS,end_to_end_artifact,False
True,1.9003516364619961,hybrid-v3-final-140-v1,0.09630003478378057,csv,1,True,13173,1,1.5762902532602556,33.55093334297029,0.6862668266571916,77.06333333044313,2.06529998104088,,1.8219999910797924,1.5716215821689337,33.65060000214726,71,hybrid_v3_top2,5.5776000081095845,55455,36.92579999915324,225.11328125,whole_file,4.209747210202687,0,3,True,"{""top_2_microbenchmark"": 1}",top2,v3,"[""deflate|6|identity""]",12.37140002194792,0.20803763423704164,16_64KiB,C:\Users\ss\Desktop\XAI\XAI\engines\XAI-Compress\data\domain_focused\archive (1)\FaceForensics++_C23\csv\FaceShifter.csv,16a980a0d416c9105d7a,4b3d2fe0a72ef335da55058847359ba5e9fe2be0634f2370b331ffe0dd0e8c27,PASS,end_to_end_artifact,False
True,1.6903074564962581,hybrid-v3-final-140-v1,0.11990001075901091,csv,1,True,11717,1,0.9516664725777026,55.572000002333276,0.5564613152728588,95.03986668035698,1.8386999727226794,,2.628799993544817,0.9432173688118933,56.06979998992756,71,hybrid_v3_top3,22.628000006079674,55455,61.27030000789091,225.11328125,whole_file,4.732866774771699,0,3,True,"{""top_3_microbenchmark"": 1}",top3,v3,"[""zstd|9|identity""]",30.796999984886497,0.20803763423704164,16_64KiB,C:\Users\ss\Desktop\XAI\XAI\engines\XAI-Compress\data\domain_focused\archive (1)\FaceForensics++_C23\csv\FaceShifter.csv,16a980a0d416c9105d7a,4b3d2fe0a72ef335da55058847359ba5e9fe2be0634f2370b331ffe0dd0e8c27,PASS,end_to_end_artifact,False
True,1.6248866378056501,hybrid-v3-final-140-v1,357.23850000067614,csv,1,True,11870,2,0.09265884515767217,601.4933666641203,0.6824891684748204,81.66236667117725,150.69760000915267,,2.092500013532117,0.10128505348114429,550.2656000026036,71,hybrid_v2,7.654599990928546,58441,737.9741999902762,225.140625,whole_file,4.923420387531592,0,3,True,"{""top_3_microbenchmark"": 1}",confidence,v2,"[""zstd|6|identity""]",520.6429000245407,0.2088647640168887,16_64KiB,C:\Users\ss\Desktop\XAI\XAI\engines\XAI-Compress\data\domain_focused\archive (1)\FaceForensics++_C23\csv\NeuralTextures.csv,6e96649c37ae12817da8,c784503f209f929cf4cd3287f8c9139a8e07be314197b17bcad9c6c70bf1810c,PASS,end_to_end_artifact,False
True,1.5459009941650554,hybrid-v3-final-140-v1,0.09400001727044582,csv,1,True,11293,2,0.7082857143893112,78.68813332364273,0.9311921369003674,59.85196665278636,130.4441999818664,,2.2629000013694167,1.6454738651445033,33.87089999159798,71,hybrid_v3_confidence,9.484300011536106,58441,172.862699982943,225.140625,whole_file,5.174975648631896,0,3,True,"{""top_3_microbenchmark"": 1}",confidence,v3,"[""zstd|9|identity""]",146.13519998965785,0.2088647640168887,16_64KiB,C:\Users\ss\Desktop\XAI\XAI\engines\XAI-Compress\data\domain_focused\archive (1)\FaceForensics++_C23\csv\NeuralTextures.csv,6e96649c37ae12817da8,c784503f209f929cf4cd3287f8c9139a8e07be314197b17bcad9c6c70bf1810c,PASS,end_to_end_artifact,False
True,1.7114012422785374,hybrid-v3-final-140-v1,0.06579997716471553,csv,1,True,12502,1,3.046838327509783,18.292299995664507,1.4540093464789945,38.331033332118146,1.3531000004149973,,1.1934000067412853,2.9745729351851495,18.736700003501028,71,hybrid_v3_top2,3.1793999951332808,58441,18.738499988103285,225.140625,whole_file,4.674532074868021,0,3,True,"{""top_2_microbenchmark"": 1}",top2,v3,"[""deflate|6|identity""]",8.048399991821498,0.2088647640168887,16_64KiB,C:\Users\ss\Desktop\XAI\XAI\engines\XAI-Compress\data\domain_focused\archive (1)\FaceForensics++_C23\csv\NeuralTextures.csv,6e96649c37ae12817da8,c784503f209f929cf4cd3287f8c9139a8e07be314197b17bcad9c6c70bf1810c,PASS,end_to_end_artifact,False
True,1.5459009941650554,hybrid-v3-final-140-v1,0.045900000259280205,csv,1,True,11293,1,1.891600667946364,29.46376667629617,1.248893907955378,44.626433334390946,0.7150000019464642,,0.7643999997526407,1.7455067266797546,31.929800024954602,71,hybrid_v3_top3,4.672599985497072,58441,37.33809999539517,225.140625,whole_file,5.174975648631896,0,3,True,"{""top_3_microbenchmark"": 1}",top3,v3,"[""zstd|9|identity""]",7.891500019468367,0.2088647640168887,16_64KiB,C:\Users\ss\Desktop\XAI\XAI\engines\XAI-Compress\data\domain_focused\archive (1)\FaceForensics++_C23\csv\NeuralTextures.csv,6e96649c37ae12817da8,c784503f209f929cf4cd3287f8c9139a8e07be314197b17bcad9c6c70bf1810c,PASS,end_to_end_artifact,False
True,0.6364900075971144,hybrid-v3-final-140-v1,386.40869996743277,csv,1,True,63359,1,1.3414563301110922,566.1483666626737,7.538531352298253,100.7441999972798,186.48329997085966,,3.201500017894432,1.3976278933013104,543.3944999822415,72,hybrid_v2,5.29230001848191,796355,701.6600000206381,225.8984375,whole_file,12.568932590476491,0,3,True,"{""top_3_microbenchmark"": 1}",confidence,v2,"[""zstd|6|identity""]",596.7166999762412,0.2137395971456155,64KiB_1MiB,C:\Users\ss\Desktop\XAI\XAI\engines\XAI-Compress\phase_h_dataset_report.csv,90bb57d94e3fa72035ad,41567b62dfa6c1170ab0a4817817bc0b973c910a67aad03c0a08b48bc9c6e57e,PASS,end_to_end_artifact,False
True,0.6364900075971144,hybrid-v3-final-140-v1,0.1188000023830682,csv,1,True,63359,1,5.860799558585877,129.5835666533094,11.315665097112433,67.11610000153694,165.98309998516925,,2.4816000077407807,8.933842966563462,85.00969997840002,72,hybrid_v3_confidence,5.19150000764057,796355,260.56249998509884,225.8984375,whole_file,12.568932590476491,0,3,True,"{""top_3_microbenchmark"": 1}",confidence,v3,"[""zstd|6|identity""]",189.90100000519305,0.2137395971456155,64KiB_1MiB,C:\Users\ss\Desktop\XAI\XAI\engines\XAI-Compress\phase_h_dataset_report.csv,90bb57d94e3fa72035ad,41567b62dfa6c1170ab0a4817817bc0b973c910a67aad03c0a08b48bc9c6e57e,PASS,end_to_end_artifact,False
True,0.6364900075971144,hybrid-v3-final-140-v1,0.05689996760338545,csv,1,True,63359,2,12.556488636777349,60.4837333279041,14.814267710441797,51.2656666590677,0.8068000024650246,,0.8786000253167003,16.462152781178702,46.13390000304207,72,hybrid_v3_top2,1.677599997492507,796355,89.82669998658821,225.8984375,whole_file,12.568932590476491,0,3,True,"{""top_2_microbenchmark"": 1}",top2,v3,"[""zstd|6|identity""]",10.481800010893494,0.2137395971456155,64KiB_1MiB,C:\Users\ss\Desktop\XAI\XAI\engines\XAI-Compress\phase_h_dataset_report.csv,90bb57d94e3fa72035ad,41567b62dfa6c1170ab0a4817817bc0b973c910a67aad03c0a08b48bc9c6e57e,PASS,end_to_end_artifact,False
True,0.6364900075971144,hybrid-v3-final-140-v1,0.08050003089010715,csv,1,True,63359,1,13.745312017839295,55.25253331870772,12.393168991843131,61.280799990830324,1.745899993693456,,1.6423999913968146,13.052584272027891,58.184899971820414,72,hybrid_v3_top3,4.081599996425211,796355,62.115299981087446,226.62109375,whole_file,12.568932590476491,0,3,True,"{""top_3_microbenchmark"": 1}",top3,v3,"[""zstd|6|identity""]",20.792399998754263,0.2137395971456155,64KiB_1MiB,C:\Users\ss\Desktop\XAI\XAI\engines\XAI-Compress\phase_h_dataset_report.csv,90bb57d94e3fa72035ad,41567b62dfa6c1170ab0a4817817bc0b973c910a67aad03c0a08b48bc9c6e57e,PASS,end_to_end_artifact,False
True,4.647244647244647,hybrid-v3-final-140-v1,406.8043999723159,executable,1,True,13240,2,0.02497683815125344,870.2520666508159,0.26372127727933725,82.42089998869535,171.2048000190407,,3.640500013716519,0.033747480941960555,644.081999984337,71,hybrid_v2,22.266099986154586,22792,1325.2453999884892,226.62109375,whole_file,1.7214501510574018,0,3,True,"{""top_3_microbenchmark"": 1}",confidence,v2,"[""zstd|6|identity""]",607.0748000056483,0.47021215843970054,16_64KiB,C:\Users\ss\Desktop\XAI\XAI\apps\admin_dotnet\bin\Debug\net8.0\Microsoft.Extensions.ObjectPool.dll,63b80d177dabc1b0609f,12d82966713cf606f245b773ea7d3fc13a41674e4d2883d64a5cc1d27e1be304,PASS,end_to_end_artifact,False
True,4.641979641979642,hybrid-v3-final-140-v1,0.1765000051818788,executable,1,True,13225,2,0.19109678902876023,113.7441666602778,0.24670345448433384,88.10636666991438,196.44070000504144,,3.8329999952111393,0.49458105637830735,43.94860001048073,71,hybrid_v3_confidence,22.120999987237155,22792,254.49539997498505,226.62109375,whole_file,1.7234026465028356,0,3,True,"{""top_3_microbenchmark"": 1}",confidence,v3,"[""zstd|9|identity""]",225.82779999356717,0.47021215843970054,16_64KiB,C:\Users\ss\Desktop\XAI\XAI\apps\admin_dotnet\bin\Debug\net8.0\Microsoft.Extensions.ObjectPool.dll,63b80d177dabc1b0609f,12d82966713cf606f245b773ea7d3fc13a41674e4d2883d64a5cc1d27e1be304,PASS,end_to_end_artifact,False
True,4.647244647244647,hybrid-v3-final-140-v1,0.11320001794956625,executable,1,True,13240,1,0.6776275197500023,32.07683334282289,0.2816620883003601,77.17100001173094,2.5960000057239085,,2.0136999955866486,0.6764262245671603,32.133800006704405,71,hybrid_v3_top2,6.925699999555945,22792,32.286600006045774,226.62109375,whole_file,1.7214501510574018,0,3,True,"{""top_2_microbenchmark"": 1}",top2,v3,"[""zstd|6|identity""]",14.23229998908937,0.47021215843970054,16_64KiB,C:\Users\ss\Desktop\XAI\XAI\apps\admin_dotnet\bin\Debug\net8.0\Microsoft.Extensions.ObjectPool.dll,63b80d177dabc1b0609f,12d82966713cf606f245b773ea7d3fc13a41674e4d2883d64a5cc1d27e1be304,PASS,end_to_end_artifact,False
True,4.647244647244647,hybrid-v3-final-140-v1,0.13060003402642906,executable,1,True,13240,2,0.435744867288632,49.88273334068557,0.2520938481460122,86.22243334927286,2.758500020718202,,2.469599974574521,0.42747127751048025,50.84820001502521,71,hybrid_v3_top3,19.045299995923415,22792,50.94469999312423,226.62109375,whole_file,1.7214501510574018,0,3,True,"{""top_3_microbenchmark"": 1}",top3,v3,"[""zstd|6|identity""]",27.275600004941225,0.47021215843970054,16_64KiB,C:\Users\ss\Desktop\XAI\XAI\apps\admin_dotnet\bin\Debug\net8.0\Microsoft.Extensions.ObjectPool.dll,63b80d177dabc1b0609f,12d82966713cf606f245b773ea7d3fc13a41674e4d2883d64a5cc1d27e1be304,PASS,end_to_end_artifact,False
True,4.009313154831199,hybrid-v3-final-140-v1,233.39590002433397,executable,1,True,17220,2,0.060695041680762105,539.8834666605884,0.3587222533701864,91.34713334303039,121.8300000182353,,2.1167999948374927,0.06524708903437683,502.21780000720173,72,hybrid_v2,14.432900003157556,34360,710.1866999873891,226.62109375,whole_file,1.9953542392566783,0,3,True,"{""top_3_microbenchmark"": 1}",confidence,v2,"[""zstd|6|identity""]",374.36230000457726,0.35737815825225583,16_64KiB,C:\Users\ss\Desktop\XAI\XAI\apps\admin_dotnet\bin\Debug\net8.0\Microsoft.Extensions.AmbientMetadata.Application.dll,8532a7e7c38dfc36aa1a,8f552ffcd501ab4658e5b70893fb93f4ff005d6e1d824a503c76213717dd9309,PASS,end_to_end_artifact,False
True,4.009313154831199,hybrid-v3-final-140-v1,0.1464999804738909,executable,1,True,17220,1,0.29614529199197037,110.6492333249965,0.2642656888005709,123.99736666702665,174.23689996940084,,2.1689000132028013,0.5985363573709097,54.747299989685416,72,hybrid_v3_confidence,20.02230001380667,34360,223.17939999629743,226.62109375,whole_file,1.9953542392566783,0,3,True,"{""top_3_microbenchmark"": 1}",confidence,v3,"[""zstd|6|identity""]",202.04080000985414,0.35737815825225583,16_64KiB,C:\Users\ss\Desktop\XAI\XAI\apps\admin_dotnet\bin\Debug\net8.0\Microsoft.Extensions.AmbientMetadata.Application.dll,8532a7e7c38dfc36aa1a,8f552ffcd501ab4658e5b70893fb93f4ff005d6e1d824a503c76213717dd9309,PASS,end_to_end_artifact,False
True,4.0,hybrid-v3-final-140-v1,0.1202999847009778,executable,1,True,17180,2,1.0108706902039999,32.41586666748238,0.42210915801026655,77.6297999933983,2.651300048455596,,2.2487000096589327,1.0224453728892078,32.04890000051819,72,hybrid_v3_top2,8.47640002029948,34360,35.41609999956563,226.62109375,whole_file,2.0,0,3,True,"{""top_2_microbenchmark"": 1}",top2,v3,"[""zstd|9|identity""]",16.835200018249452,0.35737815825225583,16_64KiB,C:\Users\ss\Desktop\XAI\XAI\apps\admin_dotnet\bin\Debug\net8.0\Microsoft.Extensions.AmbientMetadata.Application.dll,8532a7e7c38dfc36aa1a,8f552ffcd501ab4658e5b70893fb93f4ff005d6e1d824a503c76213717dd9309,PASS,end_to_end_artifact,False
True,4.0,hybrid-v3-final-140-v1,0.10519998613744974,executable,1,True,17180,2,1.197136127453505,27.372200003204245,0.6016342396019858,54.46539999684319,1.2933999823872,,1.1252000113017857,1.1495050060856944,28.506400005426258,72,hybrid_v3_top3,13.255300000309944,34360,33.37960000499152,226.62109375,whole_file,2.0,0,3,True,"{""top_3_microbenchmark"": 1}",top3,v3,"[""zstd|9|identity""]",17.814399994676933,0.35737815825225583,16_64KiB,C:\Users\ss\Desktop\XAI\XAI\apps\admin_dotnet\bin\Debug\net8.0\Microsoft.Extensions.AmbientMetadata.Application.dll,8532a7e7c38dfc36aa1a,8f552ffcd501ab4658e5b70893fb93f4ff005d6e1d824a503c76213717dd9309,PASS,end_to_end_artifact,False
True,8.058804168952276,hybrid-v3-final-140-v1,0.0,image,1,True,9182,1,0.6689039590457965,12.995499991423761,0.18486790177487045,47.02136666552784,0.01750001683831215,,0.0,0.7287921628525189,11.927599989576265,67,hybrid_v2,0.0,9115,18.42649999889545,226.62109375,whole_file,0.9927031147898061,0,3,True,"{""direct_bypass"": 1}",confidence,v2,"[""raw|default|identity""]",0.5061999836470932,1.0,lt_16KiB,C:\Users\ss\Desktop\XAI\XAI\engines\XAI-Compress\results\hybrid_ai\figures\01_codec_bpb.png,b431de9bd8324ec90c36,d851ad815612aa7abda02c8cf79713e188c166f2ebc5ae9bb64f9278e151444e,PASS,end_to_end_artifact,False
True,8.058804168952276,hybrid-v3-final-140-v1,0.0,image,1,True,9182,1,0.4816821639107117,18.04663333071706,0.11450061153591194,75.91873333634187,0.05020000389777124,,0.0,0.545337946620605,15.940099983708933,67,hybrid_v3_confidence,0.0,9115,23.82729999953881,226.62109375,whole_file,0.9927031147898061,0,3,True,"{""direct_bypass"": 1}",confidence,v3,"[""raw|default|identity""]",1.2353000056464225,1.0,lt_16KiB,C:\Users\ss\Desktop\XAI\XAI\engines\XAI-Compress\results\hybrid_ai\figures\01_codec_bpb.png,b431de9bd8324ec90c36,d851ad815612aa7abda02c8cf79713e188c166f2ebc5ae9bb64f9278e151444e,PASS,end_to_end_artifact,False
True,8.058804168952276,hybrid-v3-final-140-v1,0.0,image,1,True,9182,1,0.5570115869780018,15.606033334430927,0.11158746191111824,77.90069999949385,0.04220000118948519,,0.0,0.5456460252389552,15.931100002489984,67,hybrid_v3_top2,0.0,9115,16.766199987614527,226.62109375,whole_file,0.9927031147898061,0,3,True,"{""direct_bypass"": 1}",top2,v3,"[""raw|default|identity""]",1.3769000070169568,1.0,lt_16KiB,C:\Users\ss\Desktop\XAI\XAI\engines\XAI-Compress\results\hybrid_ai\figures\01_codec_bpb.png,b431de9bd8324ec90c36,d851ad815612aa7abda02c8cf79713e188c166f2ebc5ae9bb64f9278e151444e,PASS,end_to_end_artifact,False
True,8.058804168952276,hybrid-v3-final-140-v1,0.0,image,1,True,9182,1,0.49654648559795544,17.506399997121964,0.07730640047554992,112.44530000840314,0.04439998883754015,,0.0,0.534040743814255,16.277299990179017,67,hybrid_v3_top3,0.0,9115,20.240799989551306,226.62109375,whole_file,0.9927031147898061,0,3,True,"{""direct_bypass"": 1}",top3,v3,"[""raw|default|identity""]",1.1325000086799264,1.0,lt_16KiB,C:\Users\ss\Desktop\XAI\XAI\engines\XAI-Compress\results\hybrid_ai\figures\01_codec_bpb.png,b431de9bd8324ec90c36,d851ad815612aa7abda02c8cf79713e188c166f2ebc5ae9bb64f9278e151444e,PASS,end_to_end_artifact,False
True,8.0547329725314,hybrid-v3-final-140-v1,0.0,image,1,True,9860,1,0.5346762463565928,17.467266676248983,0.1098467161897735,85.0215000003421,0.06819999543949962,,0.0,0.5559126532029749,16.80000001215376,67,hybrid_v2,0.0,9793,20.13499999884516,226.62109375,whole_file,0.9932048681541582,0,3,True,"{""direct_bypass"": 1}",confidence,v2,"[""raw|default|identity""]",1.4902999973855913,1.0,lt_16KiB,C:\Users\ss\Desktop\XAI\XAI\engines\XAI-Compress\results\hybrid_ai\figures\04_decompression_speed.png,801658a38cf0cafec5ef,7a7a72e6e9328c1119c3a10cbafd6de5829ce16a6c77aa5f6e45eb00fcebe075,PASS,end_to_end_artifact,False
True,8.0547329725314,hybrid-v3-final-140-v1,0.0,image,1,True,9860,1,0.42971268760723225,21.7338999985562,0.12194038223969354,76.58933332034697,0.04809998790733516,,0.0,0.39437917088415003,23.681099992245436,67,hybrid_v3_confidence,0.0,9793,25.04659999976866,226.62109375,whole_file,0.9932048681541582,0,3,True,"{""direct_bypass"": 1}",confidence,v3,"[""raw|default|identity""]",1.3538000057451427,1.0,lt_16KiB,C:\Users\ss\Desktop\XAI\XAI\engines\XAI-Compress\results\hybrid_ai\figures\04_decompression_speed.png,801658a38cf0cafec5ef,7a7a72e6e9328c1119c3a10cbafd6de5829ce16a6c77aa5f6e45eb00fcebe075,PASS,end_to_end_artifact,False
True,8.0547329725314,hybrid-v3-final-140-v1,0.0,image,1,True,9860,1,0.6011310682856795,15.536266670096666,0.13506730826473237,69.14576665925172,0.03809999907389283,,0.0,0.6170359399829245,15.135800000280142,67,hybrid_v3_top2,0.0,9793,19.429300009505823,226.62109375,whole_file,0.9932048681541582,0,3,True,"{""direct_bypass"": 1}",top2,v3,"[""raw|default|identity""]",1.0452999849803746,1.0,lt_16KiB,C:\Users\ss\Desktop\XAI\XAI\engines\XAI-Compress\results\hybrid_ai\figures\04_decompression_speed.png,801658a38cf0cafec5ef,7a7a72e6e9328c1119c3a10cbafd6de5829ce16a6c77aa5f6e45eb00fcebe075,PASS,end_to_end_artifact,False
True,8.0547329725314,hybrid-v3-final-140-v1,0.0,image,1,True,9860,1,0.5155162292236438,18.116466662225623,0.12641772239432164,73.87676667228031,0.03470000228844583,,0.0,0.5549151272959526,16.830200009280816,67,hybrid_v3_top3,0.0,9793,20.971399993868545,226.62109375,whole_file,0.9932048681541582,0,3,True,"{""direct_bypass"": 1}",top3,v3,"[""raw|default|identity""]",1.0042999929282814,1.0,lt_16KiB,C:\Users\ss\Desktop\XAI\XAI\engines\XAI-Compress\results\hybrid_ai\figures\04_decompression_speed.png,801658a38cf0cafec5ef,7a7a72e6e9328c1119c3a10cbafd6de5829ce16a6c77aa5f6e45eb00fcebe075,PASS,end_to_end_artifact,False
True,256.0,hybrid-v3-final-140-v1,0.0,json,1,True,64,1,8.361249090407219e-05,22.811766665351268,4.463680735137341e-05,42.73039999922427,0.030399998649954796,,0.0,7.629699714456718e-05,24.99900001566857,62,hybrid_v2,0.0,2,25.117999990470707,226.62109375,whole_file,0.03125,0,3,True,"{""direct_bypass"": 1}",confidence,v2,"[""raw|default|identity""]",1.1389999999664724,1.0,lt_16KiB,C:\Users\ss\Desktop\XAI\XAI\engines\XAI-Compress\results\benchmark_results.json,b2d26822f2e8d5499ddf,4f53cda18c2baa0c0354bb5f9a3ecbe5ed12ab4d8e11ba873c2f11161202b945,PASS,end_to_end_artifact,False
True,256.0,hybrid-v3-final-140-v1,0.0,json,1,True,64,1,0.00010843595182643271,17.58963333365197,7.907922090330076e-05,24.11946666931423,0.04569999873638153,,0.0,0.00010922728125216918,17.4622000195086,62,hybrid_v3_confidence,0.0,2,17.907100002048537,226.62109375,whole_file,0.03125,0,3,True,"{""direct_bypass"": 1}",confidence,v3,"[""raw|default|identity""]",1.131500001065433,1.0,lt_16KiB,C:\Users\ss\Desktop\XAI\XAI\engines\XAI-Compress\results\benchmark_results.json,b2d26822f2e8d5499ddf,4f53cda18c2baa0c0354bb5f9a3ecbe5ed12ab4d8e11ba873c2f11161202b945,PASS,end_to_end_artifact,False
True,256.0,hybrid-v3-final-140-v1,0.0,json,1,True,64,1,0.00012219074370362485,15.609599999152124,9.165171821616956e-05,20.810833336630214,0.020800012862309813,,0.0,0.000124864071285069,15.27539998642169,62,hybrid_v3_top2,0.0,2,17.256599996471778,226.62109375,whole_file,0.03125,0,3,True,"{""direct_bypass"": 1}",top2,v3,"[""raw|default|identity""]",1.0378000151831657,1.0,lt_16KiB,C:\Users\ss\Desktop\XAI\XAI\engines\XAI-Compress\results\benchmark_results.json,b2d26822f2e8d5499ddf,4f53cda18c2baa0c0354bb5f9a3ecbe5ed12ab4d8e11ba873c2f11161202b945,PASS,end_to_end_artifact,False
True,256.0,hybrid-v3-final-140-v1,0.0,json,1,True,64,1,7.702174949797878e-05,24.763766666486237,3.008124762483712e-05,63.40656666240344,0.024300010409206152,,0.0,0.00010052803849340327,18.97330000065267,62,hybrid_v3_top3,0.0,2,38.88740000547841,226.62109375,whole_file,0.03125,0,3,True,"{""direct_bypass"": 1}",top3,v3,"[""raw|default|identity""]",1.2360000109765679,1.0,lt_16KiB,C:\Users\ss\Desktop\XAI\XAI\engines\XAI-Compress\results\benchmark_results.json,b2d26822f2e8d5499ddf,4f53cda18c2baa0c0354bb5f9a3ecbe5ed12ab4d8e11ba873c2f11161202b945,PASS,end_to_end_artifact,False
True,24.0,hybrid-v3-final-140-v1,0.0,json,1,True,93,1,0.001812465109027839,16.31143334088847,0.0008492942291503565,34.80996666864181,0.040399987483397126,,0.0,0.0019459666556239643,15.19239999470301,62,hybrid_v2,0.0,31,19.362600025488064,226.62109375,whole_file,0.3333333333333333,0,3,True,"{""direct_bypass"": 1}",confidence,v2,"[""raw|default|identity""]",1.2348000018391758,1.0,lt_16KiB,C:\Users\ss\Desktop\XAI\XAI\apps\public_nextjs\.next\static\webpack\1cde06a0bb489b45.webpack.hot-update.json,215155f5831d7da605e0,eea3c145b3456fcdf200b061ba939627d594c39727e9faa523ed958ed05b4705,PASS,end_to_end_artifact,False
True,24.0,hybrid-v3-final-140-v1,0.0,json,1,True,93,1,0.001504641777401707,19.64846666669473,0.0010938304596190183,27.027866657590494,0.046900007873773575,,0.0,0.001502276686232959,19.679399993037805,62,hybrid_v3_confidence,0.0,31,21.57650000299327,226.62109375,whole_file,0.3333333333333333,0,3,True,"{""direct_bypass"": 1}",confidence,v3,"[""raw|default|identity""]",1.2298999936319888,1.0,lt_16KiB,C:\Users\ss\Desktop\XAI\XAI\apps\public_nextjs\.next\static\webpack\1cde06a0bb489b45.webpack.hot-update.json,215155f5831d7da605e0,eea3c145b3456fcdf200b061ba939627d594c39727e9faa523ed958ed05b4705,PASS,end_to_end_artifact,False
True,24.0,hybrid-v3-final-140-v1,0.0,json,1,True,93,1,0.0014253709421487128,20.74120001634583,0.0013185162772966262,22.42209999045978,0.022299995180219412,,0.0,0.001336868170239853,22.11430002353154,62,hybrid_v3_top2,0.0,31,25.439800025196746,226.62109375,whole_file,0.3333333333333333,0,3,True,"{""direct_bypass"": 1}",top2,v3,"[""raw|default|identity""]",1.1393000022508204,1.0,lt_16KiB,C:\Users\ss\Desktop\XAI\XAI\apps\public_nextjs\.next\static\webpack\1cde06a0bb489b45.webpack.hot-update.json,215155f5831d7da605e0,eea3c145b3456fcdf200b061ba939627d594c39727e9faa523ed958ed05b4705,PASS,end_to_end_artifact,False
True,24.0,hybrid-v3-final-140-v1,0.0,json,1,True,93,1,0.0016226131716079346,18.219933330935117,0.0014852551028003591,19.90493333626849,0.025299988919869065,,0.0,0.0017517066710231247,16.877199988812208,62,hybrid_v3_top3,0.0,31,20.98100000876002,226.62109375,whole_file,0.3333333333333333,0,3,True,"{""direct_bypass"": 1}",top3,v3,"[""raw|default|identity""]",1.1304999934509397,1.0,lt_16KiB,C:\Users\ss\Desktop\XAI\XAI\apps\public_nextjs\.next\static\webpack\1cde06a0bb489b45.webpack.hot-update.json,215155f5831d7da605e0,eea3c145b3456fcdf200b061ba939627d594c39727e9faa523ed958ed05b4705,PASS,end_to_end_artifact,False
True,13.975903614457831,hybrid-v3-final-140-v1,0.0,json,1,True,145,1,0.004683984611526757,16.89906667646331,0.002157281376708585,36.69199999421835,0.09479999425821006,,0.0,0.004585291389280723,17.262800014577806,62,hybrid_v2,0.0,83,17.975499999010935,226.62109375,whole_file,0.5724137931034483,0,3,True,"{""direct_bypass"": 1}",confidence,v2,"[""raw|default|identity""]",1.1029000161215663,1.0,lt_16KiB,C:\Users\ss\Desktop\XAI\XAI\apps\public_nextjs\.next\server\middleware-manifest.json,e43e7849d7ac7eee3e69,0a8520bc7e076f7ae717c2d62713990c83e8a3d74626f327a3844bc0504e210c,PASS,end_to_end_artifact,False
True,14.36144578313253,hybrid-v3-final-140-v1,0.0,json,1,True,149,1,0.005373104819498929,14.731699998568123,0.0045631577661651886,17.346533325811226,0.030099996365606785,,0.0,0.005194918172089053,15.237000014167279,62,hybrid_v3_confidence,0.0,83,15.615299984347075,226.62109375,whole_file,0.5570469798657718,0,3,True,"{""small_file_rule_direct"": 1}",confidence,v3,"[""brotli|1|identity""]",1.121000008424744,1.0,lt_16KiB,C:\Users\ss\Desktop\XAI\XAI\apps\public_nextjs\.next\server\middleware-manifest.json,e43e7849d7ac7eee3e69,0a8520bc7e076f7ae717c2d62713990c83e8a3d74626f327a3844bc0504e210c,PASS,end_to_end_artifact,False
True,14.36144578313253,hybrid-v3-final-140-v1,0.0,json,1,True,149,1,0.005275438695762115,15.004433342255652,0.004857275323902859,16.296166674389195,0.03630001447163522,,0.0,0.005297906956993401,14.940799999749288,62,hybrid_v3_top2,0.0,83,15.174200001638383,226.62109375,whole_file,0.5570469798657718,0,3,True,"{""small_file_rule_direct"": 1}",top2,v3,"[""brotli|1|identity""]",1.1710000107996166,1.0,lt_16KiB,C:\Users\ss\Desktop\XAI\XAI\apps\public_nextjs\.next\server\middleware-manifest.json,e43e7849d7ac7eee3e69,0a8520bc7e076f7ae717c2d62713990c83e8a3d74626f327a3844bc0504e210c,PASS,end_to_end_artifact,False
True,14.36144578313253,hybrid-v3-final-140-v1,0.0,json,1,True,149,1,0.005007388935185649,15.807633336711055,0.0043371555529095945,18.25043333034652,0.04370001261122525,,0.0,0.004934171637292021,16.042200004449114,62,hybrid_v3_top3,0.0,83,17.699699994409457,226.62109375,whole_file,0.5570469798657718,0,3,True,"{""small_file_rule_direct"": 1}",top3,v3,"[""brotli|1|identity""]",1.2809000036213547,1.0,lt_16KiB,C:\Users\ss\Desktop\XAI\XAI\apps\public_nextjs\.next\server\middleware-manifest.json,e43e7849d7ac7eee3e69,0a8520bc7e076f7ae717c2d62713990c83e8a3d74626f327a3844bc0504e210c,PASS,end_to_end_artifact,False
True,5.365384615384615,hybrid-v3-final-140-v1,691.8799999693874,json,1,True,279,2,0.0007430575202196204,533.9135999965947,0.009558149437248389,41.50683332894308,12.421599996741861,,2.9747000080533326,0.0009126103602205654,434.7184000071138,67,hybrid_v2,4.577499988954514,416,744.1312999872025,226.62109375,whole_file,1.4910394265232976,0,3,True,"{""top_3_microbenchmark"": 1}",confidence,v2,"[""brotli|4|identity""]",714.9355000001378,0.4798438204683559,lt_16KiB,C:\Users\ss\Desktop\XAI\XAI\apps\admin_dotnet\bin\Debug\net8.0\AdminDotNet.runtimeconfig.json,719549724763a3953a3a,ecd7bfb0f847a8a076f6667982b0269c02817104969d5fff106f5c66a226fb81,PASS,end_to_end_artifact,False
True,5.365384615384615,hybrid-v3-final-140-v1,0.3806999884545803,json,1,True,279,2,0.014261473269616859,27.818199994120125,0.01604536148236876,24.7254333323023,10.095899982843548,,2.0135999948251992,0.01542292458808233,25.7232999720145,67,hybrid_v3_confidence,4.762600001413375,416,35.35740001825616,226.62109375,whole_file,1.4910394265232976,0,3,True,"{""top_3_microbenchmark"": 1}",confidence,v3,"[""brotli|4|identity""]",19.59439998609014,0.4798438204683559,lt_16KiB,C:\Users\ss\Desktop\XAI\XAI\apps\admin_dotnet\bin\Debug\net8.0\AdminDotNet.runtimeconfig.json,719549724763a3953a3a,ecd7bfb0f847a8a076f6667982b0269c02817104969d5fff106f5c66a226fb81,PASS,end_to_end_artifact,False
True,5.423076923076923,hybrid-v3-final-140-v1,0.11059999815188348,json,1,True,282,1,0.013878954123899681,28.584899991983548,0.021598307730577502,18.36850000351357,0.46720000682398677,,2.5465000071562827,0.014234251440696725,27.871400001458824,67,hybrid_v3_top2,3.6632000119425356,416,32.74359999340959,226.62109375,whole_file,1.475177304964539,0,3,True,"{""top_2_microbenchmark"": 1}",top2,v3,"[""deflate|9|identity""]",9.382699994603172,0.4798438204683559,lt_16KiB,C:\Users\ss\Desktop\XAI\XAI\apps\admin_dotnet\bin\Debug\net8.0\AdminDotNet.runtimeconfig.json,719549724763a3953a3a,ecd7bfb0f847a8a076f6667982b0269c02817104969d5fff106f5c66a226fb81,PASS,end_to_end_artifact,False
True,5.423076923076923,hybrid-v3-final-140-v1,0.13080000644549727,json,1,True,282,2,0.015246826166371791,26.020400002986815,0.018676754942308974,21.241833329744015,0.5483000131789595,,2.3754999856464565,0.015411361540231516,25.742600002558902,67,hybrid_v3_top3,4.337899998063222,416,26.787900016643107,226.62109375,whole_file,1.475177304964539,0,3,True,"{""top_3_microbenchmark"": 1}",top3,v3,"[""deflate|9|identity""]",10.213700006715953,0.4798438204683559,lt_16KiB,C:\Users\ss\Desktop\XAI\XAI\apps\admin_dotnet\bin\Debug\net8.0\AdminDotNet.runtimeconfig.json,719549724763a3953a3a,ecd7bfb0f847a8a076f6667982b0269c02817104969d5fff106f5c66a226fb81,PASS,end_to_end_artifact,False
True,4.138842975206612,hybrid-v3-final-140-v1,433.0781000026036,json,1,True,313,2,0.0012767928913865357,451.892366661923,0.015088362885851692,38.23960000105823,12.03810001607053,,2.5425999774597585,0.001273894560843366,452.9204999853391,67,hybrid_v2,2.2607999853789806,605,482.1530999906827,226.62109375,whole_file,1.9329073482428114,0,3,True,"{""top_2_microbenchmark"": 1}",confidence,v2,"[""brotli|4|identity""]",452.2383000003174,0.7071236681343398,lt_16KiB,C:\Users\ss\Desktop\XAI\XAI\apps\web_angular\package.after-audit-force.json,a5121d3f04b140dd77b4,a54a4b741387d4d30886d73347414984eb04eca6a9342d2ddc95007452be349b,PASS,end_to_end_artifact,False
True,4.178512396694215,hybrid-v3-final-140-v1,0.1268000341951847,json,1,True,316,1,0.020345416770520403,28.35886666434817,0.016133688310363815,35.76200000437287,14.003199990838766,,2.2529999841935933,0.02302145689724324,25.062400003662333,67,hybrid_v3_confidence,1.4996999816503376,605,36.21069999644533,226.62109375,whole_file,1.9145569620253164,0,3,True,"{""top_2_microbenchmark"": 1}",confidence,v3,"[""deflate|9|identity""]",20.232000009855255,0.7071236681343398,lt_16KiB,C:\Users\ss\Desktop\XAI\XAI\apps\web_angular\package.after-audit-force.json,a5121d3f04b140dd77b4,a54a4b741387d4d30886d73347414984eb04eca6a9342d2ddc95007452be349b,PASS,end_to_end_artifact,False
True,4.178512396694215,hybrid-v3-final-140-v1,0.12399998377077281,json,1,True,316,1,0.024297724725132957,23.745966667775065,0.025678469798195,22.469133322980877,0.6849999772384763,,2.50840000808239,0.023883901462213336,24.15740001015365,67,hybrid_v3_top2,1.5493999817408621,605,24.48809999623336,226.62109375,whole_file,1.9145569620253164,0,3,True,"{""top_2_microbenchmark"": 1}",top2,v3,"[""deflate|9|identity""]",7.44650000706315,0.7071236681343398,lt_16KiB,C:\Users\ss\Desktop\XAI\XAI\apps\web_angular\package.after-audit-force.json,a5121d3f04b140dd77b4,a54a4b741387d4d30886d73347414984eb04eca6a9342d2ddc95007452be349b,PASS,end_to_end_artifact,False
True,4.178512396694215,hybrid-v3-final-140-v1,0.13580001541413367,json,1,True,316,1,0.020563410198075727,28.058233331345644,0.025551145060227418,22.581099988504622,0.5883000267203897,,2.313299977686256,0.021971133896528425,26.260499987984076,67,hybrid_v3_top3,2.0172999938949943,605,32.221000001300126,226.62109375,whole_file,1.9145569620253164,0,3,True,"{""top_3_microbenchmark"": 1}",top3,v3,"[""deflate|9|identity""]",7.790200004819781,0.7071236681343398,lt_16KiB,C:\Users\ss\Desktop\XAI\XAI\apps\web_angular\package.after-audit-force.json,a5121d3f04b140dd77b4,a54a4b741387d4d30886d73347414984eb04eca6a9342d2ddc95007452be349b,PASS,end_to_end_artifact,False
True,4.053553038105046,hybrid-v3-final-140-v1,313.6845999979414,json,1,True,492,1,0.0035756931716353214,258.97573331409757,0.07049644188778229,13.135666658248132,17.738800001097843,,2.22090000170283,0.0038335071126834905,241.55889998655766,67,hybrid_v2,5.451299977721646,971,365.90089998207986,226.62109375,whole_file,1.9735772357723578,0,3,True,"{""top_3_microbenchmark"": 1}",confidence,v2,"[""deflate|6|identity""]",341.5284999937285,0.620328664444165,lt_16KiB,C:\Users\ss\Desktop\XAI\XAI\engines\XAI-Compress\results\hybrid_ai\baseline_integrity.json,4416f13ac2189fe77572,cd04761d44d585b7a54c68e816c52917d1e500caeb8f54038c8df0ab8c3ebd99,PASS,end_to_end_artifact,False
True,4.053553038105046,hybrid-v3-final-140-v1,0.04019998596049845,json,1,True,492,1,0.0655069922984636,14.136166670747722,0.10355013151963063,8.942700000867868,5.895800015423447,,0.7034000009298325,0.07329743167501618,12.6336999819614,67,hybrid_v3_confidence,2.2456000151578337,971,17.978300020331517,226.62109375,whole_file,1.9735772357723578,0,3,True,"{""top_3_microbenchmark"": 1}",confidence,v3,"[""deflate|6|identity""]",10.097399994265288,0.620328664444165,lt_16KiB,C:\Users\ss\Desktop\XAI\XAI\engines\XAI-Compress\results\hybrid_ai\baseline_integrity.json,4416f13ac2189fe77572,cd04761d44d585b7a54c68e816c52917d1e500caeb8f54038c8df0ab8c3ebd99,PASS,end_to_end_artifact,False
True,4.053553038105046,hybrid-v3-final-140-v1,0.04460001946426928,json,1,True,492,1,0.07579271952625148,12.217766653823977,0.09129533987335071,10.14309999300167,0.27349995798431337,,0.7548999856226146,0.09019360703166687,10.266999976010993,67,hybrid_v3_top2,0.5392999737523496,971,16.163499996764585,226.62109375,whole_file,1.9735772357723578,0,3,True,"{""top_2_microbenchmark"": 1}",top2,v3,"[""deflate|6|identity""]",2.6833000010810792,0.620328664444165,lt_16KiB,C:\Users\ss\Desktop\XAI\XAI\engines\XAI-Compress\results\hybrid_ai\baseline_integrity.json,4416f13ac2189fe77572,cd04761d44d585b7a54c68e816c52917d1e500caeb8f54038c8df0ab8c3ebd99,PASS,end_to_end_artifact,False
True,4.053553038105046,hybrid-v3-final-140-v1,0.04849999095313251,json,1,True,492,2,0.05012509896272008,18.474133326283965,0.06283013538908049,14.738433324964717,0.33330003498122096,,0.9175000013783574,0.05019012048610694,18.45020000473596,67,hybrid_v3_top3,2.5625999842304736,971,22.03749999171123,226.62109375,whole_file,1.9735772357723578,0,3,True,"{""top_3_microbenchmark"": 1}",top3,v3,"[""deflate|6|identity""]",5.210400006035343,0.620328664444165,lt_16KiB,C:\Users\ss\Desktop\XAI\XAI\engines\XAI-Compress\results\hybrid_ai\baseline_integrity.json,4416f13ac2189fe77572,cd04761d44d585b7a54c68e816c52917d1e500caeb8f54038c8df0ab8c3ebd99,PASS,end_to_end_artifact,False
True,3.8634146341463413,hybrid-v3-final-140-v1,426.3156999950297,json,1,True,495,2,0.0020068369719648,487.09296667948365,0.012705696836394597,76.93526666844264,19.206999975722283,,4.2320000065956265,0.0020084255381584188,486.7077000089921,67,hybrid_v2,4.741000011563301,1025,516.2550000241026,226.62109375,whole_file,2.0707070707070705,0,3,True,"{""top_2_microbenchmark"": 1}",confidence,v2,"[""deflate|9|identity""]",458.64879997679964,0.711012616595954,lt_16KiB,C:\Users\ss\Desktop\XAI\XAI\engines\XAI-Compress\checkpoints\kaggle\best.summary.json,0b56a8336d926b137c46,36d7ff7d23c7c79b267328f694b89acbdab85844f282d3bd8205b40b6f0846ac,PASS,end_to_end_artifact,False
True,3.9258536585365853,hybrid-v3-final-140-v1,0.09330001194030046,json,1,True,503,1,0.03184465195161751,30.696400004671887,0.04832665682186061,20.22726665988254,19.63399999658577,,1.8490999937057495,0.03713882563391469,26.32060000905767,67,hybrid_v3_confidence,1.063599978806451,1025,41.620500007411465,226.62109375,whole_file,2.0377733598409544,0,3,True,"{""top_2_microbenchmark"": 1}",confidence,v3,"[""deflate|6|identity""]",24.754000012762845,0.711012616595954,lt_16KiB,C:\Users\ss\Desktop\XAI\XAI\engines\XAI-Compress\checkpoints\kaggle\best.summary.json,0b56a8336d926b137c46,36d7ff7d23c7c79b267328f694b89acbdab85844f282d3bd8205b40b6f0846ac,PASS,end_to_end_artifact,False
True,3.9258536585365853,hybrid-v3-final-140-v1,0.11049999739043415,json,1,True,503,2,0.03718016739343687,26.291333332968254,0.0420838293662503,23.22783332783729,0.7090000144671649,,2.4839999969117343,0.03971689428999014,24.612100009107962,67,hybrid_v3_top2,1.289699983317405,1025,31.545999983791262,226.62109375,whole_file,2.0377733598409544,0,3,True,"{""top_2_microbenchmark"": 1}",top2,v3,"[""deflate|6|identity""]",7.037900009891018,0.711012616595954,lt_16KiB,C:\Users\ss\Desktop\XAI\XAI\engines\XAI-Compress\checkpoints\kaggle\best.summary.json,0b56a8336d926b137c46,36d7ff7d23c7c79b267328f694b89acbdab85844f282d3bd8205b40b6f0846ac,PASS,end_to_end_artifact,False
True,3.8634146341463413,hybrid-v3-final-140-v1,0.11740002082660794,json,1,True,495,1,0.04077951229881293,23.970766672088455,0.05187532654976357,18.843566668995965,0.7929999846965075,,2.296199992997572,0.04168583575478127,23.44960000482388,67,hybrid_v3_top3,2.2538000193890184,1025,25.20370000274852,226.62109375,whole_file,2.0707070707070705,0,3,True,"{""top_3_microbenchmark"": 1}",top3,v3,"[""deflate|9|identity""]",7.943600008729845,0.711012616595954,lt_16KiB,C:\Users\ss\Desktop\XAI\XAI\engines\XAI-Compress\checkpoints\kaggle\best.summary.json,0b56a8336d926b137c46,36d7ff7d23c7c79b267328f694b89acbdab85844f282d3bd8205b40b6f0846ac,PASS,end_to_end_artifact,False
True,6.200743494423792,hybrid-v3-final-140-v1,344.5025999972131,json,1,True,1251,2,0.003582558985752786,429.6454999906321,0.05190831511422922,29.652866661005344,21.784699987620115,,1.7128000035881996,0.003855407888714266,399.2392999934964,67,hybrid_v2,1.7407999839633703,1614,494.6820999903139,226.62109375,whole_file,1.290167865707434,0,3,True,"{""top_3_microbenchmark"": 1}",confidence,v2,"[""deflate|6|identity""]",371.9783999840729,0.5640291217092533,lt_16KiB,C:\Users\ss\Desktop\XAI\XAI\apps\admin_dotnet\obj\Debug\net8.0\rjsmcshtml.dswa.cache.json,d3bde520fa745484d111,69470693549db47d18ddfac57102451e5bdea2d08140822f2174048564223313,PASS,end_to_end_artifact,False
True,6.200743494423792,hybrid-v3-final-140-v1,0.14500002725981176,json,1,True,1251,1,0.02614925120469698,58.86326666222885,0.07662119155469228,20.088833329888683,26.878700009547174,,2.1980999736115336,0.06347786634268196,24.248300003819168,67,hybrid_v3_confidence,82.0240999746602,1614,130.18999999621883,226.62109375,whole_file,1.290167865707434,0,3,True,"{""top_3_microbenchmark"": 1}",confidence,v3,"[""deflate|6|identity""]",113.75739998766221,0.5640291217092533,lt_16KiB,C:\Users\ss\Desktop\XAI\XAI\apps\admin_dotnet\obj\Debug\net8.0\rjsmcshtml.dswa.cache.json,d3bde520fa745484d111,69470693549db47d18ddfac57102451e5bdea2d08140822f2174048564223313,PASS,end_to_end_artifact,False
True,6.1908302354399005,hybrid-v3-final-140-v1,0.12129999231547117,json,1,True,1249,1,0.0479277593719806,32.11563333752565,0.08168697255861936,18.84303333160157,0.8743000216782093,,2.48759999522008,0.06863934048923208,22.424900002079085,67,hybrid_v3_top2,2.09349999204278,1614,51.52980002458207,226.62109375,whole_file,1.2922337870296237,0,3,True,"{""top_2_microbenchmark"": 1}",top2,v3,"[""deflate|9|identity""]",8.179600001312792,0.5640291217092533,lt_16KiB,C:\Users\ss\Desktop\XAI\XAI\apps\admin_dotnet\obj\Debug\net8.0\rjsmcshtml.dswa.cache.json,d3bde520fa745484d111,69470693549db47d18ddfac57102451e5bdea2d08140822f2174048564223313,PASS,end_to_end_artifact,False
True,6.200743494423792,hybrid-v3-final-140-v1,0.10750003275461495,json,1,True,1251,1,0.05524505465742125,27.861866663442925,0.06640070633868414,23.180933329664793,0.8211999956984073,,2.0878999785054475,0.06157611038671713,24.997200001962483,67,hybrid_v3_top3,2.3296000144910067,1614,33.69620000012219,226.62109375,whole_file,1.290167865707434,0,3,True,"{""top_3_microbenchmark"": 1}",top3,v3,"[""deflate|6|identity""]",7.775499980198219,0.5640291217092533,lt_16KiB,C:\Users\ss\Desktop\XAI\XAI\apps\admin_dotnet\obj\Debug\net8.0\rjsmcshtml.dswa.cache.json,d3bde520fa745484d111,69470693549db47d18ddfac57102451e5bdea2d08140822f2174048564223313,PASS,end_to_end_artifact,False
True,3.902552204176334,hybrid-v3-final-140-v1,406.258600007277,json,1,True,841,2,0.004417297628895159,372.2037000018948,0.04670416548408429,35.20316666496607,25.716599979205057,,2.9272999963723123,0.004809140484705075,341.87699999893084,67,hybrid_v2,3.6942999868188053,1724,471.104700001888,226.62109375,whole_file,2.0499405469678953,0,3,True,"{""top_3_microbenchmark"": 1}",confidence,v2,"[""deflate|6|identity""]",442.21689997357316,0.6154427122434402,lt_16KiB,C:\Users\ss\Desktop\XAI\XAI\engines\XAI-Compress\notebooks\06_model_architecture.ipynb,2aaa61682ef5b2eeabcd,100b91a148d3b236cee1cd42b9a4b86eba4b59f63e453e6c16c75745b3af30dd,PASS,end_to_end_artifact,False
True,3.902552204176334,hybrid-v3-final-140-v1,0.05810000584460795,json,1,True,841,2,0.08812600282816731,18.65663332864642,0.12001565930259805,13.69933332898654,11.518200015416369,,0.9901000012177974,0.0890131138891248,18.470699986210093,67,hybrid_v3_confidence,1.524099992820993,1724,24.90109999780543,226.62109375,whole_file,2.0499405469678953,0,3,True,"{""top_3_microbenchmark"": 1}",confidence,v3,"[""deflate|6|identity""]",15.462699986528605,0.6154427122434402,lt_16KiB,C:\Users\ss\Desktop\XAI\XAI\engines\XAI-Compress\notebooks\06_model_architecture.ipynb,2aaa61682ef5b2eeabcd,100b91a148d3b236cee1cd42b9a4b86eba4b59f63e453e6c16c75745b3af30dd,PASS,end_to_end_artifact,False
True,3.902552204176334,hybrid-v3-final-140-v1,0.05749997217208147,json,1,True,841,1,0.12630574562682498,13.017100000676388,0.13060019180776847,12.589066667715088,0.493900035507977,,0.9832000068854541,0.12826963437123817,12.817800015909597,67,hybrid_v3_top2,0.83710000035353,1724,13.827599992509931,226.62109375,whole_file,2.0499405469678953,0,3,True,"{""top_2_microbenchmark"": 1}",top2,v3,"[""deflate|6|identity""]",3.70989998918958,0.6154427122434402,lt_16KiB,C:\Users\ss\Desktop\XAI\XAI\engines\XAI-Compress\notebooks\06_model_architecture.ipynb,2aaa61682ef5b2eeabcd,100b91a148d3b236cee1cd42b9a4b86eba4b59f63e453e6c16c75745b3af30dd,PASS,end_to_end_artifact,False
True,3.902552204176334,hybrid-v3-final-140-v1,0.05289999535307288,json,1,True,841,1,0.09721109685689626,16.913033333063748,0.12558698102760651,13.09160000528209,0.4625000001396984,,0.9223000088240951,0.11187556709480342,14.69609999912791,67,hybrid_v3_top3,1.3306999753694981,1724,22.78110000770539,226.62109375,whole_file,2.0499405469678953,0,3,True,"{""top_3_microbenchmark"": 1}",top3,v3,"[""deflate|6|identity""]",4.236200009472668,0.6154427122434402,lt_16KiB,C:\Users\ss\Desktop\XAI\XAI\engines\XAI-Compress\notebooks\06_model_architecture.ipynb,2aaa61682ef5b2eeabcd,100b91a148d3b236cee1cd42b9a4b86eba4b59f63e453e6c16c75745b3af30dd,PASS,end_to_end_artifact,False
True,1.9417849410632668,hybrid-v3-final-140-v1,104.15240001748316,json,1,True,1009,1,0.011828608943301233,335.15556666922447,0.2495970065372844,15.883299997464443,17.40870001958683,,0.7365999917965382,0.00972107409140162,407.81750000314787,67,hybrid_v2,2.062999992631376,4157,457.94290001504123,226.62109375,whole_file,4.1199207135778,0,3,True,"{""top_3_microbenchmark"": 1}",confidence,v2,"[""deflate|6|identity""]",125.45439999666996,0.38148509848445084,lt_16KiB,C:\Users\ss\Desktop\XAI\XAI\apps\admin_dotnet\obj\Debug\net8.0\staticwebassets.build.json,5b2a797175be2fc16d7c,1c8e6c8b6ff3ec92e978cd88235af2a4583538d0f632eb3181ef69e8b88eb97f,PASS,end_to_end_artifact,False
True,1.9417849410632668,hybrid-v3-final-140-v1,0.6158000032883137,json,1,True,1009,1,0.09782719210128195,40.52476666402072,0.15948325551871548,24.85793333228988,42.24449998582713,,2.2587999992538244,0.14684629578718209,26.997100008884445,67,hybrid_v3_confidence,2.87430000025779,4157,67.68119998741895,226.62109375,whole_file,4.1199207135778,0,3,True,"{""top_3_microbenchmark"": 1}",confidence,v3,"[""deflate|6|identity""]",50.3993000020273,0.38148509848445084,lt_16KiB,C:\Users\ss\Desktop\XAI\XAI\apps\admin_dotnet\obj\Debug\net8.0\staticwebassets.build.json,5b2a797175be2fc16d7c,1c8e6c8b6ff3ec92e978cd88235af2a4583538d0f632eb3181ef69e8b88eb97f,PASS,end_to_end_artifact,False
True,1.9417849410632668,hybrid-v3-final-140-v1,0.11820002691820264,json,1,True,1009,1,0.15002305106723518,26.425433325736474,0.2368828579223472,16.73579999866585,1.9833999976981431,,2.3788999824319035,0.1408681487686617,28.14279997255653,67,hybrid_v3_top2,1.720300002489239,4157,29.784999991534278,226.62109375,whole_file,4.1199207135778,0,3,True,"{""top_2_microbenchmark"": 1}",top2,v3,"[""deflate|6|identity""]",8.636899990960956,0.38148509848445084,lt_16KiB,C:\Users\ss\Desktop\XAI\XAI\apps\admin_dotnet\obj\Debug\net8.0\staticwebassets.build.json,5b2a797175be2fc16d7c,1c8e6c8b6ff3ec92e978cd88235af2a4583538d0f632eb3181ef69e8b88eb97f,PASS,end_to_end_artifact,False
True,1.9417849410632668,hybrid-v3-final-140-v1,0.10259996633976698,json,1,True,1009,1,0.16198667680200912,24.473766679875553,0.09681834825187954,40.94703333491149,1.8430000054650009,,2.3914000194054097,0.1602674664171125,24.736300023505464,67,hybrid_v3_top3,4.706000006990507,4157,26.37550001963973,226.62109375,whole_file,4.1199207135778,0,3,True,"{""top_3_microbenchmark"": 1}",top3,v3,"[""deflate|6|identity""]",11.434099986217916,0.38148509848445084,lt_16KiB,C:\Users\ss\Desktop\XAI\XAI\apps\admin_dotnet\obj\Debug\net8.0\staticwebassets.build.json,5b2a797175be2fc16d7c,1c8e6c8b6ff3ec92e978cd88235af2a4583538d0f632eb3181ef69e8b88eb97f,PASS,end_to_end_artifact,False
True,1.1071481208548268,hybrid-v3-final-140-v1,245.29180000536144,json,1,True,3756,2,0.0637961967219598,405.70946666412055,0.7883438382618912,32.831766662032656,162.81440001330338,,4.252100014127791,0.06243952939692139,414.5245999970939,71,hybrid_v2,6.006799987517297,27140,447.5277000165079,226.62109375,whole_file,7.225772097976571,0,3,True,"{""top_3_microbenchmark"": 1}",confidence,v2,"[""zstd|6|identity""]",421.0552000149619,0.3244866656810114,16_64KiB,C:\Users\ss\Desktop\XAI\XAI\engines\XAI-Compress\results\final\lossless_benchmark.json,1f2e48d06ee45b484a60,22772bfedd8015fb1f771646625db2af08ea12c3f8205a8cd59e95c263993ff0,PASS,end_to_end_artifact,False
True,1.1071481208548268,hybrid-v3-final-140-v1,0.07730000652372837,json,1,True,3756,1,0.3198411789090981,80.92366666339028,0.707675087533637,36.57429999050995,140.50020001013763,,2.0203999883960932,0.6918145917876884,37.412799982121214,71,hybrid_v3_confidence,6.994899973506108,27140,168.8983000058215,226.62109375,whole_file,7.225772097976571,0,3,True,"{""top_3_microbenchmark"": 1}",confidence,v3,"[""zstd|6|identity""]",152.60900001158006,0.3244866656810114,16_64KiB,C:\Users\ss\Desktop\XAI\XAI\engines\XAI-Compress\results\final\lossless_benchmark.json,1f2e48d06ee45b484a60,22772bfedd8015fb1f771646625db2af08ea12c3f8205a8cd59e95c263993ff0,PASS,end_to_end_artifact,False
True,1.1071481208548268,hybrid-v3-final-140-v1,0.11710001854225993,json,1,True,3756,2,0.8184000802620073,31.626000010874122,1.267065199194386,20.42730000296918,2.0997000101488084,,2.2669000027235597,0.8425968307835131,30.717800022102892,71,hybrid_v3_top2,5.217199999606237,27140,35.32150000683032,226.62109375,whole_file,7.225772097976571,0,3,True,"{""top_2_microbenchmark"": 1}",top2,v3,"[""zstd|6|identity""]",12.608000019099563,0.3244866656810114,16_64KiB,C:\Users\ss\Desktop\XAI\XAI\engines\XAI-Compress\results\final\lossless_benchmark.json,1f2e48d06ee45b484a60,22772bfedd8015fb1f771646625db2af08ea12c3f8205a8cd59e95c263993ff0,PASS,end_to_end_artifact,False
True,1.1071481208548268,hybrid-v3-final-140-v1,0.1128000149037689,json,1,True,3756,1,0.9625825199251413,26.888833332729217,1.2483808092958777,20.733033345701795,1.8689999997150153,,1.9820999877993017,1.0077724636558678,25.683099986054003,71,hybrid_v3_top3,7.843300001695752,27140,29.45900001213886,226.62109375,whole_file,7.225772097976571,0,3,True,"{""top_3_microbenchmark"": 1}",top3,v3,"[""zstd|6|identity""]",14.44110000738874,0.3244866656810114,16_64KiB,C:\Users\ss\Desktop\XAI\XAI\engines\XAI-Compress\results\final\lossless_benchmark.json,1f2e48d06ee45b484a60,22772bfedd8015fb1f771646625db2af08ea12c3f8205a8cd59e95c263993ff0,PASS,end_to_end_artifact,False
True,0.8021297103777482,hybrid-v3-final-140-v1,358.7934000242967,json,1,True,8738,1,0.16633348346421103,499.66373333397013,1.3022751490269358,63.81969999832412,161.5268999885302,,13.60109998495318,0.13679021829629098,607.5786000001244,71,hybrid_v2,13.517699990188703,87148,658.4184000093956,226.62109375,whole_file,9.973449301899748,0,3,True,"{""top_3_microbenchmark"": 1}",confidence,v2,"[""deflate|6|identity""]",557.8867000003811,0.40687571717773513,64KiB_1MiB,C:\Users\ss\Desktop\XAI\XAI\apps\admin_dotnet\obj\project.assets.json,d27dc1d6d4717d80c545,55a1d5d8ca7de1337f99fbd657fb61a2cefb5d4be40b2476dbd13b43ff71e374,PASS,end_to_end_artifact,False
True,0.8021297103777482,hybrid-v3-final-140-v1,0.0777999812271446,json,1,True,8738,1,2.3411979217487833,35.49926665922006,2.54600104141851,32.64366666553542,54.3560000078287,,1.5047000197228044,3.994809312597355,20.80470000510104,71,hybrid_v3_confidence,2.636499993968755,87148,69.7939999809023,226.62109375,whole_file,9.973449301899748,0,3,True,"{""top_3_microbenchmark"": 1}",confidence,v3,"[""deflate|6|identity""]",60.47289998969063,0.40687571717773513,64KiB_1MiB,C:\Users\ss\Desktop\XAI\XAI\apps\admin_dotnet\obj\project.assets.json,d27dc1d6d4717d80c545,55a1d5d8ca7de1337f99fbd657fb61a2cefb5d4be40b2476dbd13b43ff71e374,PASS,end_to_end_artifact,False
True,0.8021297103777482,hybrid-v3-final-140-v1,0.05060000694356859,json,1,True,8738,1,4.137020402576326,20.089533344920103,2.0398060434206555,40.74446665860402,0.911899987841025,,0.8865999989211559,3.913122521532518,21.23900002334267,71,hybrid_v3_top2,1.3062000216450542,87148,21.842200017999858,226.62109375,whole_file,9.973449301899748,0,3,True,"{""top_2_microbenchmark"": 1}",top2,v3,"[""deflate|6|identity""]",5.098299996461719,0.40687571717773513,64KiB_1MiB,C:\Users\ss\Desktop\XAI\XAI\apps\admin_dotnet\obj\project.assets.json,d27dc1d6d4717d80c545,55a1d5d8ca7de1337f99fbd657fb61a2cefb5d4be40b2476dbd13b43ff71e374,PASS,end_to_end_artifact,False
True,0.8021297103777482,hybrid-v3-final-140-v1,0.06319998647086322,json,1,True,8738,1,2.961984235920905,28.05916666208456,1.4394223891067355,57.73900000106854,1.2008000048808753,,1.0802000178955495,2.95367524250077,28.138099994976074,71,hybrid_v3_top3,2.4301999947056174,87148,31.579699978465214,226.62109375,whole_file,9.973449301899748,0,3,True,"{""top_3_microbenchmark"": 1}",top3,v3,"[""deflate|6|identity""]",7.6209999970160425,0.40687571717773513,64KiB_1MiB,C:\Users\ss\Desktop\XAI\XAI\apps\admin_dotnet\obj\project.assets.json,d27dc1d6d4717d80c545,55a1d5d8ca7de1337f99fbd657fb61a2cefb5d4be40b2476dbd13b43ff71e374,PASS,end_to_end_artifact,False
True,2.022009229676961,hybrid-v3-final-140-v1,236.94360002991743,logs,1,True,712,2,0.008139509772914076,330.0568000122439,0.07703043318600505,34.87583333238339,12.923600006615743,,2.4846999731380492,0.009129596228834604,294.26280001644045,67,hybrid_v2,2.1868000039830804,2817,413.8116000103764,226.62109375,whole_file,3.956460674157303,0,3,True,"{""top_3_microbenchmark"": 1}",confidence,v2,"[""deflate|6|identity""]",257.17460000305437,0.3167826701746227,lt_16KiB,C:\Users\ss\Desktop\XAI\XAI\engines\XAI-Compress\phase_g_run.log,cd260a4c13627b0f1896,049847514968689f7ed8bd72ba187a997cdc3c23060f634d7ffb9ffc4f3bcbbf,PASS,end_to_end_artifact,False
True,2.004969826056088,hybrid-v3-final-140-v1,0.09560002945363522,logs,1,True,706,1,0.08844145384852262,30.376033323894564,0.16620579124758736,16.163700007988762,27.41579999565147,,1.9779999856837094,0.12720173061297735,21.11999999033287,67,hybrid_v3_confidence,6.141799996839836,2817,49.88679999951273,226.62109375,whole_file,3.990084985835694,0,3,True,"{""top_3_microbenchmark"": 1}",confidence,v3,"[""deflate|9|identity""]",37.70120002445765,0.3167826701746227,lt_16KiB,C:\Users\ss\Desktop\XAI\XAI\engines\XAI-Compress\phase_g_run.log,cd260a4c13627b0f1896,049847514968689f7ed8bd72ba187a997cdc3c23060f634d7ffb9ffc4f3bcbbf,PASS,end_to_end_artifact,False
True,2.022009229676961,hybrid-v3-final-140-v1,0.1196000084746629,logs,1,True,712,1,0.12600846854303613,21.319999999832362,0.05389211848131687,49.84959999759061,1.1374999885447323,,1.951999991433695,0.12675102019566853,21.195100009208545,67,hybrid_v3_top2,2.0748999959323555,2817,22.331899992423132,226.62109375,whole_file,3.956460674157303,0,3,True,"{""top_2_microbenchmark"": 1}",top2,v3,"[""deflate|6|identity""]",7.977600005688146,0.3167826701746227,lt_16KiB,C:\Users\ss\Desktop\XAI\XAI\engines\XAI-Compress\phase_g_run.log,cd260a4c13627b0f1896,049847514968689f7ed8bd72ba187a997cdc3c23060f634d7ffb9ffc4f3bcbbf,PASS,end_to_end_artifact,False
True,2.004969826056088,hybrid-v3-final-140-v1,0.11180000728927553,logs,1,True,706,1,0.125013597967877,21.48966666815492,0.13788003447678407,19.484333315631375,1.2823999859392643,,1.9613000040408224,0.12235670616817433,21.956300013698637,67,hybrid_v3_top3,2.1189999824855477,2817,22.13840000331402,226.62109375,whole_file,3.990084985835694,0,3,True,"{""top_3_microbenchmark"": 1}",top3,v3,"[""deflate|9|identity""]",7.794300006935373,0.3167826701746227,lt_16KiB,C:\Users\ss\Desktop\XAI\XAI\engines\XAI-Compress\phase_g_run.log,cd260a4c13627b0f1896,049847514968689f7ed8bd72ba187a997cdc3c23060f634d7ffb9ffc4f3bcbbf,PASS,end_to_end_artifact,False
True,0.5808150694103468,hybrid-v3-final-140-v1,374.0778000210412,logs,1,True,3253,1,0.09068919095320614,471.1733666578463,2.6393094123910332,16.189966670935974,214.63000000221655,,2.267699979711324,0.07664071177903328,557.540899986634,71,hybrid_v2,5.015899980207905,44806,637.3368999920785,226.62109375,whole_file,13.773747310175223,0,3,True,"{""top_3_microbenchmark"": 1}",confidence,v2,"[""deflate|6|identity""]",599.6945000078995,0.2843045137069368,16_64KiB,C:\Users\ss\Desktop\XAI\XAI\engines\XAI-Compress\results\model_search\imports\candidate_b_20260830-183205\watch.log,1dfa898e4b00116e4cab,73d25606af40894a02d803dd1d00b7bdd83f57b2cef22bba822b649b5a9914b8,PASS,end_to_end_artifact,False
True,0.5808150694103468,hybrid-v3-final-140-v1,0.09620000491850078,logs,1,True,3253,1,0.6573249929117623,65.00640000255468,2.4625783630052758,17.35186667065136,127.32010000036098,,1.7954999930225313,1.8947300662506845,22.552200010977685,71,hybrid_v3_confidence,3.2601999992039055,44806,150.6220999872312,226.62109375,whole_file,13.773747310175223,0,3,True,"{""top_3_microbenchmark"": 1}",confidence,v3,"[""deflate|6|identity""]",135.30530000571162,0.2843045137069368,16_64KiB,C:\Users\ss\Desktop\XAI\XAI\engines\XAI-Compress\results\model_search\imports\candidate_b_20260830-183205\watch.log,1dfa898e4b00116e4cab,73d25606af40894a02d803dd1d00b7bdd83f57b2cef22bba822b649b5a9914b8,PASS,end_to_end_artifact,False
True,0.5808150694103468,hybrid-v3-final-140-v1,0.12229997082613409,logs,1,True,3253,1,1.7479239459412002,24.446333331676822,2.3352842939616,18.297699997977663,1.8599999893922359,,2.1643000072799623,1.729825860052822,24.702100025024265,71,hybrid_v3_top2,2.3917999933473766,44806,25.463799975113943,226.62109375,whole_file,13.773747310175223,0,3,True,"{""top_2_microbenchmark"": 1}",top2,v3,"[""deflate|6|identity""]",9.724300005473197,0.2843045137069368,16_64KiB,C:\Users\ss\Desktop\XAI\XAI\engines\XAI-Compress\results\model_search\imports\candidate_b_20260830-183205\watch.log,1dfa898e4b00116e4cab,73d25606af40894a02d803dd1d00b7bdd83f57b2cef22bba822b649b5a9914b8,PASS,end_to_end_artifact,False
True,0.5808150694103468,hybrid-v3-final-140-v1,0.14209997607395053,logs,1,True,3253,1,1.4691720856610788,29.0846333373338,1.988517817990135,21.488533335893106,2.5456000003032386,,4.459200019482523,1.5555271721693922,27.470000000903383,71,hybrid_v3_top3,4.276799998478964,44806,33.51119998842478,226.62109375,whole_file,13.773747310175223,0,3,True,"{""top_3_microbenchmark"": 1}",top3,v3,"[""deflate|6|identity""]",14.70939998398535,0.2843045137069368,16_64KiB,C:\Users\ss\Desktop\XAI\XAI\engines\XAI-Compress\results\model_search\imports\candidate_b_20260830-183205\watch.log,1dfa898e4b00116e4cab,73d25606af40894a02d803dd1d00b7bdd83f57b2cef22bba822b649b5a9914b8,PASS,end_to_end_artifact,False
True,15.515151515151516,hybrid-v3-final-140-v1,0.0,markdown,1,True,128,1,0.0036975267529692282,17.022866658711184,0.0013997571143753408,44.96673332566085,0.022899999748915434,,0.0,0.0037437698460652557,16.812599991681054,62,hybrid_v2,0.0,66,18.04569998057559,226.62109375,whole_file,0.515625,0,3,True,"{""direct_bypass"": 1}",confidence,v2,"[""raw|default|identity""]",1.076499989721924,1.0,lt_16KiB,C:\Users\ss\Desktop\XAI\XAI\tools\qt_inspector\README.md,aedca929aa742fd71e9b,5dfa2133fba34e78ab059ad7b58c6e465b55a9ca47c56c61c18f8b6375d769f7,PASS,end_to_end_artifact,False
True,16.0,hybrid-v3-final-140-v1,0.0,markdown,1,True,132,1,0.003849058865743849,16.352699991936486,0.0031039799230282196,20.278000001174707,0.0315000070258975,,0.0,0.003891056303217028,16.17619997705333,62,hybrid_v3_confidence,0.0,66,16.77190000191331,226.62109375,whole_file,0.5,0,3,True,"{""small_file_rule_direct"": 1}",confidence,v3,"[""brotli|1|identity""]",1.0442000057082623,1.0,lt_16KiB,C:\Users\ss\Desktop\XAI\XAI\tools\qt_inspector\README.md,aedca929aa742fd71e9b,5dfa2133fba34e78ab059ad7b58c6e465b55a9ca47c56c61c18f8b6375d769f7,PASS,end_to_end_artifact,False
True,16.0,hybrid-v3-final-140-v1,0.0,markdown,1,True,132,1,0.002488819929718866,25.290099991252646,0.002848059960770257,22.100133336304378,0.10489998385310173,,0.0,0.0029315534627241575,21.470699983183295,62,hybrid_v3_top2,0.0,66,37.33009999268688,226.62109375,whole_file,0.5,0,3,True,"{""small_file_rule_direct"": 1}",top2,v3,"[""brotli|1|identity""]",1.3035000010859221,1.0,lt_16KiB,C:\Users\ss\Desktop\XAI\XAI\tools\qt_inspector\README.md,aedca929aa742fd71e9b,5dfa2133fba34e78ab059ad7b58c6e465b55a9ca47c56c61c18f8b6375d769f7,PASS,end_to_end_artifact,False
True,16.0,hybrid-v3-final-140-v1,0.0,markdown,1,True,132,1,0.0036524403710468337,17.232999991392717,0.003368184828677328,18.687366663167875,0.032199983252212405,,0.0,0.003611967385652469,17.426100006559864,62,hybrid_v3_top3,0.0,66,18.566499988082796,226.62109375,whole_file,0.5,0,3,True,"{""small_file_rule_direct"": 1}",top3,v3,"[""brotli|1|identity""]",1.1341000208631158,1.0,lt_16KiB,C:\Users\ss\Desktop\XAI\XAI\tools\qt_inspector\README.md,aedca929aa742fd71e9b,5dfa2133fba34e78ab059ad7b58c6e465b55a9ca47c56c61c18f8b6375d769f7,PASS,end_to_end_artifact,False
True,6.160714285714286,hybrid-v3-final-140-v1,359.6348999708425,markdown,1,True,345,2,0.0010066297048011257,424.43223333490704,0.010543671651259318,40.52156666875817,11.751899990485981,,2.1729000145569444,0.0010283447715801067,415.46970000490546,67,hybrid_v2,5.206999980146065,448,445.6569000030868,226.62109375,whole_file,1.298550724637681,0,3,True,"{""top_3_microbenchmark"": 1}",confidence,v2,"[""deflate|9|identity""]",381.0885999992024,0.2716419188410713,lt_16KiB,C:\Users\ss\Desktop\XAI\XAI\engines\XAI-Compress\reports\experiment_report.md,81a445cc02e5ab1cabd2,20f398f646b5787c9f2fc81d3d3d4a5e60f41a1a3da1763185b0a9731b9e693d,PASS,end_to_end_artifact,False
True,5.642857142857143,hybrid-v3-final-140-v1,0.129400024889037,markdown,1,True,316,2,0.011701343747921734,36.5125666721724,0.005521335493723701,77.3809333331883,12.768799992045388,,2.465799974743277,0.013309764225137003,32.1002000127919,67,hybrid_v3_confidence,5.234400014160201,448,48.98670001421124,226.62109375,whole_file,1.4177215189873418,0,3,True,"{""top_3_microbenchmark"": 1}",confidence,v3,"[""brotli|6|identity""]",23.73660000739619,0.2716419188410713,lt_16KiB,C:\Users\ss\Desktop\XAI\XAI\engines\XAI-Compress\reports\experiment_report.md,81a445cc02e5ab1cabd2,20f398f646b5787c9f2fc81d3d3d4a5e60f41a1a3da1763185b0a9731b9e693d,PASS,end_to_end_artifact,False
True,6.035714285714286,hybrid-v3-final-140-v1,0.12620000052265823,markdown,1,True,338,2,0.015144627419956954,28.21106666427416,0.012501226783977576,34.17633334174752,0.5405000119935721,,2.5473999849054962,0.01472267341915863,29.019600013270974,67,hybrid_v3_top2,4.3123000068590045,448,29.714099975535646,226.62109375,whole_file,1.3254437869822486,0,3,True,"{""top_2_microbenchmark"": 1}",top2,v3,"[""brotli|4|identity""]",10.477700008777902,0.2716419188410713,lt_16KiB,C:\Users\ss\Desktop\XAI\XAI\engines\XAI-Compress\reports\experiment_report.md,81a445cc02e5ab1cabd2,20f398f646b5787c9f2fc81d3d3d4a5e60f41a1a3da1763185b0a9731b9e693d,PASS,end_to_end_artifact,False
True,6.160714285714286,hybrid-v3-final-140-v1,0.11480000102892518,markdown,1,True,345,1,0.017622416675868145,24.244466670400772,0.023933344192343494,17.85149999583761,0.4831999831367284,,2.160500007448718,0.01785123461239101,23.93369999481365,67,hybrid_v3_top3,4.775100009283051,448,25.288500008173287,226.62109375,whole_file,1.298550724637681,0,3,True,"{""top_3_microbenchmark"": 1}",top3,v3,"[""deflate|9|identity""]",9.875499992631376,0.2716419188410713,lt_16KiB,C:\Users\ss\Desktop\XAI\XAI\engines\XAI-Compress\reports\experiment_report.md,81a445cc02e5ab1cabd2,20f398f646b5787c9f2fc81d3d3d4a5e60f41a1a3da1763185b0a9731b9e693d,PASS,end_to_end_artifact,False
True,5.855946398659967,hybrid-v3-final-140-v1,415.81490001408383,markdown,1,True,437,1,0.0013776155377005035,413.2819000030092,0.022058830684749023,25.810233327016856,14.053299993975088,,4.139800003031269,0.001416578816905406,401.91449999110773,67,hybrid_v2,2.1674000017810613,597,469.2191000212915,226.62109375,whole_file,1.366132723112128,0,3,True,"{""top_3_microbenchmark"": 1}",confidence,v2,"[""deflate|6|identity""]",438.61799998558126,0.3368625060770264,lt_16KiB,C:\Users\ss\Desktop\XAI\XAI\apps\public_nextjs\docs\INTEGRATION.md,2b5091e58cb6922ad60d,3d46921c4c74772c20f7b5fa7a719d5b31bcbc1b695fc2652443b63baf32e264,PASS,end_to_end_artifact,False
True,5.855946398659967,hybrid-v3-final-140-v1,0.11909997556358576,markdown,1,True,437,1,0.02430886362697503,23.42123332588623,0.030024657412488016,18.962533329613507,11.185099981958047,,1.8356000073254108,0.027283353642705645,20.867799990810454,67,hybrid_v3_confidence,1.614599983440712,597,29.622000001836568,226.62109375,whole_file,1.366132723112128,0,3,True,"{""top_3_microbenchmark"": 1}",confidence,v3,"[""deflate|6|identity""]",16.438699996797368,0.3368625060770264,lt_16KiB,C:\Users\ss\Desktop\XAI\XAI\apps\public_nextjs\docs\INTEGRATION.md,2b5091e58cb6922ad60d,3d46921c4c74772c20f7b5fa7a719d5b31bcbc1b695fc2652443b63baf32e264,PASS,end_to_end_artifact,False
True,5.855946398659967,hybrid-v3-final-140-v1,0.09670000872574747,markdown,1,True,437,1,0.028665495809404293,19.86163332670306,0.03210704726501127,17.73266666956867,0.45640001189894974,,1.9358999852556735,0.02789751118697201,20.408399985171854,67,hybrid_v3_top2,1.0747000051196665,597,20.501799997873604,226.62109375,whole_file,1.366132723112128,0,3,True,"{""top_2_microbenchmark"": 1}",top2,v3,"[""deflate|6|identity""]",5.736899998737499,0.3368625060770264,lt_16KiB,C:\Users\ss\Desktop\XAI\XAI\apps\public_nextjs\docs\INTEGRATION.md,2b5091e58cb6922ad60d,3d46921c4c74772c20f7b5fa7a719d5b31bcbc1b695fc2652443b63baf32e264,PASS,end_to_end_artifact,False
True,5.855946398659967,hybrid-v3-final-140-v1,0.1105000264942646,markdown,1,True,437,1,0.023792970057471798,23.929066674706217,0.02752371139085299,20.685566666846473,0.51860001985915,,5.8966999931726605,0.023253414077651025,24.484300025505945,67,hybrid_v3_top3,1.7909000162035227,597,25.302499998360872,226.62109375,whole_file,1.366132723112128,0,3,True,"{""top_3_microbenchmark"": 1}",top3,v3,"[""deflate|6|identity""]",10.495299997273833,0.3368625060770264,lt_16KiB,C:\Users\ss\Desktop\XAI\XAI\apps\public_nextjs\docs\INTEGRATION.md,2b5091e58cb6922ad60d,3d46921c4c74772c20f7b5fa7a719d5b31bcbc1b695fc2652443b63baf32e264,PASS,end_to_end_artifact,False
True,5.075391180654338,hybrid-v3-final-140-v1,234.57679999410175,markdown,1,True,446,2,0.002412248915897823,277.92863332433626,0.03083499878254611,21.742599996893357,13.159299996914342,,1.1531000200193375,0.0025208343777920706,265.95679999445565,67,hybrid_v2,1.3288999907672405,703,303.86319998069666,226.62109375,whole_file,1.5762331838565022,0,3,True,"{""top_3_microbenchmark"": 1}",confidence,v2,"[""deflate|6|identity""]",252.0706999930553,0.31197683395891057,lt_16KiB,C:\Users\ss\Desktop\XAI\XAI\apps\mobile_authenticator_flutter\docs\PRODUCTION_CHECKLIST.md,8028fd8746ec7555a569,3bbd3f87d7a578d34926dc2bd3bda47187a999d8146c2ef5992c43ffad738935,PASS,end_to_end_artifact,False
True,5.075391180654338,hybrid-v3-final-140-v1,0.05229999078437686,markdown,1,True,446,1,0.03262574915025297,20.549199999853347,0.036279171593676635,18.479833330881473,7.748999982140958,,0.897699996130541,0.03165989224244966,21.176100010052323,67,hybrid_v3_confidence,1.048700010869652,703,21.765599987702444,226.62109375,whole_file,1.5762331838565022,0,3,True,"{""top_3_microbenchmark"": 1}",confidence,v3,"[""deflate|6|identity""]",11.235599988140166,0.31197683395891057,lt_16KiB,C:\Users\ss\Desktop\XAI\XAI\apps\mobile_authenticator_flutter\docs\PRODUCTION_CHECKLIST.md,8028fd8746ec7555a569,3bbd3f87d7a578d34926dc2bd3bda47187a999d8146c2ef5992c43ffad738935,PASS,end_to_end_artifact,False
True,5.1322901849217635,hybrid-v3-final-140-v1,0.10210002074018121,markdown,1,True,451,1,0.03201517801126519,20.941100005681317,0.03368051195538953,19.905666675185785,0.43500002357177436,,1.8415999948047101,0.030792511875805405,21.772600011900067,67,hybrid_v3_top2,1.1946999875362962,703,22.95290000620298,226.62109375,whole_file,1.558758314855876,0,3,True,"{""top_2_microbenchmark"": 1}",top2,v3,"[""deflate|9|identity""]",5.583799997111782,0.31197683395891057,lt_16KiB,C:\Users\ss\Desktop\XAI\XAI\apps\mobile_authenticator_flutter\docs\PRODUCTION_CHECKLIST.md,8028fd8746ec7555a569,3bbd3f87d7a578d34926dc2bd3bda47187a999d8146c2ef5992c43ffad738935,PASS,end_to_end_artifact,False
True,5.075391180654338,hybrid-v3-final-140-v1,0.12939999578520656,markdown,1,True,446,1,0.03080812401204808,21.761566662462428,0.0370693769309572,18.0859000053412,0.5698000022675842,,2.3742000048514456,0.029264156427614058,22.909699997399002,67,hybrid_v3_top3,2.145100006600842,703,25.287500000558794,226.62109375,whole_file,1.5762331838565022,0,3,True,"{""top_3_microbenchmark"": 1}",top3,v3,"[""deflate|6|identity""]",7.749299984425306,0.31197683395891057,lt_16KiB,C:\Users\ss\Desktop\XAI\XAI\apps\mobile_authenticator_flutter\docs\PRODUCTION_CHECKLIST.md,8028fd8746ec7555a569,3bbd3f87d7a578d34926dc2bd3bda47187a999d8146c2ef5992c43ffad738935,PASS,end_to_end_artifact,False
True,5.296037296037296,hybrid-v3-final-140-v1,297.68749998766,markdown,1,True,568,1,0.0016282697726201357,502.52886667537194,0.03701763285139643,22.10439999665444,13.9746000058949,,2.2022000048309565,0.002237990618918466,365.619299991522,67,hybrid_v2,2.093799994327128,858,801.0657000122592,226.62109375,whole_file,1.5105633802816902,0,3,True,"{""top_3_microbenchmark"": 1}",confidence,v2,"[""deflate|6|identity""]",318.09879999491386,0.37186475230775123,lt_16KiB,C:\Users\ss\Desktop\XAI\XAI\apps\mobile_authenticator_flutter\docs\INTEGRATION.md,1cff286a0579303a0e2e,d6799bd13be04d1d2446707a0f240191e77eb76daefa5f5b3b22c38239284793,PASS,end_to_end_artifact,False
True,5.296037296037296,hybrid-v3-final-140-v1,0.11630004155449569,markdown,1,True,568,1,0.023701344111845064,34.52346666987675,0.05496608089797018,14.8865000034372,15.803899994352832,,2.2637999791186303,0.03681659761682461,22.225099994102493,67,hybrid_v3_confidence,2.346000022953376,858,60.63330001779832,226.62109375,whole_file,1.5105633802816902,0,3,True,"{""top_3_microbenchmark"": 1}",confidence,v3,"[""deflate|6|identity""]",22.64920002198778,0.37186475230775123,lt_16KiB,C:\Users\ss\Desktop\XAI\XAI\apps\mobile_authenticator_flutter\docs\INTEGRATION.md,1cff286a0579303a0e2e,d6799bd13be04d1d2446707a0f240191e77eb76daefa5f5b3b22c38239284793,PASS,end_to_end_artifact,False
True,5.296037296037296,hybrid-v3-final-140-v1,0.1029000268317759,markdown,1,True,568,2,0.03680340528430197,22.233066672924906,0.01785055026572038,45.83906665599594,0.5873000191058964,,2.103699982399121,0.036826373731035,22.219200007384643,67,hybrid_v3_top2,1.791699993191287,858,24.546900007408112,226.62109375,whole_file,1.5105633802816902,0,3,True,"{""top_2_microbenchmark"": 1}",top2,v3,"[""deflate|6|identity""]",6.880900007672608,0.37186475230775123,lt_16KiB,C:\Users\ss\Desktop\XAI\XAI\apps\mobile_authenticator_flutter\docs\INTEGRATION.md,1cff286a0579303a0e2e,d6799bd13be04d1d2446707a0f240191e77eb76daefa5f5b3b22c38239284793,PASS,end_to_end_artifact,False
True,5.296037296037296,hybrid-v3-final-140-v1,0.13339999713934958,markdown,1,True,568,1,0.03497921973292258,23.392533330479637,0.04585760676657697,17.84333333489485,0.7096000190358609,,2.3855000035837293,0.03521152944820905,23.238199995830655,67,hybrid_v3_top3,2.4790999887045473,858,25.014599988935515,226.62109375,whole_file,1.5105633802816902,0,3,True,"{""top_3_microbenchmark"": 1}",top3,v3,"[""deflate|6|identity""]",8.088899980066344,0.37186475230775123,lt_16KiB,C:\Users\ss\Desktop\XAI\XAI\apps\mobile_authenticator_flutter\docs\INTEGRATION.md,1cff286a0579303a0e2e,d6799bd13be04d1d2446707a0f240191e77eb76daefa5f5b3b22c38239284793,PASS,end_to_end_artifact,False
True,4.603580562659847,hybrid-v3-final-140-v1,485.2917999960482,markdown,1,True,900,1,0.003104771104044871,480.4047000167581,0.08077973418170856,18.464366662859295,22.74139999644831,,2.8215000056661665,0.0031859292718437724,468.166900012875,67,hybrid_v2,8.15470001543872,1564,544.1062000172678,226.62109375,whole_file,1.7377777777777779,0,3,True,"{""top_3_microbenchmark"": 1}",confidence,v2,"[""deflate|6|identity""]",521.5376999985892,0.46532051295082444,lt_16KiB,C:\Users\ss\Desktop\XAI\XAI\apps\desktop_flutter\README.md,f8acbe64385c0bc28390,4cfcaebd97a13aec2e70779876662da997871c92f5ed9cc669025f78f727c887,PASS,end_to_end_artifact,False
True,4.608695652173913,hybrid-v3-final-140-v1,0.14300001203082502,markdown,1,True,901,2,0.05153951286805913,28.939866674287867,0.08097034508022875,18.42090001446195,18.49940000101924,,2.2825000050943345,0.0662570965708223,22.51150002120994,67,hybrid_v3_confidence,2.9362000059336424,1564,43.26599999330938,226.62109375,whole_file,1.7358490566037736,0,3,True,"{""top_3_microbenchmark"": 1}",confidence,v3,"[""deflate|9|identity""]",26.07900000293739,0.46532051295082444,lt_16KiB,C:\Users\ss\Desktop\XAI\XAI\apps\desktop_flutter\README.md,f8acbe64385c0bc28390,4cfcaebd97a13aec2e70779876662da997871c92f5ed9cc669025f78f727c887,PASS,end_to_end_artifact,False
True,4.603580562659847,hybrid-v3-final-140-v1,0.10270002530887723,markdown,1,True,900,1,0.057936365747293134,25.744566674499463,0.0537257436283301,27.762233337853104,0.8345000096596777,,1.6259999829344451,0.05782040109287082,25.79620000324212,67,hybrid_v3_top2,1.5522000030614436,1564,26.954500004649162,226.62109375,whole_file,1.7377777777777779,0,3,True,"{""top_2_microbenchmark"": 1}",top2,v3,"[""deflate|6|identity""]",6.31310002063401,0.46532051295082444,lt_16KiB,C:\Users\ss\Desktop\XAI\XAI\apps\desktop_flutter\README.md,f8acbe64385c0bc28390,4cfcaebd97a13aec2e70779876662da997871c92f5ed9cc669025f78f727c887,PASS,end_to_end_artifact,False
True,4.603580562659847,hybrid-v3-final-140-v1,0.12519999290816486,markdown,1,True,900,2,0.058824749835931334,25.35576666317259,0.07558181387523036,19.734199993157137,0.9355999936815351,,2.3302999907173216,0.055564536318572284,26.84350000345148,67,hybrid_v3_top3,2.8003999905195087,1564,26.95329999551177,226.62109375,whole_file,1.7377777777777779,0,3,True,"{""top_3_microbenchmark"": 1}",top3,v3,"[""deflate|6|identity""]",8.931899996241555,0.46532051295082444,lt_16KiB,C:\Users\ss\Desktop\XAI\XAI\apps\desktop_flutter\README.md,f8acbe64385c0bc28390,4cfcaebd97a13aec2e70779876662da997871c92f5ed9cc669025f78f727c887,PASS,end_to_end_artifact,False
True,4.82421875,hybrid-v3-final-140-v1,323.6834999988787,markdown,1,True,1235,1,0.004611718398581555,423.5135000005054,0.09530863938339727,20.49263332931635,20.784199994523078,,3.800500009674579,0.0046658537977680905,418.59970000223257,67,hybrid_v2,3.700600005686283,2048,468.9220000000205,226.62109375,whole_file,1.6582995951417003,0,3,True,"{""top_3_microbenchmark"": 1}",confidence,v2,"[""deflate|6|identity""]",354.96260001673363,0.5190983586498638,lt_16KiB,C:\Users\ss\Desktop\XAI\XAI\engines\XAI-Compress\results\final_project\audit.md,c9bfc414215801365a64,b3e7972e3affbfa8daff03c83b28362433865e6be2d30b49c3b1993ddea36b6e,PASS,end_to_end_artifact,False
True,4.82421875,hybrid-v3-final-140-v1,0.09729998419061303,markdown,1,True,1235,1,0.04122546260671613,47.376666664301105,0.07110753917662335,27.467199998985354,25.451199966482818,,1.863000012235716,0.0797262213900638,24.497900012647733,67,hybrid_v3_confidence,2.6771000120788813,2048,93.46149998600595,226.62109375,whole_file,1.6582995951417003,0,3,True,"{""top_3_microbenchmark"": 1}",confidence,v3,"[""deflate|6|identity""]",52.043600007891655,0.5190983586498638,lt_16KiB,C:\Users\ss\Desktop\XAI\XAI\engines\XAI-Compress\results\final_project\audit.md,c9bfc414215801365a64,b3e7972e3affbfa8daff03c83b28362433865e6be2d30b49c3b1993ddea36b6e,PASS,end_to_end_artifact,False
True,4.8515625,hybrid-v3-final-140-v1,0.1010000123642385,markdown,1,True,1242,1,0.07966920160724146,24.515433324268088,0.03162690840791831,61.75516667038513,1.057699992088601,,1.9780999864451587,0.07955119384619574,24.55179998651147,67,hybrid_v3_top2,1.5717999776825309,2048,30.81289998954162,226.62109375,whole_file,1.6489533011272142,0,3,True,"{""top_2_microbenchmark"": 1}",top2,v3,"[""deflate|9|identity""]",6.886100018164143,0.5190983586498638,lt_16KiB,C:\Users\ss\Desktop\XAI\XAI\engines\XAI-Compress\results\final_project\audit.md,c9bfc414215801365a64,b3e7972e3affbfa8daff03c83b28362433865e6be2d30b49c3b1993ddea36b6e,PASS,end_to_end_artifact,False
True,4.82421875,hybrid-v3-final-140-v1,0.11750002158805728,markdown,1,True,1235,1,0.08078965836569045,24.17543333528253,0.105191276481106,18.56736666134869,1.251100009540096,,2.292599994689226,0.08016306583174192,24.364399985643104,67,hybrid_v3_top3,3.2700999872758985,2048,25.20800000638701,226.62109375,whole_file,1.6582995951417003,0,3,True,"{""top_3_microbenchmark"": 1}",top3,v3,"[""deflate|6|identity""]",9.475899976678193,0.5190983586498638,lt_16KiB,C:\Users\ss\Desktop\XAI\XAI\engines\XAI-Compress\results\final_project\audit.md,c9bfc414215801365a64,b3e7972e3affbfa8daff03c83b28362433865e6be2d30b49c3b1993ddea36b6e,PASS,end_to_end_artifact,False
True,4.164119066773934,hybrid-v3-final-140-v1,315.14010002138093,markdown,1,True,1941,2,0.012488334952346644,284.76586666268605,0.12902780742971956,27.561900002183393,44.42200000630692,,2.7203999925404787,0.013433448228108288,264.7310999745969,67,hybrid_v2,8.682900021085516,3729,402.21739999833517,226.62109375,whole_file,1.9211746522411128,0,3,True,"{""top_3_microbenchmark"": 1}",confidence,v2,"[""deflate|9|identity""]",373.11810001847334,0.6146372818870588,lt_16KiB,C:\Users\ss\Desktop\XAI\XAI\engines\XAI-Compress\results\model_v2\lossless_v2_preflight.md,efd24e78ff6d0f481461,192bc0dbbe4e4824a4decf70cbce5ea391b08c651340cb3c579cb571f18b61b1,PASS,end_to_end_artifact,False
True,4.142665593993027,hybrid-v3-final-140-v1,0.05670002428814769,markdown,1,True,1931,2,0.15674477258708078,22.688166674925014,0.3343829200963192,10.63526667227658,21.057600009953603,,0.9728999866638333,0.20773953354975985,17.118799994932488,67,hybrid_v3_confidence,5.03749999916181,3729,37.151900003664196,226.62109375,whole_file,1.9311237700673227,0,3,True,"{""top_3_microbenchmark"": 1}",confidence,v3,"[""deflate|6|identity""]",28.672600019490346,0.6146372818870588,lt_16KiB,C:\Users\ss\Desktop\XAI\XAI\engines\XAI-Compress\results\model_v2\lossless_v2_preflight.md,efd24e78ff6d0f481461,192bc0dbbe4e4824a4decf70cbce5ea391b08c651340cb3c579cb571f18b61b1,PASS,end_to_end_artifact,False
True,4.142665593993027,hybrid-v3-final-140-v1,0.04509996506385505,markdown,1,True,1931,1,0.2548267377198491,13.95556666345025,0.28424240893181624,12.511333334259689,0.6009000062476844,,0.7480000203941017,0.25093327924533176,14.172099996358156,67,hybrid_v3_top2,0.984799989964813,3729,16.710600000806153,226.62109375,whole_file,1.9311237700673227,0,3,True,"{""top_2_microbenchmark"": 1}",top2,v3,"[""deflate|6|identity""]",3.4805999894160777,0.6146372818870588,lt_16KiB,C:\Users\ss\Desktop\XAI\XAI\engines\XAI-Compress\results\model_v2\lossless_v2_preflight.md,efd24e78ff6d0f481461,192bc0dbbe4e4824a4decf70cbce5ea391b08c651340cb3c579cb571f18b61b1,PASS,end_to_end_artifact,False
True,4.142665593993027,hybrid-v3-final-140-v1,0.10810003732331097,markdown,1,True,1931,1,0.13115859107299965,27.114133331148576,0.2183504242533424,16.286900005070493,1.5881000144872814,,1.656999986153096,0.12954576674530435,27.451700007077307,67,hybrid_v3_top3,7.522600004449487,3729,29.355999984545633,226.62109375,whole_file,1.9311237700673227,0,3,True,"{""top_3_microbenchmark"": 1}",top3,v3,"[""deflate|6|identity""]",12.856499990448356,0.6146372818870588,lt_16KiB,C:\Users\ss\Desktop\XAI\XAI\engines\XAI-Compress\results\model_v2\lossless_v2_preflight.md,efd24e78ff6d0f481461,192bc0dbbe4e4824a4decf70cbce5ea391b08c651340cb3c579cb571f18b61b1,PASS,end_to_end_artifact,False
True,3.6107424960505528,hybrid-v3-final-140-v1,386.55070000095293,markdown,1,True,2857,1,0.00952063028706933,634.0712999905614,0.10601324981319742,56.9434333301615,77.67269999021664,,3.4625999978743494,0.0111258769523478,542.5871999759693,67,hybrid_v2,4.740200005471706,6330,860.6369000044651,226.62109375,whole_file,2.215610780539027,0,3,True,"{""top_3_microbenchmark"": 1}",confidence,v2,"[""deflate|6|identity""]",474.85759999835864,0.6597511907381635,lt_16KiB,C:\Users\ss\Desktop\XAI\XAI\engines\XAI-Compress\results\model_search\imports\auto\lr-0-0002-f316e33308\v1\XAI-Compress\scripts\kaggle\README.md,8a329048e6e90bc5e436,32285e607936abe62cd5bf70740c76222f091d79f6c60df3ee12426de4e5d1cd,PASS,end_to_end_artifact,False
True,3.6107424960505528,hybrid-v3-final-140-v1,0.12260003131814301,markdown,1,True,2857,1,0.12431784293778378,48.55906666489318,0.2622966945220751,23.01499999399918,63.44849997549318,,2.8657999937422574,0.2068013339987261,29.191100009484217,67,hybrid_v3_confidence,6.467100000008941,6330,90.6566999910865,226.62109375,whole_file,2.215610780539027,0,3,True,"{""top_3_microbenchmark"": 1}",confidence,v3,"[""deflate|6|identity""]",75.52660000510514,0.6597511907381635,lt_16KiB,C:\Users\ss\Desktop\XAI\XAI\engines\XAI-Compress\results\model_search\imports\auto\lr-0-0002-f316e33308\v1\XAI-Compress\scripts\kaggle\README.md,8a329048e6e90bc5e436,32285e607936abe62cd5bf70740c76222f091d79f6c60df3ee12426de4e5d1cd,PASS,end_to_end_artifact,False
True,3.6107424960505528,hybrid-v3-final-140-v1,0.1188000023830682,markdown,1,True,2857,1,0.22441870449251128,26.89953333659408,0.29274146810723883,20.621466654120013,2.044800028670579,,2.3010000004433095,0.21564780602410116,27.99360000062734,67,hybrid_v3_top2,2.782600000500679,6330,29.748500004643574,226.62109375,whole_file,2.215610780539027,0,3,True,"{""top_2_microbenchmark"": 1}",top2,v3,"[""deflate|6|identity""]",10.194200003752485,0.6597511907381635,lt_16KiB,C:\Users\ss\Desktop\XAI\XAI\engines\XAI-Compress\results\model_search\imports\auto\lr-0-0002-f316e33308\v1\XAI-Compress\scripts\kaggle\README.md,8a329048e6e90bc5e436,32285e607936abe62cd5bf70740c76222f091d79f6c60df3ee12426de4e5d1cd,PASS,end_to_end_artifact,False
True,3.6107424960505528,hybrid-v3-final-140-v1,0.11540003470145166,markdown,1,True,2857,1,0.21359605210424673,28.262500001195196,0.2997848944859285,20.136966651383165,2.1130999957676977,,2.222799987066537,0.2235472153223763,27.004400006262586,67,hybrid_v3_top3,4.692799993790686,6330,34.81760001159273,226.62109375,whole_file,2.215610780539027,0,3,True,"{""top_3_microbenchmark"": 1}",top3,v3,"[""deflate|6|identity""]",11.90159999532625,0.6597511907381635,lt_16KiB,C:\Users\ss\Desktop\XAI\XAI\engines\XAI-Compress\results\model_search\imports\auto\lr-0-0002-f316e33308\v1\XAI-Compress\scripts\kaggle\README.md,8a329048e6e90bc5e436,32285e607936abe62cd5bf70740c76222f091d79f6c60df3ee12426de4e5d1cd,PASS,end_to_end_artifact,False
True,8.503759398496241,hybrid-v3-final-140-v1,0.0,model,1,True,1131,1,0.1195247644776184,8.48953333722117,0.10171812231399611,9.97569999890402,0.02169999061152339,,0.0,0.12336443323042122,8.225300000049174,67,hybrid_v2,0.0,1064,9.666500001912937,226.62109375,whole_file,0.9407603890362511,0,3,True,"{""direct_bypass"": 1}",confidence,v2,"[""raw|default|identity""]",0.4985000123269856,1.0,lt_16KiB,C:\Users\ss\Desktop\XAI\XAI\engines\XAI-Compress\data\test\archive\results\checkpoint-140\scheduler.pt,b09d33b1dd2c5da1b94b,68a7b978420557cea41317e4bf3e948ca294f39743cbbedc6a76ddc9e05e6bf6,PASS,end_to_end_artifact,False
True,8.503759398496241,hybrid-v3-final-140-v1,0.0,model,1,True,1131,1,0.08873535350562126,11.435233337882286,0.0771734127418403,13.148433334815005,0.03350002225488424,,0.0,0.08937336827505345,11.35359998443164,67,hybrid_v3_confidence,0.0,1064,13.148700003512204,226.62109375,whole_file,0.9407603890362511,0,3,True,"{""direct_bypass"": 1}",confidence,v3,"[""raw|default|identity""]",0.7844000065233558,1.0,lt_16KiB,C:\Users\ss\Desktop\XAI\XAI\engines\XAI-Compress\data\test\archive\results\checkpoint-140\scheduler.pt,b09d33b1dd2c5da1b94b,68a7b978420557cea41317e4bf3e948ca294f39743cbbedc6a76ddc9e05e6bf6,PASS,end_to_end_artifact,False
True,8.503759398496241,hybrid-v3-final-140-v1,0.0,model,1,True,1131,1,0.09549877238755557,10.625366664802035,0.0766715382428386,13.23449999714891,0.025500019546598196,,0.0,0.09069866661574834,11.18770000175573,67,hybrid_v3_top2,0.0,1064,11.401199997635558,226.62109375,whole_file,0.9407603890362511,0,3,True,"{""direct_bypass"": 1}",top2,v3,"[""raw|default|identity""]",0.6653000018559396,1.0,lt_16KiB,C:\Users\ss\Desktop\XAI\XAI\engines\XAI-Compress\data\test\archive\results\checkpoint-140\scheduler.pt,b09d33b1dd2c5da1b94b,68a7b978420557cea41317e4bf3e948ca294f39743cbbedc6a76ddc9e05e6bf6,PASS,end_to_end_artifact,False
True,8.503759398496241,hybrid-v3-final-140-v1,0.0,model,1,True,1131,1,0.08946608918467447,11.341833334881812,0.07355561179483464,13.79513334056052,0.03789999755099416,,0.0,0.09026058281044362,11.242000007769093,67,hybrid_v3_top3,0.0,1064,11.805300018750131,226.62109375,whole_file,0.9407603890362511,0,3,True,"{""direct_bypass"": 1}",top3,v3,"[""raw|default|identity""]",0.7630999898537993,1.0,lt_16KiB,C:\Users\ss\Desktop\XAI\XAI\engines\XAI-Compress\data\test\archive\results\checkpoint-140\scheduler.pt,b09d33b1dd2c5da1b94b,68a7b978420557cea41317e4bf3e948ca294f39743cbbedc6a76ddc9e05e6bf6,PASS,end_to_end_artifact,False
True,8.004232804232805,hybrid-v3-final-140-v1,0.0,model,1,True,136152,1,10.248872065871653,12.662466673646122,3.070773378862986,42.261666676495224,0.024999986635521054,,0.0,10.061091013134373,12.89880002150312,72,hybrid_v2,0.0,136080,13.724799995543435,226.62109375,whole_file,0.9994711792702274,0,3,True,"{""direct_bypass"": 1}",confidence,v2,"[""raw|default|identity""]",1.790400012396276,1.0,64KiB_1MiB,C:\Users\ss\Desktop\XAI\XAI\engines\XAI-Compress\checkpoints\neural_lossy_v1\validation.latest.pt,bc559421f72cb439e577,95655d8929f221dbc9debec84eae3c13548be004c7b47632d6559012d6eaa5e0,PASS,end_to_end_artifact,False
True,8.004232804232805,hybrid-v3-final-140-v1,0.0,model,1,True,136152,1,10.83920550996893,11.972833327793827,3.3980039613062827,38.191833339321114,0.02190002123825252,,0.0,10.952855272791412,11.848599999211729,72,hybrid_v3_confidence,0.0,136080,14.081999979680404,226.62109375,whole_file,0.9994711792702274,0,3,True,"{""direct_bypass"": 1}",confidence,v3,"[""raw|default|identity""]",1.3559999933931977,1.0,64KiB_1MiB,C:\Users\ss\Desktop\XAI\XAI\engines\XAI-Compress\checkpoints\neural_lossy_v1\validation.latest.pt,bc559421f72cb439e577,95655d8929f221dbc9debec84eae3c13548be004c7b47632d6559012d6eaa5e0,PASS,end_to_end_artifact,False
True,8.004232804232805,hybrid-v3-final-140-v1,0.0,model,1,True,136152,1,8.195309309822823,15.835399991677454,2.312713681996349,56.11416665487923,0.03920000744983554,,0.0,8.5063318400728,15.256399987265468,72,hybrid_v3_top2,0.0,136080,17.169600003398955,226.62109375,whole_file,0.9994711792702274,0,3,True,"{""direct_bypass"": 1}",top2,v3,"[""raw|default|identity""]",2.202100004069507,1.0,64KiB_1MiB,C:\Users\ss\Desktop\XAI\XAI\engines\XAI-Compress\checkpoints\neural_lossy_v1\validation.latest.pt,bc559421f72cb439e577,95655d8929f221dbc9debec84eae3c13548be004c7b47632d6559012d6eaa5e0,PASS,end_to_end_artifact,False
True,8.004232804232805,hybrid-v3-final-140-v1,0.0,model,1,True,136152,1,6.38169395387751,20.335666660685092,1.5379382952543137,84.3831000092905,0.06309998570941389,,0.0,6.802675504464157,19.07719997689128,72,hybrid_v3_top3,0.0,136080,25.707699998747557,226.62109375,whole_file,0.9994711792702274,0,3,True,"{""direct_bypass"": 1}",top3,v3,"[""raw|default|identity""]",3.7540999765042216,1.0,64KiB_1MiB,C:\Users\ss\Desktop\XAI\XAI\engines\XAI-Compress\checkpoints\neural_lossy_v1\validation.latest.pt,bc559421f72cb439e577,95655d8929f221dbc9debec84eae3c13548be004c7b47632d6559012d6eaa5e0,PASS,end_to_end_artifact,False
True,8.000384725592468,hybrid-v3-final-140-v1,0.0,model,1,True,1497243,1,38.29030406305275,37.28916666780909,29.494896517732744,48.408833342061065,0.019099999917671084,,0.0,35.392204023927285,40.34259999752976,72,hybrid_v2,0.0,1497171,42.98470000503585,230.52734375,whole_file,0.9999519116135457,0,3,True,"{""direct_bypass"": 1}",confidence,v2,"[""raw|default|identity""]",10.02300000982359,1.0,1_10MiB,C:\Users\ss\Desktop\XAI\XAI\engines\XAI-Compress\checkpoints\gru_smoke.pt,46873d3cf1d109fce5fb,dd3923d08d580c8fc805fe3212309d5f62fee16126165fcca95949dd9624f692,PASS,end_to_end_artifact,False
True,8.000384725592468,hybrid-v3-final-140-v1,0.0,model,1,True,1497243,1,42.505540536559494,33.59123332969224,32.84650603755914,43.46926666524572,0.0357000099029392,,0.0,43.80118568574629,32.597599987639114,72,hybrid_v3_confidence,0.0,1497171,40.5060000193771,230.52734375,whole_file,0.9999519116135457,0,3,True,"{""direct_bypass"": 1}",confidence,v3,"[""raw|default|identity""]",11.294600000837818,1.0,1_10MiB,C:\Users\ss\Desktop\XAI\XAI\engines\XAI-Compress\checkpoints\gru_smoke.pt,46873d3cf1d109fce5fb,dd3923d08d580c8fc805fe3212309d5f62fee16126165fcca95949dd9624f692,PASS,end_to_end_artifact,False
True,8.000384725592468,hybrid-v3-final-140-v1,0.0,model,1,True,1497243,1,34.960355052460294,40.84093333221972,23.831938349674303,59.91176668127688,0.02880001557059586,,0.0,31.511549789294076,45.31079999287613,72,hybrid_v3_top2,0.0,1497171,48.849099985091016,230.52734375,whole_file,0.9999519116135457,0,3,True,"{""direct_bypass"": 1}",top2,v3,"[""raw|default|identity""]",10.54889999795705,1.0,1_10MiB,C:\Users\ss\Desktop\XAI\XAI\engines\XAI-Compress\checkpoints\gru_smoke.pt,46873d3cf1d109fce5fb,dd3923d08d580c8fc805fe3212309d5f62fee16126165fcca95949dd9624f692,PASS,end_to_end_artifact,False
True,8.000384725592468,hybrid-v3-final-140-v1,0.0,model,1,True,1497243,1,18.035812709410873,79.16546667305131,10.299141097348212,138.63423332804814,0.03670001751743257,,0.0,17.448875084993126,81.82839999790303,72,hybrid_v3_top3,0.0,1497171,114.54270000103861,230.52734375,whole_file,0.9999519116135457,0,3,True,"{""direct_bypass"": 1}",top3,v3,"[""raw|default|identity""]",13.782299996819347,1.0,1_10MiB,C:\Users\ss\Desktop\XAI\XAI\engines\XAI-Compress\checkpoints\gru_smoke.pt,46873d3cf1d109fce5fb,dd3923d08d580c8fc805fe3212309d5f62fee16126165fcca95949dd9624f692,PASS,end_to_end_artifact,False
True,8.000384632592404,hybrid-v3-final-140-v1,0.0,model,1,True,1497605,1,31.520328353601812,45.30913333292119,22.35441521260973,63.8870999973733,0.050700007705017924,,0.0,28.649812232920606,49.84880000120029,72,hybrid_v2,0.0,1497533,50.332400016486645,231.7109375,whole_file,0.9999519232374358,0,3,True,"{""direct_bypass"": 1}",confidence,v2,"[""raw|default|identity""]",17.994800000451505,1.0,1_10MiB,C:\Users\ss\Desktop\XAI\XAI\engines\XAI-Compress\checkpoints\phase_j_v1_256.pt,1a26220d1e9b364d612d,d5775fd5f77bf27e075a031d5ab07616cfe43df73d2e23892ec20efa00dcfb85,PASS,end_to_end_artifact,False
True,8.000384632592404,hybrid-v3-final-140-v1,0.0,model,1,True,1497605,1,35.01673636981782,40.78503333342572,23.047122898562332,61.966900005548574,0.043100008042529225,,0.0,33.92784624733026,42.0940000039991,72,hybrid_v3_confidence,0.0,1497533,48.441999999340624,231.7109375,whole_file,0.9999519232374358,0,3,True,"{""direct_bypass"": 1}",confidence,v3,"[""raw|default|identity""]",13.184099982026964,1.0,1_10MiB,C:\Users\ss\Desktop\XAI\XAI\engines\XAI-Compress\checkpoints\phase_j_v1_256.pt,1a26220d1e9b364d612d,d5775fd5f77bf27e075a031d5ab07616cfe43df73d2e23892ec20efa00dcfb85,PASS,end_to_end_artifact,False
True,8.000384632592404,hybrid-v3-final-140-v1,0.0,model,1,True,1497605,1,34.124923483172324,41.850899996158354,22.32327046327282,63.976233340023704,0.03579998156055808,,0.0,34.46603520325422,41.436699975747615,72,hybrid_v3_top2,0.0,1497533,44.705400010570884,231.7109375,whole_file,0.9999519232374358,0,3,True,"{""direct_bypass"": 1}",top2,v3,"[""raw|default|identity""]",14.146700006676838,1.0,1_10MiB,C:\Users\ss\Desktop\XAI\XAI\engines\XAI-Compress\checkpoints\phase_j_v1_256.pt,1a26220d1e9b364d612d,d5775fd5f77bf27e075a031d5ab07616cfe43df73d2e23892ec20efa00dcfb85,PASS,end_to_end_artifact,False
True,8.000384632592404,hybrid-v3-final-140-v1,0.0,model,1,True,1497605,1,26.658662572350355,53.57203333793829,20.23723814300493,70.57083333105159,0.04680000711232424,,0.0,25.219520707234217,56.629099999554455,72,hybrid_v3_top3,0.0,1497533,61.36550000519492,231.7109375,whole_file,0.9999519232374358,0,3,True,"{""direct_bypass"": 1}",top3,v3,"[""raw|default|identity""]",18.86840001679957,1.0,1_10MiB,C:\Users\ss\Desktop\XAI\XAI\engines\XAI-Compress\checkpoints\phase_j_v1_256.pt,1a26220d1e9b364d612d,d5775fd5f77bf27e075a031d5ab07616cfe43df73d2e23892ec20efa00dcfb85,PASS,end_to_end_artifact,False
True,7.91842358455032,hybrid-v3-final-140-v1,123.4738000202924,model,114,True,29366043,1,7.735647276662219,3657.6328999944963,110.24594200513721,256.6457999928389,309.9540002294816,,1.504399988334626,7.735647276662219,3657.6328999944963,1659,hybrid_v2,1.8703999812714756,29668575,3657.6328999944963,231.7109375,adaptive_chunks,1.0103021030106099,0,1,True,"{""direct_bypass"": 112, ""top_3_microbenchmark"": 2}",confidence,v2,"[""raw|default|identity"", ""zstd|9|identity""]",733.805099996971,0.9887832228309617,gt_10MiB,C:\Users\ss\Desktop\XAI\XAI\engines\XAI-Compress\checkpoints\model_search\residual-scale-depth-3c28504154\preflight.pt,9ace52ebc2064c6576de,9435ed6b438cfc1b3c0fff31c6d139431d7cab1bded5dfd4bc1f04bc8032a04e,PASS,end_to_end_artifact,False
True,7.3375859811264945,hybrid-v3-final-140-v1,7.480699918232858,model,114,True,27211965,1,2.146324778564352,13182.60790000204,57.171568876973375,494.8990999837406,8329.042400087928,,121.45940007758327,2.146324778564352,13182.60790000204,1665,hybrid_v3_confidence,496.0515999700874,29668575,13182.60790000204,231.7109375,adaptive_chunks,1.0902768322684524,0,1,True,"{""direct_bypass"": 1, ""top_3_microbenchmark"": 113}",confidence,v3,"[""raw|default|identity"", ""deflate|9|identity"", ""zstd|9|identity"", ""zstd|6|identity""]",9383.728400018299,0.45410519845317865,gt_10MiB,C:\Users\ss\Desktop\XAI\XAI\engines\XAI-Compress\checkpoints\model_search\residual-scale-depth-3c28504154\preflight.pt,9ace52ebc2064c6576de,9435ed6b438cfc1b3c0fff31c6d139431d7cab1bded5dfd4bc1f04bc8032a04e,PASS,end_to_end_artifact,False
True,7.8982867225675655,hybrid-v3-final-140-v1,8.563899667933583,model,114,True,29291364,1,14.513049480101316,1949.5667000010144,40.11033894089441,705.4080999805592,157.74950006743893,,134.62350034387782,14.513049480101316,1949.5667000010144,1662,hybrid_v3_top2,328.02559979609214,29668575,1949.5667000010144,231.7109375,adaptive_chunks,1.0128778912446685,0,1,True,"{""direct_bypass"": 1, ""top_2_microbenchmark"": 113}",top2,v3,"[""raw|default|identity"", ""zstd|1|identity"", ""zstd|6|identity""]",1039.4797000044491,0.45410519845317865,gt_10MiB,C:\Users\ss\Desktop\XAI\XAI\engines\XAI-Compress\checkpoints\model_search\residual-scale-depth-3c28504154\preflight.pt,9ace52ebc2064c6576de,9435ed6b438cfc1b3c0fff31c6d139431d7cab1bded5dfd4bc1f04bc8032a04e,PASS,end_to_end_artifact,False
True,7.33758355431631,hybrid-v3-final-140-v1,11.8008999270387,model,114,True,27211956,1,5.599076239078585,5053.361800004495,32.870802553833904,860.7686999894213,281.79569996427745,,267.74369992199354,5.599076239078585,5053.361800004495,1665,hybrid_v3_top3,828.4755999338813,29668575,5053.361800004495,231.7109375,adaptive_chunks,1.0902771928633135,0,1,True,"{""direct_bypass"": 1, ""top_3_microbenchmark"": 113}",top3,v3,"[""raw|default|identity"", ""deflate|9|identity"", ""zstd|9|identity"", ""zstd|6|identity""]",2042.0916999864858,0.45410519845317865,gt_10MiB,C:\Users\ss\Desktop\XAI\XAI\engines\XAI-Compress\checkpoints\model_search\residual-scale-depth-3c28504154\preflight.pt,9ace52ebc2064c6576de,9435ed6b438cfc1b3c0fff31c6d139431d7cab1bded5dfd4bc1f04bc8032a04e,PASS,end_to_end_artifact,False
True,7.796369397914254,hybrid-v3-final-140-v1,131.1327999283094,model,114,True,28923438,1,4.5064544665295445,6280.765700008487,87.52411102053102,323.3849999960512,3102.881699887803,,39.91920000407845,4.5064544665295445,6280.765700008487,1662,hybrid_v2,159.82870000880212,29678879,6280.765700008487,231.7109375,adaptive_chunks,1.0261186446784092,0,1,True,"{""direct_bypass"": 84, ""top_3_microbenchmark"": 30}",confidence,v2,"[""raw|default|identity"", ""zstd|6|identity"", ""deflate|9|identity""]",3769.86170001328,0.8346728461986681,gt_10MiB,C:\Users\ss\Desktop\XAI\XAI\engines\XAI-Compress\results\model_search\imports\auto\residual-scale-depth-3c28504154\v1\results\model_search\residual_scale_depth\short_screen.pt,43a808afe4de5b474271,989ec35dfeb8ed0d723b5ee89608d0ef8ffbfc9dbf86e3bc168d6c6b8884f1af,PASS,end_to_end_artifact,False
True,7.37802906908984,hybrid-v3-final-140-v1,7.251799950608984,model,114,True,27371454,1,2.3800921265369848,11891.970199998468,53.48096910963009,529.2346999922302,7181.173299846705,,103.49829998449422,2.3800921265369848,11891.970199998468,1665,hybrid_v3_confidence,430.03809987567365,29678879,11891.970199998468,231.7109375,adaptive_chunks,1.084300417507963,0,1,True,"{""direct_bypass"": 1, ""top_3_microbenchmark"": 113}",confidence,v3,"[""raw|default|identity"", ""deflate|9|identity"", ""zstd|6|identity"", ""zstd|9|identity""]",8069.4796000025235,0.4425798923264118,gt_10MiB,C:\Users\ss\Desktop\XAI\XAI\engines\XAI-Compress\results\model_search\imports\auto\residual-scale-depth-3c28504154\v1\results\model_search\residual_scale_depth\short_screen.pt,43a808afe4de5b474271,989ec35dfeb8ed0d723b5ee89608d0ef8ffbfc9dbf86e3bc168d6c6b8884f1af,PASS,end_to_end_artifact,False
True,7.992219113127555,hybrid-v3-final-140-v1,12.595200270880014,model,114,True,29650013,1,16.494825836699256,1715.9310999850277,79.50510584284756,356.0021000157576,216.88589992118068,,192.8900997445453,16.494825836699256,1715.9310999850277,1659,hybrid_v3_top2,334.6806000045035,29678879,1715.9310999850277,231.7109375,adaptive_chunks,1.000973557751897,0,1,True,"{""direct_bypass"": 1, ""top_2_microbenchmark"": 113}",top2,v3,"[""raw|default|identity"", ""zstd|6|identity""]",1281.1844000243582,0.4425798923264118,gt_10MiB,C:\Users\ss\Desktop\XAI\XAI\engines\XAI-Compress\results\model_search\imports\auto\residual-scale-depth-3c28504154\v1\results\model_search\residual_scale_depth\short_screen.pt,43a808afe4de5b474271,989ec35dfeb8ed0d723b5ee89608d0ef8ffbfc9dbf86e3bc168d6c6b8884f1af,PASS,end_to_end_artifact,False
True,7.37802906908984,hybrid-v3-final-140-v1,6.27719983458519,model,114,True,27371454,1,7.1231654056160005,3973.5122000274714,28.04958333610756,1009.0696999977808,122.75679997401312,,106.43320021335967,7.1231654056160005,3973.5122000274714,1665,hybrid_v3_top3,415.9776001761202,29678879,3973.5122000274714,231.7109375,adaptive_chunks,1.084300417507963,0,1,True,"{""direct_bypass"": 1, ""top_3_microbenchmark"": 113}",top3,v3,"[""raw|default|identity"", ""deflate|9|identity"", ""zstd|6|identity"", ""zstd|9|identity""]",982.1993999939878,0.4425798923264118,gt_10MiB,C:\Users\ss\Desktop\XAI\XAI\engines\XAI-Compress\results\model_search\imports\auto\residual-scale-depth-3c28504154\v1\results\model_search\residual_scale_depth\short_screen.pt,43a808afe4de5b474271,989ec35dfeb8ed0d723b5ee89608d0ef8ffbfc9dbf86e3bc168d6c6b8884f1af,PASS,end_to_end_artifact,False
True,12.63551401869159,hybrid-v3-final-140-v1,0.0,source_code,1,True,169,1,0.004514218283271747,22.604833318231005,0.002401537083571042,42.49076666504455,0.028600014047697186,,0.0,0.00617261196738257,16.53159997658804,62,hybrid_v2,0.0,107,35.3482999780681,231.7109375,whole_file,0.6331360946745562,0,3,True,"{""direct_bypass"": 1}",confidence,v2,"[""raw|default|identity""]",1.8460999999660999,1.0,lt_16KiB,C:\Users\ss\Desktop\XAI\XAI\apps\web_angular\SETUP_WINDOWS.bat,a208d145692f560be957,163b91ecdd2a140b99e8071d4b150abdeac0050138b60bc483286c1f6d9ad345,PASS,end_to_end_artifact,False
True,11.36448598130841,hybrid-v3-final-140-v1,0.0,source_code,1,True,152,1,0.00683558125304711,14.928233324705312,0.005214246515921236,19.57006665179506,0.023200002033263445,,0.0,0.006718580997773709,15.188199991825968,62,hybrid_v3_confidence,0.0,107,16.23809998272918,231.7109375,whole_file,0.7039473684210527,0,3,True,"{""small_file_rule_direct"": 1}",confidence,v3,"[""brotli|1|identity""]",0.9958000155165792,1.0,lt_16KiB,C:\Users\ss\Desktop\XAI\XAI\apps\web_angular\SETUP_WINDOWS.bat,a208d145692f560be957,163b91ecdd2a140b99e8071d4b150abdeac0050138b60bc483286c1f6d9ad345,PASS,end_to_end_artifact,False
True,11.36448598130841,hybrid-v3-final-140-v1,0.0,source_code,1,True,152,1,0.005240731259694387,19.47116667482381,0.004277032485012333,23.85840000351891,0.039099977584555745,,0.0,0.005502461680291361,18.54499999899417,62,hybrid_v3_top2,0.0,107,23.526900011347607,231.7109375,whole_file,0.7039473684210527,0,3,True,"{""small_file_rule_direct"": 1}",top2,v3,"[""brotli|1|identity""]",1.7943000129889697,1.0,lt_16KiB,C:\Users\ss\Desktop\XAI\XAI\apps\web_angular\SETUP_WINDOWS.bat,a208d145692f560be957,163b91ecdd2a140b99e8071d4b150abdeac0050138b60bc483286c1f6d9ad345,PASS,end_to_end_artifact,False
True,11.36448598130841,hybrid-v3-final-140-v1,0.0,source_code,1,True,152,1,0.006533660919624914,15.618066672080507,0.004888060539963838,20.876000004742917,0.03399999695830047,,0.0,0.006731611463318163,15.158800000790507,62,hybrid_v3_top3,0.0,107,16.8415000080131,231.7109375,whole_file,0.7039473684210527,0,3,True,"{""small_file_rule_direct"": 1}",top3,v3,"[""brotli|1|identity""]",1.119199994718656,1.0,lt_16KiB,C:\Users\ss\Desktop\XAI\XAI\apps\web_angular\SETUP_WINDOWS.bat,a208d145692f560be957,163b91ecdd2a140b99e8071d4b150abdeac0050138b60bc483286c1f6d9ad345,PASS,end_to_end_artifact,False
True,12.389380530973451,hybrid-v3-final-140-v1,0.0,source_code,1,True,175,1,0.005072425326347166,21.245299993703764,0.0021244093774227197,50.72713333841724,0.026699999580159783,,0.0,0.005360145921671606,20.104900002479553,62,hybrid_v2,0.0,113,25.246799981687218,231.7109375,whole_file,0.6457142857142857,0,3,True,"{""direct_bypass"": 1}",confidence,v2,"[""raw|default|identity""]",1.267400017241016,1.0,lt_16KiB,C:\Users\ss\Desktop\XAI\XAI\apps\public_nextjs\.next\server\next-font-manifest.js,79bb325c3295747efea3,a464413ee75e1016f3e46f43acd014660ae511a62f634896d1cd75eed7a6e47d,PASS,end_to_end_artifact,False
True,12.389380530973451,hybrid-v3-final-140-v1,0.0,source_code,1,True,175,1,0.006366028872775233,16.928166665214423,0.005654601021452369,19.057966662027564,0.03399999695830047,,0.0,0.006406396441812385,16.821500001242384,62,hybrid_v3_confidence,0.0,113,17.8031999967061,231.7109375,whole_file,0.6457142857142857,0,3,True,"{""small_file_rule_direct"": 1}",confidence,v3,"[""brotli|1|identity""]",1.1798999912571162,1.0,lt_16KiB,C:\Users\ss\Desktop\XAI\XAI\apps\public_nextjs\.next\server\next-font-manifest.js,79bb325c3295747efea3,a464413ee75e1016f3e46f43acd014660ae511a62f634896d1cd75eed7a6e47d,PASS,end_to_end_artifact,False
True,12.389380530973451,hybrid-v3-final-140-v1,0.0,source_code,1,True,175,1,0.00624683534822068,17.25116667027275,0.005786465127770928,18.623666672889765,0.032199983252212405,,0.0,0.0061121526926267615,17.63129999744706,62,hybrid_v3_top2,0.0,113,18.082299997331575,231.7109375,whole_file,0.6457142857142857,0,3,True,"{""small_file_rule_direct"": 1}",top2,v3,"[""brotli|1|identity""]",1.1132999788969755,1.0,lt_16KiB,C:\Users\ss\Desktop\XAI\XAI\apps\public_nextjs\.next\server\next-font-manifest.js,79bb325c3295747efea3,a464413ee75e1016f3e46f43acd014660ae511a62f634896d1cd75eed7a6e47d,PASS,end_to_end_artifact,False
True,12.389380530973451,hybrid-v3-final-140-v1,0.0,source_code,1,True,175,1,0.006150981609076897,17.51999999396503,0.00194456613765906,55.418633322309084,0.0591999851167202,,0.0,0.006771680322813548,15.914099989458919,62,hybrid_v3_top3,0.0,113,21.060400002170354,231.7109375,whole_file,0.6457142857142857,0,3,True,"{""small_file_rule_direct"": 1}",top3,v3,"[""brotli|1|identity""]",1.5248999989125878,1.0,lt_16KiB,C:\Users\ss\Desktop\XAI\XAI\apps\public_nextjs\.next\server\next-font-manifest.js,79bb325c3295747efea3,a464413ee75e1016f3e46f43acd014660ae511a62f634896d1cd75eed7a6e47d,PASS,end_to_end_artifact,False
True,12.030075187969924,hybrid-v3-final-140-v1,0.0,source_code,1,True,200,1,0.007178654213031535,17.668866659126554,0.002667463383130432,47.55029999068938,0.024200009647756815,,0.0,0.006859890219631789,18.489899986889213,67,hybrid_v2,0.0,133,19.101699988823384,231.7109375,whole_file,0.665,0,3,True,"{""direct_bypass"": 1}",confidence,v2,"[""raw|default|identity""]",1.2264000251889229,1.0,lt_16KiB,C:\Users\ss\Desktop\XAI\XAI\engines\XAI-Compress\results\model_search\imports\auto\lr-0-0002-f316e33308\v1\XAI-Compress\scripts\kaggle\update_kaggle.ps1,bb914fd114f4206a6405,0f70ab56771161c148a99485db582812585e89a4a3eb060725535b25301f5763,PASS,end_to_end_artifact,False
True,12.270676691729323,hybrid-v3-final-140-v1,0.0,source_code,1,True,204,1,0.006036411308057567,21.012266661273316,0.002386949627375079,53.13840000114093,0.036699988413602114,,0.0,0.00607837583219881,20.867199986241758,67,hybrid_v3_confidence,0.0,133,21.728699997765943,231.7109375,whole_file,0.6519607843137255,0,3,True,"{""small_file_rule_direct"": 1}",confidence,v3,"[""brotli|1|identity""]",1.4344000082928687,1.0,lt_16KiB,C:\Users\ss\Desktop\XAI\XAI\engines\XAI-Compress\results\model_search\imports\auto\lr-0-0002-f316e33308\v1\XAI-Compress\scripts\kaggle\update_kaggle.ps1,bb914fd114f4206a6405,0f70ab56771161c148a99485db582812585e89a4a3eb060725535b25301f5763,PASS,end_to_end_artifact,False
True,12.270676691729323,hybrid-v3-final-140-v1,0.0,source_code,1,True,204,1,0.006385129603629072,19.864700007019565,0.005911681987837794,21.45560000402232,0.04270000499673188,,0.0,0.0062711021081384545,20.225899992510676,67,hybrid_v3_top2,0.0,133,21.509100013645366,231.7109375,whole_file,0.6519607843137255,0,3,True,"{""small_file_rule_direct"": 1}",top2,v3,"[""brotli|1|identity""]",2.3376999888569117,1.0,lt_16KiB,C:\Users\ss\Desktop\XAI\XAI\engines\XAI-Compress\results\model_search\imports\auto\lr-0-0002-f316e33308\v1\XAI-Compress\scripts\kaggle\update_kaggle.ps1,bb914fd114f4206a6405,0f70ab56771161c148a99485db582812585e89a4a3eb060725535b25301f5763,PASS,end_to_end_artifact,False
True,12.270676691729323,hybrid-v3-final-140-v1,0.0,source_code,1,True,204,1,0.006876191350591005,18.44606666903322,0.003263095154917014,38.87066667084582,0.035200006095692515,,0.0,0.007075208845455274,17.9272000095807,67,hybrid_v3_top3,0.0,133,20.685199997387826,231.7109375,whole_file,0.6519607843137255,0,3,True,"{""small_file_rule_direct"": 1}",top3,v3,"[""brotli|1|identity""]",1.3549999857787043,1.0,lt_16KiB,C:\Users\ss\Desktop\XAI\XAI\engines\XAI-Compress\results\model_search\imports\auto\lr-0-0002-f316e33308\v1\XAI-Compress\scripts\kaggle\update_kaggle.ps1,bb914fd114f4206a6405,0f70ab56771161c148a99485db582812585e89a4a3eb060725535b25301f5763,PASS,end_to_end_artifact,False
True,10.17004048582996,hybrid-v3-final-140-v1,0.0,source_code,1,True,314,1,0.006134290059893336,38.40013332470941,0.002924944230143161,80.5340333414885,0.020199979189783335,,0.0,0.011560766612171855,20.375599997350946,67,hybrid_v2,0.0,247,76.89959998242557,231.7109375,whole_file,0.7866242038216561,0,3,True,"{""direct_bypass"": 1}",confidence,v2,"[""raw|default|identity""]",1.029900013236329,1.0,lt_16KiB,C:\Users\ss\Desktop\XAI\XAI\apps\mobile_authenticator_flutter\SETUP_WINDOWS.bat,f6d794d2819bbe2fb86d,654652a218ec1d4fd76cc9c199ab7556a82d59fcd12a971d2fdc2db978a5e4a9,PASS,end_to_end_artifact,False
True,8.194331983805668,hybrid-v3-final-140-v1,0.0,source_code,1,True,253,1,0.011396438992710346,20.66940000319543,0.004839597260536057,48.672966668770336,0.04010001430287957,,0.0,0.010936936741888462,21.537799999350682,67,hybrid_v3_confidence,0.0,247,21.69679998769425,231.7109375,whole_file,0.9762845849802372,0,3,True,"{""small_file_rule_direct"": 1}",confidence,v3,"[""brotli|1|identity""]",1.4714999997522682,1.0,lt_16KiB,C:\Users\ss\Desktop\XAI\XAI\apps\mobile_authenticator_flutter\SETUP_WINDOWS.bat,f6d794d2819bbe2fb86d,654652a218ec1d4fd76cc9c199ab7556a82d59fcd12a971d2fdc2db978a5e4a9,PASS,end_to_end_artifact,False
True,8.194331983805668,hybrid-v3-final-140-v1,0.0,source_code,1,True,253,1,0.01327147129863841,17.749166678792488,0.010114990259298849,23.287966682498034,0.03819999983534217,,0.0,0.012552692756012018,18.765500019071624,67,hybrid_v3_top2,0.0,247,20.06239999900572,231.7109375,whole_file,0.9762845849802372,0,3,True,"{""small_file_rule_direct"": 1}",top2,v3,"[""brotli|1|identity""]",1.875399990240112,1.0,lt_16KiB,C:\Users\ss\Desktop\XAI\XAI\apps\mobile_authenticator_flutter\SETUP_WINDOWS.bat,f6d794d2819bbe2fb86d,654652a218ec1d4fd76cc9c199ab7556a82d59fcd12a971d2fdc2db978a5e4a9,PASS,end_to_end_artifact,False
True,8.194331983805668,hybrid-v3-final-140-v1,0.0,source_code,1,True,253,1,0.014491390724381307,16.254999994998798,0.011954626968351787,19.70429999831443,0.03689998993650079,,0.0,0.014369749534788517,16.39259999501519,67,hybrid_v3_top3,0.0,247,17.595000012079254,231.7109375,whole_file,0.9762845849802372,0,3,True,"{""small_file_rule_direct"": 1}",top3,v3,"[""brotli|1|identity""]",1.549500011606142,1.0,lt_16KiB,C:\Users\ss\Desktop\XAI\XAI\apps\mobile_authenticator_flutter\SETUP_WINDOWS.bat,f6d794d2819bbe2fb86d,654652a218ec1d4fd76cc9c199ab7556a82d59fcd12a971d2fdc2db978a5e4a9,PASS,end_to_end_artifact,False
True,10.11023622047244,hybrid-v3-final-140-v1,0.0,source_code,1,True,321,1,0.012529761061395313,19.332633334367227,0.005871235376321244,41.25763333286159,0.02230002428404987,,0.0,0.012120572442737995,19.98529999400489,67,hybrid_v2,0.0,254,20.84620000096038,231.7109375,whole_file,0.7912772585669782,0,3,True,"{""direct_bypass"": 1}",confidence,v2,"[""raw|default|identity""]",1.189600006910041,1.0,lt_16KiB,C:\Users\ss\Desktop\XAI\XAI\apps\web_angular\src\app\core\auth.guard.ts,e04070013dcbd69ecb20,91a6eb959ffc25a91d5c84d9ada255abf52b0399bebc79f78a82e0d948a20fa9,PASS,end_to_end_artifact,False
True,8.220472440944881,hybrid-v3-final-140-v1,0.0,source_code,1,True,261,1,0.012218761258850777,19.824700003179412,0.00581918970950227,41.62663333894064,0.04800001624971628,,0.0,0.012115722587417272,19.993299996713176,67,hybrid_v3_confidence,0.0,254,21.290300006512552,231.7109375,whole_file,0.9731800766283525,0,3,True,"{""small_file_rule_direct"": 1}",confidence,v3,"[""brotli|1|identity""]",1.7305999936070293,1.0,lt_16KiB,C:\Users\ss\Desktop\XAI\XAI\apps\web_angular\src\app\core\auth.guard.ts,e04070013dcbd69ecb20,91a6eb959ffc25a91d5c84d9ada255abf52b0399bebc79f78a82e0d948a20fa9,PASS,end_to_end_artifact,False
True,8.220472440944881,hybrid-v3-final-140-v1,0.0,source_code,1,True,261,1,0.013816610531442508,17.53203333161461,0.011872085136255454,20.403600006829947,0.03899997682310641,,0.0,0.013808052058324773,17.542899993713945,67,hybrid_v3_top2,0.0,254,17.852599994512275,231.7109375,whole_file,0.9731800766283525,0,3,True,"{""small_file_rule_direct"": 1}",top2,v3,"[""brotli|1|identity""]",1.68599997414276,1.0,lt_16KiB,C:\Users\ss\Desktop\XAI\XAI\apps\web_angular\src\app\core\auth.guard.ts,e04070013dcbd69ecb20,91a6eb959ffc25a91d5c84d9ada255abf52b0399bebc79f78a82e0d948a20fa9,PASS,end_to_end_artifact,False
True,8.220472440944881,hybrid-v3-final-140-v1,0.0,source_code,1,True,261,1,0.01131843048165044,21.401666667467605,0.011360897824373172,21.321666659787297,0.04529999569058418,,0.0,0.011234007028418827,21.562499983701855,67,hybrid_v3_top3,0.0,254,21.58120000967756,231.7109375,whole_file,0.9731800766283525,0,3,True,"{""small_file_rule_direct"": 1}",top3,v3,"[""brotli|1|identity""]",1.6553000023122877,1.0,lt_16KiB,C:\Users\ss\Desktop\XAI\XAI\apps\web_angular\src\app\core\auth.guard.ts,e04070013dcbd69ecb20,91a6eb959ffc25a91d5c84d9ada255abf52b0399bebc79f78a82e0d948a20fa9,PASS,end_to_end_artifact,False
True,6.895522388059701,hybrid-v3-final-140-v1,393.556199996965,source_code,1,True,231,2,0.0005756770826090621,443.9723666582722,0.004785597351608902,53.407066666598745,10.634200007189065,,3.4442000032868236,0.0005736701029098797,445.52559999283403,67,hybrid_v2,4.395800002384931,268,484.04449998633936,231.7109375,whole_file,1.1601731601731602,0,3,True,"{""top_3_microbenchmark"": 1}",confidence,v2,"[""brotli|4|identity""]",415.0145000021439,0.3258382578732001,lt_16KiB,C:\Users\ss\Desktop\XAI\XAI\apps\public_nextjs\next-env.d.ts,bde3693e1919277f0d4f,f4e8976c19fc926644d72610bf1058bd6bf52add97e46a02bc0b912a751625c0,PASS,end_to_end_artifact,False
True,6.895522388059701,hybrid-v3-final-140-v1,0.06630001007579267,source_code,1,True,231,1,0.01162083251451196,21.993666673855234,0.014716405323305424,17.367333338673536,7.314499991480261,,1.06819998472929,0.012184277563749634,20.97660000436008,67,hybrid_v3_confidence,2.1132999972905964,268,29.259800008730963,231.7109375,whole_file,1.1601731601731602,0,3,True,"{""top_3_microbenchmark"": 1}",confidence,v3,"[""brotli|4|identity""]",12.392399978125468,0.3258382578732001,lt_16KiB,C:\Users\ss\Desktop\XAI\XAI\apps\public_nextjs\next-env.d.ts,bde3693e1919277f0d4f,f4e8976c19fc926644d72610bf1058bd6bf52add97e46a02bc0b912a751625c0,PASS,end_to_end_artifact,False
True,6.895522388059701,hybrid-v3-final-140-v1,0.09670003782957792,source_code,1,True,231,1,0.010780329224414936,23.708433339682717,0.013896792755129391,18.391633328671258,0.3744999994523823,,1.9922999781556427,0.011414516270336069,22.391200007405132,67,hybrid_v3_top2,3.499799990095198,268,27.14869999908842,231.7109375,whole_file,1.1601731601731602,0,3,True,"{""top_2_microbenchmark"": 1}",top2,v3,"[""brotli|4|identity""]",8.419799996772781,0.3258382578732001,lt_16KiB,C:\Users\ss\Desktop\XAI\XAI\apps\public_nextjs\next-env.d.ts,bde3693e1919277f0d4f,f4e8976c19fc926644d72610bf1058bd6bf52add97e46a02bc0b912a751625c0,PASS,end_to_end_artifact,False
True,6.895522388059701,hybrid-v3-final-140-v1,0.10919995838776231,source_code,1,True,231,2,0.008593990907306892,29.739933350356296,0.006137440709002378,41.64353334150898,0.3529000096023083,,1.8446000176481903,0.010050005961517056,25.431300018681213,67,hybrid_v3_top3,3.261300007579848,268,42.29710000799969,231.7109375,whole_file,1.1601731601731602,0,3,True,"{""top_3_microbenchmark"": 1}",top3,v3,"[""brotli|4|identity""]",7.881800003815442,0.3258382578732001,lt_16KiB,C:\Users\ss\Desktop\XAI\XAI\apps\public_nextjs\next-env.d.ts,bde3693e1919277f0d4f,f4e8976c19fc926644d72610bf1058bd6bf52add97e46a02bc0b912a751625c0,PASS,end_to_end_artifact,False
True,5.204081632653061,hybrid-v3-final-140-v1,448.4537999960594,source_code,1,True,255,2,0.0006919237421676553,540.2912333374843,0.006851527139400758,54.563066660193726,12.583699979586527,,2.5622000102885067,0.0007477454188300757,499.9566999904346,67,hybrid_v2,3.830100002232939,392,647.7436000132002,231.7109375,whole_file,1.5372549019607844,0,3,True,"{""top_3_microbenchmark"": 1}",confidence,v2,"[""deflate|9|identity""]",470.21670002141036,0.3582734741959811,lt_16KiB,C:\Users\ss\Desktop\XAI\XAI\apps\web_angular\src\app\app.config.ts,3751e5d534b30709cc70,45ffaad4aeaab69c287b21b96deb8cddfa8cb6f9ca270a24dd4169e7dc88eb3c,PASS,end_to_end_artifact,False
True,5.204081632653061,hybrid-v3-final-140-v1,0.05340002826415002,source_code,1,True,255,1,0.018711788712874503,19.97886667959392,0.02794559486980204,13.377433322602883,4.903399996692315,,0.8713999995961785,0.019907148967602477,18.77920000697486,67,hybrid_v3_confidence,1.8533999973442405,392,22.38830001442693,231.7109375,whole_file,1.5372549019607844,0,3,True,"{""top_3_microbenchmark"": 1}",confidence,v3,"[""deflate|9|identity""]",8.90010001603514,0.3582734741959811,lt_16KiB,C:\Users\ss\Desktop\XAI\XAI\apps\web_angular\src\app\app.config.ts,3751e5d534b30709cc70,45ffaad4aeaab69c287b21b96deb8cddfa8cb6f9ca270a24dd4169e7dc88eb3c,PASS,end_to_end_artifact,False
True,5.204081632653061,hybrid-v3-final-140-v1,0.06959997699595988,source_code,1,True,255,1,0.022406937447393242,16.684133336336043,0.02629370079994785,14.217866662268838,0.3581999917514622,,1.5248999989125878,0.022050663372990005,16.953700018348172,67,hybrid_v3_top2,2.8716000088024884,392,17.807700001867488,231.7109375,whole_file,1.5372549019607844,0,3,True,"{""top_2_microbenchmark"": 1}",top2,v3,"[""deflate|9|identity""]",7.108999998308718,0.3582734741959811,lt_16KiB,C:\Users\ss\Desktop\XAI\XAI\apps\web_angular\src\app\app.config.ts,3751e5d534b30709cc70,45ffaad4aeaab69c287b21b96deb8cddfa8cb6f9ca270a24dd4169e7dc88eb3c,PASS,end_to_end_artifact,False
True,5.204081632653061,hybrid-v3-final-140-v1,0.0866000191308558,source_code,1,True,255,1,0.025062257716427554,14.916466675155485,0.028496678953388654,13.11873333179392,0.35320004099048674,,1.664999988861382,0.02741890599332343,13.634400005685166,67,hybrid_v3_top3,2.157499984605238,392,18.59720001812093,231.7109375,whole_file,1.5372549019607844,0,3,True,"{""top_3_microbenchmark"": 1}",top3,v3,"[""deflate|9|identity""]",5.841800011694431,0.3582734741959811,lt_16KiB,C:\Users\ss\Desktop\XAI\XAI\apps\web_angular\src\app\app.config.ts,3751e5d534b30709cc70,45ffaad4aeaab69c287b21b96deb8cddfa8cb6f9ca270a24dd4169e7dc88eb3c,PASS,end_to_end_artifact,False
True,4.943469785575049,hybrid-v3-final-140-v1,434.78859998867847,source_code,1,True,317,2,0.0009102519281535908,537.4719999866405,0.02142619065550397,22.833499999251217,12.444599997252226,,3.843800019240007,0.0008698252016715038,562.4519999837503,67,hybrid_v2,2.597699989564717,513,563.8392999826465,231.7109375,whole_file,1.6182965299684542,0,3,True,"{""top_3_microbenchmark"": 1}",confidence,v2,"[""deflate|9|identity""]",456.4472999772988,0.47825681093059064,lt_16KiB,C:\Users\ss\Desktop\XAI\XAI\apps\public_nextjs\.next\server\middleware-build-manifest.js,3227da1dbc2dfac8e17f,d7900bd9987dd29c4a92a21f79d974d36c0ed78d922c14856cf7943295ba71d6,PASS,end_to_end_artifact,False
True,4.943469785575049,hybrid-v3-final-140-v1,0.11889997404068708,source_code,1,True,317,1,0.01829770637825423,26.73750000152116,0.026576192375272187,18.408766666349646,12.795299990102649,,2.232500002719462,0.021404910893779622,22.856199997477233,67,hybrid_v3_confidence,1.8211000133305788,513,35.54960002657026,231.7109375,whole_file,1.6182965299684542,0,3,True,"{""top_3_microbenchmark"": 1}",confidence,v3,"[""deflate|9|identity""]",19.396600022446364,0.47825681093059064,lt_16KiB,C:\Users\ss\Desktop\XAI\XAI\apps\public_nextjs\.next\server\middleware-build-manifest.js,3227da1dbc2dfac8e17f,d7900bd9987dd29c4a92a21f79d974d36c0ed78d922c14856cf7943295ba71d6,PASS,end_to_end_artifact,False
True,4.943469785575049,hybrid-v3-final-140-v1,0.10109998402185738,source_code,1,True,317,1,0.02274199643445202,21.512400009669363,0.02302263939631476,21.2501666683238,0.451300002168864,,1.9994000031147152,0.021915494471676324,22.323700017295778,67,hybrid_v3_top2,1.2189999979455024,513,23.415800009388477,231.7109375,whole_file,1.6182965299684542,0,3,True,"{""top_2_microbenchmark"": 1}",top2,v3,"[""deflate|9|identity""]",5.888799991225824,0.47825681093059064,lt_16KiB,C:\Users\ss\Desktop\XAI\XAI\apps\public_nextjs\.next\server\middleware-build-manifest.js,3227da1dbc2dfac8e17f,d7900bd9987dd29c4a92a21f79d974d36c0ed78d922c14856cf7943295ba71d6,PASS,end_to_end_artifact,False
True,4.95906432748538,hybrid-v3-final-140-v1,0.125400023534894,source_code,1,True,318,2,0.02058174437891395,23.770333325956017,0.023330192969788985,20.970033336197957,0.5549000052269548,,2.475899993441999,0.02135930689870044,22.904999990714714,67,hybrid_v3_top3,2.0658000139519572,513,25.654299999587238,231.7109375,whole_file,1.6132075471698113,0,3,True,"{""top_3_microbenchmark"": 1}",top3,v3,"[""deflate|6|identity""]",7.810600014636293,0.47825681093059064,lt_16KiB,C:\Users\ss\Desktop\XAI\XAI\apps\public_nextjs\.next\server\middleware-build-manifest.js,3227da1dbc2dfac8e17f,d7900bd9987dd29c4a92a21f79d974d36c0ed78d922c14856cf7943295ba71d6,PASS,end_to_end_artifact,False
True,5.708260105448154,hybrid-v3-final-140-v1,751.411300007021,source_code,1,True,406,2,0.001013605350871489,535.3569666622207,0.010021096146191536,54.14983332351161,15.029999980470166,,3.5454999888315797,0.001307795127826569,414.9279000121169,67,hybrid_v2,2.2638000082224607,569,808.6034999869298,231.7109375,whole_file,1.4014778325123152,0,3,True,"{""top_3_microbenchmark"": 1}",confidence,v2,"[""deflate|6|identity""]",775.2858999883756,0.4396547065275695,lt_16KiB,C:\Users\ss\Desktop\XAI\XAI\apps\web_angular\.angular\cache\20.3.28\xai-web\vite\deps\chunk-N2L2W5DK.js,e82ab03d226a655e5c2f,cc17dc1f9700b9c67043b7391a430658eb888a715aaa9cb188103677aaca442e,PASS,end_to_end_artifact,False
True,5.708260105448154,hybrid-v3-final-140-v1,0.1265000319108367,source_code,1,True,406,1,0.01719244908947185,31.562733337826405,0.021173990869780304,25.627700010469805,13.428600010229275,,2.375599986407906,0.01616363442519732,33.57170001254417,67,hybrid_v3_confidence,2.138199983164668,569,38.705999992089346,231.7109375,whole_file,1.4014778325123152,0,3,True,"{""top_3_microbenchmark"": 1}",confidence,v3,"[""deflate|6|identity""]",20.377200009534135,0.4396547065275695,lt_16KiB,C:\Users\ss\Desktop\XAI\XAI\apps\web_angular\.angular\cache\20.3.28\xai-web\vite\deps\chunk-N2L2W5DK.js,e82ab03d226a655e5c2f,cc17dc1f9700b9c67043b7391a430658eb888a715aaa9cb188103677aaca442e,PASS,end_to_end_artifact,False
True,5.708260105448154,hybrid-v3-final-140-v1,0.11359999189153314,source_code,1,True,406,1,0.02443039866668938,22.211699998782326,0.02667106931738266,20.345666668921087,0.632000039331615,,2.370000001974404,0.02554613053725085,21.24159998493269,67,hybrid_v3_top2,1.2668999843299389,569,25.25700000114739,231.7109375,whole_file,1.4014778325123152,0,3,True,"{""top_2_microbenchmark"": 1}",top2,v3,"[""deflate|6|identity""]",6.772699998691678,0.4396547065275695,lt_16KiB,C:\Users\ss\Desktop\XAI\XAI\apps\web_angular\.angular\cache\20.3.28\xai-web\vite\deps\chunk-N2L2W5DK.js,e82ab03d226a655e5c2f,cc17dc1f9700b9c67043b7391a430658eb888a715aaa9cb188103677aaca442e,PASS,end_to_end_artifact,False
True,5.708260105448154,hybrid-v3-final-140-v1,0.12270003207959235,source_code,1,True,406,1,0.021620643892706102,25.098266671799745,0.014159032844311366,38.32469999906607,0.5643000185955316,,2.30679998639971,0.02091826398511109,25.940999999875203,67,hybrid_v3_top3,2.054100012173876,569,25.95770001062192,231.7109375,whole_file,1.4014778325123152,0,3,True,"{""top_3_microbenchmark"": 1}",top3,v3,"[""deflate|6|identity""]",7.500300009269267,0.4396547065275695,lt_16KiB,C:\Users\ss\Desktop\XAI\XAI\apps\web_angular\.angular\cache\20.3.28\xai-web\vite\deps\chunk-N2L2W5DK.js,e82ab03d226a655e5c2f,cc17dc1f9700b9c67043b7391a430658eb888a715aaa9cb188103677aaca442e,PASS,end_to_end_artifact,False
True,4.619718309859155,hybrid-v3-final-140-v1,437.7155000111088,source_code,1,True,410,1,0.0014875026235294654,455.19836667032604,0.022883026862261114,29.589999991003424,14.123300003120676,,2.965599996969104,0.00154823383277098,437.34269999549724,67,hybrid_v2,2.8289000038057566,710,500.48400001833215,231.7109375,whole_file,1.7317073170731707,0,3,True,"{""top_3_microbenchmark"": 1}",confidence,v2,"[""deflate|6|identity""]",459.9801999866031,0.49854570752798055,lt_16KiB,C:\Users\ss\Desktop\XAI\XAI\apps\mobile_authenticator_flutter\test\totp_service_test.dart,2dcc3b9b19cb845ad6a1,920a9a96e5749591c9cd8b055ff143b5dd82f36e0e441f6d70401258762ef07e,PASS,end_to_end_artifact,False
True,4.619718309859155,hybrid-v3-final-140-v1,0.1433999859727919,source_code,1,True,410,1,0.023897956409830362,28.3333333209157,0.03152485801412323,21.478566670945536,14.900800015311688,,2.3398000048473477,0.028113997660822704,24.084399978164583,67,hybrid_v3_confidence,2.1210999984759837,710,37.083599978359416,231.7109375,whole_file,1.7317073170731707,0,3,True,"{""top_3_microbenchmark"": 1}",confidence,v3,"[""deflate|6|identity""]",21.882800007006153,0.49854570752798055,lt_16KiB,C:\Users\ss\Desktop\XAI\XAI\apps\mobile_authenticator_flutter\test\totp_service_test.dart,2dcc3b9b19cb845ad6a1,920a9a96e5749591c9cd8b055ff143b5dd82f36e0e441f6d70401258762ef07e,PASS,end_to_end_artifact,False
True,4.619718309859155,hybrid-v3-final-140-v1,0.11520000407472253,source_code,1,True,410,1,0.024055733721092227,28.147499988942098,0.028201310498944882,24.009833325787138,0.6605999951716512,,2.4348000006284565,0.022801652919509918,29.6956000092905,67,hybrid_v3_top2,1.341900002444163,710,32.41729998262599,231.7109375,whole_file,1.7317073170731707,0,3,True,"{""top_2_microbenchmark"": 1}",top2,v3,"[""deflate|6|identity""]",7.534900010796264,0.49854570752798055,lt_16KiB,C:\Users\ss\Desktop\XAI\XAI\apps\mobile_authenticator_flutter\test\totp_service_test.dart,2dcc3b9b19cb845ad6a1,920a9a96e5749591c9cd8b055ff143b5dd82f36e0e441f6d70401258762ef07e,PASS,end_to_end_artifact,False
True,4.642253521126761,hybrid-v3-final-140-v1,0.11470000026747584,source_code,1,True,412,3,0.026002441011755556,26.04020000823463,0.007884478509613742,85.8787000082278,0.5670000100508332,,2.38389999140054,0.025533352611505057,26.518600003328174,67,hybrid_v3_top3,2.366000000620261,710,27.87320001516491,231.7109375,whole_file,1.7233009708737863,0,3,True,"{""top_3_microbenchmark"": 1}",top3,v3,"[""deflate|9|identity""]",8.263199997600168,0.49854570752798055,lt_16KiB,C:\Users\ss\Desktop\XAI\XAI\apps\mobile_authenticator_flutter\test\totp_service_test.dart,2dcc3b9b19cb845ad6a1,920a9a96e5749591c9cd8b055ff143b5dd82f36e0e441f6d70401258762ef07e,PASS,end_to_end_artifact,False
True,4.124373119358074,hybrid-v3-final-140-v1,425.4741000186186,source_code,1,True,514,1,0.001652249678944114,575.4658666749796,0.023084809674862018,41.18783333494017,16.89780000015162,,3.7976999883539975,0.001548308728290976,614.0980000200216,67,hybrid_v2,4.942800005665049,997,624.8039999918547,231.7109375,whole_file,1.9396887159533074,0,3,True,"{""top_3_microbenchmark"": 1}",confidence,v2,"[""deflate|9|identity""]",458.78120002453215,0.5496838958819519,lt_16KiB,C:\Users\ss\Desktop\XAI\XAI\apps\mobile_authenticator_flutter\lib\services\totp_service.dart,e6054482722e27c4eb52,56bb7d91b99883b6a6034fb0d9323ef5f64d98e5d83168c3b3e2bbc7adbb5961,PASS,end_to_end_artifact,False
True,4.124373119358074,hybrid-v3-final-140-v1,0.10699999984353781,source_code,1,True,514,1,0.03076912991186933,30.901533328384783,0.044970949659362075,21.142833332608763,17.66529999440536,,2.5634999910835177,0.03704938913244776,25.663400010671467,67,hybrid_v3_confidence,2.3754999856464565,997,41.96799997589551,231.7109375,whole_file,1.9396887159533074,0,3,True,"{""top_3_microbenchmark"": 1}",confidence,v3,"[""deflate|9|identity""]",25.303500005975366,0.5496838958819519,lt_16KiB,C:\Users\ss\Desktop\XAI\XAI\apps\mobile_authenticator_flutter\lib\services\totp_service.dart,e6054482722e27c4eb52,56bb7d91b99883b6a6034fb0d9323ef5f64d98e5d83168c3b3e2bbc7adbb5961,PASS,end_to_end_artifact,False
True,4.180541624874624,hybrid-v3-final-140-v1,0.11580003774724901,source_code,1,True,521,1,0.03858976797203581,24.63900001021102,0.012099401190729928,78.58349999878556,0.9456000116188079,,2.5927999813575298,0.038599637582066526,24.632700020447373,67,hybrid_v3_top2,1.3121000083629042,997,27.154200011864305,231.7109375,whole_file,1.9136276391554703,0,3,True,"{""top_2_microbenchmark"": 1}",top2,v3,"[""deflate|6|identity""]",7.727000018348917,0.5496838958819519,lt_16KiB,C:\Users\ss\Desktop\XAI\XAI\apps\mobile_authenticator_flutter\lib\services\totp_service.dart,e6054482722e27c4eb52,56bb7d91b99883b6a6034fb0d9323ef5f64d98e5d83168c3b3e2bbc7adbb5961,PASS,end_to_end_artifact,False
True,4.124373119358074,hybrid-v3-final-140-v1,0.11170000652782619,source_code,1,True,514,1,0.031119008356268754,30.554100007672485,0.04972292079590655,19.122233332988497,0.6359000108204782,,1.9447999948170036,0.028813484504608557,32.998899987433106,67,hybrid_v3_top3,2.1815000218339264,997,35.78500001458451,231.7109375,whole_file,1.9396887159533074,0,3,True,"{""top_3_microbenchmark"": 1}",top3,v3,"[""deflate|9|identity""]",7.035300019197166,0.5496838958819519,lt_16KiB,C:\Users\ss\Desktop\XAI\XAI\apps\mobile_authenticator_flutter\lib\services\totp_service.dart,e6054482722e27c4eb52,56bb7d91b99883b6a6034fb0d9323ef5f64d98e5d83168c3b3e2bbc7adbb5961,PASS,end_to_end_artifact,False
True,5.310410697230181,hybrid-v3-final-140-v1,374.5313999825157,source_code,1,True,695,1,0.00359821940502899,277.497533330461,0.03707644203708492,26.9307666652215,14.802499994402751,,1.4279000170063227,0.004210732991318048,237.13140000472777,67,hybrid_v2,1.7374000162817538,1047,423.52489999029785,231.7109375,whole_file,1.506474820143885,0,3,True,"{""top_3_microbenchmark"": 1}",confidence,v2,"[""deflate|6|identity""]",395.1649999944493,0.44540649817352007,lt_16KiB,C:\Users\ss\Desktop\XAI\XAI\apps\public_nextjs\app\pricing\page.tsx,ca528c2924b4d66a7016,87b6aa6f3f61cf2008b2ccfb1edf731dbdba519b7aa7cd203599234bd1302a90,PASS,end_to_end_artifact,False
True,5.310410697230181,hybrid-v3-final-140-v1,0.056999968364834785,source_code,1,True,695,2,0.06404480964668494,15.590599999995902,0.04489967847446092,22.23839998866121,7.999599998584017,,0.9009000204969198,0.0679554772044556,14.693400007672608,67,hybrid_v3_confidence,1.278500014450401,1047,20.306499995058402,231.7109375,whole_file,1.506474820143885,0,3,True,"{""top_3_microbenchmark"": 1}",confidence,v3,"[""deflate|6|identity""]",11.424399999668822,0.44540649817352007,lt_16KiB,C:\Users\ss\Desktop\XAI\XAI\apps\public_nextjs\app\pricing\page.tsx,ca528c2924b4d66a7016,87b6aa6f3f61cf2008b2ccfb1edf731dbdba519b7aa7cd203599234bd1302a90,PASS,end_to_end_artifact,False
True,5.310410697230181,hybrid-v3-final-140-v1,0.049200025387108326,source_code,1,True,695,1,0.07875348092889338,12.678766671645766,0.09436519573845643,10.581200001373267,0.301499996567145,,0.9101999748963863,0.0801156211734626,12.46319999336265,67,hybrid_v3_top2,0.665100000333041,1047,13.515900005586445,231.7109375,whole_file,1.506474820143885,0,3,True,"{""top_2_microbenchmark"": 1}",top2,v3,"[""deflate|6|identity""]",3.2868000271264464,0.44540649817352007,lt_16KiB,C:\Users\ss\Desktop\XAI\XAI\apps\public_nextjs\app\pricing\page.tsx,ca528c2924b4d66a7016,87b6aa6f3f61cf2008b2ccfb1edf731dbdba519b7aa7cd203599234bd1302a90,PASS,end_to_end_artifact,False
True,5.310410697230181,hybrid-v3-final-140-v1,0.05460000829771161,source_code,1,True,695,2,0.07374133534927764,13.540533332464596,0.08943713192580209,11.164233331025267,0.31900001340545714,,1.276099996175617,0.07016203794292188,14.231299981474876,67,hybrid_v3_top3,1.1641999881248921,1047,14.291100000264123,231.7109375,whole_file,1.506474820143885,0,3,True,"{""top_3_microbenchmark"": 1}",top3,v3,"[""deflate|6|identity""]",4.126500018173829,0.44540649817352007,lt_16KiB,C:\Users\ss\Desktop\XAI\XAI\apps\public_nextjs\app\pricing\page.tsx,ca528c2924b4d66a7016,87b6aa6f3f61cf2008b2ccfb1edf731dbdba519b7aa7cd203599234bd1302a90,PASS,end_to_end_artifact,False
True,3.2535211267605635,hybrid-v3-final-140-v1,892.5782000005711,source_code,1,True,462,1,0.0015615443594836943,693.7837000004947,0.025494512765639302,42.49440000664132,20.131299999775365,,3.282499994384125,0.0018891153438088985,573.4822000085842,67,hybrid_v2,3.3165999921038747,1136,1013.489999982994,231.7109375,whole_file,2.4588744588744587,0,3,True,"{""top_3_microbenchmark"": 1}",confidence,v2,"[""deflate|9|identity""]",944.3695000081789,0.600972503675738,lt_16KiB,C:\Users\ss\Desktop\XAI\XAI\apps\mobile_authenticator_flutter\lib\models\authenticator_account.dart,d3b05331d36f10bb2338,47906d4e9c1fadbd84ae5815105769d9239c449886c93ae942ec76849cc5c375,PASS,end_to_end_artifact,False
True,3.2535211267605635,hybrid-v3-final-140-v1,0.11389999417588115,source_code,1,True,462,1,0.0343663149804592,31.524300002881017,0.032296236487714014,33.54490000250129,18.815900024492294,,2.303399989614263,0.03983212395683123,27.198499999940395,67,hybrid_v3_confidence,2.2960000205785036,1136,43.1488000031095,231.7109375,whole_file,2.4588744588744587,0,3,True,"{""top_3_microbenchmark"": 1}",confidence,v3,"[""deflate|9|identity""]",26.064900011988357,0.600972503675738,lt_16KiB,C:\Users\ss\Desktop\XAI\XAI\apps\mobile_authenticator_flutter\lib\models\authenticator_account.dart,d3b05331d36f10bb2338,47906d4e9c1fadbd84ae5815105769d9239c449886c93ae942ec76849cc5c375,PASS,end_to_end_artifact,False
True,3.26056338028169,hybrid-v3-final-140-v1,0.1404999929945916,source_code,1,True,463,1,0.03589724352938757,30.17986666721602,0.01984551651940341,54.59036666434258,0.8539999544154853,,2.7446000021882355,0.03644141192231133,29.729200003203005,67,hybrid_v3_top2,1.6010999970603734,1136,34.44739998667501,231.7109375,whole_file,2.4535637149028076,0,3,True,"{""top_2_microbenchmark"": 1}",top2,v3,"[""deflate|6|identity""]",8.004299976164475,0.600972503675738,lt_16KiB,C:\Users\ss\Desktop\XAI\XAI\apps\mobile_authenticator_flutter\lib\models\authenticator_account.dart,d3b05331d36f10bb2338,47906d4e9c1fadbd84ae5815105769d9239c449886c93ae942ec76849cc5c375,PASS,end_to_end_artifact,False
True,3.2535211267605635,hybrid-v3-final-140-v1,0.15020000864751637,source_code,1,True,462,1,0.04041872313082557,26.80376665860725,0.037879018616056866,28.60089999740012,0.9029999782796949,,2.919199992902577,0.040254523790443274,26.91309998044744,67,hybrid_v3_top3,3.063700016355142,1136,27.091700001619756,231.7109375,whole_file,2.4588744588744587,0,3,True,"{""top_3_microbenchmark"": 1}",top3,v3,"[""deflate|9|identity""]",9.978199988836423,0.600972503675738,lt_16KiB,C:\Users\ss\Desktop\XAI\XAI\apps\mobile_authenticator_flutter\lib\models\authenticator_account.dart,d3b05331d36f10bb2338,47906d4e9c1fadbd84ae5815105769d9239c449886c93ae942ec76849cc5c375,PASS,end_to_end_artifact,False
True,4.174520069808028,hybrid-v3-final-140-v1,629.4378000020515,source_code,1,True,598,1,0.0016994003564803244,643.1155333314867,0.015959646883272314,68.47963332741831,26.38440000009723,,3.1530999985989183,0.0015638535274780168,698.8575000141282,67,hybrid_v2,3.3109000069089234,1146,707.2791999962647,231.7109375,whole_file,1.9163879598662208,0,3,True,"{""top_3_microbenchmark"": 1}",confidence,v2,"[""deflate|6|identity""]",666.575900017051,0.5738672966710219,lt_16KiB,C:\Users\ss\Desktop\XAI\XAI\analytics\XAI-Compress-Analysis-Suite\analysis_suite\common.py,af06e08a932131b2bd52,ce0eb8b1ba85ee57b94602fa7dffb3adb5bd24bba502b9d243a4b07e2b0dbd86,PASS,end_to_end_artifact,False
True,4.174520069808028,hybrid-v3-final-140-v1,0.13260002015158534,source_code,1,True,598,2,0.03095605561651358,35.30523333271655,0.024614552973167576,44.40100000162298,21.389400004409254,,2.7333999751135707,0.039308812164245484,27.803200006019324,67,hybrid_v3_confidence,2.699899981962517,1146,53.29430001438595,231.7109375,whole_file,1.9163879598662208,0,3,True,"{""top_3_microbenchmark"": 1}",confidence,v3,"[""deflate|6|identity""]",38.521100010257214,0.5738672966710219,lt_16KiB,C:\Users\ss\Desktop\XAI\XAI\analytics\XAI-Compress-Analysis-Suite\analysis_suite\common.py,af06e08a932131b2bd52,ce0eb8b1ba85ee57b94602fa7dffb3adb5bd24bba502b9d243a4b07e2b0dbd86,PASS,end_to_end_artifact,False
True,4.167539267015707,hybrid-v3-final-140-v1,0.16319999122060835,source_code,1,True,597,2,0.03977726189123846,27.47576667267519,0.03900466689165504,28.02000000762443,0.8814999891910702,,2.9958999948576093,0.04113527445210506,26.568700006464496,67,hybrid_v3_top2,1.6417999868281186,1146,29.378999985055998,231.7109375,whole_file,1.9195979899497488,0,3,True,"{""top_2_microbenchmark"": 1}",top2,v3,"[""deflate|9|identity""]",8.783500001300126,0.5738672966710219,lt_16KiB,C:\Users\ss\Desktop\XAI\XAI\analytics\XAI-Compress-Analysis-Suite\analysis_suite\common.py,af06e08a932131b2bd52,ce0eb8b1ba85ee57b94602fa7dffb3adb5bd24bba502b9d243a4b07e2b0dbd86,PASS,end_to_end_artifact,False
True,4.174520069808028,hybrid-v3-final-140-v1,0.12510002125054598,source_code,1,True,598,1,0.0439956564325572,24.84133333200589,0.049419284285303636,22.115066666932155,1.1667000071611255,,2.3501999967265874,0.04375791318617392,24.976299988338724,67,hybrid_v3_top3,2.5470000109635293,1146,25.251300015952438,231.7109375,whole_file,1.9163879598662208,0,3,True,"{""top_3_microbenchmark"": 1}",top3,v3,"[""deflate|6|identity""]",8.870800025761127,0.5738672966710219,lt_16KiB,C:\Users\ss\Desktop\XAI\XAI\analytics\XAI-Compress-Analysis-Suite\analysis_suite\common.py,af06e08a932131b2bd52,ce0eb8b1ba85ee57b94602fa7dffb3adb5bd24bba502b9d243a4b07e2b0dbd86,PASS,end_to_end_artifact,False
True,4.619246861924686,hybrid-v3-final-140-v1,372.37360002472997,source_code,1,True,690,1,0.002935230488566662,388.2627999895097,0.05063374965136122,22.507533334040392,18.607099977089092,,2.3228999925777316,0.0027594996857324048,412.98819999792613,67,hybrid_v2,6.238499976461753,1195,437.12019998929463,231.7109375,whole_file,1.7318840579710144,0,3,True,"{""top_3_microbenchmark"": 1}",confidence,v2,"[""deflate|6|identity""]",402.0453999983147,0.5062668469934282,lt_16KiB,C:\Users\ss\Desktop\XAI\XAI\apps\web_angular\src\app\pages\files.page.ts,af53b59784cf5fa3bd54,da67ea12c91801f10dd8255aea339e7d3d6c29ec3388aed4a2aa3f5788fed17a,PASS,end_to_end_artifact,False
True,4.605857740585774,hybrid-v3-final-140-v1,0.1747000205796212,source_code,1,True,688,2,0.028678289433855846,39.738799998303875,0.024456108721006533,46.59943334020985,22.478700033389032,,3.0855999793857336,0.03894264089066262,29.26459998707287,67,hybrid_v3_confidence,9.10139997722581,1195,61.38890000875108,231.7109375,whole_file,1.7369186046511629,0,3,True,"{""top_3_microbenchmark"": 1}",confidence,v3,"[""deflate|9|identity""]",37.307800026610494,0.5062668469934282,lt_16KiB,C:\Users\ss\Desktop\XAI\XAI\apps\web_angular\src\app\pages\files.page.ts,af53b59784cf5fa3bd54,da67ea12c91801f10dd8255aea339e7d3d6c29ec3388aed4a2aa3f5788fed17a,PASS,end_to_end_artifact,False
True,4.605857740585774,hybrid-v3-final-140-v1,0.12319997767917812,source_code,1,True,688,2,0.048418639156290764,23.537233345753823,0.04817928378556779,23.654166657555226,0.8390999864786863,,2.1674000017810613,0.04959294025236743,22.97990000806749,67,hybrid_v3_top2,1.4307000092230737,1195,24.777800019364804,231.7109375,whole_file,1.7369186046511629,0,3,True,"{""top_2_microbenchmark"": 1}",top2,v3,"[""deflate|9|identity""]",7.052900007693097,0.5062668469934282,lt_16KiB,C:\Users\ss\Desktop\XAI\XAI\apps\web_angular\src\app\pages\files.page.ts,af53b59784cf5fa3bd54,da67ea12c91801f10dd8255aea339e7d3d6c29ec3388aed4a2aa3f5788fed17a,PASS,end_to_end_artifact,False
True,4.619246861924686,hybrid-v3-final-140-v1,0.10780003503896296,source_code,1,True,690,2,0.03396100628079204,33.557333333495386,0.01805220963189289,63.13026667339727,0.8809999853838235,,2.314499986823648,0.03742072869168961,30.454799998551607,67,hybrid_v3_top3,6.1086000059731305,1195,42.436799994902685,231.7109375,whole_file,1.7318840579710144,0,3,True,"{""top_3_microbenchmark"": 1}",top3,v3,"[""deflate|6|identity""]",11.942399985855445,0.5062668469934282,lt_16KiB,C:\Users\ss\Desktop\XAI\XAI\apps\web_angular\src\app\pages\files.page.ts,af53b59784cf5fa3bd54,da67ea12c91801f10dd8255aea339e7d3d6c29ec3388aed4a2aa3f5788fed17a,PASS,end_to_end_artifact,False
True,4.8105872622001655,hybrid-v3-final-140-v1,450.5183000001125,source_code,1,True,727,1,0.002157566907886696,534.3946666592577,0.026350735640305385,43.75560000577631,16.591799969319254,,2.5451999972574413,0.002138247927781417,539.2228999990039,67,hybrid_v2,5.103900009999052,1209,546.7173999932129,231.7109375,whole_file,1.6629986244841817,0,3,True,"{""top_3_microbenchmark"": 1}",confidence,v2,"[""deflate|6|identity""]",480.88589997496456,0.47707965051475515,lt_16KiB,C:\Users\ss\Desktop\XAI\XAI\engines\XAI-Compress\results\model_search\imports\auto\lr-0-0002-f316e33308\v1\XAI-Compress\scripts\kaggle\submit_v2_lr_0002_diagnostic.ps1,aa14e7284e6e012d372f,f1cc3850676d33b3b1deb8f9539c4b5609c58cbfa463e6ee2029f4c285702291,PASS,end_to_end_artifact,False
True,4.8105872622001655,hybrid-v3-final-140-v1,0.13950001448392868,source_code,1,True,727,1,0.020272961496880182,56.87340000683131,0.04972037305720152,23.189533336941775,19.954999967012554,,2.6914000045508146,0.018346777890767097,62.844400003086776,67,hybrid_v3_confidence,2.715899987379089,1209,84.77539999876171,231.7109375,whole_file,1.6629986244841817,0,3,True,"{""top_3_microbenchmark"": 1}",confidence,v3,"[""deflate|6|identity""]",28.484499984188005,0.47707965051475515,lt_16KiB,C:\Users\ss\Desktop\XAI\XAI\engines\XAI-Compress\results\model_search\imports\auto\lr-0-0002-f316e33308\v1\XAI-Compress\scripts\kaggle\submit_v2_lr_0002_diagnostic.ps1,aa14e7284e6e012d372f,f1cc3850676d33b3b1deb8f9539c4b5609c58cbfa463e6ee2029f4c285702291,PASS,end_to_end_artifact,False
True,4.8105872622001655,hybrid-v3-final-140-v1,0.13529998250305653,source_code,1,True,727,1,0.04220935868595591,27.316033326011773,0.05696329960387797,20.24096666718833,0.8273000130429864,,2.2197999933268875,0.04477848478037957,25.7487999915611,67,hybrid_v3_top2,2.785699995001778,1209,30.65170001355,231.7109375,whole_file,1.6629986244841817,0,3,True,"{""top_2_microbenchmark"": 1}",top2,v3,"[""deflate|6|identity""]",10.956700018141419,0.47707965051475515,lt_16KiB,C:\Users\ss\Desktop\XAI\XAI\engines\XAI-Compress\results\model_search\imports\auto\lr-0-0002-f316e33308\v1\XAI-Compress\scripts\kaggle\submit_v2_lr_0002_diagnostic.ps1,aa14e7284e6e012d372f,f1cc3850676d33b3b1deb8f9539c4b5609c58cbfa463e6ee2029f4c285702291,PASS,end_to_end_artifact,False
True,4.8105872622001655,hybrid-v3-final-140-v1,0.15949996304698288,source_code,1,True,727,1,0.039030017374182366,29.54116667388007,0.0565163651206599,20.40103333032069,1.3715000241063535,,3.091400023549795,0.039519871410608254,29.175000003306195,67,hybrid_v3_top3,3.2039000070653856,1209,33.606700017116964,231.7109375,whole_file,1.6629986244841817,0,3,True,"{""top_3_microbenchmark"": 1}",top3,v3,"[""deflate|6|identity""]",11.394300003303215,0.47707965051475515,lt_16KiB,C:\Users\ss\Desktop\XAI\XAI\engines\XAI-Compress\results\model_search\imports\auto\lr-0-0002-f316e33308\v1\XAI-Compress\scripts\kaggle\submit_v2_lr_0002_diagnostic.ps1,aa14e7284e6e012d372f,f1cc3850676d33b3b1deb8f9539c4b5609c58cbfa463e6ee2029f4c285702291,PASS,end_to_end_artifact,False
True,5.122112211221122,hybrid-v3-final-140-v1,536.1208000103943,source_code,1,True,776,2,0.0019687951853880276,587.0865999992626,0.01056980497190557,109.35426666401327,20.2356000081636,,2.757000009296462,0.001957418824908677,590.4987000103574,67,hybrid_v2,2.6329999964218587,1212,596.7608999926597,231.7109375,whole_file,1.5618556701030928,0,3,True,"{""top_3_microbenchmark"": 1}",confidence,v2,"[""deflate|9|identity""]",564.4314000091981,0.47602226734025666,lt_16KiB,C:\Users\ss\Desktop\XAI\XAI\apps\public_nextjs\app\docs\page.tsx,f34def9fb472356e4ee0,9f009eb9fe78123ba150c0dd17cdb81ac5617ce62490cd39e8d25985559532a5,PASS,end_to_end_artifact,False
True,5.122112211221122,hybrid-v3-final-140-v1,0.11860000086016953,source_code,1,True,776,2,0.02165307233738207,53.38056666854148,0.021235188839199715,54.43103333042624,21.818399982294068,,2.5194000045303255,0.0322748646209233,35.81279999343678,67,hybrid_v3_confidence,2.9588999750558287,1212,94.9908000184223,231.7109375,whole_file,1.5618556701030928,0,3,True,"{""top_3_microbenchmark"": 1}",confidence,v3,"[""deflate|9|identity""]",45.002900005783886,0.47602226734025666,lt_16KiB,C:\Users\ss\Desktop\XAI\XAI\apps\public_nextjs\app\docs\page.tsx,f34def9fb472356e4ee0,9f009eb9fe78123ba150c0dd17cdb81ac5617ce62490cd39e8d25985559532a5,PASS,end_to_end_artifact,False
True,5.1683168316831685,hybrid-v3-final-140-v1,0.13679999392479658,source_code,1,True,783,2,0.05227590066229562,22.110633328945067,0.0593482809178846,19.475766671045374,1.0118999925907701,,2.573900012066588,0.05462341320089063,21.16039997781627,67,hybrid_v3_top2,1.6979000065475702,1212,24.470900010783225,231.7109375,whole_file,1.5478927203065134,0,3,True,"{""top_2_microbenchmark"": 1}",top2,v3,"[""deflate|6|identity""]",8.365400019101799,0.47602226734025666,lt_16KiB,C:\Users\ss\Desktop\XAI\XAI\apps\public_nextjs\app\docs\page.tsx,f34def9fb472356e4ee0,9f009eb9fe78123ba150c0dd17cdb81ac5617ce62490cd39e8d25985559532a5,PASS,end_to_end_artifact,False
True,5.122112211221122,hybrid-v3-final-140-v1,0.12179999612271786,source_code,1,True,776,1,0.0421630879407008,27.41386667670061,0.050067281964454854,23.086000001057982,0.9561000042594969,,2.4624000070616603,0.04200048224370228,27.520000003278255,67,hybrid_v3_top3,2.9900000081397593,1212,29.28100002463907,231.7109375,whole_file,1.5618556701030928,0,3,True,"{""top_3_microbenchmark"": 1}",top3,v3,"[""deflate|9|identity""]",9.915100003127009,0.47602226734025666,lt_16KiB,C:\Users\ss\Desktop\XAI\XAI\apps\public_nextjs\app\docs\page.tsx,f34def9fb472356e4ee0,9f009eb9fe78123ba150c0dd17cdb81ac5617ce62490cd39e8d25985559532a5,PASS,end_to_end_artifact,False
True,4.59725585149314,hybrid-v3-final-140-v1,563.7870999926236,source_code,1,True,712,1,0.0022394752899478013,527.624700005011,0.048379471695542894,24.42363334315208,21.45519998157397,,4.1705000039655715,0.002380884451553228,496.2872000178322,67,hybrid_v2,8.333599980687723,1239,636.2060999963433,231.7109375,whole_file,1.7401685393258426,0,3,True,"{""top_3_microbenchmark"": 1}",confidence,v2,"[""deflate|6|identity""]",600.5968000099529,0.47707965051475515,lt_16KiB,C:\Users\ss\Desktop\XAI\XAI\engines\XAI-Compress\results\model_search\imports\auto\lr-0-0002-f316e33308\v1\XAI-Compress\scripts\kaggle\submit_activation_diagnostic.ps1,c3c9844aee9863dd7af6,e7ac9eff8361b426da90eb20526f500c8707721d7def73511aac18e32b8d66a6,PASS,end_to_end_artifact,False
True,4.59725585149314,hybrid-v3-final-140-v1,0.09389998740516603,source_code,1,True,712,1,0.033734625244772026,35.026400010489546,0.048546703015203946,24.339499999769032,17.957700008992106,,1.4865999983157963,0.036346151376853916,32.50970001681708,67,hybrid_v3_confidence,2.3344999935943633,1239,46.20360000990331,231.7109375,whole_file,1.7401685393258426,0,3,True,"{""top_3_microbenchmark"": 1}",confidence,v3,"[""deflate|6|identity""]",24.823400017339736,0.47707965051475515,lt_16KiB,C:\Users\ss\Desktop\XAI\XAI\engines\XAI-Compress\results\model_search\imports\auto\lr-0-0002-f316e33308\v1\XAI-Compress\scripts\kaggle\submit_activation_diagnostic.ps1,c3c9844aee9863dd7af6,e7ac9eff8361b426da90eb20526f500c8707721d7def73511aac18e32b8d66a6,PASS,end_to_end_artifact,False
True,4.59725585149314,hybrid-v3-final-140-v1,0.08809997234493494,source_code,1,True,712,1,0.044278046678329366,26.68596667353995,0.048787706663596116,24.219266672541078,0.8801000076346099,,1.715900027193129,0.04555663639182324,25.93699999852106,67,hybrid_v3_top2,1.2912999955005944,1239,29.08560002106242,231.7109375,whole_file,1.7401685393258426,0,3,True,"{""top_2_microbenchmark"": 1}",top2,v3,"[""deflate|6|identity""]",6.586900010006502,0.47707965051475515,lt_16KiB,C:\Users\ss\Desktop\XAI\XAI\engines\XAI-Compress\results\model_search\imports\auto\lr-0-0002-f316e33308\v1\XAI-Compress\scripts\kaggle\submit_activation_diagnostic.ps1,c3c9844aee9863dd7af6,e7ac9eff8361b426da90eb20526f500c8707721d7def73511aac18e32b8d66a6,PASS,end_to_end_artifact,False
True,4.59725585149314,hybrid-v3-final-140-v1,0.11249998351559043,source_code,1,True,712,1,0.04398116877454221,26.86609999121477,0.051344107279362554,23.013399991517264,1.0692999931052327,,1.8344999989494681,0.044739367158282875,26.410799997393042,67,hybrid_v3_top3,2.0069000020157546,1239,32.26499998709187,231.7109375,whole_file,1.7401685393258426,0,3,True,"{""top_3_microbenchmark"": 1}",top3,v3,"[""deflate|6|identity""]",7.350100000621751,0.47707965051475515,lt_16KiB,C:\Users\ss\Desktop\XAI\XAI\engines\XAI-Compress\results\model_search\imports\auto\lr-0-0002-f316e33308\v1\XAI-Compress\scripts\kaggle\submit_activation_diagnostic.ps1,c3c9844aee9863dd7af6,e7ac9eff8361b426da90eb20526f500c8707721d7def73511aac18e32b8d66a6,PASS,end_to_end_artifact,False
True,3.4071942446043164,hybrid-v3-final-140-v1,523.9623000088613,source_code,1,True,592,1,0.0020896927133590977,634.3551333314584,0.0332173297359918,39.907100008955844,24.697699991520494,,2.1499999857041985,0.0022260658512833144,595.4933000029996,67,hybrid_v2,2.510999998776242,1390,732.0793000108097,231.7109375,whole_file,2.347972972972973,0,3,True,"{""top_3_microbenchmark"": 1}",confidence,v2,"[""deflate|9|identity""]",559.0097999956924,0.42365004724443206,lt_16KiB,C:\Users\ss\Desktop\XAI\XAI\analytics\XAI-Compress-Analysis-Suite\run_analysis_windows.bat,e1347c6d4abccf03a43d,f2ca5ca64ca5873c1345449c0665e5e2bd8c4522ded6f4a17f4c4e8f8764b488,PASS,end_to_end_artifact,False
True,3.4071942446043164,hybrid-v3-final-140-v1,0.10779997683130205,source_code,1,True,592,1,0.04186383905539292,31.664733328701306,0.06439832395115468,20.58450000671049,20.3689000045415,,2.278400002978742,0.05557635840600468,23.851999983889982,67,hybrid_v3_confidence,2.4927000049501657,1390,47.94730001594871,231.7109375,whole_file,2.347972972972973,0,3,True,"{""top_3_microbenchmark"": 1}",confidence,v3,"[""deflate|9|identity""]",27.694499993231148,0.42365004724443206,lt_16KiB,C:\Users\ss\Desktop\XAI\XAI\analytics\XAI-Compress-Analysis-Suite\run_analysis_windows.bat,e1347c6d4abccf03a43d,f2ca5ca64ca5873c1345449c0665e5e2bd8c4522ded6f4a17f4c4e8f8764b488,PASS,end_to_end_artifact,False
True,3.4302158273381296,hybrid-v3-final-140-v1,0.12060001608915627,source_code,1,True,596,1,0.05168496235674365,25.647833322485287,0.0310582690778163,42.681299994001165,0.9275999909732491,,2.2475000005215406,0.05425701134082239,24.431999976513907,67,hybrid_v3_top2,1.6508999979123473,1390,30.21870000520721,231.7109375,whole_file,2.3322147651006713,0,3,True,"{""top_2_microbenchmark"": 1}",top2,v3,"[""deflate|6|identity""]",7.625700003700331,0.42365004724443206,lt_16KiB,C:\Users\ss\Desktop\XAI\XAI\analytics\XAI-Compress-Analysis-Suite\run_analysis_windows.bat,e1347c6d4abccf03a43d,f2ca5ca64ca5873c1345449c0665e5e2bd8c4522ded6f4a17f4c4e8f8764b488,PASS,end_to_end_artifact,False
True,3.4302158273381296,hybrid-v3-final-140-v1,0.11250001261942089,source_code,1,True,596,2,0.0551758561263463,24.025133325873565,0.05510818985674995,24.054633317670476,0.9639000054448843,,2.4449999909847975,0.05528408425640549,23.97809998365119,67,hybrid_v3_top3,2.8067000093869865,1390,24.43180000409484,231.7109375,whole_file,2.3322147651006713,0,3,True,"{""top_3_microbenchmark"": 1}",top3,v3,"[""deflate|6|identity""]",8.872100006556138,0.42365004724443206,lt_16KiB,C:\Users\ss\Desktop\XAI\XAI\analytics\XAI-Compress-Analysis-Suite\run_analysis_windows.bat,e1347c6d4abccf03a43d,f2ca5ca64ca5873c1345449c0665e5e2bd8c4522ded6f4a17f4c4e8f8764b488,PASS,end_to_end_artifact,False
True,5.016949152542373,hybrid-v3-final-140-v1,190.90699998196214,source_code,1,True,888,1,0.0033808089556105147,399.4318666809704,0.03013168823658243,44.81669999465036,12.579999980516732,,1.3128000136930496,0.0036012278711911876,374.9839999945834,67,hybrid_v2,1.8022999865934253,1416,595.0372000224888,231.7109375,whole_file,1.5945945945945945,0,3,True,"{""top_3_microbenchmark"": 1}",confidence,v2,"[""deflate|6|identity""]",208.43639998929575,0.46033490290509926,lt_16KiB,C:\Users\ss\Desktop\XAI\XAI\apps\public_nextjs\app\architecture\page.tsx,bcc29aefa82f2fc182c3,9f1f13936eb78010569cab00bafa75d6ea360126f769dbe3c6f819a19bb26f07,PASS,end_to_end_artifact,False
True,5.016949152542373,hybrid-v3-final-140-v1,0.1521999656688422,source_code,1,True,888,1,0.03850402314942295,35.071733330066,0.05494244285572294,24.57850000549418,17.85760000348091,,2.120800025295466,0.05151692424580306,26.21280000312254,67,hybrid_v3_confidence,2.6131999911740422,1416,55.86429999675602,231.7109375,whole_file,1.5945945945945945,0,3,True,"{""top_3_microbenchmark"": 1}",confidence,v3,"[""deflate|6|identity""]",24.9857000017073,0.46033490290509926,lt_16KiB,C:\Users\ss\Desktop\XAI\XAI\apps\public_nextjs\app\architecture\page.tsx,bcc29aefa82f2fc182c3,9f1f13936eb78010569cab00bafa75d6ea360126f769dbe3c6f819a19bb26f07,PASS,end_to_end_artifact,False
True,5.016949152542373,hybrid-v3-final-140-v1,0.12139999307692051,source_code,1,True,888,1,0.052145682392479686,25.896733345386263,0.0643565863219066,20.98313333893505,1.1583000014070421,,2.2508999973069876,0.05488996148921577,24.60199999040924,67,hybrid_v3_top2,1.847000006819144,1416,28.646300022955984,231.7109375,whole_file,1.5945945945945945,0,3,True,"{""top_2_microbenchmark"": 1}",top2,v3,"[""deflate|6|identity""]",7.771200005663559,0.46033490290509926,lt_16KiB,C:\Users\ss\Desktop\XAI\XAI\apps\public_nextjs\app\architecture\page.tsx,bcc29aefa82f2fc182c3,9f1f13936eb78010569cab00bafa75d6ea360126f769dbe3c6f819a19bb26f07,PASS,end_to_end_artifact,False
True,5.016949152542373,hybrid-v3-final-140-v1,0.14779999037273228,source_code,1,True,888,1,0.05197068568743366,25.983933330280706,0.060218095372736244,22.425199994662155,0.8538000111002475,,2.1797000081278384,0.051113674382454954,26.419600006192923,67,hybrid_v3_top3,2.9135000077076256,1416,26.571599999442697,231.7109375,whole_file,1.5945945945945945,0,3,True,"{""top_3_microbenchmark"": 1}",top3,v3,"[""deflate|6|identity""]",8.763899997575209,0.46033490290509926,lt_16KiB,C:\Users\ss\Desktop\XAI\XAI\apps\public_nextjs\app\architecture\page.tsx,bcc29aefa82f2fc182c3,9f1f13936eb78010569cab00bafa75d6ea360126f769dbe3c6f819a19bb26f07,PASS,end_to_end_artifact,False
True,3.2479041916167666,hybrid-v3-final-140-v1,575.4871999961324,source_code,1,True,678,2,0.0026591205439325085,598.9334000041708,0.026607571581458083,59.85650000123618,26.55349997803569,,2.4824000138323754,0.002715011577444137,586.6038000094704,67,hybrid_v2,2.6280000165570527,1670,690.9366000036243,231.7109375,whole_file,2.4631268436578173,0,3,True,"{""top_3_microbenchmark"": 1}",confidence,v2,"[""deflate|6|identity""]",612.6715000136755,0.515430078253105,lt_16KiB,C:\Users\ss\Desktop\XAI\XAI\apps\desktop_flutter\lib\models\app_models.dart,3302eb1afa92cfba09db,004e1f42db89fe8c1cece5b29efc3c2c268ec9f623731690c6a45e0e9a7c8597,PASS,end_to_end_artifact,False
True,3.2479041916167666,hybrid-v3-final-140-v1,0.11940000695176423,source_code,1,True,678,1,0.04611386545672301,34.53703333313266,0.048160223270911115,33.06953332503326,22.559500008355826,,2.3277000000234693,0.06527437934949232,24.39909998793155,67,hybrid_v3_confidence,3.0765999981667846,1670,58.001299999887124,231.7109375,whole_file,2.4631268436578173,0,3,True,"{""top_3_microbenchmark"": 1}",confidence,v3,"[""deflate|6|identity""]",30.38460001698695,0.515430078253105,lt_16KiB,C:\Users\ss\Desktop\XAI\XAI\apps\desktop_flutter\lib\models\app_models.dart,3302eb1afa92cfba09db,004e1f42db89fe8c1cece5b29efc3c2c268ec9f623731690c6a45e0e9a7c8597,PASS,end_to_end_artifact,False
True,3.2479041916167666,hybrid-v3-final-140-v1,0.1655000087339431,source_code,1,True,678,2,0.06869518800932077,23.184100001041468,0.07241186023965017,21.994133324672777,0.8703999919816852,,1.8395000079181045,0.06554273834296173,24.299200013047084,67,hybrid_v3_top2,1.3210999895818532,1670,26.778999977977946,231.7109375,whole_file,2.4631268436578173,0,3,True,"{""top_2_microbenchmark"": 1}",top2,v3,"[""deflate|6|identity""]",6.3202000164892524,0.515430078253105,lt_16KiB,C:\Users\ss\Desktop\XAI\XAI\apps\desktop_flutter\lib\models\app_models.dart,3302eb1afa92cfba09db,004e1f42db89fe8c1cece5b29efc3c2c268ec9f623731690c6a45e0e9a7c8597,PASS,end_to_end_artifact,False
True,3.2479041916167666,hybrid-v3-final-140-v1,0.12710003647953272,source_code,1,True,678,1,0.06482941350785565,24.566566658904776,0.051710419611589696,30.799133334464084,1.0702000290621072,,2.3751999833621085,0.06378990223035656,24.966899974970147,67,hybrid_v3_top3,2.712300018174574,1670,25.344900001073256,231.7109375,whole_file,2.4631268436578173,0,3,True,"{""top_3_microbenchmark"": 1}",top3,v3,"[""deflate|6|identity""]",8.785800018813461,0.515430078253105,lt_16KiB,C:\Users\ss\Desktop\XAI\XAI\apps\desktop_flutter\lib\models\app_models.dart,3302eb1afa92cfba09db,004e1f42db89fe8c1cece5b29efc3c2c268ec9f623731690c6a45e0e9a7c8597,PASS,end_to_end_artifact,False
True,3.3847995212447635,hybrid-v3-final-140-v1,362.5186000135727,source_code,1,True,707,2,0.002855752027373979,558.0280666666416,0.014649370571542772,108.78213333004776,25.59610002208501,,2.6092999905813485,0.002821282875320118,564.8457999923266,67,hybrid_v2,12.944000016432256,1671,660.9452000120655,231.7109375,whole_file,2.3635077793493635,0,3,True,"{""top_3_microbenchmark"": 1}",confidence,v2,"[""deflate|6|identity""]",407.13160001905635,0.4679897306764615,lt_16KiB,C:\Users\ss\Desktop\XAI\XAI\apps\public_nextjs\.next\types\routes.d.ts,f99b6bb11feb9d915422,1419675c566fc08d2c3578b19e3dcb1dff0ac9fc2266cd1c84453560545fd828,PASS,end_to_end_artifact,False
True,3.3847995212447635,hybrid-v3-final-140-v1,0.16979998326860368,source_code,1,True,707,1,0.03573354352865542,44.59646666267266,0.06009623087983,26.517299993429333,25.85689999978058,,2.7245000237599015,0.04295193435138757,37.101699999766424,67,hybrid_v3_confidence,11.68540000799112,1671,68.27879999764264,231.7109375,whole_file,2.3635077793493635,0,3,True,"{""top_3_microbenchmark"": 1}",confidence,v3,"[""deflate|6|identity""]",43.512500007636845,0.4679897306764615,lt_16KiB,C:\Users\ss\Desktop\XAI\XAI\apps\public_nextjs\.next\types\routes.d.ts,f99b6bb11feb9d915422,1419675c566fc08d2c3578b19e3dcb1dff0ac9fc2266cd1c84453560545fd828,PASS,end_to_end_artifact,False
True,3.3847995212447635,hybrid-v3-final-140-v1,0.1244999875780195,source_code,1,True,707,1,0.06986885399690551,22.80830000139152,0.07247411281802778,21.98840000589068,1.052199979312718,,2.2529000125359744,0.07041312222478815,22.632000007433817,67,hybrid_v3_top2,1.6577999922446907,1671,24.026600003708154,231.7109375,whole_file,2.3635077793493635,0,3,True,"{""top_2_microbenchmark"": 1}",top2,v3,"[""deflate|6|identity""]",7.7705000003334135,0.4679897306764615,lt_16KiB,C:\Users\ss\Desktop\XAI\XAI\apps\public_nextjs\.next\types\routes.d.ts,f99b6bb11feb9d915422,1419675c566fc08d2c3578b19e3dcb1dff0ac9fc2266cd1c84453560545fd828,PASS,end_to_end_artifact,False
True,3.3847995212447635,hybrid-v3-final-140-v1,0.11979998089373112,source_code,1,True,707,1,0.046630688270856896,34.17470000567846,0.07944697429107589,20.05853334170145,1.105000003008172,,2.502000017557293,0.04697681454953941,33.92290000920184,67,hybrid_v3_top3,7.445499999448657,1671,39.572899986524135,231.7109375,whole_file,2.3635077793493635,0,3,True,"{""top_3_microbenchmark"": 1}",top3,v3,"[""deflate|6|identity""]",13.659899996127933,0.4679897306764615,lt_16KiB,C:\Users\ss\Desktop\XAI\XAI\apps\public_nextjs\.next\types\routes.d.ts,f99b6bb11feb9d915422,1419675c566fc08d2c3578b19e3dcb1dff0ac9fc2266cd1c84453560545fd828,PASS,end_to_end_artifact,False
True,3.2925619834710744,hybrid-v3-final-140-v1,138.04660001187585,source_code,1,True,747,1,0.009578634075791187,180.7062333294501,0.07238502119960366,23.912666675945122,17.711799999233335,,0.9151000122074038,0.009823960032092668,176.19359999662265,67,hybrid_v2,1.5993999841157347,1815,199.13439999800175,231.7109375,whole_file,2.429718875502008,0,3,True,"{""top_3_microbenchmark"": 1}",confidence,v2,"[""deflate|6|identity""]",160.02440001466312,0.5091638629606401,lt_16KiB,C:\Users\ss\Desktop\XAI\XAI\apps\mobile_authenticator_flutter\lib\models\totp_enrollment.dart,40427eff7bca38574998,c2bf4c09ed6a0c194d062580155815c7795d2cd7b17215d17f3b6fbeed03cbca,PASS,end_to_end_artifact,False
True,3.2925619834710744,hybrid-v3-final-140-v1,0.05420000525191426,source_code,1,True,747,1,0.0988910024977098,17.503300002620865,0.1479034396859544,11.7030333300742,12.465299980249256,,0.905699998838827,0.11814016976749737,14.651400008006021,67,hybrid_v3_confidence,1.3821999891661108,1815,24.488900002324954,231.7109375,whole_file,2.429718875502008,0,3,True,"{""top_3_microbenchmark"": 1}",confidence,v3,"[""deflate|6|identity""]",16.22799999313429,0.5091638629606401,lt_16KiB,C:\Users\ss\Desktop\XAI\XAI\apps\mobile_authenticator_flutter\lib\models\totp_enrollment.dart,40427eff7bca38574998,c2bf4c09ed6a0c194d062580155815c7795d2cd7b17215d17f3b6fbeed03cbca,PASS,end_to_end_artifact,False
True,3.2925619834710744,hybrid-v3-final-140-v1,0.05609999061562121,source_code,1,True,747,1,0.08540072057461078,20.26819999446161,0.10448665046113952,16.565933319119114,0.4563000111375004,,0.9972999978344887,0.07939667099566047,21.800899994559586,67,hybrid_v3_top2,0.8749000262469053,1815,22.944700001971796,231.7109375,whole_file,2.429718875502008,0,3,True,"{""top_2_microbenchmark"": 1}",top2,v3,"[""deflate|6|identity""]",3.7549999833572656,0.5091638629606401,lt_16KiB,C:\Users\ss\Desktop\XAI\XAI\apps\mobile_authenticator_flutter\lib\models\totp_enrollment.dart,40427eff7bca38574998,c2bf4c09ed6a0c194d062580155815c7795d2cd7b17215d17f3b6fbeed03cbca,PASS,end_to_end_artifact,False
True,3.2925619834710744,hybrid-v3-final-140-v1,0.11359999189153314,source_code,1,True,747,1,0.07245016150393574,23.891166677155223,0.07973865518044501,21.707400010200217,1.1002999963238835,,2.2813999967183918,0.07180656879512591,24.105300020892173,67,hybrid_v3_top3,2.825600007781759,1815,24.69819999532774,231.7109375,whole_file,2.429718875502008,0,3,True,"{""top_3_microbenchmark"": 1}",top3,v3,"[""deflate|6|identity""]",8.87930000317283,0.5091638629606401,lt_16KiB,C:\Users\ss\Desktop\XAI\XAI\apps\mobile_authenticator_flutter\lib\models\totp_enrollment.dart,40427eff7bca38574998,c2bf4c09ed6a0c194d062580155815c7795d2cd7b17215d17f3b6fbeed03cbca,PASS,end_to_end_artifact,False
True,3.6255949233209943,hybrid-v3-final-140-v1,888.4911000204738,source_code,1,True,857,1,0.002501687606011805,720.8726333337836,0.027156379470612384,66.40790000286263,25.886299990816042,,2.6157999818678945,0.002882854435470044,625.5598999850918,67,hybrid_v2,3.296900016721338,1891,967.3982000094838,231.7109375,whole_file,2.2065344224037338,0,3,True,"{""top_3_microbenchmark"": 1}",confidence,v2,"[""deflate|9|identity""]",929.7843000094872,0.46071143384650004,lt_16KiB,C:\Users\ss\Desktop\XAI\XAI\engines\XAI-Compress\results\model_search\imports\auto\lr-0-0002-f316e33308\v1\XAI-Compress\scripts\kaggle\deploy.ps1,c68f5cb0f6b58db64c57,644b73ae20b0422cd32ce0913b28260adc2f703b2f7a1e323d0925761941c082,PASS,end_to_end_artifact,False
True,3.6467477525118985,hybrid-v3-final-140-v1,0.12120002065785229,source_code,1,True,862,2,0.05312090706755767,33.94893332733773,0.03418476928781117,52.75443333084695,26.386699988506734,,2.385899977525696,0.07075368140749844,25.488399987807497,67,hybrid_v3_confidence,4.222399991704151,1891,52.66249997657724,231.7109375,whole_file,2.1937354988399074,0,3,True,"{""top_3_microbenchmark"": 1}",confidence,v3,"[""deflate|6|identity""]",36.19440001784824,0.46071143384650004,lt_16KiB,C:\Users\ss\Desktop\XAI\XAI\engines\XAI-Compress\results\model_search\imports\auto\lr-0-0002-f316e33308\v1\XAI-Compress\scripts\kaggle\deploy.ps1,c68f5cb0f6b58db64c57,644b73ae20b0422cd32ce0913b28260adc2f703b2f7a1e323d0925761941c082,PASS,end_to_end_artifact,False
True,3.6467477525118985,hybrid-v3-final-140-v1,0.12149999383836985,source_code,1,True,862,1,0.07664912812591008,23.527966676435124,0.09708023986597764,18.57636667167147,1.0920999920926988,,2.1672000002581626,0.07526891871786069,23.959400015883148,67,hybrid_v3_top2,1.569599990034476,1891,25.484300014795735,231.7109375,whole_file,2.1937354988399074,0,3,True,"{""top_2_microbenchmark"": 1}",top2,v3,"[""deflate|6|identity""]",7.387899997411296,0.46071143384650004,lt_16KiB,C:\Users\ss\Desktop\XAI\XAI\engines\XAI-Compress\results\model_search\imports\auto\lr-0-0002-f316e33308\v1\XAI-Compress\scripts\kaggle\deploy.ps1,c68f5cb0f6b58db64c57,644b73ae20b0422cd32ce0913b28260adc2f703b2f7a1e323d0925761941c082,PASS,end_to_end_artifact,False
True,3.6255949233209943,hybrid-v3-final-140-v1,0.10449998080730438,source_code,1,True,857,1,0.07421269329384556,24.300400002781924,0.09474597952963024,19.034033330778282,1.0597999789752066,,2.152500004740432,0.07471075678183278,24.13840001099743,67,hybrid_v3_top3,2.688199980184436,1891,25.73399999528192,231.7109375,whole_file,2.2065344224037338,0,3,True,"{""top_3_microbenchmark"": 1}",top3,v3,"[""deflate|9|identity""]",8.393600000999868,0.46071143384650004,lt_16KiB,C:\Users\ss\Desktop\XAI\XAI\engines\XAI-Compress\results\model_search\imports\auto\lr-0-0002-f316e33308\v1\XAI-Compress\scripts\kaggle\deploy.ps1,c68f5cb0f6b58db64c57,644b73ae20b0422cd32ce0913b28260adc2f703b2f7a1e323d0925761941c082,PASS,end_to_end_artifact,False
True,2.7206645898234685,hybrid-v3-final-140-v1,399.57670000148937,source_code,1,True,655,1,0.003998350978711991,459.38356666980934,0.09366531022797432,19.60999999816219,24.413500010268763,,2.480499999364838,0.003999640126507385,459.23550002044067,67,hybrid_v2,2.373199997236952,1926,464.02990000206046,231.7109375,whole_file,2.9404580152671755,0,3,True,"{""top_3_microbenchmark"": 1}",confidence,v2,"[""deflate|6|identity""]",431.3243000069633,0.42175695557877285,lt_16KiB,C:\Users\ss\Desktop\XAI\XAI\apps\web_angular\.angular\cache\20.3.28\xai-web\vite\deps\@angular_platform-browser.js,437449734e245885bdcf,e2fe25e6fad9136a90294b68c08624af73126184773b62920f03fff7aaf1a08b,PASS,end_to_end_artifact,False
True,2.7206645898234685,hybrid-v3-final-140-v1,0.07959999493323267,source_code,1,True,655,1,0.060361580350207424,30.429566667104762,0.10412802638124288,17.639599992738415,24.576099996920675,,1.5353999915532768,0.0832839130997396,22.054400003980845,67,hybrid_v3_confidence,1.869200001237914,1926,47.92129999259487,231.7109375,whole_file,2.9404580152671755,0,3,True,"{""top_3_microbenchmark"": 1}",confidence,v3,"[""deflate|6|identity""]",30.501200002618134,0.42175695557877285,lt_16KiB,C:\Users\ss\Desktop\XAI\XAI\apps\web_angular\.angular\cache\20.3.28\xai-web\vite\deps\@angular_platform-browser.js,437449734e245885bdcf,e2fe25e6fad9136a90294b68c08624af73126184773b62920f03fff7aaf1a08b,PASS,end_to_end_artifact,False
True,2.7206645898234685,hybrid-v3-final-140-v1,0.2518999972380698,source_code,1,True,655,1,0.07792891495944973,23.56990000892741,0.08291410103955797,22.15276666296025,0.6300000241026282,,1.6288000042550266,0.07943883212048912,23.12190001248382,67,hybrid_v3_top2,1.392499980283901,1926,25.825000018812716,231.7109375,whole_file,2.9404580152671755,0,3,True,"{""top_2_microbenchmark"": 1}",top2,v3,"[""deflate|6|identity""]",6.187899998622015,0.42175695557877285,lt_16KiB,C:\Users\ss\Desktop\XAI\XAI\apps\web_angular\.angular\cache\20.3.28\xai-web\vite\deps\@angular_platform-browser.js,437449734e245885bdcf,e2fe25e6fad9136a90294b68c08624af73126184773b62920f03fff7aaf1a08b,PASS,end_to_end_artifact,False
True,2.7206645898234685,hybrid-v3-final-140-v1,0.152299995534122,source_code,1,True,655,1,0.07010393078072868,26.200766675174236,0.09198586074495382,19.96803333167918,1.1725999938789755,,2.2390999947674572,0.07161285883156789,25.648700015153736,67,hybrid_v3_top3,1.757299993187189,1926,29.10470002098009,231.7109375,whole_file,2.9404580152671755,0,3,True,"{""top_3_microbenchmark"": 1}",top3,v3,"[""deflate|6|identity""]",7.664600008865818,0.42175695557877285,lt_16KiB,C:\Users\ss\Desktop\XAI\XAI\apps\web_angular\.angular\cache\20.3.28\xai-web\vite\deps\@angular_platform-browser.js,437449734e245885bdcf,e2fe25e6fad9136a90294b68c08624af73126184773b62920f03fff7aaf1a08b,PASS,end_to_end_artifact,False
True,3.0127137220517315,hybrid-v3-final-140-v1,394.99650002107956,source_code,1,True,859,2,0.008043997912002053,270.4290999972727,0.0762617600244628,28.524533331316587,28.520399995613843,,2.010399999562651,0.011431020042516478,190.30069999280386,67,hybrid_v2,2.3916999925859272,2281,454.0041000000201,231.7109375,whole_file,2.6554132712456346,0,3,True,"{""top_3_microbenchmark"": 1}",confidence,v2,"[""deflate|6|identity""]",430.15460000606254,0.49676457590058803,lt_16KiB,C:\Users\ss\Desktop\XAI\XAI\engines\XAI-Compress\measure_block_benchmark.py,0f0daf031d676ef8bbf4,82eab2162108fff780aef6b53f3caa70c781dc5e8164c664f08b2530dd2caa69,PASS,end_to_end_artifact,False
True,3.0127137220517315,hybrid-v3-final-140-v1,0.06370001938194036,source_code,1,True,859,1,0.09125706313248437,23.8373999891337,0.17045155204312465,12.762166666410243,17.668899992713705,,1.0461999918334186,0.11382314933098751,19.111499976133928,67,hybrid_v3_confidence,1.7493999912403524,2281,35.42629998992197,231.7109375,whole_file,2.6554132712456346,0,3,True,"{""top_3_microbenchmark"": 1}",confidence,v3,"[""deflate|6|identity""]",22.097100008977577,0.49676457590058803,lt_16KiB,C:\Users\ss\Desktop\XAI\XAI\engines\XAI-Compress\measure_block_benchmark.py,0f0daf031d676ef8bbf4,82eab2162108fff780aef6b53f3caa70c781dc5e8164c664f08b2530dd2caa69,PASS,end_to_end_artifact,False
True,3.0127137220517315,hybrid-v3-final-140-v1,0.5491999618243426,source_code,1,True,859,1,0.13634023132775475,15.955166677789142,0.18359755193366603,11.848366673802957,0.6346000009216368,,1.3756000262219459,0.14017753861698187,15.51840000320226,67,hybrid_v3_top2,1.3180999958422035,2281,17.656700016232207,231.7109375,whole_file,2.6554132712456346,0,3,True,"{""top_2_microbenchmark"": 1}",top2,v3,"[""deflate|6|identity""]",5.814599979203194,0.49676457590058803,lt_16KiB,C:\Users\ss\Desktop\XAI\XAI\engines\XAI-Compress\measure_block_benchmark.py,0f0daf031d676ef8bbf4,82eab2162108fff780aef6b53f3caa70c781dc5e8164c664f08b2530dd2caa69,PASS,end_to_end_artifact,False
True,3.0127137220517315,hybrid-v3-final-140-v1,0.05719996988773346,source_code,1,True,859,1,0.13658849377051782,15.926166660695648,0.17625339222153155,12.34206665928165,0.5406999844126403,,0.9855000243987888,0.13675393173412229,15.906899992842227,67,hybrid_v3_top3,1.5833000070415437,2281,16.279499977827072,231.7109375,whole_file,2.6554132712456346,0,3,True,"{""top_3_microbenchmark"": 1}",top3,v3,"[""deflate|6|identity""]",4.61959998938255,0.49676457590058803,lt_16KiB,C:\Users\ss\Desktop\XAI\XAI\engines\XAI-Compress\measure_block_benchmark.py,0f0daf031d676ef8bbf4,82eab2162108fff780aef6b53f3caa70c781dc5e8164c664f08b2530dd2caa69,PASS,end_to_end_artifact,False
True,3.0530401034928847,hybrid-v3-final-140-v1,436.42779998481274,source_code,1,True,885,1,0.0038591727756488933,573.0686000121447,0.029665046393743986,74.55140000092797,44.19749998487532,,1.8406000162940472,0.00390880248603712,565.79240001156,67,hybrid_v2,7.351600012043491,2319,615.7285000081174,231.7109375,whole_file,2.6203389830508477,0,3,True,"{""top_3_microbenchmark"": 1}",confidence,v2,"[""deflate|6|identity""]",493.5383999836631,0.3897991773645823,lt_16KiB,C:\Users\ss\Desktop\XAI\XAI\apps\admin_dotnet\Services\PlatformApiClient.cs,0d2d1d7dc57adc8c4df6,b4a3b4de87c0381e6952dea515d9904f97fdbfbf6cd24f523f961b012ae30e82,PASS,end_to_end_artifact,False
True,3.0530401034928847,hybrid-v3-final-140-v1,0.7893000147305429,source_code,1,True,885,1,0.03632946541774298,60.87540001802457,0.06952955965343546,31.807633339970682,49.4501999928616,,5.562999984249473,0.05153050463516765,42.91770001873374,67,hybrid_v3_confidence,9.486099996138364,2319,104.15150001063012,231.7109375,whole_file,2.6203389830508477,0,3,True,"{""top_3_microbenchmark"": 1}",confidence,v3,"[""deflate|6|identity""]",68.5998999979347,0.3897991773645823,lt_16KiB,C:\Users\ss\Desktop\XAI\XAI\apps\admin_dotnet\Services\PlatformApiClient.cs,0d2d1d7dc57adc8c4df6,b4a3b4de87c0381e6952dea515d9904f97fdbfbf6cd24f523f961b012ae30e82,PASS,end_to_end_artifact,False
True,3.0530401034928847,hybrid-v3-final-140-v1,0.166199984960258,source_code,1,True,885,1,0.06871127086912358,32.18643334306156,0.05595607843229046,39.52333333048349,1.5204999945126474,,2.58100000792183,0.07182826524951101,30.789700016612187,67,hybrid_v3_top2,2.107900014379993,2319,36.29810002166778,231.7109375,whole_file,2.6203389830508477,0,3,True,"{""top_2_microbenchmark"": 1}",top2,v3,"[""deflate|6|identity""]",9.478299994952977,0.3897991773645823,lt_16KiB,C:\Users\ss\Desktop\XAI\XAI\apps\admin_dotnet\Services\PlatformApiClient.cs,0d2d1d7dc57adc8c4df6,b4a3b4de87c0381e6952dea515d9904f97fdbfbf6cd24f523f961b012ae30e82,PASS,end_to_end_artifact,False
True,3.0530401034928847,hybrid-v3-final-140-v1,0.14150000060908496,source_code,1,True,885,1,0.05458907266102453,40.513066662242636,0.04228926614951251,52.29626666793289,1.80020002881065,,2.595300000393763,0.05933598252111023,37.271999986842275,67,hybrid_v3_top3,8.829600003082305,2319,47.52809999627061,231.7109375,whole_file,2.6203389830508477,0,3,True,"{""top_3_microbenchmark"": 1}",top3,v3,"[""deflate|6|identity""]",16.486700013047084,0.3897991773645823,lt_16KiB,C:\Users\ss\Desktop\XAI\XAI\apps\admin_dotnet\Services\PlatformApiClient.cs,0d2d1d7dc57adc8c4df6,b4a3b4de87c0381e6952dea515d9904f97fdbfbf6cd24f523f961b012ae30e82,PASS,end_to_end_artifact,False
True,2.1152882205513786,hybrid-v3-final-140-v1,356.4209000323899,source_code,1,True,633,1,0.0031924185288489887,715.1619666547049,0.06457176874783056,35.35749999961505,30.0615000014659,,2.555299986852333,0.004300722772553078,530.8633999957237,67,hybrid_v2,2.3159999982453883,2394,1186.9317999808118,231.7109375,whole_file,3.7819905213270144,0,3,True,"{""top_3_microbenchmark"": 1}",confidence,v2,"[""deflate|6|identity""]",394.9854999955278,0.3506990822058554,lt_16KiB,C:\Users\ss\Desktop\XAI\XAI\apps\mobile_authenticator_flutter\android\app\src\main\java\io\flutter\plugins\GeneratedPluginRegistrant.java,f03df6e2a8c5298d2e1c,d0390890b5e47f05126afe9e4b941e769541ae83641d25283335f876bba2ef74,PASS,end_to_end_artifact,False
True,2.1152882205513786,hybrid-v3-final-140-v1,0.12889999197795987,source_code,1,True,633,2,0.05264120212277579,43.37090000626631,0.10722739013009781,21.292100000816088,27.907099982257932,,3.473299992037937,0.0755336864430941,30.22620000410825,67,hybrid_v3_confidence,20.150099997408688,2394,74.06720001017675,231.7109375,whole_file,3.7819905213270144,0,3,True,"{""top_3_microbenchmark"": 1}",confidence,v3,"[""deflate|6|identity""]",54.28330000722781,0.3506990822058554,lt_16KiB,C:\Users\ss\Desktop\XAI\XAI\apps\mobile_authenticator_flutter\android\app\src\main\java\io\flutter\plugins\GeneratedPluginRegistrant.java,f03df6e2a8c5298d2e1c,d0390890b5e47f05126afe9e4b941e769541ae83641d25283335f876bba2ef74,PASS,end_to_end_artifact,False
True,2.1152882205513786,hybrid-v3-final-140-v1,0.10950001887977123,source_code,1,True,633,2,0.08474776499847757,26.93989999049033,0.11907395930783468,19.173766680372257,1.2604999938048422,,2.2632000036537647,0.08884714948973357,25.69689997471869,67,hybrid_v3_top2,1.5073999820742756,2394,30.486600007861853,231.7109375,whole_file,3.7819905213270144,0,3,True,"{""top_2_microbenchmark"": 1}",top2,v3,"[""deflate|6|identity""]",7.953099993756041,0.3506990822058554,lt_16KiB,C:\Users\ss\Desktop\XAI\XAI\apps\mobile_authenticator_flutter\android\app\src\main\java\io\flutter\plugins\GeneratedPluginRegistrant.java,f03df6e2a8c5298d2e1c,d0390890b5e47f05126afe9e4b941e769541ae83641d25283335f876bba2ef74,PASS,end_to_end_artifact,False
True,2.128654970760234,hybrid-v3-final-140-v1,0.11679998715408146,source_code,1,True,637,1,0.0872148693327399,26.177833332136895,0.09013977639575775,25.32840001125199,1.246800005901605,,2.1988000080455095,0.09228099098195097,24.740699998801574,67,hybrid_v3_top3,2.170099993236363,2394,29.089099989505485,231.7109375,whole_file,3.758241758241758,0,3,True,"{""top_3_microbenchmark"": 1}",top3,v3,"[""deflate|9|identity""]",8.3001000166405,0.3506990822058554,lt_16KiB,C:\Users\ss\Desktop\XAI\XAI\apps\mobile_authenticator_flutter\android\app\src\main\java\io\flutter\plugins\GeneratedPluginRegistrant.java,f03df6e2a8c5298d2e1c,d0390890b5e47f05126afe9e4b941e769541ae83641d25283335f876bba2ef74,PASS,end_to_end_artifact,False
True,4.102055279943302,hybrid-v3-final-140-v1,358.86730000493117,source_code,1,True,1447,1,0.003991091833278876,674.3189666691857,0.0668361487115669,40.26666665837789,33.24720001546666,,2.6294999988749623,0.004612706626981285,583.4468000102788,67,hybrid_v2,3.248600027291104,2822,1001.7156999965664,231.7109375,whole_file,1.9502418797512093,0,3,True,"{""top_3_microbenchmark"": 1}",confidence,v2,"[""deflate|9|identity""]",401.04840000276454,0.4706810003084423,lt_16KiB,C:\Users\ss\Desktop\XAI\XAI\engines\XAI-Compress\results\model_search\imports\auto\lr-0-0002-f316e33308\v1\XAI-Compress\scripts\kaggle\run_lossless_v2_gradient_diagnostic.py,0d576738205abc00ed6e,02fc7184e5f4925d1f9d436666221ff453dded343354cd203f74e279162bf770,PASS,end_to_end_artifact,False
True,4.102055279943302,hybrid-v3-final-140-v1,0.19779999274760485,source_code,1,True,1447,1,0.05778073970173679,46.57726665997567,0.1454915596599748,18.4977666552489,39.75640001590364,,4.344500019215047,0.07072255197642373,38.05390000343323,67,hybrid_v3_confidence,5.978100001811981,2822,77.34469999559224,231.7109375,whole_file,1.9502418797512093,0,3,True,"{""top_3_microbenchmark"": 1}",confidence,v3,"[""deflate|9|identity""]",53.187499986961484,0.4706810003084423,lt_16KiB,C:\Users\ss\Desktop\XAI\XAI\engines\XAI-Compress\results\model_search\imports\auto\lr-0-0002-f316e33308\v1\XAI-Compress\scripts\kaggle\run_lossless_v2_gradient_diagnostic.py,0d576738205abc00ed6e,02fc7184e5f4925d1f9d436666221ff453dded343354cd203f74e279162bf770,PASS,end_to_end_artifact,False
True,4.102055279943302,hybrid-v3-final-140-v1,0.16039999900385737,source_code,1,True,1447,1,0.10491826555050426,25.65109999462341,0.12951578417123838,20.779466673654195,1.6203999693971127,,2.133100002538413,0.10224137042602394,26.322699995944276,67,hybrid_v3_top2,1.9917000026907772,2822,26.736100000562146,231.7109375,whole_file,1.9502418797512093,0,3,True,"{""top_2_microbenchmark"": 1}",top2,v3,"[""deflate|9|identity""]",8.464200014714152,0.4706810003084423,lt_16KiB,C:\Users\ss\Desktop\XAI\XAI\engines\XAI-Compress\results\model_search\imports\auto\lr-0-0002-f316e33308\v1\XAI-Compress\scripts\kaggle\run_lossless_v2_gradient_diagnostic.py,0d576738205abc00ed6e,02fc7184e5f4925d1f9d436666221ff453dded343354cd203f74e279162bf770,PASS,end_to_end_artifact,False
True,4.102055279943302,hybrid-v3-final-140-v1,0.13739996938966215,source_code,1,True,1447,1,0.09370670008296937,28.720133336416136,0.130125725051131,20.682066669299576,1.5798999811522663,,2.896000019973144,0.09322058337966263,28.869900008430704,67,hybrid_v3_top3,3.4429999941494316,2822,30.953400011640042,231.7109375,whole_file,1.9502418797512093,0,3,True,"{""top_3_microbenchmark"": 1}",top3,v3,"[""deflate|9|identity""]",11.170599987963215,0.4706810003084423,lt_16KiB,C:\Users\ss\Desktop\XAI\XAI\engines\XAI-Compress\results\model_search\imports\auto\lr-0-0002-f316e33308\v1\XAI-Compress\scripts\kaggle\run_lossless_v2_gradient_diagnostic.py,0d576738205abc00ed6e,02fc7184e5f4925d1f9d436666221ff453dded343354cd203f74e279162bf770,PASS,end_to_end_artifact,False
True,3.4118831822759317,hybrid-v3-final-140-v1,422.9057000193279,source_code,1,True,1694,1,0.006575071735908451,576.114533333263,0.03820199944099623,99.1569666560584,48.09120000572875,,2.7193999849259853,0.006498945780978482,582.8628999879584,67,hybrid_v2,4.039399995235726,3972,635.8081999933347,231.7109375,whole_file,2.344746162927981,0,3,True,"{""top_3_microbenchmark"": 1}",confidence,v2,"[""deflate|6|identity""]",480.4366000171285,0.4378883566010695,lt_16KiB,C:\Users\ss\Desktop\XAI\XAI\engines\XAI-Compress\results\model_search\imports\auto\lr-0-0002-f316e33308\v1\XAI-Compress\scripts\build_three_mode_report.py,9bfffccf3eb1ba81df60,24e42c636e241f83c64da3f49553fff5b64a73c821a1afb314a96d21a4d64089,PASS,end_to_end_artifact,False
True,3.4118831822759317,hybrid-v3-final-140-v1,0.13689999468624592,source_code,1,True,1694,1,0.06917300372022205,54.76116665522568,0.1390135594866862,27.249100006883964,63.2486000249628,,3.836599993519485,0.13611826586391743,27.828699996462092,67,hybrid_v3_confidence,5.46709998161532,3972,113.52449998958036,231.7109375,whole_file,2.344746162927981,0,3,True,"{""top_3_microbenchmark"": 1}",confidence,v3,"[""deflate|6|identity""]",75.34469998790883,0.4378883566010695,lt_16KiB,C:\Users\ss\Desktop\XAI\XAI\engines\XAI-Compress\results\model_search\imports\auto\lr-0-0002-f316e33308\v1\XAI-Compress\scripts\build_three_mode_report.py,9bfffccf3eb1ba81df60,24e42c636e241f83c64da3f49553fff5b64a73c821a1afb314a96d21a4d64089,PASS,end_to_end_artifact,False
True,3.4118831822759317,hybrid-v3-final-140-v1,0.12539999443106353,source_code,1,True,1694,1,0.15031326095504835,25.200666665720444,0.1761221629640343,21.5077666604581,1.9611999741755426,,2.4649999977555126,0.15126504508732722,25.04209999460727,67,hybrid_v3_top2,2.3101000115275383,3972,25.99930000724271,231.7109375,whole_file,2.344746162927981,0,3,True,"{""top_2_microbenchmark"": 1}",top2,v3,"[""deflate|6|identity""]",9.707299992442131,0.4378883566010695,lt_16KiB,C:\Users\ss\Desktop\XAI\XAI\engines\XAI-Compress\results\model_search\imports\auto\lr-0-0002-f316e33308\v1\XAI-Compress\scripts\build_three_mode_report.py,9bfffccf3eb1ba81df60,24e42c636e241f83c64da3f49553fff5b64a73c821a1afb314a96d21a4d64089,PASS,end_to_end_artifact,False
True,3.4118831822759317,hybrid-v3-final-140-v1,0.12499999138526618,source_code,1,True,1694,1,0.11903709234946006,31.821966666029766,0.166976696979081,22.68576665665023,1.8336000212002546,,2.478000009432435,0.13478824144687213,28.10329999192618,67,hybrid_v3_top3,4.244500014465302,3972,39.953800005605444,231.7109375,whole_file,2.344746162927981,0,3,True,"{""top_3_microbenchmark"": 1}",top3,v3,"[""deflate|9|identity""]",11.30469999043271,0.4378883566010695,lt_16KiB,C:\Users\ss\Desktop\XAI\XAI\engines\XAI-Compress\results\model_search\imports\auto\lr-0-0002-f316e33308\v1\XAI-Compress\scripts\build_three_mode_report.py,9bfffccf3eb1ba81df60,24e42c636e241f83c64da3f49553fff5b64a73c821a1afb314a96d21a4d64089,PASS,end_to_end_artifact,False
True,3.247326507394767,hybrid-v3-final-140-v1,654.9660000018775,source_code,1,True,1784,2,0.00682744774867486,613.9041666659372,0.0064457365309913955,650.2590666641481,96.18439999758266,,3.141599998343736,0.007454976244746131,562.2282999975141,67,hybrid_v2,9.540500002913177,4395,794.8430000105873,231.7109375,whole_file,2.4635650224215246,0,3,True,"{""top_3_microbenchmark"": 1}",confidence,v2,"[""deflate|6|identity""]",766.5682000224479,0.6732970576503327,lt_16KiB,C:\Users\ss\Desktop\XAI\XAI\engines\XAI-Compress\results\model_search\imports\auto\lr-0-0002-f316e33308\v1\XAI-Compress\scripts\generate_report.py,2da37eefbc61febd2975,2b6d691c2c6b2458a8121f0313ca8ba8363894b3da29602ac6d9cda6b7b2203e,PASS,end_to_end_artifact,False
True,3.247326507394767,hybrid-v3-final-140-v1,0.0800999696366489,source_code,1,True,1784,1,0.09910063562332097,42.29436667325596,0.1565787303756023,26.768633329387132,48.472800001036376,,1.6571000160183758,0.1462052894956783,28.667900012806058,67,hybrid_v3_confidence,3.204300010111183,4395,73.34529998479411,231.7109375,whole_file,2.4635650224215246,0,3,True,"{""top_3_microbenchmark"": 1}",confidence,v3,"[""deflate|6|identity""]",56.19980001938529,0.6732970576503327,lt_16KiB,C:\Users\ss\Desktop\XAI\XAI\engines\XAI-Compress\results\model_search\imports\auto\lr-0-0002-f316e33308\v1\XAI-Compress\scripts\generate_report.py,2da37eefbc61febd2975,2b6d691c2c6b2458a8121f0313ca8ba8363894b3da29602ac6d9cda6b7b2203e,PASS,end_to_end_artifact,False
True,3.247326507394767,hybrid-v3-final-140-v1,0.1231000351253897,source_code,1,True,1784,2,0.15038331793776602,27.871433335045975,0.1716745014830622,24.414800010466326,1.947399985510856,,2.31869998970069,0.150841357082283,27.786799997556955,67,hybrid_v3_top2,2.487899997504428,4395,29.43670001695864,231.7109375,whole_file,2.4635650224215246,0,3,True,"{""top_2_microbenchmark"": 1}",top2,v3,"[""deflate|6|identity""]",9.675600012997165,0.6732970576503327,lt_16KiB,C:\Users\ss\Desktop\XAI\XAI\engines\XAI-Compress\results\model_search\imports\auto\lr-0-0002-f316e33308\v1\XAI-Compress\scripts\generate_report.py,2da37eefbc61febd2975,2b6d691c2c6b2458a8121f0313ca8ba8363894b3da29602ac6d9cda6b7b2203e,PASS,end_to_end_artifact,False
True,3.247326507394767,hybrid-v3-final-140-v1,0.11699998867698014,source_code,1,True,1784,1,0.14771986832038808,28.373966672612976,0.19169997850992904,21.864366669130202,2.4354999768547714,,2.367800014326349,0.14817035746085774,28.287699999054894,67,hybrid_v3_top3,3.881100012222305,4395,28.628700005356222,231.7109375,whole_file,2.4635650224215246,0,3,True,"{""top_3_microbenchmark"": 1}",top3,v3,"[""deflate|6|identity""]",11.707500001648441,0.6732970576503327,lt_16KiB,C:\Users\ss\Desktop\XAI\XAI\engines\XAI-Compress\results\model_search\imports\auto\lr-0-0002-f316e33308\v1\XAI-Compress\scripts\generate_report.py,2da37eefbc61febd2975,2b6d691c2c6b2458a8121f0313ca8ba8363894b3da29602ac6d9cda6b7b2203e,PASS,end_to_end_artifact,False
True,3.1221166892808685,hybrid-v3-final-140-v1,391.90540002891794,source_code,1,True,2301,1,0.012780959332656003,439.94066667316173,0.21220889674863355,26.496833335841075,75.07219997933134,,3.4106999810319394,0.01341070957881889,419.2816000140738,67,hybrid_v2,5.256200005533174,5896,517.7391000033822,231.7109375,whole_file,2.5623641894828335,0,3,True,"{""top_3_microbenchmark"": 1}",confidence,v2,"[""deflate|6|identity""]",478.4256999846548,0.5529267030782775,lt_16KiB,C:\Users\ss\Desktop\XAI\XAI\analytics\XAI-Compress-Analysis-Suite\generate_report.py,14d03c12483022a2865d,78eeb90cc75d0f4eb14da131f2857553bdf32446b2f28b9a86944e7da0ab22dc,PASS,end_to_end_artifact,False
True,3.1221166892808685,hybrid-v3-final-140-v1,0.26489997981116176,source_code,1,True,2301,1,0.1251508227279648,44.92870000346253,0.3146978463207814,17.867500001254182,42.01700002886355,,3.7588000122923404,0.21901515847685474,25.67339999950491,67,hybrid_v3_confidence,4.178300005150959,5896,85.12780000455678,231.7109375,whole_file,2.5623641894828335,0,3,True,"{""top_3_microbenchmark"": 1}",confidence,v3,"[""deflate|6|identity""]",52.88860001019202,0.5529267030782775,lt_16KiB,C:\Users\ss\Desktop\XAI\XAI\analytics\XAI-Compress-Analysis-Suite\generate_report.py,14d03c12483022a2865d,78eeb90cc75d0f4eb14da131f2857553bdf32446b2f28b9a86944e7da0ab22dc,PASS,end_to_end_artifact,False
True,3.1221166892808685,hybrid-v3-final-140-v1,0.11130000348202884,source_code,1,True,2301,1,0.26103278755550985,21.540833326677483,0.321333431823776,17.498533338463556,1.849400025093928,,1.9564999965950847,0.25784673609236153,21.806999982800335,67,hybrid_v3_top2,2.517399989301339,5896,22.079500020481646,231.7109375,whole_file,2.5623641894828335,0,3,True,"{""top_2_microbenchmark"": 1}",top2,v3,"[""deflate|6|identity""]",8.946699992520735,0.5529267030782775,lt_16KiB,C:\Users\ss\Desktop\XAI\XAI\analytics\XAI-Compress-Analysis-Suite\generate_report.py,14d03c12483022a2865d,78eeb90cc75d0f4eb14da131f2857553bdf32446b2f28b9a86944e7da0ab22dc,PASS,end_to_end_artifact,False
True,3.1207598371777476,hybrid-v3-final-140-v1,0.1008999824989587,source_code,1,True,2300,1,0.18403056564306822,30.553966673323885,0.1454062302229407,38.67003333289176,1.7037000216078013,,2.068800007691607,0.17959773248717015,31.308100005844608,67,hybrid_v3_top3,2.9238999995868653,5896,36.92169999703765,231.7109375,whole_file,2.5634782608695654,0,3,True,"{""top_3_microbenchmark"": 1}",top3,v3,"[""deflate|9|identity""]",8.856099972035736,0.5529267030782775,lt_16KiB,C:\Users\ss\Desktop\XAI\XAI\analytics\XAI-Compress-Analysis-Suite\generate_report.py,14d03c12483022a2865d,78eeb90cc75d0f4eb14da131f2857553bdf32446b2f28b9a86944e7da0ab22dc,PASS,end_to_end_artifact,False
True,0.6452337048023731,hybrid-v3-final-140-v1,506.8632000184152,source_code,1,True,1006,1,0.022780417044050465,522.1668999971977,0.1807181176187702,65.82173334512238,175.9879000019282,,2.443399978801608,0.02827418089012565,420.7081999920774,67,hybrid_v2,3.589999978430569,12473,729.5072999841068,231.7109375,whole_file,12.398608349900597,0,3,True,"{""top_3_microbenchmark"": 1}",confidence,v2,"[""deflate|6|identity""]",691.4500999846496,0.4862306461359575,lt_16KiB,C:\Users\ss\Desktop\XAI\XAI\apps\public_nextjs\.next\server\app\page_client-reference-manifest.js,d70e480f35e3d065646a,ccfeea95fd7f84d8ecf0e5bd8dfa381a2613732c24060e2c80da252ea747385c,PASS,end_to_end_artifact,False
True,0.6452337048023731,hybrid-v3-final-140-v1,0.16629998572170734,source_code,1,True,1006,1,0.15582245479083737,76.33803333737887,0.5461632059896186,21.779533330118284,137.3345000029076,,4.426700004842132,0.35541524973861216,33.46840001177043,67,hybrid_v3_confidence,3.7207000132184476,12473,169.34560000663623,231.7109375,whole_file,12.398608349900597,0,3,True,"{""top_3_microbenchmark"": 1}",confidence,v3,"[""deflate|6|identity""]",148.88269998482428,0.4862306461359575,lt_16KiB,C:\Users\ss\Desktop\XAI\XAI\apps\public_nextjs\.next\server\app\page_client-reference-manifest.js,d70e480f35e3d065646a,ccfeea95fd7f84d8ecf0e5bd8dfa381a2613732c24060e2c80da252ea747385c,PASS,end_to_end_artifact,False
True,0.6452337048023731,hybrid-v3-final-140-v1,0.14969997573643923,source_code,1,True,1006,1,0.42702601527021644,27.855866675963625,0.5017588252996742,23.706966671549406,1.99280001106672,,2.6587000174913555,0.43227219260909866,27.5178000156302,67,hybrid_v3_top2,2.357499994104728,12473,30.01590000349097,231.7109375,whole_file,12.398608349900597,0,3,True,"{""top_2_microbenchmark"": 1}",top2,v3,"[""deflate|6|identity""]",9.977600013371557,0.4862306461359575,lt_16KiB,C:\Users\ss\Desktop\XAI\XAI\apps\public_nextjs\.next\server\app\page_client-reference-manifest.js,d70e480f35e3d065646a,ccfeea95fd7f84d8ecf0e5bd8dfa381a2613732c24060e2c80da252ea747385c,PASS,end_to_end_artifact,False
True,0.6452337048023731,hybrid-v3-final-140-v1,0.14960000407882035,source_code,1,True,1006,1,0.3965262584287469,29.99846667322951,0.5573540294685249,21.342233337539557,1.7708000086713582,,2.1903000015299767,0.41766929467650354,28.479900007368997,67,hybrid_v3_top3,3.8868999981787056,12473,33.67669999715872,231.7109375,whole_file,12.398608349900597,0,3,True,"{""top_3_microbenchmark"": 1}",top3,v3,"[""deflate|6|identity""]",10.536699992371723,0.4862306461359575,lt_16KiB,C:\Users\ss\Desktop\XAI\XAI\apps\public_nextjs\.next\server\app\page_client-reference-manifest.js,d70e480f35e3d065646a,ccfeea95fd7f84d8ecf0e5bd8dfa381a2613732c24060e2c80da252ea747385c,PASS,end_to_end_artifact,False
True,2.3298217977749336,hybrid-v3-final-140-v1,349.53770000720397,source_code,1,True,5916,2,0.044326541458801424,437.0505666787115,0.3632778187906851,53.3281666575931,181.34090001694858,,5.6788999936543405,0.04758285347502555,407.141200004844,71,hybrid_v2,11.35649997740984,20314,589.6194000088144,231.7109375,whole_file,3.4337390128465177,0,3,True,"{""top_3_microbenchmark"": 1}",confidence,v2,"[""zstd|6|identity""]",550.9736000094563,0.28431046925834375,16_64KiB,C:\Users\ss\Desktop\XAI\XAI\apps\public_nextjs\.next\server\webpack-runtime.js,0ff9b372da6fcecbdc8a,1bc2b0798288ecd2ff4a1ee534cdda619a4058241b31c5581daf392006faaa0f,PASS,end_to_end_artifact,False
True,2.305798956384759,hybrid-v3-final-140-v1,0.12919999426230788,source_code,1,True,5855,2,0.15058230100676967,128.65350000599088,0.7566323215500327,25.604166662863765,239.0775000094436,,2.6704999909270555,0.3073464819116152,63.03290001233108,71,hybrid_v3_confidence,12.274899985641241,20314,280.7725000020582,231.7109375,whole_file,3.4695132365499575,0,3,True,"{""top_3_microbenchmark"": 1}",confidence,v3,"[""zstd|9|identity""]",259.0589000028558,0.28431046925834375,16_64KiB,C:\Users\ss\Desktop\XAI\XAI\apps\public_nextjs\.next\server\webpack-runtime.js,0ff9b372da6fcecbdc8a,1bc2b0798288ecd2ff4a1ee534cdda619a4058241b31c5581daf392006faaa0f,PASS,end_to_end_artifact,False
True,2.3298217977749336,hybrid-v3-final-140-v1,0.115500035462901,source_code,1,True,5916,2,0.29790162789155,65.03133333171718,0.8774095690246493,22.079700002601992,2.2929999977350235,,2.104299986967817,0.5101498369037819,37.97500001383014,71,hybrid_v3_top2,7.231499999761581,20314,123.67729999823496,231.7109375,whole_file,3.4337390128465177,0,3,True,"{""top_2_microbenchmark"": 1}",top2,v3,"[""zstd|6|identity""]",14.7006000042893,0.28431046925834375,16_64KiB,C:\Users\ss\Desktop\XAI\XAI\apps\public_nextjs\.next\server\webpack-runtime.js,0ff9b372da6fcecbdc8a,1bc2b0798288ecd2ff4a1ee534cdda619a4058241b31c5581daf392006faaa0f,PASS,end_to_end_artifact,False
True,2.3298217977749336,hybrid-v3-final-140-v1,0.14379998901858926,source_code,1,True,5916,2,0.38505069413599047,50.31270001200028,0.8010775922000415,24.183600005926564,3.000700002303347,,2.9272999963723123,0.41518929426232826,46.66049999650568,71,hybrid_v3_top3,19.168700004229322,20314,65.78160001663491,231.7109375,whole_file,3.4337390128465177,0,3,True,"{""top_3_microbenchmark"": 1}",top3,v3,"[""zstd|6|identity""]",29.834699991624802,0.28431046925834375,16_64KiB,C:\Users\ss\Desktop\XAI\XAI\apps\public_nextjs\.next\server\webpack-runtime.js,0ff9b372da6fcecbdc8a,1bc2b0798288ecd2ff4a1ee534cdda619a4058241b31c5581daf392006faaa0f,PASS,end_to_end_artifact,False
True,2.8103806597154377,hybrid-v3-final-140-v1,263.62260000314564,source_code,1,True,39554,1,0.154219567634675,696.2670666786531,1.1103746779887869,96.7043000079381,138.39209999423474,,1.1443999828770757,0.16099846387200503,666.9505000172649,72,hybrid_v2,9.336900024209172,112594,956.1162000172772,231.7109375,whole_file,2.84658947261971,0,3,True,"{""top_3_microbenchmark"": 1}",confidence,v2,"[""deflate|9|identity""]",416.0412999917753,0.4599885757011181,64KiB_1MiB,C:\Users\ss\Desktop\XAI\XAI\apps\public_nextjs\.next\static\chunks\polyfills.js,8abb57b457777e88f55e,0973c1d64c88adc8e3c950410cb58b288f72118d5965b78049438deb8f2f9683,PASS,end_to_end_artifact,False
True,2.8103806597154377,hybrid-v3-final-140-v1,0.13520001084543765,source_code,1,True,39554,1,0.8651044634489028,124.121433327673,1.1524579822027972,93.1730333250016,195.4015000083018,,1.9302000000607222,1.637204259550259,65.58619998395443,72,hybrid_v3_confidence,10.442000027978793,112594,249.17210001149215,231.7109375,whole_file,2.84658947261971,0,3,True,"{""top_3_microbenchmark"": 1}",confidence,v3,"[""deflate|9|identity""]",211.99099998921156,0.4599885757011181,64KiB_1MiB,C:\Users\ss\Desktop\XAI\XAI\apps\public_nextjs\.next\static\chunks\polyfills.js,8abb57b457777e88f55e,0973c1d64c88adc8e3c950410cb58b288f72118d5965b78049438deb8f2f9683,PASS,end_to_end_artifact,False
True,2.843561823898254,hybrid-v3-final-140-v1,0.12749998131766915,source_code,1,True,40021,2,2.9008695196611356,37.01580000536827,1.6130533760642183,66.5681666675179,2.5357999838888645,,2.011900010984391,2.3950181889738684,44.833899999503046,72,hybrid_v3_top2,6.027499999618158,112594,45.99310000776313,231.7109375,whole_file,2.813372979185927,0,3,True,"{""top_2_microbenchmark"": 1}",top2,v3,"[""deflate|6|identity""]",14.850299980025738,0.4599885757011181,64KiB_1MiB,C:\Users\ss\Desktop\XAI\XAI\apps\public_nextjs\.next\static\chunks\polyfills.js,8abb57b457777e88f55e,0973c1d64c88adc8e3c950410cb58b288f72118d5965b78049438deb8f2f9683,PASS,end_to_end_artifact,False
True,2.8103806597154377,hybrid-v3-final-140-v1,0.10629999451339245,source_code,1,True,39554,1,1.7241732785530828,62.277966673718765,1.5298932554634102,70.18660001146297,1.8242000078316778,,2.224900003056973,2.2117540698558567,48.54879999766126,72,hybrid_v3_top3,7.782699976814911,112594,98.18550001364201,231.7109375,whole_file,2.84658947261971,0,3,True,"{""top_3_microbenchmark"": 1}",top3,v3,"[""deflate|9|identity""]",15.900400001555681,0.4599885757011181,64KiB_1MiB,C:\Users\ss\Desktop\XAI\XAI\apps\public_nextjs\.next\static\chunks\polyfills.js,8abb57b457777e88f55e,0973c1d64c88adc8e3c950410cb58b288f72118d5965b78049438deb8f2f9683,PASS,end_to_end_artifact,False
True,1.3506312985057338,hybrid-v3-final-140-v1,362.5657000229694,source_code,1,True,29150,2,0.2824642386347993,582.9460333334282,2.9284175982611433,56.22880000737496,125.69999997504056,,3.824899991741404,0.2838242053925522,580.1528000156395,72,hybrid_v2,18.287999992026016,172660,824.4370000029448,231.7109375,whole_file,5.923156089193825,0,3,True,"{""top_3_microbenchmark"": 1}",confidence,v2,"[""deflate|6|identity""]",514.9377999769058,0.5070872314153069,64KiB_1MiB,C:\Users\ss\Desktop\XAI\XAI\apps\web_angular\.angular\cache\20.3.28\xai-web\vite\deps\chunk-RSS3ODKE.js,0cbec22b5580244ca3cd,9e031c792628e3cf941c0005dbf48c55224dbae87e99f747998cc7e2ee136ee8,PASS,end_to_end_artifact,False
True,1.3506312985057338,hybrid-v3-final-140-v1,0.16160000814124942,source_code,1,True,29150,1,1.6819576105864595,97.89866666930418,2.1000221589172043,78.40936666859004,125.70869998307899,,2.3791000130586326,2.7782842723176793,59.26730000646785,72,hybrid_v3_confidence,12.624900002265349,172660,175.88850000174716,231.7109375,whole_file,5.923156089193825,0,3,True,"{""top_3_microbenchmark"": 1}",confidence,v3,"[""deflate|6|identity""]",145.05160000408068,0.5070872314153069,64KiB_1MiB,C:\Users\ss\Desktop\XAI\XAI\apps\web_angular\.angular\cache\20.3.28\xai-web\vite\deps\chunk-RSS3ODKE.js,0cbec22b5580244ca3cd,9e031c792628e3cf941c0005dbf48c55224dbae87e99f747998cc7e2ee136ee8,PASS,end_to_end_artifact,False
True,1.3506312985057338,hybrid-v3-final-140-v1,0.12920002336613834,source_code,1,True,29150,2,2.9460780275251253,55.891733325552195,2.427778518746118,67.82389999716543,2.2791000083088875,,2.4615000002086163,2.8355138347544466,58.07110000750981,72,hybrid_v3_top2,5.909200001042336,172660,85.03709998331033,231.7109375,whole_file,5.923156089193825,0,3,True,"{""top_2_microbenchmark"": 1}",top2,v3,"[""deflate|6|identity""]",16.012300009606406,0.5070872314153069,64KiB_1MiB,C:\Users\ss\Desktop\XAI\XAI\apps\web_angular\.angular\cache\20.3.28\xai-web\vite\deps\chunk-RSS3ODKE.js,0cbec22b5580244ca3cd,9e031c792628e3cf941c0005dbf48c55224dbae87e99f747998cc7e2ee136ee8,PASS,end_to_end_artifact,False
True,1.3456272442951465,hybrid-v3-final-140-v1,0.04919999628327787,source_code,1,True,29042,2,4.521176734755294,36.42003335213909,4.213412062625081,39.080300009421386,0.742900010664016,,0.821399997221306,3.8308050152948048,42.983500025002286,72,hybrid_v3_top3,4.3815000099129975,172660,43.8995000149589,231.7109375,whole_file,5.945182838647476,0,3,True,"{""top_3_microbenchmark"": 1}",top3,v3,"[""zstd|6|identity""]",8.001299982424825,0.5070872314153069,64KiB_1MiB,C:\Users\ss\Desktop\XAI\XAI\apps\web_angular\.angular\cache\20.3.28\xai-web\vite\deps\chunk-RSS3ODKE.js,0cbec22b5580244ca3cd,9e031c792628e3cf941c0005dbf48c55224dbae87e99f747998cc7e2ee136ee8,PASS,end_to_end_artifact,False
True,1.6873868436934218,hybrid-v3-final-140-v1,147.93209999334067,source_code,1,True,46134,2,0.6818161977322551,305.9350333351176,5.462106143621288,38.18883333588019,86.35619998676702,,1.1903000122401863,0.688502466233918,302.9640000022482,72,hybrid_v2,8.998900011647493,218724,333.7210000026971,231.7109375,whole_file,4.741058655221745,0,3,True,"{""top_3_microbenchmark"": 1}",confidence,v2,"[""deflate|6|identity""]",248.03719998453744,0.4439523954203895,64KiB_1MiB,C:\Users\ss\Desktop\XAI\XAI\apps\web_angular\.angular\cache\20.3.28\xai-web\vite\deps\@angular_router.js,0176cdda1aac09477d97,2ca20fd23b2105de3f4c4f2a05ff0fb88b02f5942651b40d75fa273c69763a2d,PASS,end_to_end_artifact,False
True,1.6873868436934218,hybrid-v3-final-140-v1,0.07870001718401909,source_code,1,True,46134,1,2.227395824501795,93.6481333434737,2.9199890414005933,71.43570000577408,96.0767000215128,,1.1858999787364155,2.2979840720904607,90.77149999211542,72,hybrid_v3_confidence,6.065499997930601,218724,137.03010001336224,231.7109375,whole_file,4.741058655221745,0,3,True,"{""top_3_microbenchmark"": 1}",confidence,v3,"[""deflate|6|identity""]",108.71480000787415,0.4439523954203895,64KiB_1MiB,C:\Users\ss\Desktop\XAI\XAI\apps\web_angular\.angular\cache\20.3.28\xai-web\vite\deps\@angular_router.js,0176cdda1aac09477d97,2ca20fd23b2105de3f4c4f2a05ff0fb88b02f5942651b40d75fa273c69763a2d,PASS,end_to_end_artifact,False
True,1.6873868436934218,hybrid-v3-final-140-v1,0.12219997006468475,source_code,1,True,46134,1,3.673635296407172,56.780666656171285,2.787452225391272,74.83230000555825,1.9953999726567417,,2.371800015680492,3.3945957841244394,61.4480999938678,72,hybrid_v3_top2,5.153699981747195,218724,67.58229999104515,231.7109375,whole_file,4.741058655221745,0,3,True,"{""top_2_microbenchmark"": 1}",top2,v3,"[""deflate|6|identity""]",15.444799995748326,0.4439523954203895,64KiB_1MiB,C:\Users\ss\Desktop\XAI\XAI\apps\web_angular\.angular\cache\20.3.28\xai-web\vite\deps\@angular_router.js,0176cdda1aac09477d97,2ca20fd23b2105de3f4c4f2a05ff0fb88b02f5942651b40d75fa273c69763a2d,PASS,end_to_end_artifact,False
True,1.5831093067061686,hybrid-v3-final-140-v1,0.056899996707215905,source_code,1,True,43283,1,2.9480266940471305,70.75630000326782,3.0886332042904203,67.53520000105102,1.7760999908205122,,0.9703999967314303,4.017632487202896,51.919000019552186,72,hybrid_v3_top3,5.309800006216392,218724,111.45500000566244,231.7109375,whole_file,5.053346579488482,0,3,True,"{""top_3_microbenchmark"": 1}",top3,v3,"[""zstd|9|identity""]",11.71650001197122,0.4439523954203895,64KiB_1MiB,C:\Users\ss\Desktop\XAI\XAI\apps\web_angular\.angular\cache\20.3.28\xai-web\vite\deps\@angular_router.js,0176cdda1aac09477d97,2ca20fd23b2105de3f4c4f2a05ff0fb88b02f5942651b40d75fa273c69763a2d,PASS,end_to_end_artifact,False
True,12.50909090909091,hybrid-v3-final-140-v1,0.0,text,1,True,172,1,0.005811264660376247,18.05186666509447,0.0031441445950620233,33.36493333335966,0.02850001328624785,,0.0,0.006210397704876514,16.89169998280704,62,hybrid_v2,0.0,110,21.316800004569814,231.7109375,whole_file,0.6395348837209303,0,3,True,"{""direct_bypass"": 1}",confidence,v2,"[""raw|default|identity""]",0.9324999991804361,1.0,lt_16KiB,C:\Users\ss\Desktop\XAI\XAI\engines\XAI-Compress\requirements.txt,0ebdf4283c5b6a0215ac,12d5e52979bac2507069908c31ce1fcd3b5c50a53bb359f4a43817ab410dc405,PASS,end_to_end_artifact,False
True,12.8,hybrid-v3-final-140-v1,0.0,text,1,True,176,1,0.006354760514060295,16.507966676726937,0.00491296920157216,21.352499985368922,0.0467000063508749,,0.0,0.006499920981656856,16.13930001622066,62,hybrid_v3_confidence,0.0,110,17.522200010716915,231.7109375,whole_file,0.625,0,3,True,"{""small_file_rule_direct"": 1}",confidence,v3,"[""brotli|1|identity""]",1.282899989746511,1.0,lt_16KiB,C:\Users\ss\Desktop\XAI\XAI\engines\XAI-Compress\requirements.txt,0ebdf4283c5b6a0215ac,12d5e52979bac2507069908c31ce1fcd3b5c50a53bb359f4a43817ab410dc405,PASS,end_to_end_artifact,False
True,12.8,hybrid-v3-final-140-v1,0.0,text,1,True,176,1,0.0063418907705275005,16.54146666987799,0.0058234587825062,18.014066678006202,0.03670001751743257,,0.0,0.006008223021835475,17.460100003518164,62,hybrid_v3_top2,0.0,110,17.465600016294047,231.7109375,whole_file,0.625,0,3,True,"{""small_file_rule_direct"": 1}",top2,v3,"[""brotli|1|identity""]",1.3390000094659626,1.0,lt_16KiB,C:\Users\ss\Desktop\XAI\XAI\engines\XAI-Compress\requirements.txt,0ebdf4283c5b6a0215ac,12d5e52979bac2507069908c31ce1fcd3b5c50a53bb359f4a43817ab410dc405,PASS,end_to_end_artifact,False
True,12.8,hybrid-v3-final-140-v1,0.0,text,1,True,176,1,0.007481825725610527,14.02119999208177,0.006217759614820537,16.871699985737603,0.03399999695830047,,0.0,0.007564586650181814,13.86780000757426,62,hybrid_v3_top3,0.0,110,14.996399986557662,231.7109375,whole_file,0.625,0,3,True,"{""small_file_rule_direct"": 1}",top3,v3,"[""brotli|1|identity""]",1.2348000018391758,1.0,lt_16KiB,C:\Users\ss\Desktop\XAI\XAI\engines\XAI-Compress\requirements.txt,0ebdf4283c5b6a0215ac,12d5e52979bac2507069908c31ce1fcd3b5c50a53bb359f4a43817ab410dc405,PASS,end_to_end_artifact,False
True,3.4596949891067537,hybrid-v3-final-140-v1,394.143300014548,text,1,True,794,2,0.0035488600698402577,493.38266667715897,0.0307902496010976,56.866899996142216,22.457799990661442,,4.026799986604601,0.003509552038023681,498.9087000139989,67,hybrid_v2,3.472999989753589,1836,525.5526000109967,231.7109375,whole_file,2.3123425692695214,0,3,True,"{""top_3_microbenchmark"": 1}",confidence,v2,"[""brotli|4|identity""]",427.18940001213923,0.4513225032681794,lt_16KiB,C:\Users\ss\Desktop\XAI\XAI\apps\desktop_flutter\windows\runner\CMakeLists.txt,4bb6ea144fbc0976bcbe,d765fdd05f63ad099e585a2cced0cbff13ec3229b7de68c8681b2107db850089,PASS,end_to_end_artifact,False
True,3.599128540305011,hybrid-v3-final-140-v1,0.15549999079667032,text,1,True,826,1,0.04558489077915255,38.4106666703398,0.07945254453933459,22.037633345462382,25.89560000342317,,6.82430001324974,0.05851818578836267,29.921400011517107,67,hybrid_v3_confidence,3.054500004509464,1836,57.79330001678318,231.7109375,whole_file,2.222760290556901,0,3,True,"{""top_3_microbenchmark"": 1}",confidence,v3,"[""deflate|6|identity""]",39.58219999913126,0.4513225032681794,lt_16KiB,C:\Users\ss\Desktop\XAI\XAI\apps\desktop_flutter\windows\runner\CMakeLists.txt,4bb6ea144fbc0976bcbe,d765fdd05f63ad099e585a2cced0cbff13ec3229b7de68c8681b2107db850089,PASS,end_to_end_artifact,False
True,3.599128540305011,hybrid-v3-final-140-v1,0.13040000339969993,text,1,True,826,2,0.06450804055220395,27.143066661665216,0.04443202262221567,39.4072999964313,1.264000020455569,,2.3326000082306564,0.06337899144002732,27.626600000075996,67,hybrid_v3_top2,1.6838000155985355,1836,28.514300007373095,231.7109375,whole_file,2.222760290556901,0,3,True,"{""top_2_microbenchmark"": 1}",top2,v3,"[""deflate|6|identity""]",8.091800002148375,0.4513225032681794,lt_16KiB,C:\Users\ss\Desktop\XAI\XAI\apps\desktop_flutter\windows\runner\CMakeLists.txt,4bb6ea144fbc0976bcbe,d765fdd05f63ad099e585a2cced0cbff13ec3229b7de68c8681b2107db850089,PASS,end_to_end_artifact,False
True,3.4596949891067537,hybrid-v3-final-140-v1,0.1016999885905534,text,1,True,794,2,0.07295922651416425,23.9989666636878,0.07323805173446374,23.90759999010091,1.2285000120755285,,2.512700011720881,0.07299410297610899,23.987499997019768,67,hybrid_v3_top3,3.1587000121362507,1836,26.864899991778657,231.7109375,whole_file,2.3123425692695214,0,3,True,"{""top_3_microbenchmark"": 1}",top3,v3,"[""brotli|4|identity""]",9.794199984753504,0.4513225032681794,lt_16KiB,C:\Users\ss\Desktop\XAI\XAI\apps\desktop_flutter\windows\runner\CMakeLists.txt,4bb6ea144fbc0976bcbe,d765fdd05f63ad099e585a2cced0cbff13ec3229b7de68c8681b2107db850089,PASS,end_to_end_artifact,False
True,8.000391420284812,hybrid-v3-final-140-v1,0.0,video,1,True,1471636,1,18.11464395124511,77.4728333344683,13.990180623976332,100.31269999065746,3.3916000102180988,,0.0,17.941564861716248,78.22019999730401,72,hybrid_v2,0.0,1471564,78.64799999515526,231.7109375,whole_file,0.999951074858185,0,3,True,"{""direct_bypass"": 1}",confidence,v2,"[""raw|default|identity""]",33.07069998118095,1.0,1_10MiB,C:\Users\ss\Desktop\XAI\XAI\engines\XAI-Compress\data\test\archive (1)\FaceForensics++_C23\DeepFakeDetection\02_09__walk_down_hall_angry__6KUOFMZW.mp4,48e21ec2f07a239cb0db,f0af6d9d362282406052f328451863fbc680c84411dbbfb4d4acc2209913fc2f,PASS,end_to_end_artifact,False
True,8.000391420284812,hybrid-v3-final-140-v1,0.0,video,1,True,1471636,1,22.3288974867912,62.8509666712489,19.606199278973317,71.57903333427384,1.780500024324283,,0.0,20.39397146464882,68.81409999914467,72,hybrid_v3_confidence,0.0,1471564,84.10510001704097,231.7109375,whole_file,0.999951074858185,0,3,True,"{""direct_bypass"": 1}",confidence,v3,"[""raw|default|identity""]",24.15310000651516,1.0,1_10MiB,C:\Users\ss\Desktop\XAI\XAI\engines\XAI-Compress\data\test\archive (1)\FaceForensics++_C23\DeepFakeDetection\02_09__walk_down_hall_angry__6KUOFMZW.mp4,48e21ec2f07a239cb0db,f0af6d9d362282406052f328451863fbc680c84411dbbfb4d4acc2209913fc2f,PASS,end_to_end_artifact,False
True,8.000391420284812,hybrid-v3-final-140-v1,0.0,video,1,True,1471636,1,34.05521706412469,41.20933333373008,25.8588863326543,54.271199992702655,0.8640000014565885,,0.0,36.674762415747544,38.26590001699515,72,hybrid_v3_top2,0.0,1471564,47.569299989845604,231.7109375,whole_file,0.999951074858185,0,3,True,"{""direct_bypass"": 1}",top2,v3,"[""raw|default|identity""]",14.252499997382984,1.0,1_10MiB,C:\Users\ss\Desktop\XAI\XAI\engines\XAI-Compress\data\test\archive (1)\FaceForensics++_C23\DeepFakeDetection\02_09__walk_down_hall_angry__6KUOFMZW.mp4,48e21ec2f07a239cb0db,f0af6d9d362282406052f328451863fbc680c84411dbbfb4d4acc2209913fc2f,PASS,end_to_end_artifact,False
True,8.000391420284812,hybrid-v3-final-140-v1,0.0,video,1,True,1471636,1,37.32890939283698,37.59533333747337,29.84422383023007,47.02393333233582,0.8129000198096037,,0.0,49.435256926530954,28.388500009896234,72,hybrid_v3_top3,0.0,1471564,56.40460000722669,231.7109375,whole_file,0.999951074858185,0,3,True,"{""direct_bypass"": 1}",top3,v3,"[""raw|default|identity""]",10.43490000301972,1.0,1_10MiB,C:\Users\ss\Desktop\XAI\XAI\engines\XAI-Compress\data\test\archive (1)\FaceForensics++_C23\DeepFakeDetection\02_09__walk_down_hall_angry__6KUOFMZW.mp4,48e21ec2f07a239cb0db,f0af6d9d362282406052f328451863fbc680c84411dbbfb4d4acc2209913fc2f,PASS,end_to_end_artifact,False
True,8.000367895027285,hybrid-v3-final-140-v1,0.0,video,1,True,1565736,1,21.096310171481903,70.77699999596614,16.865333881470644,88.53269999963231,3.9044999866746366,,0.0,18.73642163851306,79.69149999553338,72,hybrid_v2,0.0,1565664,91.26610000384971,231.7734375,whole_file,0.999954015236285,0,3,True,"{""direct_bypass"": 1}",confidence,v2,"[""raw|default|identity""]",31.560500006889924,1.0,1_10MiB,C:\Users\ss\Desktop\XAI\XAI\engines\XAI-Compress\data\test\archive (1)\FaceForensics++_C23\DeepFakeDetection\02_18__walk_down_hall_angry__B95S4G6F.mp4,75ac8e38c89544f86012,29ae66520a76297fb9202e7574e69be6d9946f0c1b0765fb4c3bfdd430a3ca51,PASS,end_to_end_artifact,False
True,8.000367895027285,hybrid-v3-final-140-v1,0.0,video,1,True,1565736,1,40.87271860598553,36.531299992930144,31.476270425824396,47.4367999995593,0.8000000088941306,,0.0,38.802846813262015,38.47999998833984,72,hybrid_v3_confidence,0.0,1565664,38.855999999213964,231.7734375,whole_file,0.999954015236285,0,3,True,"{""direct_bypass"": 1}",confidence,v3,"[""raw|default|identity""]",12.700800027232617,1.0,1_10MiB,C:\Users\ss\Desktop\XAI\XAI\engines\XAI-Compress\data\test\archive (1)\FaceForensics++_C23\DeepFakeDetection\02_18__walk_down_hall_angry__B95S4G6F.mp4,75ac8e38c89544f86012,29ae66520a76297fb9202e7574e69be6d9946f0c1b0765fb4c3bfdd430a3ca51,PASS,end_to_end_artifact,False
True,8.000367895027285,hybrid-v3-final-140-v1,0.0,video,1,True,1565736,1,26.499684300160833,56.34533332583184,19.020946795904006,78.49943333227809,0.9034000104293227,,0.0,33.116205650642975,45.08769998210482,72,hybrid_v3_top2,0.0,1565664,87.03349999268539,231.7734375,whole_file,0.999954015236285,0,3,True,"{""direct_bypass"": 1}",top2,v3,"[""raw|default|identity""]",12.760500016156584,1.0,1_10MiB,C:\Users\ss\Desktop\XAI\XAI\engines\XAI-Compress\data\test\archive (1)\FaceForensics++_C23\DeepFakeDetection\02_18__walk_down_hall_angry__B95S4G6F.mp4,75ac8e38c89544f86012,29ae66520a76297fb9202e7574e69be6d9946f0c1b0765fb4c3bfdd430a3ca51,PASS,end_to_end_artifact,False
True,8.000367895027285,hybrid-v3-final-140-v1,0.0,video,1,True,1565736,1,23.527697249267856,63.46279999706894,20.30584621290176,73.53220000125778,1.9008999806828797,,0.0,21.449801390834523,69.61060001049191,72,hybrid_v3_top3,0.0,1565664,77.29709998238832,231.7734375,whole_file,0.999954015236285,0,3,True,"{""direct_bypass"": 1}",top3,v3,"[""raw|default|identity""]",26.07639998313971,1.0,1_10MiB,C:\Users\ss\Desktop\XAI\XAI\engines\XAI-Compress\data\test\archive (1)\FaceForensics++_C23\DeepFakeDetection\02_18__walk_down_hall_angry__B95S4G6F.mp4,75ac8e38c89544f86012,29ae66520a76297fb9202e7574e69be6d9946f0c1b0765fb4c3bfdd430a3ca51,PASS,end_to_end_artifact,False
True,8.000349539378705,hybrid-v3-final-140-v1,0.0,video,1,True,1647955,1,9.483433429274006,165.71463334063688,6.887206601597223,228.18303333284953,6.136200012406334,,0.0,10.175841246469313,154.4387000030838,72,hybrid_v2,0.0,1647883,232.03600000124425,231.83984375,whole_file,0.9999563094866061,0,3,True,"{""direct_bypass"": 1}",confidence,v2,"[""raw|default|identity""]",74.54100000904873,1.0,1_10MiB,C:\Users\ss\Desktop\XAI\XAI\engines\XAI-Compress\data\test\archive (1)\FaceForensics++_C23\DeepFakeDetection\02_18__exit_phone_room__OXMEEFUQ.mp4,f887056a858ef5d79853,14dd6934fc7bb1bcc957d1268c8011dfe9e73ae530c960ebbbf0bb1d61cf8f34,PASS,end_to_end_artifact,False
True,8.000349539378705,hybrid-v3-final-140-v1,0.0,video,1,True,1647955,1,28.46255224413225,55.21443333903638,23.233252916567675,67.6419999896704,2.3981000122148544,,0.0,40.964020781054394,38.364000007277355,72,hybrid_v3_confidence,0.0,1647883,89.15720001095906,231.83984375,whole_file,0.9999563094866061,0,3,True,"{""direct_bypass"": 1}",confidence,v3,"[""raw|default|identity""]",34.53510001418181,1.0,1_10MiB,C:\Users\ss\Desktop\XAI\XAI\engines\XAI-Compress\data\test\archive (1)\FaceForensics++_C23\DeepFakeDetection\02_18__exit_phone_room__OXMEEFUQ.mp4,f887056a858ef5d79853,14dd6934fc7bb1bcc957d1268c8011dfe9e73ae530c960ebbbf0bb1d61cf8f34,PASS,end_to_end_artifact,False
True,8.000349539378705,hybrid-v3-final-140-v1,0.0,video,1,True,1647955,1,35.87753563144562,43.803000007756054,29.01357856207522,54.165799995341025,0.8718000026419759,,0.0,34.641748228813476,45.36560000269674,72,hybrid_v3_top2,0.0,1647883,50.11500002001412,231.83984375,whole_file,0.9999563094866061,0,3,True,"{""direct_bypass"": 1}",top2,v3,"[""raw|default|identity""]",16.269999992800876,1.0,1_10MiB,C:\Users\ss\Desktop\XAI\XAI\engines\XAI-Compress\data\test\archive (1)\FaceForensics++_C23\DeepFakeDetection\02_18__exit_phone_room__OXMEEFUQ.mp4,f887056a858ef5d79853,14dd6934fc7bb1bcc957d1268c8011dfe9e73ae530c960ebbbf0bb1d61cf8f34,PASS,end_to_end_artifact,False
True,8.000349539378705,hybrid-v3-final-140-v1,0.0,video,1,True,1647955,1,33.06686819617982,47.52623333479278,28.357881492515915,55.418233338665836,0.7612000044900924,,0.0,30.421547765781952,51.6588999889791,72,hybrid_v3_top3,0.0,1647883,51.779900008114055,231.83984375,whole_file,0.9999563094866061,0,3,True,"{""direct_bypass"": 1}",top3,v3,"[""raw|default|identity""]",11.043500009691343,1.0,1_10MiB,C:\Users\ss\Desktop\XAI\XAI\engines\XAI-Compress\data\test\archive (1)\FaceForensics++_C23\DeepFakeDetection\02_18__exit_phone_room__OXMEEFUQ.mp4,f887056a858ef5d79853,14dd6934fc7bb1bcc957d1268c8011dfe9e73ae530c960ebbbf0bb1d61cf8f34,PASS,end_to_end_artifact,False
True,8.00023612551758,hybrid-v3-final-140-v1,0.0,video,1,True,2608859,1,29.345214762986814,84.78139998624101,33.33800173374006,74.62739999755286,1.6254000074695796,,0.0,29.71611680860065,83.72319999034517,77,hybrid_v2,0.0,2608782,87.19369999016635,231.83984375,whole_file,0.9999704851814529,0,3,True,"{""direct_bypass"": 1}",confidence,v2,"[""raw|default|identity""]",34.01569998823106,1.0,1_10MiB,C:\Users\ss\Desktop\XAI\XAI\engines\XAI-Compress\data\test\archive (1)\FaceForensics++_C23\DeepFakeDetection\03_26__walk_down_hall_angry__WBSXBL82.mp4,84dcd2e350a766eef717,a5851c69fc24e31cb054a87440e8e56ccca46267acbde202d5809bb8d66a5d43,PASS,end_to_end_artifact,False
True,8.00023612551758,hybrid-v3-final-140-v1,0.0,video,1,True,2608859,1,37.264408028849765,66.76419999954912,34.310874348559466,72.51136666551854,0.7033000001683831,,0.0,39.1860839793166,63.4901000012178,77,hybrid_v3_confidence,0.0,2608782,74.24180000089109,231.83984375,whole_file,0.9999704851814529,0,3,True,"{""direct_bypass"": 1}",confidence,v3,"[""raw|default|identity""]",34.26070002024062,1.0,1_10MiB,C:\Users\ss\Desktop\XAI\XAI\engines\XAI-Compress\data\test\archive (1)\FaceForensics++_C23\DeepFakeDetection\03_26__walk_down_hall_angry__WBSXBL82.mp4,84dcd2e350a766eef717,a5851c69fc24e31cb054a87440e8e56ccca46267acbde202d5809bb8d66a5d43,PASS,end_to_end_artifact,False
True,8.00023612551758,hybrid-v3-final-140-v1,0.0,video,1,True,2608859,1,23.17146217911617,107.37036667220916,22.069896438085323,112.72949999935615,1.5394000220112503,,0.0,24.000227566598024,103.66270001395606,77,hybrid_v3_top2,0.0,2608782,135.6163999880664,231.83984375,whole_file,0.9999704851814529,0,3,True,"{""direct_bypass"": 1}",top2,v3,"[""raw|default|identity""]",27.91659999638796,1.0,1_10MiB,C:\Users\ss\Desktop\XAI\XAI\engines\XAI-Compress\data\test\archive (1)\FaceForensics++_C23\DeepFakeDetection\03_26__walk_down_hall_angry__WBSXBL82.mp4,84dcd2e350a766eef717,a5851c69fc24e31cb054a87440e8e56ccca46267acbde202d5809bb8d66a5d43,PASS,end_to_end_artifact,False
True,8.00023612551758,hybrid-v3-final-140-v1,0.0,video,1,True,2608859,1,20.574977944628312,120.92009999711688,17.64532020704988,140.99649999601147,7.76070001302287,,0.0,20.1093955973372,123.71970000094734,77,hybrid_v3_top3,0.0,2608782,148.5633999982383,231.83984375,whole_file,0.9999704851814529,0,3,True,"{""direct_bypass"": 1}",top3,v3,"[""raw|default|identity""]",63.46480001229793,1.0,1_10MiB,C:\Users\ss\Desktop\XAI\XAI\engines\XAI-Compress\data\test\archive (1)\FaceForensics++_C23\DeepFakeDetection\03_26__walk_down_hall_angry__WBSXBL82.mp4,84dcd2e350a766eef717,a5851c69fc24e31cb054a87440e8e56ccca46267acbde202d5809bb8d66a5d43,PASS,end_to_end_artifact,False
True,8.000232868038294,hybrid-v3-final-140-v1,0.0,video,1,True,2645352,1,35.83186948610774,70.4046666699772,33.21352170802777,75.95493334035079,2.3335999867413193,,0.0,34.74744913496016,72.60189999942668,77,hybrid_v2,0.0,2645275,81.81600001989864,231.83984375,whole_file,0.9999708923424936,0,3,True,"{""direct_bypass"": 1}",confidence,v2,"[""raw|default|identity""]",32.300999999279156,1.0,1_10MiB,C:\Users\ss\Desktop\XAI\XAI\engines\XAI-Compress\data\test\archive (1)\FaceForensics++_C23\DeepFakeDetection\05_16__walk_down_hall_angry__U9WZI5LK.mp4,b46249238a82a1760029,cc04fc7516807fbf54504d208596ce2f7346ae423b220dfeec52279c09185d82,PASS,end_to_end_artifact,False
True,8.000232868038294,hybrid-v3-final-140-v1,0.0,video,1,True,2645352,1,18.07443066089064,139.5745666717024,19.082236554135054,132.20309999693805,1.167700014775619,,0.0,18.699527585166084,134.90880001336336,77,hybrid_v3_confidence,0.0,2645275,158.75239999149926,231.83984375,whole_file,0.9999708923424936,0,3,True,"{""direct_bypass"": 1}",confidence,v3,"[""raw|default|identity""]",50.629899982595816,1.0,1_10MiB,C:\Users\ss\Desktop\XAI\XAI\engines\XAI-Compress\data\test\archive (1)\FaceForensics++_C23\DeepFakeDetection\05_16__walk_down_hall_angry__U9WZI5LK.mp4,b46249238a82a1760029,cc04fc7516807fbf54504d208596ce2f7346ae423b220dfeec52279c09185d82,PASS,end_to_end_artifact,False
True,8.000232868038294,hybrid-v3-final-140-v1,0.0,video,1,True,2645352,1,27.865912996392222,90.53106667124666,27.704810994724568,91.05750000647579,2.936100005172193,,0.0,26.738969154816132,94.3466000026092,77,hybrid_v3_top2,0.0,2645275,103.55930001242086,231.83984375,whole_file,0.9999708923424936,0,3,True,"{""direct_bypass"": 1}",top2,v3,"[""raw|default|identity""]",36.503200011793524,1.0,1_10MiB,C:\Users\ss\Desktop\XAI\XAI\engines\XAI-Compress\data\test\archive (1)\FaceForensics++_C23\DeepFakeDetection\05_16__walk_down_hall_angry__U9WZI5LK.mp4,b46249238a82a1760029,cc04fc7516807fbf54504d208596ce2f7346ae423b220dfeec52279c09185d82,PASS,end_to_end_artifact,False
True,8.000232868038294,hybrid-v3-final-140-v1,0.0,video,1,True,2645352,1,21.46495280945505,117.52790000173263,22.81135740915266,110.59100000420585,2.604199980851263,,0.0,26.18094935189274,96.35750000597909,77,hybrid_v3_top3,0.0,2645275,171.42080000485294,231.83984375,whole_file,0.9999708923424936,0,3,True,"{""direct_bypass"": 1}",top3,v3,"[""raw|default|identity""]",44.85900001600385,1.0,1_10MiB,C:\Users\ss\Desktop\XAI\XAI\engines\XAI-Compress\data\test\archive (1)\FaceForensics++_C23\DeepFakeDetection\05_16__walk_down_hall_angry__U9WZI5LK.mp4,b46249238a82a1760029,cc04fc7516807fbf54504d208596ce2f7346ae423b220dfeec52279c09185d82,PASS,end_to_end_artifact,False
True,8.00022852809727,hybrid-v3-final-140-v1,0.0,video,1,True,2695588,1,19.16899072663856,134.1040666641978,21.966147027443316,117.0273333361062,4.003500012913719,,0.0,18.31459067769821,140.36019999184646,77,hybrid_v2,0.0,2695511,141.46850001998246,231.83984375,whole_file,0.999971434803835,0,3,True,"{""direct_bypass"": 1}",confidence,v2,"[""raw|default|identity""]",60.18279999261722,1.0,1_10MiB,C:\Users\ss\Desktop\XAI\XAI\engines\XAI-Compress\data\test\archive (1)\FaceForensics++_C23\DeepFakeDetection\03_14__walk_down_hall_angry__P1L5PF4I.mp4,cfa60713b94c4cf8ad0a,408c7b8655b03b3ce3d1d403181e80edc52d648cb3ba1a247424c3609bdc6429,PASS,end_to_end_artifact,False
True,8.00022852809727,hybrid-v3-final-140-v1,0.0,video,1,True,2695588,1,21.39087896451043,120.17456667187314,21.97197356075277,116.99629999930039,1.6521999787073582,,0.0,25.674354509585637,100.12479999568313,77,hybrid_v3_confidence,0.0,2695511,172.2689000016544,231.83984375,whole_file,0.999971434803835,0,3,True,"{""direct_bypass"": 1}",confidence,v3,"[""raw|default|identity""]",29.564600001322106,1.0,1_10MiB,C:\Users\ss\Desktop\XAI\XAI\engines\XAI-Compress\data\test\archive (1)\FaceForensics++_C23\DeepFakeDetection\03_14__walk_down_hall_angry__P1L5PF4I.mp4,cfa60713b94c4cf8ad0a,408c7b8655b03b3ce3d1d403181e80edc52d648cb3ba1a247424c3609bdc6429,PASS,end_to_end_artifact,False
True,8.00022852809727,hybrid-v3-final-140-v1,0.0,video,1,True,2695588,1,13.345479422598737,192.62250001581074,16.992369283990996,151.2820000158778,2.376199990976602,,0.0,22.036200753874564,116.65530002210289,77,hybrid_v3_top2,0.0,2695511,348.34110000520013,231.83984375,whole_file,0.999971434803835,0,3,True,"{""direct_bypass"": 1}",top2,v3,"[""raw|default|identity""]",108.55749997426756,1.0,1_10MiB,C:\Users\ss\Desktop\XAI\XAI\engines\XAI-Compress\data\test\archive (1)\FaceForensics++_C23\DeepFakeDetection\03_14__walk_down_hall_angry__P1L5PF4I.mp4,cfa60713b94c4cf8ad0a,408c7b8655b03b3ce3d1d403181e80edc52d648cb3ba1a247424c3609bdc6429,PASS,end_to_end_artifact,False
True,8.00022852809727,hybrid-v3-final-140-v1,0.0,video,1,True,2695588,1,18.61042207021752,138.1290333229117,12.13329335713688,211.86659999269372,4.533900006208569,,0.0,19.52995134382949,131.6254999837838,77,hybrid_v3_top3,0.0,2695511,157.57640000083484,231.83984375,whole_file,0.999971434803835,0,3,True,"{""direct_bypass"": 1}",top3,v3,"[""raw|default|identity""]",60.8860999927856,1.0,1_10MiB,C:\Users\ss\Desktop\XAI\XAI\engines\XAI-Compress\data\test\archive (1)\FaceForensics++_C23\DeepFakeDetection\03_14__walk_down_hall_angry__P1L5PF4I.mp4,cfa60713b94c4cf8ad0a,408c7b8655b03b3ce3d1d403181e80edc52d648cb3ba1a247424c3609bdc6429,PASS,end_to_end_artifact,False
True,8.000215570262082,hybrid-v3-final-140-v1,0.0,video,1,True,2857614,1,56.44177991477092,48.282666655723006,60.85186830551393,44.78350001348493,1.1549000046215951,,0.0,53.74379312221876,50.7064999837894,77,hybrid_v2,0.0,2857537,50.939599983394146,232.0625,whole_file,0.9999730544433223,0,3,True,"{""direct_bypass"": 1}",confidence,v2,"[""raw|default|identity""]",19.859699998050928,1.0,1_10MiB,C:\Users\ss\Desktop\XAI\XAI\engines\XAI-Compress\data\test\archive (1)\FaceForensics++_C23\DeepFakeDetection\02_01__walking_outside_cafe_disgusted__YVGY8LOK.mp4,040d6cd1913e63d0bf50,f01e4a60919decb3f1e770d293f3516b3c62049da8d36a9c3f8c5332060be9a1,PASS,end_to_end_artifact,False
True,8.000215570262082,hybrid-v3-final-140-v1,0.0,video,1,True,2857614,1,47.76406538849179,57.05459999929493,41.95595644709675,64.95286666904576,0.5606999911833555,,0.0,42.77658971110419,63.706799992360175,77,hybrid_v3_confidence,0.0,2857537,65.4330000106711,232.0625,whole_file,0.9999730544433223,0,3,True,"{""direct_bypass"": 1}",confidence,v3,"[""raw|default|identity""]",15.812700003152713,1.0,1_10MiB,C:\Users\ss\Desktop\XAI\XAI\engines\XAI-Compress\data\test\archive (1)\FaceForensics++_C23\DeepFakeDetection\02_01__walking_outside_cafe_disgusted__YVGY8LOK.mp4,040d6cd1913e63d0bf50,f01e4a60919decb3f1e770d293f3516b3c62049da8d36a9c3f8c5332060be9a1,PASS,end_to_end_artifact,False
True,8.000215570262082,hybrid-v3-final-140-v1,0.0,video,1,True,2857614,1,30.704052188023,88.75570000964217,29.612481117700334,92.02740000910126,1.0828000085894018,,0.0,31.063632198513815,87.72830001544207,77,hybrid_v3_top2,0.0,2857537,98.04929999518208,232.0625,whole_file,0.9999730544433223,0,3,True,"{""direct_bypass"": 1}",top2,v3,"[""raw|default|identity""]",39.30360000231303,1.0,1_10MiB,C:\Users\ss\Desktop\XAI\XAI\engines\XAI-Compress\data\test\archive (1)\FaceForensics++_C23\DeepFakeDetection\02_01__walking_outside_cafe_disgusted__YVGY8LOK.mp4,040d6cd1913e63d0bf50,f01e4a60919decb3f1e770d293f3516b3c62049da8d36a9c3f8c5332060be9a1,PASS,end_to_end_artifact,False
True,8.000215570262082,hybrid-v3-final-140-v1,0.0,video,1,True,2857614,1,34.618228547931885,78.72036667928721,29.651671962456845,91.90576668091428,0.7778999861329794,,0.0,31.575845312853147,86.30520000588149,77,hybrid_v3_top3,0.0,2857537,96.09420000924729,232.0625,whole_file,0.9999730544433223,0,3,True,"{""direct_bypass"": 1}",top3,v3,"[""raw|default|identity""]",21.39149999129586,1.0,1_10MiB,C:\Users\ss\Desktop\XAI\XAI\engines\XAI-Compress\data\test\archive (1)\FaceForensics++_C23\DeepFakeDetection\02_01__walking_outside_cafe_disgusted__YVGY8LOK.mp4,040d6cd1913e63d0bf50,f01e4a60919decb3f1e770d293f3516b3c62049da8d36a9c3f8c5332060be9a1,PASS,end_to_end_artifact,False
True,8.000203387726343,hybrid-v3-final-140-v1,0.0,video,1,True,3028775,1,59.366083594658065,48.65390000243982,50.011049455486805,57.75506665425686,0.9401999996043742,,0.0,61.94715677250751,46.626700001070276,77,hybrid_v2,0.0,3028698,54.67610000050627,232.1484375,whole_file,0.9999745771805433,0,3,True,"{""direct_bypass"": 1}",confidence,v2,"[""raw|default|identity""]",17.91999998386018,1.0,1_10MiB,C:\Users\ss\Desktop\XAI\XAI\engines\XAI-Compress\data\test\archive (1)\FaceForensics++_C23\DeepFakeDetection\04_13__walking_outside_cafe_disgusted__00T3UYOR.mp4,916ee0944afa41eaebe4,e45539660fa691cb798d554cb5c32a1b53c0aeea90430ba1d1f8a759c5f2a378,PASS,end_to_end_artifact,False
True,8.000203387726343,hybrid-v3-final-140-v1,0.0,video,1,True,3028775,1,30.450887150561297,94.85409999615513,30.986149615149166,93.2155666523613,1.8779000092763454,,0.0,35.51315572307588,81.33300000918098,77,hybrid_v3_confidence,0.0,3028698,143.6350999865681,232.1484375,whole_file,0.9999745771805433,0,3,True,"{""direct_bypass"": 1}",confidence,v3,"[""raw|default|identity""]",57.735799986403435,1.0,1_10MiB,C:\Users\ss\Desktop\XAI\XAI\engines\XAI-Compress\data\test\archive (1)\FaceForensics++_C23\DeepFakeDetection\04_13__walking_outside_cafe_disgusted__00T3UYOR.mp4,916ee0944afa41eaebe4,e45539660fa691cb798d554cb5c32a1b53c0aeea90430ba1d1f8a759c5f2a378,PASS,end_to_end_artifact,False
True,8.000203387726343,hybrid-v3-final-140-v1,0.0,video,1,True,3028775,1,35.22024907879123,82.00939999854502,30.86599541650434,93.57843334631373,0.9346000151708722,,0.0,33.331427282485976,86.6567000048235,77,hybrid_v3_top2,0.0,3028698,94.29929999168962,232.1484375,whole_file,0.9999745771805433,0,3,True,"{""direct_bypass"": 1}",top2,v3,"[""raw|default|identity""]",21.93210000405088,1.0,1_10MiB,C:\Users\ss\Desktop\XAI\XAI\engines\XAI-Compress\data\test\archive (1)\FaceForensics++_C23\DeepFakeDetection\04_13__walking_outside_cafe_disgusted__00T3UYOR.mp4,916ee0944afa41eaebe4,e45539660fa691cb798d554cb5c32a1b53c0aeea90430ba1d1f8a759c5f2a378,PASS,end_to_end_artifact,False
True,8.000203387726343,hybrid-v3-final-140-v1,0.0,video,1,True,3028775,1,26.669124188621975,108.30470000898156,31.131830260081525,92.77936666815852,0.9626999963074923,,0.0,29.624376229196027,97.5005000072997,77,hybrid_v3_top3,0.0,3028698,130.85519999731332,232.1484375,whole_file,0.9999745771805433,0,3,True,"{""direct_bypass"": 1}",top3,v3,"[""raw|default|identity""]",29.501300014089793,1.0,1_10MiB,C:\Users\ss\Desktop\XAI\XAI\engines\XAI-Compress\data\test\archive (1)\FaceForensics++_C23\DeepFakeDetection\04_13__walking_outside_cafe_disgusted__00T3UYOR.mp4,916ee0944afa41eaebe4,e45539660fa691cb798d554cb5c32a1b53c0aeea90430ba1d1f8a759c5f2a378,PASS,end_to_end_artifact,False
True,8.000201621019908,hybrid-v3-final-140-v1,0.0,video,1,True,3055314,1,45.47738291816204,64.0692333302771,48.627818117606026,59.91840000691203,1.8482999876141548,,0.0,41.63857690467514,69.97599999886006,77,hybrid_v2,0.0,3055237,79.53960000304505,232.1875,whole_file,0.999974798007668,0,3,True,"{""direct_bypass"": 1}",confidence,v2,"[""raw|default|identity""]",30.906900006812066,1.0,1_10MiB,C:\Users\ss\Desktop\XAI\XAI\engines\XAI-Compress\data\test\archive (1)\FaceForensics++_C23\DeepFakeDetection\04_27__walking_outside_cafe_disgusted__2CCI2ND1.mp4,5fbf7e5d425ea2cedf79,45f029b538142ab49988b4e2d7447d10a90eb3773253a6757e42a527eea87c66,PASS,end_to_end_artifact,False
True,8.000201621019908,hybrid-v3-final-140-v1,0.0,video,1,True,3055314,1,59.3800336693284,49.06869998861415,51.89994651144576,56.14073333951334,0.5408000142779201,,0.0,67.97992258051906,42.86119999596849,77,hybrid_v3_confidence,0.0,3055237,62.49739998020232,232.1875,whole_file,0.999974798007668,0,3,True,"{""direct_bypass"": 1}",confidence,v3,"[""raw|default|identity""]",16.561700002057478,1.0,1_10MiB,C:\Users\ss\Desktop\XAI\XAI\engines\XAI-Compress\data\test\archive (1)\FaceForensics++_C23\DeepFakeDetection\04_27__walking_outside_cafe_disgusted__2CCI2ND1.mp4,5fbf7e5d425ea2cedf79,45f029b538142ab49988b4e2d7447d10a90eb3773253a6757e42a527eea87c66,PASS,end_to_end_artifact,False
True,8.000201621019908,hybrid-v3-final-140-v1,0.0,video,1,True,3055314,1,32.6271839456155,89.30286666145548,32.25568359615784,90.33140000731994,0.766399985877797,,0.0,31.056421656505083,93.81960000609979,77,hybrid_v3_top2,0.0,3055237,105.88019998976961,232.1875,whole_file,0.999974798007668,0,3,True,"{""direct_bypass"": 1}",top2,v3,"[""raw|default|identity""]",29.042899986961856,1.0,1_10MiB,C:\Users\ss\Desktop\XAI\XAI\engines\XAI-Compress\data\test\archive (1)\FaceForensics++_C23\DeepFakeDetection\04_27__walking_outside_cafe_disgusted__2CCI2ND1.mp4,5fbf7e5d425ea2cedf79,45f029b538142ab49988b4e2d7447d10a90eb3773253a6757e42a527eea87c66,PASS,end_to_end_artifact,False
True,8.000201621019908,hybrid-v3-final-140-v1,0.0,video,1,True,3055314,1,27.385103357727903,106.39729999820702,27.323461367267846,106.63733332573126,2.4732000019866973,,0.0,26.485302127917706,110.01199999009259,77,hybrid_v3_top3,0.0,3055237,159.15309998672456,232.1875,whole_file,0.999974798007668,0,3,True,"{""direct_bypass"": 1}",top3,v3,"[""raw|default|identity""]",63.70649999007583,1.0,1_10MiB,C:\Users\ss\Desktop\XAI\XAI\engines\XAI-Compress\data\test\archive (1)\FaceForensics++_C23\DeepFakeDetection\04_27__walking_outside_cafe_disgusted__2CCI2ND1.mp4,5fbf7e5d425ea2cedf79,45f029b538142ab49988b4e2d7447d10a90eb3773253a6757e42a527eea87c66,PASS,end_to_end_artifact,False
True,8.000200891619624,hybrid-v3-final-140-v1,0.0,video,1,True,3066407,1,50.98150034294394,57.35963333669739,48.500404687647666,60.2939333281635,0.9935999987646937,,0.0,49.251449151968146,59.374499978730455,77,hybrid_v2,0.0,3066330,63.63010001950897,232.1953125,whole_file,0.9999748891781163,0,3,True,"{""direct_bypass"": 1}",confidence,v2,"[""raw|default|identity""]",19.627500005299225,1.0,1_10MiB,C:\Users\ss\Desktop\XAI\XAI\engines\XAI-Compress\data\test\archive (1)\FaceForensics++_C23\DeepFakeDetection\01_12__outside_talking_pan_laughing__TNI7KUZ6.mp4,8e0163f8d08517f2bfbd,88b8db1465ace10c9863a4e0d75507036f412b3d3d749742b35ecccbaf597cad,PASS,end_to_end_artifact,False
True,8.000200891619624,hybrid-v3-final-140-v1,0.0,video,1,True,3066407,1,47.191840754799635,61.96580001657518,40.0552304723154,73.00619999296032,0.7334999972954392,,0.0,46.09114211372345,63.44560001161881,77,hybrid_v3_confidence,0.0,3066330,72.46680001844652,232.1953125,whole_file,0.9999748891781163,0,3,True,"{""direct_bypass"": 1}",confidence,v3,"[""raw|default|identity""]",24.239599995780736,1.0,1_10MiB,C:\Users\ss\Desktop\XAI\XAI\engines\XAI-Compress\data\test\archive (1)\FaceForensics++_C23\DeepFakeDetection\01_12__outside_talking_pan_laughing__TNI7KUZ6.mp4,8e0163f8d08517f2bfbd,88b8db1465ace10c9863a4e0d75507036f412b3d3d749742b35ecccbaf597cad,PASS,end_to_end_artifact,False
True,8.000200891619624,hybrid-v3-final-140-v1,0.0,video,1,True,3066407,1,23.006137004008238,127.10870000106904,25.452980183538138,114.88949999329634,1.8403000140096992,,0.0,25.29728527305795,115.59659999329597,77,hybrid_v3_top2,0.0,3066330,151.6313000174705,232.1953125,whole_file,0.9999748891781163,0,3,True,"{""direct_bypass"": 1}",top2,v3,"[""raw|default|identity""]",52.662700007203966,1.0,1_10MiB,C:\Users\ss\Desktop\XAI\XAI\engines\XAI-Compress\data\test\archive (1)\FaceForensics++_C23\DeepFakeDetection\01_12__outside_talking_pan_laughing__TNI7KUZ6.mp4,8e0163f8d08517f2bfbd,88b8db1465ace10c9863a4e0d75507036f412b3d3d749742b35ecccbaf597cad,PASS,end_to_end_artifact,False
True,8.000200891619624,hybrid-v3-final-140-v1,0.0,video,1,True,3066407,1,32.767014185193716,89.24463334066483,33.00806460650957,88.59289999236353,0.9903000027406961,,0.0,34.705972983751195,84.25870002247393,77,hybrid_v3_top3,0.0,3066330,100.75549999601208,232.1953125,whole_file,0.9999748891781163,0,3,True,"{""direct_bypass"": 1}",top3,v3,"[""raw|default|identity""]",30.285799992270768,1.0,1_10MiB,C:\Users\ss\Desktop\XAI\XAI\engines\XAI-Compress\data\test\archive (1)\FaceForensics++_C23\DeepFakeDetection\01_12__outside_talking_pan_laughing__TNI7KUZ6.mp4,8e0163f8d08517f2bfbd,88b8db1465ace10c9863a4e0d75507036f412b3d3d749742b35ecccbaf597cad,PASS,end_to_end_artifact,False
True,8.000177443681794,hybrid-v3-final-140-v1,0.0,video,1,True,3471601,1,20.419302056648178,162.13596666542193,23.4785276993921,141.0098333241573,3.9025000005494803,,0.0,18.302270919003586,180.89030002010986,77,hybrid_v2,0.0,3471524,211.88979997532442,232.1953125,whole_file,0.9999778200317375,0,3,True,"{""direct_bypass"": 1}",confidence,v2,"[""raw|default|identity""]",82.05070000258274,1.0,1_10MiB,C:\Users\ss\Desktop\XAI\XAI\engines\XAI-Compress\data\test\archive (1)\FaceForensics++_C23\DeepFakeDetection\01_02__talking_against_wall__YVGY8LOK.mp4,7949ac89c2483924ee9c,3721e67674ed9b62636caf4c2ab00c63830fe68902248e6990cb0abd9795683c,PASS,end_to_end_artifact,False
True,8.000177443681794,hybrid-v3-final-140-v1,0.0,video,1,True,3471601,1,21.852870187070216,151.4997000049334,22.729053167309896,145.6595333390093,1.1762999929487705,,0.0,22.07619722902112,149.96710000559688,77,hybrid_v3_confidence,0.0,3471524,209.6945999946911,232.1953125,whole_file,0.9999778200317375,0,3,True,"{""direct_bypass"": 1}",confidence,v3,"[""raw|default|identity""]",44.01289997622371,1.0,1_10MiB,C:\Users\ss\Desktop\XAI\XAI\engines\XAI-Compress\data\test\archive (1)\FaceForensics++_C23\DeepFakeDetection\01_02__talking_against_wall__YVGY8LOK.mp4,7949ac89c2483924ee9c,3721e67674ed9b62636caf4c2ab00c63830fe68902248e6990cb0abd9795683c,PASS,end_to_end_artifact,False
True,8.000177443681794,hybrid-v3-final-140-v1,0.0,video,1,True,3471601,1,18.312992036903314,180.78439999953844,15.640674488431975,211.67266667665294,2.979700017021969,,0.0,17.88415086428113,185.11940000462346,77,hybrid_v3_top2,0.0,3471524,187.77829999453388,232.1953125,whole_file,0.9999778200317375,0,3,True,"{""direct_bypass"": 1}",top2,v3,"[""raw|default|identity""]",90.80400000675581,1.0,1_10MiB,C:\Users\ss\Desktop\XAI\XAI\engines\XAI-Compress\data\test\archive (1)\FaceForensics++_C23\DeepFakeDetection\01_02__talking_against_wall__YVGY8LOK.mp4,7949ac89c2483924ee9c,3721e67674ed9b62636caf4c2ab00c63830fe68902248e6990cb0abd9795683c,PASS,end_to_end_artifact,False
True,8.000177443681794,hybrid-v3-final-140-v1,0.0,video,1,True,3471601,1,19.358351106688808,171.0219666614042,20.306702718327823,163.0349999953372,2.4076999980024993,,0.0,19.445454036730535,170.25589998229407,77,hybrid_v3_top3,0.0,3471524,253.8856999890413,232.1953125,whole_file,0.9999778200317375,0,3,True,"{""direct_bypass"": 1}",top3,v3,"[""raw|default|identity""]",119.24729999736883,1.0,1_10MiB,C:\Users\ss\Desktop\XAI\XAI\engines\XAI-Compress\data\test\archive (1)\FaceForensics++_C23\DeepFakeDetection\01_02__talking_against_wall__YVGY8LOK.mp4,7949ac89c2483924ee9c,3721e67674ed9b62636caf4c2ab00c63830fe68902248e6990cb0abd9795683c,PASS,end_to_end_artifact,False
True,8.00016826343936,hybrid-v3-final-140-v1,0.0,video,1,True,3661003,1,40.505124449212666,86.19479998984995,54.15068469242685,64.47436667319077,1.254200004041195,,0.0,47.29307821650189,73.82329998654313,77,hybrid_v2,0.0,3660926,111.65109998546541,232.1953125,whole_file,0.999978967512455,0,3,True,"{""direct_bypass"": 1}",confidence,v2,"[""raw|default|identity""]",34.51649998896755,1.0,1_10MiB,C:\Users\ss\Desktop\XAI\XAI\engines\XAI-Compress\data\test\archive (1)\FaceForensics++_C23\DeepFakeDetection\02_27__walking_down_street_outside_angry__3L1MLH3D.mp4,e24ad89f350ae852f7b8,190e2a8be915b09b5753e7b20f3ce77286f7b5b40b74a7adfb6e0b09abd6103b,PASS,end_to_end_artifact,False
True,8.00016826343936,hybrid-v3-final-140-v1,0.0,video,1,True,3661003,1,29.5883457333506,117.99683334538713,32.00125054077498,109.09983333355437,0.9204000234603882,,0.0,34.489469901792724,101.22890002094209,77,hybrid_v3_confidence,0.0,3660926,156.48480001254939,232.1953125,whole_file,0.999978967512455,0,3,True,"{""direct_bypass"": 1}",confidence,v3,"[""raw|default|identity""]",32.92139997938648,1.0,1_10MiB,C:\Users\ss\Desktop\XAI\XAI\engines\XAI-Compress\data\test\archive (1)\FaceForensics++_C23\DeepFakeDetection\02_27__walking_down_street_outside_angry__3L1MLH3D.mp4,e24ad89f350ae852f7b8,190e2a8be915b09b5753e7b20f3ce77286f7b5b40b74a7adfb6e0b09abd6103b,PASS,end_to_end_artifact,False
True,8.00016826343936,hybrid-v3-final-140-v1,0.0,video,1,True,3661003,1,53.375806889517094,65.41036667961937,56.60874436997817,61.6747666693603,0.7050999847706407,,0.0,50.74498520335143,68.80150001961738,77,hybrid_v3_top2,0.0,3660926,71.06410001870245,232.1953125,whole_file,0.999978967512455,0,3,True,"{""direct_bypass"": 1}",top2,v3,"[""raw|default|identity""]",28.60670001246035,1.0,1_10MiB,C:\Users\ss\Desktop\XAI\XAI\engines\XAI-Compress\data\test\archive (1)\FaceForensics++_C23\DeepFakeDetection\02_27__walking_down_street_outside_angry__3L1MLH3D.mp4,e24ad89f350ae852f7b8,190e2a8be915b09b5753e7b20f3ce77286f7b5b40b74a7adfb6e0b09abd6103b,PASS,end_to_end_artifact,False
True,8.00016826343936,hybrid-v3-final-140-v1,0.0,video,1,True,3661003,1,46.290639916134126,75.4219666608454,50.033406426526994,69.780000000416,0.6640999927185476,,0.0,47.77952477648469,73.07169999694452,77,hybrid_v3_top3,0.0,3660926,95.37970001110807,232.1953125,whole_file,0.999978967512455,0,3,True,"{""direct_bypass"": 1}",top3,v3,"[""raw|default|identity""]",23.466399987228215,1.0,1_10MiB,C:\Users\ss\Desktop\XAI\XAI\engines\XAI-Compress\data\test\archive (1)\FaceForensics++_C23\DeepFakeDetection\02_27__walking_down_street_outside_angry__3L1MLH3D.mp4,e24ad89f350ae852f7b8,190e2a8be915b09b5753e7b20f3ce77286f7b5b40b74a7adfb6e0b09abd6103b,PASS,end_to_end_artifact,False
True,8.000155804882713,hybrid-v3-final-140-v1,0.0,video,1,True,3953740,1,43.552550108603896,86.57373332728942,38.72349654620671,97.37000000313856,2.167699974961579,,0.0,42.07910767824444,89.6051999880001,77,hybrid_v2,0.0,3953663,109.90430001402274,232.1953125,whole_file,0.9999805247689529,0,3,True,"{""direct_bypass"": 1}",confidence,v2,"[""raw|default|identity""]",39.106199983507395,1.0,1_10MiB,C:\Users\ss\Desktop\XAI\XAI\engines\XAI-Compress\data\test\archive (1)\FaceForensics++_C23\DeepFakeDetection\03_11__exit_phone_room__P08VGHTA.mp4,e1d9664ac99aeab9bd8f,0acfa05686c2034d3347833b66c1c52b5812523dd08282ca7bcb35d8d27d2c50,PASS,end_to_end_artifact,False
True,8.000155804882713,hybrid-v3-final-140-v1,0.0,video,1,True,3953740,1,28.594918262873108,131.85933333200714,41.138755998907975,91.65339999405357,1.0400000028312206,,0.0,31.44979809643504,119.88969999947585,77,hybrid_v3_confidence,0.0,3953663,178.50549999275245,232.1953125,whole_file,0.9999805247689529,0,3,True,"{""direct_bypass"": 1}",confidence,v3,"[""raw|default|identity""]",55.75679999310523,1.0,1_10MiB,C:\Users\ss\Desktop\XAI\XAI\engines\XAI-Compress\data\test\archive (1)\FaceForensics++_C23\DeepFakeDetection\03_11__exit_phone_room__P08VGHTA.mp4,e1d9664ac99aeab9bd8f,0acfa05686c2034d3347833b66c1c52b5812523dd08282ca7bcb35d8d27d2c50,PASS,end_to_end_artifact,False
True,8.000155804882713,hybrid-v3-final-140-v1,0.0,video,1,True,3953740,1,32.99128481381687,114.28796665859409,34.24624364223245,110.09986666613258,1.912999985506758,,0.0,35.96727379489779,104.8315999796614,77,hybrid_v3_top2,0.0,3953663,180.0851000007242,232.1953125,whole_file,0.9999805247689529,0,3,True,"{""direct_bypass"": 1}",top2,v3,"[""raw|default|identity""]",50.85609998786822,1.0,1_10MiB,C:\Users\ss\Desktop\XAI\XAI\engines\XAI-Compress\data\test\archive (1)\FaceForensics++_C23\DeepFakeDetection\03_11__exit_phone_room__P08VGHTA.mp4,e1d9664ac99aeab9bd8f,0acfa05686c2034d3347833b66c1c52b5812523dd08282ca7bcb35d8d27d2c50,PASS,end_to_end_artifact,False
True,8.000155804882713,hybrid-v3-final-140-v1,0.0,video,1,True,3953740,1,11.957180840533034,315.33409999489476,22.355755738597733,168.65933332398222,2.28320001042448,,0.0,13.780608790096942,273.60960000078194,77,hybrid_v3_top3,0.0,3953663,524.3294999818318,232.1953125,whole_file,0.9999805247689529,0,3,True,"{""direct_bypass"": 1}",top3,v3,"[""raw|default|identity""]",105.3814000042621,1.0,1_10MiB,C:\Users\ss\Desktop\XAI\XAI\engines\XAI-Compress\data\test\archive (1)\FaceForensics++_C23\DeepFakeDetection\03_11__exit_phone_room__P08VGHTA.mp4,e1d9664ac99aeab9bd8f,0acfa05686c2034d3347833b66c1c52b5812523dd08282ca7bcb35d8d27d2c50,PASS,end_to_end_artifact,False
True,8.000150589523761,hybrid-v3-final-140-v1,0.0,video,1,True,4090667,1,46.55422733394652,83.79670000673893,30.945236602457555,126.06433332742502,1.733899989631027,,0.0,45.6223620515058,85.50830002059229,77,hybrid_v2,0.0,4090590,91.84599999571219,232.1953125,whole_file,0.9999811766638546,0,3,True,"{""direct_bypass"": 1}",confidence,v2,"[""raw|default|identity""]",32.58240001741797,1.0,1_10MiB,C:\Users\ss\Desktop\XAI\XAI\engines\XAI-Compress\data\test\archive (1)\FaceForensics++_C23\DeepFakeDetection\06_03__talking_against_wall__4I8LRXWF.mp4,c4a941def8a08ccf229a,9eff880322c51c3f93a98b106c6485f4d624e650925dc8aba88ce1c110da74d0,PASS,end_to_end_artifact,False
True,8.000150589523761,hybrid-v3-final-140-v1,0.0,video,1,True,4090667,1,31.84593235955053,122.49886666540988,33.1371760763948,117.72549999295734,0.965000013820827,,0.0,39.620587829609065,98.46119998837821,77,hybrid_v3_confidence,0.0,4090590,176.83859998942353,232.1953125,whole_file,0.9999811766638546,0,3,True,"{""direct_bypass"": 1}",confidence,v3,"[""raw|default|identity""]",42.12640001787804,1.0,1_10MiB,C:\Users\ss\Desktop\XAI\XAI\engines\XAI-Compress\data\test\archive (1)\FaceForensics++_C23\DeepFakeDetection\06_03__talking_against_wall__4I8LRXWF.mp4,c4a941def8a08ccf229a,9eff880322c51c3f93a98b106c6485f4d624e650925dc8aba88ce1c110da74d0,PASS,end_to_end_artifact,False
True,8.000150589523761,hybrid-v3-final-140-v1,0.0,video,1,True,4090667,1,13.966921571941576,279.3092666737114,24.24610387160537,160.89556666944796,2.150499989511445,,0.0,16.241740352450446,240.18920000526123,77,hybrid_v3_top2,0.0,4090590,387.20230001490563,232.1953125,whole_file,0.9999811766638546,0,3,True,"{""direct_bypass"": 1}",top2,v3,"[""raw|default|identity""]",103.1195999821648,1.0,1_10MiB,C:\Users\ss\Desktop\XAI\XAI\engines\XAI-Compress\data\test\archive (1)\FaceForensics++_C23\DeepFakeDetection\06_03__talking_against_wall__4I8LRXWF.mp4,c4a941def8a08ccf229a,9eff880322c51c3f93a98b106c6485f4d624e650925dc8aba88ce1c110da74d0,PASS,end_to_end_artifact,False
True,8.000150589523761,hybrid-v3-final-140-v1,0.0,video,1,True,4090667,1,14.092639420125582,276.8176000002616,20.053797463156428,194.53126666485332,1.7595999815966934,,0.0,16.96565251467446,229.94049999397248,77,hybrid_v3_top3,0.0,4090590,473.33800001069903,232.1953125,whole_file,0.9999811766638546,0,3,True,"{""direct_bypass"": 1}",top3,v3,"[""raw|default|identity""]",54.458800004795194,1.0,1_10MiB,C:\Users\ss\Desktop\XAI\XAI\engines\XAI-Compress\data\test\archive (1)\FaceForensics++_C23\DeepFakeDetection\06_03__talking_against_wall__4I8LRXWF.mp4,c4a941def8a08ccf229a,9eff880322c51c3f93a98b106c6485f4d624e650925dc8aba88ce1c110da74d0,PASS,end_to_end_artifact,False
True,8.000135160308684,hybrid-v3-final-140-v1,0.0,video,1,True,4557628,1,27.516576308729302,157.9564000130631,45.03921467782251,96.50300000794232,3.560699988156557,,0.0,27.516576308729302,157.9564000130631,77,hybrid_v2,0.0,4557551,157.9564000130631,232.1953125,whole_file,0.9999831052468521,0,1,True,"{""direct_bypass"": 1}",confidence,v2,"[""raw|default|identity""]",78.71849997900426,1.0,1_10MiB,C:\Users\ss\Desktop\XAI\XAI\engines\XAI-Compress\data\test\archive (1)\FaceForensics++_C23\DeepFakeDetection\06_12__outside_talking_still_laughing__3K21NFNM.mp4,f87b4ba16c61fc6e0d45,86152c4a562d4568d38b080206917fcc1174e478d555a1993f31be75db87a7e1,PASS,end_to_end_artifact,False
True,8.000135160308684,hybrid-v3-final-140-v1,0.0,video,1,True,4557628,1,44.151948233319224,98.44230001908727,54.980106536187115,79.05440000467934,0.7894000154919922,,0.0,44.151948233319224,98.44230001908727,77,hybrid_v3_confidence,0.0,4557551,98.44230001908727,232.1953125,whole_file,0.9999831052468521,0,1,True,"{""direct_bypass"": 1}",confidence,v3,"[""raw|default|identity""]",37.09669999079779,1.0,1_10MiB,C:\Users\ss\Desktop\XAI\XAI\engines\XAI-Compress\data\test\archive (1)\FaceForensics++_C23\DeepFakeDetection\06_12__outside_talking_still_laughing__3K21NFNM.mp4,f87b4ba16c61fc6e0d45,86152c4a562d4568d38b080206917fcc1174e478d555a1993f31be75db87a7e1,PASS,end_to_end_artifact,False
True,8.000135160308684,hybrid-v3-final-140-v1,0.0,video,1,True,4557628,1,40.22678214624827,108.04789999383502,47.35982293805752,91.77440000348724,0.8742999925743788,,0.0,40.22678214624827,108.04789999383502,77,hybrid_v3_top2,0.0,4557551,108.04789999383502,232.1953125,whole_file,0.9999831052468521,0,1,True,"{""direct_bypass"": 1}",top2,v3,"[""raw|default|identity""]",40.31559999566525,1.0,1_10MiB,C:\Users\ss\Desktop\XAI\XAI\engines\XAI-Compress\data\test\archive (1)\FaceForensics++_C23\DeepFakeDetection\06_12__outside_talking_still_laughing__3K21NFNM.mp4,f87b4ba16c61fc6e0d45,86152c4a562d4568d38b080206917fcc1174e478d555a1993f31be75db87a7e1,PASS,end_to_end_artifact,False
True,8.000135160308684,hybrid-v3-final-140-v1,0.0,video,1,True,4557628,1,46.12877595988589,94.22359999734908,43.80124391766664,99.23049999633804,0.804700015578419,,0.0,46.12877595988589,94.22359999734908,77,hybrid_v3_top3,0.0,4557551,94.22359999734908,232.1953125,whole_file,0.9999831052468521,0,1,True,"{""direct_bypass"": 1}",top3,v3,"[""raw|default|identity""]",37.7376000105869,1.0,1_10MiB,C:\Users\ss\Desktop\XAI\XAI\engines\XAI-Compress\data\test\archive (1)\FaceForensics++_C23\DeepFakeDetection\06_12__outside_talking_still_laughing__3K21NFNM.mp4,f87b4ba16c61fc6e0d45,86152c4a562d4568d38b080206917fcc1174e478d555a1993f31be75db87a7e1,PASS,end_to_end_artifact,False
True,8.000122558138518,hybrid-v3-final-140-v1,0.0,video,1,True,5026263,1,24.8542039770773,192.85849999869242,32.00461838876585,149.77039999212138,2.4849000037647784,,0.0,24.8542039770773,192.85849999869242,77,hybrid_v2,0.0,5026186,192.85849999869242,232.1953125,whole_file,0.9999846804673771,0,1,True,"{""direct_bypass"": 1}",confidence,v2,"[""raw|default|identity""]",76.42810000106692,1.0,1_10MiB,C:\Users\ss\Desktop\XAI\XAI\engines\XAI-Compress\data\test\archive (1)\FaceForensics++_C23\DeepFakeDetection\01_20__outside_talking_pan_laughing__OTGHOG4Z.mp4,546ace30fb0bb2e3783b,d4c018e4e0d855fcb62c44ee0a76087c705d13022d1eb2ed5371c3e0b0a697b2,PASS,end_to_end_artifact,False
True,8.000122558138518,hybrid-v3-final-140-v1,0.0,video,1,True,5026263,1,36.36547749227771,131.81029999395832,49.247921244491586,97.33089999645017,2.3373999865725636,,0.0,36.36547749227771,131.81029999395832,77,hybrid_v3_confidence,0.0,5026186,131.81029999395832,232.1953125,whole_file,0.9999846804673771,0,1,True,"{""direct_bypass"": 1}",confidence,v3,"[""raw|default|identity""]",62.032700021518394,1.0,1_10MiB,C:\Users\ss\Desktop\XAI\XAI\engines\XAI-Compress\data\test\archive (1)\FaceForensics++_C23\DeepFakeDetection\01_20__outside_talking_pan_laughing__OTGHOG4Z.mp4,546ace30fb0bb2e3783b,d4c018e4e0d855fcb62c44ee0a76087c705d13022d1eb2ed5371c3e0b0a697b2,PASS,end_to_end_artifact,False
True,8.000122558138518,hybrid-v3-final-140-v1,0.0,video,1,True,5026263,1,41.03521941302423,116.81050001061521,53.2557145719118,90.00620001461357,0.9677000052761286,,0.0,41.03521941302423,116.81050001061521,77,hybrid_v3_top2,0.0,5026186,116.81050001061521,232.1953125,whole_file,0.9999846804673771,0,1,True,"{""direct_bypass"": 1}",top2,v3,"[""raw|default|identity""]",56.01929998374544,1.0,1_10MiB,C:\Users\ss\Desktop\XAI\XAI\engines\XAI-Compress\data\test\archive (1)\FaceForensics++_C23\DeepFakeDetection\01_20__outside_talking_pan_laughing__OTGHOG4Z.mp4,546ace30fb0bb2e3783b,d4c018e4e0d855fcb62c44ee0a76087c705d13022d1eb2ed5371c3e0b0a697b2,PASS,end_to_end_artifact,False
True,8.000122558138518,hybrid-v3-final-140-v1,0.0,video,1,True,5026263,1,24.05916985088071,199.23149998066947,30.7357880329755,155.9531999810133,1.357600005576387,,0.0,24.05916985088071,199.23149998066947,77,hybrid_v3_top3,0.0,5026186,199.23149998066947,232.1953125,whole_file,0.9999846804673771,0,1,True,"{""direct_bypass"": 1}",top3,v3,"[""raw|default|identity""]",84.03930001077242,1.0,1_10MiB,C:\Users\ss\Desktop\XAI\XAI\engines\XAI-Compress\data\test\archive (1)\FaceForensics++_C23\DeepFakeDetection\01_20__outside_talking_pan_laughing__OTGHOG4Z.mp4,546ace30fb0bb2e3783b,d4c018e4e0d855fcb62c44ee0a76087c705d13022d1eb2ed5371c3e0b0a697b2,PASS,end_to_end_artifact,False
True,8.00012199203487,hybrid-v3-final-140-v1,0.0,video,1,True,5049587,1,10.566357834827526,455.7472000014968,18.557236389466183,259.49920000857674,5.895599984796718,,0.0,10.566357834827526,455.7472000014968,77,hybrid_v2,0.0,5049510,455.7472000014968,232.1953125,whole_file,0.9999847512281698,0,1,True,"{""direct_bypass"": 1}",confidence,v2,"[""raw|default|identity""]",180.29640000895597,1.0,1_10MiB,C:\Users\ss\Desktop\XAI\XAI\engines\XAI-Compress\data\test\archive (1)\FaceForensics++_C23\DeepFakeDetection\01_15__outside_talking_pan_laughing__02HILKYO.mp4,f34934e8101b36854b29,22f6641589bce13ccf552849df03c432363b96f3387e9e450efe713996ccee5b,PASS,end_to_end_artifact,False
True,8.00012199203487,hybrid-v3-final-140-v1,0.0,video,1,True,5049587,1,13.047386160395696,369.084500009194,11.000008217180934,437.7804000105243,3.0886000022292137,,0.0,13.047386160395696,369.084500009194,77,hybrid_v3_confidence,0.0,5049510,369.084500009194,232.1953125,whole_file,0.9999847512281698,0,1,True,"{""direct_bypass"": 1}",confidence,v3,"[""raw|default|identity""]",134.8842000006698,1.0,1_10MiB,C:\Users\ss\Desktop\XAI\XAI\engines\XAI-Compress\data\test\archive (1)\FaceForensics++_C23\DeepFakeDetection\01_15__outside_talking_pan_laughing__02HILKYO.mp4,f34934e8101b36854b29,22f6641589bce13ccf552849df03c432363b96f3387e9e450efe713996ccee5b,PASS,end_to_end_artifact,False
True,8.00012199203487,hybrid-v3-final-140-v1,0.0,video,1,True,5049587,1,16.176649605670587,297.68760001752526,25.748489086803296,187.02409998513758,3.4431999956723303,,0.0,16.176649605670587,297.68760001752526,77,hybrid_v3_top2,0.0,5049510,297.68760001752526,232.1953125,whole_file,0.9999847512281698,0,1,True,"{""direct_bypass"": 1}",top2,v3,"[""raw|default|identity""]",140.90160001069307,1.0,1_10MiB,C:\Users\ss\Desktop\XAI\XAI\engines\XAI-Compress\data\test\archive (1)\FaceForensics++_C23\DeepFakeDetection\01_15__outside_talking_pan_laughing__02HILKYO.mp4,f34934e8101b36854b29,22f6641589bce13ccf552849df03c432363b96f3387e9e450efe713996ccee5b,PASS,end_to_end_artifact,False
True,8.00012199203487,hybrid-v3-final-140-v1,0.0,video,1,True,5049587,1,19.92726916419968,241.6582000150811,22.53174411045311,213.72460000566207,3.1581000075675547,,0.0,19.92726916419968,241.6582000150811,77,hybrid_v3_top3,0.0,5049510,241.6582000150811,232.1953125,whole_file,0.9999847512281698,0,1,True,"{""direct_bypass"": 1}",top3,v3,"[""raw|default|identity""]",103.21450000628829,1.0,1_10MiB,C:\Users\ss\Desktop\XAI\XAI\engines\XAI-Compress\data\test\archive (1)\FaceForensics++_C23\DeepFakeDetection\01_15__outside_talking_pan_laughing__02HILKYO.mp4,f34934e8101b36854b29,22f6641589bce13ccf552849df03c432363b96f3387e9e450efe713996ccee5b,PASS,end_to_end_artifact,False
True,8.000119263516806,hybrid-v3-final-140-v1,0.0,video,1,True,5165110,1,25.267910467622603,194.94130002567545,26.41836329876119,186.45209999522194,1.41789999906905,,0.0,25.267910467622603,194.94130002567545,77,hybrid_v2,0.0,5165033,194.94130002567545,232.1953125,whole_file,0.9999850922826425,0,1,True,"{""direct_bypass"": 1}",confidence,v2,"[""raw|default|identity""]",67.0518999977503,1.0,1_10MiB,C:\Users\ss\Desktop\XAI\XAI\engines\XAI-Compress\data\test\archive (1)\FaceForensics++_C23\DeepFakeDetection\03_07__talking_against_wall__PWXXULHR.mp4,d8bdce51a4d8290a41bc,69210fc8a1568f35a02792258885a70179b235f8f93393a8b7e6e703f7f7f736,PASS,end_to_end_artifact,False
True,8.000119263516806,hybrid-v3-final-140-v1,0.0,video,1,True,5165110,1,33.478595455799685,147.13160000974312,32.11914081236952,153.3589999889955,1.1626000050455332,,0.0,33.478595455799685,147.13160000974312,77,hybrid_v3_confidence,0.0,5165033,147.13160000974312,232.1953125,whole_file,0.9999850922826425,0,1,True,"{""direct_bypass"": 1}",confidence,v3,"[""raw|default|identity""]",63.85830001090653,1.0,1_10MiB,C:\Users\ss\Desktop\XAI\XAI\engines\XAI-Compress\data\test\archive (1)\FaceForensics++_C23\DeepFakeDetection\03_07__talking_against_wall__PWXXULHR.mp4,d8bdce51a4d8290a41bc,69210fc8a1568f35a02792258885a70179b235f8f93393a8b7e6e703f7f7f736,PASS,end_to_end_artifact,False
True,8.000119263516806,hybrid-v3-final-140-v1,0.0,video,1,True,5165110,1,16.6943144555683,295.0561000034213,21.068278566442114,233.7998000148218,2.681799989659339,,0.0,16.6943144555683,295.0561000034213,77,hybrid_v3_top2,0.0,5165033,295.0561000034213,232.1953125,whole_file,0.9999850922826425,0,1,True,"{""direct_bypass"": 1}",top2,v3,"[""raw|default|identity""]",152.11100000306033,1.0,1_10MiB,C:\Users\ss\Desktop\XAI\XAI\engines\XAI-Compress\data\test\archive (1)\FaceForensics++_C23\DeepFakeDetection\03_07__talking_against_wall__PWXXULHR.mp4,d8bdce51a4d8290a41bc,69210fc8a1568f35a02792258885a70179b235f8f93393a8b7e6e703f7f7f736,PASS,end_to_end_artifact,False
True,8.000119263516806,hybrid-v3-final-140-v1,0.0,video,1,True,5165110,1,15.769625805671366,312.357399991015,23.395647113459738,210.54169998387806,2.497100009350106,,0.0,15.769625805671366,312.357399991015,77,hybrid_v3_top3,0.0,5165033,312.357399991015,232.1953125,whole_file,0.9999850922826425,0,1,True,"{""direct_bypass"": 1}",top3,v3,"[""raw|default|identity""]",157.18090001610108,1.0,1_10MiB,C:\Users\ss\Desktop\XAI\XAI\engines\XAI-Compress\data\test\archive (1)\FaceForensics++_C23\DeepFakeDetection\03_07__talking_against_wall__PWXXULHR.mp4,d8bdce51a4d8290a41bc,69210fc8a1568f35a02792258885a70179b235f8f93393a8b7e6e703f7f7f736,PASS,end_to_end_artifact,False
True,8.00011866196308,hybrid-v3-final-140-v1,0.0,video,1,True,5191294,1,12.988295268361854,381.16859999718145,15.534051969512456,318.70179998804815,3.7262999976519495,,0.0,12.988295268361854,381.16859999718145,77,hybrid_v2,0.0,5191217,381.16859999718145,232.1953125,whole_file,0.999985167474622,0,1,True,"{""direct_bypass"": 1}",confidence,v2,"[""raw|default|identity""]",138.65229999646544,1.0,1_10MiB,C:\Users\ss\Desktop\XAI\XAI\engines\XAI-Compress\data\test\archive (1)\FaceForensics++_C23\DeepFakeDetection\03_26__talking_against_wall__WBSXBL82.mp4,302a07d24b61368de502,7ed343535c7f93036da37421055ea87cad3ce3fd75cac9fd970f2080b3148cf3,PASS,end_to_end_artifact,False
True,8.00011866196308,hybrid-v3-final-140-v1,0.0,video,1,True,5191294,1,20.402880230943655,242.6485999894794,30.634702721299554,161.60530000342987,2.606299996841699,,0.0,20.402880230943655,242.6485999894794,77,hybrid_v3_confidence,0.0,5191217,242.6485999894794,232.1953125,whole_file,0.999985167474622,0,1,True,"{""direct_bypass"": 1}",confidence,v3,"[""raw|default|identity""]",113.07170000509359,1.0,1_10MiB,C:\Users\ss\Desktop\XAI\XAI\engines\XAI-Compress\data\test\archive (1)\FaceForensics++_C23\DeepFakeDetection\03_26__talking_against_wall__WBSXBL82.mp4,302a07d24b61368de502,7ed343535c7f93036da37421055ea87cad3ce3fd75cac9fd970f2080b3148cf3,PASS,end_to_end_artifact,False
True,8.00011866196308,hybrid-v3-final-140-v1,0.0,video,1,True,5191294,1,28.592048327742265,173.1506000214722,32.65407695870659,151.61140001146123,1.740300009259954,,0.0,28.592048327742265,173.1506000214722,77,hybrid_v3_top2,0.0,5191217,173.1506000214722,232.1953125,whole_file,0.999985167474622,0,1,True,"{""direct_bypass"": 1}",top2,v3,"[""raw|default|identity""]",75.20540000405163,1.0,1_10MiB,C:\Users\ss\Desktop\XAI\XAI\engines\XAI-Compress\data\test\archive (1)\FaceForensics++_C23\DeepFakeDetection\03_26__talking_against_wall__WBSXBL82.mp4,302a07d24b61368de502,7ed343535c7f93036da37421055ea87cad3ce3fd75cac9fd970f2080b3148cf3,PASS,end_to_end_artifact,False
True,8.00011866196308,hybrid-v3-final-140-v1,0.0,video,1,True,5191294,1,16.452851005362152,300.9040999750141,19.477797893208002,254.17299999389797,4.200600000331178,,0.0,16.452851005362152,300.9040999750141,77,hybrid_v3_top3,0.0,5191217,300.9040999750141,232.1953125,whole_file,0.999985167474622,0,1,True,"{""direct_bypass"": 1}",top3,v3,"[""raw|default|identity""]",107.49049999867566,1.0,1_10MiB,C:\Users\ss\Desktop\XAI\XAI\engines\XAI-Compress\data\test\archive (1)\FaceForensics++_C23\DeepFakeDetection\03_26__talking_against_wall__WBSXBL82.mp4,302a07d24b61368de502,7ed343535c7f93036da37421055ea87cad3ce3fd75cac9fd970f2080b3148cf3,PASS,end_to_end_artifact,False
True,8.000116429507697,hybrid-v3-final-140-v1,0.0,video,1,True,5290832,1,11.13217489513473,453.2498999906238,20.514153767913204,245.95979999867268,6.569999997736886,,0.0,11.13217489513473,453.2498999906238,77,hybrid_v2,0.0,5290755,453.2498999906238,232.1953125,whole_file,0.9999854465233445,0,1,True,"{""direct_bypass"": 1}",confidence,v2,"[""raw|default|identity""]",248.34809999447316,1.0,1_10MiB,C:\Users\ss\Desktop\XAI\XAI\engines\XAI-Compress\data\test\archive (1)\FaceForensics++_C23\DeepFakeDetection\01_02__outside_talking_still_laughing__YVGY8LOK.mp4,ea302a0aad67d6028fa2,3d925d4db8a962161bacebd024d7ce5f97d4d22555ab34b8898d633c0c4a5131,PASS,end_to_end_artifact,False
True,8.000116429507697,hybrid-v3-final-140-v1,0.0,video,1,True,5290832,1,18.38202140154843,274.48870000080206,25.899430688753963,194.817299983697,2.442600001813844,,0.0,18.38202140154843,274.48870000080206,77,hybrid_v3_confidence,0.0,5290755,274.48870000080206,232.1953125,whole_file,0.9999854465233445,0,1,True,"{""direct_bypass"": 1}",confidence,v3,"[""raw|default|identity""]",130.88989999960177,1.0,1_10MiB,C:\Users\ss\Desktop\XAI\XAI\engines\XAI-Compress\data\test\archive (1)\FaceForensics++_C23\DeepFakeDetection\01_02__outside_talking_still_laughing__YVGY8LOK.mp4,ea302a0aad67d6028fa2,3d925d4db8a962161bacebd024d7ce5f97d4d22555ab34b8898d633c0c4a5131,PASS,end_to_end_artifact,False
True,8.000116429507697,hybrid-v3-final-140-v1,0.0,video,1,True,5290832,1,41.093299017575355,122.78540001716465,62.712859220908946,80.45649999985471,1.0360000014770776,,0.0,41.093299017575355,122.78540001716465,77,hybrid_v3_top2,0.0,5290755,122.78540001716465,232.1953125,whole_file,0.9999854465233445,0,1,True,"{""direct_bypass"": 1}",top2,v3,"[""raw|default|identity""]",55.658800003584474,1.0,1_10MiB,C:\Users\ss\Desktop\XAI\XAI\engines\XAI-Compress\data\test\archive (1)\FaceForensics++_C23\DeepFakeDetection\01_02__outside_talking_still_laughing__YVGY8LOK.mp4,ea302a0aad67d6028fa2,3d925d4db8a962161bacebd024d7ce5f97d4d22555ab34b8898d633c0c4a5131,PASS,end_to_end_artifact,False
True,8.000116429507697,hybrid-v3-final-140-v1,0.0,video,1,True,5290832,1,35.59634387771504,141.746500012232,35.84141163424794,140.77729999553412,1.902799995150417,,0.0,35.59634387771504,141.746500012232,77,hybrid_v3_top3,0.0,5290755,141.746500012232,232.1953125,whole_file,0.9999854465233445,0,1,True,"{""direct_bypass"": 1}",top3,v3,"[""raw|default|identity""]",58.31120000220835,1.0,1_10MiB,C:\Users\ss\Desktop\XAI\XAI\engines\XAI-Compress\data\test\archive (1)\FaceForensics++_C23\DeepFakeDetection\01_02__outside_talking_still_laughing__YVGY8LOK.mp4,ea302a0aad67d6028fa2,3d925d4db8a962161bacebd024d7ce5f97d4d22555ab34b8898d633c0c4a5131,PASS,end_to_end_artifact,False
True,8.000109677216036,hybrid-v3-final-140-v1,0.0,video,1,True,5616558,1,12.959055111010619,413.3243999967817,31.729586323758763,168.81070000818,3.8028999988455325,,0.0,12.959055111010619,413.3243999967817,77,hybrid_v2,0.0,5616481,413.3243999967817,232.1953125,whole_file,0.9999862905359475,0,1,True,"{""direct_bypass"": 1}",confidence,v2,"[""raw|default|identity""]",191.65970000904053,1.0,1_10MiB,C:\Users\ss\Desktop\XAI\XAI\engines\XAI-Compress\data\test\archive (1)\FaceForensics++_C23\DeepFakeDetection\03_26__kitchen_pan__WBSXBL82.mp4,64d82f0eb41570cacc9e,9a10f8e6288c75dd1824f213d9da72b134195b17280571a5a6bb787aa3216140,PASS,end_to_end_artifact,False
True,8.000109677216036,hybrid-v3-final-140-v1,0.0,video,1,True,5616558,1,54.72340122307058,97.87940001115203,65.1387427644858,82.22899999236688,0.7749999931547791,,0.0,54.72340122307058,97.87940001115203,77,hybrid_v3_confidence,0.0,5616481,97.87940001115203,232.1953125,whole_file,0.9999862905359475,0,1,True,"{""direct_bypass"": 1}",confidence,v3,"[""raw|default|identity""]",43.87639998458326,1.0,1_10MiB,C:\Users\ss\Desktop\XAI\XAI\engines\XAI-Compress\data\test\archive (1)\FaceForensics++_C23\DeepFakeDetection\03_26__kitchen_pan__WBSXBL82.mp4,64d82f0eb41570cacc9e,9a10f8e6288c75dd1824f213d9da72b134195b17280571a5a6bb787aa3216140,PASS,end_to_end_artifact,False
True,8.000109677216036,hybrid-v3-final-140-v1,0.0,video,1,True,5616558,1,53.34773203580483,100.40339999250136,84.15811425308922,63.6456000211183,0.9922999888658524,,0.0,53.34773203580483,100.40339999250136,77,hybrid_v3_top2,0.0,5616481,100.40339999250136,232.1953125,whole_file,0.9999862905359475,0,1,True,"{""direct_bypass"": 1}",top2,v3,"[""raw|default|identity""]",39.79700000490993,1.0,1_10MiB,C:\Users\ss\Desktop\XAI\XAI\engines\XAI-Compress\data\test\archive (1)\FaceForensics++_C23\DeepFakeDetection\03_26__kitchen_pan__WBSXBL82.mp4,64d82f0eb41570cacc9e,9a10f8e6288c75dd1824f213d9da72b134195b17280571a5a6bb787aa3216140,PASS,end_to_end_artifact,False
True,8.000109677216036,hybrid-v3-final-140-v1,0.0,video,1,True,5616558,1,60.748307329292196,88.17189998808317,59.90897465371184,89.40719999372959,0.6078000005800277,,0.0,60.748307329292196,88.17189998808317,77,hybrid_v3_top3,0.0,5616481,88.17189998808317,232.1953125,whole_file,0.9999862905359475,0,1,True,"{""direct_bypass"": 1}",top3,v3,"[""raw|default|identity""]",31.662900000810623,1.0,1_10MiB,C:\Users\ss\Desktop\XAI\XAI\engines\XAI-Compress\data\test\archive (1)\FaceForensics++_C23\DeepFakeDetection\03_26__kitchen_pan__WBSXBL82.mp4,64d82f0eb41570cacc9e,9a10f8e6288c75dd1824f213d9da72b134195b17280571a5a6bb787aa3216140,PASS,end_to_end_artifact,False
True,8.00010952962892,hybrid-v3-final-140-v1,0.0,video,1,True,5624126,1,32.66493878774131,164.19779998250306,45.0918699051793,118.94630000460893,1.7586000030860305,,0.0,32.66493878774131,164.19779998250306,77,hybrid_v2,0.0,5624049,164.19779998250306,232.1953125,whole_file,0.9999863089838315,0,1,True,"{""direct_bypass"": 1}",confidence,v2,"[""raw|default|identity""]",66.9556999928318,1.0,1_10MiB,C:\Users\ss\Desktop\XAI\XAI\engines\XAI-Compress\data\test\archive (1)\FaceForensics++_C23\DeepFakeDetection\03_15__kitchen_pan__DNUJD8M2.mp4,1dd1e1cbeb37c92a23c9,041724acacd4ab276534cc413b96f8d8fe6b618ff0b251051ffbc8bf0609ea50,PASS,end_to_end_artifact,False
True,8.00010952962892,hybrid-v3-final-140-v1,0.0,video,1,True,5624126,1,44.53367468870058,120.43720000656322,33.6718682734348,159.28760002134368,0.9465999901294708,,0.0,44.53367468870058,120.43720000656322,77,hybrid_v3_confidence,0.0,5624049,120.43720000656322,232.1953125,whole_file,0.9999863089838315,0,1,True,"{""direct_bypass"": 1}",confidence,v3,"[""raw|default|identity""]",47.246300004189834,1.0,1_10MiB,C:\Users\ss\Desktop\XAI\XAI\engines\XAI-Compress\data\test\archive (1)\FaceForensics++_C23\DeepFakeDetection\03_15__kitchen_pan__DNUJD8M2.mp4,1dd1e1cbeb37c92a23c9,041724acacd4ab276534cc413b96f8d8fe6b618ff0b251051ffbc8bf0609ea50,PASS,end_to_end_artifact,False
True,8.00010952962892,hybrid-v3-final-140-v1,0.0,video,1,True,5624126,1,26.442117031358034,202.8396999812685,47.57682116776877,112.73370002163574,2.398600016022101,,0.0,26.442117031358034,202.8396999812685,77,hybrid_v3_top2,0.0,5624049,202.8396999812685,232.1953125,whole_file,0.9999863089838315,0,1,True,"{""direct_bypass"": 1}",top2,v3,"[""raw|default|identity""]",85.28309999383055,1.0,1_10MiB,C:\Users\ss\Desktop\XAI\XAI\engines\XAI-Compress\data\test\archive (1)\FaceForensics++_C23\DeepFakeDetection\03_15__kitchen_pan__DNUJD8M2.mp4,1dd1e1cbeb37c92a23c9,041724acacd4ab276534cc413b96f8d8fe6b618ff0b251051ffbc8bf0609ea50,PASS,end_to_end_artifact,False
True,8.00010952962892,hybrid-v3-final-140-v1,0.0,video,1,True,5624126,1,18.946993341300953,283.0797999922652,28.561780521736797,187.78629999724217,2.6940999960061163,,0.0,18.946993341300953,283.0797999922652,77,hybrid_v3_top3,0.0,5624049,283.0797999922652,232.1953125,whole_file,0.9999863089838315,0,1,True,"{""direct_bypass"": 1}",top3,v3,"[""raw|default|identity""]",127.91100001777522,1.0,1_10MiB,C:\Users\ss\Desktop\XAI\XAI\engines\XAI-Compress\data\test\archive (1)\FaceForensics++_C23\DeepFakeDetection\03_15__kitchen_pan__DNUJD8M2.mp4,1dd1e1cbeb37c92a23c9,041724acacd4ab276534cc413b96f8d8fe6b618ff0b251051ffbc8bf0609ea50,PASS,end_to_end_artifact,False
True,8.00010922332464,hybrid-v3-final-140-v1,0.0,video,1,True,5639898,1,35.591998226612844,151.11690000048839,45.71639736612016,117.6504000031855,2.3135000083129853,,0.0,35.591998226612844,151.11690000048839,77,hybrid_v2,0.0,5639821,151.11690000048839,232.1953125,whole_file,0.9999863472708195,0,1,True,"{""direct_bypass"": 1}",confidence,v2,"[""raw|default|identity""]",62.1372000023257,1.0,1_10MiB,C:\Users\ss\Desktop\XAI\XAI\engines\XAI-Compress\data\test\archive (1)\FaceForensics++_C23\DeepFakeDetection\03_13__kitchen_pan__GBYWJW06.mp4,7030656a47ddcae4e881,8adf420ccaf5ccbd135690408d644cda64ff5e6602bd8b230c0caec6416069de,PASS,end_to_end_artifact,False
True,8.00010922332464,hybrid-v3-final-140-v1,0.0,video,1,True,5639898,1,55.67496567349486,96.60630000871606,73.64833228922681,73.03020000108518,0.6954000273253769,,0.0,55.67496567349486,96.60630000871606,77,hybrid_v3_confidence,0.0,5639821,96.60630000871606,232.1953125,whole_file,0.9999863472708195,0,1,True,"{""direct_bypass"": 1}",confidence,v3,"[""raw|default|identity""]",42.11129999021068,1.0,1_10MiB,C:\Users\ss\Desktop\XAI\XAI\engines\XAI-Compress\data\test\archive (1)\FaceForensics++_C23\DeepFakeDetection\03_13__kitchen_pan__GBYWJW06.mp4,7030656a47ddcae4e881,8adf420ccaf5ccbd135690408d644cda64ff5e6602bd8b230c0caec6416069de,PASS,end_to_end_artifact,False
True,8.00010922332464,hybrid-v3-final-140-v1,0.0,video,1,True,5639898,1,55.143205223519,97.53790000104345,92.63384175340444,58.06250000023283,1.2398000108078122,,0.0,55.143205223519,97.53790000104345,77,hybrid_v3_top2,0.0,5639821,97.53790000104345,232.1953125,whole_file,0.9999863472708195,0,1,True,"{""direct_bypass"": 1}",top2,v3,"[""raw|default|identity""]",40.45520001091063,1.0,1_10MiB,C:\Users\ss\Desktop\XAI\XAI\engines\XAI-Compress\data\test\archive (1)\FaceForensics++_C23\DeepFakeDetection\03_13__kitchen_pan__GBYWJW06.mp4,7030656a47ddcae4e881,8adf420ccaf5ccbd135690408d644cda64ff5e6602bd8b230c0caec6416069de,PASS,end_to_end_artifact,False
True,8.00010922332464,hybrid-v3-final-140-v1,0.0,video,1,True,5639898,1,68.36644663689087,78.67240000632592,64.81198788498864,82.9869999724906,0.6207000114955008,,0.0,68.36644663689087,78.67240000632592,77,hybrid_v3_top3,0.0,5639821,78.67240000632592,232.1953125,whole_file,0.9999863472708195,0,1,True,"{""direct_bypass"": 1}",top3,v3,"[""raw|default|identity""]",30.588499997975305,1.0,1_10MiB,C:\Users\ss\Desktop\XAI\XAI\engines\XAI-Compress\data\test\archive (1)\FaceForensics++_C23\DeepFakeDetection\03_13__kitchen_pan__GBYWJW06.mp4,7030656a47ddcae4e881,8adf420ccaf5ccbd135690408d644cda64ff5e6602bd8b230c0caec6416069de,PASS,end_to_end_artifact,False
True,8.000108122415638,hybrid-v3-final-140-v1,0.0,video,1,True,5697323,1,34.195291259972656,158.89079999760725,43.37520664187909,125.26319999597035,1.6950999852269888,,0.0,34.195291259972656,158.89079999760725,77,hybrid_v2,0.0,5697246,158.89079999760725,232.1953125,whole_file,0.9999864848807063,0,1,True,"{""direct_bypass"": 1}",confidence,v2,"[""raw|default|identity""]",73.86280002538115,1.0,1_10MiB,C:\Users\ss\Desktop\XAI\XAI\engines\XAI-Compress\data\test\archive (1)\FaceForensics++_C23\DeepFakeDetection\03_09__kitchen_pan__8DTEGQ54.mp4,349a429b63ba827da16d,9cd8988a88a104131ba32a24731ddc51d561786ac361d94bf36bf60280519606,PASS,end_to_end_artifact,False
True,8.000108122415638,hybrid-v3-final-140-v1,0.0,video,1,True,5697323,1,46.35821455278783,117.20290000084788,58.54072814338483,92.81259999261238,0.7952000014483929,,0.0,46.35821455278783,117.20290000084788,77,hybrid_v3_confidence,0.0,5697246,117.20290000084788,232.1953125,whole_file,0.9999864848807063,0,1,True,"{""direct_bypass"": 1}",confidence,v3,"[""raw|default|identity""]",44.816299981903285,1.0,1_10MiB,C:\Users\ss\Desktop\XAI\XAI\engines\XAI-Compress\data\test\archive (1)\FaceForensics++_C23\DeepFakeDetection\03_09__kitchen_pan__8DTEGQ54.mp4,349a429b63ba827da16d,9cd8988a88a104131ba32a24731ddc51d561786ac361d94bf36bf60280519606,PASS,end_to_end_artifact,False
True,8.000108122415638,hybrid-v3-final-140-v1,0.0,video,1,True,5697323,1,39.4899615311287,137.5873000069987,65.33727584646383,83.15799999400042,0.9247999987564981,,0.0,39.4899615311287,137.5873000069987,77,hybrid_v3_top2,0.0,5697246,137.5873000069987,232.1953125,whole_file,0.9999864848807063,0,1,True,"{""direct_bypass"": 1}",top2,v3,"[""raw|default|identity""]",51.410999993095174,1.0,1_10MiB,C:\Users\ss\Desktop\XAI\XAI\engines\XAI-Compress\data\test\archive (1)\FaceForensics++_C23\DeepFakeDetection\03_09__kitchen_pan__8DTEGQ54.mp4,349a429b63ba827da16d,9cd8988a88a104131ba32a24731ddc51d561786ac361d94bf36bf60280519606,PASS,end_to_end_artifact,False
True,8.000108122415638,hybrid-v3-final-140-v1,0.0,video,1,True,5697323,1,37.643951711462584,144.33440001448616,44.63805427525734,121.71940002008341,0.9696999914012849,,0.0,37.643951711462584,144.33440001448616,77,hybrid_v3_top3,0.0,5697246,144.33440001448616,232.1953125,whole_file,0.9999864848807063,0,1,True,"{""direct_bypass"": 1}",top3,v3,"[""raw|default|identity""]",69.36019999557175,1.0,1_10MiB,C:\Users\ss\Desktop\XAI\XAI\engines\XAI-Compress\data\test\archive (1)\FaceForensics++_C23\DeepFakeDetection\03_09__kitchen_pan__8DTEGQ54.mp4,349a429b63ba827da16d,9cd8988a88a104131ba32a24731ddc51d561786ac361d94bf36bf60280519606,PASS,end_to_end_artifact,False
True,8.000107819561164,hybrid-v3-final-140-v1,0.0,video,1,True,5713326,1,61.90673430816336,88.0126999982167,93.43581660777542,58.313599991379306,1.0429999965708703,,0.0,61.90673430816336,88.0126999982167,77,hybrid_v2,0.0,5713249,88.0126999982167,232.1953125,whole_file,0.9999865227364936,0,1,True,"{""direct_bypass"": 1}",confidence,v2,"[""raw|default|identity""]",41.05820000404492,1.0,1_10MiB,C:\Users\ss\Desktop\XAI\XAI\engines\XAI-Compress\data\test\archive (1)\FaceForensics++_C23\DeepFakeDetection\05_17__walking_down_street_outside_angry__M3H96PDQ.mp4,769bc1050e1bcf06e990,95a548a9ff65cd4074f6e757c833a332bdc3c2788a69b2ea63aa5a81003a9da9,PASS,end_to_end_artifact,False
True,8.000107819561164,hybrid-v3-final-140-v1,0.0,video,1,True,5713326,1,70.27993975667619,77.52680001431145,40.636108562409795,134.0821999765467,0.5868999869562685,,0.0,70.27993975667619,77.52680001431145,77,hybrid_v3_confidence,0.0,5713249,77.52680001431145,232.1953125,whole_file,0.9999865227364936,0,1,True,"{""direct_bypass"": 1}",confidence,v3,"[""raw|default|identity""]",31.955999991623685,1.0,1_10MiB,C:\Users\ss\Desktop\XAI\XAI\engines\XAI-Compress\data\test\archive (1)\FaceForensics++_C23\DeepFakeDetection\05_17__walking_down_street_outside_angry__M3H96PDQ.mp4,769bc1050e1bcf06e990,95a548a9ff65cd4074f6e757c833a332bdc3c2788a69b2ea63aa5a81003a9da9,PASS,end_to_end_artifact,False
True,8.000107819561164,hybrid-v3-final-140-v1,0.0,video,1,True,5713326,1,29.92143072928278,182.096200005617,48.054636353466556,113.38300001807511,2.2170000011101365,,0.0,29.92143072928278,182.096200005617,77,hybrid_v3_top2,0.0,5713249,182.096200005617,232.1953125,whole_file,0.9999865227364936,0,1,True,"{""direct_bypass"": 1}",top2,v3,"[""raw|default|identity""]",96.78320001694374,1.0,1_10MiB,C:\Users\ss\Desktop\XAI\XAI\engines\XAI-Compress\data\test\archive (1)\FaceForensics++_C23\DeepFakeDetection\05_17__walking_down_street_outside_angry__M3H96PDQ.mp4,769bc1050e1bcf06e990,95a548a9ff65cd4074f6e757c833a332bdc3c2788a69b2ea63aa5a81003a9da9,PASS,end_to_end_artifact,False
True,8.000107819561164,hybrid-v3-final-140-v1,0.0,video,1,True,5713326,1,64.43683286698713,84.55690002301708,75.37029380558165,72.29079998796806,0.6235000037122518,,0.0,64.43683286698713,84.55690002301708,77,hybrid_v3_top3,0.0,5713249,84.55690002301708,232.1953125,whole_file,0.9999865227364936,0,1,True,"{""direct_bypass"": 1}",top3,v3,"[""raw|default|identity""]",37.931200000457466,1.0,1_10MiB,C:\Users\ss\Desktop\XAI\XAI\engines\XAI-Compress\data\test\archive (1)\FaceForensics++_C23\DeepFakeDetection\05_17__walking_down_street_outside_angry__M3H96PDQ.mp4,769bc1050e1bcf06e990,95a548a9ff65cd4074f6e757c833a332bdc3c2788a69b2ea63aa5a81003a9da9,PASS,end_to_end_artifact,False
True,8.000106613682897,hybrid-v3-final-140-v1,0.0,video,1,True,5777947,1,58.78061168738987,93.74189999653026,48.25945116585599,114.17879999498837,1.153399993199855,,0.0,58.78061168738987,93.74189999653026,77,hybrid_v2,0.0,5777870,93.74189999653026,232.1953125,whole_file,0.9999866734672367,0,1,True,"{""direct_bypass"": 1}",confidence,v2,"[""raw|default|identity""]",40.171500004362315,1.0,1_10MiB,C:\Users\ss\Desktop\XAI\XAI\engines\XAI-Compress\data\test\archive (1)\FaceForensics++_C23\DeepFakeDetection\06_07__kitchen_pan__NMGYPBXE.mp4,7e893633dd0f5d20713c,d02dd5bc148ac33cadb363dba985e7d108b280eb72b7bacc68b1660bad384cef,PASS,end_to_end_artifact,False
True,8.000106613682897,hybrid-v3-final-140-v1,0.0,video,1,True,5777947,1,27.43910699587604,200.8157999953255,26.683083762216373,206.50560001377016,1.9247999880462885,,0.0,27.43910699587604,200.8157999953255,77,hybrid_v3_confidence,0.0,5777870,200.8157999953255,232.1953125,whole_file,0.9999866734672367,0,1,True,"{""direct_bypass"": 1}",confidence,v3,"[""raw|default|identity""]",87.67509998870082,1.0,1_10MiB,C:\Users\ss\Desktop\XAI\XAI\engines\XAI-Compress\data\test\archive (1)\FaceForensics++_C23\DeepFakeDetection\06_07__kitchen_pan__NMGYPBXE.mp4,7e893633dd0f5d20713c,d02dd5bc148ac33cadb363dba985e7d108b280eb72b7bacc68b1660bad384cef,PASS,end_to_end_artifact,False
True,8.000106613682897,hybrid-v3-final-140-v1,0.0,video,1,True,5777947,1,26.40072511737697,208.71420000912622,42.87260794532631,128.52509997901507,1.972900005057454,,0.0,26.40072511737697,208.71420000912622,77,hybrid_v3_top2,0.0,5777870,208.71420000912622,232.1953125,whole_file,0.9999866734672367,0,1,True,"{""direct_bypass"": 1}",top2,v3,"[""raw|default|identity""]",87.13069997611456,1.0,1_10MiB,C:\Users\ss\Desktop\XAI\XAI\engines\XAI-Compress\data\test\archive (1)\FaceForensics++_C23\DeepFakeDetection\06_07__kitchen_pan__NMGYPBXE.mp4,7e893633dd0f5d20713c,d02dd5bc148ac33cadb363dba985e7d108b280eb72b7bacc68b1660bad384cef,PASS,end_to_end_artifact,False
True,8.000106613682897,hybrid-v3-final-140-v1,0.0,video,1,True,5777947,1,42.47117673436475,129.73990000318736,60.39608067969899,91.23449999606237,1.6521999787073582,,0.0,42.47117673436475,129.73990000318736,77,hybrid_v3_top3,0.0,5777870,129.73990000318736,232.1953125,whole_file,0.9999866734672367,0,1,True,"{""direct_bypass"": 1}",top3,v3,"[""raw|default|identity""]",52.43420001352206,1.0,1_10MiB,C:\Users\ss\Desktop\XAI\XAI\engines\XAI-Compress\data\test\archive (1)\FaceForensics++_C23\DeepFakeDetection\06_07__kitchen_pan__NMGYPBXE.mp4,7e893633dd0f5d20713c,d02dd5bc148ac33cadb363dba985e7d108b280eb72b7bacc68b1660bad384cef,PASS,end_to_end_artifact,False
True,8.000101792405626,hybrid-v3-final-140-v1,0.0,video,1,True,6051609,1,52.92441663069715,109.04589999699965,85.86548003013449,67.2119999944698,1.2101999891456217,,0.0,52.92441663069715,109.04589999699965,77,hybrid_v2,0.0,6051532,109.04589999699965,232.1953125,whole_file,0.9999872761111962,0,1,True,"{""direct_bypass"": 1}",confidence,v2,"[""raw|default|identity""]",53.78709998331033,1.0,1_10MiB,C:\Users\ss\Desktop\XAI\XAI\engines\XAI-Compress\data\test\archive (1)\FaceForensics++_C23\DeepFakeDetection\03_01__meeting_serious__JZUXXFRB.mp4,a2d1deaf6beae2b754df,9e459ab08b6e71ea64890113829db0590b4a5072db9c10bb53e6f63fa54bdc8d,PASS,end_to_end_artifact,False
True,8.000101792405626,hybrid-v3-final-140-v1,0.0,video,1,True,6051609,1,36.619090555027604,157.6006000104826,23.958132327384437,240.8865000179503,0.901099992915988,,0.0,36.619090555027604,157.6006000104826,77,hybrid_v3_confidence,0.0,6051532,157.6006000104826,232.1953125,whole_file,0.9999872761111962,0,1,True,"{""direct_bypass"": 1}",confidence,v3,"[""raw|default|identity""]",58.67110000690445,1.0,1_10MiB,C:\Users\ss\Desktop\XAI\XAI\engines\XAI-Compress\data\test\archive (1)\FaceForensics++_C23\DeepFakeDetection\03_01__meeting_serious__JZUXXFRB.mp4,a2d1deaf6beae2b754df,9e459ab08b6e71ea64890113829db0590b4a5072db9c10bb53e6f63fa54bdc8d,PASS,end_to_end_artifact,False
True,8.000101792405626,hybrid-v3-final-140-v1,0.0,video,1,True,6051609,1,49.952486920632126,115.533600008348,65.9702617037306,87.48170000035316,0.7514999888371676,,0.0,49.952486920632126,115.533600008348,77,hybrid_v3_top2,0.0,6051532,115.533600008348,232.1953125,whole_file,0.9999872761111962,0,1,True,"{""direct_bypass"": 1}",top2,v3,"[""raw|default|identity""]",59.22689998988062,1.0,1_10MiB,C:\Users\ss\Desktop\XAI\XAI\engines\XAI-Compress\data\test\archive (1)\FaceForensics++_C23\DeepFakeDetection\03_01__meeting_serious__JZUXXFRB.mp4,a2d1deaf6beae2b754df,9e459ab08b6e71ea64890113829db0590b4a5072db9c10bb53e6f63fa54bdc8d,PASS,end_to_end_artifact,False
True,8.000101792405626,hybrid-v3-final-140-v1,0.0,video,1,True,6051609,1,62.729514879155225,92.00119998422451,94.781221119343,60.88960001943633,0.6387000030372292,,0.0,62.729514879155225,92.00119998422451,77,hybrid_v3_top3,0.0,6051532,92.00119998422451,232.1953125,whole_file,0.9999872761111962,0,1,True,"{""direct_bypass"": 1}",top3,v3,"[""raw|default|identity""]",40.01060000155121,1.0,1_10MiB,C:\Users\ss\Desktop\XAI\XAI\engines\XAI-Compress\data\test\archive (1)\FaceForensics++_C23\DeepFakeDetection\03_01__meeting_serious__JZUXXFRB.mp4,a2d1deaf6beae2b754df,9e459ab08b6e71ea64890113829db0590b4a5072db9c10bb53e6f63fa54bdc8d,PASS,end_to_end_artifact,False
True,8.000094142703833,hybrid-v3-final-140-v1,0.0,video,1,True,6543335,1,66.84588720357696,93.35109998937696,97.40732226184595,64.06229999265634,1.1349999986123294,,0.0,66.84588720357696,93.35109998937696,77,hybrid_v2,0.0,6543258,93.35109998937696,232.1953125,whole_file,0.9999882323005012,0,1,True,"{""direct_bypass"": 1}",confidence,v2,"[""raw|default|identity""]",38.43119999510236,1.0,1_10MiB,C:\Users\ss\Desktop\XAI\XAI\engines\XAI-Compress\data\test\archive (1)\FaceForensics++_C23\DeepFakeDetection\02_09__kitchen_pan__9TDCEK1Q.mp4,adacdb3fb3b269d0e4ec,b2285a7ff8589db78d264b065233b6ee31c959675944a60c0b7205880719866e,PASS,end_to_end_artifact,False
True,8.000094142703833,hybrid-v3-final-140-v1,0.0,video,1,True,6543335,1,68.26678488728494,91.40810000826605,97.21444818329213,64.18940000003204,0.596199999563396,,0.0,68.26678488728494,91.40810000826605,77,hybrid_v3_confidence,0.0,6543258,91.40810000826605,232.1953125,whole_file,0.9999882323005012,0,1,True,"{""direct_bypass"": 1}",confidence,v3,"[""raw|default|identity""]",36.00759999244474,1.0,1_10MiB,C:\Users\ss\Desktop\XAI\XAI\engines\XAI-Compress\data\test\archive (1)\FaceForensics++_C23\DeepFakeDetection\02_09__kitchen_pan__9TDCEK1Q.mp4,adacdb3fb3b269d0e4ec,b2285a7ff8589db78d264b065233b6ee31c959675944a60c0b7205880719866e,PASS,end_to_end_artifact,False
True,8.000094142703833,hybrid-v3-final-140-v1,0.0,video,1,True,6543335,1,23.20946828922979,268.8616999948863,32.82974678156696,190.07569999666885,2.0567000028677285,,0.0,23.20946828922979,268.8616999948863,77,hybrid_v3_top2,0.0,6543258,268.8616999948863,232.1953125,whole_file,0.9999882323005012,0,1,True,"{""direct_bypass"": 1}",top2,v3,"[""raw|default|identity""]",111.94469998008572,1.0,1_10MiB,C:\Users\ss\Desktop\XAI\XAI\engines\XAI-Compress\data\test\archive (1)\FaceForensics++_C23\DeepFakeDetection\02_09__kitchen_pan__9TDCEK1Q.mp4,adacdb3fb3b269d0e4ec,b2285a7ff8589db78d264b065233b6ee31c959675944a60c0b7205880719866e,PASS,end_to_end_artifact,False
True,8.000094142703833,hybrid-v3-final-140-v1,0.0,video,1,True,6543335,1,31.662225767783198,197.08459998946637,45.116578238063305,138.3114000200294,1.7573000222910196,,0.0,31.662225767783198,197.08459998946637,77,hybrid_v3_top3,0.0,6543258,197.08459998946637,232.1953125,whole_file,0.9999882323005012,0,1,True,"{""direct_bypass"": 1}",top3,v3,"[""raw|default|identity""]",83.59639998525381,1.0,1_10MiB,C:\Users\ss\Desktop\XAI\XAI\engines\XAI-Compress\data\test\archive (1)\FaceForensics++_C23\DeepFakeDetection\02_09__kitchen_pan__9TDCEK1Q.mp4,adacdb3fb3b269d0e4ec,b2285a7ff8589db78d264b065233b6ee31c959675944a60c0b7205880719866e,PASS,end_to_end_artifact,False
True,8.000094066625437,hybrid-v3-final-140-v1,0.0,video,1,True,6548627,1,47.02606684011624,132.802600011928,66.83694452772994,93.43910001916811,1.653899991651997,,0.0,47.02606684011624,132.802600011928,77,hybrid_v2,0.0,6548550,132.802600011928,232.1953125,whole_file,0.9999882418100772,0,1,True,"{""direct_bypass"": 1}",confidence,v2,"[""raw|default|identity""]",60.538999998243526,1.0,1_10MiB,C:\Users\ss\Desktop\XAI\XAI\engines\XAI-Compress\data\test\archive (1)\FaceForensics++_C23\DeepFakeDetection\02_13__kitchen_pan__2YSYT2N3.mp4,2d972416e5ea584e6e99,0894b9ec4270370ebdd75940a9ca74a5b4c452bf91385c27356f02de062f4ffa,PASS,end_to_end_artifact,False
True,8.000094066625437,hybrid-v3-final-140-v1,0.0,video,1,True,6548627,1,40.77683254858205,153.1552000087686,64.19307664113758,97.28750001522712,0.913399999262765,,0.0,40.77683254858205,153.1552000087686,77,hybrid_v3_confidence,0.0,6548550,153.1552000087686,232.1953125,whole_file,0.9999882418100772,0,1,True,"{""direct_bypass"": 1}",confidence,v3,"[""raw|default|identity""]",66.92780001321808,1.0,1_10MiB,C:\Users\ss\Desktop\XAI\XAI\engines\XAI-Compress\data\test\archive (1)\FaceForensics++_C23\DeepFakeDetection\02_13__kitchen_pan__2YSYT2N3.mp4,2d972416e5ea584e6e99,0894b9ec4270370ebdd75940a9ca74a5b4c452bf91385c27356f02de062f4ffa,PASS,end_to_end_artifact,False
True,8.000094066625437,hybrid-v3-final-140-v1,0.0,video,1,True,6548627,1,72.22504342524493,86.4683999971021,90.1749580266809,69.25629999022931,0.5994999955873936,,0.0,72.22504342524493,86.4683999971021,77,hybrid_v3_top2,0.0,6548550,86.4683999971021,232.1953125,whole_file,0.9999882418100772,0,1,True,"{""direct_bypass"": 1}",top2,v3,"[""raw|default|identity""]",38.26490000938065,1.0,1_10MiB,C:\Users\ss\Desktop\XAI\XAI\engines\XAI-Compress\data\test\archive (1)\FaceForensics++_C23\DeepFakeDetection\02_13__kitchen_pan__2YSYT2N3.mp4,2d972416e5ea584e6e99,0894b9ec4270370ebdd75940a9ca74a5b4c452bf91385c27356f02de062f4ffa,PASS,end_to_end_artifact,False
True,8.000094066625437,hybrid-v3-final-140-v1,0.0,video,1,True,6548627,1,36.849308436815306,169.47900000377558,47.40998020630566,131.7272000014782,0.9077999857254326,,0.0,36.849308436815306,169.47900000377558,77,hybrid_v3_top3,0.0,6548550,169.47900000377558,232.1953125,whole_file,0.9999882418100772,0,1,True,"{""direct_bypass"": 1}",top3,v3,"[""raw|default|identity""]",68.86880000820383,1.0,1_10MiB,C:\Users\ss\Desktop\XAI\XAI\engines\XAI-Compress\data\test\archive (1)\FaceForensics++_C23\DeepFakeDetection\02_13__kitchen_pan__2YSYT2N3.mp4,2d972416e5ea584e6e99,0894b9ec4270370ebdd75940a9ca74a5b4c452bf91385c27356f02de062f4ffa,PASS,end_to_end_artifact,False
True,8.000091591349138,hybrid-v3-final-140-v1,0.0,video,1,True,6725603,1,66.41953092126984,96.56740000355057,90.64324605681892,70.76049997704104,0.9781999979168177,,0.0,66.41953092126984,96.56740000355057,77,hybrid_v2,0.0,6725526,96.56740000355057,232.44921875,whole_file,0.999988551212434,0,1,True,"{""direct_bypass"": 1}",confidence,v2,"[""raw|default|identity""]",45.534799981396645,1.0,1_10MiB,C:\Users\ss\Desktop\XAI\XAI\engines\XAI-Compress\data\test\archive (1)\FaceForensics++_C23\DeepFakeDetection\03_15__outside_talking_still_laughing__DNUJD8M2.mp4,575ac6afd2f60f8f7362,65380b215b6f4373f3f360b7c823bdb4b283ae945c3ce3007f15b3f62ec01852,PASS,end_to_end_artifact,False
True,8.000091591349138,hybrid-v3-final-140-v1,0.0,video,1,True,6725603,1,55.92779229496227,114.68289999174885,79.63093693560755,80.54610001272522,0.811200006864965,,0.0,55.92779229496227,114.68289999174885,77,hybrid_v3_confidence,0.0,6725526,114.68289999174885,232.44921875,whole_file,0.999988551212434,0,1,True,"{""direct_bypass"": 1}",confidence,v3,"[""raw|default|identity""]",50.86230000597425,1.0,1_10MiB,C:\Users\ss\Desktop\XAI\XAI\engines\XAI-Compress\data\test\archive (1)\FaceForensics++_C23\DeepFakeDetection\03_15__outside_talking_still_laughing__DNUJD8M2.mp4,575ac6afd2f60f8f7362,65380b215b6f4373f3f360b7c823bdb4b283ae945c3ce3007f15b3f62ec01852,PASS,end_to_end_artifact,False
True,8.000091591349138,hybrid-v3-final-140-v1,0.0,video,1,True,6725603,1,61.990706269726495,103.46650000428781,100.88556814114865,63.57659999048337,0.6382999999914318,,0.0,61.990706269726495,103.46650000428781,77,hybrid_v3_top2,0.0,6725526,103.46650000428781,232.44921875,whole_file,0.999988551212434,0,1,True,"{""direct_bypass"": 1}",top2,v3,"[""raw|default|identity""]",49.38029998447746,1.0,1_10MiB,C:\Users\ss\Desktop\XAI\XAI\engines\XAI-Compress\data\test\archive (1)\FaceForensics++_C23\DeepFakeDetection\03_15__outside_talking_still_laughing__DNUJD8M2.mp4,575ac6afd2f60f8f7362,65380b215b6f4373f3f360b7c823bdb4b283ae945c3ce3007f15b3f62ec01852,PASS,end_to_end_artifact,False
True,8.000091591349138,hybrid-v3-final-140-v1,0.0,video,1,True,6725603,1,48.966845340586346,130.98580000223592,58.47806065926103,109.68150000553578,0.5717999883927405,,0.0,48.966845340586346,130.98580000223592,77,hybrid_v3_top3,0.0,6725526,130.98580000223592,232.44921875,whole_file,0.999988551212434,0,1,True,"{""direct_bypass"": 1}",top3,v3,"[""raw|default|identity""]",38.850100012496114,1.0,1_10MiB,C:\Users\ss\Desktop\XAI\XAI\engines\XAI-Compress\data\test\archive (1)\FaceForensics++_C23\DeepFakeDetection\03_15__outside_talking_still_laughing__DNUJD8M2.mp4,575ac6afd2f60f8f7362,65380b215b6f4373f3f360b7c823bdb4b283ae945c3ce3007f15b3f62ec01852,PASS,end_to_end_artifact,False
True,8.000078980140726,hybrid-v3-final-140-v1,0.0,video,1,True,7799506,1,34.23025736822789,217.29649999178946,49.805015650857186,149.34469998115674,2.8003999905195087,,0.0,34.23025736822789,217.29649999178946,77,hybrid_v2,0.0,7799429,217.29649999178946,232.44921875,whole_file,0.9999901275798749,0,1,True,"{""direct_bypass"": 1}",confidence,v2,"[""raw|default|identity""]",91.24809998320416,1.0,1_10MiB,C:\Users\ss\Desktop\XAI\XAI\engines\XAI-Compress\data\test\archive (1)\FaceForensics++_C23\DeepFakeDetection\02_13__podium_speech_happy__2YSYT2N3.mp4,ceb68a8868bcd038b876,5c391f644ef69f6eff522652b1aeee47a636e25509ff274f8056d670ddcb7b84,PASS,end_to_end_artifact,False
True,8.000078980140726,hybrid-v3-final-140-v1,0.0,video,1,True,7799506,1,17.82085577980457,417.3826000187546,30.31261332274732,245.38020000909455,2.798600005917251,,0.0,17.82085577980457,417.3826000187546,77,hybrid_v3_confidence,0.0,7799429,417.3826000187546,232.44921875,whole_file,0.9999901275798749,0,1,True,"{""direct_bypass"": 1}",confidence,v3,"[""raw|default|identity""]",206.60430000862107,1.0,1_10MiB,C:\Users\ss\Desktop\XAI\XAI\engines\XAI-Compress\data\test\archive (1)\FaceForensics++_C23\DeepFakeDetection\02_13__podium_speech_happy__2YSYT2N3.mp4,ceb68a8868bcd038b876,5c391f644ef69f6eff522652b1aeee47a636e25509ff274f8056d670ddcb7b84,PASS,end_to_end_artifact,False
True,8.000078980140726,hybrid-v3-final-140-v1,0.0,video,1,True,7799506,1,57.53301151094772,129.28429999738,59.236980251409996,125.56539999786764,0.6760999967809767,,0.0,57.53301151094772,129.28429999738,77,hybrid_v3_top2,0.0,7799429,129.28429999738,232.44921875,whole_file,0.9999901275798749,0,1,True,"{""direct_bypass"": 1}",top2,v3,"[""raw|default|identity""]",50.730899994960055,1.0,1_10MiB,C:\Users\ss\Desktop\XAI\XAI\engines\XAI-Compress\data\test\archive (1)\FaceForensics++_C23\DeepFakeDetection\02_13__podium_speech_happy__2YSYT2N3.mp4,ceb68a8868bcd038b876,5c391f644ef69f6eff522652b1aeee47a636e25509ff274f8056d670ddcb7b84,PASS,end_to_end_artifact,False
True,8.000078980140726,hybrid-v3-final-140-v1,0.0,video,1,True,7799506,1,44.157792030476045,168.44399998080917,60.6821547540376,122.57500001578592,0.8225000055972487,,0.0,44.157792030476045,168.44399998080917,77,hybrid_v3_top3,0.0,7799429,168.44399998080917,232.44921875,whole_file,0.9999901275798749,0,1,True,"{""direct_bypass"": 1}",top3,v3,"[""raw|default|identity""]",78.64839999820106,1.0,1_10MiB,C:\Users\ss\Desktop\XAI\XAI\engines\XAI-Compress\data\test\archive (1)\FaceForensics++_C23\DeepFakeDetection\02_13__podium_speech_happy__2YSYT2N3.mp4,ceb68a8868bcd038b876,5c391f644ef69f6eff522652b1aeee47a636e25509ff274f8056d670ddcb7b84,PASS,end_to_end_artifact,False
True,8.000076425196543,hybrid-v3-final-140-v1,0.0,video,1,True,8060246,1,49.777759243763164,154.42190002067946,81.9420212785683,93.80750000127591,1.4248999941628426,,0.0,49.777759243763164,154.42190002067946,77,hybrid_v2,0.0,8060169,154.42190002067946,232.44921875,whole_file,0.9999904469416938,0,1,True,"{""direct_bypass"": 1}",confidence,v2,"[""raw|default|identity""]",74.2000000027474,1.0,1_10MiB,C:\Users\ss\Desktop\XAI\XAI\engines\XAI-Compress\data\test\archive (1)\FaceForensics++_C23\DeepFakeDetection\04_01__kitchen_still__6I623VU9.mp4,3195eee4a59ac79f4da4,f851b1536300f5a745c725ac7310bfa6a4853b85824b8ec2222e0a2b3ceda920,PASS,end_to_end_artifact,False
True,8.000076425196543,hybrid-v3-final-140-v1,0.0,video,1,True,8060246,1,54.05339228004182,142.20709999790415,58.71613744426534,130.91420001001097,0.8558999979868531,,0.0,54.05339228004182,142.20709999790415,77,hybrid_v3_confidence,0.0,8060169,142.20709999790415,232.44921875,whole_file,0.9999904469416938,0,1,True,"{""direct_bypass"": 1}",confidence,v3,"[""raw|default|identity""]",59.32879997999407,1.0,1_10MiB,C:\Users\ss\Desktop\XAI\XAI\engines\XAI-Compress\data\test\archive (1)\FaceForensics++_C23\DeepFakeDetection\04_01__kitchen_still__6I623VU9.mp4,3195eee4a59ac79f4da4,f851b1536300f5a745c725ac7310bfa6a4853b85824b8ec2222e0a2b3ceda920,PASS,end_to_end_artifact,False
True,8.000076425196543,hybrid-v3-final-140-v1,0.0,video,1,True,8060246,1,54.122926490043305,142.02440000372007,71.09499057547747,108.11979998834431,0.9962999902199954,,0.0,54.122926490043305,142.02440000372007,77,hybrid_v3_top2,0.0,8060169,142.02440000372007,232.44921875,whole_file,0.9999904469416938,0,1,True,"{""direct_bypass"": 1}",top2,v3,"[""raw|default|identity""]",52.443799999309704,1.0,1_10MiB,C:\Users\ss\Desktop\XAI\XAI\engines\XAI-Compress\data\test\archive (1)\FaceForensics++_C23\DeepFakeDetection\04_01__kitchen_still__6I623VU9.mp4,3195eee4a59ac79f4da4,f851b1536300f5a745c725ac7310bfa6a4853b85824b8ec2222e0a2b3ceda920,PASS,end_to_end_artifact,False
True,8.000076425196543,hybrid-v3-final-140-v1,0.0,video,1,True,8060246,1,53.11991796880699,144.70609999261796,82.394010290316,93.2928999827709,0.8802000083960593,,0.0,53.11991796880699,144.70609999261796,77,hybrid_v3_top3,0.0,8060169,144.70609999261796,232.44921875,whole_file,0.9999904469416938,0,1,True,"{""direct_bypass"": 1}",top3,v3,"[""raw|default|identity""]",54.67889999272302,1.0,1_10MiB,C:\Users\ss\Desktop\XAI\XAI\engines\XAI-Compress\data\test\archive (1)\FaceForensics++_C23\DeepFakeDetection\04_01__kitchen_still__6I623VU9.mp4,3195eee4a59ac79f4da4,f851b1536300f5a745c725ac7310bfa6a4853b85824b8ec2222e0a2b3ceda920,PASS,end_to_end_artifact,False
True,8.000073508195328,hybrid-v3-final-140-v1,0.0,video,1,True,8380095,1,71.55360595507766,111.689799989108,101.80867532937768,78.49829999031499,0.8962000138126314,,0.0,71.55360595507766,111.689799989108,77,hybrid_v2,0.0,8380018,111.689799989108,232.44921875,whole_file,0.9999908115600121,0,1,True,"{""direct_bypass"": 1}",confidence,v2,"[""raw|default|identity""]",47.23369999555871,1.0,1_10MiB,C:\Users\ss\Desktop\XAI\XAI\engines\XAI-Compress\data\test\archive (1)\FaceForensics++_C23\DeepFakeDetection\02_06__podium_speech_happy__SU4OQCS9.mp4,a8eee5cb651502b76851,97bb3e08c4ac6588b1153e963596523fd911b79900b9f02d4ead3585b2a40171,PASS,end_to_end_artifact,False
True,8.000073508195328,hybrid-v3-final-140-v1,0.0,video,1,True,8380095,1,56.23887132092074,142.10470000398345,71.39297306213025,111.9411000108812,0.6530999962706119,,0.0,56.23887132092074,142.10470000398345,77,hybrid_v3_confidence,0.0,8380018,142.10470000398345,232.44921875,whole_file,0.9999908115600121,0,1,True,"{""direct_bypass"": 1}",confidence,v3,"[""raw|default|identity""]",68.8300000037998,1.0,1_10MiB,C:\Users\ss\Desktop\XAI\XAI\engines\XAI-Compress\data\test\archive (1)\FaceForensics++_C23\DeepFakeDetection\02_06__podium_speech_happy__SU4OQCS9.mp4,a8eee5cb651502b76851,97bb3e08c4ac6588b1153e963596523fd911b79900b9f02d4ead3585b2a40171,PASS,end_to_end_artifact,False
True,8.000073508195328,hybrid-v3-final-140-v1,0.0,video,1,True,8380095,1,68.17360750257693,117.2272999829147,96.84973795811159,82.51760000712238,0.6148999964352697,,0.0,68.17360750257693,117.2272999829147,77,hybrid_v3_top2,0.0,8380018,117.2272999829147,232.44921875,whole_file,0.9999908115600121,0,1,True,"{""direct_bypass"": 1}",top2,v3,"[""raw|default|identity""]",52.22079998929985,1.0,1_10MiB,C:\Users\ss\Desktop\XAI\XAI\engines\XAI-Compress\data\test\archive (1)\FaceForensics++_C23\DeepFakeDetection\02_06__podium_speech_happy__SU4OQCS9.mp4,a8eee5cb651502b76851,97bb3e08c4ac6588b1153e963596523fd911b79900b9f02d4ead3585b2a40171,PASS,end_to_end_artifact,False
True,8.000073508195328,hybrid-v3-final-140-v1,0.0,video,1,True,8380095,1,72.6323963401032,110.03089998848736,81.05684702878102,98.59509998932481,0.5682000191882253,,0.0,72.6323963401032,110.03089998848736,77,hybrid_v3_top3,0.0,8380018,110.03089998848736,232.44921875,whole_file,0.9999908115600121,0,1,True,"{""direct_bypass"": 1}",top3,v3,"[""raw|default|identity""]",45.61829997692257,1.0,1_10MiB,C:\Users\ss\Desktop\XAI\XAI\engines\XAI-Compress\data\test\archive (1)\FaceForensics++_C23\DeepFakeDetection\02_06__podium_speech_happy__SU4OQCS9.mp4,a8eee5cb651502b76851,97bb3e08c4ac6588b1153e963596523fd911b79900b9f02d4ead3585b2a40171,PASS,end_to_end_artifact,False
True,8.000067314231027,hybrid-v3-final-140-v1,0.0,video,1,True,9151188,1,23.846557587111775,365.97230000188574,29.83191148012441,292.54510000464506,3.5010999999940395,,0.0,23.846557587111775,365.97230000188574,77,hybrid_v2,0.0,9151111,365.97230000188574,232.44921875,whole_file,0.9999915857919213,0,1,True,"{""direct_bypass"": 1}",confidence,v2,"[""raw|default|identity""]",136.27780001843348,1.0,1_10MiB,C:\Users\ss\Desktop\XAI\XAI\engines\XAI-Compress\data\test\archive (1)\FaceForensics++_C23\DeepFakeDetection\03_26__kitchen_still__WBSXBL82.mp4,65aad6920755198ffc44,b3f3aa4cfc9cf35b0e04824857feab315a5c8990128472e99ce73ac092ec97d0,PASS,end_to_end_artifact,False
True,8.000067314231027,hybrid-v3-final-140-v1,0.0,video,1,True,9151188,1,37.069341764835755,235.42849998921156,68.30959748880264,127.75919999694452,0.9841000137384981,,0.0,37.069341764835755,235.42849998921156,77,hybrid_v3_confidence,0.0,9151111,235.42849998921156,232.44921875,whole_file,0.9999915857919213,0,1,True,"{""direct_bypass"": 1}",confidence,v3,"[""raw|default|identity""]",101.94930000579916,1.0,1_10MiB,C:\Users\ss\Desktop\XAI\XAI\engines\XAI-Compress\data\test\archive (1)\FaceForensics++_C23\DeepFakeDetection\03_26__kitchen_still__WBSXBL82.mp4,65aad6920755198ffc44,b3f3aa4cfc9cf35b0e04824857feab315a5c8990128472e99ce73ac092ec97d0,PASS,end_to_end_artifact,False
True,8.000067314231027,hybrid-v3-final-140-v1,0.0,video,1,True,9151188,1,37.45233059490312,233.02099999273196,57.057170577952526,152.95500002685003,0.9011999936774373,,0.0,37.45233059490312,233.02099999273196,77,hybrid_v3_top2,0.0,9151111,233.02099999273196,232.44921875,whole_file,0.9999915857919213,0,1,True,"{""direct_bypass"": 1}",top2,v3,"[""raw|default|identity""]",103.40379999252036,1.0,1_10MiB,C:\Users\ss\Desktop\XAI\XAI\engines\XAI-Compress\data\test\archive (1)\FaceForensics++_C23\DeepFakeDetection\03_26__kitchen_still__WBSXBL82.mp4,65aad6920755198ffc44,b3f3aa4cfc9cf35b0e04824857feab315a5c8990128472e99ce73ac092ec97d0,PASS,end_to_end_artifact,False
True,8.000067314231027,hybrid-v3-final-140-v1,0.0,video,1,True,9151188,1,73.47947699925874,118.7703000032343,68.50665722960618,127.39170002168976,0.5705000075977296,,0.0,73.47947699925874,118.7703000032343,77,hybrid_v3_top3,0.0,9151111,118.7703000032343,232.44921875,whole_file,0.9999915857919213,0,1,True,"{""direct_bypass"": 1}",top3,v3,"[""raw|default|identity""]",49.10970001947135,1.0,1_10MiB,C:\Users\ss\Desktop\XAI\XAI\engines\XAI-Compress\data\test\archive (1)\FaceForensics++_C23\DeepFakeDetection\03_26__kitchen_still__WBSXBL82.mp4,65aad6920755198ffc44,b3f3aa4cfc9cf35b0e04824857feab315a5c8990128472e99ce73ac092ec97d0,PASS,end_to_end_artifact,False
True,8.000431355972283,hybrid-v3-final-140-v1,0.0,video,63,True,16302960,1,13.731435941881374,1132.2105000144802,47.608285302804894,326.5582000021823,64.68289979966357,,0.0,13.731435941881374,1132.2105000144802,879,hybrid_v2,0.0,16302081,1132.2105000144802,232.44921875,adaptive_chunks,0.9999460834106199,0,1,True,"{""direct_bypass"": 63}",confidence,v2,"[""raw|default|identity""]",164.4674999988638,1.0,gt_10MiB,C:\Users\ss\Desktop\XAI\XAI\engines\XAI-Compress\data\test\archive (1)\FaceForensics++_C23\DeepFakeDetection\06_14__walking_and_outside_surprised__8U9ULZDT.mp4,c70842272825dd567ecc,f5c816f3e95c1ea1e940c389713da2a5ec19ea30a30c19ba4f917a3e62862509,PASS,end_to_end_artifact,False
True,8.000431355972283,hybrid-v3-final-140-v1,0.0,video,63,True,16302960,1,12.043415168483232,1290.902599983383,72.01084943501264,215.89630001108162,91.19280011509545,,0.0,12.043415168483232,1290.902599983383,879,hybrid_v3_confidence,0.0,16302081,1290.902599983383,232.44921875,adaptive_chunks,0.9999460834106199,0,1,True,"{""direct_bypass"": 63}",confidence,v3,"[""raw|default|identity""]",296.4314999990165,1.0,gt_10MiB,C:\Users\ss\Desktop\XAI\XAI\engines\XAI-Compress\data\test\archive (1)\FaceForensics++_C23\DeepFakeDetection\06_14__walking_and_outside_surprised__8U9ULZDT.mp4,c70842272825dd567ecc,f5c816f3e95c1ea1e940c389713da2a5ec19ea30a30c19ba4f917a3e62862509,PASS,end_to_end_artifact,False
True,8.000431355972283,hybrid-v3-final-140-v1,0.0,video,63,True,16302960,1,44.1113200570214,352.44640000746585,72.42636044732006,214.6577000094112,54.292900051223114,,0.0,44.1113200570214,352.44640000746585,879,hybrid_v3_top2,0.0,16302081,352.44640000746585,232.44921875,adaptive_chunks,0.9999460834106199,0,1,True,"{""direct_bypass"": 63}",top2,v3,"[""raw|default|identity""]",186.42220000037923,1.0,gt_10MiB,C:\Users\ss\Desktop\XAI\XAI\engines\XAI-Compress\data\test\archive (1)\FaceForensics++_C23\DeepFakeDetection\06_14__walking_and_outside_surprised__8U9ULZDT.mp4,c70842272825dd567ecc,f5c816f3e95c1ea1e940c389713da2a5ec19ea30a30c19ba4f917a3e62862509,PASS,end_to_end_artifact,False
True,8.000431355972283,hybrid-v3-final-140-v1,0.0,video,63,True,16302960,1,28.838537871828148,539.1006999998353,99.86142457044481,155.6845000013709,94.3707000114955,,0.0,28.838537871828148,539.1006999998353,879,hybrid_v3_top3,0.0,16302081,539.1006999998353,232.44921875,adaptive_chunks,0.9999460834106199,0,1,True,"{""direct_bypass"": 63}",top3,v3,"[""raw|default|identity""]",318.6567999946419,1.0,gt_10MiB,C:\Users\ss\Desktop\XAI\XAI\engines\XAI-Compress\data\test\archive (1)\FaceForensics++_C23\DeepFakeDetection\06_14__walking_and_outside_surprised__8U9ULZDT.mp4,c70842272825dd567ecc,f5c816f3e95c1ea1e940c389713da2a5ec19ea30a30c19ba4f917a3e62862509,PASS,end_to_end_artifact,False
True,8.000426596998452,hybrid-v3-final-140-v1,0.0,video,66,True,17216229,1,14.053720955539937,1168.2173000008333,91.81660140574355,178.81079998915084,100.63060006359592,,0.0,14.053720955539937,1168.2173000008333,918,hybrid_v2,0.0,17215311,1168.2173000008333,232.44921875,adaptive_chunks,0.9999466782185576,0,1,True,"{""direct_bypass"": 66}",confidence,v2,"[""raw|default|identity""]",243.74730000272393,1.0,gt_10MiB,C:\Users\ss\Desktop\XAI\XAI\engines\XAI-Compress\data\test\archive (1)\FaceForensics++_C23\DeepFakeDetection\02_06__talking_angry_couch__GH8TGTBS.mp4,b4d46d60eb50f24fdd68,1abab2450e1ceb6353885381a5fbfcbfe84daceb98edf002548561b5b8ecbe06,PASS,end_to_end_artifact,False
True,8.000426596998452,hybrid-v3-final-140-v1,0.0,video,66,True,17216229,1,12.30252619979712,1334.5063999877311,60.5589802538031,271.10429998720065,49.045799765735865,,0.0,12.30252619979712,1334.5063999877311,918,hybrid_v3_confidence,0.0,17215311,1334.5063999877311,232.44921875,adaptive_chunks,0.9999466782185576,0,1,True,"{""direct_bypass"": 66}",confidence,v3,"[""raw|default|identity""]",175.43709999881685,1.0,gt_10MiB,C:\Users\ss\Desktop\XAI\XAI\engines\XAI-Compress\data\test\archive (1)\FaceForensics++_C23\DeepFakeDetection\02_06__talking_angry_couch__GH8TGTBS.mp4,b4d46d60eb50f24fdd68,1abab2450e1ceb6353885381a5fbfcbfe84daceb98edf002548561b5b8ecbe06,PASS,end_to_end_artifact,False
True,8.000426596998452,hybrid-v3-final-140-v1,0.0,video,66,True,17216229,1,51.283813196552,320.13609999557957,64.88666807348709,253.02269999519922,53.09699987992644,,0.0,51.283813196552,320.13609999557957,918,hybrid_v3_top2,0.0,17215311,320.13609999557957,232.44921875,adaptive_chunks,0.9999466782185576,0,1,True,"{""direct_bypass"": 66}",top2,v3,"[""raw|default|identity""]",186.46040000021458,1.0,gt_10MiB,C:\Users\ss\Desktop\XAI\XAI\engines\XAI-Compress\data\test\archive (1)\FaceForensics++_C23\DeepFakeDetection\02_06__talking_angry_couch__GH8TGTBS.mp4,b4d46d60eb50f24fdd68,1abab2450e1ceb6353885381a5fbfcbfe84daceb98edf002548561b5b8ecbe06,PASS,end_to_end_artifact,False
True,8.000426596998452,hybrid-v3-final-140-v1,0.0,video,66,True,17216229,1,61.242623229180495,268.0779999936931,94.78557489467569,173.20990000735037,37.87709985044785,,0.0,61.242623229180495,268.0779999936931,918,hybrid_v3_top3,0.0,17215311,268.0779999936931,232.44921875,adaptive_chunks,0.9999466782185576,0,1,True,"{""direct_bypass"": 66}",top3,v3,"[""raw|default|identity""]",137.1176000102423,1.0,gt_10MiB,C:\Users\ss\Desktop\XAI\XAI\engines\XAI-Compress\data\test\archive (1)\FaceForensics++_C23\DeepFakeDetection\02_06__talking_angry_couch__GH8TGTBS.mp4,b4d46d60eb50f24fdd68,1abab2450e1ceb6353885381a5fbfcbfe84daceb98edf002548561b5b8ecbe06,PASS,end_to_end_artifact,False
True,8.000426221638037,hybrid-v3-final-140-v1,0.0,video,66,True,17231390,1,11.8247632538373,1389.6479999821167,55.234686936939106,297.49890000675805,74.7910000209231,,0.0,11.8247632538373,1389.6479999821167,918,hybrid_v2,0.0,17230472,1389.6479999821167,232.44921875,adaptive_chunks,0.9999467251336079,0,1,True,"{""direct_bypass"": 66}",confidence,v2,"[""raw|default|identity""]",193.02219999372028,1.0,gt_10MiB,C:\Users\ss\Desktop\XAI\XAI\engines\XAI-Compress\data\test\archive (1)\FaceForensics++_C23\DeepFakeDetection\02_21__talking_angry_couch__Z0XHPQAR.mp4,c63e295b1deea7522a47,af73c2f3bffe09399aa33170497eb13d215bd6da7f61853687d5b1945b6dca8d,PASS,end_to_end_artifact,False
True,8.000426221638037,hybrid-v3-final-140-v1,0.0,video,66,True,17231390,1,12.121578139218306,1355.6204000196885,72.95962511264293,225.22399999434128,38.96890001487918,,0.0,12.121578139218306,1355.6204000196885,918,hybrid_v3_confidence,0.0,17230472,1355.6204000196885,232.44921875,adaptive_chunks,0.9999467251336079,0,1,True,"{""direct_bypass"": 66}",confidence,v3,"[""raw|default|identity""]",140.29549999395385,1.0,gt_10MiB,C:\Users\ss\Desktop\XAI\XAI\engines\XAI-Compress\data\test\archive (1)\FaceForensics++_C23\DeepFakeDetection\02_21__talking_angry_couch__Z0XHPQAR.mp4,c63e295b1deea7522a47,af73c2f3bffe09399aa33170497eb13d215bd6da7f61853687d5b1945b6dca8d,PASS,end_to_end_artifact,False
True,8.000426221638037,hybrid-v3-final-140-v1,0.0,video,66,True,17231390,1,41.374831914438126,397.1558999910485,84.4578714766245,194.5615999866277,60.85819992586039,,0.0,41.374831914438126,397.1558999910485,918,hybrid_v3_top2,0.0,17230472,397.1558999910485,232.44921875,adaptive_chunks,0.9999467251336079,0,1,True,"{""direct_bypass"": 66}",top2,v3,"[""raw|default|identity""]",211.54249997925945,1.0,gt_10MiB,C:\Users\ss\Desktop\XAI\XAI\engines\XAI-Compress\data\test\archive (1)\FaceForensics++_C23\DeepFakeDetection\02_21__talking_angry_couch__Z0XHPQAR.mp4,c63e295b1deea7522a47,af73c2f3bffe09399aa33170497eb13d215bd6da7f61853687d5b1945b6dca8d,PASS,end_to_end_artifact,False
True,8.000426221638037,hybrid-v3-final-140-v1,0.0,video,66,True,17231390,1,58.09286654166794,282.8618999919854,78.56126245573994,209.16490000672638,36.90160010592081,,0.0,58.09286654166794,282.8618999919854,918,hybrid_v3_top3,0.0,17230472,282.8618999919854,232.44921875,adaptive_chunks,0.9999467251336079,0,1,True,"{""direct_bypass"": 66}",top3,v3,"[""raw|default|identity""]",134.34449999476783,1.0,gt_10MiB,C:\Users\ss\Desktop\XAI\XAI\engines\XAI-Compress\data\test\archive (1)\FaceForensics++_C23\DeepFakeDetection\02_21__talking_angry_couch__Z0XHPQAR.mp4,c63e295b1deea7522a47,af73c2f3bffe09399aa33170497eb13d215bd6da7f61853687d5b1945b6dca8d,PASS,end_to_end_artifact,False
True,8.000423831955253,hybrid-v3-final-140-v1,0.0,video,80,True,20764046,1,11.425349618448788,1733.0838000052609,80.65399600083553,245.50659998203628,211.97699996992014,,0.0,11.425349618448788,1733.0838000052609,1100,hybrid_v2,0.0,20762946,1733.0838000052609,232.44921875,adaptive_chunks,0.9999470238122184,0,1,True,"{""direct_bypass"": 80}",confidence,v2,"[""raw|default|identity""]",505.21269999444485,1.0,gt_10MiB,C:\Users\ss\Desktop\XAI\XAI\engines\XAI-Compress\data\test\archive (1)\FaceForensics++_C23\DeepFakeDetection\02_15__walking_and_outside_surprised__MZWH8ATN.mp4,f256aca58bd68b60e728,ce69d066982be0ea9f0c5f4b7bd6c3246db9378025768538e1a81431d1aa9961,PASS,end_to_end_artifact,False
True,8.000423831955253,hybrid-v3-final-140-v1,0.0,video,80,True,20764046,1,16.936674886396144,1169.1249000141397,51.62863305809223,383.5291999857873,59.64670013054274,,0.0,16.936674886396144,1169.1249000141397,1100,hybrid_v3_confidence,0.0,20762946,1169.1249000141397,232.44921875,adaptive_chunks,0.9999470238122184,0,1,True,"{""direct_bypass"": 80}",confidence,v3,"[""raw|default|identity""]",212.74169997195713,1.0,gt_10MiB,C:\Users\ss\Desktop\XAI\XAI\engines\XAI-Compress\data\test\archive (1)\FaceForensics++_C23\DeepFakeDetection\02_15__walking_and_outside_surprised__MZWH8ATN.mp4,f256aca58bd68b60e728,ce69d066982be0ea9f0c5f4b7bd6c3246db9378025768538e1a81431d1aa9961,PASS,end_to_end_artifact,False
True,8.000423831955253,hybrid-v3-final-140-v1,0.0,video,80,True,20764046,1,26.514842719721884,746.7925999953877,125.55331304693159,157.71060000406578,155.5038999649696,,0.0,26.514842719721884,746.7925999953877,1100,hybrid_v3_top2,0.0,20762946,746.7925999953877,232.44921875,adaptive_chunks,0.9999470238122184,0,1,True,"{""direct_bypass"": 80}",top2,v3,"[""raw|default|identity""]",496.45000000600703,1.0,gt_10MiB,C:\Users\ss\Desktop\XAI\XAI\engines\XAI-Compress\data\test\archive (1)\FaceForensics++_C23\DeepFakeDetection\02_15__walking_and_outside_surprised__MZWH8ATN.mp4,f256aca58bd68b60e728,ce69d066982be0ea9f0c5f4b7bd6c3246db9378025768538e1a81431d1aa9961,PASS,end_to_end_artifact,False
True,8.000423831955253,hybrid-v3-final-140-v1,0.0,video,80,True,20764046,1,47.56418309535207,416.3025000016205,76.45562085554052,258.9879999868572,67.57840001955628,,0.0,47.56418309535207,416.3025000016205,1100,hybrid_v3_top3,0.0,20762946,416.3025000016205,232.44921875,adaptive_chunks,0.9999470238122184,0,1,True,"{""direct_bypass"": 80}",top3,v3,"[""raw|default|identity""]",244.52709997422062,1.0,gt_10MiB,C:\Users\ss\Desktop\XAI\XAI\engines\XAI-Compress\data\test\archive (1)\FaceForensics++_C23\DeepFakeDetection\02_15__walking_and_outside_surprised__MZWH8ATN.mp4,f256aca58bd68b60e728,ce69d066982be0ea9f0c5f4b7bd6c3246db9378025768538e1a81431d1aa9961,PASS,end_to_end_artifact,False
True,8.000420307633647,hybrid-v3-final-140-v1,0.0,video,82,True,21433047,1,17.69987377366491,1154.7580999904312,80.23172715743986,254.7504999965895,88.38429994648322,,0.0,17.69987377366491,1154.7580999904312,1126,hybrid_v2,0.0,21431921,1154.7580999904312,232.44921875,adaptive_chunks,0.9999474643059384,0,1,True,"{""direct_bypass"": 82}",confidence,v2,"[""raw|default|identity""]",227.9870999918785,1.0,gt_10MiB,C:\Users\ss\Desktop\XAI\XAI\engines\XAI-Compress\data\test\archive (1)\FaceForensics++_C23\DeepFakeDetection\06_15__walking_down_indoor_hall_disgust__QRCD27P8.mp4,e87d288b25a817ae2dc3,f26fc7d7f95b8e28e5d64138891c45683068ef65d4c5d215fc034a2e70e712d9,PASS,end_to_end_artifact,False
True,8.000420307633647,hybrid-v3-final-140-v1,0.0,video,82,True,21433047,1,12.033274460791208,1698.5462000011466,111.89295787491419,182.6662999810651,107.72069991799071,,0.0,12.033274460791208,1698.5462000011466,1126,hybrid_v3_confidence,0.0,21431921,1698.5462000011466,232.44921875,adaptive_chunks,0.9999474643059384,0,1,True,"{""direct_bypass"": 82}",confidence,v3,"[""raw|default|identity""]",368.53390000760555,1.0,gt_10MiB,C:\Users\ss\Desktop\XAI\XAI\engines\XAI-Compress\data\test\archive (1)\FaceForensics++_C23\DeepFakeDetection\06_15__walking_down_indoor_hall_disgust__QRCD27P8.mp4,e87d288b25a817ae2dc3,f26fc7d7f95b8e28e5d64138891c45683068ef65d4c5d215fc034a2e70e712d9,PASS,end_to_end_artifact,False
True,8.000420307633647,hybrid-v3-final-140-v1,0.0,video,82,True,21433047,1,57.56547978896688,355.0577999849338,110.4889390368242,184.98749998980202,54.36170008033514,,0.0,57.56547978896688,355.0577999849338,1126,hybrid_v3_top2,0.0,21431921,355.0577999849338,232.44921875,adaptive_chunks,0.9999474643059384,0,1,True,"{""direct_bypass"": 82}",top2,v3,"[""raw|default|identity""]",195.57029998395592,1.0,gt_10MiB,C:\Users\ss\Desktop\XAI\XAI\engines\XAI-Compress\data\test\archive (1)\FaceForensics++_C23\DeepFakeDetection\06_15__walking_down_indoor_hall_disgust__QRCD27P8.mp4,e87d288b25a817ae2dc3,f26fc7d7f95b8e28e5d64138891c45683068ef65d4c5d215fc034a2e70e712d9,PASS,end_to_end_artifact,False
True,8.000420307633647,hybrid-v3-final-140-v1,0.0,video,82,True,21433047,1,35.098593243239485,582.3330999992322,128.41194593782984,159.16799998376518,119.80349995428696,,0.0,35.098593243239485,582.3330999992322,1126,hybrid_v3_top3,0.0,21431921,582.3330999992322,232.44921875,adaptive_chunks,0.9999474643059384,0,1,True,"{""direct_bypass"": 82}",top3,v3,"[""raw|default|identity""]",405.99649999057874,1.0,gt_10MiB,C:\Users\ss\Desktop\XAI\XAI\engines\XAI-Compress\data\test\archive (1)\FaceForensics++_C23\DeepFakeDetection\06_15__walking_down_indoor_hall_disgust__QRCD27P8.mp4,e87d288b25a817ae2dc3,f26fc7d7f95b8e28e5d64138891c45683068ef65d4c5d215fc034a2e70e712d9,PASS,end_to_end_artifact,False
True,8.000417103707433,hybrid-v3-final-140-v1,0.0,video,96,True,25088594,1,16.68842744282671,1433.634200016968,54.9533623658014,435.3709999995772,100.14399987994693,,0.0,16.68842744282671,1433.634200016968,1308,hybrid_v2,0.0,25087286,1433.634200016968,232.44921875,adaptive_chunks,0.9999478647547966,0,1,True,"{""direct_bypass"": 96}",confidence,v2,"[""raw|default|identity""]",255.1143000018783,1.0,gt_10MiB,C:\Users\ss\Desktop\XAI\XAI\engines\XAI-Compress\data\test\archive (1)\FaceForensics++_C23\DeepFakeDetection\03_14__walking_down_indoor_hall_disgust__KJ221YN0.mp4,0cb4f04242bea81d03dc,c6e72fba611bf4cfe534721d33a00211780a9e1da47c01698976f960dda4053d,PASS,end_to_end_artifact,False
True,8.000417103707433,hybrid-v3-final-140-v1,0.0,video,96,True,25088594,1,15.892979302803822,1505.3879999904893,72.73599067210212,328.9306999940891,83.59830008703284,,0.0,15.892979302803822,1505.3879999904893,1308,hybrid_v3_confidence,0.0,25087286,1505.3879999904893,232.44921875,adaptive_chunks,0.9999478647547966,0,1,True,"{""direct_bypass"": 96}",confidence,v3,"[""raw|default|identity""]",291.7676999932155,1.0,gt_10MiB,C:\Users\ss\Desktop\XAI\XAI\engines\XAI-Compress\data\test\archive (1)\FaceForensics++_C23\DeepFakeDetection\03_14__walking_down_indoor_hall_disgust__KJ221YN0.mp4,0cb4f04242bea81d03dc,c6e72fba611bf4cfe534721d33a00211780a9e1da47c01698976f960dda4053d,PASS,end_to_end_artifact,False
True,8.000417103707433,hybrid-v3-final-140-v1,0.0,video,96,True,25088594,1,63.85105892666456,374.7016999986954,92.07475525787223,259.8442999878898,49.66540008899756,,0.0,63.85105892666456,374.7016999986954,1308,hybrid_v3_top2,0.0,25087286,374.7016999986954,232.44921875,adaptive_chunks,0.9999478647547966,0,1,True,"{""direct_bypass"": 96}",top2,v3,"[""raw|default|identity""]",178.1695999961812,1.0,gt_10MiB,C:\Users\ss\Desktop\XAI\XAI\engines\XAI-Compress\data\test\archive (1)\FaceForensics++_C23\DeepFakeDetection\03_14__walking_down_indoor_hall_disgust__KJ221YN0.mp4,0cb4f04242bea81d03dc,c6e72fba611bf4cfe534721d33a00211780a9e1da47c01698976f960dda4053d,PASS,end_to_end_artifact,False
True,8.000417103707433,hybrid-v3-final-140-v1,0.0,video,96,True,25088594,1,52.48468205480771,455.8491999923717,115.27874367677055,207.5413000129629,68.7063999066595,,0.0,52.48468205480771,455.8491999923717,1308,hybrid_v3_top3,0.0,25087286,455.8491999923717,232.44921875,adaptive_chunks,0.9999478647547966,0,1,True,"{""direct_bypass"": 96}",top3,v3,"[""raw|default|identity""]",245.29620000976138,1.0,gt_10MiB,C:\Users\ss\Desktop\XAI\XAI\engines\XAI-Compress\data\test\archive (1)\FaceForensics++_C23\DeepFakeDetection\03_14__walking_down_indoor_hall_disgust__KJ221YN0.mp4,0cb4f04242bea81d03dc,c6e72fba611bf4cfe534721d33a00211780a9e1da47c01698976f960dda4053d,PASS,end_to_end_artifact,False
