source_id,source_group,source_path,origin,category,original_bytes,log2_file_size,size_bucket,sha256,split
6978108206a27612ce02,real:apps\public_nextjs\.next\cache\webpack\client-development\0.pack.gz,C:\Users\ss\Desktop\XAI\XAI\apps\public_nextjs\.next\cache\webpack\client-development\0.pack.gz,real,archive,44289,15.434660802572452,16_64KiB,cc2aef25fa9e37c5f7f044e44c3641095ec047b811d4f0a7579af36f0a1c07d1,validation
6fcc7ac87cae61ab715f,real:.errorviz-version,C:\Users\ss\Desktop\XAI\XAI\.errorviz-version,real,binary,5,2.321928094887362,lt_16KiB,11ee23b8fc2fc619d6eab6277adb5a527261067ac01ccfc3e11857f55bf18bcd,train
7c58453d1513ac6333cf,real:engines\XAI-Compress\.test-tmp\final-all\test_corpus_roundtrip0\corpus\structured\table.csv,C:\Users\ss\Desktop\XAI\XAI\engines\XAI-Compress\.test-tmp\final-all\test_corpus_roundtrip0\corpus\structured\table.csv,real,csv,1808,10.820178962415188,lt_16KiB,99f1385ec90fe40152919abb2eb342aaf2c5889c4785e6c66c12a87a973b9ab3,train
6a1aee45c24f6acb7f0d,real:services\api_fastapi\xai_platform.db,C:\Users\ss\Desktop\XAI\XAI\services\api_fastapi\xai_platform.db,real,database,49152,15.584962500721156,16_64KiB,4fad391c10cbc5a6e974de155b73ba17e0e9b5381e7fc6979a7ff046605072a6,train
8199eebc4a37533cc78a,real:apps\admin_dotnet\bin\Debug\net8.0\AdminDotNet.dll,C:\Users\ss\Desktop\XAI\XAI\apps\admin_dotnet\bin\Debug\net8.0\AdminDotNet.dll,real,executable,73728,16.169925001442312,64KiB_1MiB,757d37bc9224142e98dca76705fc22431498b471141280a1ff2f31669fc81ac4,train
17ddcd4df70dd5adea02,real:apps\mobile_authenticator_flutter\build\reports\problems\problems-report.html,C:\Users\ss\Desktop\XAI\XAI\apps\mobile_authenticator_flutter\build\reports\problems\problems-report.html,real,html,147401,17.169386786455597,64KiB_1MiB,af4b3143addfc6d9098af0f0e0404a954bf4d6d80315b753107694e85fdd0e63,train
73756a33c5a1b9e66af6,real:apps\mobile_authenticator_flutter\android\app\src\main\res\mipmap-hdpi\ic_launcher.png,C:\Users\ss\Desktop\XAI\XAI\apps\mobile_authenticator_flutter\android\app\src\main\res\mipmap-hdpi\ic_launcher.png,real,image,544,9.087462841250339,lt_16KiB,6a7c8f0d703e3682108f9662f813302236240d3f8f638bb391e32bfb96055fef,train
d1d3fc44da656a953ace,real:.vscode\launch.json,C:\Users\ss\Desktop\XAI\XAI\.vscode\launch.json,real,json,1423,10.474719946526482,lt_16KiB,a25d64ff78e0a6504a5351b8c00942a39f2babdaa72335d06967bb06c50b9910,train
83006c8d53bccd432146,real:engines\XAI-Compress\.test-tmp\final-all\test_package_filter_and_metada0\project\run.log,C:\Users\ss\Desktop\XAI\XAI\engines\XAI-Compress\.test-tmp\final-all\test_package_filter_and_metada0\project\run.log,real,logs,14,3.807354922057604,lt_16KiB,1bce5d30039d918c8b574936c7d366d803d12d85a0f175c10be134c95ce22a12,test
95aeb892ab732e8f6b26,real:.github\agents\OX alpha.agent.md,C:\Users\ss\Desktop\XAI\XAI\.github\agents\OX alpha.agent.md,real,markdown,628,9.294620748891626,lt_16KiB,94707ae6f9c7612606a82044bf8872369ea07e373fa374d7b8a9461bd57715f0,train
c348d45689584599ff90,real:engines\XAI-Compress\.test-tmp\final-all\test_neural_gru_roundtrip0\tiny.pt,C:\Users\ss\Desktop\XAI\XAI\engines\XAI-Compress\.test-tmp\final-all\test_neural_gru_roundtrip0\tiny.pt,real,model,28010,14.773654362961869,16_64KiB,8e7edebe8769a4e44508a97e37b86fa945bb361684dfa165425be14fbb7a5be3,train
af9bc74bbd50cd34bcb9,real:engines\XAI-Compress\restored.pdf,C:\Users\ss\Desktop\XAI\XAI\engines\XAI-Compress\restored.pdf,real,pdf,46,5.523561956057013,lt_16KiB,f45c0e3fb9753cd33497eb2481789707e5c5d4debfce05563e8f7c67aea9d157,train
af06e08a932131b2bd52,real:analytics\XAI-Compress-Analysis-Suite\analysis_suite\common.py,C:\Users\ss\Desktop\XAI\XAI\analytics\XAI-Compress-Analysis-Suite\analysis_suite\common.py,real,source_code,1146,10.162391328756906,lt_16KiB,ce0eb8b1ba85ee57b94602fa7dffb3adb5bd24bba502b9d243a4b07e2b0dbd86,test
4dda9a979839809ebab8,real:analytics\XAI-Compress-Analysis-Suite\requirements-analysis.txt,C:\Users\ss\Desktop\XAI\XAI\analytics\XAI-Compress-Analysis-Suite\requirements-analysis.txt,real,text,56,5.807354922057604,lt_16KiB,c1cfbb3b6b6bcc4573b9dd234b264c48a5a6a0039a872a88e1e58201622747b8,train
c9698489922ff792ca09,real:engines\XAI-Compress\data\test\archive (1)\FaceForensics++_C23\DeepFakeDetection\01_02__meeting_serious__YVGY8LOK.mp4,C:\Users\ss\Desktop\XAI\XAI\engines\XAI-Compress\data\test\archive (1)\FaceForensics++_C23\DeepFakeDetection\01_02__meeting_serious__YVGY8LOK.mp4,real,video,6745903,22.68558014317605,1_10MiB,00b1565e2e0816e32f7b552bab09e1cec49b82d3550ef25bfa8c604d100f7c44,train
366cdc62002bb9c78195,real:apps\admin_dotnet\wwwroot\favicon.svg,C:\Users\ss\Desktop\XAI\XAI\apps\admin_dotnet\wwwroot\favicon.svg,real,xml,202,7.658211482751795,lt_16KiB,f2ec28fdc8e1f16a303876b7125e6475ed4fe1c18fd2eb87c16cef6a464359c4,validation
c00053085b900f5df548,real:apps\public_nextjs\.next\cache\webpack\client-development\1.pack.gz,C:\Users\ss\Desktop\XAI\XAI\apps\public_nextjs\.next\cache\webpack\client-development\1.pack.gz,real,archive,11798593,23.492111490497773,gt_10MiB,fd5f5bcaba1cf150622596027fefdd22ac7a61db2dde473c03f3965c3881d4ed,test
d64733137abea2ecb549,real:.gitignore,C:\Users\ss\Desktop\XAI\XAI\.gitignore,real,binary,186,7.539158811108031,lt_16KiB,1484018c89564e75eb003a17944a35c83ca0f48274961c6829533688bc2702ad,train
05640695c15f7f22c9c2,real:engines\XAI-Compress\.test-tmp\final-all\test_experiment_log_and_manife0\experiments.csv,C:\Users\ss\Desktop\XAI\XAI\engines\XAI-Compress\.test-tmp\final-all\test_experiment_log_and_manife0\experiments.csv,real,csv,332,8.375039431346925,lt_16KiB,85e6a3b5210acb90788c98526fecb1590d130eb77b6705e10ffa128264b2f57f,train
b5fd6fc63ac6c419b59b,real:apps\admin_dotnet\bin\Debug\net8.0\AdminDotNet.exe,C:\Users\ss\Desktop\XAI\XAI\apps\admin_dotnet\bin\Debug\net8.0\AdminDotNet.exe,real,executable,151552,17.20945336562895,64KiB_1MiB,abf3e512384e10cbfc06ee5a13b6ba2a8dfd9c9b6209f797c822ff146e5e8507,train
3470d448567d9d2ac0f7,real:apps\web_angular\src\index.html,C:\Users\ss\Desktop\XAI\XAI\apps\web_angular\src\index.html,real,html,295,8.204571144249204,lt_16KiB,0f40836c1e7ae6a884e9b19401c72fc535abf2be6457862e46b58882b566538e,train
81cbf17669835e4ef24e,real:apps\mobile_authenticator_flutter\android\app\src\main\res\mipmap-mdpi\ic_launcher.png,C:\Users\ss\Desktop\XAI\XAI\apps\mobile_authenticator_flutter\android\app\src\main\res\mipmap-mdpi\ic_launcher.png,real,image,442,8.787902559391432,lt_16KiB,c7c0c0189145e4e32a401c61c9bdc615754b0264e7afae24e834bb81049eaf81,train
56a85d106e785873ae69,real:.vscode\settings.json,C:\Users\ss\Desktop\XAI\XAI\.vscode\settings.json,real,json,2,1.0,lt_16KiB,44136fa355b3678a1146ad16f7e8649e94fb4fc21fe77e8310c060f61caaff8a,train
80fafd99d0637d4b14dc,real:analytics\XAI-Compress-Analysis-Suite\docs\INTERPRETATION_RULES.md,C:\Users\ss\Desktop\XAI\XAI\analytics\XAI-Compress-Analysis-Suite\docs\INTERPRETATION_RULES.md,real,markdown,1176,10.199672344836364,lt_16KiB,3396931952a7a19bee54a256b819b509416bb4d276aeb532ca18c60a1d9375e8,validation
1dd8a06c1d6eba581589,real:engines\XAI-Compress\.test-tmp\final-all\test_neural_rans_roundtrip0\tiny.pt,C:\Users\ss\Desktop\XAI\XAI\engines\XAI-Compress\.test-tmp\final-all\test_neural_rans_roundtrip0\tiny.pt,real,model,28010,14.773654362961869,16_64KiB,27b20c0e95c3813660d99c2c63926c05dc14e524f73f352f358d7bb5046ce9e9,test
df0fe3999dcf948bce05,real:analytics\XAI-Compress-Analysis-Suite\analyze_training.py,C:\Users\ss\Desktop\XAI\XAI\analytics\XAI-Compress-Analysis-Suite\analyze_training.py,real,source_code,2435,11.249706056969705,lt_16KiB,f254240fd7f289f9560fd4ecba88e5b0f078eca8f5b6189d829a23f19f28c2c8,validation
50b3490c862221460386,real:apps\admin_dotnet\obj\Debug\net8.0\AdminDotNet.csproj.FileListAbsolute.txt,C:\Users\ss\Desktop\XAI\XAI\apps\admin_dotnet\obj\Debug\net8.0\AdminDotNet.csproj.FileListAbsolute.txt,real,text,5727,12.483563888125094,lt_16KiB,3a0a0524f734e66ca113295374105cd39726b7af4046ff3520643a615b7609ae,train
ea302a0aad67d6028fa2,real:engines\XAI-Compress\data\test\archive (1)\FaceForensics++_C23\DeepFakeDetection\01_02__outside_talking_still_laughing__YVGY8LOK.mp4,C:\Users\ss\Desktop\XAI\XAI\engines\XAI-Compress\data\test\archive (1)\FaceForensics++_C23\DeepFakeDetection\01_02__outside_talking_still_laughing__YVGY8LOK.mp4,real,video,5290755,22.335042181462022,1_10MiB,3d925d4db8a962161bacebd024d7ce5f97d4d22555ab34b8898d633c0c4a5131,test
6202e405feebd7c068aa,real:apps\mobile_authenticator_flutter\android\app\src\debug\AndroidManifest.xml,C:\Users\ss\Desktop\XAI\XAI\apps\mobile_authenticator_flutter\android\app\src\debug\AndroidManifest.xml,real,xml,385,8.588714635582264,lt_16KiB,b01a4541a8144c15bc617bab7eb267c99fa1476368fbbda5a12cdbf4e316a34c,validation
86aebd2a6ca744d6ce03,real:apps\public_nextjs\.next\cache\webpack\client-development\2.pack.gz,C:\Users\ss\Desktop\XAI\XAI\apps\public_nextjs\.next\cache\webpack\client-development\2.pack.gz,real,archive,2597,11.342630298678408,lt_16KiB,d3ded09d755c7c896e54b00b6b49be489d6d7daaf8644040916911505623d36d,test
4ca5960133ba9fa63b1a,real:apps\admin_dotnet\.gitignore,C:\Users\ss\Desktop\XAI\XAI\apps\admin_dotnet\.gitignore,real,binary,62,5.954196310386875,lt_16KiB,c7a9de101ce3704f111bace706713887fb85b38e706b9fb7db07189683d8dde0,validation
369c1fe157978df2b989,real:apps\admin_dotnet\bin\Debug\net8.0\Microsoft.AspNetCore.Authentication.OpenIdConnect.dll,C:\Users\ss\Desktop\XAI\XAI\apps\admin_dotnet\bin\Debug\net8.0\Microsoft.AspNetCore.Authentication.OpenIdConnect.dll,real,executable,119576,16.867568330900134,64KiB_1MiB,8abbc1575c6da4be6e56b682b8cb8e299c14c62905589e949cc19d48f130f59e,train
65fd55ff92ad3fa4676d,real:apps\mobile_authenticator_flutter\android\app\src\main\res\mipmap-xhdpi\ic_launcher.png,C:\Users\ss\Desktop\XAI\XAI\apps\mobile_authenticator_flutter\android\app\src\main\res\mipmap-xhdpi\ic_launcher.png,real,image,721,9.493855449240822,lt_16KiB,e14aa40904929bf313fded22cf7e7ffcbf1d1aac4263b5ef1be8bfce650397aa,train
b34e5a70f8f311e18fbc,real:.vscode\tasks.json,C:\Users\ss\Desktop\XAI\XAI\.vscode\tasks.json,real,json,1263,10.302638923787553,lt_16KiB,b09973869a36b4a99d09136689e67dd7745f006f4cc4ba9e20eaa1c703fc2ffc,validation
20369f9130fc10f3f612,real:analytics\XAI-Compress-Analysis-Suite\docs\METRICS_EXPLAINED.md,C:\Users\ss\Desktop\XAI\XAI\analytics\XAI-Compress-Analysis-Suite\docs\METRICS_EXPLAINED.md,real,markdown,1568,10.614709844115207,lt_16KiB,4ce208f57fd58d7e47d182a8d94fb8a2001300d7f5714e175098343b9efe609d,train
32ba200fc94015519830,real:engines\XAI-Compress\.test-tmp\final-all\test_neural_transformer_roundt0\tr.pt,C:\Users\ss\Desktop\XAI\XAI\engines\XAI-Compress\.test-tmp\final-all\test_neural_transformer_roundt0\tr.pt,real,model,59837,15.8687502253362,16_64KiB,ae10eb53051abdeb1c0906381f3dfa788de3a050593b4ad39d7685498575495d,train
14d03c12483022a2865d,real:analytics\XAI-Compress-Analysis-Suite\generate_report.py,C:\Users\ss\Desktop\XAI\XAI\analytics\XAI-Compress-Analysis-Suite\generate_report.py,real,source_code,5896,12.52552080909507,lt_16KiB,78eeb90cc75d0f4eb14da131f2857553bdf32446b2f28b9a86944e7da0ab22dc,test
ddcde549a83c45826c5b,real:apps\desktop_flutter\windows\CMakeLists.txt,C:\Users\ss\Desktop\XAI\XAI\apps\desktop_flutter\windows\CMakeLists.txt,real,text,4284,12.064742764750257,lt_16KiB,66ef9cc122c9304dc7ba292bfa253e493f953995f6bd5da381f4dff09254eb1a,train
7949ac89c2483924ee9c,real:engines\XAI-Compress\data\test\archive (1)\FaceForensics++_C23\DeepFakeDetection\01_02__talking_against_wall__YVGY8LOK.mp4,C:\Users\ss\Desktop\XAI\XAI\engines\XAI-Compress\data\test\archive (1)\FaceForensics++_C23\DeepFakeDetection\01_02__talking_against_wall__YVGY8LOK.mp4,real,video,3471524,21.72713771471097,1_10MiB,3721e67674ed9b62636caf4c2ab00c63830fe68902248e6990cb0abd9795683c,test
9b0580dc333cb2e2af17,real:apps\mobile_authenticator_flutter\android\app\src\main\AndroidManifest.backup.xml,C:\Users\ss\Desktop\XAI\XAI\apps\mobile_authenticator_flutter\android\app\src\main\AndroidManifest.backup.xml,real,xml,2259,11.141468555393084,lt_16KiB,debea646597b50a2566455820161a6d3c1c2edae205fe74c149ac520c78c2ab3,train
86001d08743dd5e4d3a3,real:apps\public_nextjs\.next\cache\webpack\client-development\3.pack.gz,C:\Users\ss\Desktop\XAI\XAI\apps\public_nextjs\.next\cache\webpack\client-development\3.pack.gz,real,archive,1244,10.280770770130603,lt_16KiB,163e67e5eac5362fef2c853ac7f48d2233102e9521b4cda2e94c6979438ce742,train
740876e13c0539ac6a91,real:apps\admin_dotnet\AdminDotNet.csproj,C:\Users\ss\Desktop\XAI\XAI\apps\admin_dotnet\AdminDotNet.csproj,real,binary,492,8.94251450533924,lt_16KiB,85a710e63aa7a635dc07c260b035367d8142e5a500e63c59a6897edd4f89923e,train
50bbd74ef7529f18b9d2,real:engines\XAI-Compress\.test-tmp\final-validation\test_experiment_log_and_manife0\experiments.csv,C:\Users\ss\Desktop\XAI\XAI\engines\XAI-Compress\.test-tmp\final-validation\test_experiment_log_and_manife0\experiments.csv,real,csv,332,8.375039431346925,lt_16KiB,0638dbf32f86a0c2185d357a1dca165ac29c95900b40a4d50912258e29eb124f,test
8532a7e7c38dfc36aa1a,real:apps\admin_dotnet\bin\Debug\net8.0\Microsoft.Extensions.AmbientMetadata.Application.dll,C:\Users\ss\Desktop\XAI\XAI\apps\admin_dotnet\bin\Debug\net8.0\Microsoft.Extensions.AmbientMetadata.Application.dll,real,executable,34360,15.068442416025826,16_64KiB,8f552ffcd501ab4658e5b70893fb93f4ff005d6e1d824a503c76213717dd9309,test
e1c1f33d25fe1a1fd62e,real:apps\mobile_authenticator_flutter\android\app\src\main\res\mipmap-xxhdpi\ic_launcher.png,C:\Users\ss\Desktop\XAI\XAI\apps\mobile_authenticator_flutter\android\app\src\main\res\mipmap-xxhdpi\ic_launcher.png,real,image,1031,10.00982861736811,lt_16KiB,4d470bf22d5c17d84edc5f82516d1ba8a1c09559cd761cefb792f86d9f52b540,train
6d5cca041c2ceb9f2858,real:apps\admin_dotnet\appsettings.Development.json,C:\Users\ss\Desktop\XAI\XAI\apps\admin_dotnet\appsettings.Development.json,real,json,154,7.266786540694901,lt_16KiB,8bc54eb5c30c76c4b1ba2d10815d3492a0a1853ae47407d7069e3c02eb31998d,train
d4c982d355c06c18e391,real:analytics\XAI-Compress-Analysis-Suite\docs\PRESENTATION_GUIDE.md,C:\Users\ss\Desktop\XAI\XAI\analytics\XAI-Compress-Analysis-Suite\docs\PRESENTATION_GUIDE.md,real,markdown,3658,11.836839359748716,lt_16KiB,18f5110fcd033c34cd391ee51b809288b18f219c06becc6e9ad3c45181f6b8de,train
ae5648f6e6016dad0b95,real:engines\XAI-Compress\.test-tmp\final-validation\test_neural_gru_roundtrip0\tiny.pt,C:\Users\ss\Desktop\XAI\XAI\engines\XAI-Compress\.test-tmp\final-validation\test_neural_gru_roundtrip0\tiny.pt,real,model,28010,14.773654362961869,16_64KiB,1db71c80595dd7bca9f8a8dd1b59453820906868af094a120fdeb47a66e8e801,train
e1347c6d4abccf03a43d,real:analytics\XAI-Compress-Analysis-Suite\run_analysis_windows.bat,C:\Users\ss\Desktop\XAI\XAI\analytics\XAI-Compress-Analysis-Suite\run_analysis_windows.bat,real,source_code,1390,10.44086916761087,lt_16KiB,f2ca5ca64ca5873c1345449c0665e5e2bd8c4522ded6f4a17f4c4e8f8764b488,test
f8e0526ae5338d26d114,real:apps\desktop_flutter\windows\flutter\CMakeLists.txt,C:\Users\ss\Desktop\XAI\XAI\apps\desktop_flutter\windows\flutter\CMakeLists.txt,real,text,3851,11.911017407796985,lt_16KiB,bd05e3268b2f246bcbafdb778165fe67a7bafdba04eb73599502563a67b8ae7e,train
7b49667c711e403ace07,real:engines\XAI-Compress\data\test\archive (1)\FaceForensics++_C23\DeepFakeDetection\01_02__walk_down_hall_angry__YVGY8LOK.mp4,C:\Users\ss\Desktop\XAI\XAI\engines\XAI-Compress\data\test\archive (1)\FaceForensics++_C23\DeepFakeDetection\01_02__walk_down_hall_angry__YVGY8LOK.mp4,real,video,1164071,20.150747624326428,1_10MiB,2a0882fc4a09c0ec3b18580e0f0d292b235dd1f12ada6dad76a0181a9ed20d1b,train
ae213147909bd8a8d931,real:apps\public_nextjs\.next\cache\webpack\client-development\4.pack.gz,C:\Users\ss\Desktop\XAI\XAI\apps\public_nextjs\.next\cache\webpack\client-development\4.pack.gz,real,archive,21113,14.36584396901679,16_64KiB,a7a6fe0490c494494a5f31bd6790cb5d783f4314342770bf39babb56178b12ff,validation
9cac045b5567c775890b,real:apps\admin_dotnet\bin\Debug\net8.0\AdminDotNet.pdb,C:\Users\ss\Desktop\XAI\XAI\apps\admin_dotnet\bin\Debug\net8.0\AdminDotNet.pdb,real,binary,57816,15.819181178959626,16_64KiB,6766e48646f6ee567b2404623b4a272fe49e5314ef1ba8d135a300f099d0085b,train
68186886b2609e8049b4,real:apps\admin_dotnet\bin\Debug\net8.0\Microsoft.Extensions.Compliance.Abstractions.dll,C:\Users\ss\Desktop\XAI\XAI\apps\admin_dotnet\bin\Debug\net8.0\Microsoft.Extensions.Compliance.Abstractions.dll,real,executable,39992,15.287423811683523,16_64KiB,89a76f72ff550cfdbbed8d310762ff0f9b35a3b524d5e76c75b3769752110822,train
90577899ae59ca1062ef,real:apps\mobile_authenticator_flutter\android\app\src\main\res\mipmap-xxxhdpi\ic_launcher.png,C:\Users\ss\Desktop\XAI\XAI\apps\mobile_authenticator_flutter\android\app\src\main\res\mipmap-xxxhdpi\ic_launcher.png,real,image,1443,10.494855584491198,lt_16KiB,3c34e1f298d0c9ea3455d46db6b7759c8211a49e9ec6e44b635fc5c87dfb4180,train
66918e1572c4a6464795,real:apps\admin_dotnet\appsettings.json,C:\Users\ss\Desktop\XAI\XAI\apps\admin_dotnet\appsettings.json,real,json,486,8.92481250360578,lt_16KiB,bd4e436d0388f091af546eca089fba9c3915f8f98c8127c704d7e5f2b164a226,train
2c32f79ab55d6d2a7d1c,real:analytics\XAI-Compress-Analysis-Suite\README.md,C:\Users\ss\Desktop\XAI\XAI\analytics\XAI-Compress-Analysis-Suite\README.md,real,markdown,3548,11.792790294301064,lt_16KiB,cb8d065350a2f3e12427825ea54e5a164d768fecfc13d25b04c1f103a45029a9,train
339af94f88272cc6fb2d,real:engines\XAI-Compress\.test-tmp\final-validation\test_neural_rans_roundtrip0\tiny.pt,C:\Users\ss\Desktop\XAI\XAI\engines\XAI-Compress\.test-tmp\final-validation\test_neural_rans_roundtrip0\tiny.pt,real,model,28010,14.773654362961869,16_64KiB,80fbae4ff6981c389becac3cc4f08083c3a9050522d604b25782ef1e394095e8,train
f33d5101d3b6b1aec59e,real:analytics\XAI-Compress-Analysis-Suite\run_benchmark.py,C:\Users\ss\Desktop\XAI\XAI\analytics\XAI-Compress-Analysis-Suite\run_benchmark.py,real,source_code,5367,12.389900172773064,lt_16KiB,37879bded05166e6ed66585fe8f6feea90b4377b60e407ba34b63f497bf4eee5,train
4bb6ea144fbc0976bcbe,real:apps\desktop_flutter\windows\runner\CMakeLists.txt,C:\Users\ss\Desktop\XAI\XAI\apps\desktop_flutter\windows\runner\CMakeLists.txt,real,text,1836,10.842350343413807,lt_16KiB,d765fdd05f63ad099e585a2cced0cbff13ec3229b7de68c8681b2107db850089,test
deff7d5339ff65ff35c9,real:engines\XAI-Compress\data\test\archive (1)\FaceForensics++_C23\DeepFakeDetection\01_02__walking_down_indoor_hall_disgust__YVGY8LOK.mp4,C:\Users\ss\Desktop\XAI\XAI\engines\XAI-Compress\data\test\archive (1)\FaceForensics++_C23\DeepFakeDetection\01_02__walking_down_indoor_hall_disgust__YVGY8LOK.mp4,real,video,12640206,23.591516639811733,gt_10MiB,aa0d1e9c67c92fd137450f0f811e45cf6b7b427378614d2952398ba264cb30c7,train
7eb72de3e24a6696faed,real:apps\mobile_authenticator_flutter\android\app\src\main\res\drawable-v21\launch_background.xml,C:\Users\ss\Desktop\XAI\XAI\apps\mobile_authenticator_flutter\android\app\src\main\res\drawable-v21\launch_background.xml,real,xml,450,8.813781191217037,lt_16KiB,dca312ec77de83e43ef70a825c299b51451247286c29167d62f19165750b8793,train
92faead00a10a7d40151,real:apps\public_nextjs\.next\cache\webpack\client-development\5.pack.gz,C:\Users\ss\Desktop\XAI\XAI\apps\public_nextjs\.next\cache\webpack\client-development\5.pack.gz,real,archive,67102,16.034068146676567,64KiB_1MiB,fd011265bee6638eb1258ceaa6e4a92615ad5c262bad17c1fe3218490ddd59cf,train
e59b1f5265501511509b,real:apps\admin_dotnet\Components\_Imports.razor,C:\Users\ss\Desktop\XAI\XAI\apps\admin_dotnet\Components\_Imports.razor,real,binary,469,8.873444112515376,lt_16KiB,2e8e158f834cbc4e4c5d750c1b19f782387665844e32089a500d6ad642c0ec13,train
3b3689388ffb44366062,real:engines\XAI-Compress\.test-tmp\full-rust-resume\test_experiment_log_and_manife0\experiments.csv,C:\Users\ss\Desktop\XAI\XAI\engines\XAI-Compress\.test-tmp\full-rust-resume\test_experiment_log_and_manife0\experiments.csv,real,csv,332,8.375039431346925,lt_16KiB,b48cfc64e06ebbea559f49bd52fd4b4e9398ff17fbb4454f0a8bda269f1ffeea,train
c41da89acba352df9304,real:apps\admin_dotnet\bin\Debug\net8.0\Microsoft.Extensions.Configuration.Binder.dll,C:\Users\ss\Desktop\XAI\XAI\apps\admin_dotnet\bin\Debug\net8.0\Microsoft.Extensions.Configuration.Binder.dll,real,executable,42784,15.384783750093353,16_64KiB,beac12f7bba4e22cda2acd9ddfe944a4ed56abec414e084edd147bd5dad3c032,train
b431de9bd8324ec90c36,real:engines\XAI-Compress\results\hybrid_ai\figures\01_codec_bpb.png,C:\Users\ss\Desktop\XAI\XAI\engines\XAI-Compress\results\hybrid_ai\figures\01_codec_bpb.png,real,image,9115,13.154026940926496,lt_16KiB,d851ad815612aa7abda02c8cf79713e188c166f2ebc5ae9bb64f9278e151444e,test
73c841618e995b02f2a6,real:apps\admin_dotnet\bin\Debug\net8.0\AdminDotNet.deps.json,C:\Users\ss\Desktop\XAI\XAI\apps\admin_dotnet\bin\Debug\net8.0\AdminDotNet.deps.json,real,json,20119,14.296270978386014,16_64KiB,abc64c002ec4fda7243ba0fe8ea95a629c6b6db41092f408628b5ff541f7265f,train
d368be6e7504428798ca,real:apps\admin_dotnet\docs\API_CONTRACT.md,C:\Users\ss\Desktop\XAI\XAI\apps\admin_dotnet\docs\API_CONTRACT.md,real,markdown,617,9.269126679149418,lt_16KiB,2f369ca4781ebeec7ac5ac5047435bec683c6a0a619781e6e9c4d9d3ff542c2b,train
0f2fe15d122a243582d7,real:engines\XAI-Compress\.test-tmp\final-validation\test_neural_transformer_roundt0\tr.pt,C:\Users\ss\Desktop\XAI\XAI\engines\XAI-Compress\.test-tmp\final-validation\test_neural_transformer_roundt0\tr.pt,real,model,59837,15.8687502253362,16_64KiB,8f59d38480a0dfffc5c232dc58170ad4e9e1ec221ebfb37648edae7b172edab9,test
9dd82c11512836e2932c,real:analytics\XAI-Compress-Analysis-Suite\visualize_results.py,C:\Users\ss\Desktop\XAI\XAI\analytics\XAI-Compress-Analysis-Suite\visualize_results.py,real,source_code,3682,11.846273911349906,lt_16KiB,d490a0912502179f06119ffd69f75406342c40144e0ac7e2d0bbe460c71c238a,train
dfc1d98f85ad6d98296f,real:engines\XAI-Compress\.test-tmp\final-all\test_corpus_roundtrip0\corpus\text\article.txt,C:\Users\ss\Desktop\XAI\XAI\engines\XAI-Compress\.test-tmp\final-all\test_corpus_roundtrip0\corpus\text\article.txt,real,text,5520,12.430452551665532,lt_16KiB,c3ae556618076354af7f0653003ef9363cf765561d1c416f56ada64f2e14a054,test
d4f64711ac0280d47bce,real:engines\XAI-Compress\data\test\archive (1)\FaceForensics++_C23\DeepFakeDetection\01_03__hugging_happy__ISF9SP4G.mp4,C:\Users\ss\Desktop\XAI\XAI\engines\XAI-Compress\data\test\archive (1)\FaceForensics++_C23\DeepFakeDetection\01_03__hugging_happy__ISF9SP4G.mp4,real,video,9123749,23.1211953270838,1_10MiB,faec6227fa4237ba719f98293a3935de464a8facaf61452caa60d447e43e3081,train
86e2ae34a999cf3cfaef,real:apps\mobile_authenticator_flutter\android\app\src\main\res\drawable\launch_background.xml,C:\Users\ss\Desktop\XAI\XAI\apps\mobile_authenticator_flutter\android\app\src\main\res\drawable\launch_background.xml,real,xml,446,8.800899899920305,lt_16KiB,2df60e2cfbee873ce2858088cf003e6b93498f2f568476da437610467ea1a9d7,validation
ab223c0e8c40771afec6,real:apps\public_nextjs\.next\cache\webpack\client-development\index.pack.gz,C:\Users\ss\Desktop\XAI\XAI\apps\public_nextjs\.next\cache\webpack\client-development\index.pack.gz,real,archive,86318,16.39737381731897,64KiB_1MiB,9a56ae84b131f34d3f38e630235583d06b96644eda1fb66800312a05fe44a515,validation
d06cecf170d862e73c71,real:apps\admin_dotnet\Components\App.razor,C:\Users\ss\Desktop\XAI\XAI\apps\admin_dotnet\Components\App.razor,real,binary,414,8.693486957499326,lt_16KiB,bdc4dd6707a8a728c0257e29a6b123dfa46e37cd7b1af4eaeada4c694e4d307c,train
3618d461b53c3a662347,real:apps\admin_dotnet\bin\Debug\net8.0\Microsoft.Extensions.DependencyInjection.Abstractions.dll,C:\Users\ss\Desktop\XAI\XAI\apps\admin_dotnet\bin\Debug\net8.0\Microsoft.Extensions.DependencyInjection.Abstractions.dll,real,executable,64288,15.972261848733291,16_64KiB,4e594bffd358313910cf45acce035d2ebc129fea8591de8ba40c3ba7e458b26b,validation
9e61b7746a382718e27b,real:engines\XAI-Compress\results\hybrid_ai\figures\02_codec_ratio.png,C:\Users\ss\Desktop\XAI\XAI\engines\XAI-Compress\results\hybrid_ai\figures\02_codec_ratio.png,real,image,7583,12.888553007579214,lt_16KiB,ad725ff75729579b21fba8b952a4c98bbbe979c4e734ec2a9dea069f2e22cb3f,train
719549724763a3953a3a,real:apps\admin_dotnet\bin\Debug\net8.0\AdminDotNet.runtimeconfig.json,C:\Users\ss\Desktop\XAI\XAI\apps\admin_dotnet\bin\Debug\net8.0\AdminDotNet.runtimeconfig.json,real,json,416,8.700439718141093,lt_16KiB,ecd7bfb0f847a8a076f6667982b0269c02817104969d5fff106f5c66a226fb81,test
7e441621d2dee756b3dc,real:apps\admin_dotnet\docs\SECURITY_CHECKLIST.md,C:\Users\ss\Desktop\XAI\XAI\apps\admin_dotnet\docs\SECURITY_CHECKLIST.md,real,markdown,721,9.493855449240822,lt_16KiB,7016a905d2fb4b508129d6c951ed12ca97f7be9b6982bac9b5fccd6509dc437b,train
877d1082be38e6b19065,real:engines\XAI-Compress\.test-tmp\full-rust-resume\test_neural_gru_roundtrip0\tiny.pt,C:\Users\ss\Desktop\XAI\XAI\engines\XAI-Compress\.test-tmp\full-rust-resume\test_neural_gru_roundtrip0\tiny.pt,real,model,28010,14.773654362961869,16_64KiB,1cd2f88c445f01fb6e2968bc6bda243dcfd97d28763989271b65a797703b9ac1,test
05b85cd7a82809ab6688,real:apps\admin_dotnet\Models\AdminModels.cs,C:\Users\ss\Desktop\XAI\XAI\apps\admin_dotnet\Models\AdminModels.cs,real,source_code,1451,10.502831804066744,lt_16KiB,da64fd9a29ee7df59ea3e17ecaa949f5a7507d59067419be37dff7f4790e2d1c,train
4475146eaa2a3e3f66c2,real:engines\XAI-Compress\.test-tmp\final-all\test_corpus_roundtrip0\corpus\text\log.txt,C:\Users\ss\Desktop\XAI\XAI\engines\XAI-Compress\.test-tmp\final-all\test_corpus_roundtrip0\corpus\text\log.txt,real,text,8900,13.119589620741122,lt_16KiB,38ab938240c76fc9997efb58d01baab7661ade2758cbfd320b8a37f915d0f414,train
0da879595cc09683f18b,real:engines\XAI-Compress\data\test\archive (1)\FaceForensics++_C23\DeepFakeDetection\01_03__kitchen_pan__JZUXXFRB.mp4,C:\Users\ss\Desktop\XAI\XAI\engines\XAI-Compress\data\test\archive (1)\FaceForensics++_C23\DeepFakeDetection\01_03__kitchen_pan__JZUXXFRB.mp4,real,video,3485507,21.7329370943376,1_10MiB,8d7803aa0288bde38d61a3a22af7443d9c7bcbd2bb9e92a6196ee4bf20ac2cba,train
340338e31259d9916d70,real:apps\mobile_authenticator_flutter\android\app\src\main\res\values-night\styles.xml,C:\Users\ss\Desktop\XAI\XAI\apps\mobile_authenticator_flutter\android\app\src\main\res\values-night\styles.xml,real,xml,1013,9.984418458801137,lt_16KiB,ea763597dc1a84c8034251caee98d7753e0fbf57340ffc94677427de4b537516,train
ab9fd50e606430ff1ad4,real:apps\public_nextjs\.next\cache\webpack\server-development\0.pack.gz,C:\Users\ss\Desktop\XAI\XAI\apps\public_nextjs\.next\cache\webpack\server-development\0.pack.gz,real,archive,10877534,23.374848190541115,gt_10MiB,1097a9c63933d92fb6d40acbb5871c0881f69ed68b4605cda62cd040674841c4,test
90e0ecf05c11a28cb1a4,real:apps\admin_dotnet\Components\Layout\MainLayout.razor,C:\Users\ss\Desktop\XAI\XAI\apps\admin_dotnet\Components\Layout\MainLayout.razor,real,binary,1130,10.14210705730255,lt_16KiB,4df26adfdef21457c2afbdf216570dafb75d26987574b3164b14e557d300d6ac,train
ad0b08061a9ab2d2bfde,real:engines\XAI-Compress\.test-tmp\kaggle-workflow-final\test_experiment_log_and_manife0\experiments.csv,C:\Users\ss\Desktop\XAI\XAI\engines\XAI-Compress\.test-tmp\kaggle-workflow-final\test_experiment_log_and_manife0\experiments.csv,real,csv,332,8.375039431346925,lt_16KiB,6fcf104e4f87a508ae15c4a958a93a6ce12c38a6f1f85ced8c07bd96879a1697,train
5c47b3c36001ec345e07,real:apps\admin_dotnet\bin\Debug\net8.0\Microsoft.Extensions.DependencyInjection.AutoActivation.dll,C:\Users\ss\Desktop\XAI\XAI\apps\admin_dotnet\bin\Debug\net8.0\Microsoft.Extensions.DependencyInjection.AutoActivation.dll,real,executable,33832,15.046100845028802,16_64KiB,02ea5fd3dd27298da78bb13a17357f096a75dab4a16bdc8d21cd5efa209ccdd7,validation
14b5612c36b4632106b3,real:engines\XAI-Compress\results\hybrid_ai\figures\03_compression_speed.png,C:\Users\ss\Desktop\XAI\XAI\engines\XAI-Compress\results\hybrid_ai\figures\03_compression_speed.png,real,image,9758,13.252369767926027,lt_16KiB,b602b8164ebe20e0b628f53044c04be1d56b17289bbf82822342769c00824ca6,train
c855b195f97acf89c388,real:apps\admin_dotnet\bin\Debug\net8.0\AdminDotNet.staticwebassets.endpoints.json,C:\Users\ss\Desktop\XAI\XAI\apps\admin_dotnet\bin\Debug\net8.0\AdminDotNet.staticwebassets.endpoints.json,real,json,2141,11.06406908038551,lt_16KiB,be7ae2dac002ca6b0d9440d55927140b3612bb584921f6d4eea6e4b9866c89d1,train
d940d382cc8db08a2d3f,real:engines\XAI-Compress\data\domain_focused\archive\wandb\run-20241217_020210-f69emzpa\files\output.log,C:\Users\ss\Desktop\XAI\XAI\engines\XAI-Compress\data\domain_focused\archive\wandb\run-20241217_020210-f69emzpa\files\output.log,real,logs,21338,14.381137338968552,16_64KiB,fe7ef8da2c25ac2b37c2338999f11228845594f8c0c29418b69f8ce3c9fa8751,train
0a40c82900f25356a35a,real:apps\admin_dotnet\README.md,C:\Users\ss\Desktop\XAI\XAI\apps\admin_dotnet\README.md,real,markdown,2225,11.119589620741122,lt_16KiB,dabdc64ab097bc4674a6f81b7f998b50bfbbfb8155dac9f5ff06ba0d08a16926,train
374732e470d3e68b772b,real:engines\XAI-Compress\.test-tmp\full-rust-resume\test_neural_rans_roundtrip0\tiny.pt,C:\Users\ss\Desktop\XAI\XAI\engines\XAI-Compress\.test-tmp\full-rust-resume\test_neural_rans_roundtrip0\tiny.pt,real,model,28010,14.773654362961869,16_64KiB,a9d7110b9dd1370848ab16b41031ce470d7a93aa41e7b37987651000dd40bfb2,train
b9cb920ce75974d1c4dc,"real:apps\admin_dotnet\obj\Debug\net8.0\.NETCoreApp,Version=v8.0.AssemblyAttributes.cs","C:\Users\ss\Desktop\XAI\XAI\apps\admin_dotnet\obj\Debug\net8.0\.NETCoreApp,Version=v8.0.AssemblyAttributes.cs",real,source_code,198,7.6293566200796095,lt_16KiB,f7a5d9789c863625e139ff99e1113a503830f6b85a88f6129916df83ac76b49e,train
a631d66d7c667b16d224,real:engines\XAI-Compress\.test-tmp\final-all\test_dataset_lazy_and_split0\a.txt,C:\Users\ss\Desktop\XAI\XAI\engines\XAI-Compress\.test-tmp\final-all\test_dataset_lazy_and_split0\a.txt,real,text,600,9.228818690495881,lt_16KiB,f7ed3bcaa429dfc9288fc96a9f32747f88fffc9cdba9f3326910f5dda7a98b20,validation
52fbd59a71d11952e1c9,real:engines\XAI-Compress\data\test\archive (1)\FaceForensics++_C23\DeepFakeDetection\01_03__podium_speech_happy__480LQD1C.mp4,C:\Users\ss\Desktop\XAI\XAI\engines\XAI-Compress\data\test\archive (1)\FaceForensics++_C23\DeepFakeDetection\01_03__podium_speech_happy__480LQD1C.mp4,real,video,5056283,22.26964578269492,1_10MiB,a6b0cf1dd343f470c41603c15d5829f085cf1cba41b70c5b754e5d77f7fc8a71,train
3a119d567c492fc69bfb,real:apps\mobile_authenticator_flutter\android\app\src\main\res\values\styles.xml,C:\Users\ss\Desktop\XAI\XAI\apps\mobile_authenticator_flutter\android\app\src\main\res\values\styles.xml,real,xml,1014,9.985841937003341,lt_16KiB,cca15a99b59380a548bf6a890f7ca5380ee509b1f9bbb2f5f9ec3589fa25c2f7,train
40dbaf5186667bb560c9,real:apps\public_nextjs\.next\cache\webpack\server-development\1.pack.gz,C:\Users\ss\Desktop\XAI\XAI\apps\public_nextjs\.next\cache\webpack\server-development\1.pack.gz,real,archive,292937,18.16023090167681,64KiB_1MiB,2e9663b58bcca4b9a8c2e0050d51c6b3c8f4363f2649782f4b62fc50394941ac,train
cb4794f05b5459efb833,real:apps\admin_dotnet\Components\Layout\NavMenu.razor,C:\Users\ss\Desktop\XAI\XAI\apps\admin_dotnet\Components\Layout\NavMenu.razor,real,binary,534,9.060695931687555,lt_16KiB,97ccb72fe6d32a2035a878c666a0fb1193aaf035cd90305d4b95fddbcad68556,train
35ea5acc62ff7dc743ae,real:apps\admin_dotnet\bin\Debug\net8.0\Microsoft.Extensions.Diagnostics.ExceptionSummarization.dll,C:\Users\ss\Desktop\XAI\XAI\apps\admin_dotnet\bin\Debug\net8.0\Microsoft.Extensions.Diagnostics.ExceptionSummarization.dll,real,executable,30264,14.885315061049376,16_64KiB,d298e536c413ac3ff345d78eca4318e29afd69f9d7e6dabff52c63498f8427cc,train
801658a38cf0cafec5ef,real:engines\XAI-Compress\results\hybrid_ai\figures\04_decompression_speed.png,C:\Users\ss\Desktop\XAI\XAI\engines\XAI-Compress\results\hybrid_ai\figures\04_decompression_speed.png,real,image,9793,13.257535169222358,lt_16KiB,7a7a72e6e9328c1119c3a10cbafd6de5829ce16a6c77aa5f6e45eb00fcebe075,test
deff0a7ef1b1f6d5dc36,real:apps\admin_dotnet\bin\Debug\net8.0\AdminDotNet.staticwebassets.runtime.json,C:\Users\ss\Desktop\XAI\XAI\apps\admin_dotnet\bin\Debug\net8.0\AdminDotNet.staticwebassets.runtime.json,real,json,432,8.754887502163468,lt_16KiB,8bc730c13cee86c525f677fd595bcee988ad9904346e9d8012acfb9b61501db5,validation
5b1ab3a6fca6dd1b49ca,real:engines\XAI-Compress\data\domain_focused\archive\wandb\run-20241217_020210-f69emzpa\logs\debug-internal.log,C:\Users\ss\Desktop\XAI\XAI\engines\XAI-Compress\data\domain_focused\archive\wandb\run-20241217_020210-f69emzpa\logs\debug-internal.log,real,logs,11953,13.545085135156251,lt_16KiB,f98c668e1ddf23142d36dfe83a07253b573ec13373e1a734fdab731f453348f5,train
0daedf36d9e64845fa89,real:apps\desktop_flutter\docs\INTEGRATION.md,C:\Users\ss\Desktop\XAI\XAI\apps\desktop_flutter\docs\INTEGRATION.md,real,markdown,570,9.154818109052105,lt_16KiB,f5a60e47e92c65a76cfe3ec1c6bf28030dcb1db6030b85dafdbeaa0dff9ba295,train
b392ba18278ff36ed675,real:engines\XAI-Compress\.test-tmp\full-rust-resume\test_neural_transformer_roundt0\tr.pt,C:\Users\ss\Desktop\XAI\XAI\engines\XAI-Compress\.test-tmp\full-rust-resume\test_neural_transformer_roundt0\tr.pt,real,model,59837,15.8687502253362,16_64KiB,453c03f30e443c97426485edbbd8eceb5899a82ad48237008b69deec538a793a,train
261e7f709a32f90c5096,real:apps\admin_dotnet\obj\Debug\net8.0\AdminDotNet.AssemblyInfo.cs,C:\Users\ss\Desktop\XAI\XAI\apps\admin_dotnet\obj\Debug\net8.0\AdminDotNet.AssemblyInfo.cs,real,source_code,1007,9.975847968006784,lt_16KiB,9f4c452d46ef6eac1f1981cc2926f6919a5c71637fed737837282d5a3f139efc,train
d288db94c8da7b99530d,real:engines\XAI-Compress\.test-tmp\final-all\test_dataset_lazy_and_split0\b.txt,C:\Users\ss\Desktop\XAI\XAI\engines\XAI-Compress\.test-tmp\final-all\test_dataset_lazy_and_split0\b.txt,real,text,760,9.569855608330949,lt_16KiB,7208961a32cac58bfddeec3211dacd1062b1dff52dfe0297daf8eee4a5fec85c,train
9bf9d5a8ef8b2e34382c,real:engines\XAI-Compress\data\test\archive (1)\FaceForensics++_C23\DeepFakeDetection\01_03__talking_against_wall__JZUXXFRB.mp4,C:\Users\ss\Desktop\XAI\XAI\engines\XAI-Compress\data\test\archive (1)\FaceForensics++_C23\DeepFakeDetection\01_03__talking_against_wall__JZUXXFRB.mp4,real,video,3489591,21.734626523567208,1_10MiB,9bab41445243f605986a6dca5502791584dac70345dce28ffb612c6872e86618,train
74bbccb5894032019dd5,real:apps\public_nextjs\.next\cache\webpack\server-development\2.pack.gz,C:\Users\ss\Desktop\XAI\XAI\apps\public_nextjs\.next\cache\webpack\server-development\2.pack.gz,real,archive,39722,15.277650643841742,16_64KiB,fefa4815b8ec775d6ba12751c7f19bc3dc3e71adbcd6f6b5b69a7c0bfe837e58,train
5b8d7a34e4c0fbf7655b,real:apps\admin_dotnet\Components\MetricCard.razor,C:\Users\ss\Desktop\XAI\XAI\apps\admin_dotnet\Components\MetricCard.razor,real,binary,401,8.64745842645492,lt_16KiB,1d3672aa571d7ba2684a25ec0c0d55c5f1db67ef9698cd9b2f845af445be0d30,validation
1c5a6fe683c59a98e667,real:engines\XAI-Compress\.test-tmp\kaggle-workflow\test_experiment_log_and_manife0\experiments.csv,C:\Users\ss\Desktop\XAI\XAI\engines\XAI-Compress\.test-tmp\kaggle-workflow\test_experiment_log_and_manife0\experiments.csv,real,csv,332,8.375039431346925,lt_16KiB,f426da3656dbbda102d86b1433958a2184da848daa80ca7306e16bfa47ade34a,train
b27b46f412a511a0aa2b,real:apps\admin_dotnet\bin\Debug\net8.0\Microsoft.Extensions.Http.Diagnostics.dll,C:\Users\ss\Desktop\XAI\XAI\apps\admin_dotnet\bin\Debug\net8.0\Microsoft.Extensions.Http.Diagnostics.dll,real,executable,116768,16.833285435584482,64KiB_1MiB,34e11c3110c0b638779a0f57a52b3616aa93dd20ba16b87d8aa961d6097b0dda,train
699ee188d25ff595a3c2,real:engines\XAI-Compress\results\hybrid_ai\figures\05_ai_vs_oracle.png,C:\Users\ss\Desktop\XAI\XAI\engines\XAI-Compress\results\hybrid_ai\figures\05_ai_vs_oracle.png,real,image,6437,12.65217275350971,lt_16KiB,c27153015c08d61bd5436cba35d86cd9be971982f8321ee0d91031494ea2d7fd,train
2e87b733608e33a5e900,real:engines\XAI-Compress\data\domain_focused\archive\wandb\run-20241217_020210-f69emzpa\logs\debug.log,C:\Users\ss\Desktop\XAI\XAI\engines\XAI-Compress\data\domain_focused\archive\wandb\run-20241217_020210-f69emzpa\logs\debug.log,real,logs,53431,15.70538939804909,16_64KiB,3066e7c3f0626211dd6d9d9f852d051eb467cf3aa11e3f79f8754a1acae1dee2,train
f8acbe64385c0bc28390,real:apps\desktop_flutter\README.md,C:\Users\ss\Desktop\XAI\XAI\apps\desktop_flutter\README.md,real,markdown,1564,10.611024797307353,lt_16KiB,4cfcaebd97a13aec2e70779876662da997871c92f5ed9cc669025f78f727c887,test
1af7c614b5bb5207d253,real:engines\XAI-Compress\.test-tmp\kaggle-workflow-final\test_neural_gru_roundtrip0\tiny.pt,C:\Users\ss\Desktop\XAI\XAI\engines\XAI-Compress\.test-tmp\kaggle-workflow-final\test_neural_gru_roundtrip0\tiny.pt,real,model,28010,14.773654362961869,16_64KiB,56379ba922a87045420e5c80a11945100f85e56d1b20b0e5d33b14cf47a8b96c,train
b23f4cf86a7b771e7ea2,real:apps\admin_dotnet\obj\Debug\net8.0\AdminDotNet.GlobalUsings.g.cs,C:\Users\ss\Desktop\XAI\XAI\apps\admin_dotnet\obj\Debug\net8.0\AdminDotNet.GlobalUsings.g.cs,real,source_code,642,9.326429487122303,lt_16KiB,dcdf55702e02f3cc88efc9a8ec2b6881891f8821df27db90157ba496ae9813a1,train
ad90f8956558636073b2,real:engines\XAI-Compress\data\test\archive (1)\FaceForensics++_C23\DeepFakeDetection\01_04__hugging_happy__GBC7ZGDP.mp4,C:\Users\ss\Desktop\XAI\XAI\engines\XAI-Compress\data\test\archive (1)\FaceForensics++_C23\DeepFakeDetection\01_04__hugging_happy__GBC7ZGDP.mp4,real,video,8246897,22.975419958402544,1_10MiB,837118bf1f48b4ea4b34b2d1f177010ddcd124ef7966cfa957f20e05fa937428,train
cc010e958e6199c2636a,real:apps\public_nextjs\public\favicon.svg,C:\Users\ss\Desktop\XAI\XAI\apps\public_nextjs\public\favicon.svg,real,xml,214,7.741466986401147,lt_16KiB,26c057230022198a88c232cb4afe7bd88c8c355ecb100ffb67e621cdd891e621,validation
4ce3d29f8a7135cdf283,real:apps\public_nextjs\.next\cache\webpack\server-development\3.pack.gz,C:\Users\ss\Desktop\XAI\XAI\apps\public_nextjs\.next\cache\webpack\server-development\3.pack.gz,real,archive,275970,18.074151918238744,64KiB_1MiB,ce0652b9bea7bb1f12afdc4d6cb73b1dfca164caff1f2397d214eff81ca976dc,train
88096db480fdd1377254,real:apps\admin_dotnet\Components\Pages\Audit.razor,C:\Users\ss\Desktop\XAI\XAI\apps\admin_dotnet\Components\Pages\Audit.razor,real,binary,760,9.569855608330949,lt_16KiB,f0fb69e1bb2ab2f22678481d3d07ae8917823975803bd3f39364b234d1b8c389,train
7267769a8620d224c1d6,real:apps\admin_dotnet\bin\Debug\net8.0\Microsoft.Extensions.Http.Resilience.dll,C:\Users\ss\Desktop\XAI\XAI\apps\admin_dotnet\bin\Debug\net8.0\Microsoft.Extensions.Http.Resilience.dll,real,executable,130480,16.993469161599247,64KiB_1MiB,816277c8169c24b4e9c861c4dc59bce08242f6d8ab023d65cb7f58305cb7e6dc,train
ce40e44a83c526967889,real:engines\XAI-Compress\results\hybrid_ai\figures\06_selector_regret.png,C:\Users\ss\Desktop\XAI\XAI\engines\XAI-Compress\results\hybrid_ai\figures\06_selector_regret.png,real,image,4583,12.162076570374312,lt_16KiB,bb23252a43fb5ebe279866d63d5c1b02e72b19e8c7d4ca2e423a3377dff8a976,validation
1cff286a0579303a0e2e,real:apps\mobile_authenticator_flutter\docs\INTEGRATION.md,C:\Users\ss\Desktop\XAI\XAI\apps\mobile_authenticator_flutter\docs\INTEGRATION.md,real,markdown,858,9.744833837499545,lt_16KiB,d6799bd13be04d1d2446707a0f240191e77eb76daefa5f5b3b22c38239284793,test
31ab605dddfc0de8f009,real:engines\XAI-Compress\.test-tmp\kaggle-workflow-final\test_neural_rans_roundtrip0\tiny.pt,C:\Users\ss\Desktop\XAI\XAI\engines\XAI-Compress\.test-tmp\kaggle-workflow-final\test_neural_rans_roundtrip0\tiny.pt,real,model,28010,14.773654362961869,16_64KiB,d1a3e95b617842404f621617e18f633dfc1252560173f5ad744be81577cc0f8e,validation
7f8e04914677ce58a61d,real:apps\admin_dotnet\Program.cs,C:\Users\ss\Desktop\XAI\XAI\apps\admin_dotnet\Program.cs,real,source_code,2430,11.246740598493144,lt_16KiB,a97401531027ae8feca7da3b3f0f1f097a81282c32463cde99236442e2c5b12e,validation
7dc992214b750e01f7b7,real:engines\XAI-Compress\.test-tmp\final-all\test_dataset_report_is_bounded0\a.txt,C:\Users\ss\Desktop\XAI\XAI\engines\XAI-Compress\.test-tmp\final-all\test_dataset_report_is_bounded0\a.txt,real,text,200,7.643856189774724,lt_16KiB,57bd512a5ac9d44b6160f6b67bf7408947875f5a7ed56254f727928407ba0c4b,train
10a1413440244ec71387,real:engines\XAI-Compress\data\test\archive (1)\FaceForensics++_C23\DeepFakeDetection\01_04__meeting_serious__0XUW13RW.mp4,C:\Users\ss\Desktop\XAI\XAI\engines\XAI-Compress\data\test\archive (1)\FaceForensics++_C23\DeepFakeDetection\01_04__meeting_serious__0XUW13RW.mp4,real,video,6563740,22.64608666190223,1_10MiB,6caec78044102b9a21b4b333a9751c9f5476a5161cbcb5345a8413a1d0973935,train
341d9288e24a0ece0af5,real:apps\web_angular\public\favicon.svg,C:\Users\ss\Desktop\XAI\XAI\apps\web_angular\public\favicon.svg,real,xml,214,7.741466986401147,lt_16KiB,e0c5c3ffda476581d9a6a46d4f8e8425c1cd62061c82fde5f3478cccdf00d278,train
5ec9c13746fc6ebb1198,real:apps\public_nextjs\.next\cache\webpack\server-development\4.pack.gz,C:\Users\ss\Desktop\XAI\XAI\apps\public_nextjs\.next\cache\webpack\server-development\4.pack.gz,real,archive,278992,18.089864228298442,64KiB_1MiB,4dd8655295fd179e34c74b8838c42e68d275f832d09412aa599bacf28ee476a2,train
1312f09338cbe6f560ed,real:apps\admin_dotnet\Components\Pages\Error.razor,C:\Users\ss\Desktop\XAI\XAI\apps\admin_dotnet\Components\Pages\Error.razor,real,binary,267,8.060695931687555,lt_16KiB,8ca9312027f11176b3595a106ccca585d200c27979c3b76d3eaddd54e6bd6193,train
7e1b667aae83f4b03770,real:engines\XAI-Compress\.test-tmp\post-roundtrip-fix\test_experiment_log_and_manife0\experiments.csv,C:\Users\ss\Desktop\XAI\XAI\engines\XAI-Compress\.test-tmp\post-roundtrip-fix\test_experiment_log_and_manife0\experiments.csv,real,csv,332,8.375039431346925,lt_16KiB,0aa21777d55dc3bf217986b5c8bafcc91599d85bb66970d5cd5b49ff932f34bc,train
63980860d07814cc735a,real:apps\admin_dotnet\bin\Debug\net8.0\Microsoft.Extensions.Logging.Abstractions.dll,C:\Users\ss\Desktop\XAI\XAI\apps\admin_dotnet\bin\Debug\net8.0\Microsoft.Extensions.Logging.Abstractions.dll,real,executable,65288,15.99453022688921,16_64KiB,0dce32c03f338e04a42bde3a364b45f22388a876979793098ba973048163d609,train
8f9ff5817f4fd86dfc8c,real:engines\XAI-Compress\results\hybrid_ai\figures\07_codec_selection_distribution.png,C:\Users\ss\Desktop\XAI\XAI\engines\XAI-Compress\results\hybrid_ai\figures\07_codec_selection_distribution.png,real,image,6349,12.632313662586126,lt_16KiB,eca2d7e1637d3c7a42c4771eccddaab9e621e8573773f56be4ad7a572f3aff4f,train
f15f332b2f6ec39b9742,real:apps\admin_dotnet\obj\AdminDotNet.csproj.nuget.dgspec.json,C:\Users\ss\Desktop\XAI\XAI\apps\admin_dotnet\obj\AdminDotNet.csproj.nuget.dgspec.json,real,json,2580,11.333155350310616,lt_16KiB,1e07553929e842729af4084bcfef6c507b9b4437d32eb85c570dae780eff816f,train
8028fd8746ec7555a569,real:apps\mobile_authenticator_flutter\docs\PRODUCTION_CHECKLIST.md,C:\Users\ss\Desktop\XAI\XAI\apps\mobile_authenticator_flutter\docs\PRODUCTION_CHECKLIST.md,real,markdown,703,9.457380879072534,lt_16KiB,3bbd3f87d7a578d34926dc2bd3bda47187a999d8146c2ef5992c43ffad738935,test
4653623b6146bf6724f0,real:engines\XAI-Compress\.test-tmp\kaggle-workflow-final\test_neural_transformer_roundt0\tr.pt,C:\Users\ss\Desktop\XAI\XAI\engines\XAI-Compress\.test-tmp\kaggle-workflow-final\test_neural_transformer_roundt0\tr.pt,real,model,59837,15.8687502253362,16_64KiB,fa73a554e33fb3f95d82178b49ff418dd5532e13361ac8f08e2e6ec0215660ab,train
32a308c2731501ef4fec,real:apps\admin_dotnet\Services\AdminSession.cs,C:\Users\ss\Desktop\XAI\XAI\apps\admin_dotnet\Services\AdminSession.cs,real,source_code,326,8.348728154231077,lt_16KiB,924d4c933a5e139deeebd59430acb7d9190d995c68980a673e8823287e8e0240,validation
d6a47b1107644fa46606,real:engines\XAI-Compress\data\test\archive (1)\FaceForensics++_C23\DeepFakeDetection\01_04__talking_angry_couch__0XUW13RW.mp4,C:\Users\ss\Desktop\XAI\XAI\engines\XAI-Compress\data\test\archive (1)\FaceForensics++_C23\DeepFakeDetection\01_04__talking_angry_couch__0XUW13RW.mp4,real,video,11514472,23.45694492159099,gt_10MiB,824b395c4379ba2b3e21086c7f99b1665d032d99f9e2a7871e9e7386c2362338,train
4bc4582032af49559d78,real:engines\XAI-Compress\.test-tmp\final-all\test_corpus_roundtrip0\corpus\structured\doc.xml,C:\Users\ss\Desktop\XAI\XAI\engines\XAI-Compress\.test-tmp\final-all\test_corpus_roundtrip0\corpus\structured\doc.xml,real,xml,1923,10.909143047339898,lt_16KiB,501d5554423b9bd8a67c4ed528c46602bf66b51efb639a39088162ef279434c0,train
c61b9b19e944ba5a426e,real:apps\public_nextjs\.next\cache\webpack\server-development\index.pack.gz,C:\Users\ss\Desktop\XAI\XAI\apps\public_nextjs\.next\cache\webpack\server-development\index.pack.gz,real,archive,145229,17.147970040571366,64KiB_1MiB,79da69b3a33b33bdbe228379d12e9be1b17a12980ccf794f7867b3035920df1d,train
5cfd18ecb4615302b290,real:apps\admin_dotnet\Components\Pages\Home.razor,C:\Users\ss\Desktop\XAI\XAI\apps\admin_dotnet\Components\Pages\Home.razor,real,binary,3484,11.766528908598865,lt_16KiB,162dd67b8042a9e57c67e0cc11aa979e3b2d7b44e350a99596c9f66313a312e0,test
63b80d177dabc1b0609f,real:apps\admin_dotnet\bin\Debug\net8.0\Microsoft.Extensions.ObjectPool.dll,C:\Users\ss\Desktop\XAI\XAI\apps\admin_dotnet\bin\Debug\net8.0\Microsoft.Extensions.ObjectPool.dll,real,executable,22792,14.476239906323851,16_64KiB,12d82966713cf606f245b773ea7d3fc13a41674e4d2883d64a5cc1d27e1be304,test
459c20f4df9312b7b16a,real:engines\XAI-Compress\results\hybrid_ai\figures\08_size_speed_pareto.png,C:\Users\ss\Desktop\XAI\XAI\engines\XAI-Compress\results\hybrid_ai\figures\08_size_speed_pareto.png,real,image,5565,12.442165972229322,lt_16KiB,f5b099e040a27888626c3ce08bd8912438276e51a46599cedebce823530b874f,train
fc17bcb2b606f0c77d81,real:apps\admin_dotnet\obj\Debug\net8.0\AdminDotNet.sourcelink.json,C:\Users\ss\Desktop\XAI\XAI\apps\admin_dotnet\obj\Debug\net8.0\AdminDotNet.sourcelink.json,real,json,152,7.247927513443585,lt_16KiB,7b6749e98da74a1b6915198ad09d3b7a0ab2f790eebadd36ac98cfa3f0dba35a,train
6530a4cd1308d63e035a,real:apps\mobile_authenticator_flutter\README.md,C:\Users\ss\Desktop\XAI\XAI\apps\mobile_authenticator_flutter\README.md,real,markdown,2557,11.32023644524165,lt_16KiB,26b3b92f2c0a7351365c96fb13c556d44c8c08fa8ba0b3f5cbb363985f9411e7,train
62990ab23f77228e7778,real:engines\XAI-Compress\.test-tmp\kaggle-workflow\test_neural_gru_roundtrip0\tiny.pt,C:\Users\ss\Desktop\XAI\XAI\engines\XAI-Compress\.test-tmp\kaggle-workflow\test_neural_gru_roundtrip0\tiny.pt,real,model,28010,14.773654362961869,16_64KiB,961b8eff39ca4ccee800b5f81614c533fe03cf5ca2cb1ca2d39450660ae02751,train
6bb47932f7ca6da590c4,real:apps\admin_dotnet\Services\DemoAdminData.cs,C:\Users\ss\Desktop\XAI\XAI\apps\admin_dotnet\Services\DemoAdminData.cs,real,source_code,3714,11.858758099935422,lt_16KiB,fa4d593a13e24e852dfd9ad18d05084f787fe41ad75e43676e5218bc00c0805d,train
76925aa3f55910592b85,real:engines\XAI-Compress\data\test\archive (1)\FaceForensics++_C23\DeepFakeDetection\01_04__walk_down_hall_angry__GBC7ZGDP.mp4,C:\Users\ss\Desktop\XAI\XAI\engines\XAI-Compress\data\test\archive (1)\FaceForensics++_C23\DeepFakeDetection\01_04__walk_down_hall_angry__GBC7ZGDP.mp4,real,video,1212172,20.209162992508926,1_10MiB,a2d8f0889bcdc37359914eaf6141db64b00c912387fcc9a768d4cf5f19151199,train
fd3c3730cb69acd3578a,real:apps\admin_dotnet\Components\Pages\Incidents.razor,C:\Users\ss\Desktop\XAI\XAI\apps\admin_dotnet\Components\Pages\Incidents.razor,real,binary,756,9.562242424221072,lt_16KiB,b85cafd5872ecd07db57579b74d122864a6ec9ed3efcffee09a56d44542bdada,train
726f1a591b395c5b3be2,real:engines\XAI-Compress\.test-tmp\test_experiment_log_and_manife0\experiments.csv,C:\Users\ss\Desktop\XAI\XAI\engines\XAI-Compress\.test-tmp\test_experiment_log_and_manife0\experiments.csv,real,csv,332,8.375039431346925,lt_16KiB,e9ff0f4c0fa2d534ad0e258e00d4e47f5ac629bbc2f4824d029c31e8dbce574f,train
3e013798b513f2129cb7,real:apps\admin_dotnet\bin\Debug\net8.0\Microsoft.Extensions.Options.dll,C:\Users\ss\Desktop\XAI\XAI\apps\admin_dotnet\bin\Debug\net8.0\Microsoft.Extensions.Options.dll,real,executable,64776,15.983171762188007,16_64KiB,5e01894cbc0661bacb8ca8f485a40d5ee4e02f28fef58007668a0276431b4693,train
62f884baac337730c9f9,real:engines\XAI-Compress\results\hybrid_ai\figures\09_feature_importance.png,C:\Users\ss\Desktop\XAI\XAI\engines\XAI-Compress\results\hybrid_ai\figures\09_feature_importance.png,real,image,9079,13.148317686309303,lt_16KiB,40b79e546d0440eaeeed1f66d914b287bb96767876bf05daf057ae23734b0402,validation
32a43a677188eb92d77a,real:apps\admin_dotnet\obj\Debug\net8.0\rjimswa.dswa.cache.json,C:\Users\ss\Desktop\XAI\XAI\apps\admin_dotnet\obj\Debug\net8.0\rjimswa.dswa.cache.json,real,json,369,8.527477006060396,lt_16KiB,77d4e7e12354bc6504b9735e2fcb9c68c648311334983704a74acce50f211e87,train
2b5091e58cb6922ad60d,real:apps\public_nextjs\docs\INTEGRATION.md,C:\Users\ss\Desktop\XAI\XAI\apps\public_nextjs\docs\INTEGRATION.md,real,markdown,597,9.221587121264806,lt_16KiB,3d46921c4c74772c20f7b5fa7a719d5b31bcbc1b695fc2652443b63baf32e264,test
8973908d1495ed1d9bf5,real:engines\XAI-Compress\.test-tmp\kaggle-workflow\test_neural_rans_roundtrip0\tiny.pt,C:\Users\ss\Desktop\XAI\XAI\engines\XAI-Compress\.test-tmp\kaggle-workflow\test_neural_rans_roundtrip0\tiny.pt,real,model,28010,14.773654362961869,16_64KiB,d645c33877d7b006eecab0ef063d8acea107aff9dc7c14b9e5fa170ece59a612,train
0d2d1d7dc57adc8c4df6,real:apps\admin_dotnet\Services\PlatformApiClient.cs,C:\Users\ss\Desktop\XAI\XAI\apps\admin_dotnet\Services\PlatformApiClient.cs,real,source_code,2319,11.179287104646004,lt_16KiB,b4a3b4de87c0381e6952dea515d9904f97fdbfbf6cd24f523f961b012ae30e82,test
22d26e4e4d9dadc04faa,real:engines\XAI-Compress\data\test\archive (1)\FaceForensics++_C23\DeepFakeDetection\01_09__talking_angry_couch__P70H1JB0.mp4,C:\Users\ss\Desktop\XAI\XAI\engines\XAI-Compress\data\test\archive (1)\FaceForensics++_C23\DeepFakeDetection\01_09__talking_angry_couch__P70H1JB0.mp4,real,video,11673983,23.476793536650582,gt_10MiB,596f1805f5ac485785fde3514d89be2e477f3ea87f2cd1c93beb7b0dc38fbd88,train
03b1599a0ef5c82a9a8b,real:apps\admin_dotnet\Components\Pages\Jobs.razor,C:\Users\ss\Desktop\XAI\XAI\apps\admin_dotnet\Components\Pages\Jobs.razor,real,binary,978,9.933690654952233,lt_16KiB,e91e7f97f35bbdec27bc24191828d0e1b5f681871ac15ef585c6be5dff904bcf,train
5336c41607083a94a7db,real:engines\XAI-Compress\checkpoints\gru_smoke.metrics.csv,C:\Users\ss\Desktop\XAI\XAI\engines\XAI-Compress\checkpoints\gru_smoke.metrics.csv,real,csv,139,7.118941072723508,lt_16KiB,97970352ccda859ea828e90580f5afc6f111a3125f9ecf59392b286260750eeb,train
8034b3b1bf7885585b5e,real:apps\admin_dotnet\bin\Debug\net8.0\Microsoft.Extensions.Resilience.dll,C:\Users\ss\Desktop\XAI\XAI\apps\admin_dotnet\bin\Debug\net8.0\Microsoft.Extensions.Resilience.dll,real,executable,31776,14.955649907528374,16_64KiB,1c953ffa3caf77a8a0977934c32a9888682282a356887cd40efa80a2571a9bd5,train
0b584553bb673c6cbd0b,real:engines\XAI-Compress\results\hybrid_ai\figures\10_profile_comparison.png,C:\Users\ss\Desktop\XAI\XAI\engines\XAI-Compress\results\hybrid_ai\figures\10_profile_comparison.png,real,image,6233,12.605710997410885,lt_16KiB,9b11b50086d6bf3b604862ba22962478a02b443eb732234d2889b84ad08f7e05,validation
d3bde520fa745484d111,real:apps\admin_dotnet\obj\Debug\net8.0\rjsmcshtml.dswa.cache.json,C:\Users\ss\Desktop\XAI\XAI\apps\admin_dotnet\obj\Debug\net8.0\rjsmcshtml.dswa.cache.json,real,json,1614,10.656424863277781,lt_16KiB,69470693549db47d18ddfac57102451e5bdea2d08140822f2174048564223313,test
3fffc3b09ff55c61f048,real:apps\public_nextjs\README.md,C:\Users\ss\Desktop\XAI\XAI\apps\public_nextjs\README.md,real,markdown,1437,10.488844346457336,lt_16KiB,e4d300b217f143ee1818ac03e15dc8a94c4167db005fb4c278c1e801ed1e6cce,train
074abe3cf988a7ab2542,real:engines\XAI-Compress\.test-tmp\kaggle-workflow\test_neural_transformer_roundt0\tr.pt,C:\Users\ss\Desktop\XAI\XAI\engines\XAI-Compress\.test-tmp\kaggle-workflow\test_neural_transformer_roundt0\tr.pt,real,model,59837,15.8687502253362,16_64KiB,8745facd9f5000d3354c063e2884222c08c7e288f69e3c6762fe0f1b895533b2,train
5e02352b6bdee7dada45,real:apps\admin_dotnet\SETUP_WINDOWS.bat,C:\Users\ss\Desktop\XAI\XAI\apps\admin_dotnet\SETUP_WINDOWS.bat,real,source_code,266,8.055282435501189,lt_16KiB,c608db9a3c59bf92c22648f24396e2d14607cde33b0aa07321a3b9e635dcebfb,train
1f1b94aa7c1ed1c0f290,real:engines\XAI-Compress\data\test\archive (1)\FaceForensics++_C23\DeepFakeDetection\01_11__hugging_happy__4OJNJLOO.mp4,C:\Users\ss\Desktop\XAI\XAI\engines\XAI-Compress\data\test\archive (1)\FaceForensics++_C23\DeepFakeDetection\01_11__hugging_happy__4OJNJLOO.mp4,real,video,8847037,23.076762926084054,1_10MiB,fa22ee6f06e1581650ee733aafe04f0c4b8e0e4746ac6b396dd9ce4ed495bbd3,validation
4cd763e28d4e32a2fc7b,real:apps\admin_dotnet\Components\Pages\Quarantine.razor,C:\Users\ss\Desktop\XAI\XAI\apps\admin_dotnet\Components\Pages\Quarantine.razor,real,binary,888,9.794415866350105,lt_16KiB,938451b227364ba45966bcd8e036c3005c5b4e4557cb21884c9d086a94ad292d,train
2b2bd2634d2a0de605b8,real:engines\XAI-Compress\checkpoints\gru_v2_hq.metrics.csv,C:\Users\ss\Desktop\XAI\XAI\engines\XAI-Compress\checkpoints\gru_v2_hq.metrics.csv,real,csv,203,7.6653359171851765,lt_16KiB,7c94b2787a0a102e3e74c47dfad9de74ca6a0e71f6585f8a992f2a5b8ae3f54d,train
8d553310b8a9de4e27bc,real:apps\admin_dotnet\bin\Debug\net8.0\Microsoft.Extensions.Telemetry.Abstractions.dll,C:\Users\ss\Desktop\XAI\XAI\apps\admin_dotnet\bin\Debug\net8.0\Microsoft.Extensions.Telemetry.Abstractions.dll,real,executable,54840,15.742940950666588,16_64KiB,578fdac17b247fa13ac5ab66095ab4154743cf3bd7aaf6e2acf6fed3e7ffd26a,train
9c647bb6b9fbb814bf84,real:apps\admin_dotnet\obj\Debug\net8.0\rjsmrazor.dswa.cache.json,C:\Users\ss\Desktop\XAI\XAI\apps\admin_dotnet\obj\Debug\net8.0\rjsmrazor.dswa.cache.json,real,json,1614,10.656424863277781,lt_16KiB,601ba243e7f07cc7c27b34b82068af54cd682883ac1193d10f6a1fdf7dac8386,train
d7e63fd6cdce4d832b85,real:apps\web_angular\docs\INTEGRATION.md,C:\Users\ss\Desktop\XAI\XAI\apps\web_angular\docs\INTEGRATION.md,real,markdown,182,7.507794640198696,lt_16KiB,187fe5c5e2738122dfd425950bb68f048a162a0948808f56df9359310c2dfbca,train
fa2f092cb69782112bee,real:engines\XAI-Compress\.test-tmp\post-roundtrip-fix\test_neural_gru_roundtrip0\tiny.pt,C:\Users\ss\Desktop\XAI\XAI\engines\XAI-Compress\.test-tmp\post-roundtrip-fix\test_neural_gru_roundtrip0\tiny.pt,real,model,28010,14.773654362961869,16_64KiB,801481456dacf9b34139fe2fde1105fbf81d225c0c4ea120cb9805d2bbeaf728,train
12f44266c42d251994dd,real:apps\desktop_flutter\.dart_tool\flutter_build\dart_plugin_registrant.dart,C:\Users\ss\Desktop\XAI\XAI\apps\desktop_flutter\.dart_tool\flutter_build\dart_plugin_registrant.dart,real,source_code,8414,13.03857610276879,lt_16KiB,3527da2ef2e3fe8f08d1230aac108dd76471e2da9cd806fe299140de5be57a64,train
386e2085d6c63fc79e66,real:engines\XAI-Compress\data\test\archive (1)\FaceForensics++_C23\DeepFakeDetection\01_11__meeting_serious__9OM3VE0Y.mp4,C:\Users\ss\Desktop\XAI\XAI\engines\XAI-Compress\data\test\archive (1)\FaceForensics++_C23\DeepFakeDetection\01_11__meeting_serious__9OM3VE0Y.mp4,real,video,6582803,22.650270592969118,1_10MiB,ca77aabd48bd9095b0181801ba87ae70ec54ab1e19de394407fee3653d185e18,train
f369af53be43d8ec1ebe,real:apps\admin_dotnet\Components\Pages\SystemHealth.razor,C:\Users\ss\Desktop\XAI\XAI\apps\admin_dotnet\Components\Pages\SystemHealth.razor,real,binary,822,9.682994583681683,lt_16KiB,84ad47de95cd6b543c8c549a97d3f2f86b6c8ee04c94780f52fd1e9fddf76bad,train
a74739aa70cba4f16327,real:engines\XAI-Compress\checkpoints\kaggle\best.metrics.csv,C:\Users\ss\Desktop\XAI\XAI\engines\XAI-Compress\checkpoints\kaggle\best.metrics.csv,real,csv,3017,11.558898981146703,lt_16KiB,20bd36e36821bebb6d692ec0d15bb91af2eaa494b9a847a2471a8c7693132e40,train
1a6b0ff579d6b3cf287b,real:apps\admin_dotnet\bin\Debug\net8.0\Microsoft.Extensions.Telemetry.dll,C:\Users\ss\Desktop\XAI\XAI\apps\admin_dotnet\bin\Debug\net8.0\Microsoft.Extensions.Telemetry.dll,real,executable,113736,16.795329446353758,64KiB_1MiB,968296f6ab491cef74fce80bf9e2d748699b8f24707380df2e6c9ff6c316bedc,train
9926d13ba3426c721138,real:apps\admin_dotnet\obj\Debug\net8.0\rpswa.dswa.cache.json,C:\Users\ss\Desktop\XAI\XAI\apps\admin_dotnet\obj\Debug\net8.0\rpswa.dswa.cache.json,real,json,2744,11.422064766172813,lt_16KiB,37639b9336919bacea3d20f1c977122765b1b9addedb7e5dacb0bfd2bcda1a69,validation
cd260a4c13627b0f1896,real:engines\XAI-Compress\phase_g_run.log,C:\Users\ss\Desktop\XAI\XAI\engines\XAI-Compress\phase_g_run.log,real,logs,2817,11.45994384837493,lt_16KiB,049847514968689f7ed8bd72ba187a997cdc3c23060f634d7ffb9ffc4f3bcbbf,test
aa2a52d9c84e4f35c845,real:apps\web_angular\README.md,C:\Users\ss\Desktop\XAI\XAI\apps\web_angular\README.md,real,markdown,264,8.044394119358454,lt_16KiB,ee7881d3ba81ff22bf018a3a3b083687ceee38dac907a6850105384840da2c5e,train
2a11be2e88f45606bf1b,real:engines\XAI-Compress\.test-tmp\post-roundtrip-fix\test_neural_rans_roundtrip0\tiny.pt,C:\Users\ss\Desktop\XAI\XAI\engines\XAI-Compress\.test-tmp\post-roundtrip-fix\test_neural_rans_roundtrip0\tiny.pt,real,model,28010,14.773654362961869,16_64KiB,295c7eef8edc7d73dc49b2facbb021e1be1a355a78387d08cc1b394dbcf39942,train
ec61b4c6813af12057b2,real:apps\desktop_flutter\lib\core\app_state.dart,C:\Users\ss\Desktop\XAI\XAI\apps\desktop_flutter\lib\core\app_state.dart,real,source_code,2596,11.342074667999139,lt_16KiB,8c7144560992b7f4580059285ef090e72047da34d5a7fd2315a803c972fa394a,train
755d61fee6bc41a7ebb5,real:engines\XAI-Compress\data\test\archive (1)\FaceForensics++_C23\DeepFakeDetection\01_11__meeting_serious__FCNL2OVP.mp4,C:\Users\ss\Desktop\XAI\XAI\engines\XAI-Compress\data\test\archive (1)\FaceForensics++_C23\DeepFakeDetection\01_11__meeting_serious__FCNL2OVP.mp4,real,video,6572942,22.64810782400962,1_10MiB,07417ffa6a78b879025421e3008ba1ea0086502972b5140035824d9ba4e48e0b,validation
d014daf4a7766899d866,real:apps\admin_dotnet\Components\Pages\Users.razor,C:\Users\ss\Desktop\XAI\XAI\apps\admin_dotnet\Components\Pages\Users.razor,real,binary,1112,10.118941072723507,lt_16KiB,ee07462570797a52f737cb658c29c06b264604efedbb138a0f08be523a8d6eee,train
9af7b397df0c5c4a79ac,real:engines\XAI-Compress\checkpoints\neural_lossless_v2\best.metrics.csv,C:\Users\ss\Desktop\XAI\XAI\engines\XAI-Compress\checkpoints\neural_lossless_v2\best.metrics.csv,real,csv,16965,14.05027380959834,16_64KiB,d517f610a3c81e0031c436cad6a23e34799d1050a1dcb44280dd767f4875bc6a,train
8821d5b6f328c08f521a,real:apps\admin_dotnet\bin\Debug\net8.0\Microsoft.IdentityModel.Abstractions.dll,C:\Users\ss\Desktop\XAI\XAI\apps\admin_dotnet\bin\Debug\net8.0\Microsoft.IdentityModel.Abstractions.dll,real,executable,19376,14.24198314969433,16_64KiB,93af2085c7b5f68f33d69c7ac52e869515df91142af1823f04dad2c34d626f3d,validation
378ca8ebe3df3e5cd119,real:engines\XAI-Compress\results\model_search\controller_logs\stdout-20260831-132438.log,C:\Users\ss\Desktop\XAI\XAI\engines\XAI-Compress\results\model_search\controller_logs\stdout-20260831-132438.log,real,logs,40,5.321928094887363,lt_16KiB,a0754530ee73ad6028cc8dbc037b6cf16b837d84925bff860f662636e29c9e92,train
0e36834fc396df48bca8,real:docs\ARCHITECTURE.md,C:\Users\ss\Desktop\XAI\XAI\docs\ARCHITECTURE.md,real,markdown,1302,10.346513733165635,lt_16KiB,03ba14b3405a22ff7cf0d94e4b6417108747d3b2d2d62b2cb7a139a9215761d7,train
c0aa9809fcdcbb0fd676,real:engines\XAI-Compress\.test-tmp\post-roundtrip-fix\test_neural_transformer_roundt0\tr.pt,C:\Users\ss\Desktop\XAI\XAI\engines\XAI-Compress\.test-tmp\post-roundtrip-fix\test_neural_transformer_roundt0\tr.pt,real,model,59837,15.8687502253362,16_64KiB,15018042b7bebdb7e27fb6af3426ace03b2d59a7087c8edbfe295d66a8e7c65a,train
83e871b090051df2276e,real:apps\desktop_flutter\lib\main.dart,C:\Users\ss\Desktop\XAI\XAI\apps\desktop_flutter\lib\main.dart,real,source_code,1485,10.536247215688128,lt_16KiB,8db970f41e76f0a94429f16de1f9431557f05c6d905aa239184f4895d2a79f25,train
ef71fd0300ba3ce2fc49,real:engines\XAI-Compress\data\test\archive (1)\FaceForensics++_C23\DeepFakeDetection\01_11__outside_talking_pan_laughing__WIZ7GKOD.mp4,C:\Users\ss\Desktop\XAI\XAI\engines\XAI-Compress\data\test\archive (1)\FaceForensics++_C23\DeepFakeDetection\01_11__outside_talking_pan_laughing__WIZ7GKOD.mp4,real,video,5053825,22.268944277927538,1_10MiB,3d0276baaa2d6e46b51d548ed23135d639b69e4879773bc565e5122066eeff6d,validation
293a8a96d9aad3bce146,real:apps\admin_dotnet\Components\Routes.razor,C:\Users\ss\Desktop\XAI\XAI\apps\admin_dotnet\Components\Routes.razor,real,binary,650,9.344295907915816,lt_16KiB,62152858bb8ab3df22ad10b8fd36a58571bf66295051cbc7cc923dfa8f96e64d,validation
022eaf06a0fa50211134,real:engines\XAI-Compress\checkpoints\neural_lossy_v1\validation.metrics.csv,C:\Users\ss\Desktop\XAI\XAI\engines\XAI-Compress\checkpoints\neural_lossy_v1\validation.metrics.csv,real,csv,348,8.442943495848729,lt_16KiB,dc9c8e265ad871638602cf4ff6e62276bd07cdce2a432d592315007c385b141e,train
19f914f0c62255e7adae,real:apps\admin_dotnet\bin\Debug\net8.0\Microsoft.IdentityModel.JsonWebTokens.dll,C:\Users\ss\Desktop\XAI\XAI\apps\admin_dotnet\bin\Debug\net8.0\Microsoft.IdentityModel.JsonWebTokens.dll,real,executable,127520,16.960364008877836,64KiB_1MiB,2c04d1978b0e4586a16fb97ca9a86f920193e306e67914daa0373ef1996cf763,train
5b2a797175be2fc16d7c,real:apps\admin_dotnet\obj\Debug\net8.0\staticwebassets.build.json,C:\Users\ss\Desktop\XAI\XAI\apps\admin_dotnet\obj\Debug\net8.0\staticwebassets.build.json,real,json,4157,12.021327032624372,lt_16KiB,1c8e6c8b6ff3ec92e978cd88235af2a4583538d0f632eb3181ef69e8b88eb97f,test
75f7892bb0ad277cdd49,real:engines\XAI-Compress\results\model_search\controller_logs\stdout-20260901-000030.log,C:\Users\ss\Desktop\XAI\XAI\engines\XAI-Compress\results\model_search\controller_logs\stdout-20260901-000030.log,real,logs,44,5.459431618637297,lt_16KiB,3cd340b60c0846cbd8abe3d0fdae06a70d3e6b9a079f4a1782264003d4d0fb49,train
0436fe48f5cecec2732f,real:docs\ROADMAP.md,C:\Users\ss\Desktop\XAI\XAI\docs\ROADMAP.md,real,markdown,977,9.932214751968385,lt_16KiB,5c83f2f5401a163feb2ad0683fb58b30a98694f06e8dd225a5a9d314bacba478,validation
b69861916d320c181192,real:engines\XAI-Compress\.test-tmp\rust-stream-parity\test_neural_gru_roundtrip0\tiny.pt,C:\Users\ss\Desktop\XAI\XAI\engines\XAI-Compress\.test-tmp\rust-stream-parity\test_neural_gru_roundtrip0\tiny.pt,real,model,28010,14.773654362961869,16_64KiB,ef98894b25207b4e0643c4bbd51d67a73e794dd17724a31b34df83e9ec06b5c8,train
3302eb1afa92cfba09db,real:apps\desktop_flutter\lib\models\app_models.dart,C:\Users\ss\Desktop\XAI\XAI\apps\desktop_flutter\lib\models\app_models.dart,real,source_code,1670,10.705632387361415,lt_16KiB,004e1f42db89fe8c1cece5b29efc3c2c268ec9f623731690c6a45e0e9a7c8597,test
d2803cf8fdb115987e93,real:engines\XAI-Compress\data\test\archive (1)\FaceForensics++_C23\DeepFakeDetection\01_11__secret_conversation__4OJNJLOO.mp4,C:\Users\ss\Desktop\XAI\XAI\engines\XAI-Compress\data\test\archive (1)\FaceForensics++_C23\DeepFakeDetection\01_11__secret_conversation__4OJNJLOO.mp4,real,video,4886038,22.220233653190984,1_10MiB,958beca76037165231a30349e28c41ace287b30df1ea3c4c3a0351faf8d205ad,train
182e044392c0ae8be9a0,real:engines\XAI-Compress\results\final\figures\actual_bpb_comparison.svg,C:\Users\ss\Desktop\XAI\XAI\engines\XAI-Compress\results\final\figures\actual_bpb_comparison.svg,real,xml,2725,11.41204051455165,lt_16KiB,cb29aa88484630083591f9d34f933f0d1492ef5eafb317c1b297d327160c0918,train
fded4a63825d00299d65,real:apps\admin_dotnet\Components\StatusBadge.razor,C:\Users\ss\Desktop\XAI\XAI\apps\admin_dotnet\Components\StatusBadge.razor,real,binary,196,7.614709844115208,lt_16KiB,ad6568486bccf627b46a5c89bebb6018e52d3c64f47f8bb4d1a6a87a48d751bb,train
eaf7de020b6ea54a4f20,real:engines\XAI-Compress\checkpoints\phase_i_v1_128_domain.metrics.csv,C:\Users\ss\Desktop\XAI\XAI\engines\XAI-Compress\checkpoints\phase_i_v1_128_domain.metrics.csv,real,csv,1070,10.06339508128851,lt_16KiB,ed441a1ab2f1058583bfcb2d81f81a7aac39b5888ec4a322c1284853e7db4713,train
0cf1de3f56b120d6ff80,real:apps\admin_dotnet\bin\Debug\net8.0\Microsoft.IdentityModel.Logging.dll,C:\Users\ss\Desktop\XAI\XAI\apps\admin_dotnet\bin\Debug\net8.0\Microsoft.IdentityModel.Logging.dll,real,executable,36896,15.171176797651771,16_64KiB,7b87ec9cbd7042fc140165bdd49ed556f8b9b36f0333209e83edb1108eb2ab4c,train
70e92dad3612bbec9264,real:docs\SECURITY.md,C:\Users\ss\Desktop\XAI\XAI\docs\SECURITY.md,real,markdown,978,9.933690654952233,lt_16KiB,c7d1db4bfe0d31b2c2f7452cb56f91ddefe89dc9e3c9052cea951ce5f02add59,train
6d9b9891c3a088ac6614,real:engines\XAI-Compress\.test-tmp\rust-stream-parity\test_neural_rans_roundtrip0\tiny.pt,C:\Users\ss\Desktop\XAI\XAI\engines\XAI-Compress\.test-tmp\rust-stream-parity\test_neural_rans_roundtrip0\tiny.pt,real,model,28010,14.773654362961869,16_64KiB,9f6898a1290aaf925df1cf77f3d129c12699117b95a104f6b09ed9a7534984b5,train
97691ad7e4d435ec51b1,real:apps\desktop_flutter\lib\screens\app_shell.dart,C:\Users\ss\Desktop\XAI\XAI\apps\desktop_flutter\lib\screens\app_shell.dart,real,source_code,1252,10.290018846932618,lt_16KiB,55ffadf4cb800fd5a2e3009839f995a78794f9a570d12f5e85a680d9e6b53e64,train
20a0dc406fb05d2b3a07,real:engines\XAI-Compress\data\test\archive (1)\FaceForensics++_C23\DeepFakeDetection\01_11__talking_against_wall__4OJNJLOO.mp4,C:\Users\ss\Desktop\XAI\XAI\engines\XAI-Compress\data\test\archive (1)\FaceForensics++_C23\DeepFakeDetection\01_11__talking_against_wall__4OJNJLOO.mp4,real,video,3552800,21.760525045741836,1_10MiB,629d40e1522e2aca349e69d5c72de543371a0915491d24eddb9c99582e084952,train
5622cd4d2894fa67c7ef,real:engines\XAI-Compress\results\final\figures\bpb_throughput_pareto.svg,C:\Users\ss\Desktop\XAI\XAI\engines\XAI-Compress\results\final\figures\bpb_throughput_pareto.svg,real,xml,1757,10.778898476008376,lt_16KiB,f1f2492d3681fe887bb61c0679d7e901366635976767927d58b0f36a70caff64,train
16b64b2444f082d8e961,real:apps\admin_dotnet\Dockerfile,C:\Users\ss\Desktop\XAI\XAI\apps\admin_dotnet\Dockerfile,real,binary,368,8.523561956057012,lt_16KiB,699c3bb93ff542abbd24e89e5fcb975e3126accf6ff9abd8dc02b7a99d0e8349,validation
65bf560af5044b80b90a,real:engines\XAI-Compress\checkpoints\phase_i_v1_128_sanity.metrics.csv,C:\Users\ss\Desktop\XAI\XAI\engines\XAI-Compress\checkpoints\phase_i_v1_128_sanity.metrics.csv,real,csv,393,8.618385502258606,lt_16KiB,6f44e5e2e820e65098845478b64d241f39dc7b93722e296c5965060329ac9c2c,train
f0fe3df3e68ae153351f,real:apps\admin_dotnet\bin\Debug\net8.0\Microsoft.IdentityModel.Protocols.dll,C:\Users\ss\Desktop\XAI\XAI\apps\admin_dotnet\bin\Debug\net8.0\Microsoft.IdentityModel.Protocols.dll,real,executable,40376,15.301210371298426,16_64KiB,24cbe9fad98d18d84cf376a2fb3a0d968b0f8bf8bef00be74fa4a8aa991bef1f,train
d27dc1d6d4717d80c545,real:apps\admin_dotnet\obj\project.assets.json,C:\Users\ss\Desktop\XAI\XAI\apps\admin_dotnet\obj\project.assets.json,real,json,87148,16.411179935200575,64KiB_1MiB,55a1d5d8ca7de1337f99fbd657fb61a2cefb5d4be40b2476dbd13b43ff71e374,test
7adfa9a998b33e96b984,real:engines\XAI-Compress\data\hybrid_selector\README.md,C:\Users\ss\Desktop\XAI\XAI\engines\XAI-Compress\data\hybrid_selector\README.md,real,markdown,453,8.823367240046235,lt_16KiB,cf3f0ea143dca8c7f617161a28d9868134d8f5dc8c33dd49e0ec58f4fc5d7bc4,train
66aafaf6bd21124e9720,real:engines\XAI-Compress\.test-tmp\rust-stream-parity\test_neural_transformer_roundt0\tr.pt,C:\Users\ss\Desktop\XAI\XAI\engines\XAI-Compress\.test-tmp\rust-stream-parity\test_neural_transformer_roundt0\tr.pt,real,model,59837,15.8687502253362,16_64KiB,ff233ecc25df8379fad46ef5e0d185232644c6c2f234e15c0b7c3bcc9ba59a8c,train
3bef862c4645b5f073aa,real:apps\desktop_flutter\lib\screens\compress_screen.dart,C:\Users\ss\Desktop\XAI\XAI\apps\desktop_flutter\lib\screens\compress_screen.dart,real,source_code,1966,10.94104760634058,lt_16KiB,028916f82c5a400e073066cac3a9a3b58e00befafa6dcc3293891815abe11093,train
f87f2f1d38f375a293de,real:engines\XAI-Compress\data\test\archive (1)\FaceForensics++_C23\DeepFakeDetection\01_11__talking_against_wall__9229VVZ3.mp4,C:\Users\ss\Desktop\XAI\XAI\engines\XAI-Compress\data\test\archive (1)\FaceForensics++_C23\DeepFakeDetection\01_11__talking_against_wall__9229VVZ3.mp4,real,video,3508550,21.742443491586904,1_10MiB,9e529097865b25cab149c4c93795d1308dbe2d3b0d0cf3beef3052f6901ec7d3,train
f98ea49333a967289174,real:engines\XAI-Compress\results\final\figures\compression_ratio_comparison.svg,C:\Users\ss\Desktop\XAI\XAI\engines\XAI-Compress\results\final\figures\compression_ratio_comparison.svg,real,xml,2733,11.416269744523207,lt_16KiB,f6697330854ba1ffc7d586fce7a38e0523d20dbcbcc47049527d2378d7bf12f1,train
6d16877bc95ccf794c68,real:apps\admin_dotnet\obj\AdminDotNet.csproj.nuget.g.props,C:\Users\ss\Desktop\XAI\XAI\apps\admin_dotnet\obj\AdminDotNet.csproj.nuget.g.props,real,binary,1554,10.60177078840771,lt_16KiB,b8a07be13b6319f08145f704c9738aa6b418b3665fba68aa431567224ebbf49f,validation
6c322c98f04221d7d754,real:engines\XAI-Compress\checkpoints\phase_j_v1_128.metrics.csv,C:\Users\ss\Desktop\XAI\XAI\engines\XAI-Compress\checkpoints\phase_j_v1_128.metrics.csv,real,csv,2068,11.014020470314934,lt_16KiB,db6ea405057ed8b597ca6c31af8c221317ba51ebf974ba60f79e5bae2ac1c574,train
0e8b25cc815e7a9d1090,real:apps\admin_dotnet\bin\Debug\net8.0\Microsoft.IdentityModel.Protocols.OpenIdConnect.dll,C:\Users\ss\Desktop\XAI\XAI\apps\admin_dotnet\bin\Debug\net8.0\Microsoft.IdentityModel.Protocols.OpenIdConnect.dll,real,executable,120240,16.875557388803728,64KiB_1MiB,3aa495e1ab1866aa65b8fb1f9786f887ce32b5f629fd7639940944ee73dd5142,validation
a04eb1c522e75818c229,real:apps\admin_dotnet\Properties\launchSettings.json,C:\Users\ss\Desktop\XAI\XAI\apps\admin_dotnet\Properties\launchSettings.json,real,json,375,8.550746785383243,lt_16KiB,7cf5677b4084f7726f6323c1b151639b3048a4ad3134237138a800586215c444,train
b6ecabc3712843a3e212,real:engines\XAI-Compress\results\model_search\imports\auto\lr-0-0002-f316e33308\v1\xai-compress-auto-lr-0-0002-f316e33308.log,C:\Users\ss\Desktop\XAI\XAI\engines\XAI-Compress\results\model_search\imports\auto\lr-0-0002-f316e33308\v1\xai-compress-auto-lr-0-0002-f316e33308.log,real,logs,3319,11.6965329140783,lt_16KiB,53007d33c82169556994c6c223c9474aa3113cdb2a37ff0ad074674cab824603,train
6a6d93f69d982d17e3ef,real:engines\XAI-Compress\data\README.md,C:\Users\ss\Desktop\XAI\XAI\engines\XAI-Compress\data\README.md,real,markdown,239,7.900866807980749,lt_16KiB,db33b934817b142de5e63515b56520711e7b6bf5924571d52bda6996e6973fbc,train
33871ff9658d3db6be3a,real:engines\XAI-Compress\.test-tmp\test_neural_gru_roundtrip0\tiny.pt,C:\Users\ss\Desktop\XAI\XAI\engines\XAI-Compress\.test-tmp\test_neural_gru_roundtrip0\tiny.pt,real,model,28010,14.773654362961869,16_64KiB,b503683cf89d102b3c521372b4acb02277de56f35d8e427362746eedf6ff604d,train
b00664fd5d62a3e1e6b1,real:apps\desktop_flutter\lib\screens\decompress_screen.dart,C:\Users\ss\Desktop\XAI\XAI\apps\desktop_flutter\lib\screens\decompress_screen.dart,real,source_code,1626,10.667111542075027,lt_16KiB,003a019536a02a5a709224c958d7d0e286a868924636a69a6d58f7e41fba346c,train
7fb59a603cc325bd93c4,real:engines\XAI-Compress\data\test\archive (1)\FaceForensics++_C23\DeepFakeDetection\01_11__talking_against_wall__UQ0BOBNO.mp4,C:\Users\ss\Desktop\XAI\XAI\engines\XAI-Compress\data\test\archive (1)\FaceForensics++_C23\DeepFakeDetection\01_11__talking_against_wall__UQ0BOBNO.mp4,real,video,3473674,21.72803093458375,1_10MiB,84d389e26868b21b9dd88d6b1dda8bb889a177f7432281d4e83ff7a8180d7218,validation
e98fc49a2ff584390f6d,real:engines\XAI-Compress\results\final\figures\compression_throughput.svg,C:\Users\ss\Desktop\XAI\XAI\engines\XAI-Compress\results\final\figures\compression_throughput.svg,real,xml,2724,11.411510988012072,lt_16KiB,29ffc38f86ae352f453dab9ff2660348c2264c5e2dba42605bbe4b79f6e11b10,validation
eb3137425f442f1e8b9e,real:apps\admin_dotnet\obj\AdminDotNet.csproj.nuget.g.targets,C:\Users\ss\Desktop\XAI\XAI\apps\admin_dotnet\obj\AdminDotNet.csproj.nuget.g.targets,real,binary,1537,10.585901449690772,lt_16KiB,44b83b37e24f948c187f9bcf8dec6a8e3fb30136ed8a5b81cc56a9e54bfd80a4,train
5a327ca323d4ec5c93d3,real:engines\XAI-Compress\checkpoints\phase_j_v1_256.metrics.csv,C:\Users\ss\Desktop\XAI\XAI\engines\XAI-Compress\checkpoints\phase_j_v1_256.metrics.csv,real,csv,2066,11.01262453886506,lt_16KiB,8b23e9cd66e6325a9596b5e0b36f4f93f95c7c529489901b30319f0eaa34f019,train
0c3867d106056f926e38,real:apps\admin_dotnet\bin\Debug\net8.0\Microsoft.IdentityModel.Tokens.dll,C:\Users\ss\Desktop\XAI\XAI\apps\admin_dotnet\bin\Debug\net8.0\Microsoft.IdentityModel.Tokens.dll,real,executable,285728,18.1242828949666,64KiB_1MiB,479dbbe8b91eb993bfb63e3a37bb7c8f11a6e0189823871123b89fb3d4f9b54f,validation
2ffff4aab3653131b3ec,real:apps\desktop_flutter\.dart_tool\extension_discovery\vs_code.json,C:\Users\ss\Desktop\XAI\XAI\apps\desktop_flutter\.dart_tool\extension_discovery\vs_code.json,real,json,96,6.584962500721156,lt_16KiB,fb23b6516ea1ec00c26ff5d508f3cbf6b5259e12ae4f7c753df1a3dea767abcc,train
05320ebecf86df653a40,real:engines\XAI-Compress\results\model_search\imports\auto\residual-scale-depth-3c28504154\v1\xai-compress-auto-residual-scale-depth-3c28504154.log,C:\Users\ss\Desktop\XAI\XAI\engines\XAI-Compress\results\model_search\imports\auto\residual-scale-depth-3c28504154\v1\xai-compress-auto-residual-scale-depth-3c28504154.log,real,logs,50343,15.619503570545008,16_64KiB,eeb3af606ff7ad60a3564be9516e12939a25e8a38f7211f289d06f2998af532e,train
0836f11ee1af41e93738,real:engines\XAI-Compress\README.md,C:\Users\ss\Desktop\XAI\XAI\engines\XAI-Compress\README.md,real,markdown,4053,11.984774460046841,lt_16KiB,5a2a61c738f6ebf15e547ba680d8ac3235154f58fc33ff8351badf8662349ae3,train
9ee4dbd61e3bad2a3cc1,real:engines\XAI-Compress\.test-tmp\test_neural_rans_roundtrip0\tiny.pt,C:\Users\ss\Desktop\XAI\XAI\engines\XAI-Compress\.test-tmp\test_neural_rans_roundtrip0\tiny.pt,real,model,28010,14.773654362961869,16_64KiB,e2fa195d301adb41520643992fd3d37548f1c25270dddc8ee036ec3bd282533e,train
11ad420c87dc56131f6a,real:apps\desktop_flutter\lib\screens\history_screen.dart,C:\Users\ss\Desktop\XAI\XAI\apps\desktop_flutter\lib\screens\history_screen.dart,real,source_code,1138,10.152284842306582,lt_16KiB,8532a383221b8021738d395a397290f5a436f379b331d666faf70be7c4084c42,train
9d10fc53653b38baafaf,real:engines\XAI-Compress\data\test\archive (1)\FaceForensics++_C23\DeepFakeDetection\01_11__walking_outside_cafe_disgusted__FAFWDR4W.mp4,C:\Users\ss\Desktop\XAI\XAI\engines\XAI-Compress\data\test\archive (1)\FaceForensics++_C23\DeepFakeDetection\01_11__walking_outside_cafe_disgusted__FAFWDR4W.mp4,real,video,2228323,21.08752693877206,1_10MiB,43633b0fc9e7a5ab9f4ab30ef6323dfcc443a236b4486e21fe843bb431e351fd,train
6028a14ed9d66a5cd4e5,real:engines\XAI-Compress\results\final\figures\decompression_throughput.svg,C:\Users\ss\Desktop\XAI\XAI\engines\XAI-Compress\results\final\figures\decompression_throughput.svg,real,xml,2726,11.41256984680521,lt_16KiB,140a000aeabfe1f5450068e02cce34aef1a04929e72048163bd368b34c72bdf9,train
324866fdc950a7df39b8,real:apps\admin_dotnet\obj\Debug\net8.0\AdminDotNet.AssemblyInfoInputs.cache,C:\Users\ss\Desktop\XAI\XAI\apps\admin_dotnet\obj\Debug\net8.0\AdminDotNet.AssemblyInfoInputs.cache,real,binary,66,6.044394119358453,lt_16KiB,8dd22da2d3f7563682571f75dcdf3fe2a134fed573aed50fbc7d3bbe028d2ac3,validation
dd742b1692d3dec6718c,real:engines\XAI-Compress\data\domain_focused\archive (1)\FaceForensics++_C23\csv\DeepFakeDetection.csv,C:\Users\ss\Desktop\XAI\XAI\engines\XAI-Compress\data\domain_focused\archive (1)\FaceForensics++_C23\csv\DeepFakeDetection.csv,real,csv,95114,16.53737008913192,64KiB_1MiB,327a8624a0ffba6d5fa3e0031380546618ddb2e68ccc74029e4180f48ccf14aa,validation
a725b79e4cca44345c70,real:apps\admin_dotnet\bin\Debug\net8.0\Microsoft.IO.RecyclableMemoryStream.dll,C:\Users\ss\Desktop\XAI\XAI\apps\admin_dotnet\bin\Debug\net8.0\Microsoft.IO.RecyclableMemoryStream.dll,real,executable,65568,16.000704269011248,64KiB_1MiB,af24fa342b7f9f08627eb1b2f9410f2f64970b1e135c5fe4837878f8ab3ecb68,train
4a0cf3dd27acbb49f33e,real:apps\desktop_flutter\.dart_tool\package_config.json,C:\Users\ss\Desktop\XAI\XAI\apps\desktop_flutter\.dart_tool\package_config.json,real,json,20279,14.307698891328007,16_64KiB,06ed7b7b819febb5de0846ee169fd98fe546836a8ff04a042694f4c48fa9a4b0,train
34a7e2776e08c7473a31,real:engines\XAI-Compress\results\model_search\imports\candidate_a_retry_20260831\watch.log,C:\Users\ss\Desktop\XAI\XAI\engines\XAI-Compress\results\model_search\imports\candidate_a_retry_20260831\watch.log,real,logs,5022,12.2940463132715,lt_16KiB,8cbfe49900c8b1f49524e7ac660505ca74ec694b76a89af60b64e03d2e0a23eb,train
2bb9b1a51577d215e415,real:engines\XAI-Compress\reports\benchmark_report.md,C:\Users\ss\Desktop\XAI\XAI\engines\XAI-Compress\reports\benchmark_report.md,real,markdown,1531,10.580258567499788,lt_16KiB,9d6ad6d2875bc2d24774b01cf88696d150748cf3748e27bc33ce7604885464ea,train
d26718c57ed4175d4b62,real:engines\XAI-Compress\.test-tmp\test_neural_transformer_roundt0\tr.pt,C:\Users\ss\Desktop\XAI\XAI\engines\XAI-Compress\.test-tmp\test_neural_transformer_roundt0\tr.pt,real,model,59837,15.8687502253362,16_64KiB,a775f8674e0386a79c0a3099244586079aa0fa18e67a1a554ce656553999ab1b,train
6515aab6b83274e6c0aa,real:apps\desktop_flutter\lib\screens\receive_screen.dart,C:\Users\ss\Desktop\XAI\XAI\apps\desktop_flutter\lib\screens\receive_screen.dart,real,source_code,1929,10.913637428049103,lt_16KiB,10b5ee352a08934295df162f73fe484b9e18f4a03e02912d65d4160640647b37,train
8e0163f8d08517f2bfbd,real:engines\XAI-Compress\data\test\archive (1)\FaceForensics++_C23\DeepFakeDetection\01_12__outside_talking_pan_laughing__TNI7KUZ6.mp4,C:\Users\ss\Desktop\XAI\XAI\engines\XAI-Compress\data\test\archive (1)\FaceForensics++_C23\DeepFakeDetection\01_12__outside_talking_pan_laughing__TNI7KUZ6.mp4,real,video,3066330,21.54808153825305,1_10MiB,88b8db1465ace10c9863a4e0d75507036f412b3d3d749742b35ecccbaf597cad,test
14628b9e02e50e1fb98c,real:engines\XAI-Compress\results\final\figures\transformer_activation_trajectory.svg,C:\Users\ss\Desktop\XAI\XAI\engines\XAI-Compress\results\final\figures\transformer_activation_trajectory.svg,real,xml,1746,10.76983784362944,lt_16KiB,b47bc0f9a6c43d2ca0bca8cf7c082abcd7a980c767b0b133333ffaada87b5f6f,train
2e045845e47e95509422,real:apps\admin_dotnet\obj\Debug\net8.0\AdminDotNet.assets.cache,C:\Users\ss\Desktop\XAI\XAI\apps\admin_dotnet\obj\Debug\net8.0\AdminDotNet.assets.cache,real,binary,27834,14.764560631570992,16_64KiB,a9da2150a1f0b82fb803d5b00e24077f304de0c9058c994c8cce340d51072544,validation
9db0ad4bb1a1efefff0e,real:engines\XAI-Compress\data\domain_focused\archive (1)\FaceForensics++_C23\csv\Deepfakes.csv,C:\Users\ss\Desktop\XAI\XAI\engines\XAI-Compress\data\domain_focused\archive (1)\FaceForensics++_C23\csv\Deepfakes.csv,real,csv,53470,15.706442056285981,16_64KiB,d64ad223d029ee46dc780f70db96bfc0b60ab41ea1d884cabc9bb6ac00146eb4,train
6c72098b2d0db7f89801,real:apps\admin_dotnet\bin\Debug\net8.0\Polly.Core.dll,C:\Users\ss\Desktop\XAI\XAI\apps\admin_dotnet\bin\Debug\net8.0\Polly.Core.dll,real,executable,242976,17.89045429283184,64KiB_1MiB,75c811a4b83826eacb161f452d522fa04d19f256e43a4c548e8ef24afe94d4e9,train
249a6726407166c99327,real:apps\desktop_flutter\.dart_tool\package_graph.json,C:\Users\ss\Desktop\XAI\XAI\apps\desktop_flutter\.dart_tool\package_graph.json,real,json,17030,14.055790814565905,16_64KiB,bf8ed3b11ffb10a18f45a9a6f2692e6da78c3bb19cb7238846ef7f0c4bfa302e,train
316bca2d06072bb82678,real:engines\XAI-Compress\results\model_search\imports\candidate_a_retry_20260831\xai-compress-candidate-a-lr-0-0003-clean-retry.log,C:\Users\ss\Desktop\XAI\XAI\engines\XAI-Compress\results\model_search\imports\candidate_a_retry_20260831\xai-compress-candidate-a-lr-0-0003-clean-retry.log,real,logs,41828,15.352181396917892,16_64KiB,979b784cb833cf65ec18c2ae8840a4c70280ffdab576222cb842ac7cba128bd4,train
81a445cc02e5ab1cabd2,real:engines\XAI-Compress\reports\experiment_report.md,C:\Users\ss\Desktop\XAI\XAI\engines\XAI-Compress\reports\experiment_report.md,real,markdown,448,8.807354922057604,lt_16KiB,20f398f646b5787c9f2fc81d3d3d4a5e60f41a1a3da1763185b0a9731b9e693d,test
4cd931f1b78c4370623d,real:engines\XAI-Compress\checkpoints\gru_hq_v1.pt,C:\Users\ss\Desktop\XAI\XAI\engines\XAI-Compress\checkpoints\gru_hq_v1.pt,real,model,9492611,23.178373533140967,1_10MiB,b4132c3467b7bc6c3be80aa1657d52c193ca90443a717dcfb19efb5baeb757ba,train
b4fdbe65f1a0e9cf88e7,real:apps\desktop_flutter\lib\screens\settings_screen.dart,C:\Users\ss\Desktop\XAI\XAI\apps\desktop_flutter\lib\screens\settings_screen.dart,real,source_code,2332,11.187352073200497,lt_16KiB,bf578f72d76c5f722875513ea22d2a05bdf7bd36e2b24045df43c45efba29d00,train
09276f7e651e3daee010,real:engines\XAI-Compress\data\test\archive (1)\FaceForensics++_C23\DeepFakeDetection\01_12__outside_talking_still_laughing__TNI7KUZ6.mp4,C:\Users\ss\Desktop\XAI\XAI\engines\XAI-Compress\data\test\archive (1)\FaceForensics++_C23\DeepFakeDetection\01_12__outside_talking_still_laughing__TNI7KUZ6.mp4,real,video,3091788,21.560009968200664,1_10MiB,1afa763a47a984cb1ed4483f2bacfb72d711a7a3b6f520783f1dc85ffdb2508a,train
28bb8a2951b0e3f13581,real:engines\XAI-Compress\results\final\figures\transformer_training_bpb.svg,C:\Users\ss\Desktop\XAI\XAI\engines\XAI-Compress\results\final\figures\transformer_training_bpb.svg,real,xml,1762,10.782998208920414,lt_16KiB,541c285c60e4cf737870844127a91f47f6ae0eeca37c6729a286c5b71f84bc1e,train
10050c9a47258f401eba,real:apps\admin_dotnet\obj\Debug\net8.0\AdminDotNet.csproj.AssemblyReference.cache,C:\Users\ss\Desktop\XAI\XAI\apps\admin_dotnet\obj\Debug\net8.0\AdminDotNet.csproj.AssemblyReference.cache,real,binary,10877,13.40899307934218,lt_16KiB,6c395413425df33963f00dec46b6df686b774892a5f6faab8bdfa504a9dfa354,train
acc8fb26b7d76972e054,real:engines\XAI-Compress\data\domain_focused\archive (1)\FaceForensics++_C23\csv\Face2Face.csv,C:\Users\ss\Desktop\XAI\XAI\engines\XAI-Compress\data\domain_focused\archive (1)\FaceForensics++_C23\csv\Face2Face.csv,real,csv,53467,15.706361109838562,16_64KiB,6499d547a5f4b90052147e1f644ab0f2ed77dccaef7b1d2832d34056dc425f09,train
a4889316d6db31783ffe,real:apps\admin_dotnet\bin\Debug\net8.0\Polly.Extensions.dll,C:\Users\ss\Desktop\XAI\XAI\apps\admin_dotnet\bin\Debug\net8.0\Polly.Extensions.dll,real,executable,57120,15.801708358916462,16_64KiB,db9714ad3ee28b1fe0839d6e82d541bec960a9a0af2f66759200cb57135f3f6b,train
9f64f1e02576dcc0f73b,real:apps\mobile_authenticator_flutter\.dart_tool\extension_discovery\vs_code.json,C:\Users\ss\Desktop\XAI\XAI\apps\mobile_authenticator_flutter\.dart_tool\extension_discovery\vs_code.json,real,json,102,6.672425341971495,lt_16KiB,322c987a202a51e4b7a3b26270ba4986ee39917c0902e758614bfc0778c8b560,validation
1dfa898e4b00116e4cab,real:engines\XAI-Compress\results\model_search\imports\candidate_b_20260830-183205\watch.log,C:\Users\ss\Desktop\XAI\XAI\engines\XAI-Compress\results\model_search\imports\candidate_b_20260830-183205\watch.log,real,logs,44806,15.451404316980605,16_64KiB,73d25606af40894a02d803dd1d00b7bdd83f57b2cef22bba822b649b5a9914b8,test
6ceafbb588c10c4c68dd,real:engines\XAI-Compress\reports\final_report.md,C:\Users\ss\Desktop\XAI\XAI\engines\XAI-Compress\reports\final_report.md,real,markdown,4631,12.177108041703693,lt_16KiB,fe74dd5a4e85a0766fb2ca54aadaf34baceadcc228f68a78bf752a5c8701e671,train
46873d3cf1d109fce5fb,real:engines\XAI-Compress\checkpoints\gru_smoke.pt,C:\Users\ss\Desktop\XAI\XAI\engines\XAI-Compress\checkpoints\gru_smoke.pt,real,model,1497171,20.513807578137296,1_10MiB,dd3923d08d580c8fc805fe3212309d5f62fee16126165fcca95949dd9624f692,test
c270ebbd9f7d5c9ecb8f,real:apps\desktop_flutter\lib\services\api_service.dart,C:\Users\ss\Desktop\XAI\XAI\apps\desktop_flutter\lib\services\api_service.dart,real,source_code,983,9.94104760634058,lt_16KiB,747c3722ae81609a8638bbe7df69c0029c29ee69afdcdb199850b285a8480bc9,validation
33e0d3c3c2a5a53d52ed,real:engines\XAI-Compress\data\test\archive (1)\FaceForensics++_C23\DeepFakeDetection\01_15__exit_phone_room__02HILKYO.mp4,C:\Users\ss\Desktop\XAI\XAI\engines\XAI-Compress\data\test\archive (1)\FaceForensics++_C23\DeepFakeDetection\01_15__exit_phone_room__02HILKYO.mp4,real,video,1126449,20.103350566330565,1_10MiB,8bc6720c1343799a37f1753782f0ae87523c0ac22453cf8af222c849c3bcba9f,validation
ce5607feaa0f910ab650,real:engines\XAI-Compress\results\final\figures\xai_architecture.svg,C:\Users\ss\Desktop\XAI\XAI\engines\XAI-Compress\results\final\figures\xai_architecture.svg,real,xml,2459,11.263856019596082,lt_16KiB,00468d7585e010e9c8e81647760f31806b2edf1f2fbe4ea80a7eadc235fe50ab,train
e674537b4d588d19b9af,real:apps\admin_dotnet\obj\Debug\net8.0\AdminDotNet.csproj.CoreCompileInputs.cache,C:\Users\ss\Desktop\XAI\XAI\apps\admin_dotnet\obj\Debug\net8.0\AdminDotNet.csproj.CoreCompileInputs.cache,real,binary,66,6.044394119358453,lt_16KiB,1ccb0b8e9b4a1042b402281f5b749fedc77ad10423cf4a03e871d459d80aaa73,train
16a980a0d416c9105d7a,real:engines\XAI-Compress\data\domain_focused\archive (1)\FaceForensics++_C23\csv\FaceShifter.csv,C:\Users\ss\Desktop\XAI\XAI\engines\XAI-Compress\data\domain_focused\archive (1)\FaceForensics++_C23\csv\FaceShifter.csv,real,csv,55455,15.759029923795762,16_64KiB,4b3d2fe0a72ef335da55058847359ba5e9fe2be0634f2370b331ffe0dd0e8c27,test
e9523e7a6499201ac82d,real:apps\admin_dotnet\bin\Debug\net8.0\Polly.RateLimiting.dll,C:\Users\ss\Desktop\XAI\XAI\apps\admin_dotnet\bin\Debug\net8.0\Polly.RateLimiting.dll,real,executable,29088,14.828136484194108,16_64KiB,f84520b000b2ba0b5daadad9b889d7b6dc16078c8278e06ea1d62e1d92936bfb,validation
b992ff51512738af0fab,real:apps\mobile_authenticator_flutter\.dart_tool\package_config.json,C:\Users\ss\Desktop\XAI\XAI\apps\mobile_authenticator_flutter\.dart_tool\package_config.json,real,json,17497,14.094819961255979,16_64KiB,3d41ee280917bb02343f76f5447b29fd7efd6f7bd3d0811ad7556e11fab65553,train
c15cbd7d550beeb8685d,real:engines\XAI-Compress\results\model_search\imports\candidate_b_20260830-183205\xai-compress-model-search-lr-0-0002.log,C:\Users\ss\Desktop\XAI\XAI\engines\XAI-Compress\results\model_search\imports\candidate_b_20260830-183205\xai-compress-model-search-lr-0-0002.log,real,logs,9305,13.183790434946514,lt_16KiB,16bc81cf1d419e60f70d76e8843ee5c4293d08cb28872b4ff23a1613ac707ab4,train
66f2ca421e6aea1cb6e4,real:engines\XAI-Compress\reports\mathematical_foundations.md,C:\Users\ss\Desktop\XAI\XAI\engines\XAI-Compress\reports\mathematical_foundations.md,real,markdown,5546,12.437231901039478,lt_16KiB,6f7dd121bc5ac91bd5c3c7f684df35b7a1d1a73ea64c9288acbce2567da7c16a,train
492dc9b43274849779fd,real:engines\XAI-Compress\checkpoints\gru_v2_hq.pt,C:\Users\ss\Desktop\XAI\XAI\engines\XAI-Compress\checkpoints\gru_v2_hq.pt,real,model,9492803,23.1784027131681,1_10MiB,00bc7de5c1377932a6f07ca4de4b94fb8f0e4c344a2d5d6f4da1d2de0dcc4580,train
cb6bcbfadce062566e9a,real:apps\desktop_flutter\lib\services\history_service.dart,C:\Users\ss\Desktop\XAI\XAI\apps\desktop_flutter\lib\services\history_service.dart,real,source_code,684,9.417852514885897,lt_16KiB,3e44d926a444edf3a7f5683c8d36cf9dd971c0df6757b20c2a056d81b72c0981,train
58bbcd6db8a8dd7435b3,real:engines\XAI-Compress\data\test\archive (1)\FaceForensics++_C23\DeepFakeDetection\01_15__kitchen_still__02HILKYO.mp4,C:\Users\ss\Desktop\XAI\XAI\engines\XAI-Compress\data\test\archive (1)\FaceForensics++_C23\DeepFakeDetection\01_15__kitchen_still__02HILKYO.mp4,real,video,4283458,22.03034451202186,1_10MiB,cfa278865c5b26537e74d21255e0d6d503a14d9866bfb6b211830b9f016e825f,train
4427a755e6e75af380bf,real:engines\XAI-Compress\results\final_project\figures\lossless_actual_bpb.svg,C:\Users\ss\Desktop\XAI\XAI\engines\XAI-Compress\results\final_project\figures\lossless_actual_bpb.svg,real,xml,5430,12.406736482691723,lt_16KiB,d86f8f5c9873e4b64abe3e42af15e1b537e4287c9584b759e288a289bf7fc043,train
7f70276b6f9397ea8763,real:apps\admin_dotnet\obj\Debug\net8.0\AdminDotNet.GeneratedMSBuildEditorConfig.editorconfig,C:\Users\ss\Desktop\XAI\XAI\apps\admin_dotnet\obj\Debug\net8.0\AdminDotNet.GeneratedMSBuildEditorConfig.editorconfig,real,binary,4324,12.07815080773465,lt_16KiB,cef5d06f54645a0ae9ecf3f5aaea2b039978184c10fc22d7f9de43e63a68e4ce,train
121fe3a2710ded37e240,real:engines\XAI-Compress\data\domain_focused\archive (1)\FaceForensics++_C23\csv\FaceSwap.csv,C:\Users\ss\Desktop\XAI\XAI\engines\XAI-Compress\data\domain_focused\archive (1)\FaceForensics++_C23\csv\FaceSwap.csv,real,csv,52445,15.67851761528712,16_64KiB,4359d16fe739457a876c662c4c61e190f88ffd1652f80c17c2e694d3063eafa4,train
b705939c26ddfada9235,real:apps\admin_dotnet\bin\Debug\net8.0\System.IdentityModel.Tokens.Jwt.dll,C:\Users\ss\Desktop\XAI\XAI\apps\admin_dotnet\bin\Debug\net8.0\System.IdentityModel.Tokens.Jwt.dll,real,executable,82352,16.329516067206534,64KiB_1MiB,d54f0e2c28c4122d062e7255830bc3ac4445944cea7166b8f88587134dd585f9,train
1e75c04c3b98e38702be,real:apps\mobile_authenticator_flutter\.dart_tool\package_graph.json,C:\Users\ss\Desktop\XAI\XAI\apps\mobile_authenticator_flutter\.dart_tool\package_graph.json,real,json,14473,13.821076377889264,lt_16KiB,a2a1880769b439fb4dc5532ce701b7a309ce584dd6328b16f9aaba5cc2a04ad2,train
eee92305265fd86e37a3,real:engines\XAI-Compress\reports\methodology.md,C:\Users\ss\Desktop\XAI\XAI\engines\XAI-Compress\reports\methodology.md,real,markdown,2080,11.022367813028454,lt_16KiB,a3deae34ecf6f8b33b351197ad550a17e1d094c5c600147d2bf3dd4898d9fa08,train
ce423a54b44f1639d344,real:engines\XAI-Compress\checkpoints\kaggle\best.latest.pt,C:\Users\ss\Desktop\XAI\XAI\engines\XAI-Compress\checkpoints\kaggle\best.latest.pt,real,model,20423156,24.28370248800468,gt_10MiB,a761ba259c3dd43ec90c34dd3df9b2931029d967f621e9ed2e090880b709df17,validation
78ad99e97306ac938d4a,real:apps\desktop_flutter\lib\services\local_engine_service.dart,C:\Users\ss\Desktop\XAI\XAI\apps\desktop_flutter\lib\services\local_engine_service.dart,real,source_code,2149,11.069449767427784,lt_16KiB,de722e8cf6faa0874039ab3fe49059d49a45a477950a401b94a3aff14dae1f30,train
dd48cdc4ac97a3de426f,real:engines\XAI-Compress\data\test\archive (1)\FaceForensics++_C23\DeepFakeDetection\01_15__meeting_serious__02HILKYO.mp4,C:\Users\ss\Desktop\XAI\XAI\engines\XAI-Compress\data\test\archive (1)\FaceForensics++_C23\DeepFakeDetection\01_15__meeting_serious__02HILKYO.mp4,real,video,6584368,22.650613539491133,1_10MiB,0789340d29de6af074b8ef41939e0646394ad96f003e99ecf94321dfd070d6a0,train
0fd3adac3514180cf9b6,real:engines\XAI-Compress\results\final_project\figures\lossy_rate_distortion.svg,C:\Users\ss\Desktop\XAI\XAI\engines\XAI-Compress\results\final_project\figures\lossy_rate_distortion.svg,real,xml,707,9.4655664048094,lt_16KiB,ebbd6312c23f3a5bbe696ac378411c0b7743332c8165468486b393b90091b52a,train
9233e7eff24ade179258,real:apps\admin_dotnet\obj\Debug\net8.0\AdminDotNet.genruntimeconfig.cache,C:\Users\ss\Desktop\XAI\XAI\apps\admin_dotnet\obj\Debug\net8.0\AdminDotNet.genruntimeconfig.cache,real,binary,66,6.044394119358453,lt_16KiB,b1c3ecfc77b0b328ef9e67db138d12d0f5f8673881f6a9c4133ecbfb034afc85,validation
da2e221ce7269295714d,real:engines\XAI-Compress\data\domain_focused\archive (1)\FaceForensics++_C23\csv\FF++_Metadata.csv,C:\Users\ss\Desktop\XAI\XAI\engines\XAI-Compress\data\domain_focused\archive (1)\FaceForensics++_C23\csv\FF++_Metadata.csv,real,csv,423139,18.690772137000813,64KiB_1MiB,c4592941d9830c5b1427f887a01353bfbeff6567aa6b14b62d29baf9341fee79,train
31cfc4158bb47e02efd9,real:apps\public_nextjs\.next\app-build-manifest.json,C:\Users\ss\Desktop\XAI\XAI\apps\public_nextjs\.next\app-build-manifest.json,real,json,453,8.823367240046235,lt_16KiB,8aa0d8eb7fa4b2de8462db9aaa562e03ec9b375edbe258fe473e1318ee7f15b5,validation
44fcc7416624bab0aaa0,real:engines\XAI-Compress\checkpoints\kaggle\best.pt,C:\Users\ss\Desktop\XAI\XAI\engines\XAI-Compress\checkpoints\kaggle\best.pt,real,model,20423284,24.28371152991703,gt_10MiB,083cda706612c3fd9ce62699741932b07e83fdf98eb6c5430d51bd29e1820429,train
5a684cc0b8ab5a841230,real:apps\desktop_flutter\lib\services\settings_service.dart,C:\Users\ss\Desktop\XAI\XAI\apps\desktop_flutter\lib\services\settings_service.dart,real,source_code,1089,10.088788238716907,lt_16KiB,7b7f04e12b71b046324b07dd25da6f5e07b5eea7df480372c1bea4a1188e46b0,train
f34934e8101b36854b29,real:engines\XAI-Compress\data\test\archive (1)\FaceForensics++_C23\DeepFakeDetection\01_15__outside_talking_pan_laughing__02HILKYO.mp4,C:\Users\ss\Desktop\XAI\XAI\engines\XAI-Compress\data\test\archive (1)\FaceForensics++_C23\DeepFakeDetection\01_15__outside_talking_pan_laughing__02HILKYO.mp4,real,video,5049510,22.267711966125557,1_10MiB,22f6641589bce13ccf552849df03c432363b96f3387e9e450efe713996ccee5b,test
6ae3ac0b6a08de48055b,real:engines\XAI-Compress\data\domain_focused\archive (1)\FaceForensics++_C23\csv\FF++_Metadata_Shuffled.csv,C:\Users\ss\Desktop\XAI\XAI\engines\XAI-Compress\data\domain_focused\archive (1)\FaceForensics++_C23\csv\FF++_Metadata_Shuffled.csv,real,csv,423139,18.690772137000813,64KiB_1MiB,ccc9f9aaa2b62ce597dc427765ea58a39f6f8505db2f7c84671775884f7e5145,train
a44c41bf0123b0cd997a,real:apps\public_nextjs\.next\build-manifest.json,C:\Users\ss\Desktop\XAI\XAI\apps\public_nextjs\.next\build-manifest.json,real,json,388,8.599912842187127,lt_16KiB,7a00253d808c2a7b95ae4216d9edcb862cf363373b17c6ec256131a5f9b400eb,train
9e3ad4fb843761e3f57b,real:engines\XAI-Compress\results\final_analysis\conclusion.md,C:\Users\ss\Desktop\XAI\XAI\engines\XAI-Compress\results\final_analysis\conclusion.md,real,markdown,384,8.584962500721156,lt_16KiB,f87c2b4a850c2b306674887cfa5457da8670a1ff5d9be399ef8c129b8978f899,validation
2bda33d048451e7cca8d,real:engines\XAI-Compress\checkpoints\model_search\lr-0-0002-f316e33308\preflight.pt,C:\Users\ss\Desktop\XAI\XAI\engines\XAI-Compress\checkpoints\model_search\lr-0-0002-f316e33308\preflight.pt,real,model,29668575,24.822432299159,gt_10MiB,96c7c36443a094403ec3cde74522293937c11be410be967f862c632392be6033,train
12547612f7bd7002a6ee,real:apps\desktop_flutter\lib\widgets\file_selector.dart,C:\Users\ss\Desktop\XAI\XAI\apps\desktop_flutter\lib\widgets\file_selector.dart,real,source_code,1516,10.566054038171092,lt_16KiB,541d0fe80ebf2793a7438096b34157a681954970634d8271a2f2437011b62ddc,train
88a951ed71674589fa0d,real:engines\XAI-Compress\data\test\archive (1)\FaceForensics++_C23\DeepFakeDetection\01_20__hugging_happy__FW94AIMJ.mp4,C:\Users\ss\Desktop\XAI\XAI\engines\XAI-Compress\data\test\archive (1)\FaceForensics++_C23\DeepFakeDetection\01_20__hugging_happy__FW94AIMJ.mp4,real,video,8303400,22.985270768282692,1_10MiB,5112d8f954af5816d162e341773a0c20bad1dfab14ba99443144a542934dc858,train
e3431f25be3a50f2b428,real:apps\admin_dotnet\obj\Debug\net8.0\staticwebassets.build.json.cache,C:\Users\ss\Desktop\XAI\XAI\apps\admin_dotnet\obj\Debug\net8.0\staticwebassets.build.json.cache,real,binary,44,5.459431618637297,lt_16KiB,1d514e0b6199eb7aca49c065d0cd9c6b1f44ccc4f1df229e62a5d640a976f3d6,train
488fa49f651db0c8d96c,real:engines\XAI-Compress\data\domain_focused\archive (1)\FaceForensics++_C23\csv\Mean_Data.csv,C:\Users\ss\Desktop\XAI\XAI\engines\XAI-Compress\data\domain_focused\archive (1)\FaceForensics++_C23\csv\Mean_Data.csv,real,csv,392,8.614709844115207,lt_16KiB,e794b64c63ace909a5c66408776fb29815b1c5d37ddab34710c2a9658e6e4030,train
4377d88d1738961905bc,real:apps\admin_dotnet\obj\Debug\net8.0\ref\AdminDotNet.dll,C:\Users\ss\Desktop\XAI\XAI\apps\admin_dotnet\obj\Debug\net8.0\ref\AdminDotNet.dll,real,executable,20480,14.321928094887362,16_64KiB,a04b994dd867fe743cae827889ea29c7bb4092007a17d133d307d80dec209369,train
b791736ff767f844a94b,real:engines\XAI-Compress\results\final_analysis\final_comparison.md,C:\Users\ss\Desktop\XAI\XAI\engines\XAI-Compress\results\final_analysis\final_comparison.md,real,markdown,54,5.754887502163468,lt_16KiB,6c94133160633f835b06d959b3d40b1c466302c4c39aad9ec7e9a633c9a2e416,validation
b57ae4c5a9a1a16561b5,real:engines\XAI-Compress\checkpoints\model_search\residual-scale-conservative-b1d826fd14\preflight.pt,C:\Users\ss\Desktop\XAI\XAI\engines\XAI-Compress\checkpoints\model_search\residual-scale-conservative-b1d826fd14\preflight.pt,real,model,29668575,24.822432299159,gt_10MiB,60a84cd8927d4cb41a766fed9ed5503c5077ba4f5d74131b6866002919f330c2,train
a1a5efe110bfe02ac677,real:apps\desktop_flutter\lib\widgets\result_card.dart,C:\Users\ss\Desktop\XAI\XAI\apps\desktop_flutter\lib\widgets\result_card.dart,real,source_code,1012,9.98299357469431,lt_16KiB,789ebf6c0e2b3899ff025ce1ceee825db0e3a5e77ffb459a005b642df304631b,train
5423c4641e4642cccfee,real:engines\XAI-Compress\data\test\archive (1)\FaceForensics++_C23\DeepFakeDetection\01_20__kitchen_pan__6UBMLXK3.mp4,C:\Users\ss\Desktop\XAI\XAI\engines\XAI-Compress\data\test\archive (1)\FaceForensics++_C23\DeepFakeDetection\01_20__kitchen_pan__6UBMLXK3.mp4,real,video,3594191,21.777235646906313,1_10MiB,8561fe93b773cc697b6298a4a6088e951cbd6021ec3c78a0d2af30ed1917c50f,train
da97d4692016ffc2ca6b,real:apps\admin_dotnet\obj\project.nuget.cache,C:\Users\ss\Desktop\XAI\XAI\apps\admin_dotnet\obj\project.nuget.cache,real,binary,5970,12.543515216152167,lt_16KiB,c09d4633b91a1619d2f3ddc32920f5f562e131f045d18833d1513f50673dd049,validation
6e96649c37ae12817da8,real:engines\XAI-Compress\data\domain_focused\archive (1)\FaceForensics++_C23\csv\NeuralTextures.csv,C:\Users\ss\Desktop\XAI\XAI\engines\XAI-Compress\data\domain_focused\archive (1)\FaceForensics++_C23\csv\NeuralTextures.csv,real,csv,58441,15.834693244253106,16_64KiB,c784503f209f929cf4cd3287f8c9139a8e07be314197b17bcad9c6c70bf1810c,test
749b43a4433426f9fac5,real:apps\public_nextjs\.next\package.json,C:\Users\ss\Desktop\XAI\XAI\apps\public_nextjs\.next\package.json,real,json,20,4.321928094887363,lt_16KiB,091a04fa67c7907b98e106fcff8b964e13129754fce72d24f3025b97c4887fa3,train
c9bfc414215801365a64,real:engines\XAI-Compress\results\final_project\audit.md,C:\Users\ss\Desktop\XAI\XAI\engines\XAI-Compress\results\final_project\audit.md,real,markdown,2048,11.0,lt_16KiB,b3e7972e3affbfa8daff03c83b28362433865e6be2d30b49c3b1993ddea36b6e,test
9ace52ebc2064c6576de,real:engines\XAI-Compress\checkpoints\model_search\residual-scale-depth-3c28504154\preflight.pt,C:\Users\ss\Desktop\XAI\XAI\engines\XAI-Compress\checkpoints\model_search\residual-scale-depth-3c28504154\preflight.pt,real,model,29668575,24.822432299159,gt_10MiB,9435ed6b438cfc1b3c0fff31c6d139431d7cab1bded5dfd4bc1f04bc8032a04e,test
a04ea861d896c0b63693,real:apps\desktop_flutter\SETUP_WINDOWS.bat,C:\Users\ss\Desktop\XAI\XAI\apps\desktop_flutter\SETUP_WINDOWS.bat,real,source_code,309,8.271463027904375,lt_16KiB,6bb9d7b4f108137cdc74cee7797d610b3523cde8902557943ad5fdd91fb55555,train
546ace30fb0bb2e3783b,real:engines\XAI-Compress\data\test\archive (1)\FaceForensics++_C23\DeepFakeDetection\01_20__outside_talking_pan_laughing__OTGHOG4Z.mp4,C:\Users\ss\Desktop\XAI\XAI\engines\XAI-Compress\data\test\archive (1)\FaceForensics++_C23\DeepFakeDetection\01_20__outside_talking_pan_laughing__OTGHOG4Z.mp4,real,video,5026186,22.261032630179113,1_10MiB,d4c018e4e0d855fcb62c44ee0a76087c705d13022d1eb2ed5371c3e0b0a697b2,test
60abd079a4b5e5a0615e,real:apps\admin_dotnet\wwwroot\css\app.css,C:\Users\ss\Desktop\XAI\XAI\apps\admin_dotnet\wwwroot\css\app.css,real,binary,5244,12.356451970221755,lt_16KiB,cd58c8cb451648a2c8418fd7e74f4986ed419f77fc0128cab323a2a4a5e66a5e,train
1bd93cdc888ae944d9b4,real:engines\XAI-Compress\data\domain_focused\archive (1)\FaceForensics++_C23\csv\original.csv,C:\Users\ss\Desktop\XAI\XAI\engines\XAI-Compress\data\domain_focused\archive (1)\FaceForensics++_C23\csv\original.csv,real,csv,48459,15.56447701318876,16_64KiB,7380636b1ac2a34bca0b55aa4c5933243dba63a9e31c5a83cf95a4aa13f942e9,train
cc0958580c6fb576f648,real:apps\public_nextjs\.next\prerender-manifest.json,C:\Users\ss\Desktop\XAI\XAI\apps\public_nextjs\.next\prerender-manifest.json,real,json,354,8.467605550082997,lt_16KiB,fbe54dac7c125be4bfac36c9a6cbb4388f96a341961b2ba5aba4b3e569b2b50a,train
e8e23e9bdf444d38f4fc,real:engines\XAI-Compress\results\final_project\benchmark_summary.md,C:\Users\ss\Desktop\XAI\XAI\engines\XAI-Compress\results\final_project\benchmark_summary.md,real,markdown,362,8.499845887083206,lt_16KiB,b1f32a09309065eae7daca12d25f1fcf57805c40cae43b465e50b4126dc46d65,validation
996a20e25190637ea39d,real:engines\XAI-Compress\checkpoints\model_search\safe-training-lr-0-0001-54a4e17570\preflight.pt,C:\Users\ss\Desktop\XAI\XAI\engines\XAI-Compress\checkpoints\model_search\safe-training-lr-0-0001-54a4e17570\preflight.pt,real,model,29677725,24.822877167995937,gt_10MiB,a1c0e021cc47a4f8b93c71e86f4ee595b75f7cbed61f0a9b9652f4e2fd72e354,train
1d33fee7689c9c649710,real:apps\desktop_flutter\test\models_test.dart,C:\Users\ss\Desktop\XAI\XAI\apps\desktop_flutter\test\models_test.dart,real,source_code,305,8.252665432450248,lt_16KiB,2e37f9f864238a28465de26bd4161777521b732e07514a10af4ee02597c70844,train
6723d5f1d73508dd9908,real:engines\XAI-Compress\data\test\archive (1)\FaceForensics++_C23\DeepFakeDetection\01_20__outside_talking_still_laughing__FW94AIMJ.mp4,C:\Users\ss\Desktop\XAI\XAI\engines\XAI-Compress\data\test\archive (1)\FaceForensics++_C23\DeepFakeDetection\01_20__outside_talking_still_laughing__FW94AIMJ.mp4,real,video,5337029,22.347605419893895,1_10MiB,0f39e2928d5376291ce185de3f2678bdb668031f6b51780b649e7b8857a68051,train
60443bba396ffdd93191,real:apps\desktop_flutter\.dart_tool\version,C:\Users\ss\Desktop\XAI\XAI\apps\desktop_flutter\.dart_tool\version,real,binary,6,2.584962500721156,lt_16KiB,12d51ff3eead4115a664d2a9d17e77e597270796ef8af7605d00ecd198a77b3f,train
b4eba45dc48d6f95b360,real:apps\public_nextjs\.next\react-loadable-manifest.json,C:\Users\ss\Desktop\XAI\XAI\apps\public_nextjs\.next\react-loadable-manifest.json,real,json,452,8.820178962415188,lt_16KiB,5431987417c158a484e1b6b4e7b949906ef511ef3c211541fc5158baf640bbb6,train
32d89176e2d3708d119b,real:engines\XAI-Compress\results\final_project\limitations.md,C:\Users\ss\Desktop\XAI\XAI\engines\XAI-Compress\results\final_project\limitations.md,real,markdown,298,8.219168520462162,lt_16KiB,6ce3277a26174975541a37fb51078f720ebc3b88194d7f0d5c4ad66fd5d234d9,train
57718e806c0d4a192de1,real:engines\XAI-Compress\checkpoints\neural_lossless_v2\best.pt,C:\Users\ss\Desktop\XAI\XAI\engines\XAI-Compress\checkpoints\neural_lossless_v2\best.pt,real,model,29688665,24.823408885822335,gt_10MiB,584d8dfee979c6719a7602d00d81ef72443ee804878b13a1d651b5ea42129fb9,train
e8e11c59cf3ea7952a4a,real:apps\desktop_flutter\test\widget_test.dart,C:\Users\ss\Desktop\XAI\XAI\apps\desktop_flutter\test\widget_test.dart,real,source_code,1101,10.10459875356437,lt_16KiB,836032bb8b13dc36160f3a4c2fabd479f0c14fc90e757aef5d4e79e8336a20f0,train
140608ee2ccea0d5a6a1,real:engines\XAI-Compress\data\test\archive (1)\FaceForensics++_C23\DeepFakeDetection\01_20__walk_down_hall_angry__FW94AIMJ.mp4,C:\Users\ss\Desktop\XAI\XAI\engines\XAI-Compress\data\test\archive (1)\FaceForensics++_C23\DeepFakeDetection\01_20__walk_down_hall_angry__FW94AIMJ.mp4,real,video,1217068,20.214978345857425,1_10MiB,920fe4a4cd7381d81f6faa4d631c49fc6953504517c3fe252a6bf588e0c2d178,train
fb876718379f313755bf,real:apps\desktop_flutter\.flutter-plugins-dependencies,C:\Users\ss\Desktop\XAI\XAI\apps\desktop_flutter\.flutter-plugins-dependencies,real,binary,12055,13.557344030489888,lt_16KiB,a2c397b45a54899472e474caa3de4ca7bad5e570071e4d9768e32b1022a5f016,test
7910680c83be2158bff7,real:apps\public_nextjs\.next\routes-manifest.json,C:\Users\ss\Desktop\XAI\XAI\apps\public_nextjs\.next\routes-manifest.json,real,json,607,9.245552706255681,lt_16KiB,351d90345bb5b1b077288e077b0f552544b481219c6b2886af0d113201147a1d,train
b34f9e21840cfa8cebcb,real:engines\XAI-Compress\results\final_project\reproduction_commands.md,C:\Users\ss\Desktop\XAI\XAI\engines\XAI-Compress\results\final_project\reproduction_commands.md,real,markdown,539,9.074141462752506,lt_16KiB,767d6ab4ab3efb31966838101d809ac640344cb736f147c7f6b9b4c58af181d7,train
33d954eab6b15d28c261,real:engines\XAI-Compress\checkpoints\neural_lossy_v1\validation.epoch-0001.pt,C:\Users\ss\Desktop\XAI\XAI\engines\XAI-Compress\checkpoints\neural_lossy_v1\validation.epoch-0001.pt,real,model,136080,17.054095520550746,64KiB_1MiB,630e7cd8239d4bad99fe488f37e868e204f991047d6417f50adfd4a0943ff54c,validation
077f80ac1df2df28db8c,real:apps\desktop_flutter\windows\flutter\generated_plugin_registrant.h,C:\Users\ss\Desktop\XAI\XAI\apps\desktop_flutter\windows\flutter\generated_plugin_registrant.h,real,source_code,302,8.238404739325079,lt_16KiB,dbc11635d7b1ba1887adf40df5b83d634e9c3ab0bee34510c71528bb4d73602a,validation
a8ef1fef6b2123348635,real:engines\XAI-Compress\data\test\archive (1)\FaceForensics++_C23\DeepFakeDetection\01_21__talking_angry_couch__03X7CELV.mp4,C:\Users\ss\Desktop\XAI\XAI\engines\XAI-Compress\data\test\archive (1)\FaceForensics++_C23\DeepFakeDetection\01_21__talking_angry_couch__03X7CELV.mp4,real,video,11622716,23.470443901789917,gt_10MiB,e308da4f97222c1f3cd785062c83d421ea08349584f2da50ae94768242df11e4,train
a533bd1ba718e0fdc068,real:apps\desktop_flutter\.gitignore,C:\Users\ss\Desktop\XAI\XAI\apps\desktop_flutter\.gitignore,real,binary,148,7.20945336562895,lt_16KiB,af0ed44c8797d7c9366f1c92c5a67dc183fe6b4aefbfbd40b138be850a190a3e,train
383fcf48f2bac3d60ea5,real:apps\public_nextjs\.next\server\app-paths-manifest.json,C:\Users\ss\Desktop\XAI\XAI\apps\public_nextjs\.next\server\app-paths-manifest.json,real,json,74,6.20945336562895,lt_16KiB,cab8bd823a72ff91304e8da01c01026db3555999450a067d67e75d2e10617761,train
ce793668b78402ef71ac,real:engines\XAI-Compress\results\hybrid_ai\final_report.md,C:\Users\ss\Desktop\XAI\XAI\engines\XAI-Compress\results\hybrid_ai\final_report.md,real,markdown,4664,12.187352073200497,lt_16KiB,99367a563562703142db49c380d0fcc789f870bfa536602abef146bedcec6d9f,train
caf74ce4f2651ac8c064,real:engines\XAI-Compress\checkpoints\neural_lossy_v1\validation.epoch-0002.pt,C:\Users\ss\Desktop\XAI\XAI\engines\XAI-Compress\checkpoints\neural_lossy_v1\validation.epoch-0002.pt,real,model,136080,17.054095520550746,64KiB_1MiB,c3dfc557276112f36e3ff9d7ce583cffb49f3082cd3a0dc9d25c61776a079188,validation
cfc4123b951ac9cba618,real:apps\desktop_flutter\windows\runner\flutter_window.cpp,C:\Users\ss\Desktop\XAI\XAI\apps\desktop_flutter\windows\runner\flutter_window.cpp,real,source_code,2193,11.098690096673593,lt_16KiB,d615eedc06ae37321e59c2c00c7687d1887dcd97904eb7225fafd8dcb5b83da6,train
cd85d53d809096f5ac5c,real:engines\XAI-Compress\data\test\archive (1)\FaceForensics++_C23\DeepFakeDetection\01_21__walk_down_hall_angry__03X7CELV.mp4,C:\Users\ss\Desktop\XAI\XAI\engines\XAI-Compress\data\test\archive (1)\FaceForensics++_C23\DeepFakeDetection\01_21__walk_down_hall_angry__03X7CELV.mp4,real,video,1212329,20.20934983765499,1_10MiB,9b39f557664ac9f8e0e1645b0620e97880f522ef2b14da7339ff95968c7ddf0c,train
b0574ac6204e169a6f9f,real:apps\desktop_flutter\.metadata,C:\Users\ss\Desktop\XAI\XAI\apps\desktop_flutter\.metadata,real,binary,998,9.96289600533726,lt_16KiB,2fdc15e4054abe18c250c6d4d2ce13405d07adb12eea074becbe0cb36d1acfef,validation
e43e7849d7ac7eee3e69,real:apps\public_nextjs\.next\server\middleware-manifest.json,C:\Users\ss\Desktop\XAI\XAI\apps\public_nextjs\.next\server\middleware-manifest.json,real,json,83,6.3750394313469245,lt_16KiB,0a8520bc7e076f7ae717c2d62713990c83e8a3d74626f327a3844bc0504e210c,test
bc559421f72cb439e577,real:engines\XAI-Compress\checkpoints\neural_lossy_v1\validation.latest.pt,C:\Users\ss\Desktop\XAI\XAI\engines\XAI-Compress\checkpoints\neural_lossy_v1\validation.latest.pt,real,model,136080,17.054095520550746,64KiB_1MiB,95655d8929f221dbc9debec84eae3c13548be004c7b47632d6559012d6eaa5e0,test
e2f0ff0b4d0d143e998e,real:apps\desktop_flutter\windows\runner\flutter_window.h,C:\Users\ss\Desktop\XAI\XAI\apps\desktop_flutter\windows\runner\flutter_window.h,real,source_code,961,9.90839262077375,lt_16KiB,0252b804f5da380c7709cbe1daff2b8d18daf6c49d7e6dd43e5af3c99c19f56c,train
bb1f1e0a85cb037f3f6f,real:engines\XAI-Compress\data\test\archive (1)\FaceForensics++_C23\DeepFakeDetection\01_26__outside_talking_pan_laughing__ZMEJ535O.mp4,C:\Users\ss\Desktop\XAI\XAI\engines\XAI-Compress\data\test\archive (1)\FaceForensics++_C23\DeepFakeDetection\01_26__outside_talking_pan_laughing__ZMEJ535O.mp4,real,video,4649178,22.148544231748325,1_10MiB,fc65a339befef52d8d57a020af5cb6c09bee8a9e11f112672c9038bd73de5d7a,train
0688555bcd5d3acd69ef,real:apps\desktop_flutter\analysis_options.yaml,C:\Users\ss\Desktop\XAI\XAI\apps\desktop_flutter\analysis_options.yaml,real,binary,231,7.851749041416057,lt_16KiB,7518277995634305e0cd5ec52dbed30daf882f8705233ddc77283786309a365b,train
f406a488a2ab38a67daf,real:apps\public_nextjs\.next\server\next-font-manifest.json,C:\Users\ss\Desktop\XAI\XAI\apps\public_nextjs\.next\server\next-font-manifest.json,real,json,77,6.266786540694901,lt_16KiB,926e772d34a53f2a4d9b16071dd6ea77b051b2b7acc49d9165723debe3fbbe0f,train
ef7a5c6897605950a6a6,real:engines\XAI-Compress\checkpoints\neural_lossy_v1\validation.pt,C:\Users\ss\Desktop\XAI\XAI\engines\XAI-Compress\checkpoints\neural_lossy_v1\validation.pt,real,model,136080,17.054095520550746,64KiB_1MiB,08301fd635335e6103b54cc2a4efc581b8a580e1b983368e392288b66cec41dc,train
2fe2e77abce0b076c014,real:apps\desktop_flutter\windows\runner\main.cpp,C:\Users\ss\Desktop\XAI\XAI\apps\desktop_flutter\windows\runner\main.cpp,real,source_code,1316,10.361943773735241,lt_16KiB,794823a4561edf448d612b14a5f48063ee628c0ac715aa1a460aae2e4320e24a,validation
f03a92ce877999b0bb9c,real:engines\XAI-Compress\data\test\archive (1)\FaceForensics++_C23\DeepFakeDetection\01_27__hugging_happy__ZYCZ30C0.mp4,C:\Users\ss\Desktop\XAI\XAI\engines\XAI-Compress\data\test\archive (1)\FaceForensics++_C23\DeepFakeDetection\01_27__hugging_happy__ZYCZ30C0.mp4,real,video,9027446,23.10588645467087,1_10MiB,b9c5a59e42a74aba55511db8ae92b372c857d8013d14bca1cffdd6d86e62696f,train
356faeba629e9a4e0cb1,real:apps\desktop_flutter\build\fc42f6600d34cb98265d12e236f28fea\_composite.stamp,C:\Users\ss\Desktop\XAI\XAI\apps\desktop_flutter\build\fc42f6600d34cb98265d12e236f28fea\_composite.stamp,real,binary,26,4.700439718141092,lt_16KiB,cc720a324af5727c74f00b41fb209465e50885fadb5f14831028fa4b418d3ccc,train
f57327a95b1eb1c5b2b9,real:engines\XAI-Compress\checkpoints\phase_i_v1_128_domain.pt,C:\Users\ss\Desktop\XAI\XAI\engines\XAI-Compress\checkpoints\phase_i_v1_128_domain.pt,real,model,1497771,20.51438563075809,1_10MiB,569f17d3aeb968210a0ca0b7f460f1e16029ff39c33373493de4aa6a2cbf2079,validation
b4f2c1e01e0f4879fb95,real:apps\desktop_flutter\windows\runner\resource.h,C:\Users\ss\Desktop\XAI\XAI\apps\desktop_flutter\windows\runner\resource.h,real,source_code,448,8.807354922057604,lt_16KiB,d0e8bf7835468b4b6b1f8f0747f2e8f25c19841f2df2ac60aaa584ddae3aa7c6,train
89751c3940e0f2a73f03,real:engines\XAI-Compress\data\test\archive (1)\FaceForensics++_C23\DeepFakeDetection\01_27__meeting_serious__ZYCZ30C0.mp4,C:\Users\ss\Desktop\XAI\XAI\engines\XAI-Compress\data\test\archive (1)\FaceForensics++_C23\DeepFakeDetection\01_27__meeting_serious__ZYCZ30C0.mp4,real,video,6576450,22.648877589535434,1_10MiB,56ae4073d1f383b658022a6fd3370b506937dd6b5f581f37091eeb2df6060eb1,train
56b8cab93c53c9cc7b9b,real:apps\desktop_flutter\build\fc42f6600d34cb98265d12e236f28fea\gen_dart_plugin_registrant.stamp,C:\Users\ss\Desktop\XAI\XAI\apps\desktop_flutter\build\fc42f6600d34cb98265d12e236f28fea\gen_dart_plugin_registrant.stamp,real,binary,229,7.839203788096944,lt_16KiB,6aa131756993abc83e0d9059a2ffbabc5fdecde7a984eb341818ed65de436526,train
dfcef2c5992a92440df6,real:apps\public_nextjs\.next\server\server-reference-manifest.json,C:\Users\ss\Desktop\XAI\XAI\apps\public_nextjs\.next\server\server-reference-manifest.json,real,json,97,6.599912842187128,lt_16KiB,85599e2ac6fc7af5233d96ce023cc7d222662ae05d057547f53cdb0f74b4cf02,validation
a6136e5701265c0ff69b,real:engines\XAI-Compress\checkpoints\phase_i_v1_128_sanity.pt,C:\Users\ss\Desktop\XAI\XAI\engines\XAI-Compress\checkpoints\phase_i_v1_128_sanity.pt,real,model,1497771,20.51438563075809,1_10MiB,f30ba171e6a7351df2fae82d80a94ba9948496d6d23b1178078e32ed28de0e0d,train
77fbe0fdc429b6e3b38a,real:apps\desktop_flutter\windows\runner\utils.cpp,C:\Users\ss\Desktop\XAI\XAI\apps\desktop_flutter\windows\runner\utils.cpp,real,source_code,2237,11.127349541059118,lt_16KiB,a128b67b9f3c2579e2ecef5b0dde2c33f222a097cdfe5da2a3067c73d1485b39,validation
ced0ad5cf9a511c66b19,real:engines\XAI-Compress\data\test\archive (1)\FaceForensics++_C23\DeepFakeDetection\01_27__outside_talking_pan_laughing__S2YCUY48.mp4,C:\Users\ss\Desktop\XAI\XAI\engines\XAI-Compress\data\test\archive (1)\FaceForensics++_C23\DeepFakeDetection\01_27__outside_talking_pan_laughing__S2YCUY48.mp4,real,video,5060635,22.270886992558484,1_10MiB,a3bbb0dffc3c9063f0523258108c6a70cb7cdd643c5ad8b4a77d2bc7b1c6fe2e,train
215155f5831d7da605e0,real:apps\public_nextjs\.next\static\webpack\1cde06a0bb489b45.webpack.hot-update.json,C:\Users\ss\Desktop\XAI\XAI\apps\public_nextjs\.next\static\webpack\1cde06a0bb489b45.webpack.hot-update.json,real,json,31,4.954196310386875,lt_16KiB,eea3c145b3456fcdf200b061ba939627d594c39727e9faa523ed958ed05b4705,test
6c28c071e3ba4869baef,real:engines\XAI-Compress\checkpoints\phase_j_v1_128.pt,C:\Users\ss\Desktop\XAI\XAI\engines\XAI-Compress\checkpoints\phase_j_v1_128.pt,real,model,1497533,20.514156364265972,1_10MiB,6321962df8ddbdb263a8bbf0c25fd01e7284d92dc1e6bd541aae80b185e13c49,train
08e9018d228757d16259,real:apps\desktop_flutter\windows\runner\utils.h,C:\Users\ss\Desktop\XAI\XAI\apps\desktop_flutter\windows\runner\utils.h,real,source_code,691,9.432541900388259,lt_16KiB,832e246b6758253f89016fb0374b30791242e97ad950d27fc678b3d9feacfdc4,train
76278c96d2de1c5feb27,real:engines\XAI-Compress\.test-tmp\numerics\a.txt,C:\Users\ss\Desktop\XAI\XAI\engines\XAI-Compress\.test-tmp\numerics\a.txt,real,text,380,8.569855608330949,lt_16KiB,b06c7661ffe4fb77da74a8917b6b6de06e1201c63099f0194b937b10404d6fc1,train
efc9e8dfc32d923209e0,real:engines\XAI-Compress\data\test\archive (1)\FaceForensics++_C23\DeepFakeDetection\01_27__outside_talking_still_laughing__ZYCZ30C0.mp4,C:\Users\ss\Desktop\XAI\XAI\engines\XAI-Compress\data\test\archive (1)\FaceForensics++_C23\DeepFakeDetection\01_27__outside_talking_still_laughing__ZYCZ30C0.mp4,real,video,5360914,22.35404756083796,1_10MiB,f702d50f4e30cf3cb9e80091aa2250403f3d88ee76e1d7cead170544ac0ac981,train
e429cc4a2903f2a35f68,real:apps\desktop_flutter\devtools_options.yaml,C:\Users\ss\Desktop\XAI\XAI\apps\desktop_flutter\devtools_options.yaml,real,binary,187,7.546894459887636,lt_16KiB,99119330d774616e9e8f151014c3b3cf90a5e858fe4b8e459544eeda2acbc0e8,train
3864c6174e16eb0b6c6c,real:apps\public_nextjs\.next\static\webpack\633457081244afec._.hot-update.json,C:\Users\ss\Desktop\XAI\XAI\apps\public_nextjs\.next\static\webpack\633457081244afec._.hot-update.json,real,json,22,4.459431618637297,lt_16KiB,50b2026e892228653ab6e3805edd14bac846d83da8e9cdb7ebddd9681ffe9d49,train
1a26220d1e9b364d612d,real:engines\XAI-Compress\checkpoints\phase_j_v1_256.pt,C:\Users\ss\Desktop\XAI\XAI\engines\XAI-Compress\checkpoints\phase_j_v1_256.pt,real,model,1497533,20.514156364265972,1_10MiB,d5775fd5f77bf27e075a031d5ab07616cfe43df73d2e23892ec20efa00dcfb85,test
205106eafeb232d2349f,real:apps\desktop_flutter\windows\runner\win32_window.cpp,C:\Users\ss\Desktop\XAI\XAI\apps\desktop_flutter\windows\runner\win32_window.cpp,real,source_code,8822,13.106890045092218,lt_16KiB,4e4f4dcf8e86ea6e097562cb3476039e693449bd8045367538afee579c017511,train
8e03fd378df7497cdf96,real:engines\XAI-Compress\data\test\archive (1)\FaceForensics++_C23\DeepFakeDetection\01_27__walking_outside_cafe_disgusted__ZYCZ30C0.mp4,C:\Users\ss\Desktop\XAI\XAI\engines\XAI-Compress\data\test\archive (1)\FaceForensics++_C23\DeepFakeDetection\01_27__walking_outside_cafe_disgusted__ZYCZ30C0.mp4,real,video,2140717,21.029662655247222,1_10MiB,4263056e930c2d00ed407dc7ba19b45ad74716faead7e6ed7f343617183ba272,train
665359906b3619ac985e,real:apps\desktop_flutter\pubspec.lock,C:\Users\ss\Desktop\XAI\XAI\apps\desktop_flutter\pubspec.lock,real,binary,23705,14.532903772613757,16_64KiB,471ecf91ed6391162a1544c0c68a69fe253ac363b98667175bb42f9a59f986e5,test
107b725a4e3e7a267a41,real:apps\public_nextjs\.next\types\package.json,C:\Users\ss\Desktop\XAI\XAI\apps\public_nextjs\.next\types\package.json,real,json,18,4.169925001442312,lt_16KiB,e3d5a4a2d8551aa52c5a01d2a0efb2e06a2d9711b4f5c5f1d20de6e21807e2cd,validation
687338d7444dbf972325,real:engines\XAI-Compress\checkpoints\phase_j_v1_512.pt,C:\Users\ss\Desktop\XAI\XAI\engines\XAI-Compress\checkpoints\phase_j_v1_512.pt,real,model,1497533,20.514156364265972,1_10MiB,4bc2a53a829e31663619bf208641ce693f9e7a583dcf03a5b515c4a880b42e9c,train
3bde1d5327bb656d2f7e,real:apps\desktop_flutter\windows\runner\win32_window.h,C:\Users\ss\Desktop\XAI\XAI\apps\desktop_flutter\windows\runner\win32_window.h,real,source_code,3624,11.823367240046235,lt_16KiB,d154cf89ba85f820631a9b5bedacbe64fc5815e428fe6bc5da579ce649f69841,train
fe7f52850f3e6bd88e52,real:engines\XAI-Compress\data\test\archive (1)\FaceForensics++_C23\DeepFakeDetection\02_01__outside_talking_still_laughing__YVGY8LOK.mp4,C:\Users\ss\Desktop\XAI\XAI\engines\XAI-Compress\data\test\archive (1)\FaceForensics++_C23\DeepFakeDetection\02_01__outside_talking_still_laughing__YVGY8LOK.mp4,real,video,6440583,22.618759855977732,1_10MiB,9e6cfc22a71e29c2663708420d017c69d93ed46cc9f0867fd53983da121bf241,train
ad2bbe4734f3da1be94f,real:apps\desktop_flutter\pubspec.yaml,C:\Users\ss\Desktop\XAI\XAI\apps\desktop_flutter\pubspec.yaml,real,binary,616,9.266786540694902,lt_16KiB,27d3bf117de18306163a4030d291720f00c04e0e752f51ba65dfddd93dd5eef2,train
e4c71f95cf48130da3e2,real:apps\public_nextjs\package-lock.json,C:\Users\ss\Desktop\XAI\XAI\apps\public_nextjs\package-lock.json,real,json,200139,17.6106427992227,64KiB_1MiB,a034ae7974717ecdf1980e256ffdfe02176fdfd197bf859703744a33fa0925f3,validation
e8c9a87b6b8d948b537d,real:engines\XAI-Compress\results\model_search\imports\auto\lr-0-0002-f316e33308\v1\XAI-Compress\results\README.md,C:\Users\ss\Desktop\XAI\XAI\engines\XAI-Compress\results\model_search\imports\auto\lr-0-0002-f316e33308\v1\XAI-Compress\results\README.md,real,markdown,328,8.357552004618084,lt_16KiB,d6c03a625139283536c8a00cd5084c3f92a6fb5012d2822c52c85ca70e940dc6,train
778662c4183b4eed65bf,real:engines\XAI-Compress\data\test\archive\results\checkpoint-1000\rng_state.pth,C:\Users\ss\Desktop\XAI\XAI\engines\XAI-Compress\data\test\archive\results\checkpoint-1000\rng_state.pth,real,model,14244,13.798066720363062,lt_16KiB,c482b8bf6c77c9c3a40eb0c98496b3a5cb004afbb9e54d338159cb75e305e7de,train
84ba1960ce1fc100d002,real:apps\mobile_authenticator_flutter\.dart_tool\flutter_build\dart_plugin_registrant.dart,C:\Users\ss\Desktop\XAI\XAI\apps\mobile_authenticator_flutter\.dart_tool\flutter_build\dart_plugin_registrant.dart,real,source_code,6390,12.641600215834357,lt_16KiB,a34dd3a7464498119ff40c8e07eaedd04fbea760efd98fb0d623e9fd03790901,train
bdfcd12d0295fdd94769,real:engines\XAI-Compress\data\test\archive (1)\FaceForensics++_C23\DeepFakeDetection\02_01__secret_conversation__YVGY8LOK.mp4,C:\Users\ss\Desktop\XAI\XAI\engines\XAI-Compress\data\test\archive (1)\FaceForensics++_C23\DeepFakeDetection\02_01__secret_conversation__YVGY8LOK.mp4,real,video,5735828,22.451570331985412,1_10MiB,0e254a911f1e9b59aca25ef615e2e15c62a3ebffec88642bdec16386e460badc,train
02d018fda0a64203845c,real:apps\desktop_flutter\windows\.gitignore,C:\Users\ss\Desktop\XAI\XAI\apps\desktop_flutter\windows\.gitignore,real,binary,308,8.266786540694902,lt_16KiB,955e3110cb16494ee76e1cd5df47e2c212309eb94a49a123fe87f718de413cb8,train
02b0dd87e9936048d6b1,real:apps\public_nextjs\package.json,C:\Users\ss\Desktop\XAI\XAI\apps\public_nextjs\package.json,real,json,599,9.226412192788786,lt_16KiB,64c4ffc00bf0bea338a71d85a9287541978ed0079132752f2207b22470be2694,train
8a329048e6e90bc5e436,real:engines\XAI-Compress\results\model_search\imports\auto\lr-0-0002-f316e33308\v1\XAI-Compress\scripts\kaggle\README.md,C:\Users\ss\Desktop\XAI\XAI\engines\XAI-Compress\results\model_search\imports\auto\lr-0-0002-f316e33308\v1\XAI-Compress\scripts\kaggle\README.md,real,markdown,6330,12.627989784315703,lt_16KiB,32285e607936abe62cd5bf70740c76222f091d79f6c60df3ee12426de4e5d1cd,test
68821dc2d9cda5b8d57b,real:engines\XAI-Compress\data\test\archive\results\checkpoint-1000\scheduler.pt,C:\Users\ss\Desktop\XAI\XAI\engines\XAI-Compress\data\test\archive\results\checkpoint-1000\scheduler.pt,real,model,1064,10.055282435501189,lt_16KiB,18beedf42c2d1cc7ccbbc86576986311483531f37c1daf4ca02959618ef989cf,train
f03df6e2a8c5298d2e1c,real:apps\mobile_authenticator_flutter\android\app\src\main\java\io\flutter\plugins\GeneratedPluginRegistrant.java,C:\Users\ss\Desktop\XAI\XAI\apps\mobile_authenticator_flutter\android\app\src\main\java\io\flutter\plugins\GeneratedPluginRegistrant.java,real,source_code,2394,11.225207436943501,lt_16KiB,d0390890b5e47f05126afe9e4b941e769541ae83641d25283335f876bba2ef74,test
69d6f4b00a28e97d8c7f,real:engines\XAI-Compress\data\test\archive (1)\FaceForensics++_C23\DeepFakeDetection\02_01__walking_down_indoor_hall_disgust__YVGY8LOK.mp4,C:\Users\ss\Desktop\XAI\XAI\engines\XAI-Compress\data\test\archive (1)\FaceForensics++_C23\DeepFakeDetection\02_01__walking_down_indoor_hall_disgust__YVGY8LOK.mp4,real,video,13390127,23.67466630832419,gt_10MiB,fb3d8d456061de72dc6bc9c151ba8e97856c7fa7d9b7e5040951677dbc0b5b88,train
53ae6fff9480bcda52cb,real:apps\desktop_flutter\windows\flutter\ephemeral\generated_config.cmake,C:\Users\ss\Desktop\XAI\XAI\apps\desktop_flutter\windows\flutter\ephemeral\generated_config.cmake,real,binary,1476,10.527477006060396,lt_16KiB,622e07755f56bb5e79e8cf2c9866392022bda650d2c2e5bf3bf58c08297e1286,train
346c69a99f96a9feab45,real:apps\public_nextjs\tsconfig.json,C:\Users\ss\Desktop\XAI\XAI\apps\public_nextjs\tsconfig.json,real,json,705,9.461479447286155,lt_16KiB,4d1be2c705480dabe3ea24d696c8d589764484b6bb8c48fdb086cbe23f7cd132,train
d3a0a4bdea1fa2375438,real:engines\XAI-Compress\data\test\archive\results\checkpoint-1290\rng_state.pth,C:\Users\ss\Desktop\XAI\XAI\engines\XAI-Compress\data\test\archive\results\checkpoint-1290\rng_state.pth,real,model,14244,13.798066720363062,lt_16KiB,5eb2e2b63573c73780eebb40b100ef480d413017f31631b26f2ebe560fbeb456,train
85038c25de0aecbb51b8,real:apps\mobile_authenticator_flutter\android\gradlew.bat,C:\Users\ss\Desktop\XAI\XAI\apps\mobile_authenticator_flutter\android\gradlew.bat,real,source_code,2404,11.231221180711186,lt_16KiB,c13c6e91b9a517783976de213d46398c661ea9e17651376d7301e839eaedcc62,train
040d6cd1913e63d0bf50,real:engines\XAI-Compress\data\test\archive (1)\FaceForensics++_C23\DeepFakeDetection\02_01__walking_outside_cafe_disgusted__YVGY8LOK.mp4,C:\Users\ss\Desktop\XAI\XAI\engines\XAI-Compress\data\test\archive (1)\FaceForensics++_C23\DeepFakeDetection\02_01__walking_outside_cafe_disgusted__YVGY8LOK.mp4,real,video,2857537,21.446340748208694,1_10MiB,f01e4a60919decb3f1e770d293f3516b3c62049da8d36a9c3f8c5332060be9a1,test
a3adc98ddfe2c17d47ad,real:apps\desktop_flutter\windows\flutter\generated_plugin_registrant.cc,C:\Users\ss\Desktop\XAI\XAI\apps\desktop_flutter\windows\flutter\generated_plugin_registrant.cc,real,binary,1056,10.044394119358454,lt_16KiB,c871658367ce583ecf2f3d288ca961354c01f3dd231d17bbbab4a9ef814e4b77,train
9b31f33465f129a0e295,real:apps\web_angular\.angular\cache\20.3.28\xai-web\vite\deps\_metadata.json,C:\Users\ss\Desktop\XAI\XAI\apps\web_angular\.angular\cache\20.3.28\xai-web\vite\deps\_metadata.json,real,json,2252,11.13699111208023,lt_16KiB,1652de9421e4903e8a98ca6fe0784508734c4bb2de96384c91f67774f2ee7466,train
118a9ec6a4f271a44629,real:engines\XAI-Compress\data\test\archive\results\checkpoint-1290\scheduler.pt,C:\Users\ss\Desktop\XAI\XAI\engines\XAI-Compress\data\test\archive\results\checkpoint-1290\scheduler.pt,real,model,1064,10.055282435501189,lt_16KiB,5a5845bb91945db2be1d5b7644e027130b831c950f3dc0987daf8f4307e77be0,train
2222dc2f349bd2b2a065,real:apps\mobile_authenticator_flutter\lib\core\app_state.dart,C:\Users\ss\Desktop\XAI\XAI\apps\mobile_authenticator_flutter\lib\core\app_state.dart,real,source_code,2358,11.203348002979762,lt_16KiB,9dadb3946a7c6fd8b2f486c417603e52b0d29a7d19634f3797984e615b96259f,validation
94b82947d7bd29d2c999,real:engines\XAI-Compress\data\test\archive (1)\FaceForensics++_C23\DeepFakeDetection\02_03__walking_down_street_outside_angry__QH3Y0IG0.mp4,C:\Users\ss\Desktop\XAI\XAI\engines\XAI-Compress\data\test\archive (1)\FaceForensics++_C23\DeepFakeDetection\02_03__walking_down_street_outside_angry__QH3Y0IG0.mp4,real,video,3179383,21.600315388542466,1_10MiB,aed1c30125edc58b75f577b0d3570bd3af9045a6835b065ea534d9511c354785,train
e6ee936147167bf93cde,real:apps\desktop_flutter\windows\flutter\generated_plugins.cmake,C:\Users\ss\Desktop\XAI\XAI\apps\desktop_flutter\windows\flutter\generated_plugins.cmake,real,binary,864,9.754887502163468,lt_16KiB,75b0347376fb1c1aaaadcd42323a5265cbef95884520a276aaf583cf4737c00b,validation
b876b2c2718fb1a81938,real:apps\web_angular\.angular\cache\20.3.28\xai-web\vite\deps\package.json,C:\Users\ss\Desktop\XAI\XAI\apps\web_angular\.angular\cache\20.3.28\xai-web\vite\deps\package.json,real,json,23,4.523561956057013,lt_16KiB,3ca9d4afd21425087cf31893b8f9f63c81b0b8408db5e343ca76e5f8aa26ab9a,train
52cb205680a35a47f847,real:engines\XAI-Compress\data\test\archive\results\checkpoint-140\rng_state.pth,C:\Users\ss\Desktop\XAI\XAI\engines\XAI-Compress\data\test\archive\results\checkpoint-140\rng_state.pth,real,model,14244,13.798066720363062,lt_16KiB,7c7745cdd3d716e9f7d53f7c4e5e55d2093db948bb6428e13b55d09c5e6b350f,train
310e77b399b1ff1a7f33,real:apps\mobile_authenticator_flutter\lib\main.dart,C:\Users\ss\Desktop\XAI\XAI\apps\mobile_authenticator_flutter\lib\main.dart,real,source_code,1743,10.767356854125685,lt_16KiB,4849ed9d97424e7c4c5fb3a5ace48c02980ee1a3d72ace3fd1516dc7ff137c72,validation
4cba99ad57ad055569dc,real:engines\XAI-Compress\data\test\archive (1)\FaceForensics++_C23\DeepFakeDetection\02_03__walking_outside_cafe_disgusted__QH3Y0IG0.mp4,C:\Users\ss\Desktop\XAI\XAI\engines\XAI-Compress\data\test\archive (1)\FaceForensics++_C23\DeepFakeDetection\02_03__walking_outside_cafe_disgusted__QH3Y0IG0.mp4,real,video,2850827,21.4429490625408,1_10MiB,431acbc9cef1472239cbd969cf7c4467c2f57ae6f436da8421ef84922d03e5b7,train
60ad64844a5d7e902f44,real:apps\desktop_flutter\windows\runner\resources\app_icon.ico,C:\Users\ss\Desktop\XAI\XAI\apps\desktop_flutter\windows\runner\resources\app_icon.ico,real,binary,33772,15.043539998771735,16_64KiB,c098d3fc85cacff98b8e69811b48e9f0d852fcee278132d794411d978869cbf8,train
331720219e4df449a1b6,real:apps\web_angular\.angular\cache\20.3.28\xai-web\vite\deps_ssr\_metadata.json,C:\Users\ss\Desktop\XAI\XAI\apps\web_angular\.angular\cache\20.3.28\xai-web\vite\deps_ssr\_metadata.json,real,json,146,7.189824558880018,lt_16KiB,6543a5ed297294f82f25b12b55d1b652a80c37164369394173ddcc52f93409be,train
b09d33b1dd2c5da1b94b,real:engines\XAI-Compress\data\test\archive\results\checkpoint-140\scheduler.pt,C:\Users\ss\Desktop\XAI\XAI\engines\XAI-Compress\data\test\archive\results\checkpoint-140\scheduler.pt,real,model,1064,10.055282435501189,lt_16KiB,68a7b978420557cea41317e4bf3e948ca294f39743cbbedc6a76ddc9e05e6bf6,test
d3b05331d36f10bb2338,real:apps\mobile_authenticator_flutter\lib\models\authenticator_account.dart,C:\Users\ss\Desktop\XAI\XAI\apps\mobile_authenticator_flutter\lib\models\authenticator_account.dart,real,source_code,1136,10.149747119504681,lt_16KiB,47906d4e9c1fadbd84ae5815105769d9239c449886c93ae942ec76849cc5c375,test
126975c89fde22eb93c3,real:engines\XAI-Compress\data\test\archive (1)\FaceForensics++_C23\DeepFakeDetection\02_04__podium_speech_happy__8CH7R4LW.mp4,C:\Users\ss\Desktop\XAI\XAI\engines\XAI-Compress\data\test\archive (1)\FaceForensics++_C23\DeepFakeDetection\02_04__podium_speech_happy__8CH7R4LW.mp4,real,video,8292407,22.983359496489275,1_10MiB,34a4e40922a4be7daa4fcbeaf2dce5536e58be26ada832611efb7774d13cccf1,train
1446a6843ac81ced875b,real:apps\desktop_flutter\windows\runner\runner.exe.manifest,C:\Users\ss\Desktop\XAI\XAI\apps\desktop_flutter\windows\runner\runner.exe.manifest,real,binary,616,9.266786540694902,lt_16KiB,639a56233fcd8cbcb8bbefcd93e4680ec2664f32d9acfb3d2ec1d8726a96e090,train
72acfffcce85fd82ebc8,real:engines\XAI-Compress\data\test\archive\results\checkpoint-2000\rng_state.pth,C:\Users\ss\Desktop\XAI\XAI\engines\XAI-Compress\data\test\archive\results\checkpoint-2000\rng_state.pth,real,model,14244,13.798066720363062,lt_16KiB,460a6c9e8f69e34ce2b3134adf406aaa27c174b9096b0730a8e799aa0f876a4b,train
40427eff7bca38574998,real:apps\mobile_authenticator_flutter\lib\models\totp_enrollment.dart,C:\Users\ss\Desktop\XAI\XAI\apps\mobile_authenticator_flutter\lib\models\totp_enrollment.dart,real,source_code,1815,10.825753832883112,lt_16KiB,c2bf4c09ed6a0c194d062580155815c7795d2cd7b17215d17f3b6fbeed03cbca,test
3a2cc13097e93c284e98,real:engines\XAI-Compress\data\test\archive (1)\FaceForensics++_C23\DeepFakeDetection\02_06__exit_phone_room__HZAXM70B.mp4,C:\Users\ss\Desktop\XAI\XAI\engines\XAI-Compress\data\test\archive (1)\FaceForensics++_C23\DeepFakeDetection\02_06__exit_phone_room__HZAXM70B.mp4,real,video,1664257,20.666446805685435,1_10MiB,09d07d0e188375820cef3665cb28ebddec243c44eb7a91bb0a5423bc6e49f949,train
527aebc3310122a57274,real:apps\desktop_flutter\windows\runner\Runner.rc,C:\Users\ss\Desktop\XAI\XAI\apps\desktop_flutter\windows\runner\Runner.rc,real,binary,3198,11.642954223480332,lt_16KiB,937a00451593fc2f4c8548415d0fd5bf01c8b762689183dc2210240182b8b020,train
7ca17081d7adaf554a73,real:apps\web_angular\angular.json,C:\Users\ss\Desktop\XAI\XAI\apps\web_angular\angular.json,real,json,1878,10.874981347653774,lt_16KiB,4b90e014f558a03db935977d467e0e5ec9d423340d658c6a8a08d9228de14a53,train
d62a1387f997c2a7ba0d,real:engines\XAI-Compress\data\test\archive\results\checkpoint-2000\scheduler.pt,C:\Users\ss\Desktop\XAI\XAI\engines\XAI-Compress\data\test\archive\results\checkpoint-2000\scheduler.pt,real,model,1064,10.055282435501189,lt_16KiB,b14baf2992d7647215a2c210c875d131e50cb51dfcd811852ddc46dc177a9869,train
733729562ee47339b2af,real:apps\mobile_authenticator_flutter\lib\screens\home_screen.dart,C:\Users\ss\Desktop\XAI\XAI\apps\mobile_authenticator_flutter\lib\screens\home_screen.dart,real,source_code,4940,12.27029532647204,lt_16KiB,0e11b5bb5219f72b4867e198f2ff54ef8dab745c3df3a6584e1044e4da9c0787,train
5fae974deaee864ce0ff,real:engines\XAI-Compress\data\test\archive (1)\FaceForensics++_C23\DeepFakeDetection\02_06__podium_speech_happy__N8OSN8P6.mp4,C:\Users\ss\Desktop\XAI\XAI\engines\XAI-Compress\data\test\archive (1)\FaceForensics++_C23\DeepFakeDetection\02_06__podium_speech_happy__N8OSN8P6.mp4,real,video,8335099,22.99076790422403,1_10MiB,391aebf0ea9f7c0dca199b5f8f97f2fa8e900e32f3f4a81632a753bfa09952bf,train
f23150a63ce1a2078d1b,real:apps\desktop_flutter\xai_compress_desktop.iml,C:\Users\ss\Desktop\XAI\XAI\apps\desktop_flutter\xai_compress_desktop.iml,real,binary,859,9.746514321138463,lt_16KiB,d2052ef022de364483e3823043cb6a5be1c3f33217cae65c1a40b48b17669199,validation
a6d090bf2db93204e71a,real:apps\web_angular\package-lock.after-audit-force.json,C:\Users\ss\Desktop\XAI\XAI\apps\web_angular\package-lock.after-audit-force.json,real,json,554881,19.081818878119545,64KiB_1MiB,30db0ae47b8453e7f524448af7ae153aa7b2bfff29717140fd3bd238505a6378,validation
77e5d1aca8ec1164a2ca,real:engines\XAI-Compress\data\test\archive\results\checkpoint-2709\rng_state.pth,C:\Users\ss\Desktop\XAI\XAI\engines\XAI-Compress\data\test\archive\results\checkpoint-2709\rng_state.pth,real,model,14244,13.798066720363062,lt_16KiB,e098759fbbb12be22e06c0078b4ae310444c8d3509cf8eb1c9eb69bb351d47c1,train
9ca4a973a54ca0a5c159,real:apps\mobile_authenticator_flutter\lib\screens\lock_screen.dart,C:\Users\ss\Desktop\XAI\XAI\apps\mobile_authenticator_flutter\lib\screens\lock_screen.dart,real,source_code,1560,10.60733031374961,lt_16KiB,1467b2725d6ebe295cfdc15ccb29c00b3f66f594d96c93852e459af23619db65,train
a8eee5cb651502b76851,real:engines\XAI-Compress\data\test\archive (1)\FaceForensics++_C23\DeepFakeDetection\02_06__podium_speech_happy__SU4OQCS9.mp4,C:\Users\ss\Desktop\XAI\XAI\engines\XAI-Compress\data\test\archive (1)\FaceForensics++_C23\DeepFakeDetection\02_06__podium_speech_happy__SU4OQCS9.mp4,real,video,8380018,22.9985219121131,1_10MiB,97bb3e08c4ac6588b1153e963596523fd911b79900b9f02d4ead3585b2a40171,test
46000413c37aed6c1c29,real:apps\web_angular\package-lock.json,C:\Users\ss\Desktop\XAI\XAI\apps\web_angular\package-lock.json,real,json,509181,18.95781906076722,64KiB_1MiB,92cf532825fb7c9eb756d451a78cde9859fcca8c4e358a32d181fb9d0729be10,train
e36baad792c1cc66381f,real:engines\XAI-Compress\data\test\archive\results\checkpoint-2709\scheduler.pt,C:\Users\ss\Desktop\XAI\XAI\engines\XAI-Compress\data\test\archive\results\checkpoint-2709\scheduler.pt,real,model,1064,10.055282435501189,lt_16KiB,664519bc7a0724412c734f3d2111f3e0c6e75763c94b414b3f0be7c45a951f38,train
f8de380eb716a1f3dd27,real:apps\mobile_authenticator_flutter\lib\services\api_service.dart,C:\Users\ss\Desktop\XAI\XAI\apps\mobile_authenticator_flutter\lib\services\api_service.dart,real,source_code,1422,10.473705749619416,lt_16KiB,38f78da223fbb4b5e0ffcfbe1eae4bc5ebf6b6840e3c2bd9c491d6c29a967ad9,validation
b4d46d60eb50f24fdd68,real:engines\XAI-Compress\data\test\archive (1)\FaceForensics++_C23\DeepFakeDetection\02_06__talking_angry_couch__GH8TGTBS.mp4,C:\Users\ss\Desktop\XAI\XAI\engines\XAI-Compress\data\test\archive (1)\FaceForensics++_C23\DeepFakeDetection\02_06__talking_angry_couch__GH8TGTBS.mp4,real,video,17215311,24.037188908093803,gt_10MiB,1abab2450e1ceb6353885381a5fbfcbfe84daceb98edf002548561b5b8ecbe06,test
af82cf1860d48c9c3663,real:apps\mobile_authenticator_flutter\.flutter-plugins-dependencies,C:\Users\ss\Desktop\XAI\XAI\apps\mobile_authenticator_flutter\.flutter-plugins-dependencies,real,binary,8601,13.07028868996168,lt_16KiB,cb423792ba4e86877db586c50834097b92a3169de6994ec4e449fdf0e091e2a1,train
2a8d2e6ed4d204f3666c,real:engines\XAI-Compress\phase_g_results.csv,C:\Users\ss\Desktop\XAI\XAI\engines\XAI-Compress\phase_g_results.csv,real,csv,2007,10.970824901362617,lt_16KiB,2ff61d876c7139f52aae2a63e54642df6b44abe3444667fb045c1a8470ad6cfd,validation
a5121d3f04b140dd77b4,real:apps\web_angular\package.after-audit-force.json,C:\Users\ss\Desktop\XAI\XAI\apps\web_angular\package.after-audit-force.json,real,json,605,9.240791332161956,lt_16KiB,a54a4b741387d4d30886d73347414984eb04eca6a9342d2ddc95007452be349b,test
f008786ed541a7df4bf1,real:apps\mobile_authenticator_flutter\lib\services\biometric_service.dart,C:\Users\ss\Desktop\XAI\XAI\apps\mobile_authenticator_flutter\lib\services\biometric_service.dart,real,source_code,569,9.152284842306582,lt_16KiB,158a794a59ec6ee21fae8c830814fa1ea54fcc2e0d31ce341051d4b7917034cf,train
866395b996ea2cb4975f,real:engines\XAI-Compress\data\test\archive (1)\FaceForensics++_C23\DeepFakeDetection\02_06__talking_angry_couch__J1W9R0NG.mp4,C:\Users\ss\Desktop\XAI\XAI\engines\XAI-Compress\data\test\archive (1)\FaceForensics++_C23\DeepFakeDetection\02_06__talking_angry_couch__J1W9R0NG.mp4,real,video,17202132,24.03608404513968,gt_10MiB,ed1d7317c9705f18d0f83652153d576bbb592bbc21de3a696ad79866726a9bd6,train
d9322f9b416d7da4a545,real:apps\mobile_authenticator_flutter\.gitignore,C:\Users\ss\Desktop\XAI\XAI\apps\mobile_authenticator_flutter\.gitignore,real,binary,130,7.022367813028454,lt_16KiB,8d622516c03f60788b94de766b16a89bcce6fb7c7f309dd139cbd716e6e3fda4,train
90bb57d94e3fa72035ad,real:engines\XAI-Compress\phase_h_dataset_report.csv,C:\Users\ss\Desktop\XAI\XAI\engines\XAI-Compress\phase_h_dataset_report.csv,real,csv,796355,19.60305217476309,64KiB_1MiB,41567b62dfa6c1170ab0a4817817bc0b973c910a67aad03c0a08b48bc9c6e57e,test
8db4d6ef55810714544e,real:apps\web_angular\package.json,C:\Users\ss\Desktop\XAI\XAI\apps\web_angular\package.json,real,json,853,9.73640193131829,lt_16KiB,a18bf14ea834e02bb2fee2784398cb83caf1ec167e466101c5af01d3584bcc76,train
c0d22698c5471a71be1a,real:apps\mobile_authenticator_flutter\lib\services\secure_account_store.dart,C:\Users\ss\Desktop\XAI\XAI\apps\mobile_authenticator_flutter\lib\services\secure_account_store.dart,real,source_code,1006,9.974414589805527,lt_16KiB,ef7de4b877f97537e75ab6fcb378957bf9575f03c25a6d620569801022170df8,validation
3be63411f2d016f8d7c5,real:engines\XAI-Compress\data\test\archive (1)\FaceForensics++_C23\DeepFakeDetection\02_06__talking_angry_couch__MKZTXQ2T.mp4,C:\Users\ss\Desktop\XAI\XAI\engines\XAI-Compress\data\test\archive (1)\FaceForensics++_C23\DeepFakeDetection\02_06__talking_angry_couch__MKZTXQ2T.mp4,real,video,17292475,24.043641034908703,gt_10MiB,cd5a313724ea4f55c4631850bbbc82caf460acd966c510ee037c02dfc1f19c7b,train
718f74207881304134ba,real:apps\mobile_authenticator_flutter\.metadata,C:\Users\ss\Desktop\XAI\XAI\apps\mobile_authenticator_flutter\.metadata,real,binary,998,9.96289600533726,lt_16KiB,e3b64e957ae0e9bdcf28863891dff6ed318b23f85286522ae541b58c01812281,train
b6a0662b1e2819bf5baf,real:engines\XAI-Compress\phase_i_actual_benchmark.csv,C:\Users\ss\Desktop\XAI\XAI\engines\XAI-Compress\phase_i_actual_benchmark.csv,real,csv,5967,12.5427900615549,lt_16KiB,c085aaf058875ad9100f3030c162771b46eeb960fdc3bcfbea87856f6be9b39f,train
e7618b3325f40ca5ff19,real:apps\web_angular\tsconfig.app.json,C:\Users\ss\Desktop\XAI\XAI\apps\web_angular\tsconfig.app.json,real,json,197,7.622051819456376,lt_16KiB,29b69acc61e941ca06e2d2a4c39921acbd5c257b64cd638517f9654105ffdcb2,train
e6054482722e27c4eb52,real:apps\mobile_authenticator_flutter\lib\services\totp_service.dart,C:\Users\ss\Desktop\XAI\XAI\apps\mobile_authenticator_flutter\lib\services\totp_service.dart,real,source_code,997,9.961449694398196,lt_16KiB,56bb7d91b99883b6a6034fb0d9323ef5f64d98e5d83168c3b3e2bbc7adbb5961,test
7461eae2e4f9458d7d53,real:engines\XAI-Compress\data\test\archive (1)\FaceForensics++_C23\DeepFakeDetection\02_06__walk_down_hall_angry__0M6JNS5D.mp4,C:\Users\ss\Desktop\XAI\XAI\engines\XAI-Compress\data\test\archive (1)\FaceForensics++_C23\DeepFakeDetection\02_06__walk_down_hall_angry__0M6JNS5D.mp4,real,video,1560103,20.573209850132084,1_10MiB,6cfa00752924045814dea6ab4acb2f1f155515d5fd6bb2ab8551c10c6adc32f8,train
396a5f32ed14a13ec7e5,real:apps\mobile_authenticator_flutter\analysis_options.yaml,C:\Users\ss\Desktop\XAI\XAI\apps\mobile_authenticator_flutter\analysis_options.yaml,real,binary,272,8.087462841250339,lt_16KiB,2f8ccf5ec1ada05d6f422cf08532ebaba789ddc36e713a2f3c60fe4144892e0e,train
908ba22d7f9287d17ced,real:engines\XAI-Compress\phase_j_results.csv,C:\Users\ss\Desktop\XAI\XAI\engines\XAI-Compress\phase_j_results.csv,real,csv,1813,10.824163209744158,lt_16KiB,4c5a0c65906bb0e16abe8ce4c9119562b5b1b7cecd1cd6fb18b85773c4d03bfa,test
9dbcd0e74f86bfe64fa6,real:apps\web_angular\tsconfig.json,C:\Users\ss\Desktop\XAI\XAI\apps\web_angular\tsconfig.json,real,json,810,9.661778097771988,lt_16KiB,50807c3f6eafb89bba3f43ecdc8695e49e3cacd077aa250119d3f753e52a1c1a,validation
68fb209075d6fdc2dbca,real:apps\mobile_authenticator_flutter\lib\widgets\account_code_card.dart,C:\Users\ss\Desktop\XAI\XAI\apps\mobile_authenticator_flutter\lib\widgets\account_code_card.dart,real,source_code,3088,11.59245703726808,lt_16KiB,945ffeb334121c35a7ce203315096b7fc264d522e7a457629888f8bb2efa4f0b,train
82ed7d44289a1eae39da,real:engines\XAI-Compress\data\test\archive (1)\FaceForensics++_C23\DeepFakeDetection\02_06__walking_and_outside_surprised__N8OSN8P6.mp4,C:\Users\ss\Desktop\XAI\XAI\engines\XAI-Compress\data\test\archive (1)\FaceForensics++_C23\DeepFakeDetection\02_06__walking_and_outside_surprised__N8OSN8P6.mp4,real,video,21212957,24.33844240492381,gt_10MiB,339328fde65700d8c6be43d2f726d9235205573c04321ffe9ff6264e3836ae23,train
664debe0378540f1fbae,real:apps\mobile_authenticator_flutter\android\.gitignore,C:\Users\ss\Desktop\XAI\XAI\apps\mobile_authenticator_flutter\android\.gitignore,real,binary,267,8.060695931687555,lt_16KiB,c9af75dbc2c8aa867476a09426c80b178c4aeed8b9393ae48503eedfa3273d71,train
50e133e322957fcf7b95,real:engines\XAI-Compress\results\compression_comparison\benchmark_results.csv,C:\Users\ss\Desktop\XAI\XAI\engines\XAI-Compress\results\compression_comparison\benchmark_results.csv,real,csv,2973,11.537703747907644,lt_16KiB,e8cc4bd2bacdf5ba08979346ca218aa17630b0fd7dbaa57db1a7d0bf5983d280,train
e0d1215ca0b53a5fe7e7,real:engines\XAI-Compress\.test-tmp\final-all\test_corpus_roundtrip0\corpus\structured\data.json,C:\Users\ss\Desktop\XAI\XAI\engines\XAI-Compress\.test-tmp\final-all\test_corpus_roundtrip0\corpus\structured\data.json,real,json,2071,11.016111838220512,lt_16KiB,c4e7c833a74023aafe81701ae35bb50df9e727e3ea017697db8143d22c72eba1,train
f6d794d2819bbe2fb86d,real:apps\mobile_authenticator_flutter\SETUP_WINDOWS.bat,C:\Users\ss\Desktop\XAI\XAI\apps\mobile_authenticator_flutter\SETUP_WINDOWS.bat,real,source_code,247,7.948367231584678,lt_16KiB,654652a218ec1d4fd76cc9c199ab7556a82d59fcd12a971d2fdc2db978a5e4a9,test
401bd8fbf4cc54a0d3d5,real:engines\XAI-Compress\data\test\archive (1)\FaceForensics++_C23\DeepFakeDetection\02_06__walking_down_indoor_hall_disgust__U6MDWIHG.mp4,C:\Users\ss\Desktop\XAI\XAI\engines\XAI-Compress\data\test\archive (1)\FaceForensics++_C23\DeepFakeDetection\02_06__walking_down_indoor_hall_disgust__U6MDWIHG.mp4,real,video,13362615,23.671699028188417,gt_10MiB,540fd992ff44d029835c1118f2c30c05ff1968c8dfc546ab04b780f0179f8983,train
fbc8d25f8a8a1f01082e,real:apps\mobile_authenticator_flutter\android\.gradle\9.1.0\checksums\checksums.lock,C:\Users\ss\Desktop\XAI\XAI\apps\mobile_authenticator_flutter\android\.gradle\9.1.0\checksums\checksums.lock,real,binary,17,4.087462841250339,lt_16KiB,0f3533d5598949ac1c966d9fef9b4c35feecb2ad94cc72bcb648477d7c285300,train
6b497420b92285218016,real:engines\XAI-Compress\results\experiments.csv,C:\Users\ss\Desktop\XAI\XAI\engines\XAI-Compress\results\experiments.csv,real,csv,254,7.9886846867721655,lt_16KiB,b5b7640d8896b6b3cc2f447a9641f5f8c04d3ae2c046721f3b7f9244a6c8e949,train
02a8b99eb4f5b8252bd5,real:engines\XAI-Compress\.test-tmp\final-all\test_package_filter_and_metada0\stage\dataset-metadata.json,C:\Users\ss\Desktop\XAI\XAI\engines\XAI-Compress\.test-tmp\final-all\test_package_filter_and_metada0\stage\dataset-metadata.json,real,json,145,7.1799090900149345,lt_16KiB,5220943e9c9622f76424fbaae80ce0c2d8e8c1253762bfae6d9b12e51da732f7,validation
3ae04d7875d2c353b32b,real:apps\mobile_authenticator_flutter\test\totp_enrollment_test.dart,C:\Users\ss\Desktop\XAI\XAI\apps\mobile_authenticator_flutter\test\totp_enrollment_test.dart,real,source_code,678,9.405141463136344,lt_16KiB,6759059118187f7fc793db706c1da5be3cad4e5587c1692fdad0321a416499ab,train
e6853398b265ca38c226,real:engines\XAI-Compress\checkpoints\phase_i_v1_128_domain.wallclock.txt,C:\Users\ss\Desktop\XAI\XAI\engines\XAI-Compress\checkpoints\phase_i_v1_128_domain.wallclock.txt,real,text,100,6.643856189774724,lt_16KiB,60b3c4b3c9b45498713b91f89858192aa8c0c284a6c7a9022c4a9e65fef1c2b0,train
010f5bd216125c3a29ed,real:engines\XAI-Compress\data\test\archive (1)\FaceForensics++_C23\DeepFakeDetection\02_07__exit_phone_room__9NVRE2KQ.mp4,C:\Users\ss\Desktop\XAI\XAI\engines\XAI-Compress\data\test\archive (1)\FaceForensics++_C23\DeepFakeDetection\02_07__exit_phone_room__9NVRE2KQ.mp4,real,video,1910177,20.865274896166863,1_10MiB,169ce46e9e51c38ab23d2aac9d6a54113659bf0421af2941f11b08809c7c6bf2,validation
3f837181b6261036c629,real:apps\mobile_authenticator_flutter\android\.gradle\9.1.0\checksums\md5-checksums.bin,C:\Users\ss\Desktop\XAI\XAI\apps\mobile_authenticator_flutter\android\.gradle\9.1.0\checksums\md5-checksums.bin,real,binary,75515,16.20447562367176,64KiB_1MiB,1b47959b2eae06a96c191568f42d5a2e065fb7519e977cd0cd04847ba939ed1a,train
03843476f54a163533a7,real:engines\XAI-Compress\results\final\lossless_benchmark.csv,C:\Users\ss\Desktop\XAI\XAI\engines\XAI-Compress\results\final\lossless_benchmark.csv,real,csv,1794,10.80896417491926,lt_16KiB,a36d18eb9543579662ccd33036b2522ec4661c57e4334db87c50c49c89168bdd,train
2dcc3b9b19cb845ad6a1,real:apps\mobile_authenticator_flutter\test\totp_service_test.dart,C:\Users\ss\Desktop\XAI\XAI\apps\mobile_authenticator_flutter\test\totp_service_test.dart,real,source_code,710,9.471675214392045,lt_16KiB,920a9a96e5749591c9cd8b055ff143b5dd82f36e0e441f6d70401258762ef07e,test
fc96a268005bf4ba3675,real:engines\XAI-Compress\data\domain_focused\archive\wandb\run-20241217_020210-f69emzpa\files\requirements.txt,C:\Users\ss\Desktop\XAI\XAI\engines\XAI-Compress\data\domain_focused\archive\wandb\run-20241217_020210-f69emzpa\files\requirements.txt,real,text,14974,13.870172039110212,lt_16KiB,36d2b1446f8484d9b3af94961a1df38ae0c8a4b33a51e8413e8b3262b6d823c6,train
35da042ca969cf895b0d,real:engines\XAI-Compress\data\test\archive (1)\FaceForensics++_C23\DeepFakeDetection\02_07__hugging_happy__1JCLEEBQ.mp4,C:\Users\ss\Desktop\XAI\XAI\engines\XAI-Compress\data\test\archive (1)\FaceForensics++_C23\DeepFakeDetection\02_07__hugging_happy__1JCLEEBQ.mp4,real,video,7721980,22.880539387015215,1_10MiB,ed31715c1dd61f2c235bc4e0c8486513f41cf15fbc2d441215efb2188090acd4,train
92238d8247081de677d4,real:apps\mobile_authenticator_flutter\android\.gradle\9.1.0\checksums\sha1-checksums.bin,C:\Users\ss\Desktop\XAI\XAI\apps\mobile_authenticator_flutter\android\.gradle\9.1.0\checksums\sha1-checksums.bin,real,binary,147977,17.17501343026038,64KiB_1MiB,57d5f3675e7ff44faf6b160b7c285007cd7c5f65ea4583c947664d7fbb98ac78,train
57accf487c4c33d9ba81,real:engines\XAI-Compress\results\final\lossless_benchmark_raw.csv,C:\Users\ss\Desktop\XAI\XAI\engines\XAI-Compress\results\final\lossless_benchmark_raw.csv,real,csv,8970,13.130892269806624,lt_16KiB,47c0dc54236d3e95cfbf45a341ffcc371a8cc765766f2417689ccebc234893bd,validation
b4bb007938a097274cea,real:apps\mobile_authenticator_flutter\test\widget_test.dart,C:\Users\ss\Desktop\XAI\XAI\apps\mobile_authenticator_flutter\test\widget_test.dart,real,source_code,1107,10.112439506781552,lt_16KiB,41c4891246d56fbbd62fcbe2cecc93af552e1f573b85b890a427ff9ab09d7509,train
6157d33079d2e8759736,real:engines\XAI-Compress\data\test\archive (1)\FaceForensics++_C23\DeepFakeDetection\02_07__meeting_serious__1JCLEEBQ.mp4,C:\Users\ss\Desktop\XAI\XAI\engines\XAI-Compress\data\test\archive (1)\FaceForensics++_C23\DeepFakeDetection\02_07__meeting_serious__1JCLEEBQ.mp4,real,video,6316866,22.59077753790375,1_10MiB,748011a5cffcac60d7d0c0efd9a12df0dd792deb955a69113fe37278af3194a8,train
646b366d22c711bd356c,real:apps\mobile_authenticator_flutter\android\.gradle\9.1.0\fileChanges\last-build.bin,C:\Users\ss\Desktop\XAI\XAI\apps\mobile_authenticator_flutter\android\.gradle\9.1.0\fileChanges\last-build.bin,real,binary,1,0.0,lt_16KiB,6e340b9cffb37a989ca544e6bb780a2c78901d3fb33738768511a30617afa01d,train
921d357da1bee764ce1d,real:engines\XAI-Compress\results\final_analysis\final_comparison.csv,C:\Users\ss\Desktop\XAI\XAI\engines\XAI-Compress\results\final_analysis\final_comparison.csv,real,csv,90,6.491853096329675,lt_16KiB,c2b289c3259e1dc84f545db4b69c0a3cb62953bb37220f9521ef6e4438f18a77,test
107e0ee1734b9b305c42,real:apps\public_nextjs\.next\server\app\downloads\page.js,C:\Users\ss\Desktop\XAI\XAI\apps\public_nextjs\.next\server\app\downloads\page.js,real,source_code,262020,17.999317411388773,64KiB_1MiB,280f4816af7b11e04e8cb3e8f20212b353ce3a34727b187a071776229843120b,train
7fc4ebfe45a8a591ab96,real:engines\XAI-Compress\data\test\archive (1)\FaceForensics++_C23\DeepFakeDetection\02_07__outside_talking_pan_laughing__O4SXNLRL.mp4,C:\Users\ss\Desktop\XAI\XAI\engines\XAI-Compress\data\test\archive (1)\FaceForensics++_C23\DeepFakeDetection\02_07__outside_talking_pan_laughing__O4SXNLRL.mp4,real,video,6039376,22.525968064534915,1_10MiB,6da8e9d8664161725e92f9cb0572534633727a0cd79464112b2661230b0034fc,train
a3ac9053822fcc894802,real:apps\mobile_authenticator_flutter\android\.gradle\9.1.0\fileHashes\fileHashes.bin,C:\Users\ss\Desktop\XAI\XAI\apps\mobile_authenticator_flutter\android\.gradle\9.1.0\fileHashes\fileHashes.bin,real,binary,29447,14.845833042278075,16_64KiB,3c9b5c9e1a8a67a1a69a89a572e382d34d73f85d42b5a019a57a6b136f4b7558,validation
082bf669dbcf2e0362b6,real:engines\XAI-Compress\results\final_analysis\manifests\benchmark_manifest.csv,C:\Users\ss\Desktop\XAI\XAI\engines\XAI-Compress\results\final_analysis\manifests\benchmark_manifest.csv,real,csv,855,9.73978060977326,lt_16KiB,9dcdd146b20bead01f8e8330cd5004c73bb89a9bfc3a8631115646c8f9cf52de,train
11f4133a951b8a1928db,real:apps\public_nextjs\.next\server\app\downloads\page_client-reference-manifest.js,C:\Users\ss\Desktop\XAI\XAI\apps\public_nextjs\.next\server\app\downloads\page_client-reference-manifest.js,real,source_code,12564,13.617008227651965,lt_16KiB,25bcca20753956f3680de47eaaaba813caaa24d388df41286a37e3cf305d350b,train
a91f943f9a8894c3ee66,real:engines\XAI-Compress\DELIVERY_NOTES.txt,C:\Users\ss\Desktop\XAI\XAI\engines\XAI-Compress\DELIVERY_NOTES.txt,real,text,618,9.271463027904375,lt_16KiB,e58922b4462578e06ffd56c943f76e84f7762199a4512f3cf2956a31f598c634,train
6fea3c81c32f828744f7,real:engines\XAI-Compress\data\test\archive (1)\FaceForensics++_C23\DeepFakeDetection\02_07__secret_conversation__0IYV5DQ5.mp4,C:\Users\ss\Desktop\XAI\XAI\engines\XAI-Compress\data\test\archive (1)\FaceForensics++_C23\DeepFakeDetection\02_07__secret_conversation__0IYV5DQ5.mp4,real,video,5813323,22.470931639179415,1_10MiB,3e959d4741ca5cb6b4eb67be9c8d90981c62eaaa01b98519469ab24d064f657d,train
97e7cbe9d23ed020a575,real:apps\mobile_authenticator_flutter\android\.gradle\9.1.0\fileHashes\fileHashes.lock,C:\Users\ss\Desktop\XAI\XAI\apps\mobile_authenticator_flutter\android\.gradle\9.1.0\fileHashes\fileHashes.lock,real,binary,17,4.087462841250339,lt_16KiB,ed6da9798394cee2f317fee234046fce81f7acf836fd28694a259c30e210de3f,train
ec765d690bed544abdae,real:engines\XAI-Compress\results\final_analysis\model_evolution.csv,C:\Users\ss\Desktop\XAI\XAI\engines\XAI-Compress\results\final_analysis\model_evolution.csv,real,csv,1188,10.214319120800766,lt_16KiB,a34aefce77d3b6228e42f805aeb599fae4ba92bff500b75d13dfa367a504063f,train
170685f03d59b7a672d5,real:engines\XAI-Compress\results\model_search\imports\auto\residual-scale-depth-3c28504154\v1\results\model_search\residual_scale_depth\best.latest.pt,C:\Users\ss\Desktop\XAI\XAI\engines\XAI-Compress\results\model_search\imports\auto\residual-scale-depth-3c28504154\v1\results\model_search\residual_scale_depth\best.latest.pt,real,model,29678751,24.822927043096747,gt_10MiB,61445e3b40e63a1a30f1b398e4ff8cb50502e3fd66ff4c7e26595e54e0764776,train
da42af2315d304c8e1bd,real:apps\public_nextjs\.next\server\app\page.js,C:\Users\ss\Desktop\XAI\XAI\apps\public_nextjs\.next\server\app\page.js,real,source_code,335624,18.35648635899575,64KiB_1MiB,ed8b2930ba5137d5899c416cdf5f5cc8a49c054b379d30642e991a71f006910c,train
fb33c60d8e5c59167035,real:engines\XAI-Compress\QUICK_START_WINDOWS.txt,C:\Users\ss\Desktop\XAI\XAI\engines\XAI-Compress\QUICK_START_WINDOWS.txt,real,text,1345,10.393390457443987,lt_16KiB,4c51e436c1163b4d2b9ee5a93581b6122e82329aa152ea87ce615ba1182612de,validation
ccab6a5901429bc85b93,real:engines\XAI-Compress\data\test\archive (1)\FaceForensics++_C23\DeepFakeDetection\02_07__walk_down_hall_angry__U7DEOZNV.mp4,C:\Users\ss\Desktop\XAI\XAI\engines\XAI-Compress\data\test\archive (1)\FaceForensics++_C23\DeepFakeDetection\02_07__walk_down_hall_angry__U7DEOZNV.mp4,real,video,1472137,20.489480507039413,1_10MiB,f497e9f06a0d406157afa26248252e8826acacf8836af474d5f18421be4e457c,train
13b99e346afdbdf58c85,real:apps\mobile_authenticator_flutter\android\.gradle\9.1.0\fileHashes\resourceHashesCache.bin,C:\Users\ss\Desktop\XAI\XAI\apps\mobile_authenticator_flutter\android\.gradle\9.1.0\fileHashes\resourceHashesCache.bin,real,binary,19347,14.23982225492855,16_64KiB,7b7ea265c81970a01c9e7da77d6de5d8f1da34d8075fb1d70f23a75d7293c6c5,train
0096ff08930def274ad4,real:engines\XAI-Compress\results\final_analysis\model_inventory.csv,C:\Users\ss\Desktop\XAI\XAI\engines\XAI-Compress\results\final_analysis\model_inventory.csv,real,csv,1782,10.799281621521923,lt_16KiB,5cf56ede8e900b32e08c1455d46d433df7eeb1a05e35148874b8c37efbdd1173,train
8fd7592e5e3b18df7967,real:engines\XAI-Compress\results\model_search\imports\auto\residual-scale-depth-3c28504154\v1\results\model_search\residual_scale_depth\best.pt,C:\Users\ss\Desktop\XAI\XAI\engines\XAI-Compress\results\model_search\imports\auto\residual-scale-depth-3c28504154\v1\results\model_search\residual_scale_depth\best.pt,real,model,29678879,24.822933265210576,gt_10MiB,34b1ada3b66e637599a2ff95f0f12f6eb6f402dbf6d1fdabefae1cf1e9dbeb38,train
d70e480f35e3d065646a,real:apps\public_nextjs\.next\server\app\page_client-reference-manifest.js,C:\Users\ss\Desktop\XAI\XAI\apps\public_nextjs\.next\server\app\page_client-reference-manifest.js,real,source_code,12473,13.606520882775289,lt_16KiB,ccfeea95fd7f84d8ecf0e5bd8dfa381a2613732c24060e2c80da252ea747385c,test
0ebdf4283c5b6a0215ac,real:engines\XAI-Compress\requirements.txt,C:\Users\ss\Desktop\XAI\XAI\engines\XAI-Compress\requirements.txt,real,text,110,6.78135971352466,lt_16KiB,12d5e52979bac2507069908c31ce1fcd3b5c50a53bb359f4a43817ab410dc405,test
94f6f28fc0ebe5d32eb5,real:engines\XAI-Compress\data\test\archive (1)\FaceForensics++_C23\DeepFakeDetection\02_07__walking_and_outside_surprised__1VMZUH1W.mp4,C:\Users\ss\Desktop\XAI\XAI\engines\XAI-Compress\data\test\archive (1)\FaceForensics++_C23\DeepFakeDetection\02_07__walking_and_outside_surprised__1VMZUH1W.mp4,real,video,26712461,24.67100956077383,gt_10MiB,a4dfda1afbec970f10298a66171064f018fd13fa8c73581d963be1c535b87998,train
bbcc3e6213fbe304ea9d,real:apps\mobile_authenticator_flutter\android\.gradle\buildOutputCleanup\buildOutputCleanup.lock,C:\Users\ss\Desktop\XAI\XAI\apps\mobile_authenticator_flutter\android\.gradle\buildOutputCleanup\buildOutputCleanup.lock,real,binary,17,4.087462841250339,lt_16KiB,e1e6fb994782d3364e8924cc1322b464ab31d3f1b85cae19d0f10753f26da239,train
bce703da92e8a49fd408,real:engines\XAI-Compress\results\final_analysis\raw\benchmark_repetitions.csv,C:\Users\ss\Desktop\XAI\XAI\engines\XAI-Compress\results\final_analysis\raw\benchmark_repetitions.csv,real,csv,212,7.727920454563199,lt_16KiB,fb4363496943fe006ba668af777fddae67a95f4289736a9a38c7132468ad19a5,train
30eca089ba1e87af7f52,real:engines\XAI-Compress\results\model_search\imports\auto\residual-scale-depth-3c28504154\v1\results\model_search\residual_scale_depth\short_screen.epoch-0001.pt,C:\Users\ss\Desktop\XAI\XAI\engines\XAI-Compress\results\model_search\imports\auto\residual-scale-depth-3c28504154\v1\results\model_search\residual_scale_depth\short_screen.epoch-0001.pt,real,model,29678751,24.822927043096747,gt_10MiB,f36967892d1b70a9fd8f1cc0ec330ab41a2f415db75a1cbaaf98203580c32aa7,validation
30c907c4dc0ac5d0a034,real:apps\public_nextjs\.next\server\interception-route-rewrite-manifest.js,C:\Users\ss\Desktop\XAI\XAI\apps\public_nextjs\.next\server\interception-route-rewrite-manifest.js,real,source_code,47,5.554588851677638,lt_16KiB,5f82603b159561c8e11613b6cb06385556a2cf7279f9cbd7d4045c15c83fdff4,train
b8204888b307735ad9e2,real:engines\XAI-Compress\data\test\archive (1)\FaceForensics++_C23\DeepFakeDetection\02_07__walking_down_street_outside_angry__O4SXNLRL.mp4,C:\Users\ss\Desktop\XAI\XAI\engines\XAI-Compress\data\test\archive (1)\FaceForensics++_C23\DeepFakeDetection\02_07__walking_down_street_outside_angry__O4SXNLRL.mp4,real,video,3245504,21.630011103585552,1_10MiB,7087e7f6267749bac654a2060e8ae44042d3eaf4c08a69e1b58f3ab6ecb6b5c6,validation
a79486349dd2e056bef1,real:apps\mobile_authenticator_flutter\android\.gradle\buildOutputCleanup\cache.properties,C:\Users\ss\Desktop\XAI\XAI\apps\mobile_authenticator_flutter\android\.gradle\buildOutputCleanup\cache.properties,real,binary,54,5.754887502163468,lt_16KiB,002ae1a4bd438cf5ffb03a9d964990dfeb9389bcfb323b67c8b7a133ae8a12b1,test
119a811c310feacc033b,real:engines\XAI-Compress\results\final_analysis\results_by_data_type.csv,C:\Users\ss\Desktop\XAI\XAI\engines\XAI-Compress\results\final_analysis\results_by_data_type.csv,real,csv,63,5.977279923499917,lt_16KiB,4598fb143af8a055d7b0d44734b1551456e1a24b13fdac2df21afb4d24a3816d,train
dad7037a5d3935e1f02d,real:engines\XAI-Compress\results\model_search\imports\auto\residual-scale-depth-3c28504154\v1\results\model_search\residual_scale_depth\short_screen.latest.pt,C:\Users\ss\Desktop\XAI\XAI\engines\XAI-Compress\results\model_search\imports\auto\residual-scale-depth-3c28504154\v1\results\model_search\residual_scale_depth\short_screen.latest.pt,real,model,29678751,24.822927043096747,gt_10MiB,8e34a19ce7c7247a641137952c1256add880cfa82460b28a055a83aa6b8586eb,validation
3227da1dbc2dfac8e17f,real:apps\public_nextjs\.next\server\middleware-build-manifest.js,C:\Users\ss\Desktop\XAI\XAI\apps\public_nextjs\.next\server\middleware-build-manifest.js,real,source_code,513,9.002815015607053,lt_16KiB,d7900bd9987dd29c4a92a21f79d974d36c0ed78d922c14856cf7943295ba71d6,test
bb5a5ebfa178c6635dae,real:engines\XAI-Compress\data\test\archive (1)\FaceForensics++_C23\DeepFakeDetection\02_09__exit_phone_room__HIH8YA82.mp4,C:\Users\ss\Desktop\XAI\XAI\engines\XAI-Compress\data\test\archive (1)\FaceForensics++_C23\DeepFakeDetection\02_09__exit_phone_room__HIH8YA82.mp4,real,video,1715372,20.71009004622245,1_10MiB,c922334605f2a2172d8ee6cf3585d1e234c3cc5139d4ac11d79dfce6a85ed3ad,validation
e06ad4c89ea2687face9,real:apps\mobile_authenticator_flutter\android\.gradle\noVersion\buildLogic.lock,C:\Users\ss\Desktop\XAI\XAI\apps\mobile_authenticator_flutter\android\.gradle\noVersion\buildLogic.lock,real,binary,17,4.087462841250339,lt_16KiB,d0e4e51fcdbc6daf671dfbb46f2a37d5f6cc36e5020475103fabccb23ff0309e,train
e3912e357456af06dfed,real:engines\XAI-Compress\results\final_analysis\roundtrip_results.csv,C:\Users\ss\Desktop\XAI\XAI\engines\XAI-Compress\results\final_analysis\roundtrip_results.csv,real,csv,38,5.247927513443585,lt_16KiB,c6484bd00fba72894b9614e35c9f5aa34441bd7951db46338fa7777e023f0279,test
8d77bfb4ae49e142fd5d,real:engines\XAI-Compress\.test-tmp\numerics\b.json,C:\Users\ss\Desktop\XAI\XAI\engines\XAI-Compress\.test-tmp\numerics\b.json,real,json,202,7.658211482751795,lt_16KiB,63a1cbb498afe894b41aa15446e8e12b9193b46285c588d4663cd58656029837,train
43a808afe4de5b474271,real:engines\XAI-Compress\results\model_search\imports\auto\residual-scale-depth-3c28504154\v1\results\model_search\residual_scale_depth\short_screen.pt,C:\Users\ss\Desktop\XAI\XAI\engines\XAI-Compress\results\model_search\imports\auto\residual-scale-depth-3c28504154\v1\results\model_search\residual_scale_depth\short_screen.pt,real,model,29678879,24.822933265210576,gt_10MiB,989ec35dfeb8ed0d723b5ee89608d0ef8ffbfc9dbf86e3bc168d6c6b8884f1af,test
07750e2132bd98b4aef0,real:apps\public_nextjs\.next\server\middleware-react-loadable-manifest.js,C:\Users\ss\Desktop\XAI\XAI\apps\public_nextjs\.next\server\middleware-react-loadable-manifest.js,real,source_code,491,8.939579214314692,lt_16KiB,4d7de3e4240c7c11b882b77c7ee05047644fab9c09c0eee1556bb8107c71183d,train
adacdb3fb3b269d0e4ec,real:engines\XAI-Compress\data\test\archive (1)\FaceForensics++_C23\DeepFakeDetection\02_09__kitchen_pan__9TDCEK1Q.mp4,C:\Users\ss\Desktop\XAI\XAI\engines\XAI-Compress\data\test\archive (1)\FaceForensics++_C23\DeepFakeDetection\02_09__kitchen_pan__9TDCEK1Q.mp4,real,video,6543258,22.641577726464806,1_10MiB,b2285a7ff8589db78d264b065233b6ee31c959675944a60c0b7205880719866e,test
c51fd5d6e020fd4db583,real:apps\mobile_authenticator_flutter\android\app\build.gradle.kts,C:\Users\ss\Desktop\XAI\XAI\apps\mobile_authenticator_flutter\android\app\build.gradle.kts,real,binary,1472,10.523561956057012,lt_16KiB,08c86fdb07b2e5281738dd13656faded3d475cde41e7d78e0a07109a66291fb4,train
2ac273b8a7c8ad78537f,real:engines\XAI-Compress\results\final_analysis\rust_vs_python.csv,C:\Users\ss\Desktop\XAI\XAI\engines\XAI-Compress\results\final_analysis\rust_vs_python.csv,real,csv,881,9.782998208920414,lt_16KiB,593fced730d80ba1542c4e8383efe2f10658cb6edcd7a9b4c5d8192581a920ba,train
a3e871d1068d733770dc,real:engines\XAI-Compress\results\model_search\imports\candidate_a_retry_20260831\results\model_search\lr_0_0003\best.latest.pt,C:\Users\ss\Desktop\XAI\XAI\engines\XAI-Compress\results\model_search\imports\candidate_a_retry_20260831\results\model_search\lr_0_0003\best.latest.pt,real,model,29678687,24.82292393202977,gt_10MiB,d9b227ade249312aac1ac42bf479b41a4d3441675e192e68606a8214781064ec,train
79bb325c3295747efea3,real:apps\public_nextjs\.next\server\next-font-manifest.js,C:\Users\ss\Desktop\XAI\XAI\apps\public_nextjs\.next\server\next-font-manifest.js,real,source_code,113,6.820178962415188,lt_16KiB,a464413ee75e1016f3e46f43acd014660ae511a62f634896d1cd75eed7a6e47d,test
a5082b066b30fc977198,real:engines\XAI-Compress\data\test\archive (1)\FaceForensics++_C23\DeepFakeDetection\02_09__kitchen_pan__HIH8YA82.mp4,C:\Users\ss\Desktop\XAI\XAI\engines\XAI-Compress\data\test\archive (1)\FaceForensics++_C23\DeepFakeDetection\02_09__kitchen_pan__HIH8YA82.mp4,real,video,6576790,22.648952174400307,1_10MiB,e3b2a7c9edb8e31510cf8240428b98c2d313c94ab80b3571fcee61fa0bcc7b06,train
2091720cce09f193fea0,real:apps\mobile_authenticator_flutter\android\app\src\main\kotlin\com\example\xai_compress_authenticator\MainActivity.kt,C:\Users\ss\Desktop\XAI\XAI\apps\mobile_authenticator_flutter\android\app\src\main\kotlin\com\example\xai_compress_authenticator\MainActivity.kt,real,binary,145,7.1799090900149345,lt_16KiB,2b104a6c8f82f9440964ae08beb4e040f18776009f6e5282dcba98cadead08d6,train
b26de929ad20b7ac9288,real:engines\XAI-Compress\results\final_project\lossless_benchmark.csv,C:\Users\ss\Desktop\XAI\XAI\engines\XAI-Compress\results\final_project\lossless_benchmark.csv,real,csv,4250,12.053247125912426,lt_16KiB,0f2012f4ecf0c73cfed0d946774ee75b0ef148af1af15f97eeb94c67bd57638d,test
9833673d444371304671,real:engines\XAI-Compress\results\model_search\imports\candidate_a_retry_20260831\results\model_search\lr_0_0003\best.pt,C:\Users\ss\Desktop\XAI\XAI\engines\XAI-Compress\results\model_search\imports\candidate_a_retry_20260831\results\model_search\lr_0_0003\best.pt,real,model,29678879,24.822933265210576,gt_10MiB,dff6a2615314bcf44b45817cebd8427c7dac28125c6c2780973b1c498a0b1571,train
8e5bc14a2f4a61bf220c,real:apps\public_nextjs\.next\server\server-reference-manifest.js,C:\Users\ss\Desktop\XAI\XAI\apps\public_nextjs\.next\server\server-reference-manifest.js,real,source_code,140,7.129283016944966,lt_16KiB,e3e3569b463052d9dfbdeeefc359a500ce7bee41ba4233ec9839decb09a8716a,train
3b0af4d109b36e6578bb,real:engines\XAI-Compress\data\test\archive (1)\FaceForensics++_C23\DeepFakeDetection\02_09__outside_talking_pan_laughing__6KUOFMZW.mp4,C:\Users\ss\Desktop\XAI\XAI\engines\XAI-Compress\data\test\archive (1)\FaceForensics++_C23\DeepFakeDetection\02_09__outside_talking_pan_laughing__6KUOFMZW.mp4,real,video,5957047,22.506165911047827,1_10MiB,6ff13ee23a7b7576e9c38ae10c8a7e71052ea57a9cc25363442ec5f93742a67b,train
91696568237f4c6a2f7e,real:apps\mobile_authenticator_flutter\android\build.gradle.kts,C:\Users\ss\Desktop\XAI\XAI\apps\mobile_authenticator_flutter\android\build.gradle.kts,real,binary,561,9.131856960608793,lt_16KiB,218f400e3fff31c9c986a2535dfb974560e1b4d33cc27b7c1fee96a2b7e44454,train
39a02de3ede36018b3fe,real:engines\XAI-Compress\results\final_project\lossless_bpb_breakdown.csv,C:\Users\ss\Desktop\XAI\XAI\engines\XAI-Compress\results\final_project\lossless_bpb_breakdown.csv,real,csv,303,8.243173983472952,lt_16KiB,5347d6a1802290c3d98c575c6d588c944cf6edc8263f35e87c7a230dd3db0543,test
9a82b30c615f37ee7496,real:apps\public_nextjs\.next\server\vendor-chunks\@swc.js,C:\Users\ss\Desktop\XAI\XAI\apps\public_nextjs\.next\server\vendor-chunks\@swc.js,real,source_code,10362,13.33901486825008,lt_16KiB,12d3e8cb7406305653cfd5e548fd1feed1019a476d9aa8a2ada87186c75c8c36,train
b04aee5b4830fd4ed923,real:engines\XAI-Compress\data\test\archive (1)\FaceForensics++_C23\DeepFakeDetection\02_09__podium_speech_happy__9TDCEK1Q.mp4,C:\Users\ss\Desktop\XAI\XAI\engines\XAI-Compress\data\test\archive (1)\FaceForensics++_C23\DeepFakeDetection\02_09__podium_speech_happy__9TDCEK1Q.mp4,real,video,8017866,22.934786875718952,1_10MiB,66a869c7dd5e084e8f0e3a88b4519139a6b8d14b9f4652f1b06e290e2931d78e,train
0ba9af1346f32f5d484f,real:apps\mobile_authenticator_flutter\android\gradle.properties,C:\Users\ss\Desktop\XAI\XAI\apps\mobile_authenticator_flutter\android\gradle.properties,real,binary,394,8.622051819456376,lt_16KiB,d074c2ea1a17116f83b02c9a90fe47aeb0ec03ef3543e68c39e05277434ae308,train
5dc21384a6a2b295ec5d,real:engines\XAI-Compress\results\final_project\lossy_benchmark.csv,C:\Users\ss\Desktop\XAI\XAI\engines\XAI-Compress\results\final_project\lossy_benchmark.csv,real,csv,930,9.861086905995395,lt_16KiB,ffbfea0b154394263f6dd84f874a3eae790e8f952d9c5b4ab666f0959bd3db07,test
bc4daa8cf1b9939701a0,real:engines\XAI-Compress\results\model_search\imports\candidate_b_20260830-183205\XAI-Compress\scripts\kaggle\README.md,C:\Users\ss\Desktop\XAI\XAI\engines\XAI-Compress\results\model_search\imports\candidate_b_20260830-183205\XAI-Compress\scripts\kaggle\README.md,real,markdown,5000,12.287712379549449,lt_16KiB,218ba2c148757db15460f3b5935c7cc81b32582180e20f398ec4bbcff7f2ad36,validation
8dce3e79633998fc156e,real:apps\public_nextjs\.next\server\vendor-chunks\lucide-react.js,C:\Users\ss\Desktop\XAI\XAI\apps\public_nextjs\.next\server\vendor-chunks\lucide-react.js,real,source_code,59154,15.852188106610688,16_64KiB,b7a97f61294097ba870d24ad7e3b65d03c702015dcf3e2001bad1ba2ee9b8b03,train
2f5c47c84a221f5cea13,real:engines\XAI-Compress\data\test\archive (1)\FaceForensics++_C23\DeepFakeDetection\02_09__talking_angry_couch__6KUOFMZW.mp4,C:\Users\ss\Desktop\XAI\XAI\engines\XAI-Compress\data\test\archive (1)\FaceForensics++_C23\DeepFakeDetection\02_09__talking_angry_couch__6KUOFMZW.mp4,real,video,17229130,24.03834651746477,gt_10MiB,e2a4fc601fabb6cadb1e9132cb9786926dd8321dcb78130a2c3657b460441932,train
d7af659b87cf21016bc8,real:apps\mobile_authenticator_flutter\android\gradle\wrapper\gradle-wrapper.jar,C:\Users\ss\Desktop\XAI\XAI\apps\mobile_authenticator_flutter\android\gradle\wrapper\gradle-wrapper.jar,real,binary,53636,15.71091402925751,16_64KiB,16caeaf66d57a0d1d2087fef6a97efa62de8da69afa5b908f40db35afc4342da,train
2102e79198f5c83f4695,real:engines\XAI-Compress\results\final_project\sha_roundtrip_results.csv,C:\Users\ss\Desktop\XAI\XAI\engines\XAI-Compress\results\final_project\sha_roundtrip_results.csv,real,csv,1127,10.138271800172221,lt_16KiB,6eb310875f89afdb8c404e87fe62dddd20a1e37d369f52d0180db484e4d29bd4,train
aa9fe92af22abdfdc466,real:engines\XAI-Compress\checkpoints\gru_v2_hq.summary.json,C:\Users\ss\Desktop\XAI\XAI\engines\XAI-Compress\checkpoints\gru_v2_hq.summary.json,real,json,989,9.94982671075911,lt_16KiB,8cc259f9160e234aeddb32759ec48898d8a7323e8fb1222600ec3ca669d17872,train
c07cd78b19367419103a,real:engines\XAI-Compress\results\model_v2\design_report.md,C:\Users\ss\Desktop\XAI\XAI\engines\XAI-Compress\results\model_v2\design_report.md,real,markdown,7059,12.785248105945454,lt_16KiB,c950528ed307e85ea0b196d44c2eff6b151faf35c01d2ebb7b347ed357630f43,validation
db5239e22104a1ed1671,real:apps\public_nextjs\.next\server\vendor-chunks\next.js,C:\Users\ss\Desktop\XAI\XAI\apps\public_nextjs\.next\server\vendor-chunks\next.js,real,source_code,6988426,22.73653612396623,1_10MiB,25821786af6e7ab911d21079ff87c1b2834faa582190407d7acc4e582204b9c2,train
48e21ec2f07a239cb0db,real:engines\XAI-Compress\data\test\archive (1)\FaceForensics++_C23\DeepFakeDetection\02_09__walk_down_hall_angry__6KUOFMZW.mp4,C:\Users\ss\Desktop\XAI\XAI\engines\XAI-Compress\data\test\archive (1)\FaceForensics++_C23\DeepFakeDetection\02_09__walk_down_hall_angry__6KUOFMZW.mp4,real,video,1471564,20.488918857422913,1_10MiB,f0af6d9d362282406052f328451863fbc680c84411dbbfb4d4acc2209913fc2f,test
737e293826d078cd210c,real:apps\mobile_authenticator_flutter\android\gradle\wrapper\gradle-wrapper.properties,C:\Users\ss\Desktop\XAI\XAI\apps\mobile_authenticator_flutter\android\gradle\wrapper\gradle-wrapper.properties,real,binary,207,7.693486957499325,lt_16KiB,670071e5c2e25f86f82bc9db52f5d8d7c8f7b1788686a9d4c967753c69d9a2b4,validation
9859902a57dfe2d15c94,real:engines\XAI-Compress\results\final_project\training_stability.csv,C:\Users\ss\Desktop\XAI\XAI\engines\XAI-Compress\results\final_project\training_stability.csv,real,csv,339,8.405141463136344,lt_16KiB,efd79388ad5ae07d900200a57c4bf3e90e094d0306ec6b8a7cf914e045b0fbc5,train
902a0bd9c78bfaa80da6,real:engines\XAI-Compress\checkpoints\kaggle\best.history.json,C:\Users\ss\Desktop\XAI\XAI\engines\XAI-Compress\checkpoints\kaggle\best.history.json,real,json,8034,12.971902746045467,lt_16KiB,acc7fc668ea54d457d62cbcc4d1566508e13f21e6de8f8f5bf53b4890252b4b1,train
cfd31d9933db432709c2,real:engines\XAI-Compress\results\model_v2\final_report.md,C:\Users\ss\Desktop\XAI\XAI\engines\XAI-Compress\results\model_v2\final_report.md,real,markdown,633,9.306061689428342,lt_16KiB,a88528262d65ccfb7640bfe4e827c13ec9f97f73f4fd25ab8e26d3582ce08130,train
0ff9b372da6fcecbdc8a,real:apps\public_nextjs\.next\server\webpack-runtime.js,C:\Users\ss\Desktop\XAI\XAI\apps\public_nextjs\.next\server\webpack-runtime.js,real,source_code,20314,14.310186726124348,16_64KiB,1bc2b0798288ecd2ff4a1ee534cdda619a4058241b31c5581daf392006faaa0f,test
b499122a4a81c7db84f7,real:engines\XAI-Compress\data\test\archive (1)\FaceForensics++_C23\DeepFakeDetection\02_09__walking_down_street_outside_angry__6KUOFMZW.mp4,C:\Users\ss\Desktop\XAI\XAI\engines\XAI-Compress\data\test\archive (1)\FaceForensics++_C23\DeepFakeDetection\02_09__walking_down_street_outside_angry__6KUOFMZW.mp4,real,video,3177023,21.599244103777792,1_10MiB,5aedde756f507c731c8bf01663a3fc77f40bc6d0c36c9dab76790c1dc7f1240a,validation
51111996e2f5435b3172,real:apps\mobile_authenticator_flutter\android\gradlew,C:\Users\ss\Desktop\XAI\XAI\apps\mobile_authenticator_flutter\android\gradlew,real,binary,4971,12.279320387942608,lt_16KiB,ec56c02543666d92d9ac5ae7fcc48f88ce4de0deb8b7f9b39928ca46f68c1b2b,train
6cfbb12577bc33d516a8,real:engines\XAI-Compress\results\hybrid_ai\codec_benchmark.csv,C:\Users\ss\Desktop\XAI\XAI\engines\XAI-Compress\results\hybrid_ai\codec_benchmark.csv,real,csv,11971,13.54725605269814,lt_16KiB,77003e2699a54ca9b692133a736f562e40639d6e6d63eeaed2ba2eb8f6c91bf5,train
0b56a8336d926b137c46,real:engines\XAI-Compress\checkpoints\kaggle\best.summary.json,C:\Users\ss\Desktop\XAI\XAI\engines\XAI-Compress\checkpoints\kaggle\best.summary.json,real,json,1025,10.001408194392809,lt_16KiB,36d7ff7d23c7c79b267328f694b89acbdab85844f282d3bd8205b40b6f0846ac,test
5a24e848090bca32f8f2,real:engines\XAI-Compress\results\model_v2\kaggle_lossless_v2_progress.md,C:\Users\ss\Desktop\XAI\XAI\engines\XAI-Compress\results\model_v2\kaggle_lossless_v2_progress.md,real,markdown,4009,11.96902670215077,lt_16KiB,b30948551f47c17906601ec529689368babebf4c93c422c7b54226a5fd5e94ab,train
c04e75b69a96f5423881,real:apps\public_nextjs\.next\static\chunks\_app-pages-browser_node_modules_next_dist_client_dev_noop-turbopack-hmr_js.js,C:\Users\ss\Desktop\XAI\XAI\apps\public_nextjs\.next\static\chunks\_app-pages-browser_node_modules_next_dist_client_dev_noop-turbopack-hmr_js.js,real,source_code,7921,12.951466861932795,lt_16KiB,38ae13508a5b8cc4f43d6a97ba8dd70e988d7f6b392d80db24084305800c9292,train
724172c822ad090d0356,real:engines\XAI-Compress\data\test\archive (1)\FaceForensics++_C23\DeepFakeDetection\02_11__meeting_serious__NZJ1YEWE.mp4,C:\Users\ss\Desktop\XAI\XAI\engines\XAI-Compress\data\test\archive (1)\FaceForensics++_C23\DeepFakeDetection\02_11__meeting_serious__NZJ1YEWE.mp4,real,video,6337219,22.595418442005162,1_10MiB,40ba5840b482b3a89db5108ccc62492f0536eb4396424dbbdd02dcbc105dfaf6,train
4644945f49b452e0307e,real:apps\mobile_authenticator_flutter\android\local.properties,C:\Users\ss\Desktop\XAI\XAI\apps\mobile_authenticator_flutter\android\local.properties,real,binary,162,7.339850002884624,lt_16KiB,2d430b591dbb9e8fd81a32a9c591afd7eb2581f04b9a72ed27a807500292b13d,train
13de65abccd316cc7ad0,real:engines\XAI-Compress\results\hybrid_ai\final_decision_table.csv,C:\Users\ss\Desktop\XAI\XAI\engines\XAI-Compress\results\hybrid_ai\final_decision_table.csv,real,csv,548,9.098032082960527,lt_16KiB,5298bd4aaa340a190b84ec31e0592771b0a029ad38d6c42f9498f6408ca8e136,test
f6397f014b8e0b175526,real:engines\XAI-Compress\checkpoints\model_search\current_best.json,C:\Users\ss\Desktop\XAI\XAI\engines\XAI-Compress\checkpoints\model_search\current_best.json,real,json,679,9.407267764244732,lt_16KiB,ea67e94bc082c088d63efe88430532625f8e28e94f07f1fa6d514d6816ae97aa,train
a189c4a6994334b0866a,real:engines\XAI-Compress\results\model_v2\lossless_v2_gradient_diagnostic.md,C:\Users\ss\Desktop\XAI\XAI\engines\XAI-Compress\results\model_v2\lossless_v2_gradient_diagnostic.md,real,markdown,1567,10.61378946447258,lt_16KiB,07819b44f8ebdd7a44f244d343f941278ba69a7256c4545e1cc9ddbb1a446bdd,train
628846fec5ac69c3de40,real:apps\public_nextjs\.next\static\chunks\app-pages-internals.js,C:\Users\ss\Desktop\XAI\XAI\apps\public_nextjs\.next\static\chunks\app-pages-internals.js,real,source_code,276899,18.079000317965974,64KiB_1MiB,56c438d4ecd69305a0ae223feee7ced857aab97f662a30648ba7e1dbdd38002a,train
3530cbf427fe3db74eee,real:engines\XAI-Compress\data\test\archive (1)\FaceForensics++_C23\DeepFakeDetection\02_12__podium_speech_happy__9D2ZHEKW.mp4,C:\Users\ss\Desktop\XAI\XAI\engines\XAI-Compress\data\test\archive (1)\FaceForensics++_C23\DeepFakeDetection\02_12__podium_speech_happy__9D2ZHEKW.mp4,real,video,8007399,22.932902265244135,1_10MiB,3eb5877bf599acda37b912786ddab5cc80aed51cf104bc9d362d178e69e6f665,validation
cc0a768c16bc4f521d5e,real:apps\mobile_authenticator_flutter\android\settings.gradle.kts,C:\Users\ss\Desktop\XAI\XAI\apps\mobile_authenticator_flutter\android\settings.gradle.kts,real,binary,797,9.638435913990472,lt_16KiB,d6b16579d5f6a6066cc22323c4e34adb82020f7b75378bffed7f0358bc949ce3,test
76c2f06f787e0c0d27fd,real:engines\XAI-Compress\results\hybrid_ai\hybrid_benchmark.csv,C:\Users\ss\Desktop\XAI\XAI\engines\XAI-Compress\results\hybrid_ai\hybrid_benchmark.csv,real,csv,6647,12.698487638557692,lt_16KiB,7634610a9c0015a2a62dd75eb7b9aa7a87bf32cacb172b6354e0af538fae5fe8,train
cb44ceccde0cdb95b3e3,real:engines\XAI-Compress\checkpoints\neural_lossless_v2\best.history.json,C:\Users\ss\Desktop\XAI\XAI\engines\XAI-Compress\checkpoints\neural_lossless_v2\best.history.json,real,json,41153,15.328709984615863,16_64KiB,b805d18bfa9cc5512ec5f02b67e2b8c0c39c238e356bc13585c4f28272f84125,train
efd24e78ff6d0f481461,real:engines\XAI-Compress\results\model_v2\lossless_v2_preflight.md,C:\Users\ss\Desktop\XAI\XAI\engines\XAI-Compress\results\model_v2\lossless_v2_preflight.md,real,markdown,3729,11.86457308177364,lt_16KiB,192bc0dbbe4e4824a4decf70cbce5ea391b08c651340cb3c579cb571f18b61b1,test
5e9acf5d91dbfd814517,real:apps\public_nextjs\.next\static\chunks\app\downloads\page.js,C:\Users\ss\Desktop\XAI\XAI\apps\public_nextjs\.next\static\chunks\app\downloads\page.js,real,source_code,1666,10.702172685365548,lt_16KiB,6aaf1789ceefbbdb97021350cf631dc178178cb05182dc55acf0386917ebdf43,train
38b4cd0dee72f881aa59,real:engines\XAI-Compress\data\test\archive (1)\FaceForensics++_C23\DeepFakeDetection\02_12__walking_and_outside_surprised__9D2ZHEKW.mp4,C:\Users\ss\Desktop\XAI\XAI\engines\XAI-Compress\data\test\archive (1)\FaceForensics++_C23\DeepFakeDetection\02_12__walking_and_outside_surprised__9D2ZHEKW.mp4,real,video,25325557,24.594090663634827,gt_10MiB,9317824da9a0b64cb1f104e3763e802a5de10f467e59a93cc59a1957fb42998f,train
c5fe4bd55561c0538e72,real:engines\XAI-Compress\results\hybrid_ai\oracle_benchmark.csv,C:\Users\ss\Desktop\XAI\XAI\engines\XAI-Compress\results\hybrid_ai\oracle_benchmark.csv,real,csv,6290,12.618844301766652,lt_16KiB,ffaabfcbd1eea78f96bbfbfb57551ba8960a76f7b4f1d8d83fa658e1bdc72403,train
0607ab4e74cffa22d2fc,real:engines\XAI-Compress\checkpoints\neural_lossy_v1\validation.history.json,C:\Users\ss\Desktop\XAI\XAI\engines\XAI-Compress\checkpoints\neural_lossy_v1\validation.history.json,real,json,638,9.31741261376487,lt_16KiB,95d1ddd8e5e163cbc3c59f5480406e3ef26d601005208b119cb73ba9b151e67d,validation
c6e862e4fe55d78e09fa,real:engines\XAI-Compress\results\model_v2\v2_stability_audit.md,C:\Users\ss\Desktop\XAI\XAI\engines\XAI-Compress\results\model_v2\v2_stability_audit.md,real,markdown,7890,12.945809584900822,lt_16KiB,d19fce39e808b15b6037869fe6df259a10fe73a52897c2acfb75599049fa30cf,validation
11dc56f9601fdd5d0618,real:apps\public_nextjs\.next\static\chunks\app\layout.js,C:\Users\ss\Desktop\XAI\XAI\apps\public_nextjs\.next\static\chunks\app\layout.js,real,source_code,156436,17.25521302701163,64KiB_1MiB,529788208a0c4e6eb36d846ef2a8ea86492edabc711507505426a14369eb2b4a,train
5132c938711baa760049,real:engines\XAI-Compress\data\test\archive (1)\FaceForensics++_C23\DeepFakeDetection\02_13__exit_phone_room__CP5HFV3K.mp4,C:\Users\ss\Desktop\XAI\XAI\engines\XAI-Compress\data\test\archive (1)\FaceForensics++_C23\DeepFakeDetection\02_13__exit_phone_room__CP5HFV3K.mp4,real,video,1738388,20.729318690143167,1_10MiB,ccc621757aff5cc49b59c89befabc1aa67a73239074b6451b700c4a8e05a0c17,train
77abb0d9a717f79882cb,real:apps\mobile_authenticator_flutter\build\89db6f9b88d5fdd225b264a6f84d2160\gen_dart_plugin_registrant.stamp,C:\Users\ss\Desktop\XAI\XAI\apps\mobile_authenticator_flutter\build\89db6f9b88d5fdd225b264a6f84d2160\gen_dart_plugin_registrant.stamp,real,binary,255,7.994353436858858,lt_16KiB,a3d0323772805f5d282a5ef65b367bb5bf7f70cb65beeb970ee8ec71b3cc264e,train
605dbaf888cbb5cac821,real:engines\XAI-Compress\checkpoints\neural_lossy_v1\validation.summary.json,C:\Users\ss\Desktop\XAI\XAI\engines\XAI-Compress\checkpoints\neural_lossy_v1\validation.summary.json,real,json,473,8.885696373339394,lt_16KiB,875aaac7cf6d74f2c7a49954aa574fc205e9de9648a33e719a5d03ba374ca0de,train
17e767d784667b0bcd96,real:apps\public_nextjs\.next\static\chunks\app\page.js,C:\Users\ss\Desktop\XAI\XAI\apps\public_nextjs\.next\static\chunks\app\page.js,real,source_code,153620,17.22900652918385,64KiB_1MiB,55d1e12334279f1c8b4691a1b14925c040abbfce8e08ce0fc4790511167e1ed1,train
f051c524c7c4b6d47661,real:engines\XAI-Compress\data\test\archive (1)\FaceForensics++_C23\DeepFakeDetection\02_13__hugging_happy__PLNVLO74.mp4,C:\Users\ss\Desktop\XAI\XAI\engines\XAI-Compress\data\test\archive (1)\FaceForensics++_C23\DeepFakeDetection\02_13__hugging_happy__PLNVLO74.mp4,real,video,7802410,22.895488380225142,1_10MiB,32806e9983e67b36441a418875843f0bc468b6ee3334acfee57e06106bb01c32,train
f3f935972ce27ab269bf,real:engines\XAI-Compress\results\hybrid_ai\regret_analysis.csv,C:\Users\ss\Desktop\XAI\XAI\engines\XAI-Compress\results\hybrid_ai\regret_analysis.csv,real,csv,7605,12.89273253261186,lt_16KiB,07d0db714e1757d95f688ddadb9fc6ea02d2660855acb652250a2e67516088ba,train
2df3d860822a6fbe38cd,real:engines\XAI-Compress\checkpoints\phase_i_v1_128_domain.summary.json,C:\Users\ss\Desktop\XAI\XAI\engines\XAI-Compress\checkpoints\phase_i_v1_128_domain.summary.json,real,json,987,9.946906274456397,lt_16KiB,f9b5767c2088f04b00e80b33773c69b0c4fc25353f6e3840710faeacfe71d3fe,validation
209a1c86925289128ab1,real:apps\public_nextjs\.next\static\chunks\main-app.js,C:\Users\ss\Desktop\XAI\XAI\apps\public_nextjs\.next\static\chunks\main-app.js,real,source_code,7831100,22.900783540069458,1_10MiB,c65a1bb086062a30ba2c2d9dfa9f7535896bd4af0ba4850076f036ffbf20f376,train
b33a6dc6d81d4466ec1f,real:engines\XAI-Compress\xai_compress.egg-info\dependency_links.txt,C:\Users\ss\Desktop\XAI\XAI\engines\XAI-Compress\xai_compress.egg-info\dependency_links.txt,real,text,1,0.0,lt_16KiB,01ba4719c80b6fe911b091a7c05124b64eeece964e09c058ef8f9805daca546b,train
2d972416e5ea584e6e99,real:engines\XAI-Compress\data\test\archive (1)\FaceForensics++_C23\DeepFakeDetection\02_13__kitchen_pan__2YSYT2N3.mp4,C:\Users\ss\Desktop\XAI\XAI\engines\XAI-Compress\data\test\archive (1)\FaceForensics++_C23\DeepFakeDetection\02_13__kitchen_pan__2YSYT2N3.mp4,real,video,6548550,22.642744065380292,1_10MiB,0894b9ec4270370ebdd75940a9ca74a5b4c452bf91385c27356f02de062f4ffa,test
36fdadf31a9ecd75add2,real:engines\XAI-Compress\results\hybrid_ai\runtime_breakdown.csv,C:\Users\ss\Desktop\XAI\XAI\engines\XAI-Compress\results\hybrid_ai\runtime_breakdown.csv,real,csv,2337,11.190442018782825,lt_16KiB,3d59bef86953a3f7c0457b9b65dcc2b48ded1bdfbd8b7a4106a69b4373ca0498,validation
517dc27e4f71189df1d9,real:engines\XAI-Compress\checkpoints\phase_i_v1_128_sanity.summary.json,C:\Users\ss\Desktop\XAI\XAI\engines\XAI-Compress\checkpoints\phase_i_v1_128_sanity.summary.json,real,json,1001,9.967226258835993,lt_16KiB,0b0e3674982a61fb030d8dd73068c3273c21d3dbc937f8344d304eb674c40958,train
d38cdbfe392f0d872bc9,real:infrastructure\kubernetes\README.md,C:\Users\ss\Desktop\XAI\XAI\infrastructure\kubernetes\README.md,real,markdown,82,6.357552004618084,lt_16KiB,f4429f149b9005f56f6573a05e91d56fa94ceb4e077aa95a0ba4b5c06ca5ef94,train
8abb57b457777e88f55e,real:apps\public_nextjs\.next\static\chunks\polyfills.js,C:\Users\ss\Desktop\XAI\XAI\apps\public_nextjs\.next\static\chunks\polyfills.js,real,source_code,112594,16.780770424404867,64KiB_1MiB,0973c1d64c88adc8e3c950410cb58b288f72118d5965b78049438deb8f2f9683,test
beb489d833f0ea3c3344,real:engines\XAI-Compress\xai_compress.egg-info\entry_points.txt,C:\Users\ss\Desktop\XAI\XAI\engines\XAI-Compress\xai_compress.egg-info\entry_points.txt,real,text,55,5.78135971352466,lt_16KiB,62ffce221f08dfaaed98b09506c78f8042539f9e624d5109070f4341d2e964fd,validation
fd9f722b21f6abdda250,real:engines\XAI-Compress\data\test\archive (1)\FaceForensics++_C23\DeepFakeDetection\02_13__meeting_serious__CP5HFV3K.mp4,C:\Users\ss\Desktop\XAI\XAI\engines\XAI-Compress\data\test\archive (1)\FaceForensics++_C23\DeepFakeDetection\02_13__meeting_serious__CP5HFV3K.mp4,real,video,6382424,22.60567302287691,1_10MiB,1f33dc1931f4b3470cf0e6528e43341ebf56d038c5fbc581f328a4870f92fada,validation
5f38961594ae92b7c467,real:apps\mobile_authenticator_flutter\pubspec.lock,C:\Users\ss\Desktop\XAI\XAI\apps\mobile_authenticator_flutter\pubspec.lock,real,binary,20359,14.313379079937926,16_64KiB,bf8c265e9fd4f8ad2c088ce1cae32f8cc8610d6ed0d9ddcd4e18d5b5718cdd01,validation
a4cb364eeabc9d046f6a,real:engines\XAI-Compress\results\hybrid_ai\selector_confusion_matrix.csv,C:\Users\ss\Desktop\XAI\XAI\engines\XAI-Compress\results\hybrid_ai\selector_confusion_matrix.csv,real,csv,3498,11.772314573921653,lt_16KiB,5ba711703d40fb8ca707a28da51bb2c58812417ea848077932a7a7c5915b9a6f,validation
efec9b8ca44371c1e9dd,real:engines\XAI-Compress\checkpoints\phase_j_v1_128.summary.json,C:\Users\ss\Desktop\XAI\XAI\engines\XAI-Compress\checkpoints\phase_j_v1_128.summary.json,real,json,981,9.938109326219239,lt_16KiB,b0eb93a9a0df5c2e2686b23c1033e95e312de746b614f27a9e992b2344c7f8f0,train
2da18822575fa0632548,real:infrastructure\monitoring\README.md,C:\Users\ss\Desktop\XAI\XAI\infrastructure\monitoring\README.md,real,markdown,44,5.459431618637297,lt_16KiB,8ee85bcae046a18e649d310c55f8752ce2bdc029b70891cb58fc0fc450efdb85,train
2df260fec0a509ea9b1a,real:apps\public_nextjs\.next\static\chunks\webpack.js,C:\Users\ss\Desktop\XAI\XAI\apps\public_nextjs\.next\static\chunks\webpack.js,real,source_code,139692,17.09188987606603,64KiB_1MiB,62dd9cab21b1b7ace381d0461931a8fa59bab52f9d3593c95f6cc3e3e08b9c10,train
d2eb5a5138ea06eaea9c,real:engines\XAI-Compress\xai_compress.egg-info\requires.txt,C:\Users\ss\Desktop\XAI\XAI\engines\XAI-Compress\xai_compress.egg-info\requires.txt,real,text,23,4.523561956057013,lt_16KiB,97ceb55a044fc256b35d34471b085acaa2db91f959b6494365c367ae6b120343,train
b83d7359feb7a2075d16,real:engines\XAI-Compress\data\test\archive (1)\FaceForensics++_C23\DeepFakeDetection\02_13__outside_talking_pan_laughing__2YSYT2N3.mp4,C:\Users\ss\Desktop\XAI\XAI\engines\XAI-Compress\data\test\archive (1)\FaceForensics++_C23\DeepFakeDetection\02_13__outside_talking_pan_laughing__2YSYT2N3.mp4,real,video,6069839,22.533226819415997,1_10MiB,2d20b81dee4f3c778474449321cd5676cbd9e2b83c9d8fd3578878b0d56dc835,validation
c0c629c329aeeceda004,real:apps\mobile_authenticator_flutter\pubspec.yaml,C:\Users\ss\Desktop\XAI\XAI\apps\mobile_authenticator_flutter\pubspec.yaml,real,binary,597,9.221587121264806,lt_16KiB,e7b5d2098f03963e3a444c0b779461bb3ac508d5b2e8fd80d878bf2a45c1654a,train
33ee9cdee674f29d2d9e,real:engines\XAI-Compress\results\hybrid_ai\selector_dataset.csv,C:\Users\ss\Desktop\XAI\XAI\engines\XAI-Compress\results\hybrid_ai\selector_dataset.csv,real,csv,475953,18.86045958995587,64KiB_1MiB,87ca75d3860547a14bbd2d0bedb7300c1efd5958d7993ad9bdec595ce0ab80a8,train
0d6ac96dd7c9a3ae4d13,real:engines\XAI-Compress\checkpoints\phase_j_v1_256.summary.json,C:\Users\ss\Desktop\XAI\XAI\engines\XAI-Compress\checkpoints\phase_j_v1_256.summary.json,real,json,981,9.938109326219239,lt_16KiB,c382ec460aad8acc69fb63f8c5b957314767db848b76b5ea8ff0465ce33f4eef,train
fe128a4a3abb935ade8f,real:infrastructure\vault\README.md,C:\Users\ss\Desktop\XAI\XAI\infrastructure\vault\README.md,real,markdown,56,5.807354922057604,lt_16KiB,adb87c540fbb9d636930f9d769872ac95c6676662c752b620c75b90fd90a0b5a,train
e44e395d769e722aa1b9,real:apps\public_nextjs\.next\static\development\_buildManifest.js,C:\Users\ss\Desktop\XAI\XAI\apps\public_nextjs\.next\static\development\_buildManifest.js,real,source_code,238,7.894817763307944,lt_16KiB,495d51c5aa56a5e592c8b91e3959b5234da6a185b2c17a7e303cc64974323c0b,train
cd06dce17c2a06ac23aa,real:engines\XAI-Compress\xai_compress.egg-info\SOURCES.txt,C:\Users\ss\Desktop\XAI\XAI\engines\XAI-Compress\xai_compress.egg-info\SOURCES.txt,real,text,569,9.152284842306582,lt_16KiB,6b82ff7fae293c8349ea33a07a5f9a97bf1ed9a75d3bd58a890c782a39f9bcbf,train
ac3f5609f52cfcc41c89,real:engines\XAI-Compress\data\test\archive (1)\FaceForensics++_C23\DeepFakeDetection\02_13__outside_talking_still_laughing__CP5HFV3K.mp4,C:\Users\ss\Desktop\XAI\XAI\engines\XAI-Compress\data\test\archive (1)\FaceForensics++_C23\DeepFakeDetection\02_13__outside_talking_still_laughing__CP5HFV3K.mp4,real,video,6533850,22.63950190399912,1_10MiB,0654194e05134bef9a341b269777aae48356d229f804f67b8fde93c2c2cbba82,train
65ad976f04abc5876076,real:apps\public_nextjs\.dockerignore,C:\Users\ss\Desktop\XAI\XAI\apps\public_nextjs\.dockerignore,real,binary,34,5.087462841250339,lt_16KiB,07a71dc33cd3b8d3291c85caba301b365efa9b40c8bea93a80fb242122fb0d7a,train
20cb03e2c284978c7f64,real:engines\XAI-Compress\results\hybrid_ai\selector_feature_importance.csv,C:\Users\ss\Desktop\XAI\XAI\engines\XAI-Compress\results\hybrid_ai\selector_feature_importance.csv,real,csv,4606,12.169298695792845,lt_16KiB,a9b4873721448f7b1fb5613083a62179d3e53decedef4790571beae67ca73c8c,test
40ec53ff10f573d4300f,real:engines\XAI-Compress\checkpoints\selector\best.json,C:\Users\ss\Desktop\XAI\XAI\engines\XAI-Compress\checkpoints\selector\best.json,real,json,264866,18.014903135888567,64KiB_1MiB,3992fead42e8c2f4f23b9618a1810b1e665116aa5799c68ca93a6973dfbce296,validation
48445d069a796b1a8573,real:labs\cpp_simd\README.md,C:\Users\ss\Desktop\XAI\XAI\labs\cpp_simd\README.md,real,markdown,81,6.339850002884624,lt_16KiB,e3a159ef191952655e43e05ca302c2925e51298207ff1e6623cae1598a88780a,train
f71fb5bb58c3cf07d1a9,real:apps\public_nextjs\.next\static\development\_ssgManifest.js,C:\Users\ss\Desktop\XAI\XAI\apps\public_nextjs\.next\static\development\_ssgManifest.js,real,source_code,76,6.247927513443585,lt_16KiB,653f3e53e89b4f8548ff86c19e92bb3c6b84b6be7485a320b1e00893ed877479,train
6eb81ee8052621e0df28,real:engines\XAI-Compress\xai_compress.egg-info\top_level.txt,C:\Users\ss\Desktop\XAI\XAI\engines\XAI-Compress\xai_compress.egg-info\top_level.txt,real,text,13,3.700439718141092,lt_16KiB,6febe9f1362a83fe12783e78835b2fadb80a6b12d5b6908807989cc01898a8c3,train
ceb68a8868bcd038b876,real:engines\XAI-Compress\data\test\archive (1)\FaceForensics++_C23\DeepFakeDetection\02_13__podium_speech_happy__2YSYT2N3.mp4,C:\Users\ss\Desktop\XAI\XAI\engines\XAI-Compress\data\test\archive (1)\FaceForensics++_C23\DeepFakeDetection\02_13__podium_speech_happy__2YSYT2N3.mp4,real,video,7799429,22.89493707675775,1_10MiB,5c391f644ef69f6eff522652b1aeee47a636e25509ff274f8056d670ddcb7b84,test
13b2acd573df4467dbf3,real:apps\public_nextjs\.env.example,C:\Users\ss\Desktop\XAI\XAI\apps\public_nextjs\.env.example,real,binary,87,6.442943495848728,lt_16KiB,8c70cf9eed157428aad6b29b31df19e402e4387ebfe13f24730d1e6f46bb3d0d,train
5321a4b887e5b8a6306e,real:engines\XAI-Compress\results\hybrid_ai\selector_labels.csv,C:\Users\ss\Desktop\XAI\XAI\engines\XAI-Compress\results\hybrid_ai\selector_labels.csv,real,csv,14309,13.804635230827737,lt_16KiB,bf72b22d73d40bcb67e956bdb1c839f9f2417d50cf9c69e2a9b6e3cd021fc835,train
52d1a2a3a534e5c8fc09,real:engines\XAI-Compress\checkpoints\selector\feature_schema.json,C:\Users\ss\Desktop\XAI\XAI\engines\XAI-Compress\checkpoints\selector\feature_schema.json,real,json,3188,11.638435913990472,lt_16KiB,f2deab7759d792e51ffb2a462b1cdf46bf23bde1db0a15719716f47c48522507,train
d37c582263628d995f24,real:labs\nlp_cv_rag\README.md,C:\Users\ss\Desktop\XAI\XAI\labs\nlp_cv_rag\README.md,real,markdown,145,7.1799090900149345,lt_16KiB,554264e40475d5269a206e993e03cdbe951a389a24f939082b893b1bb57eff66,train
1b088cb33acee90b1145,real:apps\public_nextjs\.next\static\webpack\webpack.1cde06a0bb489b45.hot-update.js,C:\Users\ss\Desktop\XAI\XAI\apps\public_nextjs\.next\static\webpack\webpack.1cde06a0bb489b45.hot-update.js,real,source_code,1157,10.17617314910749,lt_16KiB,7b1db1e82df0de155248dab59d31c904f93f0a673ab660ee60ef57159f0385db,validation
ebcfbb8773b4ca925a5b,real:services\api_fastapi\requirements.txt,C:\Users\ss\Desktop\XAI\XAI\services\api_fastapi\requirements.txt,real,text,274,8.098032082960527,lt_16KiB,7eb5952432d8f6ab55cd436ce0aaf708a737d52b2e806b35edae0d7004bbff63,train
25955629f0c899beaa21,real:engines\XAI-Compress\data\test\archive (1)\FaceForensics++_C23\DeepFakeDetection\02_13__secret_conversation__CP5HFV3K.mp4,C:\Users\ss\Desktop\XAI\XAI\engines\XAI-Compress\data\test\archive (1)\FaceForensics++_C23\DeepFakeDetection\02_13__secret_conversation__CP5HFV3K.mp4,real,video,477826,18.866125831894774,64KiB_1MiB,14051da5f20c0e2a5dafa395b7d6c6d27cd205089c89e837cd210d0684315bd8,train
5f8724e09072ab9a265f,real:apps\public_nextjs\.gitignore,C:\Users\ss\Desktop\XAI\XAI\apps\public_nextjs\.gitignore,real,binary,49,5.614709844115208,lt_16KiB,58a43472c935cb48bcf1270662961f78f69d6accf404d42718684e4cc4429858,test
58ef958ecf7fb5ed8367,real:engines\XAI-Compress\results\hybrid_ai\selector_model_metrics.csv,C:\Users\ss\Desktop\XAI\XAI\engines\XAI-Compress\results\hybrid_ai\selector_model_metrics.csv,real,csv,1259,10.298062567719017,lt_16KiB,a3b3bf414f7ed8b1e1065663e98c825f9967227aa96004ee9d669daf19c0a285,train
b29e54bde92f508d6897,real:engines\XAI-Compress\checkpoints\selector\label_schema.json,C:\Users\ss\Desktop\XAI\XAI\engines\XAI-Compress\checkpoints\selector\label_schema.json,real,json,168,7.392317422778761,lt_16KiB,f9a2d676d7e56a3dad8030577d10ba3711fda5e4f124cc3dc2e0dfe6faddaa23,train
10c09cec25f0d8bd44c7,real:labs\tensorflow_comparison\README.md,C:\Users\ss\Desktop\XAI\XAI\labs\tensorflow_comparison\README.md,real,markdown,74,6.20945336562895,lt_16KiB,41bcd16c9c18b91993728fa71963024c4f95ec89c3c310445e0122136a60df41,train
9ab099b5b5289311c1e7,real:apps\public_nextjs\.next\types\app\downloads\page.ts,C:\Users\ss\Desktop\XAI\XAI\apps\public_nextjs\.next\types\app\downloads\page.ts,real,source_code,3738,11.868050853745158,lt_16KiB,d7144ff961e1d8dd6923ced4f289a11fce41cdef8a59462e685d528819d44a50,train
499e44e37ebd539dacad,real:engines\XAI-Compress\data\test\archive (1)\FaceForensics++_C23\DeepFakeDetection\02_13__secret_conversation__PLNVLO74.mp4,C:\Users\ss\Desktop\XAI\XAI\engines\XAI-Compress\data\test\archive (1)\FaceForensics++_C23\DeepFakeDetection\02_13__secret_conversation__PLNVLO74.mp4,real,video,5760859,22.45785251686703,1_10MiB,50ee25216c73254a99709bdccfc716ae31d98862efa42f725b40a3fd6ca62f1f,validation
40edde3ff58386c6e648,real:apps\public_nextjs\.next\cache\.rscinfo,C:\Users\ss\Desktop\XAI\XAI\apps\public_nextjs\.next\cache\.rscinfo,real,binary,102,6.672425341971495,lt_16KiB,5b3ee2ef314de0dc6adc83b4a21f02ddd964bc5700e813a1791d93a322c2086b,test
80b465222a6e5fca5af5,real:engines\XAI-Compress\checkpoints\selector\metrics.json,C:\Users\ss\Desktop\XAI\XAI\engines\XAI-Compress\checkpoints\selector\metrics.json,real,json,3439,11.74777340052679,lt_16KiB,c6a660d4f9bead7013c4c49a89ed2c1b27ddb3e01366720a35e30e7c13245489,train
4e8a7f2e8737c0d866ca,real:README.md,C:\Users\ss\Desktop\XAI\XAI\README.md,real,markdown,2570,11.32755264408124,lt_16KiB,0b0188389a5dcd90bdfffcd38d5ea35916c651a5bb8101d512e99bf27f66e610,train
1a302733864fb9f80795,real:apps\public_nextjs\.next\types\app\layout.ts,C:\Users\ss\Desktop\XAI\XAI\apps\public_nextjs\.next\types\app\layout.ts,real,source_code,3714,11.858758099935422,lt_16KiB,c8485c6c82e9711866d1d6a214a3059de1e22507d4fb587b086babaa9d963c46,train
228d03535570307a2c4b,real:engines\XAI-Compress\data\test\archive (1)\FaceForensics++_C23\DeepFakeDetection\02_13__walking_and_outside_surprised__CP5HFV3K.mp4,C:\Users\ss\Desktop\XAI\XAI\engines\XAI-Compress\data\test\archive (1)\FaceForensics++_C23\DeepFakeDetection\02_13__walking_and_outside_surprised__CP5HFV3K.mp4,real,video,21125435,24.33247771286702,gt_10MiB,8b25be105ffdf363909cf44c6d2c913336e036f958a411d2e1b1111576bf18be,train
46d0ebdac62329ffaa29,real:apps\public_nextjs\.next\cache\webpack\client-development\index.pack.gz.old,C:\Users\ss\Desktop\XAI\XAI\apps\public_nextjs\.next\cache\webpack\client-development\index.pack.gz.old,real,binary,86316,16.39734038948805,64KiB_1MiB,eee4a6e54776cef66f710c1db9410b5b583cdd15e3cc2c658683c3bd1bbc992a,train
a89d7b9b1e1b6961fd53,real:engines\XAI-Compress\checkpoints\selector\model_manifest.json,C:\Users\ss\Desktop\XAI\XAI\engines\XAI-Compress\checkpoints\selector\model_manifest.json,real,json,487,8.927777962082342,lt_16KiB,4a4c2fefaebc92f2b181cdfe7de815fbdfa77a25dc7148f8259b551f9fab0221,validation
5807c07c2b2d4dcebf50,real:services\enterprise_spring\README.md,C:\Users\ss\Desktop\XAI\XAI\services\enterprise_spring\README.md,real,markdown,52,5.700439718141092,lt_16KiB,b7b046d561d458fcba90217955d18b9e574ea0b519fa55d505cdd7a76b78cda7,train
68a6b60513b9d585309e,real:apps\public_nextjs\.next\types\app\page.ts,C:\Users\ss\Desktop\XAI\XAI\apps\public_nextjs\.next\types\app\page.ts,real,source_code,3702,11.854089179870574,lt_16KiB,62369f7855a405ac3586f0ea4e94f078b976e5e6c20eb93dc186ce67d07eee7b,train
52854e18c4077c169d2c,real:engines\XAI-Compress\data\test\archive (1)\FaceForensics++_C23\DeepFakeDetection\02_14__outside_talking_pan_laughing__3IUBEKCT.mp4,C:\Users\ss\Desktop\XAI\XAI\engines\XAI-Compress\data\test\archive (1)\FaceForensics++_C23\DeepFakeDetection\02_14__outside_talking_pan_laughing__3IUBEKCT.mp4,real,video,6096412,22.539528973840405,1_10MiB,e87e48a1d1224920afc3f850ab581e7f109ca994fd426831a1c576459a18528d,train
f3942225858a24a30f6e,real:apps\public_nextjs\.next\cache\webpack\server-development\index.pack.gz.old,C:\Users\ss\Desktop\XAI\XAI\apps\public_nextjs\.next\cache\webpack\server-development\index.pack.gz.old,real,binary,145230,17.147979974469376,64KiB_1MiB,96e3029b39e7f6e06e2df74434d2aaf2b03ea3150db098d52dd5aefbeb677e4c,train
2acaa07b468033b8b1ea,real:engines\XAI-Compress\configs\default.json,C:\Users\ss\Desktop\XAI\XAI\engines\XAI-Compress\configs\default.json,real,json,191,7.577428828035749,lt_16KiB,baaec10879d2417ad2214b7834bb3710e20b7bc4ef1d752e81dad39c735c742d,validation
c68cebf5eb0c8fb36d82,real:services\realtime_node\README.md,C:\Users\ss\Desktop\XAI\XAI\services\realtime_node\README.md,real,markdown,42,5.392317422778761,lt_16KiB,b24b24131ca0786d0d72bc1660ae129efe22496f9c8c43496d9fffc82faadace,train
7b8272535b09ef9b936e,real:apps\public_nextjs\.next\types\cache-life.d.ts,C:\Users\ss\Desktop\XAI\XAI\apps\public_nextjs\.next\types\cache-life.d.ts,real,source_code,5863,12.517423341396473,lt_16KiB,2552a31fad45a9ed1bde87e51b038dc0e786cd364b597162263abbf57018949b,validation
c3599328087d3bc42a06,real:engines\XAI-Compress\data\test\archive (1)\FaceForensics++_C23\DeepFakeDetection\02_15__exit_phone_room__I8G2LWD1.mp4,C:\Users\ss\Desktop\XAI\XAI\engines\XAI-Compress\data\test\archive (1)\FaceForensics++_C23\DeepFakeDetection\02_15__exit_phone_room__I8G2LWD1.mp4,real,video,1678635,20.678857136147315,1_10MiB,a269a223f0eec4d6a7414fc53491d9b3c7ec56cafcd3f78dfd584d8ca7838645,train
e787c4b33c0e116ac4bd,real:apps\public_nextjs\.next\static\css\app\layout.css,C:\Users\ss\Desktop\XAI\XAI\apps\public_nextjs\.next\static\css\app\layout.css,real,binary,8775,13.099183410079286,lt_16KiB,5535cd64efab8c1f2ed1bd7286782764d0e408637484d74f4e4b49e95f288539,train
63593234a75401f62726,real:engines\XAI-Compress\configs\experiments\exp01_tiny_gru.json,C:\Users\ss\Desktop\XAI\XAI\engines\XAI-Compress\configs\experiments\exp01_tiny_gru.json,real,json,155,7.2761244052742375,lt_16KiB,d412f987405f3374cb17dff191ce33bbca024ecaf84c393f62cc907c30b5fdcc,train
a8f774e0d5fa56b73ddf,real:services\support_symfony\README.md,C:\Users\ss\Desktop\XAI\XAI\services\support_symfony\README.md,real,markdown,60,5.906890595608519,lt_16KiB,40e14c2e5a2dee26ecb38406de84443c1a9c93ced098bbaf09e55b60fb0fb05d,train
f99b6bb11feb9d915422,real:apps\public_nextjs\.next\types\routes.d.ts,C:\Users\ss\Desktop\XAI\XAI\apps\public_nextjs\.next\types\routes.d.ts,real,source_code,1671,10.706496018061188,lt_16KiB,1419675c566fc08d2c3578b19e3dcb1dff0ac9fc2266cd1c84453560545fd828,test
444780b8b37f7194acff,real:engines\XAI-Compress\data\test\archive (1)\FaceForensics++_C23\DeepFakeDetection\02_15__exit_phone_room__MZWH8ATN.mp4,C:\Users\ss\Desktop\XAI\XAI\engines\XAI-Compress\data\test\archive (1)\FaceForensics++_C23\DeepFakeDetection\02_15__exit_phone_room__MZWH8ATN.mp4,real,video,1649189,20.65332531299824,1_10MiB,524e5a5961f75680774b89bbadd1068ada67d0febc4229b89b353eb674e2468b,train
b00647a7dac9598594b4,real:apps\public_nextjs\.next\trace,C:\Users\ss\Desktop\XAI\XAI\apps\public_nextjs\.next\trace,real,binary,44230,15.432737621786016,16_64KiB,65795b6d8ef2aec754df6c0d0aaa41ae6797f6af58f935e3c453bd0edb88c400,train
48a49ab9f11cb706abfb,real:engines\XAI-Compress\results\model_search\imports\auto\residual-scale-depth-3c28504154\v1\results\model_search\residual_scale_depth\best.metrics.csv,C:\Users\ss\Desktop\XAI\XAI\engines\XAI-Compress\results\model_search\imports\auto\residual-scale-depth-3c28504154\v1\results\model_search\residual_scale_depth\best.metrics.csv,real,csv,14429,13.816683697047816,lt_16KiB,629b59ca7fa10738a8e747f14f66e9ef565566e2385ffcc131645ed322b0d4ea,train
8ff93106a6a3c4b8929a,real:engines\XAI-Compress\configs\experiments\exp02_small_transformer.json,C:\Users\ss\Desktop\XAI\XAI\engines\XAI-Compress\configs\experiments\exp02_small_transformer.json,real,json,165,7.366322214245816,lt_16KiB,96d99508a6ef57979dbbc229c058dd380154112b8e9ce08f737505dc3ef68b3e,train
aedca929aa742fd71e9b,real:tools\qt_inspector\README.md,C:\Users\ss\Desktop\XAI\XAI\tools\qt_inspector\README.md,real,markdown,66,6.044394119358453,lt_16KiB,5dfa2133fba34e78ab059ad7b58c6e465b55a9ca47c56c61c18f8b6375d769f7,test
a02e0963bd6bb6c596ad,real:apps\public_nextjs\.next\types\validator.ts,C:\Users\ss\Desktop\XAI\XAI\apps\public_nextjs\.next\types\validator.ts,real,source_code,4567,12.157031074378354,lt_16KiB,6e2bb35058020ce2d7d283b27e76d09d18fba66bc181478f941e3c8527c941c4,train
8d02840613127134f739,real:engines\XAI-Compress\data\test\archive (1)\FaceForensics++_C23\DeepFakeDetection\02_15__hugging_happy__MZWH8ATN.mp4,C:\Users\ss\Desktop\XAI\XAI\engines\XAI-Compress\data\test\archive (1)\FaceForensics++_C23\DeepFakeDetection\02_15__hugging_happy__MZWH8ATN.mp4,real,video,7711977,22.878669318242228,1_10MiB,ada46654067b0cb2fb8339eb71a38f226c50113b882fbb4579cd01c703a02ade,validation
44a28849d2ddb291a41a,real:apps\public_nextjs\app\globals.css,C:\Users\ss\Desktop\XAI\XAI\apps\public_nextjs\app\globals.css,real,binary,7773,12.92425580090125,lt_16KiB,ee570d4bc363db3211e706ac8e1a074261bce5ab143e7a1b8a85b0835662816f,train
59ddfacf4b611b7f4ddf,real:engines\XAI-Compress\configs\gru_default.json,C:\Users\ss\Desktop\XAI\XAI\engines\XAI-Compress\configs\gru_default.json,real,json,158,7.303780748177103,lt_16KiB,71bcd445dd79061611fae0b2c527046d976782b13b774cdd6b6c6ec57e6e9b26,train
bcc29aefa82f2fc182c3,real:apps\public_nextjs\app\architecture\page.tsx,C:\Users\ss\Desktop\XAI\XAI\apps\public_nextjs\app\architecture\page.tsx,real,source_code,1416,10.467605550082997,lt_16KiB,9f1f13936eb78010569cab00bafa75d6ea360126f769dbe3c6f819a19bb26f07,test
774b806faf06455acd63,real:engines\XAI-Compress\data\test\archive (1)\FaceForensics++_C23\DeepFakeDetection\02_15__hugging_happy__XNJIS4S3.mp4,C:\Users\ss\Desktop\XAI\XAI\engines\XAI-Compress\data\test\archive (1)\FaceForensics++_C23\DeepFakeDetection\02_15__hugging_happy__XNJIS4S3.mp4,real,video,7742810,22.88442580976974,1_10MiB,22be4fc0eb0ee6be2b2e86402a3cc18d36332dc346512bdd2fd8f4398e4118bb,train
adc5b86ec725b8711754,real:apps\public_nextjs\Dockerfile,C:\Users\ss\Desktop\XAI\XAI\apps\public_nextjs\Dockerfile,real,binary,619,9.273795599214264,lt_16KiB,0ef043ef50e69aaecbf8d1869db20916639f3640a5f6a425accfcb5cfb7ee7f5,train
fd92d55f5169a15f74dc,real:engines\XAI-Compress\results\model_search\imports\auto\residual-scale-depth-3c28504154\v1\results\model_search\residual_scale_depth\short_screen.metrics.csv,C:\Users\ss\Desktop\XAI\XAI\engines\XAI-Compress\results\model_search\imports\auto\residual-scale-depth-3c28504154\v1\results\model_search\residual_scale_depth\short_screen.metrics.csv,real,csv,6979,12.7688046164558,lt_16KiB,d2878628105b722a9242e5190e934ef2a4bf48ec9c17a9646fcbefdafafbd850,test
210e8d8f5805079b6f51,real:engines\XAI-Compress\configs\hybrid_profiles.json,C:\Users\ss\Desktop\XAI\XAI\engines\XAI-Compress\configs\hybrid_profiles.json,real,json,362,8.499845887083206,lt_16KiB,749fb21f76067fbddbfafce3c8e4dbb9f22f60afdf3690d4fd1b4a1251f2a634,train
0a16cd7dbe2154e829c1,real:apps\public_nextjs\app\contact\page.tsx,C:\Users\ss\Desktop\XAI\XAI\apps\public_nextjs\app\contact\page.tsx,real,source_code,662,9.370687406807217,lt_16KiB,ea700a62f0d90f79ec9ef9b01fc339c0e5b6133f279c40112f8d97c5ce3ab305,train
bec24f01d07e61cb66f0,real:engines\XAI-Compress\data\test\archive (1)\FaceForensics++_C23\DeepFakeDetection\02_15__kitchen_still__XNJIS4S3.mp4,C:\Users\ss\Desktop\XAI\XAI\engines\XAI-Compress\data\test\archive (1)\FaceForensics++_C23\DeepFakeDetection\02_15__kitchen_still__XNJIS4S3.mp4,real,video,7981599,22.92824636818792,1_10MiB,6a86f1e79d0041c6e67f2f2260ff2e2aafe9f1939c291c6a036243fe5cdb2330,train
765b8b62bd4aaade7aad,real:apps\web_angular\.angular\cache\20.3.28\xai-web\.tsbuildinfo,C:\Users\ss\Desktop\XAI\XAI\apps\web_angular\.angular\cache\20.3.28\xai-web\.tsbuildinfo,real,binary,56333,15.781692683540813,16_64KiB,93b863e0783edbcbac3816421aa749d09671e5fe68d936a6f80a2c54bf588a2c,train
754c1d0f3b41e4210863,real:engines\XAI-Compress\configs\model_search_v2.json,C:\Users\ss\Desktop\XAI\XAI\engines\XAI-Compress\configs\model_search_v2.json,real,json,3925,11.938476938666351,lt_16KiB,173958f02399b35763b333cf3d9c651633102decb5951ea1e82e5e4621ab6c89,train
f34def9fb472356e4ee0,real:apps\public_nextjs\app\docs\page.tsx,C:\Users\ss\Desktop\XAI\XAI\apps\public_nextjs\app\docs\page.tsx,real,source_code,1212,10.243173983472952,lt_16KiB,9f009eb9fe78123ba150c0dd17cdb81ac5617ce62490cd39e8d25985559532a5,test
d777423af4f9dacd1d9f,real:engines\XAI-Compress\data\test\archive (1)\FaceForensics++_C23\DeepFakeDetection\02_15__meeting_serious__MZWH8ATN.mp4,C:\Users\ss\Desktop\XAI\XAI\engines\XAI-Compress\data\test\archive (1)\FaceForensics++_C23\DeepFakeDetection\02_15__meeting_serious__MZWH8ATN.mp4,real,video,6336228,22.595192818970094,1_10MiB,bde78a833e7dfd58ac2d101217af1f4cdf74ad46baaccde9f36514db9df21284,train
433bac6e4cd853ffba78,real:apps\web_angular\.angular\cache\20.3.28\xai-web\vite\deps\@angular_common.js.map,C:\Users\ss\Desktop\XAI\XAI\apps\web_angular\.angular\cache\20.3.28\xai-web\vite\deps\@angular_common.js.map,real,binary,93,6.539158811108031,lt_16KiB,ed562b0bba7ee7214e56ac7f728054b3496bec4597c94a4eb7b4179e6f5cb1c9,train
4c80f5a4a4fb916d4bff,real:engines\XAI-Compress\data\domain_focused\archive\config.json,C:\Users\ss\Desktop\XAI\XAI\engines\XAI-Compress\data\domain_focused\archive\config.json,real,json,788,9.622051819456376,lt_16KiB,5572bb0a564feb070c550268570856f39196fedab4f95968adb39ba8718defc1,validation
3c2a7a5b0bb71db1ff4d,real:apps\public_nextjs\app\downloads\page.tsx,C:\Users\ss\Desktop\XAI\XAI\apps\public_nextjs\app\downloads\page.tsx,real,source_code,1402,10.453270634010623,lt_16KiB,052820cb9974bb4b0515f80a781ccb2ea66c150a874eaf88cc49b61fb58a28d5,train
7b5d02d1d5b8cca6c5c6,real:engines\XAI-Compress\data\test\archive (1)\FaceForensics++_C23\DeepFakeDetection\02_15__outside_talking_pan_laughing__I8G2LWD1.mp4,C:\Users\ss\Desktop\XAI\XAI\engines\XAI-Compress\data\test\archive (1)\FaceForensics++_C23\DeepFakeDetection\02_15__outside_talking_pan_laughing__I8G2LWD1.mp4,real,video,6055513,22.529817754050676,1_10MiB,ae9f842f0dd49cab9744a8cdf1aaf9818af9cd84f291108d437f4b320c1a6291,train
e2a02306b977048b5597,real:engines\XAI-Compress\data\domain_focused\archive\generation_config.json,C:\Users\ss\Desktop\XAI\XAI\engines\XAI-Compress\data\domain_focused\archive\generation_config.json,real,json,112,6.807354922057604,lt_16KiB,b81b4e5414e7256e14eaca4597234f4d09829251784bbf0e0eb013f115f32aa3,train
a43aea813f9b9f4abec7,real:apps\public_nextjs\app\layout.tsx,C:\Users\ss\Desktop\XAI\XAI\apps\public_nextjs\app\layout.tsx,real,source_code,889,9.79603960882977,lt_16KiB,ea24b64d8c172a302f10ad388d43bc0ced18877e29cf1f49f2ecd15bbeb67511,validation
0009fdc8364a97fb75b4,real:engines\XAI-Compress\data\test\archive (1)\FaceForensics++_C23\DeepFakeDetection\02_15__outside_talking_pan_laughing__SB6PMCO0.mp4,C:\Users\ss\Desktop\XAI\XAI\engines\XAI-Compress\data\test\archive (1)\FaceForensics++_C23\DeepFakeDetection\02_15__outside_talking_pan_laughing__SB6PMCO0.mp4,real,video,6032996,22.524443195152532,1_10MiB,e447254d3ce93b6ccbc368e6bd4be936220b71161140d6df473b095430628471,train
6bffc1d008d48a6c4ecc,real:apps\public_nextjs\app\page.tsx,C:\Users\ss\Desktop\XAI\XAI\apps\public_nextjs\app\page.tsx,real,source_code,4229,12.046100845028802,lt_16KiB,bcd1515b33c2de5fe384c79b19a010d33b045780218e6ae8622b97673def73b4,train
fd8c098372c5d6736bd8,real:engines\XAI-Compress\data\test\archive (1)\FaceForensics++_C23\DeepFakeDetection\02_15__podium_speech_happy__MZWH8ATN.mp4,C:\Users\ss\Desktop\XAI\XAI\engines\XAI-Compress\data\test\archive (1)\FaceForensics++_C23\DeepFakeDetection\02_15__podium_speech_happy__MZWH8ATN.mp4,real,video,8358551,22.99482143432166,1_10MiB,7f7840cde277d45f5da3934f5f8fa7509605e2b5936d2e01ced7bf2c5b3add6e,train
78d551054203a28cda54,real:apps\web_angular\.angular\cache\20.3.28\xai-web\vite\deps\@angular_forms.js.map,C:\Users\ss\Desktop\XAI\XAI\apps\web_angular\.angular\cache\20.3.28\xai-web\vite\deps\@angular_forms.js.map,real,binary,412027,18.652379354296265,64KiB_1MiB,4ee27c74358fae3ec03ca8b7f2cbad56b61bcdfccb3642ea13dd8d3ca0d126c0,train
ca528c2924b4d66a7016,real:apps\public_nextjs\app\pricing\page.tsx,C:\Users\ss\Desktop\XAI\XAI\apps\public_nextjs\app\pricing\page.tsx,real,source_code,1047,10.032045726930809,lt_16KiB,87b6aa6f3f61cf2008b2ccfb1edf731dbdba519b7aa7cd203599234bd1302a90,test
f314840500dba21eac5e,real:engines\XAI-Compress\data\test\archive (1)\FaceForensics++_C23\DeepFakeDetection\02_15__secret_conversation__MZWH8ATN.mp4,C:\Users\ss\Desktop\XAI\XAI\engines\XAI-Compress\data\test\archive (1)\FaceForensics++_C23\DeepFakeDetection\02_15__secret_conversation__MZWH8ATN.mp4,real,video,511667,18.964845664064644,64KiB_1MiB,eec1bb4feaf70f2728a40ca38b20aa64cf60f329b3bfadeaec08d25f3c5b3da3,train
e3cdaa0f567f22583f36,real:engines\XAI-Compress\results\model_search\imports\candidate_a_retry_20260831\results\model_search\lr_0_0003\best.metrics.csv,C:\Users\ss\Desktop\XAI\XAI\engines\XAI-Compress\results\model_search\imports\candidate_a_retry_20260831\results\model_search\lr_0_0003\best.metrics.csv,real,csv,14546,13.828334860961816,lt_16KiB,06164f0ddfcac803f899437f159cb5b24ce39c86878fa44edaec17e4d1065e3c,train
db82badb78e75d94c4e1,real:engines\XAI-Compress\data\domain_focused\archive\results\checkpoint-1000\special_tokens_map.json,C:\Users\ss\Desktop\XAI\XAI\engines\XAI-Compress\data\domain_focused\archive\results\checkpoint-1000\special_tokens_map.json,real,json,1451,10.502831804066744,lt_16KiB,b3846e549e128b1f530bf441b070de90fec02d24cc7315dcf80db0264707199b,train
0727818b5374f961f13e,real:apps\public_nextjs\app\privacy\page.tsx,C:\Users\ss\Desktop\XAI\XAI\apps\public_nextjs\app\privacy\page.tsx,real,source_code,601,9.231221180711186,lt_16KiB,3ad4c2b83d76e22d1f1326079da47909b441566451bf78b7fb566bbabed8f712,train
7fc62ed73785724370ad,real:engines\XAI-Compress\data\test\archive (1)\FaceForensics++_C23\DeepFakeDetection\02_15__talking_against_wall__HTG660F8.mp4,C:\Users\ss\Desktop\XAI\XAI\engines\XAI-Compress\data\test\archive (1)\FaceForensics++_C23\DeepFakeDetection\02_15__talking_against_wall__HTG660F8.mp4,real,video,5349471,22.350964802256566,1_10MiB,3f522a1916d9635945bb3b62bdefceac2bf79487caa34c897d1f9027cbf9159f,train
890f7fc757c4c8a13c00,real:apps\web_angular\.angular\cache\20.3.28\xai-web\vite\deps\@angular_router.js.map,C:\Users\ss\Desktop\XAI\XAI\apps\web_angular\.angular\cache\20.3.28\xai-web\vite\deps\@angular_router.js.map,real,binary,442383,18.754936420843674,64KiB_1MiB,afb620e240c1d1c838c86f2ec9bff0727bdf5de348f10ed2618d190709923724,train
b464a54de26f914a3e55,real:engines\XAI-Compress\data\domain_focused\archive\results\checkpoint-1000\tokenizer.json,C:\Users\ss\Desktop\XAI\XAI\engines\XAI-Compress\data\domain_focused\archive\results\checkpoint-1000\tokenizer.json,real,json,6408126,22.611471084391024,1_10MiB,58d23fb192e2afe76d0c781350723134dc12cc7c8c5762d05d509a953cfd22f6,train
3dd50029f948e0d8b0ce,real:apps\public_nextjs\app\robots.ts,C:\Users\ss\Desktop\XAI\XAI\apps\public_nextjs\app\robots.ts,real,source_code,217,7.7615512324444795,lt_16KiB,075235ced463b39d396e680ad31f6b28585be586f6b66a7eaebd4852bc9419ac,train
b54fff2e83ffb727b486,real:engines\XAI-Compress\data\test\archive (1)\FaceForensics++_C23\DeepFakeDetection\02_15__talking_angry_couch__HTG660F8.mp4,C:\Users\ss\Desktop\XAI\XAI\engines\XAI-Compress\data\test\archive (1)\FaceForensics++_C23\DeepFakeDetection\02_15__talking_angry_couch__HTG660F8.mp4,real,video,17288858,24.0433392404127,gt_10MiB,791990fa3bf55b3b75feeab73117cf4b439f9566284d5f46f5d54997d7dbf7f8,train
c0f5bbbe638af7de1ea6,real:apps\web_angular\.angular\cache\20.3.28\xai-web\vite\deps\chunk-2PAGCKIQ.js.map,C:\Users\ss\Desktop\XAI\XAI\apps\web_angular\.angular\cache\20.3.28\xai-web\vite\deps\chunk-2PAGCKIQ.js.map,real,binary,424999,18.69709992110659,64KiB_1MiB,ca4cb75d80d6c587570aec7cfe456fbb069e7cad7ca73384da3147c9db85825c,train
60e0b90af75442735160,real:engines\XAI-Compress\data\domain_focused\archive\results\checkpoint-1000\tokenizer_config.json,C:\Users\ss\Desktop\XAI\XAI\engines\XAI-Compress\data\domain_focused\archive\results\checkpoint-1000\tokenizer_config.json,real,json,10399,13.344157180569118,lt_16KiB,a2fcc4427bc12af77d0f4c0bae02b94318b62326dc85eca55b3b204e63720df5,validation
bcfa5f0be65ecc197830,real:apps\public_nextjs\app\security\page.tsx,C:\Users\ss\Desktop\XAI\XAI\apps\public_nextjs\app\security\page.tsx,real,source_code,1643,10.682116764950074,lt_16KiB,66958b7c53446d005d6a91903c29f3a08cdee3ed4177a873ceca1c5f101880f0,train
4dee73d039146dc3ea7c,real:engines\XAI-Compress\data\test\archive (1)\FaceForensics++_C23\DeepFakeDetection\02_15__talking_angry_couch__I8G2LWD1.mp4,C:\Users\ss\Desktop\XAI\XAI\engines\XAI-Compress\data\test\archive (1)\FaceForensics++_C23\DeepFakeDetection\02_15__talking_angry_couch__I8G2LWD1.mp4,real,video,17318040,24.045772323936216,gt_10MiB,682bf6759b9184517ade8899e6d05cb5bf1e0fbb251db0b0bd8b8815a74e236a,train
7075bc0d4a24c8406591,real:apps\web_angular\.angular\cache\20.3.28\xai-web\vite\deps\chunk-CZENYOMI.js.map,C:\Users\ss\Desktop\XAI\XAI\apps\web_angular\.angular\cache\20.3.28\xai-web\vite\deps\chunk-CZENYOMI.js.map,real,binary,2516823,21.263172329326743,1_10MiB,63356442fba44b7d262ec5f1366bafcc74292897425e95548f6517eaacbfd1a2,validation
eb9208010fe38f40e34a,real:engines\XAI-Compress\data\domain_focused\archive\results\checkpoint-1000\trainer_state.json,C:\Users\ss\Desktop\XAI\XAI\engines\XAI-Compress\data\domain_focused\archive\results\checkpoint-1000\trainer_state.json,real,json,1384,10.434628227636725,lt_16KiB,c99dd1b2dfc7790016cb119ea5cabf9f2d96ca3f69cfb38abc215907667557fe,train
f54271c10cc688031cad,real:apps\public_nextjs\app\sitemap.ts,C:\Users\ss\Desktop\XAI\XAI\apps\public_nextjs\app\sitemap.ts,real,source_code,322,8.330916878114618,lt_16KiB,f336bf2a230998e50f01552e4d1857c79ddf61ee257664803e0f488b8d1bfd58,train
a94b588bb91e1aebe086,real:engines\XAI-Compress\data\test\archive (1)\FaceForensics++_C23\DeepFakeDetection\02_15__walk_down_hall_angry__TN2CWM3K.mp4,C:\Users\ss\Desktop\XAI\XAI\engines\XAI-Compress\data\test\archive (1)\FaceForensics++_C23\DeepFakeDetection\02_15__walk_down_hall_angry__TN2CWM3K.mp4,real,video,1477738,20.49495907452757,1_10MiB,feab4d6cf547ea4515185b06b5145eeb28757cf650767b5f8988471300a20b8b,train
6d54618149205523e60c,real:apps\web_angular\.angular\cache\20.3.28\xai-web\vite\deps\chunk-N2L2W5DK.js.map,C:\Users\ss\Desktop\XAI\XAI\apps\web_angular\.angular\cache\20.3.28\xai-web\vite\deps\chunk-N2L2W5DK.js.map,real,binary,1220,10.252665432450248,lt_16KiB,eb7e093b0a324e95da4b0dc29bb6ca108ec0b95fc029086704b19fc6ea8423cd,train
5d415242b0babe5fa93b,real:apps\public_nextjs\app\status\page.tsx,C:\Users\ss\Desktop\XAI\XAI\apps\public_nextjs\app\status\page.tsx,real,source_code,916,9.839203788096944,lt_16KiB,9fe3d36d8b3b634ae2cd0056a38ffea7521e458dc744f81bdaca6e60aeac0c69,train
be617f67f8dfba1f41ee,real:engines\XAI-Compress\data\test\archive (1)\FaceForensics++_C23\DeepFakeDetection\02_15__walking_and_outside_surprised__HTG660F8.mp4,C:\Users\ss\Desktop\XAI\XAI\engines\XAI-Compress\data\test\archive (1)\FaceForensics++_C23\DeepFakeDetection\02_15__walking_and_outside_surprised__HTG660F8.mp4,real,video,26943143,24.683414819615614,gt_10MiB,236b1d9df993a3fa16492ebcb63ed846f6f5e93a9f6433ba8c0cfc7bb0fd952b,train
51adae7fe2c193ec255e,real:apps\web_angular\.angular\cache\20.3.28\xai-web\vite\deps\chunk-RSS3ODKE.js.map,C:\Users\ss\Desktop\XAI\XAI\apps\web_angular\.angular\cache\20.3.28\xai-web\vite\deps\chunk-RSS3ODKE.js.map,real,binary,356924,18.445257387638968,64KiB_1MiB,93c399bcab58dac16182cf0ba9bfc5ae95d9d4bdcf03f7bf0eafa8b12f69fd0d,train
a44d09822c8639779d9e,real:apps\public_nextjs\app\terms\page.tsx,C:\Users\ss\Desktop\XAI\XAI\apps\public_nextjs\app\terms\page.tsx,real,source_code,573,9.162391328756906,lt_16KiB,9566bcbbe2fa4822e759a5f49602026dbb60903b979bfc2fd8d87cf0eb31659a,validation
77ba4e3328aefc3547a0,real:engines\XAI-Compress\data\test\archive (1)\FaceForensics++_C23\DeepFakeDetection\02_15__walking_and_outside_surprised__I8G2LWD1.mp4,C:\Users\ss\Desktop\XAI\XAI\engines\XAI-Compress\data\test\archive (1)\FaceForensics++_C23\DeepFakeDetection\02_15__walking_and_outside_surprised__I8G2LWD1.mp4,real,video,26689020,24.66974299602722,gt_10MiB,42df7e431d739be4870e2ecc0409a6d67c9d9fe8192048b0cd10a2290b8d07d9,validation
884139265de82041bd29,real:apps\web_angular\.angular\cache\20.3.28\xai-web\vite\deps\chunk-UZLFQOR7.js.map,C:\Users\ss\Desktop\XAI\XAI\apps\web_angular\.angular\cache\20.3.28\xai-web\vite\deps\chunk-UZLFQOR7.js.map,real,binary,132885,17.01981873746363,64KiB_1MiB,ff7341f1ca2435a96a0f3c3285e5f555f27c1d422d0136b72ff6c9fdbbb2b321,train
d797c457aaaf743904ba,real:apps\public_nextjs\components\cta.tsx,C:\Users\ss\Desktop\XAI\XAI\apps\public_nextjs\components\cta.tsx,real,source_code,545,9.090112419664289,lt_16KiB,23db222e3faf52af46220693fef80992f0f296bc272480ef7c78882f615f644b,train
f256aca58bd68b60e728,real:engines\XAI-Compress\data\test\archive (1)\FaceForensics++_C23\DeepFakeDetection\02_15__walking_and_outside_surprised__MZWH8ATN.mp4,C:\Users\ss\Desktop\XAI\XAI\engines\XAI-Compress\data\test\archive (1)\FaceForensics++_C23\DeepFakeDetection\02_15__walking_and_outside_surprised__MZWH8ATN.mp4,real,video,20762946,24.307507822649757,gt_10MiB,ce69d066982be0ea9f0c5f4b7bd6c3246db9378025768538e1a81431d1aa9961,test
2f3edbdc662d4b8c8bc6,real:apps\web_angular\.angular\cache\20.3.28\xai-web\vite\deps\chunk-VISR7373.js.map,C:\Users\ss\Desktop\XAI\XAI\apps\web_angular\.angular\cache\20.3.28\xai-web\vite\deps\chunk-VISR7373.js.map,real,binary,213098,17.701157527418424,64KiB_1MiB,070bb83767c142fb774e7d3dd9fe48a88d9fab9d619b6de44d7c561b34bc93f4,validation
77bfd3803c9627c368f4,real:apps\public_nextjs\components\footer.tsx,C:\Users\ss\Desktop\XAI\XAI\apps\public_nextjs\components\footer.tsx,real,source_code,882,9.784634845557521,lt_16KiB,3ef8e007e3356d399bffa58d2e51177d18469127c29cd631868a7508fdbe0f59,train
f3c0091e799fff433228,real:engines\XAI-Compress\data\test\archive (1)\FaceForensics++_C23\DeepFakeDetection\02_15__walking_outside_cafe_disgusted__MZWH8ATN.mp4,C:\Users\ss\Desktop\XAI\XAI\engines\XAI-Compress\data\test\archive (1)\FaceForensics++_C23\DeepFakeDetection\02_15__walking_outside_cafe_disgusted__MZWH8ATN.mp4,real,video,3012844,21.522694543865278,1_10MiB,f439700f4ed9e2a8b2e2cd7b57e45cad3ae4d0e9cac14db1b319d2b5adb2d989,train
7c91833668aee4fc60be,real:apps\public_nextjs\components\header.tsx,C:\Users\ss\Desktop\XAI\XAI\apps\public_nextjs\components\header.tsx,real,source_code,790,9.625708843064466,lt_16KiB,a58284da49f3a531e4aa5ddf7e72845d16daa068028101ecea01d314a394f322,train
f887056a858ef5d79853,real:engines\XAI-Compress\data\test\archive (1)\FaceForensics++_C23\DeepFakeDetection\02_18__exit_phone_room__OXMEEFUQ.mp4,C:\Users\ss\Desktop\XAI\XAI\engines\XAI-Compress\data\test\archive (1)\FaceForensics++_C23\DeepFakeDetection\02_18__exit_phone_room__OXMEEFUQ.mp4,real,video,1647883,20.652182383864787,1_10MiB,14dd6934fc7bb1bcc957d1268c8011dfe9e73ae530c960ebbbf0bb1d61cf8f34,test
afac6a96f592f4b51b87,real:engines\XAI-Compress\data\domain_focused\archive\results\checkpoint-1290\trainer_state.json,C:\Users\ss\Desktop\XAI\XAI\engines\XAI-Compress\data\domain_focused\archive\results\checkpoint-1290\trainer_state.json,real,json,4325,12.078484417411449,lt_16KiB,04142e5cf948669486221d1c8d1464ada79197ddee53a8ea82aa2d49a9be7137,train
c8fe8dcc237cf70acc9f,real:apps\public_nextjs\components\section-heading.tsx,C:\Users\ss\Desktop\XAI\XAI\apps\public_nextjs\components\section-heading.tsx,real,source_code,195,7.60733031374961,lt_16KiB,2dc675360a7bc17cd5fa66bd9185275e67c61c46530020779bac55712345f9d1,train
a563728f78cc32ecb872,real:engines\XAI-Compress\data\test\archive (1)\FaceForensics++_C23\DeepFakeDetection\02_18__outside_talking_pan_laughing__OXMEEFUQ.mp4,C:\Users\ss\Desktop\XAI\XAI\engines\XAI-Compress\data\test\archive (1)\FaceForensics++_C23\DeepFakeDetection\02_18__outside_talking_pan_laughing__OXMEEFUQ.mp4,real,video,6108579,22.542405383397316,1_10MiB,8c3e44512b78acf86a8ab4d429f1a3cb111f2a0e6c5bd68ddce60884ea3a1c52,train
db287dcc0366ea9c293d,real:apps\web_angular\.angular\cache\20.3.28\xai-web\vite\deps\zone__js.js.map,C:\Users\ss\Desktop\XAI\XAI\apps\web_angular\.angular\cache\20.3.28\xai-web\vite\deps\zone__js.js.map,real,binary,193009,17.558308596296154,64KiB_1MiB,f1b288e1aa8b3da80aeef6c8f22e4f217f8955a148499cc7f2a7eba4a995d2c0,train
7da935a5c5745da0fc47,real:engines\XAI-Compress\results\model_search\leaderboard.csv,C:\Users\ss\Desktop\XAI\XAI\engines\XAI-Compress\results\model_search\leaderboard.csv,real,csv,803,9.649256177517314,lt_16KiB,d7d2fd730a7b104cb5ab2c82601f322f6e10fcd2aed0259b631c7cd23a05999f,test
bde3693e1919277f0d4f,real:apps\public_nextjs\next-env.d.ts,C:\Users\ss\Desktop\XAI\XAI\apps\public_nextjs\next-env.d.ts,real,source_code,268,8.066089190457772,lt_16KiB,f4e8976c19fc926644d72610bf1058bd6bf52add97e46a02bc0b912a751625c0,test
0fa295f3c7b4a6dd403e,real:engines\XAI-Compress\data\test\archive (1)\FaceForensics++_C23\DeepFakeDetection\02_18__secret_conversation__B95S4G6F.mp4,C:\Users\ss\Desktop\XAI\XAI\engines\XAI-Compress\data\test\archive (1)\FaceForensics++_C23\DeepFakeDetection\02_18__secret_conversation__B95S4G6F.mp4,real,video,5674585,22.436083456822967,1_10MiB,e15f71c411237234a3aedd4bb6fd2d259c48029690514ec91eee16a95e196b37,train
ebe413d22f1686e9b681,real:apps\web_angular\.gitignore,C:\Users\ss\Desktop\XAI\XAI\apps\web_angular\.gitignore,real,binary,62,5.954196310386875,lt_16KiB,15ba9b2f3494d8076975ca33c872c81ffd3585f1aa8e248b54c42947fda7f3f3,train
0e4427f0e7b0f0da7ba0,real:engines\XAI-Compress\results\model_v2\kaggle_lossless_v2_progress.csv,C:\Users\ss\Desktop\XAI\XAI\engines\XAI-Compress\results\model_v2\kaggle_lossless_v2_progress.csv,real,csv,986,9.945443836377912,lt_16KiB,79fc768af3618c4609d1ee65e7004214356fd74a9393573e0576dd92c8f538ff,test
dfb8d8a3e4de5c751796,real:apps\public_nextjs\next.config.ts,C:\Users\ss\Desktop\XAI\XAI\apps\public_nextjs\next.config.ts,real,source_code,489,8.933690654952233,lt_16KiB,d7125456590f8299aac7df23cedf61224ce625e8d71273d98a8755725ae1bcbd,train
75ac8e38c89544f86012,real:engines\XAI-Compress\data\test\archive (1)\FaceForensics++_C23\DeepFakeDetection\02_18__walk_down_hall_angry__B95S4G6F.mp4,C:\Users\ss\Desktop\XAI\XAI\engines\XAI-Compress\data\test\archive (1)\FaceForensics++_C23\DeepFakeDetection\02_18__walk_down_hall_angry__B95S4G6F.mp4,real,video,1565664,20.578343204977056,1_10MiB,29ae66520a76297fb9202e7574e69be6d9946f0c1b0765fb4c3bfdd430a3ca51,test
f6d8ac25d8ced35c97bb,real:apps\web_angular\Dockerfile,C:\Users\ss\Desktop\XAI\XAI\apps\web_angular\Dockerfile,real,binary,258,8.011227255423254,lt_16KiB,2d49913b6961e7886aceaa2bf12fd148a463f5077b9d489d6036933e0a0e21ee,test
b2aeaaf4897e7310def1,real:engines\XAI-Compress\results\model_v2\lossless_benchmark.csv,C:\Users\ss\Desktop\XAI\XAI\engines\XAI-Compress\results\model_v2\lossless_benchmark.csv,real,csv,1328,10.375039431346925,lt_16KiB,368890c6915dfc2a63ac10be7b0435a3422a736a876429753454823b8c34d0b7,test
51fcaa32e3830e589312,real:apps\public_nextjs\SETUP_WINDOWS.bat,C:\Users\ss\Desktop\XAI\XAI\apps\public_nextjs\SETUP_WINDOWS.bat,real,source_code,321,8.326429487122303,lt_16KiB,7f38031f7b06dba90be746eb23e187722da21bc24fccbd06115c2915cc04af43,train
a545c1a12416fc0bbcfa,real:engines\XAI-Compress\data\test\archive (1)\FaceForensics++_C23\DeepFakeDetection\02_18__walking_down_street_outside_angry__21JTDDEL.mp4,C:\Users\ss\Desktop\XAI\XAI\engines\XAI-Compress\data\test\archive (1)\FaceForensics++_C23\DeepFakeDetection\02_18__walking_down_street_outside_angry__21JTDDEL.mp4,real,video,3187124,21.603823719818962,1_10MiB,7c4f7d9d4da23d8d1a851e30f56f2a0312127a20620e40aed17bbd878f0911ad,train
ea3be733972564d5129a,real:apps\web_angular\nginx.conf,C:\Users\ss\Desktop\XAI\XAI\apps\web_angular\nginx.conf,real,binary,283,8.144658242831882,lt_16KiB,c592e1a4e461c9481531a2a4d44a84b06918e8b96c9de14aac84d2ff2a98f1e2,train
ef3edbf6186277f5ef97,real:engines\XAI-Compress\results\model_v2\lossless_bpb_breakdown.csv,C:\Users\ss\Desktop\XAI\XAI\engines\XAI-Compress\results\model_v2\lossless_bpb_breakdown.csv,real,csv,957,9.902375114486025,lt_16KiB,2a033ae9dd973173da92a71cb6c95407de7a8e2256f24aca5a89a313776bac26,test
97a75ee37ee6efc410ad,real:apps\web_angular\.angular\cache\20.3.28\xai-web\vite\deps\@angular_common.js,C:\Users\ss\Desktop\XAI\XAI\apps\web_angular\.angular\cache\20.3.28\xai-web\vite\deps\@angular_common.js,real,source_code,4127,12.010877723007034,lt_16KiB,48fdf79e56195d56de3f6d9ce76a5c67cfa15c9ac6a94187a650864e9616b07e,train
d8f25eb7218819eebfbe,real:engines\XAI-Compress\data\test\archive (1)\FaceForensics++_C23\DeepFakeDetection\02_21__kitchen_pan__Z0XHPQAR.mp4,C:\Users\ss\Desktop\XAI\XAI\engines\XAI-Compress\data\test\archive (1)\FaceForensics++_C23\DeepFakeDetection\02_21__kitchen_pan__Z0XHPQAR.mp4,real,video,6477946,22.627105011236694,1_10MiB,71be206ee186c33390a2953a03600e0a01be21759240aca537a82fa697e5cc67,train
1364093c2cd97d6b467d,real:apps\web_angular\src\styles.scss,C:\Users\ss\Desktop\XAI\XAI\apps\web_angular\src\styles.scss,real,binary,4486,12.131213905086272,lt_16KiB,ad9c84765af109b753aa1444e9515e89579b53967bd1bae5fc64ecd41221ab0a,test
b0d1f2f473515cc8a068,real:engines\XAI-Compress\results\model_v2\lossy_benchmark.csv,C:\Users\ss\Desktop\XAI\XAI\engines\XAI-Compress\results\model_v2\lossy_benchmark.csv,real,csv,130,7.022367813028454,lt_16KiB,f2cd59b2e27077e0e6fda8a9e770a943c2fc5c8219dc4fd76e9ba031a93b621e,validation
95f903364176156a76cf,real:apps\web_angular\.angular\cache\20.3.28\xai-web\vite\deps\@angular_common_http.js,C:\Users\ss\Desktop\XAI\XAI\apps\web_angular\.angular\cache\20.3.28\xai-web\vite\deps\@angular_common_http.js,real,source_code,1980,10.951284714966972,lt_16KiB,afc03586b77785e7a6984c1117c020adddc6f985766a8bb3219b9a8605592218,validation
c63e295b1deea7522a47,real:engines\XAI-Compress\data\test\archive (1)\FaceForensics++_C23\DeepFakeDetection\02_21__talking_angry_couch__Z0XHPQAR.mp4,C:\Users\ss\Desktop\XAI\XAI\engines\XAI-Compress\data\test\archive (1)\FaceForensics++_C23\DeepFakeDetection\02_21__talking_angry_couch__Z0XHPQAR.mp4,real,video,17230472,24.03845888653658,gt_10MiB,af73c2f3bffe09399aa33170497eb13d215bd6da7f61853687d5b1945b6dca8d,test
10b9884b637535d90057,real:docker-compose.yml,C:\Users\ss\Desktop\XAI\XAI\docker-compose.yml,real,binary,1152,10.169925001442312,lt_16KiB,d40268b76ea59ef4b3ea714eff93e41df1ae9aef0fde7b2886f622a9c1f6ec9d,train
96ee52dcabed45ccf069,real:engines\XAI-Compress\results\model_v2\three_model_comparison.csv,C:\Users\ss\Desktop\XAI\XAI\engines\XAI-Compress\results\model_v2\three_model_comparison.csv,real,csv,611,9.25502856981873,lt_16KiB,1bb8978a5b2ef6f793dc3e97d7d0666ebfed102144924ce61a514cd67041c65b,train
15bff1d2bf6be2b2bf8f,real:engines\XAI-Compress\data\domain_focused\archive\results\checkpoint-140\trainer_state.json,C:\Users\ss\Desktop\XAI\XAI\engines\XAI-Compress\data\domain_focused\archive\results\checkpoint-140\trainer_state.json,real,json,2606,11.347621368568134,lt_16KiB,acc5c8240ebcd32abe42078de1feeedac9f31a6f9aafbd9b1d20919f6b5dd9f0,train
0e43dba8dc58990c6c52,real:apps\web_angular\.angular\cache\20.3.28\xai-web\vite\deps\@angular_core.js,C:\Users\ss\Desktop\XAI\XAI\apps\web_angular\.angular\cache\20.3.28\xai-web\vite\deps\@angular_core.js,real,source_code,25413,14.63327907487963,16_64KiB,273e6c81efbd7bf62cd3d8e58a1bd0f5f6e0c4e296e185f45d992b28417bd0ab,validation
2f075005983fee86200a,real:engines\XAI-Compress\data\test\archive (1)\FaceForensics++_C23\DeepFakeDetection\02_25__talking_against_wall__Z7FQ69VP.mp4,C:\Users\ss\Desktop\XAI\XAI\engines\XAI-Compress\data\test\archive (1)\FaceForensics++_C23\DeepFakeDetection\02_25__talking_against_wall__Z7FQ69VP.mp4,real,video,5401786,22.36500505573636,1_10MiB,186298c134049e1d6ffa96232aeec0311f3cbbc5b02b959c763b56a39e941b62,train
0bcf419cd4bcf0f366ea,real:engines\XAI-Compress\.gitignore,C:\Users\ss\Desktop\XAI\XAI\engines\XAI-Compress\.gitignore,real,binary,241,7.912889336229962,lt_16KiB,492dfe8d82414d0f9b8a2a0df8e5468cf78e9e3f4d427cc1637e85d8b6236a51,train
f09c447cbdedc842ce26,real:apps\web_angular\.angular\cache\20.3.28\xai-web\vite\deps\@angular_forms.js,C:\Users\ss\Desktop\XAI\XAI\apps\web_angular\.angular\cache\20.3.28\xai-web\vite\deps\@angular_forms.js,real,source_code,226904,17.791722516365958,64KiB_1MiB,d2ec655573c57a408c523e47cc1acaea8b807ad9700bf992c20c11c64d725ca7,train
40fb45c9ad918a7876c5,real:engines\XAI-Compress\data\test\archive (1)\FaceForensics++_C23\DeepFakeDetection\02_27__hugging_happy__GVFLSZD5.mp4,C:\Users\ss\Desktop\XAI\XAI\engines\XAI-Compress\data\test\archive (1)\FaceForensics++_C23\DeepFakeDetection\02_27__hugging_happy__GVFLSZD5.mp4,real,video,7791282,22.89342930234413,1_10MiB,3d8bf3838ff739132272b40e7d31f6dc72f3818f11f5c2f4ace633c50f8ec262,validation
644a7ae60060f8ca5c3b,real:engines\XAI-Compress\.test-tmp\final-all\test_content_id_stable0\x.bin,C:\Users\ss\Desktop\XAI\XAI\engines\XAI-Compress\.test-tmp\final-all\test_content_id_stable0\x.bin,real,binary,3,1.584962500721156,lt_16KiB,ba7816bf8f01cfea414140de5dae2223b00361a396177a9cb410ff61f20015ad,validation
437449734e245885bdcf,real:apps\web_angular\.angular\cache\20.3.28\xai-web\vite\deps\@angular_platform-browser.js,C:\Users\ss\Desktop\XAI\XAI\apps\web_angular\.angular\cache\20.3.28\xai-web\vite\deps\@angular_platform-browser.js,real,source_code,1926,10.911391987843459,lt_16KiB,e2fe25e6fad9136a90294b68c08624af73126184773b62920f03fff7aaf1a08b,test
ee6f49088439a3629199,real:engines\XAI-Compress\data\test\archive (1)\FaceForensics++_C23\DeepFakeDetection\02_27__walk_down_hall_angry__78M8S6M6.mp4,C:\Users\ss\Desktop\XAI\XAI\engines\XAI-Compress\data\test\archive (1)\FaceForensics++_C23\DeepFakeDetection\02_27__walk_down_hall_angry__78M8S6M6.mp4,real,video,1473382,20.490700092065257,1_10MiB,6b17d797fc8037a8ad3b356ecfcdf3c635a6e6c6fcf502d5dde6a5ec01011eb4,train
1616470fec2ba4fa1d17,real:engines\XAI-Compress\.test-tmp\final-all\test_corpus_roundtrip0\corpus\binary\nulls.bin,C:\Users\ss\Desktop\XAI\XAI\engines\XAI-Compress\.test-tmp\final-all\test_corpus_roundtrip0\corpus\binary\nulls.bin,real,binary,3000,11.550746785383243,lt_16KiB,99101b6d90f2b82e6cc08c3752dd585d42b620e38fe03dc0555e18cc6aa4598b,train
0176cdda1aac09477d97,real:apps\web_angular\.angular\cache\20.3.28\xai-web\vite\deps\@angular_router.js,C:\Users\ss\Desktop\XAI\XAI\apps\web_angular\.angular\cache\20.3.28\xai-web\vite\deps\@angular_router.js,real,source_code,218724,17.738752006579904,64KiB_1MiB,2ca20fd23b2105de3f4c4f2a05ff0fb88b02f5942651b40d75fa273c69763a2d,test
c9640ddf5eeca92cb55a,real:engines\XAI-Compress\data\test\archive (1)\FaceForensics++_C23\DeepFakeDetection\02_27__walking_down_indoor_hall_disgust__YQX5Z8GN.mp4,C:\Users\ss\Desktop\XAI\XAI\engines\XAI-Compress\data\test\archive (1)\FaceForensics++_C23\DeepFakeDetection\02_27__walking_down_indoor_hall_disgust__YQX5Z8GN.mp4,real,video,13381984,23.6737886886191,gt_10MiB,61b7e0a5d7a7cc8a87d37ecdf0c28e94f863cc5458da7c56e59ca83bf7c90000,train
37bf4fda9ad1b112c95c,real:engines\XAI-Compress\.test-tmp\final-all\test_corpus_roundtrip0\corpus\binary\pattern.bin,C:\Users\ss\Desktop\XAI\XAI\engines\XAI-Compress\.test-tmp\final-all\test_corpus_roundtrip0\corpus\binary\pattern.bin,real,binary,8192,13.0,lt_16KiB,dc404a613fedaeb54034514bc6505f56b933caa5250299ba7d094377a51caa46,test
5da8f5fa36b0e86b8d1a,real:apps\web_angular\.angular\cache\20.3.28\xai-web\vite\deps\chunk-2PAGCKIQ.js,C:\Users\ss\Desktop\XAI\XAI\apps\web_angular\.angular\cache\20.3.28\xai-web\vite\deps\chunk-2PAGCKIQ.js,real,source_code,185314,17.499612351849535,64KiB_1MiB,99080777826663e7cea4323a7a13eb72d28a7980b5034cccbb4a1847889ea51f,train
e24ad89f350ae852f7b8,real:engines\XAI-Compress\data\test\archive (1)\FaceForensics++_C23\DeepFakeDetection\02_27__walking_down_street_outside_angry__3L1MLH3D.mp4,C:\Users\ss\Desktop\XAI\XAI\engines\XAI-Compress\data\test\archive (1)\FaceForensics++_C23\DeepFakeDetection\02_27__walking_down_street_outside_angry__3L1MLH3D.mp4,real,video,3660926,21.803777181395475,1_10MiB,190e2a8be915b09b5753e7b20f3ce77286f7b5b40b74a7adfb6e0b09abd6103b,test
f0ea5985f683087632f5,real:engines\XAI-Compress\.test-tmp\final-all\test_corpus_roundtrip0\corpus\high_entropy\random.rand,C:\Users\ss\Desktop\XAI\XAI\engines\XAI-Compress\.test-tmp\final-all\test_corpus_roundtrip0\corpus\high_entropy\random.rand,real,binary,6400,12.643856189774725,lt_16KiB,ea082856cd2ed7ba6d159c53ab93dc8d94ba2e41ad366ae175d5d46da3b3ef9f,train
2ed853a5357421783bf8,real:apps\web_angular\.angular\cache\20.3.28\xai-web\vite\deps\chunk-CZENYOMI.js,C:\Users\ss\Desktop\XAI\XAI\apps\web_angular\.angular\cache\20.3.28\xai-web\vite\deps\chunk-CZENYOMI.js,real,source_code,1012122,19.948951770607994,64KiB_1MiB,e79b1972417d4f3e737562146d1ee1e77af8ca90d1ef0c6c7c111fb94f99555f,train
a2d1deaf6beae2b754df,real:engines\XAI-Compress\data\test\archive (1)\FaceForensics++_C23\DeepFakeDetection\03_01__meeting_serious__JZUXXFRB.mp4,C:\Users\ss\Desktop\XAI\XAI\engines\XAI-Compress\data\test\archive (1)\FaceForensics++_C23\DeepFakeDetection\03_01__meeting_serious__JZUXXFRB.mp4,real,video,6051532,22.528868989234027,1_10MiB,9e459ab08b6e71ea64890113829db0590b4a5072db9c10bb53e6f63fa54bdc8d,test
5a636e0c867f9b883d40,real:engines\XAI-Compress\.test-tmp\final-all\test_corpus_roundtrip0\corpus\repetitive\zeros.bin,C:\Users\ss\Desktop\XAI\XAI\engines\XAI-Compress\.test-tmp\final-all\test_corpus_roundtrip0\corpus\repetitive\zeros.bin,real,binary,4096,12.0,lt_16KiB,ad7facb2586fc6e966c004d7d1d16b024f5805ff7cb47c7a85dabd8b48892ca7,train
c23ddcc76aa0251b931f,real:engines\XAI-Compress\data\domain_focused\archive\results\checkpoint-2000\trainer_state.json,C:\Users\ss\Desktop\XAI\XAI\engines\XAI-Compress\data\domain_focused\archive\results\checkpoint-2000\trainer_state.json,real,json,2006,10.970105890612182,lt_16KiB,b43a4fd343dbbbc9a325dce72dbf60227d2169e3e932ae16813c15ae5a66cc31,train
e82ab03d226a655e5c2f,real:apps\web_angular\.angular\cache\20.3.28\xai-web\vite\deps\chunk-N2L2W5DK.js,C:\Users\ss\Desktop\XAI\XAI\apps\web_angular\.angular\cache\20.3.28\xai-web\vite\deps\chunk-N2L2W5DK.js,real,source_code,569,9.152284842306582,lt_16KiB,cc17dc1f9700b9c67043b7391a430658eb888a715aaa9cb188103677aaca442e,test
3113a97343c012980e49,real:engines\XAI-Compress\data\test\archive (1)\FaceForensics++_C23\DeepFakeDetection\03_01__outside_talking_still_laughing__JZUXXFRB.mp4,C:\Users\ss\Desktop\XAI\XAI\engines\XAI-Compress\data\test\archive (1)\FaceForensics++_C23\DeepFakeDetection\03_01__outside_talking_still_laughing__JZUXXFRB.mp4,real,video,6672595,22.66981650997665,1_10MiB,ecdca7bba567b6168bd6e6a2504532694267a370118d6e3de9513310e12f66f4,train
dd27b71cb8a5a7117e54,real:engines\XAI-Compress\.test-tmp\final-all\test_dataset_report_is_bounded0\b.bin,C:\Users\ss\Desktop\XAI\XAI\engines\XAI-Compress\.test-tmp\final-all\test_dataset_report_is_bounded0\b.bin,real,binary,256,8.0,lt_16KiB,40aff2e9d2d8922e47afd4648e6967497158785fbd1da870e7110266bf944880,train
0cbec22b5580244ca3cd,real:apps\web_angular\.angular\cache\20.3.28\xai-web\vite\deps\chunk-RSS3ODKE.js,C:\Users\ss\Desktop\XAI\XAI\apps\web_angular\.angular\cache\20.3.28\xai-web\vite\deps\chunk-RSS3ODKE.js,real,source_code,172660,17.39757436804089,64KiB_1MiB,9e031c792628e3cf941c0005dbf48c55224dbae87e99f747998cc7e2ee136ee8,test
de458bf0e6426177183d,real:engines\XAI-Compress\data\test\archive (1)\FaceForensics++_C23\DeepFakeDetection\03_01__podium_speech_happy__JZUXXFRB.mp4,C:\Users\ss\Desktop\XAI\XAI\engines\XAI-Compress\data\test\archive (1)\FaceForensics++_C23\DeepFakeDetection\03_01__podium_speech_happy__JZUXXFRB.mp4,real,video,7504294,22.83928491956996,1_10MiB,798c46e63a0e380979af02ec24588b977903449f351cbaf039a908304a970d24,train
348a8cf838920430b77d,real:engines\XAI-Compress\.test-tmp\final-all\test_failed_decompression_leav0\bad.xaic,C:\Users\ss\Desktop\XAI\XAI\engines\XAI-Compress\.test-tmp\final-all\test_failed_decompression_leav0\bad.xaic,real,binary,3,1.584962500721156,lt_16KiB,2f05d4b689d270cafb02285f35f44866f7dc8a2d368a3f9d1124373eeab31fb1,train
8a6c55aac653455c5616,real:apps\web_angular\.angular\cache\20.3.28\xai-web\vite\deps\chunk-UZLFQOR7.js,C:\Users\ss\Desktop\XAI\XAI\apps\web_angular\.angular\cache\20.3.28\xai-web\vite\deps\chunk-UZLFQOR7.js,real,source_code,65164,15.991787543926145,16_64KiB,7a70a21002f7e6596a8aa57906ffa8f44cfcc822115adeb1d0088332ce6306c8,train
0d13d58afcde1b34bc1a,real:engines\XAI-Compress\data\test\archive (1)\FaceForensics++_C23\DeepFakeDetection\03_01__walking_and_outside_surprised__JZUXXFRB.mp4,C:\Users\ss\Desktop\XAI\XAI\engines\XAI-Compress\data\test\archive (1)\FaceForensics++_C23\DeepFakeDetection\03_01__walking_and_outside_surprised__JZUXXFRB.mp4,real,video,25829532,24.6225181680083,gt_10MiB,3228a99e51ac63635a289782357ce1464356e05e8315eff85c23540a066fa366,train
dc39bca4fd29afc3e9f1,real:engines\XAI-Compress\.test-tmp\final-all\test_file_decoder_keeps_legacy0\legacy.xaic,C:\Users\ss\Desktop\XAI\XAI\engines\XAI-Compress\.test-tmp\final-all\test_file_decoder_keeps_legacy0\legacy.xaic,real,binary,627,9.29232163280204,lt_16KiB,2051d4787bd0c0467eb1993a570a2e3a600a75b7a0f484a83b44d61d553e79d7,train
102be2ab9759f52181b5,real:apps\web_angular\.angular\cache\20.3.28\xai-web\vite\deps\chunk-VISR7373.js,C:\Users\ss\Desktop\XAI\XAI\apps\web_angular\.angular\cache\20.3.28\xai-web\vite\deps\chunk-VISR7373.js,real,source_code,100507,16.616936458563412,64KiB_1MiB,0d2d36b2f174e59f6a47f22944d53b1dd6150ab9ad962e36c5f619aa95301bae,train
7b6999e89a03859a1cc9,real:engines\XAI-Compress\data\test\archive (1)\FaceForensics++_C23\DeepFakeDetection\03_02__secret_conversation__GYX5OFTD.mp4,C:\Users\ss\Desktop\XAI\XAI\engines\XAI-Compress\data\test\archive (1)\FaceForensics++_C23\DeepFakeDetection\03_02__secret_conversation__GYX5OFTD.mp4,real,video,320030,18.28784762586996,64KiB_1MiB,5205e08471e66960d18b79a46957b841e61aa8db74a18c6dfb56ccd9fe1391fa,train
c29a6e830a5d84e90ec0,real:engines\XAI-Compress\.test-tmp\final-all\test_file_decoder_keeps_legacy0\restored,C:\Users\ss\Desktop\XAI\XAI\engines\XAI-Compress\.test-tmp\final-all\test_file_decoder_keeps_legacy0\restored,real,binary,600,9.228818690495881,lt_16KiB,e5889af8dc913f7b8c3500d34f31149b976f5909ff8c2a6daff5c8a22aa38ce1,train
bee93557360aff2eaba0,real:apps\web_angular\.angular\cache\20.3.28\xai-web\vite\deps\chunk-WDMUDEB6.js,C:\Users\ss\Desktop\XAI\XAI\apps\web_angular\.angular\cache\20.3.28\xai-web\vite\deps\chunk-WDMUDEB6.js,real,source_code,1889,10.88340698638837,lt_16KiB,793889cadf8efbb8b1b54708ad0dc23b996bc4e52a66c82cae8e08a68a3e40f2,train
b4ca2e04e11f19065204,real:engines\XAI-Compress\data\test\archive (1)\FaceForensics++_C23\DeepFakeDetection\03_04__outside_talking_pan_laughing__T04P6ELC.mp4,C:\Users\ss\Desktop\XAI\XAI\engines\XAI-Compress\data\test\archive (1)\FaceForensics++_C23\DeepFakeDetection\03_04__outside_talking_pan_laughing__T04P6ELC.mp4,real,video,6761650,22.68894390996649,1_10MiB,f5583461d3fdfb20d919e16717a96f43df08c13d651aa4ec304aa0e53539c3d7,train
bf8c5f29f42d42b83e3b,real:engines\XAI-Compress\.test-tmp\final-all\test_file_roundtrip_and_atomic0\out.xaic,C:\Users\ss\Desktop\XAI\XAI\engines\XAI-Compress\.test-tmp\final-all\test_file_roundtrip_and_atomic0\out.xaic,real,binary,2465,11.267371931265274,lt_16KiB,d68cdaeecd68ecb0647c347ab03b3bc054db5402c220b373617f3da404271657,train
580d8c912aee374f80a0,real:apps\web_angular\.angular\cache\20.3.28\xai-web\vite\deps\rxjs.js,C:\Users\ss\Desktop\XAI\XAI\apps\web_angular\.angular\cache\20.3.28\xai-web\vite\deps\rxjs.js,real,source_code,4729,12.207319426457804,lt_16KiB,50a96bb657f4321a447cee1b953b3b57a3fbbdb231e67ff958fec22e35f7e9d2,validation
0bd085fdd972161fc235,real:engines\XAI-Compress\data\test\archive (1)\FaceForensics++_C23\DeepFakeDetection\03_04__talking_angry_couch__T04P6ELC.mp4,C:\Users\ss\Desktop\XAI\XAI\engines\XAI-Compress\data\test\archive (1)\FaceForensics++_C23\DeepFakeDetection\03_04__talking_angry_couch__T04P6ELC.mp4,real,video,19696911,24.23146605864391,gt_10MiB,2fa85ba0591a138f185eab39bb132f68399ff04ca270db15fbd9965aa1dd71f9,validation
c669d65a91ad96f2d734,real:engines\XAI-Compress\.test-tmp\final-all\test_file_roundtrip_and_atomic0\restored.bin,C:\Users\ss\Desktop\XAI\XAI\engines\XAI-Compress\.test-tmp\final-all\test_file_roundtrip_and_atomic0\restored.bin,real,binary,2048,11.0,lt_16KiB,10fc3c51a152e90e5b90319b601d92ccf37290ef53c35ff92507687d8a911a08,train
fc7607631fd9d10947c2,real:engines\XAI-Compress\data\domain_focused\archive\results\checkpoint-2709\trainer_state.json,C:\Users\ss\Desktop\XAI\XAI\engines\XAI-Compress\data\domain_focused\archive\results\checkpoint-2709\trainer_state.json,real,json,2165,11.080151309614088,lt_16KiB,d137b5b1c3efde77dedbc90f5b2f18d6a586064855cb847c4410659599824636,train
a83f31f6abc2146333c5,real:apps\web_angular\.angular\cache\20.3.28\xai-web\vite\deps\zone__js.js,C:\Users\ss\Desktop\XAI\XAI\apps\web_angular\.angular\cache\20.3.28\xai-web\vite\deps\zone__js.js,real,source_code,89710,16.452981191297006,64KiB_1MiB,ba382ecc7820464fccef71f449154e7b850c8a80bc9d594c2f90632cb3952fca,validation
1645142b60463b737070,real:engines\XAI-Compress\data\test\archive (1)\FaceForensics++_C23\DeepFakeDetection\03_06__exit_phone_room__1IXGY2FK.mp4,C:\Users\ss\Desktop\XAI\XAI\engines\XAI-Compress\data\test\archive (1)\FaceForensics++_C23\DeepFakeDetection\03_06__exit_phone_room__1IXGY2FK.mp4,real,video,3875707,21.886028077738466,1_10MiB,58f0bf6b0848b62726062f94e7e2e843b73ebf2c660d05ead5966976e213ec7e,validation
91e2a646108e1ce32030,real:engines\XAI-Compress\.test-tmp\final-all\test_large_file_hybrid_streami0\large.bin,C:\Users\ss\Desktop\XAI\XAI\engines\XAI-Compress\.test-tmp\final-all\test_large_file_hybrid_streami0\large.bin,real,binary,2000000,20.931568569324174,1_10MiB,376086d7d3eab886ce69d200a9c68ae94af5d7c5f78931a70ce1fd9d29c95761,train
a208d145692f560be957,real:apps\web_angular\SETUP_WINDOWS.bat,C:\Users\ss\Desktop\XAI\XAI\apps\web_angular\SETUP_WINDOWS.bat,real,source_code,107,6.741466986401147,lt_16KiB,163b91ecdd2a140b99e8071d4b150abdeac0050138b60bc483286c1f6d9ad345,test
b39360642dc4d033bc2e,real:engines\XAI-Compress\data\test\archive (1)\FaceForensics++_C23\DeepFakeDetection\03_06__hugging_happy__2XWC5JED.mp4,C:\Users\ss\Desktop\XAI\XAI\engines\XAI-Compress\data\test\archive (1)\FaceForensics++_C23\DeepFakeDetection\03_06__hugging_happy__2XWC5JED.mp4,real,video,16195666,23.949104460232327,gt_10MiB,ab109db0ecff0cad788237a88a0f2373baa9c4df380114b774aaee1a41422979,train
8ed090378fe3e6102e3c,real:engines\XAI-Compress\.test-tmp\final-all\test_package_filter_and_metada0\project\data\train\huge.bin,C:\Users\ss\Desktop\XAI\XAI\engines\XAI-Compress\.test-tmp\final-all\test_package_filter_and_metada0\project\data\train\huge.bin,real,binary,1,0.0,lt_16KiB,2d711642b726b04401627ca9fbac32f5c8530fb1903cc4db02258717921a4881,train
f32340d187a5f52dd09f,real:apps\web_angular\src\app\app.component.ts,C:\Users\ss\Desktop\XAI\XAI\apps\web_angular\src\app\app.component.ts,real,source_code,215,7.7481928495894605,lt_16KiB,78d1340427d90ee46a99557098a144e6e3cc2c5e90ffc448b0d98cfb16dde4d9,train
f343550f298101821f6b,real:engines\XAI-Compress\data\test\archive (1)\FaceForensics++_C23\DeepFakeDetection\03_06__meeting_serious__83ABVHC3.mp4,C:\Users\ss\Desktop\XAI\XAI\engines\XAI-Compress\data\test\archive (1)\FaceForensics++_C23\DeepFakeDetection\03_06__meeting_serious__83ABVHC3.mp4,real,video,5836906,22.476772403961007,1_10MiB,eb1ff767ce8bbb443bcdf77919b4d111d55f23cab715168254bbb1a53a9d3ff7,train
3751e5d534b30709cc70,real:apps\web_angular\src\app\app.config.ts,C:\Users\ss\Desktop\XAI\XAI\apps\web_angular\src\app\app.config.ts,real,source_code,392,8.614709844115207,lt_16KiB,45ffaad4aeaab69c287b21b96deb8cddfa8cb6f9ca270a24dd4169e7dc88eb3c,test
a22d5978dcd6d8deeeb0,real:engines\XAI-Compress\data\test\archive (1)\FaceForensics++_C23\DeepFakeDetection\03_06__podium_speech_happy__83ABVHC3.mp4,C:\Users\ss\Desktop\XAI\XAI\engines\XAI-Compress\data\test\archive (1)\FaceForensics++_C23\DeepFakeDetection\03_06__podium_speech_happy__83ABVHC3.mp4,real,video,7499037,22.838273910995884,1_10MiB,df11b959fdd90427cb78b8b91996ea94edc8fbfa4dc58d9771b143e33832a647,validation
9f86307f714557fc9957,real:engines\XAI-Compress\data\domain_focused\archive\wandb\run-20241217_020210-f69emzpa\files\wandb-metadata.json,C:\Users\ss\Desktop\XAI\XAI\engines\XAI-Compress\data\domain_focused\archive\wandb\run-20241217_020210-f69emzpa\files\wandb-metadata.json,real,json,786,9.618385502258606,lt_16KiB,2f831d1739ea62ecfba4633a4ea4ab4373a04d80f808befe240e72e0d20b9b31,train
9fb8b3229c886e8ed4c2,real:apps\web_angular\src\app\app.routes.ts,C:\Users\ss\Desktop\XAI\XAI\apps\web_angular\src\app\app.routes.ts,real,source_code,1022,9.997179480937621,lt_16KiB,91cbb94e0f6dffc612937480542ec22c000c1f286152a24628d7eb94afb539a0,train
00683385e73ae61a9829,real:engines\XAI-Compress\data\test\archive (1)\FaceForensics++_C23\DeepFakeDetection\03_07__exit_phone_room__6PHZRQ4H.mp4,C:\Users\ss\Desktop\XAI\XAI\engines\XAI-Compress\data\test\archive (1)\FaceForensics++_C23\DeepFakeDetection\03_07__exit_phone_room__6PHZRQ4H.mp4,real,video,3911253,21.899199429363325,1_10MiB,73abc359f0f406a01d0708e41e448683b4483772aef33af5f0a0be979b45d7f5,train
698a114f4c581cee3d68,real:apps\web_angular\src\app\core\api.service.ts,C:\Users\ss\Desktop\XAI\XAI\apps\web_angular\src\app\core\api.service.ts,real,source_code,1137,10.151016538892248,lt_16KiB,758e50916a5099b3ad4cbd2f4017eee02ac20ef651b7eb69e0c7cc83ddf48e70,train
3b2d31ab331b12e2b835,real:engines\XAI-Compress\data\test\archive (1)\FaceForensics++_C23\DeepFakeDetection\03_07__hugging_happy__BKLOCI1M.mp4,C:\Users\ss\Desktop\XAI\XAI\engines\XAI-Compress\data\test\archive (1)\FaceForensics++_C23\DeepFakeDetection\03_07__hugging_happy__BKLOCI1M.mp4,real,video,16224853,23.95170207142629,gt_10MiB,0d54f0372b6044883d44afc18e5b75dfdd6b48afb2c8221618e6405063696fdc,train
b9e948f82695ba0749ee,real:engines\XAI-Compress\.test-tmp\final-all\test_v3_chunk_checksum_failure0\in,C:\Users\ss\Desktop\XAI\XAI\engines\XAI-Compress\.test-tmp\final-all\test_v3_chunk_checksum_failure0\in,real,binary,1100,10.103287808412022,lt_16KiB,c9939c3073c276b1a33e7247cb750e0d38a2f5ffe464d9e5201d52f0db904e1c,validation
e04070013dcbd69ecb20,real:apps\web_angular\src\app\core\auth.guard.ts,C:\Users\ss\Desktop\XAI\XAI\apps\web_angular\src\app\core\auth.guard.ts,real,source_code,254,7.9886846867721655,lt_16KiB,91a6eb959ffc25a91d5c84d9ada255abf52b0399bebc79f78a82e0d948a20fa9,test
d7488d6d1fb16bb04acb,real:engines\XAI-Compress\data\test\archive (1)\FaceForensics++_C23\DeepFakeDetection\03_07__kitchen_pan__WPT3Z2KN.mp4,C:\Users\ss\Desktop\XAI\XAI\engines\XAI-Compress\data\test\archive (1)\FaceForensics++_C23\DeepFakeDetection\03_07__kitchen_pan__WPT3Z2KN.mp4,real,video,5647022,22.429058821190406,1_10MiB,e33955b011ae595e3447e64f609136cf064b8db317cc1bc38dfd1e29aa5eb449,train
329e3e0988ab39a3841f,real:engines\XAI-Compress\.test-tmp\final-all\test_v3_chunk_checksum_failure0\out,C:\Users\ss\Desktop\XAI\XAI\engines\XAI-Compress\.test-tmp\final-all\test_v3_chunk_checksum_failure0\out,real,binary,977,9.932214751968385,lt_16KiB,06f7e250d632174553dde1d7174b94439292a9b656d5d63bbf5e4e96aec4f3f6,test
ee6340edbc4a373a3a40,real:apps\web_angular\src\app\core\auth.interceptor.ts,C:\Users\ss\Desktop\XAI\XAI\apps\web_angular\src\app\core\auth.interceptor.ts,real,source_code,319,8.31741261376487,lt_16KiB,68538c189bd4f1f7e8840c3f4e641c40440b5372d46d7190424b5442b97993e8,validation
d8bdce51a4d8290a41bc,real:engines\XAI-Compress\data\test\archive (1)\FaceForensics++_C23\DeepFakeDetection\03_07__talking_against_wall__PWXXULHR.mp4,C:\Users\ss\Desktop\XAI\XAI\engines\XAI-Compress\data\test\archive (1)\FaceForensics++_C23\DeepFakeDetection\03_07__talking_against_wall__PWXXULHR.mp4,real,video,5165033,22.300346135991326,1_10MiB,69210fc8a1568f35a02792258885a70179b235f8f93393a8b7e6e703f7f7f736,test
946e6812248dad57fb39,real:engines\XAI-Compress\.test-tmp\final-all\test_v3_global_checksum_and_tr0\footer,C:\Users\ss\Desktop\XAI\XAI\engines\XAI-Compress\.test-tmp\final-all\test_v3_global_checksum_and_tr0\footer,real,binary,1301,10.345405246717796,lt_16KiB,7fdfc301e5eaed997a8f2f82c6838b97a92a6ebac6e08792a665c677d99bae0b,train
73789f696c3bbee48f11,real:apps\web_angular\src\app\core\auth.service.ts,C:\Users\ss\Desktop\XAI\XAI\apps\web_angular\src\app\core\auth.service.ts,real,source_code,1114,10.121533517340032,lt_16KiB,4d157e19094d4fc72403c99a028f042e4243a331624f5aebb87deef97165d2a0,train
ad1815a2e2b4ec600232,real:engines\XAI-Compress\data\test\archive (1)\FaceForensics++_C23\DeepFakeDetection\03_07__walk_down_hall_angry__6PHZRQ4H.mp4,C:\Users\ss\Desktop\XAI\XAI\engines\XAI-Compress\data\test\archive (1)\FaceForensics++_C23\DeepFakeDetection\03_07__walk_down_hall_angry__6PHZRQ4H.mp4,real,video,2634774,21.329247788088974,1_10MiB,acdec913473e1020f19003e66640766867259870fb65cdd50fefb7a1454d7634,train
1f718de6921425df3547,real:engines\XAI-Compress\.test-tmp\final-all\test_v3_global_checksum_and_tr0\in,C:\Users\ss\Desktop\XAI\XAI\engines\XAI-Compress\.test-tmp\final-all\test_v3_global_checksum_and_tr0\in,real,binary,600,9.228818690495881,lt_16KiB,ec1e4715d504534f5da0fe5e8d3a55ddf4c896170650d897474b07163e519df9,train
a5cc15c88e6b53a8938c,real:apps\web_angular\src\app\layout\shell.component.ts,C:\Users\ss\Desktop\XAI\XAI\apps\web_angular\src\app\layout\shell.component.ts,real,source_code,1207,10.237209960755022,lt_16KiB,f90834fc1b195915c0628ccfc1db0e52fb8dc00ca089b68e38f5bd64337ae9f9,train
ea31b5888a8a6b5ef51f,real:engines\XAI-Compress\data\test\archive (1)\FaceForensics++_C23\DeepFakeDetection\03_07__walk_down_hall_angry__IFSURI9X.mp4,C:\Users\ss\Desktop\XAI\XAI\engines\XAI-Compress\data\test\archive (1)\FaceForensics++_C23\DeepFakeDetection\03_07__walk_down_hall_angry__IFSURI9X.mp4,real,video,2631790,21.327612945158105,1_10MiB,91b97705ec037d6a7241581d245b26da63777fa49a2204089c06ed26102ab0ea,train
04e306d0d02d28c725bb,real:engines\XAI-Compress\.test-tmp\final-all\test_v3_global_checksum_and_tr0\out,C:\Users\ss\Desktop\XAI\XAI\engines\XAI-Compress\.test-tmp\final-all\test_v3_global_checksum_and_tr0\out,real,binary,1301,10.345405246717796,lt_16KiB,9611fb9e1d93ebca8bef11c5a8ab836cea81b69184139d8c58489bc89dcf9ec3,train
5ce19c90d42475f799d5,real:apps\web_angular\src\app\models\models.ts,C:\Users\ss\Desktop\XAI\XAI\apps\web_angular\src\app\models\models.ts,real,source_code,405,8.661778097771988,lt_16KiB,14d12439e3e79465376a1844189d743caf80c79c0e64a5412ab694adac2d1217,train
f4db737103c7eccff38b,real:engines\XAI-Compress\data\test\archive (1)\FaceForensics++_C23\DeepFakeDetection\03_07__walking_down_indoor_hall_disgust__PWXXULHR.mp4,C:\Users\ss\Desktop\XAI\XAI\engines\XAI-Compress\data\test\archive (1)\FaceForensics++_C23\DeepFakeDetection\03_07__walking_down_indoor_hall_disgust__PWXXULHR.mp4,real,video,18342563,24.128691904510024,gt_10MiB,f0c0d58429de6fe43328f32c8d612bac2d43492fa8789fc0fd22aa1c68637e81,train
f5e403f40bf282f75172,real:engines\XAI-Compress\.test-tmp\final-all\test_v3_global_checksum_and_tr0\truncated,C:\Users\ss\Desktop\XAI\XAI\engines\XAI-Compress\.test-tmp\final-all\test_v3_global_checksum_and_tr0\truncated,real,binary,1296,10.339850002884624,lt_16KiB,30cad5cc91057feb247462e719c61e6179e5b216c17b534d38966502e5280a85,train
ffd8e8612ca472277122,real:apps\web_angular\src\app\pages\compress.page.ts,C:\Users\ss\Desktop\XAI\XAI\apps\web_angular\src\app\pages\compress.page.ts,real,source_code,1413,10.46454575033394,lt_16KiB,feea12c237932c86917172998cb36bb90de4fd91ddd87529ac156b97c0e294a7,train
6dc1c3917e2a37cb71e7,real:engines\XAI-Compress\data\test\archive (1)\FaceForensics++_C23\DeepFakeDetection\03_07__walking_outside_cafe_disgusted__CDSNLDQ8.mp4,C:\Users\ss\Desktop\XAI\XAI\engines\XAI-Compress\data\test\archive (1)\FaceForensics++_C23\DeepFakeDetection\03_07__walking_outside_cafe_disgusted__CDSNLDQ8.mp4,real,video,4819770,22.200532871842373,1_10MiB,bf2679566cf3b4625c1fa1cc3be8284242daf6ae82865d3c19701d349e5e0dba,validation
202e260efc62f8b2f22a,real:engines\XAI-Compress\.test-tmp\final-all\test_v3_multichunk_stream_roun0\in,C:\Users\ss\Desktop\XAI\XAI\engines\XAI-Compress\.test-tmp\final-all\test_v3_multichunk_stream_roun0\in,real,binary,25600,14.643856189774725,16_64KiB,22c27b021752596140145a93194d9cdf33b0b1b454f50fd1b430491eb3eb3cb9,train
d2c154402f2f988454dc,real:apps\web_angular\src\app\pages\dashboard.page.ts,C:\Users\ss\Desktop\XAI\XAI\apps\web_angular\src\app\pages\dashboard.page.ts,real,source_code,1547,10.595257481449035,lt_16KiB,c3e195350de23fbd9ba2566209da724b4ecd50a4045e1d8bc8c797fb669f61a7,validation
c0d617138c2036526a16,real:engines\XAI-Compress\data\test\archive (1)\FaceForensics++_C23\DeepFakeDetection\03_07__walking_outside_cafe_disgusted__IFSURI9X.mp4,C:\Users\ss\Desktop\XAI\XAI\engines\XAI-Compress\data\test\archive (1)\FaceForensics++_C23\DeepFakeDetection\03_07__walking_outside_cafe_disgusted__IFSURI9X.mp4,real,video,4797226,22.19376897663488,1_10MiB,346703537672e195d869745535be7af736b2c6179c4f549a86afafd4e7dd0dc6,train
e30e956302e60f482f22,real:engines\XAI-Compress\.test-tmp\final-all\test_v3_multichunk_stream_roun0\out.xaic,C:\Users\ss\Desktop\XAI\XAI\engines\XAI-Compress\.test-tmp\final-all\test_v3_multichunk_stream_roun0\out.xaic,real,binary,31205,14.929489591241568,16_64KiB,fb1c1c7d434b0bc5a3e5aed975f0741061a23f89f8a1d5c6e31b66de30092008,train
af53b59784cf5fa3bd54,real:apps\web_angular\src\app\pages\files.page.ts,C:\Users\ss\Desktop\XAI\XAI\apps\web_angular\src\app\pages\files.page.ts,real,source_code,1195,10.222794902868111,lt_16KiB,da67ea12c91801f10dd8255aea339e7d3d6c29ec3388aed4a2aa3f5788fed17a,test
c3adb57b2ef61c98a3a3,real:engines\XAI-Compress\data\test\archive (1)\FaceForensics++_C23\DeepFakeDetection\03_07__walking_outside_cafe_disgusted__PWXXULHR.mp4,C:\Users\ss\Desktop\XAI\XAI\engines\XAI-Compress\data\test\archive (1)\FaceForensics++_C23\DeepFakeDetection\03_07__walking_outside_cafe_disgusted__PWXXULHR.mp4,real,video,5016581,22.258273014210157,1_10MiB,afff70a6ee23b21ce6483ad47435dd4a90334c109d4d40948ea198cfd391d669,train
d2edd0111f8d73b6286a,real:apps\web_angular\src\app\pages\inbox.page.ts,C:\Users\ss\Desktop\XAI\XAI\apps\web_angular\src\app\pages\inbox.page.ts,real,source_code,845,9.722807531169547,lt_16KiB,a57244f310373ce4d171bdcdbaef75b2ab223e8ff3216e263ed08c3d212508a4,train
349a429b63ba827da16d,real:engines\XAI-Compress\data\test\archive (1)\FaceForensics++_C23\DeepFakeDetection\03_09__kitchen_pan__8DTEGQ54.mp4,C:\Users\ss\Desktop\XAI\XAI\engines\XAI-Compress\data\test\archive (1)\FaceForensics++_C23\DeepFakeDetection\03_09__kitchen_pan__8DTEGQ54.mp4,real,video,5697246,22.441833270656105,1_10MiB,9cd8988a88a104131ba32a24731ddc51d561786ac361d94bf36bf60280519606,test
04037223be7801e52d02,real:engines\XAI-Compress\.test-tmp\final-all\test_v3_tiny_chunks_and_empty_0\out,C:\Users\ss\Desktop\XAI\XAI\engines\XAI-Compress\.test-tmp\final-all\test_v3_tiny_chunks_and_empty_0\out,real,binary,297,8.214319120800766,lt_16KiB,0daa34c213808d69ddd0a13311c3fc9d130b01909e77583d9ac709026289f4d6,test
b4c3826664ce6b9d42fb,real:apps\web_angular\src\app\pages\login.page.ts,C:\Users\ss\Desktop\XAI\XAI\apps\web_angular\src\app\pages\login.page.ts,real,source_code,1395,10.44604940671655,lt_16KiB,88355dbdd20154b2ff0e0432a0dd9829eb3ed9da1ceddc29de1b5a582cbd4a12,train
33e6ebc6f7164821ab13,real:engines\XAI-Compress\data\test\archive (1)\FaceForensics++_C23\DeepFakeDetection\03_09__outside_talking_still_laughing__RCETIXYL.mp4,C:\Users\ss\Desktop\XAI\XAI\engines\XAI-Compress\data\test\archive (1)\FaceForensics++_C23\DeepFakeDetection\03_09__outside_talking_still_laughing__RCETIXYL.mp4,real,video,6660529,22.667205334513884,1_10MiB,5b3239457a0414afd44b149079a6309e967d43c9aa9dcbad09c9702a1d1f5ecc,validation
32408d77222fb1437ee4,real:engines\XAI-Compress\.test-tmp\final-all\test_v3_tiny_chunks_and_empty_1\in,C:\Users\ss\Desktop\XAI\XAI\engines\XAI-Compress\.test-tmp\final-all\test_v3_tiny_chunks_and_empty_1\in,real,binary,1,0.0,lt_16KiB,ca978112ca1bbdcafac231b39a23dc4da786eff8147c4e72b9807785afee48bb,train
ca708232bb55a81952b8,real:apps\web_angular\src\app\pages\security.page.ts,C:\Users\ss\Desktop\XAI\XAI\apps\web_angular\src\app\pages\security.page.ts,real,source_code,965,9.914385132155443,lt_16KiB,8eae721890a529a827cf46a286ef80366beb2f7867023e0b3f01d04982eabdef,validation
9f407af8058fdb2aaca3,real:engines\XAI-Compress\data\test\archive (1)\FaceForensics++_C23\DeepFakeDetection\03_09__secret_conversation__RCETIXYL.mp4,C:\Users\ss\Desktop\XAI\XAI\engines\XAI-Compress\data\test\archive (1)\FaceForensics++_C23\DeepFakeDetection\03_09__secret_conversation__RCETIXYL.mp4,real,video,6927947,22.72399646256294,1_10MiB,67887e6668b6ab5d747717300ad2377af0ffebde072e133778f05f37d5a09708,train
54d787039a71f598a310,real:engines\XAI-Compress\.test-tmp\final-all\test_v3_tiny_chunks_and_empty_1\out,C:\Users\ss\Desktop\XAI\XAI\engines\XAI-Compress\.test-tmp\final-all\test_v3_tiny_chunks_and_empty_1\out,real,binary,351,8.45532722030456,lt_16KiB,fd77dd8edc6e1528c889c940565c195d4e93e3c6117d70273a8c2d4c05a23bc8,train
27b855997e11102f5aac,real:apps\web_angular\src\app\pages\settings.page.ts,C:\Users\ss\Desktop\XAI\XAI\apps\web_angular\src\app\pages\settings.page.ts,real,source_code,870,9.76487159073609,lt_16KiB,7756faaf8669466d3db9438a394cadee4cce5656cd9f62e0a8d2c04eb296bda6,train
e1d9664ac99aeab9bd8f,real:engines\XAI-Compress\data\test\archive (1)\FaceForensics++_C23\DeepFakeDetection\03_11__exit_phone_room__P08VGHTA.mp4,C:\Users\ss\Desktop\XAI\XAI\engines\XAI-Compress\data\test\archive (1)\FaceForensics++_C23\DeepFakeDetection\03_11__exit_phone_room__P08VGHTA.mp4,real,video,3953663,21.91475847404104,1_10MiB,0acfa05686c2034d3347833b66c1c52b5812523dd08282ca7bcb35d8d27d2c50,test
8c67aa317a8b8c7766c6,real:apps\web_angular\src\app\pages\shares.page.ts,C:\Users\ss\Desktop\XAI\XAI\apps\web_angular\src\app\pages\shares.page.ts,real,source_code,1034,10.014020470314934,lt_16KiB,cd1b4b4de33632c6cdfc616d96321c1fac27c8c9e6524d6eb50f9b03ee8419ab,train
41dc6ff42d1c8bc0d6d0,real:engines\XAI-Compress\data\test\archive (1)\FaceForensics++_C23\DeepFakeDetection\03_11__talking_against_wall__P08VGHTA.mp4,C:\Users\ss\Desktop\XAI\XAI\engines\XAI-Compress\data\test\archive (1)\FaceForensics++_C23\DeepFakeDetection\03_11__talking_against_wall__P08VGHTA.mp4,real,video,5289450,22.334686287216513,1_10MiB,feb0a18198405d2ec84deb8a320305fdb00a16be0fe9d2f04ac407e0ddc11c98,validation
1d6d63467cb8c5a8f0b8,real:engines\XAI-Compress\.test-tmp\final-all\test_v3_tiny_chunks_and_empty_2\in,C:\Users\ss\Desktop\XAI\XAI\engines\XAI-Compress\.test-tmp\final-all\test_v3_tiny_chunks_and_empty_2\in,real,binary,2,1.0,lt_16KiB,fb8e20fc2e4c3f248c60c39bd652f3c1347298bb977b8b4d5903b85055620603,test
038bbc73704a5d6ab35f,real:apps\web_angular\src\environments\environment.prod.ts,C:\Users\ss\Desktop\XAI\XAI\apps\web_angular\src\environments\environment.prod.ts,real,source_code,74,6.20945336562895,lt_16KiB,b777819f1aba8220e15dbcc18925732ca0841367fb95fb095bf2c01076a9d95f,train
2afeadeb36056abeddfb,real:engines\XAI-Compress\data\test\archive (1)\FaceForensics++_C23\DeepFakeDetection\03_11__walk_down_hall_angry__P08VGHTA.mp4,C:\Users\ss\Desktop\XAI\XAI\engines\XAI-Compress\data\test\archive (1)\FaceForensics++_C23\DeepFakeDetection\03_11__walk_down_hall_angry__P08VGHTA.mp4,real,video,2640287,21.332263328821558,1_10MiB,cbab69d3f7d6cd651a9dde462a0e49b1f8d03dc55d9f84aea3b2c92285ff8840,train
63dedb05ae3a17a974bc,real:engines\XAI-Compress\.test-tmp\final-all\test_v3_tiny_chunks_and_empty_2\out,C:\Users\ss\Desktop\XAI\XAI\engines\XAI-Compress\.test-tmp\final-all\test_v3_tiny_chunks_and_empty_2\out,real,binary,405,8.661778097771988,lt_16KiB,962218a9e35f55fa31740d9872ea4cebd1e62971f10151b87dee404b7a616dee,train
5a32366e022af0a371f5,real:apps\web_angular\src\environments\environment.ts,C:\Users\ss\Desktop\XAI\XAI\apps\web_angular\src\environments\environment.ts,real,source_code,91,6.507794640198696,lt_16KiB,d89c2655dd34a1f627047d1657dd2acfa30f10255dc6aaed00c4fb970f80105e,validation
8059791c636225bc9a52,real:engines\XAI-Compress\data\test\archive (1)\FaceForensics++_C23\DeepFakeDetection\03_13__exit_phone_room__GBYWJW06.mp4,C:\Users\ss\Desktop\XAI\XAI\engines\XAI-Compress\data\test\archive (1)\FaceForensics++_C23\DeepFakeDetection\03_13__exit_phone_room__GBYWJW06.mp4,real,video,3957638,21.916208226305585,1_10MiB,b664eb92cc83172c420b33a9039053aedb649f3f8b7568639ca869b33ecd8eed,train
7565b12d4fbeeba7144c,real:apps\web_angular\src\main.ts,C:\Users\ss\Desktop\XAI\XAI\apps\web_angular\src\main.ts,real,source_code,223,7.800899899920305,lt_16KiB,d943d67825900de299d7576a78d06ea436387819887b15cf89bbf5e26cff17b7,train
7030656a47ddcae4e881,real:engines\XAI-Compress\data\test\archive (1)\FaceForensics++_C23\DeepFakeDetection\03_13__kitchen_pan__GBYWJW06.mp4,C:\Users\ss\Desktop\XAI\XAI\engines\XAI-Compress\data\test\archive (1)\FaceForensics++_C23\DeepFakeDetection\03_13__kitchen_pan__GBYWJW06.mp4,real,video,5639821,22.427217943559874,1_10MiB,8adf420ccaf5ccbd135690408d644cda64ff5e6602bd8b230c0caec6416069de,test
21913a8e99f9cdcf66bf,real:engines\XAI-Compress\.test-tmp\final-all\test_v3_tiny_chunks_and_empty_3\in,C:\Users\ss\Desktop\XAI\XAI\engines\XAI-Compress\.test-tmp\final-all\test_v3_tiny_chunks_and_empty_3\in,real,binary,7,2.807354922057604,lt_16KiB,422e211b56a0d96c8be2e719113d03a6fb659c0ad2f5e0f61b4d13d5aa370ef3,train
d4dbe8e2e6968fb85244,real:engines\XAI-Compress\.test-tmp\final-all\test_aggregate_and_classify0\a.py,C:\Users\ss\Desktop\XAI\XAI\engines\XAI-Compress\.test-tmp\final-all\test_aggregate_and_classify0\a.py,real,source_code,10,3.321928094887362,lt_16KiB,f1776ce4397fa7cbeaee31c3ff73d5b829eb49e5d15049f9266f099743f377e2,train
d6f621bafde7a1ba8c42,real:engines\XAI-Compress\data\test\archive (1)\FaceForensics++_C23\DeepFakeDetection\03_13__meeting_serious__GBYWJW06.mp4,C:\Users\ss\Desktop\XAI\XAI\engines\XAI-Compress\data\test\archive (1)\FaceForensics++_C23\DeepFakeDetection\03_13__meeting_serious__GBYWJW06.mp4,real,video,6001382,22.516863332538986,1_10MiB,143cf47239bd72bde24827bc69dc2c86327dca1158fe993f1aa421ce337a9e23,train
dbc01938d3aa71d52dab,real:engines\XAI-Compress\.test-tmp\final-all\test_v3_tiny_chunks_and_empty_3\out,C:\Users\ss\Desktop\XAI\XAI\engines\XAI-Compress\.test-tmp\final-all\test_v3_tiny_chunks_and_empty_3\out,real,binary,675,9.398743691938193,lt_16KiB,c4f7e1c3fed9cdd8f2daf32d39904084ef9c0a4908d53460af24938fec25a329,train
003efe4d5c582a31e3df,real:engines\XAI-Compress\.test-tmp\final-all\test_corpus_roundtrip0\corpus\code\sample.js,C:\Users\ss\Desktop\XAI\XAI\engines\XAI-Compress\.test-tmp\final-all\test_corpus_roundtrip0\corpus\code\sample.js,real,source_code,2880,11.491853096329674,lt_16KiB,9c9e2c63e1659c9bff46d48d5338a297dfe89a172f4ca58215ff758aec0224df,train
bed850f10c9c85062ede,real:engines\XAI-Compress\data\test\archive (1)\FaceForensics++_C23\DeepFakeDetection\03_13__meeting_serious__T3MZOI8X.mp4,C:\Users\ss\Desktop\XAI\XAI\engines\XAI-Compress\data\test\archive (1)\FaceForensics++_C23\DeepFakeDetection\03_13__meeting_serious__T3MZOI8X.mp4,real,video,5852264,22.480563421319363,1_10MiB,29363423f315081ada7730063eba61b04fefc0ff8bbc5231ae42440af6abb847,train
c7ef874c062878faa6bd,real:engines\XAI-Compress\.test-tmp\final-all\test_corpus_roundtrip0\corpus\code\sample.py,C:\Users\ss\Desktop\XAI\XAI\engines\XAI-Compress\.test-tmp\final-all\test_corpus_roundtrip0\corpus\code\sample.py,real,source_code,2670,11.382624026574916,lt_16KiB,8ffd452ada7cd6b4b878dc72fce159d7128927de7f9cf7bb31c659b80e2e3d06,train
16a0abe722aab2eb6de3,real:engines\XAI-Compress\data\test\archive (1)\FaceForensics++_C23\DeepFakeDetection\03_13__outside_talking_still_laughing__GBYWJW06.mp4,C:\Users\ss\Desktop\XAI\XAI\engines\XAI-Compress\data\test\archive (1)\FaceForensics++_C23\DeepFakeDetection\03_13__outside_talking_still_laughing__GBYWJW06.mp4,real,video,6674698,22.67027113215301,1_10MiB,8b7ac7db67c951631ecc748612b09d202f42e7641ab6af23530fb4a9ff199cfc,train
a74409d96ebcf449c718,real:engines\XAI-Compress\data\test\archive (1)\FaceForensics++_C23\DeepFakeDetection\03_13__talking_against_wall__GBYWJW06.mp4,C:\Users\ss\Desktop\XAI\XAI\engines\XAI-Compress\data\test\archive (1)\FaceForensics++_C23\DeepFakeDetection\03_13__talking_against_wall__GBYWJW06.mp4,real,video,5206041,22.31175524300699,1_10MiB,5ac8ce5b9de8cf2671293648a0b2a3732fa6575df6768727c97b0c594ba803d6,train
f09232d8c8e21c337a15,real:engines\XAI-Compress\data\test\archive (1)\FaceForensics++_C23\DeepFakeDetection\03_14__exit_phone_room__H0VQHGS3.mp4,C:\Users\ss\Desktop\XAI\XAI\engines\XAI-Compress\data\test\archive (1)\FaceForensics++_C23\DeepFakeDetection\03_14__exit_phone_room__H0VQHGS3.mp4,real,video,3926871,21.90494877473436,1_10MiB,ebca115e20aa3fe7ce4d6b64c7536e40843d2bc46821fe7bfb6f5a3e2d5a1dab,validation
87116483cc9b22ebfb89,real:engines\XAI-Compress\data\test\archive (1)\FaceForensics++_C23\DeepFakeDetection\03_14__meeting_serious__KJ221YN0.mp4,C:\Users\ss\Desktop\XAI\XAI\engines\XAI-Compress\data\test\archive (1)\FaceForensics++_C23\DeepFakeDetection\03_14__meeting_serious__KJ221YN0.mp4,real,video,5850207,22.4800562423262,1_10MiB,bca92a843df45ccfaae1a8b8cf50900b961174a106875a17c371bdd76291283e,train
cb354f198a06db89c3e3,real:engines\XAI-Compress\data\test\archive (1)\FaceForensics++_C23\DeepFakeDetection\03_14__meeting_serious__PLCQJM81.mp4,C:\Users\ss\Desktop\XAI\XAI\engines\XAI-Compress\data\test\archive (1)\FaceForensics++_C23\DeepFakeDetection\03_14__meeting_serious__PLCQJM81.mp4,real,video,5836185,22.476594184991278,1_10MiB,f471b0b92603d2942d52f6c3cc1e2deee7b96123d28cb0535b429ad15fca8202,train
3a1f94b58c417abac426,real:engines\XAI-Compress\data\test\archive (1)\FaceForensics++_C23\DeepFakeDetection\03_14__podium_speech_happy__Q9NSXM88.mp4,C:\Users\ss\Desktop\XAI\XAI\engines\XAI-Compress\data\test\archive (1)\FaceForensics++_C23\DeepFakeDetection\03_14__podium_speech_happy__Q9NSXM88.mp4,real,video,7473557,22.833363618881112,1_10MiB,633ce0f290dd0ff4bc125754ad51d718cc2452e18cdc9dfdcd0a3606cb1a6a86,validation
5f1c0b099e956d271d12,real:engines\XAI-Compress\data\test\archive (1)\FaceForensics++_C23\DeepFakeDetection\03_14__talking_against_wall__ZC2KYASW.mp4,C:\Users\ss\Desktop\XAI\XAI\engines\XAI-Compress\data\test\archive (1)\FaceForensics++_C23\DeepFakeDetection\03_14__talking_against_wall__ZC2KYASW.mp4,real,video,5159473,22.298792282431112,1_10MiB,3e6320768cdabbcdea8266327a08b62343b2e3c9930c904d88079519fe68e652,train
cfa60713b94c4cf8ad0a,real:engines\XAI-Compress\data\test\archive (1)\FaceForensics++_C23\DeepFakeDetection\03_14__walk_down_hall_angry__P1L5PF4I.mp4,C:\Users\ss\Desktop\XAI\XAI\engines\XAI-Compress\data\test\archive (1)\FaceForensics++_C23\DeepFakeDetection\03_14__walk_down_hall_angry__P1L5PF4I.mp4,real,video,2695511,21.362127366340065,1_10MiB,408c7b8655b03b3ce3d1d403181e80edc52d648cb3ba1a247424c3609bdc6429,test
0cb4f04242bea81d03dc,real:engines\XAI-Compress\data\test\archive (1)\FaceForensics++_C23\DeepFakeDetection\03_14__walking_down_indoor_hall_disgust__KJ221YN0.mp4,C:\Users\ss\Desktop\XAI\XAI\engines\XAI-Compress\data\test\archive (1)\FaceForensics++_C23\DeepFakeDetection\03_14__walking_down_indoor_hall_disgust__KJ221YN0.mp4,real,video,25087286,24.58045306934978,gt_10MiB,c6e72fba611bf4cfe534721d33a00211780a9e1da47c01698976f960dda4053d,test
f8ae069d35e67fdbb4f1,real:engines\XAI-Compress\data\test\archive (1)\FaceForensics++_C23\DeepFakeDetection\03_14__walking_down_street_outside_angry__H0VQHGS3.mp4,C:\Users\ss\Desktop\XAI\XAI\engines\XAI-Compress\data\test\archive (1)\FaceForensics++_C23\DeepFakeDetection\03_14__walking_down_street_outside_angry__H0VQHGS3.mp4,real,video,8617108,23.03877233491333,1_10MiB,4db6710cc794281843c3fa2bf1a7afee2600cd00dd35fed3b1257d2614a50117,train
e4db1be57353a51ccc82,real:engines\XAI-Compress\data\test\archive (1)\FaceForensics++_C23\DeepFakeDetection\03_15__kitchen_pan__AIOM1U5V.mp4,C:\Users\ss\Desktop\XAI\XAI\engines\XAI-Compress\data\test\archive (1)\FaceForensics++_C23\DeepFakeDetection\03_15__kitchen_pan__AIOM1U5V.mp4,real,video,5666226,22.43395671473536,1_10MiB,b95f70d67d8a0a7cb11ffd2a3f6411003c4939dcbcea75054b62908b273e9c7a,train
1dd1e1cbeb37c92a23c9,real:engines\XAI-Compress\data\test\archive (1)\FaceForensics++_C23\DeepFakeDetection\03_15__kitchen_pan__DNUJD8M2.mp4,C:\Users\ss\Desktop\XAI\XAI\engines\XAI-Compress\data\test\archive (1)\FaceForensics++_C23\DeepFakeDetection\03_15__kitchen_pan__DNUJD8M2.mp4,real,video,5624049,22.42317773339128,1_10MiB,041724acacd4ab276534cc413b96f8d8fe6b618ff0b251051ffbc8bf0609ea50,test
bebe821f2bd6332ee329,real:engines\XAI-Compress\data\test\archive (1)\FaceForensics++_C23\DeepFakeDetection\03_15__meeting_serious__DNUJD8M2.mp4,C:\Users\ss\Desktop\XAI\XAI\engines\XAI-Compress\data\test\archive (1)\FaceForensics++_C23\DeepFakeDetection\03_15__meeting_serious__DNUJD8M2.mp4,real,video,5848653,22.479672965988723,1_10MiB,38a1e834511e6aacf41dcef13c191d890e893b539a9e487c987f48edf9934550,train
dad17f73919559d7664a,real:engines\XAI-Compress\data\test\archive (1)\FaceForensics++_C23\DeepFakeDetection\03_15__meeting_serious__OY4I7ZU8.mp4,C:\Users\ss\Desktop\XAI\XAI\engines\XAI-Compress\data\test\archive (1)\FaceForensics++_C23\DeepFakeDetection\03_15__meeting_serious__OY4I7ZU8.mp4,real,video,5859580,22.482365828914958,1_10MiB,9501fd72d0b01d68d3611eeeef10e29a0b5c99a028d79f887795d533d075ef48,train
bc3e7012fb5f9873bfda,real:engines\XAI-Compress\data\test\archive (1)\FaceForensics++_C23\DeepFakeDetection\03_15__outside_talking_pan_laughing__Y11NT1YX.mp4,C:\Users\ss\Desktop\XAI\XAI\engines\XAI-Compress\data\test\archive (1)\FaceForensics++_C23\DeepFakeDetection\03_15__outside_talking_pan_laughing__Y11NT1YX.mp4,real,video,6753180,22.68713558110165,1_10MiB,146d1432854c5379943e270ab67b7e0b642e3ba004c1322bef4a36bc994707ca,train
575ac6afd2f60f8f7362,real:engines\XAI-Compress\data\test\archive (1)\FaceForensics++_C23\DeepFakeDetection\03_15__outside_talking_still_laughing__DNUJD8M2.mp4,C:\Users\ss\Desktop\XAI\XAI\engines\XAI-Compress\data\test\archive (1)\FaceForensics++_C23\DeepFakeDetection\03_15__outside_talking_still_laughing__DNUJD8M2.mp4,real,video,6725526,22.68121567385824,1_10MiB,65380b215b6f4373f3f360b7c823bdb4b283ae945c3ce3007f15b3f62ec01852,test
d4ebbe256c6d775666d8,real:engines\XAI-Compress\data\test\archive (1)\FaceForensics++_C23\DeepFakeDetection\03_15__podium_speech_happy__DG8ITQO3.mp4,C:\Users\ss\Desktop\XAI\XAI\engines\XAI-Compress\data\test\archive (1)\FaceForensics++_C23\DeepFakeDetection\03_15__podium_speech_happy__DG8ITQO3.mp4,real,video,7509850,22.840352661295768,1_10MiB,03e58dd6ba86867f6a9d06eb903c1c2831cbea20a37d5a102b164ec0861cbb7e,validation
bb880e3675492aa1e00f,real:engines\XAI-Compress\data\test\archive (1)\FaceForensics++_C23\DeepFakeDetection\03_18__kitchen_pan__22UBC0BS.mp4,C:\Users\ss\Desktop\XAI\XAI\engines\XAI-Compress\data\test\archive (1)\FaceForensics++_C23\DeepFakeDetection\03_18__kitchen_pan__22UBC0BS.mp4,real,video,5609721,22.419497589369342,1_10MiB,587a7e1042988276ea2ee64b47a101410220be2e05ed18bb3866ea501fa9b8ec,train
13aba9d16b31ddd9d84a,real:engines\XAI-Compress\data\test\archive (1)\FaceForensics++_C23\DeepFakeDetection\03_18__walking_and_outside_surprised__8HNSXOBW.mp4,C:\Users\ss\Desktop\XAI\XAI\engines\XAI-Compress\data\test\archive (1)\FaceForensics++_C23\DeepFakeDetection\03_18__walking_and_outside_surprised__8HNSXOBW.mp4,real,video,17790284,24.08458620585209,gt_10MiB,13eab2a4ef9390372baa21eb6dd4b9bc062e05c95efa05ba191f54b42b254a5e,train
967b5cad08b9c9c041c8,real:engines\XAI-Compress\data\test\archive (1)\FaceForensics++_C23\DeepFakeDetection\03_18__walking_outside_cafe_disgusted__22UBC0BS.mp4,C:\Users\ss\Desktop\XAI\XAI\engines\XAI-Compress\data\test\archive (1)\FaceForensics++_C23\DeepFakeDetection\03_18__walking_outside_cafe_disgusted__22UBC0BS.mp4,real,video,5153934,22.29724263184527,1_10MiB,7717fae0200aefda42a1296589ec85eebaad84778f1e7bb8bc4a82d18badf3f9,train
69ed96d0bffead5a030f,real:engines\XAI-Compress\data\test\archive (1)\FaceForensics++_C23\DeepFakeDetection\03_20__kitchen_still__Z6V05FXO.mp4,C:\Users\ss\Desktop\XAI\XAI\engines\XAI-Compress\data\test\archive (1)\FaceForensics++_C23\DeepFakeDetection\03_20__kitchen_still__Z6V05FXO.mp4,real,video,9168032,23.128180648994988,1_10MiB,d5a74d8a94deebe70041be59b6f0b760fb690d6a2e9b3e6baec763c1557c1865,train
af6180adf3abb6186174,real:engines\XAI-Compress\data\test\archive (1)\FaceForensics++_C23\DeepFakeDetection\03_20__walk_down_hall_angry__61SVZ2J7.mp4,C:\Users\ss\Desktop\XAI\XAI\engines\XAI-Compress\data\test\archive (1)\FaceForensics++_C23\DeepFakeDetection\03_20__walk_down_hall_angry__61SVZ2J7.mp4,real,video,2707016,21.36827198404825,1_10MiB,baf2326c2ff294941fd03667ae50e6a828625a45dde7bfb56a7ff1a29d9fdca4,train
305cd5af1b0709b0c083,real:engines\XAI-Compress\data\test\archive (1)\FaceForensics++_C23\DeepFakeDetection\03_21__exit_phone_room__YCSEBZO4.mp4,C:\Users\ss\Desktop\XAI\XAI\engines\XAI-Compress\data\test\archive (1)\FaceForensics++_C23\DeepFakeDetection\03_21__exit_phone_room__YCSEBZO4.mp4,real,video,3914952,21.900563188516994,1_10MiB,1a97402eac4f786adeae3c796c856678c02da2e0f8ce96c30eb23a567b30a758,train
2b7fc7750a1d486a8860,real:engines\XAI-Compress\data\test\archive (1)\FaceForensics++_C23\DeepFakeDetection\03_21__kitchen_pan__YCSEBZO4.mp4,C:\Users\ss\Desktop\XAI\XAI\engines\XAI-Compress\data\test\archive (1)\FaceForensics++_C23\DeepFakeDetection\03_21__kitchen_pan__YCSEBZO4.mp4,real,video,5680644,22.437623062951975,1_10MiB,fc5b02d2a5e27289d54bea6bf0966ffd49b64353c46cc1f2d80dba9a23b063da,train
9064f22b6b7dd67f3d33,real:engines\XAI-Compress\data\test\archive (1)\FaceForensics++_C23\DeepFakeDetection\03_21__meeting_serious__V53E3RVB.mp4,C:\Users\ss\Desktop\XAI\XAI\engines\XAI-Compress\data\test\archive (1)\FaceForensics++_C23\DeepFakeDetection\03_21__meeting_serious__V53E3RVB.mp4,real,video,5879816,22.487339578120338,1_10MiB,2b84b03435fd73f46b1d39c3bdbb8d516939064e6d66dae30849203264fa3035,train
b0bb0523bbd0a7bcddd2,real:engines\XAI-Compress\data\test\archive (1)\FaceForensics++_C23\DeepFakeDetection\03_21__secret_conversation__YCSEBZO4.mp4,C:\Users\ss\Desktop\XAI\XAI\engines\XAI-Compress\data\test\archive (1)\FaceForensics++_C23\DeepFakeDetection\03_21__secret_conversation__YCSEBZO4.mp4,real,video,6971524,22.733042638173476,1_10MiB,09622ce1032681618febdf6cfd76785fa00ff7f5a2ed42289d5088d99ad72e63,train
64d82f0eb41570cacc9e,real:engines\XAI-Compress\data\test\archive (1)\FaceForensics++_C23\DeepFakeDetection\03_26__kitchen_pan__WBSXBL82.mp4,C:\Users\ss\Desktop\XAI\XAI\engines\XAI-Compress\data\test\archive (1)\FaceForensics++_C23\DeepFakeDetection\03_26__kitchen_pan__WBSXBL82.mp4,real,video,5616481,22.421235063834025,1_10MiB,9a10f8e6288c75dd1824f213d9da72b134195b17280571a5a6bb787aa3216140,test
65aad6920755198ffc44,real:engines\XAI-Compress\data\test\archive (1)\FaceForensics++_C23\DeepFakeDetection\03_26__kitchen_still__WBSXBL82.mp4,C:\Users\ss\Desktop\XAI\XAI\engines\XAI-Compress\data\test\archive (1)\FaceForensics++_C23\DeepFakeDetection\03_26__kitchen_still__WBSXBL82.mp4,real,video,9151111,23.125515475222453,1_10MiB,b3f3aa4cfc9cf35b0e04824857feab315a5c8990128472e99ce73ac092ec97d0,test
302a07d24b61368de502,real:engines\XAI-Compress\data\test\archive (1)\FaceForensics++_C23\DeepFakeDetection\03_26__talking_against_wall__WBSXBL82.mp4,C:\Users\ss\Desktop\XAI\XAI\engines\XAI-Compress\data\test\archive (1)\FaceForensics++_C23\DeepFakeDetection\03_26__talking_against_wall__WBSXBL82.mp4,real,video,5191217,22.30764136494845,1_10MiB,7ed343535c7f93036da37421055ea87cad3ce3fd75cac9fd970f2080b3148cf3,test
84dcd2e350a766eef717,real:engines\XAI-Compress\data\test\archive (1)\FaceForensics++_C23\DeepFakeDetection\03_26__walk_down_hall_angry__WBSXBL82.mp4,C:\Users\ss\Desktop\XAI\XAI\engines\XAI-Compress\data\test\archive (1)\FaceForensics++_C23\DeepFakeDetection\03_26__walk_down_hall_angry__WBSXBL82.mp4,real,video,2608782,21.314944961291236,1_10MiB,a5851c69fc24e31cb054a87440e8e56ccca46267acbde202d5809bb8d66a5d43,test
94585176d637bf48ff2c,real:engines\XAI-Compress\data\test\archive (1)\FaceForensics++_C23\DeepFakeDetection\03_27__walk_down_hall_angry__IL675GCI.mp4,C:\Users\ss\Desktop\XAI\XAI\engines\XAI-Compress\data\test\archive (1)\FaceForensics++_C23\DeepFakeDetection\03_27__walk_down_hall_angry__IL675GCI.mp4,real,video,2649347,21.337205383357702,1_10MiB,12cbe431a79d7e152c90688b66919bed7259084f29bb10d88f03a3a9445ad6ff,train
88bbae167711c9953c27,real:engines\XAI-Compress\data\test\archive (1)\FaceForensics++_C23\DeepFakeDetection\03_27__walking_and_outside_surprised__KWGI1LSZ.mp4,C:\Users\ss\Desktop\XAI\XAI\engines\XAI-Compress\data\test\archive (1)\FaceForensics++_C23\DeepFakeDetection\03_27__walking_and_outside_surprised__KWGI1LSZ.mp4,real,video,26303104,24.648729724609996,gt_10MiB,3379e5ca1ec705edb71dc6aef40b3d1d37ebfc4233e9a43f35fcaa839910ef74,train
4ccf04c1f02a963011d8,real:engines\XAI-Compress\data\test\archive (1)\FaceForensics++_C23\DeepFakeDetection\03_27__walking_down_indoor_hall_disgust__IL675GCI.mp4,C:\Users\ss\Desktop\XAI\XAI\engines\XAI-Compress\data\test\archive (1)\FaceForensics++_C23\DeepFakeDetection\03_27__walking_down_indoor_hall_disgust__IL675GCI.mp4,real,video,25158522,24.58454383420684,gt_10MiB,1722a9e286b8221a1fd3647db8e91f7ddb506012396006ce489c26e059171978,train
c65bfa116de1d32b01f1,real:engines\XAI-Compress\data\test\archive (1)\FaceForensics++_C23\DeepFakeDetection\04_01__exit_phone_room__0XUW13RW.mp4,C:\Users\ss\Desktop\XAI\XAI\engines\XAI-Compress\data\test\archive (1)\FaceForensics++_C23\DeepFakeDetection\04_01__exit_phone_room__0XUW13RW.mp4,real,video,2829604,21.432168732907396,1_10MiB,83747b386974ef62fa7cb554347678f8d166adda04e3c1bebb1631771dca60ac,validation
b0085e643dad4fdad97a,real:engines\XAI-Compress\data\test\archive (1)\FaceForensics++_C23\DeepFakeDetection\04_01__kitchen_pan__GBC7ZGDP.mp4,C:\Users\ss\Desktop\XAI\XAI\engines\XAI-Compress\data\test\archive (1)\FaceForensics++_C23\DeepFakeDetection\04_01__kitchen_pan__GBC7ZGDP.mp4,real,video,4570476,22.123912994362062,1_10MiB,6821fdc107f84064658ebf9f6ad7129e9ac2282bcb1ed21bcb044ad326f4f0c5,train
3195eee4a59ac79f4da4,real:engines\XAI-Compress\data\test\archive (1)\FaceForensics++_C23\DeepFakeDetection\04_01__kitchen_still__6I623VU9.mp4,C:\Users\ss\Desktop\XAI\XAI\engines\XAI-Compress\data\test\archive (1)\FaceForensics++_C23\DeepFakeDetection\04_01__kitchen_still__6I623VU9.mp4,real,video,8060169,22.942378657817592,1_10MiB,f851b1536300f5a745c725ac7310bfa6a4853b85824b8ec2222e0a2b3ceda920,test
950d44cff753b628737e,real:engines\XAI-Compress\data\test\archive (1)\FaceForensics++_C23\DeepFakeDetection\04_01__kitchen_still__GBC7ZGDP.mp4,C:\Users\ss\Desktop\XAI\XAI\engines\XAI-Compress\data\test\archive (1)\FaceForensics++_C23\DeepFakeDetection\04_01__kitchen_still__GBC7ZGDP.mp4,real,video,8077765,22.945524744794962,1_10MiB,0af1aa1d63ca44591b66a1e146e93f2fa001fe92468fb1314027d3c6068518cd,train
f0856769e746c6732ef6,real:engines\XAI-Compress\data\test\archive (1)\FaceForensics++_C23\DeepFakeDetection\04_01__outside_talking_still_laughing__0XUW13RW.mp4,C:\Users\ss\Desktop\XAI\XAI\engines\XAI-Compress\data\test\archive (1)\FaceForensics++_C23\DeepFakeDetection\04_01__outside_talking_still_laughing__0XUW13RW.mp4,real,video,6411444,22.612217889822496,1_10MiB,c490aae27e5a5e5472efd92f0377dba58520fc0cf005726cf03a94aacdc51f90,validation
9d683af4871d2e2d3623,real:engines\XAI-Compress\data\test\archive (1)\FaceForensics++_C23\DeepFakeDetection\04_01__outside_talking_still_laughing__6I623VU9.mp4,C:\Users\ss\Desktop\XAI\XAI\engines\XAI-Compress\data\test\archive (1)\FaceForensics++_C23\DeepFakeDetection\04_01__outside_talking_still_laughing__6I623VU9.mp4,real,video,6433007,22.61706182786102,1_10MiB,1c1a69fcbe62b383d52000e6ca2fc08b3cf14ecde482450471e5986f9e17e30e,train
f16292a6192833e9c9b6,real:engines\XAI-Compress\data\test\archive (1)\FaceForensics++_C23\DeepFakeDetection\04_01__secret_conversation__6I623VU9.mp4,C:\Users\ss\Desktop\XAI\XAI\engines\XAI-Compress\data\test\archive (1)\FaceForensics++_C23\DeepFakeDetection\04_01__secret_conversation__6I623VU9.mp4,real,video,6363577,22.60140650928533,1_10MiB,8d3fe07cd3803b45b408462c02ffc812482da16687210e2ef15f63f1b3d04745,train
c7fb445e15f14f51f969,real:engines\XAI-Compress\data\test\archive (1)\FaceForensics++_C23\DeepFakeDetection\04_01__walk_down_hall_angry__GBC7ZGDP.mp4,C:\Users\ss\Desktop\XAI\XAI\engines\XAI-Compress\data\test\archive (1)\FaceForensics++_C23\DeepFakeDetection\04_01__walk_down_hall_angry__GBC7ZGDP.mp4,real,video,1440899,20.45853778248717,1_10MiB,56017ce22e39f849cd8978f496079c0df08c0b4ae365bec05e27df46f4187b26,train
c48523b2cf9a757ad56f,real:engines\XAI-Compress\data\test\archive (1)\FaceForensics++_C23\DeepFakeDetection\04_01__walking_down_street_outside_angry__GBC7ZGDP.mp4,C:\Users\ss\Desktop\XAI\XAI\engines\XAI-Compress\data\test\archive (1)\FaceForensics++_C23\DeepFakeDetection\04_01__walking_down_street_outside_angry__GBC7ZGDP.mp4,real,video,3133633,21.579404795693836,1_10MiB,d06035bcd915288033b50ece259aef280a940ff54fce55a681663c29488586ed,train
b64e4397cae94edd0730,real:engines\XAI-Compress\data\test\archive (1)\FaceForensics++_C23\DeepFakeDetection\04_06__kitchen_still__ZK95PQDE.mp4,C:\Users\ss\Desktop\XAI\XAI\engines\XAI-Compress\data\test\archive (1)\FaceForensics++_C23\DeepFakeDetection\04_06__kitchen_still__ZK95PQDE.mp4,real,video,8036374,22.938113275678827,1_10MiB,4231c0a5f3fb7d8c3f254219c7079d5417c3ae36c0e5add264e45bc3b1aba6ec,train
3c6507a633f8157a29f4,real:engines\XAI-Compress\data\test\archive (1)\FaceForensics++_C23\DeepFakeDetection\04_07__exit_phone_room__ITC0C48B.mp4,C:\Users\ss\Desktop\XAI\XAI\engines\XAI-Compress\data\test\archive (1)\FaceForensics++_C23\DeepFakeDetection\04_07__exit_phone_room__ITC0C48B.mp4,real,video,2467081,21.234373652769232,1_10MiB,be7d0d30f5a6bceab829f0246aa3b34a73b1f3a33d68089e227819d393b4125d,train
dd4438d1c373a366c9d3,real:engines\XAI-Compress\data\test\archive (1)\FaceForensics++_C23\DeepFakeDetection\04_07__kitchen_pan__XRK7FGZX.mp4,C:\Users\ss\Desktop\XAI\XAI\engines\XAI-Compress\data\test\archive (1)\FaceForensics++_C23\DeepFakeDetection\04_07__kitchen_pan__XRK7FGZX.mp4,real,video,4538188,22.11368494498265,1_10MiB,2e3b60301c0ce986678b58edd9b5908c9f67dd531369d9034eac784c0eb35158,train
3301a9173e2fc7fc9073,real:engines\XAI-Compress\data\test\archive (1)\FaceForensics++_C23\DeepFakeDetection\04_07__outside_talking_still_laughing__QKCCFKBT.mp4,C:\Users\ss\Desktop\XAI\XAI\engines\XAI-Compress\data\test\archive (1)\FaceForensics++_C23\DeepFakeDetection\04_07__outside_talking_still_laughing__QKCCFKBT.mp4,real,video,6475559,22.626573307562424,1_10MiB,9176cb4d771654a95ae8c9175873775b35de134b37eb740e08676143eaa80c71,train
05d45d058bf199ca8c8c,real:engines\XAI-Compress\data\test\archive (1)\FaceForensics++_C23\DeepFakeDetection\04_07__outside_talking_still_laughing__XRK7FGZX.mp4,C:\Users\ss\Desktop\XAI\XAI\engines\XAI-Compress\data\test\archive (1)\FaceForensics++_C23\DeepFakeDetection\04_07__outside_talking_still_laughing__XRK7FGZX.mp4,real,video,6425345,22.61534248922235,1_10MiB,1f8644f747a3b6326b2006bb8b3df5b2f8a676ca9fbcc215978331822bf4bb9e,train
c8e78ac2224766d0cc52,real:engines\XAI-Compress\benchmark.py,C:\Users\ss\Desktop\XAI\XAI\engines\XAI-Compress\benchmark.py,real,source_code,2065,11.011926066306808,lt_16KiB,0671e176f171e446bd854f6affaa2524fa1ac30460c77b69dd41030fb75e1414,train
695ce41b2d8a1378a92f,real:engines\XAI-Compress\data\test\archive (1)\FaceForensics++_C23\DeepFakeDetection\04_12__walking_down_street_outside_angry__96TQKDFJ.mp4,C:\Users\ss\Desktop\XAI\XAI\engines\XAI-Compress\data\test\archive (1)\FaceForensics++_C23\DeepFakeDetection\04_12__walking_down_street_outside_angry__96TQKDFJ.mp4,real,video,3147358,21.585709858367068,1_10MiB,93bcad6c4c55c8b630dbc26536b5ae1b956155187c927d343abbe52594ccf686,train
723ee192ced4dd73e34d,real:engines\XAI-Compress\build_rust_windows.bat,C:\Users\ss\Desktop\XAI\XAI\engines\XAI-Compress\build_rust_windows.bat,real,source_code,280,8.129283016944967,lt_16KiB,7cc324c30b7ed721e42572a22c9b4c0ccc9740d679604ead81d44ccd87b8b744,train
786236409c1e365ec725,real:engines\XAI-Compress\data\test\archive (1)\FaceForensics++_C23\DeepFakeDetection\04_13__podium_speech_happy__00T3UYOR.mp4,C:\Users\ss\Desktop\XAI\XAI\engines\XAI-Compress\data\test\archive (1)\FaceForensics++_C23\DeepFakeDetection\04_13__podium_speech_happy__00T3UYOR.mp4,real,video,7022376,22.74352781402088,1_10MiB,76411ca6c5cdac8e7f88a124865281a46de0e71f163ef074c02f0e69dd2b0fba,train
0f0daf031d676ef8bbf4,real:engines\XAI-Compress\measure_block_benchmark.py,C:\Users\ss\Desktop\XAI\XAI\engines\XAI-Compress\measure_block_benchmark.py,real,source_code,2281,11.155450731312138,lt_16KiB,82eab2162108fff780aef6b53f3caa70c781dc5e8164c664f08b2530dd2caa69,test
3c692dcd1767db09f61d,real:engines\XAI-Compress\data\test\archive (1)\FaceForensics++_C23\DeepFakeDetection\04_13__secret_conversation__00T3UYOR.mp4,C:\Users\ss\Desktop\XAI\XAI\engines\XAI-Compress\data\test\archive (1)\FaceForensics++_C23\DeepFakeDetection\04_13__secret_conversation__00T3UYOR.mp4,real,video,6363350,22.60135504489423,1_10MiB,b8aacef368e9e2abf33d3e4c839534e96ac781d80b694190db828a42769e44c6,train
e7bb06b749a082e50010,real:engines\XAI-Compress\phase_d_benchmark.py,C:\Users\ss\Desktop\XAI\XAI\engines\XAI-Compress\phase_d_benchmark.py,real,source_code,4290,12.066761932386909,lt_16KiB,87db6f65bbf9394a2d07e8341e633fe773b9a93193d60ce9ec5485b3ebce16d3,train
261135a29b2a058886af,real:engines\XAI-Compress\data\test\archive (1)\FaceForensics++_C23\DeepFakeDetection\04_13__walking_down_street_outside_angry__00T3UYOR.mp4,C:\Users\ss\Desktop\XAI\XAI\engines\XAI-Compress\data\test\archive (1)\FaceForensics++_C23\DeepFakeDetection\04_13__walking_down_street_outside_angry__00T3UYOR.mp4,real,video,3111258,21.569066604147356,1_10MiB,8a7c7ecdbb4dde025a7c606c799462a547d77b39218b568a62e7b71f385cbd08,train
5e3b4d3d0514868e8357,real:engines\XAI-Compress\phase_g_benchmark.py,C:\Users\ss\Desktop\XAI\XAI\engines\XAI-Compress\phase_g_benchmark.py,real,source_code,5792,12.499845887083206,lt_16KiB,76f8e6dd44a408308c49cbd2349303a6aa1eddab2f4da3004c9354c3fa3468df,train
916ee0944afa41eaebe4,real:engines\XAI-Compress\data\test\archive (1)\FaceForensics++_C23\DeepFakeDetection\04_13__walking_outside_cafe_disgusted__00T3UYOR.mp4,C:\Users\ss\Desktop\XAI\XAI\engines\XAI-Compress\data\test\archive (1)\FaceForensics++_C23\DeepFakeDetection\04_13__walking_outside_cafe_disgusted__00T3UYOR.mp4,real,video,3028698,21.530266299446975,1_10MiB,e45539660fa691cb798d554cb5c32a1b53c0aeea90430ba1d1f8a759c5f2a378,test
1f1f9f51f60784b49884,real:engines\XAI-Compress\phase_h_dataset_audit.py,C:\Users\ss\Desktop\XAI\XAI\engines\XAI-Compress\phase_h_dataset_audit.py,real,source_code,4212,12.040289721025717,lt_16KiB,789e277f972c11bc31986f63821b154242f600131c3d6035935c4c5e8b2482e8,validation
9cececa6a3a76ab67b8a,real:engines\XAI-Compress\data\test\archive (1)\FaceForensics++_C23\DeepFakeDetection\04_18__kitchen_still__NAXINA1N.mp4,C:\Users\ss\Desktop\XAI\XAI\engines\XAI-Compress\data\test\archive (1)\FaceForensics++_C23\DeepFakeDetection\04_18__kitchen_still__NAXINA1N.mp4,real,video,8072271,22.944543178331532,1_10MiB,7b641eefd29629bb1763974d92611a4192715416c3b0752b0eabcff5ea73147c,train
cdfe72201e70f3a1447d,real:engines\XAI-Compress\dataset-metadata.json,C:\Users\ss\Desktop\XAI\XAI\engines\XAI-Compress\dataset-metadata.json,real,json,138,7.108524456778169,lt_16KiB,e803168c839419b2afa93a8e2b9abd3d9c15b909c1ee64116860b35a439e5554,train
4e779bd1a58d6204c573,real:engines\XAI-Compress\phase_i_j_experiments.py,C:\Users\ss\Desktop\XAI\XAI\engines\XAI-Compress\phase_i_j_experiments.py,real,source_code,4364,12.091435386323607,lt_16KiB,09b8f46545606d9299edbb82cc22f2811634999eeea909f8a649a6fe14d52086,train
f88d9586669d22c279af,real:engines\XAI-Compress\data\test\archive (1)\FaceForensics++_C23\DeepFakeDetection\04_21__outside_talking_still_laughing__5Y31RZP8.mp4,C:\Users\ss\Desktop\XAI\XAI\engines\XAI-Compress\data\test\archive (1)\FaceForensics++_C23\DeepFakeDetection\04_21__outside_talking_still_laughing__5Y31RZP8.mp4,real,video,6444794,22.619702814656158,1_10MiB,690ec6fdf49b6b056f6851c4b1549907964d38f75e6e6eb5a420ffc5956d8033,train
f9702aedb2432dbaba8e,real:engines\XAI-Compress\notebooks\00_kaggle_setup.ipynb,C:\Users\ss\Desktop\XAI\XAI\engines\XAI-Compress\notebooks\00_kaggle_setup.ipynb,real,json,4165,12.02410078025291,lt_16KiB,41b2772342066d7959374ae4ead4a031013a3699ae80288dc8d6231ef7b554e9,train
429f3cd332184e7315fa,real:engines\XAI-Compress\results\compression_comparison\corpus\source_code.py,C:\Users\ss\Desktop\XAI\XAI\engines\XAI-Compress\results\compression_comparison\corpus\source_code.py,real,source_code,1071,10.064742764750257,lt_16KiB,24c33bbfa3e840b5e1db32f960a7f3fae4a3644e6074cd620de655ca8e5cb9f8,validation
5d237c9cd14e9ac2631f,real:engines\XAI-Compress\data\test\archive (1)\FaceForensics++_C23\DeepFakeDetection\04_21__talking_angry_couch__5Y31RZP8.mp4,C:\Users\ss\Desktop\XAI\XAI\engines\XAI-Compress\data\test\archive (1)\FaceForensics++_C23\DeepFakeDetection\04_21__talking_angry_couch__5Y31RZP8.mp4,real,video,20712959,24.304030332192315,gt_10MiB,00105c44785549eb5d62ad03f2ea8570538c5e5f493ce03ad882a46280f921b2,train
199eabb3d4c124fb971c,real:engines\XAI-Compress\notebooks\01_project_introduction.ipynb,C:\Users\ss\Desktop\XAI\XAI\engines\XAI-Compress\notebooks\01_project_introduction.ipynb,real,json,1634,10.674192268145683,lt_16KiB,e2b3de537d43bbf4d839110cb63710e97aa10046e093379a7593d4bf2cddc07e,train
ec6ab5ac6eff6781cf0c,real:engines\XAI-Compress\results\compression_comparison\corpus\streaming_source.py,C:\Users\ss\Desktop\XAI\XAI\engines\XAI-Compress\results\compression_comparison\corpus\streaming_source.py,real,source_code,2690,11.393390457443987,lt_16KiB,e50a998f831dfd795d73e63e4940bc017a1ad0f3d6a60ce88d28b58c03a61126,validation
2e1280effc84c52c6797,real:engines\XAI-Compress\data\test\archive (1)\FaceForensics++_C23\DeepFakeDetection\04_21__walking_down_street_outside_angry__5Y31RZP8.mp4,C:\Users\ss\Desktop\XAI\XAI\engines\XAI-Compress\data\test\archive (1)\FaceForensics++_C23\DeepFakeDetection\04_21__walking_down_street_outside_angry__5Y31RZP8.mp4,real,video,3213733,21.61581864283723,1_10MiB,356f0a2e74bac97eb1209ae20e6eab9703e31e9768be8af34f3a8987f250340f,train
0d659f1ff59acebabfd5,real:engines\XAI-Compress\notebooks\02_dataset_analysis.ipynb,C:\Users\ss\Desktop\XAI\XAI\engines\XAI-Compress\notebooks\02_dataset_analysis.ipynb,real,json,1687,10.720244258287567,lt_16KiB,a64bcf73ca2403bcc8bcc6d39699428f26e7daf4ed9f87d5761fe230c0168fb9,train
b93acb5a19ce600612f5,real:engines\XAI-Compress\data\test\archive (1)\FaceForensics++_C23\DeepFakeDetection\04_26__kitchen_pan__MS2MLJP1.mp4,C:\Users\ss\Desktop\XAI\XAI\engines\XAI-Compress\data\test\archive (1)\FaceForensics++_C23\DeepFakeDetection\04_26__kitchen_pan__MS2MLJP1.mp4,real,video,4609807,22.136274919551113,1_10MiB,a6c68ad2812c85c330d96399ad1ea86ef54cdd02d9b39dd6ff9866b69f414697,validation
b476a17dd07e7522ddce,real:engines\XAI-Compress\notebooks\03_data_preprocessing.ipynb,C:\Users\ss\Desktop\XAI\XAI\engines\XAI-Compress\notebooks\03_data_preprocessing.ipynb,real,json,1742,10.766528908598865,lt_16KiB,d0e79ea9eadcca0d64801900841afe4d5d7a9762d84fb733b281a94e33995e50,validation
004a5a754558b01c4dba,real:engines\XAI-Compress\data\test\archive (1)\FaceForensics++_C23\DeepFakeDetection\04_26__outside_talking_pan_laughing__WX836VLY.mp4,C:\Users\ss\Desktop\XAI\XAI\engines\XAI-Compress\data\test\archive (1)\FaceForensics++_C23\DeepFakeDetection\04_26__outside_talking_pan_laughing__WX836VLY.mp4,real,video,8032091,22.937344183795258,1_10MiB,9281a51df8740a04ceaff2032cdf675f52327c97ef4292153b4808690606be42,train
28422f4353c24ab56f94,real:engines\XAI-Compress\notebooks\04_entropy_analysis.ipynb,C:\Users\ss\Desktop\XAI\XAI\engines\XAI-Compress\notebooks\04_entropy_analysis.ipynb,real,json,1630,10.67065624911844,lt_16KiB,c8f4db425ee0af886205b62eb2f3a32a10e9886f5247910c128ad56b60f21175,train
933aebbab00276e3e8a7,real:engines\XAI-Compress\data\test\archive (1)\FaceForensics++_C23\DeepFakeDetection\04_26__outside_talking_still_laughing__WX836VLY.mp4,C:\Users\ss\Desktop\XAI\XAI\engines\XAI-Compress\data\test\archive (1)\FaceForensics++_C23\DeepFakeDetection\04_26__outside_talking_still_laughing__WX836VLY.mp4,real,video,6432282,22.61689922694226,1_10MiB,2deb06a1435504f583a928fd845e2fa4bc2460e5a75107aa96e725ffd20b0cd0,validation
923ec331dcbeed9cfa81,real:engines\XAI-Compress\notebooks\05_baseline_model.ipynb,C:\Users\ss\Desktop\XAI\XAI\engines\XAI-Compress\notebooks\05_baseline_model.ipynb,real,json,1658,10.69522829149575,lt_16KiB,e03537bde3612e3247a17a43adde109e8407883a2027d7dcd0bb6c05eec09aa7,train
464641ab143ed916f77b,real:engines\XAI-Compress\data\test\archive (1)\FaceForensics++_C23\DeepFakeDetection\04_26__walking_outside_cafe_disgusted__MS2MLJP1.mp4,C:\Users\ss\Desktop\XAI\XAI\engines\XAI-Compress\data\test\archive (1)\FaceForensics++_C23\DeepFakeDetection\04_26__walking_outside_cafe_disgusted__MS2MLJP1.mp4,real,video,3070827,21.55019580737148,1_10MiB,ea61aac907af0d107bf7769245c8f3ec17909d589fb90a9e6664b37645e4c4e3,train
2aaa61682ef5b2eeabcd,real:engines\XAI-Compress\notebooks\06_model_architecture.ipynb,C:\Users\ss\Desktop\XAI\XAI\engines\XAI-Compress\notebooks\06_model_architecture.ipynb,real,json,1724,10.751544059089099,lt_16KiB,100b91a148d3b236cee1cd42b9a4b86eba4b59f63e453e6c16c75745b3af30dd,test
5fbf7e5d425ea2cedf79,real:engines\XAI-Compress\data\test\archive (1)\FaceForensics++_C23\DeepFakeDetection\04_27__walking_outside_cafe_disgusted__2CCI2ND1.mp4,C:\Users\ss\Desktop\XAI\XAI\engines\XAI-Compress\data\test\archive (1)\FaceForensics++_C23\DeepFakeDetection\04_27__walking_outside_cafe_disgusted__2CCI2ND1.mp4,real,video,3055237,21.542852866049927,1_10MiB,45f029b538142ab49988b4e2d7447d10a90eb3773253a6757e42a527eea87c66,test
745146dbcc797c011752,real:engines\XAI-Compress\notebooks\07_training_process.ipynb,C:\Users\ss\Desktop\XAI\XAI\engines\XAI-Compress\notebooks\07_training_process.ipynb,real,json,1705,10.735556023911535,lt_16KiB,dcbba6b44484be817d61432c1ef1142f94319ac5b6ee2d502965f66a371cd48a,train
3e5bbd6db687a9689866,real:engines\XAI-Compress\data\test\archive (1)\FaceForensics++_C23\DeepFakeDetection\05_08__exit_phone_room__YN1Q9TER.mp4,C:\Users\ss\Desktop\XAI\XAI\engines\XAI-Compress\data\test\archive (1)\FaceForensics++_C23\DeepFakeDetection\05_08__exit_phone_room__YN1Q9TER.mp4,real,video,2912219,21.473687420167742,1_10MiB,430c3c41a8b8b2aab615936f1de7510c4daab92747638f01b9d1051f90a92bd9,train
18c54d45cfa6593682cf,real:engines\XAI-Compress\notebooks\08_training_evolution.ipynb,C:\Users\ss\Desktop\XAI\XAI\engines\XAI-Compress\notebooks\08_training_evolution.ipynb,real,json,1625,10.66622400280318,lt_16KiB,30eae3820b117198a6b53cd2bb05443dbf0c83f388de2dc8d01d53569937a54a,validation
6b4f86be63ee04262a43,real:engines\XAI-Compress\data\test\archive (1)\FaceForensics++_C23\DeepFakeDetection\05_08__talking_against_wall__PRBCE28Z.mp4,C:\Users\ss\Desktop\XAI\XAI\engines\XAI-Compress\data\test\archive (1)\FaceForensics++_C23\DeepFakeDetection\05_08__talking_against_wall__PRBCE28Z.mp4,real,video,4705888,22.166035554194206,1_10MiB,aa1a507e0c9086af9b1f45b1539ffc92214a6e538ac32f368dfd8b339f7b0066,train
a53d617f5b607cc91319,real:engines\XAI-Compress\notebooks\09_model_comparison.ipynb,C:\Users\ss\Desktop\XAI\XAI\engines\XAI-Compress\notebooks\09_model_comparison.ipynb,real,json,1694,10.726218159332198,lt_16KiB,2a3024b3c8dbc4bd1fa9b465ea07b1f16c391745e21d18d4b362d48c8d2fb0d9,train
882f56fc623f0620338f,real:engines\XAI-Compress\results\model_search\imports\auto\lr-0-0002-f316e33308\v1\XAI-Compress\rust-core\src\lib.rs,C:\Users\ss\Desktop\XAI\XAI\engines\XAI-Compress\results\model_search\imports\auto\lr-0-0002-f316e33308\v1\XAI-Compress\rust-core\src\lib.rs,real,source_code,4776,12.221587121264806,lt_16KiB,92d7e13af5b27a6715faff41ab28461019f8bb84bf982e04e1ef3c257d996d3c,train
572efd7f2a5776ba9d45,real:engines\XAI-Compress\data\test\archive (1)\FaceForensics++_C23\DeepFakeDetection\05_16__exit_phone_room__B62WCGUN.mp4,C:\Users\ss\Desktop\XAI\XAI\engines\XAI-Compress\data\test\archive (1)\FaceForensics++_C23\DeepFakeDetection\05_16__exit_phone_room__B62WCGUN.mp4,real,video,2811457,21.42288655098462,1_10MiB,a1908b1296c3959f0424dac3190bd6eb00e6b5166e3e7660ec192258f285c178,validation
a84a697ea1b8bde83136,real:engines\XAI-Compress\notebooks\10_compression_comparison.ipynb,C:\Users\ss\Desktop\XAI\XAI\engines\XAI-Compress\notebooks\10_compression_comparison.ipynb,real,json,1793,10.808159772868375,lt_16KiB,07ede12042e411f1ae173bf70b7a0400a41411fe430647268e30f4fcfd37ffec,train
997ee1d321c91b8eb0f5,real:engines\XAI-Compress\results\model_search\imports\auto\lr-0-0002-f316e33308\v1\XAI-Compress\scripts\benchmark_rust_core.py,C:\Users\ss\Desktop\XAI\XAI\engines\XAI-Compress\results\model_search\imports\auto\lr-0-0002-f316e33308\v1\XAI-Compress\scripts\benchmark_rust_core.py,real,source_code,1904,10.894817763307943,lt_16KiB,0f17dbcde6b16f31c89a607918b8534b3d2d78d7ce07636a8cffde7feba5163c,train
e99cddae82a09bfe6f8a,real:engines\XAI-Compress\data\test\archive (1)\FaceForensics++_C23\DeepFakeDetection\05_16__kitchen_still__053HPS1G.mp4,C:\Users\ss\Desktop\XAI\XAI\engines\XAI-Compress\data\test\archive (1)\FaceForensics++_C23\DeepFakeDetection\05_16__kitchen_still__053HPS1G.mp4,real,video,6026233,22.52282502410952,1_10MiB,ff18b38cb9497029cf7631cd39f6b136c23c6515b1b4c796af6689f813b584af,validation
27e6f43f927d563ee84f,real:engines\XAI-Compress\notebooks\11_speed_benchmark.ipynb,C:\Users\ss\Desktop\XAI\XAI\engines\XAI-Compress\notebooks\11_speed_benchmark.ipynb,real,json,1585,10.63026712502677,lt_16KiB,1ff9c45b79aa140df261cf1864958697c76da455a1a36acad79556139fb12b9b,train
1ca1211ec9476238a70f,real:engines\XAI-Compress\results\model_search\imports\auto\lr-0-0002-f316e33308\v1\XAI-Compress\scripts\benchmark_v2_promotion.py,C:\Users\ss\Desktop\XAI\XAI\engines\XAI-Compress\results\model_search\imports\auto\lr-0-0002-f316e33308\v1\XAI-Compress\scripts\benchmark_v2_promotion.py,real,source_code,13959,13.768907972478404,lt_16KiB,bbb8573356cfb15fa62629159fbfa3e370644f2aee886dd49c4993597d4d19ed,train
b20afdf145823e84a6c4,real:engines\XAI-Compress\data\test\archive (1)\FaceForensics++_C23\DeepFakeDetection\05_16__kitchen_still__B62WCGUN.mp4,C:\Users\ss\Desktop\XAI\XAI\engines\XAI-Compress\data\test\archive (1)\FaceForensics++_C23\DeepFakeDetection\05_16__kitchen_still__B62WCGUN.mp4,real,video,6093053,22.53873385891698,1_10MiB,6d8b6d47e1c09e5fe8016991ce15abe341217718f1aacedf90eb93a4f8ec03be,train
10858d8c4082f36c7a0e,real:engines\XAI-Compress\notebooks\12_memory_gpu_benchmark.ipynb,C:\Users\ss\Desktop\XAI\XAI\engines\XAI-Compress\notebooks\12_memory_gpu_benchmark.ipynb,real,json,1515,10.565102078360313,lt_16KiB,0df99fdcef5e9bbf8c47a859fbfb4788281b32f50d02a691a35f33af44fa1c01,train
9bfffccf3eb1ba81df60,real:engines\XAI-Compress\results\model_search\imports\auto\lr-0-0002-f316e33308\v1\XAI-Compress\scripts\build_three_mode_report.py,C:\Users\ss\Desktop\XAI\XAI\engines\XAI-Compress\results\model_search\imports\auto\lr-0-0002-f316e33308\v1\XAI-Compress\scripts\build_three_mode_report.py,real,source_code,3972,11.955649907528374,lt_16KiB,24e42c636e241f83c64da3f49553fff5b64a73c821a1afb314a96d21a4d64089,test
a575651b9c1ef8835f69,real:engines\XAI-Compress\data\test\archive (1)\FaceForensics++_C23\DeepFakeDetection\05_16__walk_down_hall_angry__OSXCUOHX.mp4,C:\Users\ss\Desktop\XAI\XAI\engines\XAI-Compress\data\test\archive (1)\FaceForensics++_C23\DeepFakeDetection\05_16__walk_down_hall_angry__OSXCUOHX.mp4,real,video,2648334,21.336653651347323,1_10MiB,14defb5dc03173ec487675d18fba9378f37984c120ad740c9d9eab741c90432d,train
a2219ec96564a901aef9,real:engines\XAI-Compress\notebooks\13_ablation_study.ipynb,C:\Users\ss\Desktop\XAI\XAI\engines\XAI-Compress\notebooks\13_ablation_study.ipynb,real,json,1605,10.648357582009666,lt_16KiB,5d88283da68155bbe44595e897f46308c335af081880604b21db3be26281a4ba,train
b75cdce8c57493bd605e,real:engines\XAI-Compress\results\model_search\imports\auto\lr-0-0002-f316e33308\v1\XAI-Compress\scripts\debug_lossless_v2_activations.py,C:\Users\ss\Desktop\XAI\XAI\engines\XAI-Compress\results\model_search\imports\auto\lr-0-0002-f316e33308\v1\XAI-Compress\scripts\debug_lossless_v2_activations.py,real,source_code,12418,13.600145216358667,lt_16KiB,f1a9d02233b38fef6507cd2990efa56fb434efcc28a0cce5d9b9929c87974c82,train
b46249238a82a1760029,real:engines\XAI-Compress\data\test\archive (1)\FaceForensics++_C23\DeepFakeDetection\05_16__walk_down_hall_angry__U9WZI5LK.mp4,C:\Users\ss\Desktop\XAI\XAI\engines\XAI-Compress\data\test\archive (1)\FaceForensics++_C23\DeepFakeDetection\05_16__walk_down_hall_angry__U9WZI5LK.mp4,real,video,2645275,21.334986280515324,1_10MiB,cc04fc7516807fbf54504d208596ce2f7346ae423b220dfeec52279c09185d82,test
c34dfe591d1ff35c8fd7,real:engines\XAI-Compress\notebooks\14_error_analysis.ipynb,C:\Users\ss\Desktop\XAI\XAI\engines\XAI-Compress\notebooks\14_error_analysis.ipynb,real,json,1713,10.742309436084,lt_16KiB,2e4d9c8b244c290419affc9da765f258c1a2c73ee2e28b8249a7a6886edd39a8,train
4dab877d7783ef17ce65,real:engines\XAI-Compress\results\model_search\imports\auto\lr-0-0002-f316e33308\v1\XAI-Compress\scripts\debug_lossless_v2_gradients.py,C:\Users\ss\Desktop\XAI\XAI\engines\XAI-Compress\results\model_search\imports\auto\lr-0-0002-f316e33308\v1\XAI-Compress\scripts\debug_lossless_v2_gradients.py,real,source_code,6129,12.581435989454384,lt_16KiB,5d768325c9cbd7eaf62a4f57d478eab4267196ac415b230e86e4274e95e8e0a0,train
905efebd59ae8be40b95,real:engines\XAI-Compress\data\test\archive (1)\FaceForensics++_C23\DeepFakeDetection\05_16__walking_down_street_outside_angry__OSXCUOHX.mp4,C:\Users\ss\Desktop\XAI\XAI\engines\XAI-Compress\data\test\archive (1)\FaceForensics++_C23\DeepFakeDetection\05_16__walking_down_street_outside_angry__OSXCUOHX.mp4,real,video,5589800,22.41436523447314,1_10MiB,c7a69f2303d67f2626990e6889c3128b687547d77db32c024b1c35c02d077e1e,validation
b3e093eee51aafd6f2a7,real:engines\XAI-Compress\notebooks\15_final_results.ipynb,C:\Users\ss\Desktop\XAI\XAI\engines\XAI-Compress\notebooks\15_final_results.ipynb,real,json,1642,10.681238411777805,lt_16KiB,a274f87133c6503d7b248827f980f8769ed18b5d02a1e66f82cc2109b2a2cac9,train
19155f2c690fb64576b1,real:engines\XAI-Compress\results\model_search\imports\auto\lr-0-0002-f316e33308\v1\XAI-Compress\scripts\debug_lossless_v2_numerics.py,C:\Users\ss\Desktop\XAI\XAI\engines\XAI-Compress\results\model_search\imports\auto\lr-0-0002-f316e33308\v1\XAI-Compress\scripts\debug_lossless_v2_numerics.py,real,source_code,3677,11.844313461203296,lt_16KiB,2368cf820c99f77ceddbc1cbf0555c93c01b25f3b14d202768a185a124ee996c,validation
74c24450b31bae3c90dc,real:engines\XAI-Compress\data\test\archive (1)\FaceForensics++_C23\DeepFakeDetection\05_17__hugging_happy__YTJYYDO9.mp4,C:\Users\ss\Desktop\XAI\XAI\engines\XAI-Compress\data\test\archive (1)\FaceForensics++_C23\DeepFakeDetection\05_17__hugging_happy__YTJYYDO9.mp4,real,video,11097875,23.403780122728094,gt_10MiB,f3b241486b8b441e26d62b4035e4af4c9e2398a1fa8999d5a3986782be817b41,train
3e4be51631d495b0b35e,real:engines\XAI-Compress\notebooks\16_complete_pipeline.ipynb,C:\Users\ss\Desktop\XAI\XAI\engines\XAI-Compress\notebooks\16_complete_pipeline.ipynb,real,json,1650,10.688250309133178,lt_16KiB,3d009bfb870a03137d7b6d833d113c1dd54d2b69d8666f19679d3c127bd2a5b7,train
4c96935b431ab992774b,real:engines\XAI-Compress\results\model_search\imports\auto\lr-0-0002-f316e33308\v1\XAI-Compress\scripts\final_analysis.py,C:\Users\ss\Desktop\XAI\XAI\engines\XAI-Compress\results\model_search\imports\auto\lr-0-0002-f316e33308\v1\XAI-Compress\scripts\final_analysis.py,real,source_code,20521,14.324813415557216,16_64KiB,a89018158644473eff825da4772e841fb18730880e0b3e6e0df5b258e5f06d54,validation
769bc1050e1bcf06e990,real:engines\XAI-Compress\data\test\archive (1)\FaceForensics++_C23\DeepFakeDetection\05_17__walking_down_street_outside_angry__M3H96PDQ.mp4,C:\Users\ss\Desktop\XAI\XAI\engines\XAI-Compress\data\test\archive (1)\FaceForensics++_C23\DeepFakeDetection\05_17__walking_down_street_outside_angry__M3H96PDQ.mp4,real,video,5713249,22.44587997746009,1_10MiB,95a548a9ff65cd4074f6e757c833a332bdc3c2788a69b2ea63aa5a81003a9da9,test
7979bd2e1d0dd226f6a1,real:engines\XAI-Compress\notebooks\PhD_Interview_XAI_Compress_Visual_Explanation.ipynb,C:\Users\ss\Desktop\XAI\XAI\engines\XAI-Compress\notebooks\PhD_Interview_XAI_Compress_Visual_Explanation.ipynb,real,json,254248,17.955876899841396,64KiB_1MiB,1be2e6a47458b26ac08a42881a8994d45a91605bd2c3b285b808dbbf522ba5af,train
4bd60e8821f5e5694596,real:engines\XAI-Compress\results\model_search\imports\auto\lr-0-0002-f316e33308\v1\XAI-Compress\scripts\generate_notebooks.py,C:\Users\ss\Desktop\XAI\XAI\engines\XAI-Compress\results\model_search\imports\auto\lr-0-0002-f316e33308\v1\XAI-Compress\scripts\generate_notebooks.py,real,source_code,7664,12.90388184573618,lt_16KiB,284c06a1c84760b6869240dac308cf0a12571cfa7402379c11f0f68b72b56cac,train
055c9f6ee496bae3d64e,real:engines\XAI-Compress\data\test\archive (1)\FaceForensics++_C23\DeepFakeDetection\05_17__walking_outside_cafe_disgusted__C4VHXZFY.mp4,C:\Users\ss\Desktop\XAI\XAI\engines\XAI-Compress\data\test\archive (1)\FaceForensics++_C23\DeepFakeDetection\05_17__walking_outside_cafe_disgusted__C4VHXZFY.mp4,real,video,4699050,22.163937688067303,1_10MiB,9bccd08af93d495417b2f10032843fc27d93ed700ab9841033a4a569a1c7190a,train
51574337e325c6face68,real:engines\XAI-Compress\notebooks\XAI_Compress_Final_Project.ipynb,C:\Users\ss\Desktop\XAI\XAI\engines\XAI-Compress\notebooks\XAI_Compress_Final_Project.ipynb,real,json,6571,12.681897226786235,lt_16KiB,f03da3e13b97280aa1c95cbd44803e354fa687009dc9d6042a379be332ba11e8,train
2da37eefbc61febd2975,real:engines\XAI-Compress\results\model_search\imports\auto\lr-0-0002-f316e33308\v1\XAI-Compress\scripts\generate_report.py,C:\Users\ss\Desktop\XAI\XAI\engines\XAI-Compress\results\model_search\imports\auto\lr-0-0002-f316e33308\v1\XAI-Compress\scripts\generate_report.py,real,source_code,4395,12.101647450030766,lt_16KiB,2b6d691c2c6b2458a8121f0313ca8ba8363894b3da29602ac6d9cda6b7b2203e,test
714b8d33e5155089d4f9,real:engines\XAI-Compress\data\test\archive (1)\FaceForensics++_C23\DeepFakeDetection\05_28__exit_phone_room__U9LRLJ6N.mp4,C:\Users\ss\Desktop\XAI\XAI\engines\XAI-Compress\data\test\archive (1)\FaceForensics++_C23\DeepFakeDetection\05_28__exit_phone_room__U9LRLJ6N.mp4,real,video,2797065,21.415482349805437,1_10MiB,80ce047f9fefb6a575ef492349303b96b7b0c0249b7138e3a83b3d23941aa017,train
1ecb0632954872fc2ec7,real:engines\XAI-Compress\notebooks\XAI_Compress_Final_Research_Analysis.ipynb,C:\Users\ss\Desktop\XAI\XAI\engines\XAI-Compress\notebooks\XAI_Compress_Final_Research_Analysis.ipynb,real,json,5275,12.364955378481909,lt_16KiB,9d6eefc011e53dd19405ea32af04e5c1689c4bc6dddc960df98c86faeed03477,train
c68f5cb0f6b58db64c57,real:engines\XAI-Compress\results\model_search\imports\auto\lr-0-0002-f316e33308\v1\XAI-Compress\scripts\kaggle\deploy.ps1,C:\Users\ss\Desktop\XAI\XAI\engines\XAI-Compress\results\model_search\imports\auto\lr-0-0002-f316e33308\v1\XAI-Compress\scripts\kaggle\deploy.ps1,real,source_code,1891,10.884933647949762,lt_16KiB,644b73ae20b0422cd32ce0913b28260adc2f703b2f7a1e323d0925761941c082,test
fbc2f44d1a24d8896aee,real:engines\XAI-Compress\data\test\archive (1)\FaceForensics++_C23\DeepFakeDetection\05_28__hugging_happy__VR9127O1.mp4,C:\Users\ss\Desktop\XAI\XAI\engines\XAI-Compress\data\test\archive (1)\FaceForensics++_C23\DeepFakeDetection\05_28__hugging_happy__VR9127O1.mp4,real,video,11034264,23.395487067371263,gt_10MiB,7b6af6816877bd534e90b64d82fef4e5f27619d7976cadcd276eed7f34ff6685,train
570d1f5370d3afb79631,real:engines\XAI-Compress\notebooks\xai_compress_research.ipynb,C:\Users\ss\Desktop\XAI\XAI\engines\XAI-Compress\notebooks\xai_compress_research.ipynb,real,json,4200,12.036173612553485,lt_16KiB,3ea3789908b008585b8bd183267fc35372c2fa526600ecbb30575ca727aeab57,validation
ed3a9ca79421c95331c2,real:engines\XAI-Compress\results\model_search\imports\auto\lr-0-0002-f316e33308\v1\XAI-Compress\scripts\kaggle\download_model.ps1,C:\Users\ss\Desktop\XAI\XAI\engines\XAI-Compress\results\model_search\imports\auto\lr-0-0002-f316e33308\v1\XAI-Compress\scripts\kaggle\download_model.ps1,real,source_code,2973,11.537703747907644,lt_16KiB,bf4aebd372d69759e65f8950fd19143b76ec1faf1b16d3b84581d219e0086851,train
d96e644d49859dd5784a,real:engines\XAI-Compress\data\test\archive (1)\FaceForensics++_C23\DeepFakeDetection\05_28__kitchen_still__W3J028UG.mp4,C:\Users\ss\Desktop\XAI\XAI\engines\XAI-Compress\data\test\archive (1)\FaceForensics++_C23\DeepFakeDetection\05_28__kitchen_still__W3J028UG.mp4,real,video,6057103,22.530196513705597,1_10MiB,b7e7b7b6a9a3b4553f98b7e558f99b3d31e08f7b57feeb5ba418e2f0afd7957c,train
7953f05bc2a54033fdc5,real:engines\XAI-Compress\notebooks\XAI_Compress_Three_Model_Final_Analysis.ipynb,C:\Users\ss\Desktop\XAI\XAI\engines\XAI-Compress\notebooks\XAI_Compress_Three_Model_Final_Analysis.ipynb,real,json,2370,11.210671343785622,lt_16KiB,5f2c48b04d42fd40d6f4a22f3c98148ce9d00d1fd43da55b33825bd44b15bcf6,train
16fae755578a7885b944,real:engines\XAI-Compress\results\model_search\imports\auto\lr-0-0002-f316e33308\v1\XAI-Compress\scripts\kaggle\kaggle_benchmark.py,C:\Users\ss\Desktop\XAI\XAI\engines\XAI-Compress\results\model_search\imports\auto\lr-0-0002-f316e33308\v1\XAI-Compress\scripts\kaggle\kaggle_benchmark.py,real,source_code,6336,12.62935662007961,lt_16KiB,3f036649b9906c448aa091d0e08394ac64acd1e70492d98a99484c10e1a0250c,train
d9d85debc162ee0317cc,real:engines\XAI-Compress\data\test\archive (1)\FaceForensics++_C23\DeepFakeDetection\05_28__walking_outside_cafe_disgusted__2DK5X0Y0.mp4,C:\Users\ss\Desktop\XAI\XAI\engines\XAI-Compress\data\test\archive (1)\FaceForensics++_C23\DeepFakeDetection\05_28__walking_outside_cafe_disgusted__2DK5X0Y0.mp4,real,video,4882821,22.219283460314966,1_10MiB,e8a3a3be72341f7cbed7c84773cf1a5c2ea595ed88bb7d47c977dc9220690270,train
f4eb753d65a8289bfbf2,real:engines\XAI-Compress\phase_d_results.json,C:\Users\ss\Desktop\XAI\XAI\engines\XAI-Compress\phase_d_results.json,real,json,8501,13.0534168447575,lt_16KiB,0998017ef53efaf476614bed51d852b41991fa330304b4dfb2071adaf249931b,train
f932506faaf01ed1a6df,real:engines\XAI-Compress\results\model_search\imports\auto\lr-0-0002-f316e33308\v1\XAI-Compress\scripts\kaggle\kaggle_setup.py,C:\Users\ss\Desktop\XAI\XAI\engines\XAI-Compress\results\model_search\imports\auto\lr-0-0002-f316e33308\v1\XAI-Compress\scripts\kaggle\kaggle_setup.py,real,source_code,2599,11.3437409184722,lt_16KiB,98da6857f6d404cc5e90476e181bc3630d9042c0a16e8e530667b48ff57cc33d,train
7c176e90b1367a8ed6cc,real:engines\XAI-Compress\data\test\archive (1)\FaceForensics++_C23\DeepFakeDetection\06_02__podium_speech_happy__N8OSN8P6.mp4,C:\Users\ss\Desktop\XAI\XAI\engines\XAI-Compress\data\test\archive (1)\FaceForensics++_C23\DeepFakeDetection\06_02__podium_speech_happy__N8OSN8P6.mp4,real,video,9008973,23.102931221172554,1_10MiB,fcf9b978f74eb64bbf99a22f79a803fe984fc4c83b7e5e25b50418bd478ad40f,train
5001f1ac1574feb8124e,real:engines\XAI-Compress\phase_h_dataset_report.json,C:\Users\ss\Desktop\XAI\XAI\engines\XAI-Compress\phase_h_dataset_report.json,real,json,12364,13.593857938858223,lt_16KiB,8e27d4be3cb4d2f1c4445483af4db0917727188aeceabbb0454eae26c106809c,train
b86b396e2f06638d903b,real:engines\XAI-Compress\results\model_search\imports\auto\lr-0-0002-f316e33308\v1\XAI-Compress\scripts\kaggle\kaggle_train.py,C:\Users\ss\Desktop\XAI\XAI\engines\XAI-Compress\results\model_search\imports\auto\lr-0-0002-f316e33308\v1\XAI-Compress\scripts\kaggle\kaggle_train.py,real,source_code,5381,12.393658591454773,lt_16KiB,1df40b23f3789e2f33476a858b4f9d8b0501c043a8dd29fac9dc9ec2e87265d9,train
7c0a3d3eb91591456b36,real:engines\XAI-Compress\data\test\archive (1)\FaceForensics++_C23\DeepFakeDetection\06_02__walk_down_hall_angry__37DH75GQ.mp4,C:\Users\ss\Desktop\XAI\XAI\engines\XAI-Compress\data\test\archive (1)\FaceForensics++_C23\DeepFakeDetection\06_02__walk_down_hall_angry__37DH75GQ.mp4,real,video,1973850,20.912580927670362,1_10MiB,250da5b20def35eadcd2e11d193901fcf72994eac93cbc04c6a67deddd81cfac,train
bce92554bc8f677456cb,real:engines\XAI-Compress\phase_j_results.json,C:\Users\ss\Desktop\XAI\XAI\engines\XAI-Compress\phase_j_results.json,real,json,2693,11.394998514501673,lt_16KiB,1fd842fa33bda4e3666f1e1ade9bc72de52315b9e8d56b96a973b51d2d818f03,train
fc89422d2d4a778515aa,real:engines\XAI-Compress\results\model_search\imports\auto\lr-0-0002-f316e33308\v1\XAI-Compress\scripts\kaggle\monitor_kernel.ps1,C:\Users\ss\Desktop\XAI\XAI\engines\XAI-Compress\results\model_search\imports\auto\lr-0-0002-f316e33308\v1\XAI-Compress\scripts\kaggle\monitor_kernel.ps1,real,source_code,532,9.055282435501189,lt_16KiB,322fbba552be3e715cead7a7fa33da7d6ebe1bad187e98a755d659146a34d609,train
ba84544980d5f5d26071,real:engines\XAI-Compress\data\test\archive (1)\FaceForensics++_C23\DeepFakeDetection\06_02__walking_down_indoor_hall_disgust__GH8TGTBS.mp4,C:\Users\ss\Desktop\XAI\XAI\engines\XAI-Compress\data\test\archive (1)\FaceForensics++_C23\DeepFakeDetection\06_02__walking_down_indoor_hall_disgust__GH8TGTBS.mp4,real,video,20462066,24.286448481703253,gt_10MiB,59654583d684bd05343e485ab4affd85816c9e7033093c72f982da2fa7a0dd7a,train
b2d26822f2e8d5499ddf,real:engines\XAI-Compress\results\benchmark_results.json,C:\Users\ss\Desktop\XAI\XAI\engines\XAI-Compress\results\benchmark_results.json,real,json,2,1.0,lt_16KiB,4f53cda18c2baa0c0354bb5f9a3ecbe5ed12ab4d8e11ba873c2f11161202b945,test
7a264e3d8302e2df0ba3,real:engines\XAI-Compress\results\model_search\imports\auto\lr-0-0002-f316e33308\v1\XAI-Compress\scripts\kaggle\monitor_kernel_log.py,C:\Users\ss\Desktop\XAI\XAI\engines\XAI-Compress\results\model_search\imports\auto\lr-0-0002-f316e33308\v1\XAI-Compress\scripts\kaggle\monitor_kernel_log.py,real,source_code,1863,10.863411958941638,lt_16KiB,387c54a65919905b3dd96b589aa258ae1301ca433e725a786cde8d2c1a92f2df,train
c4a941def8a08ccf229a,real:engines\XAI-Compress\data\test\archive (1)\FaceForensics++_C23\DeepFakeDetection\06_03__talking_against_wall__4I8LRXWF.mp4,C:\Users\ss\Desktop\XAI\XAI\engines\XAI-Compress\data\test\archive (1)\FaceForensics++_C23\DeepFakeDetection\06_03__talking_against_wall__4I8LRXWF.mp4,real,video,4090590,21.963877512414456,1_10MiB,9eff880322c51c3f93a98b106c6485f4d624e650925dc8aba88ce1c110da74d0,test
fc21c791d8007e3554f5,real:engines\XAI-Compress\results\model_search\imports\auto\lr-0-0002-f316e33308\v1\XAI-Compress\scripts\kaggle\monitor_production_log.py,C:\Users\ss\Desktop\XAI\XAI\engines\XAI-Compress\results\model_search\imports\auto\lr-0-0002-f316e33308\v1\XAI-Compress\scripts\kaggle\monitor_production_log.py,real,source_code,1775,10.793603309279407,lt_16KiB,0994cb6a46bc9763e504018343777489553135a6d6cdbef471bc49ba00571b80,train
6a61794f8d9f62c4ea79,real:engines\XAI-Compress\data\test\archive (1)\FaceForensics++_C23\DeepFakeDetection\06_04__outside_talking_still_laughing__ZK95PQDE.mp4,C:\Users\ss\Desktop\XAI\XAI\engines\XAI-Compress\data\test\archive (1)\FaceForensics++_C23\DeepFakeDetection\06_04__outside_talking_still_laughing__ZK95PQDE.mp4,real,video,4487090,22.09734869054626,1_10MiB,48cbc0527b1d0287f1dcf649d40fc07e12a30a516134966b9ffdaf2f830a26dd,train
11bd69fad48dd87be3af,real:engines\XAI-Compress\results\final\checkpoint_integrity.json,C:\Users\ss\Desktop\XAI\XAI\engines\XAI-Compress\results\final\checkpoint_integrity.json,real,json,1543,10.591522346570734,lt_16KiB,2ee739b91bdad97f7f92ba26bac1e7491fc6fdd3a36a19484811d521cba2095e,train
76c68d9b1ed3ff4ba51b,real:engines\XAI-Compress\results\model_search\imports\auto\lr-0-0002-f316e33308\v1\XAI-Compress\scripts\kaggle\prepare_kaggle_package.py,C:\Users\ss\Desktop\XAI\XAI\engines\XAI-Compress\results\model_search\imports\auto\lr-0-0002-f316e33308\v1\XAI-Compress\scripts\kaggle\prepare_kaggle_package.py,real,source_code,3438,11.747353829478062,lt_16KiB,fcbba3440df420fb2279da62b3509bd188a707ac0a03b52db85886e3b0148edb,train
01920ba0776eba2c8589,real:engines\XAI-Compress\data\test\archive (1)\FaceForensics++_C23\DeepFakeDetection\06_04__walking_outside_cafe_disgusted__ZK95PQDE.mp4,C:\Users\ss\Desktop\XAI\XAI\engines\XAI-Compress\data\test\archive (1)\FaceForensics++_C23\DeepFakeDetection\06_04__walking_outside_cafe_disgusted__ZK95PQDE.mp4,real,video,3218255,21.617847212557745,1_10MiB,479f24b932f9fecd40622b37a811ca5ff1b2661cda8bb160253e8bca10ed8f33,train
be7edbecb2bc5700a0b2,real:engines\XAI-Compress\results\final\final_status.json,C:\Users\ss\Desktop\XAI\XAI\engines\XAI-Compress\results\final\final_status.json,real,json,2513,11.295194955880655,lt_16KiB,fda1acad090e20bccd87ac1f29432e07b741aa6b0d160a09f2388b42c5522c0a,train
d7c4d3436e74ea7ff6da,real:engines\XAI-Compress\results\model_search\imports\auto\lr-0-0002-f316e33308\v1\XAI-Compress\scripts\kaggle\run_kaggle_lossless_v2.py,C:\Users\ss\Desktop\XAI\XAI\engines\XAI-Compress\results\model_search\imports\auto\lr-0-0002-f316e33308\v1\XAI-Compress\scripts\kaggle\run_kaggle_lossless_v2.py,real,source_code,181,7.499845887083206,lt_16KiB,8b9cb43a8eb6af85776f89a8a9d8ca9c67b46ae0284f4a622133360825dc5fcb,train
11a1dd899858ab55250e,real:engines\XAI-Compress\data\test\archive (1)\FaceForensics++_C23\DeepFakeDetection\06_07__exit_phone_room__NMGYPBXE.mp4,C:\Users\ss\Desktop\XAI\XAI\engines\XAI-Compress\data\test\archive (1)\FaceForensics++_C23\DeepFakeDetection\06_07__exit_phone_room__NMGYPBXE.mp4,real,video,1895586,20.854212480308593,1_10MiB,5cb60276e93bf82038c349e02c679916539f8e080f43465507becd582b2ff8eb,train
1f2e48d06ee45b484a60,real:engines\XAI-Compress\results\final\lossless_benchmark.json,C:\Users\ss\Desktop\XAI\XAI\engines\XAI-Compress\results\final\lossless_benchmark.json,real,json,27140,14.728133100306216,16_64KiB,22772bfedd8015fb1f771646625db2af08ea12c3f8205a8cd59e95c263993ff0,test
4f497fa18244e2585272,real:engines\XAI-Compress\results\model_search\imports\auto\lr-0-0002-f316e33308\v1\XAI-Compress\scripts\kaggle\run_kaggle_lossy_v1.py,C:\Users\ss\Desktop\XAI\XAI\engines\XAI-Compress\results\model_search\imports\auto\lr-0-0002-f316e33308\v1\XAI-Compress\scripts\kaggle\run_kaggle_lossy_v1.py,real,source_code,178,7.475733430966398,lt_16KiB,0a2581e3b0a0647c17bb1e7e77719f44a22b911bbf8d5d32ba5d6bdbbb30a020,train
7e893633dd0f5d20713c,real:engines\XAI-Compress\data\test\archive (1)\FaceForensics++_C23\DeepFakeDetection\06_07__kitchen_pan__NMGYPBXE.mp4,C:\Users\ss\Desktop\XAI\XAI\engines\XAI-Compress\data\test\archive (1)\FaceForensics++_C23\DeepFakeDetection\06_07__kitchen_pan__NMGYPBXE.mp4,real,video,5777870,22.462106313471562,1_10MiB,d02dd5bc148ac33cadb363dba985e7d108b280eb72b7bacc68b1660bad384cef,test
d13712688698f4625800,real:engines\XAI-Compress\results\final\lossy_validation.json,C:\Users\ss\Desktop\XAI\XAI\engines\XAI-Compress\results\final\lossy_validation.json,real,json,2560,11.321928094887362,lt_16KiB,c13e4f9c6bd9db91403b8938fd0b344ee9981d1c11610d3962574adfcc8161f8,train
b885157ba7d9acedfa83,real:engines\XAI-Compress\results\model_search\imports\auto\lr-0-0002-f316e33308\v1\XAI-Compress\scripts\kaggle\run_kaggle_training.py,C:\Users\ss\Desktop\XAI\XAI\engines\XAI-Compress\results\model_search\imports\auto\lr-0-0002-f316e33308\v1\XAI-Compress\scripts\kaggle\run_kaggle_training.py,real,source_code,10732,13.389631339260522,lt_16KiB,088dad9c64ffb3e79de03041055f0e4059e42c128f4e31d0f1bdd4556738a2b5,train
3817bdc501f5816d0d88,real:engines\XAI-Compress\data\test\archive (1)\FaceForensics++_C23\DeepFakeDetection\06_07__outside_talking_pan_laughing__NMGYPBXE.mp4,C:\Users\ss\Desktop\XAI\XAI\engines\XAI-Compress\data\test\archive (1)\FaceForensics++_C23\DeepFakeDetection\06_07__outside_talking_pan_laughing__NMGYPBXE.mp4,real,video,4886355,22.220327250394476,1_10MiB,2fa57dd23e627869a7f25e7876139a0ddd38c15698fe923fd2ad168ff5bb111d,train
d54c03c0d12d54a47dfa,real:engines\XAI-Compress\results\final\streaming_validation.json,C:\Users\ss\Desktop\XAI\XAI\engines\XAI-Compress\results\final\streaming_validation.json,real,json,2349,11.197830998012197,lt_16KiB,0044353676bee7b26913057d167fa445d716ca2a7b42d7b515e21e4548756ebe,train
7c91652f02e696e6b1fa,real:engines\XAI-Compress\results\model_search\imports\auto\lr-0-0002-f316e33308\v1\XAI-Compress\scripts\kaggle\run_lossless_v2_activation_diagnostic.py,C:\Users\ss\Desktop\XAI\XAI\engines\XAI-Compress\results\model_search\imports\auto\lr-0-0002-f316e33308\v1\XAI-Compress\scripts\kaggle\run_lossless_v2_activation_diagnostic.py,real,source_code,4534,12.146568675740786,lt_16KiB,e74f0e064a8dfc061eaf6f3b77b1426a8cad5cce5cb1de21f905881f7d8f2c75,train
557880c28c1e77c017e1,real:engines\XAI-Compress\data\test\archive (1)\FaceForensics++_C23\DeepFakeDetection\06_07__talking_against_wall__NMGYPBXE.mp4,C:\Users\ss\Desktop\XAI\XAI\engines\XAI-Compress\data\test\archive (1)\FaceForensics++_C23\DeepFakeDetection\06_07__talking_against_wall__NMGYPBXE.mp4,real,video,4195972,22.000573620071595,1_10MiB,5518abe725f69b95f68fc3f2f743122cb93cad31c1324d962a8be0eaef0b282d,validation
92749058f37002d48ff6,real:engines\XAI-Compress\results\final\test_results.json,C:\Users\ss\Desktop\XAI\XAI\engines\XAI-Compress\results\final\test_results.json,real,json,3808,11.894817763307943,lt_16KiB,ec76313eeabff375f7a57fb1997afa71424ee933c23d9ae278c60f470277687e,train
3c596bfcb9e5a29f91aa,real:engines\XAI-Compress\results\model_search\imports\auto\lr-0-0002-f316e33308\v1\XAI-Compress\scripts\kaggle\run_lossless_v2_cuda_diagnostic.py,C:\Users\ss\Desktop\XAI\XAI\engines\XAI-Compress\results\model_search\imports\auto\lr-0-0002-f316e33308\v1\XAI-Compress\scripts\kaggle\run_lossless_v2_cuda_diagnostic.py,real,source_code,3403,11.73259143596501,lt_16KiB,5bf7de47a4aed2457ee3d095db369f585128bf2c57e8dd2d274edfdeda602afc,validation
44a384d170edf9ea7432,real:engines\XAI-Compress\data\test\archive (1)\FaceForensics++_C23\DeepFakeDetection\06_07__walking_down_street_outside_angry__NMGYPBXE.mp4,C:\Users\ss\Desktop\XAI\XAI\engines\XAI-Compress\data\test\archive (1)\FaceForensics++_C23\DeepFakeDetection\06_07__walking_down_street_outside_angry__NMGYPBXE.mp4,real,video,4245658,22.01755673200036,1_10MiB,f228c99ee55cac7fc6bc014e1069679449517a08e234d2ebb209790fe82639bd,train
274d091d67dd94a7bca4,real:engines\XAI-Compress\results\final\transformer_overhead_decomposition.json,C:\Users\ss\Desktop\XAI\XAI\engines\XAI-Compress\results\final\transformer_overhead_decomposition.json,real,json,358,8.483815777264256,lt_16KiB,7f1ce651426f72e51c0722e96f37dff319392accd88bd7d0e19c432fa88d86bf,train
0d576738205abc00ed6e,real:engines\XAI-Compress\results\model_search\imports\auto\lr-0-0002-f316e33308\v1\XAI-Compress\scripts\kaggle\run_lossless_v2_gradient_diagnostic.py,C:\Users\ss\Desktop\XAI\XAI\engines\XAI-Compress\results\model_search\imports\auto\lr-0-0002-f316e33308\v1\XAI-Compress\scripts\kaggle\run_lossless_v2_gradient_diagnostic.py,real,source_code,2822,11.462502272597265,lt_16KiB,02fc7184e5f4925d1f9d436666221ff453dded343354cd203f74e279162bf770,test
4eba1f3230ef47926fa1,real:engines\XAI-Compress\data\test\archive (1)\FaceForensics++_C23\DeepFakeDetection\06_07__walking_outside_cafe_disgusted__NMGYPBXE.mp4,C:\Users\ss\Desktop\XAI\XAI\engines\XAI-Compress\data\test\archive (1)\FaceForensics++_C23\DeepFakeDetection\06_07__walking_outside_cafe_disgusted__NMGYPBXE.mp4,real,video,3535534,21.753496702596227,1_10MiB,ee07c21ac4e315520c860e4cc00d18c994a43756afa29d674df1253eb9ba44d1,validation
5152fdf659aa90ac3912,real:engines\XAI-Compress\results\final\transformer_validation.json,C:\Users\ss\Desktop\XAI\XAI\engines\XAI-Compress\results\final\transformer_validation.json,real,json,4082,11.995060467032719,lt_16KiB,c02e70003fc1bd719833b03e90e2d8c9e8b6da8df147059971d39e17f9ee3dbe,train
41a8e3a4ccfa8de349e0,real:engines\XAI-Compress\results\model_search\imports\auto\lr-0-0002-f316e33308\v1\XAI-Compress\scripts\kaggle\run_v2_lr_0002_diagnostic.py,C:\Users\ss\Desktop\XAI\XAI\engines\XAI-Compress\results\model_search\imports\auto\lr-0-0002-f316e33308\v1\XAI-Compress\scripts\kaggle\run_v2_lr_0002_diagnostic.py,real,source_code,5003,12.288577736992703,lt_16KiB,857c1f7955e97c8c61a197332e35f2b718ceeab5f73f1866aa3f8d92681a76ea,train
c6e7328aff0847385e2f,real:engines\XAI-Compress\data\test\archive (1)\FaceForensics++_C23\DeepFakeDetection\06_11__kitchen_still__C8C4FW99.mp4,C:\Users\ss\Desktop\XAI\XAI\engines\XAI-Compress\data\test\archive (1)\FaceForensics++_C23\DeepFakeDetection\06_11__kitchen_still__C8C4FW99.mp4,real,video,7145005,22.768503590228566,1_10MiB,f0ff33b85b2be15a7ad54fc8cebb3161d3884e40826f5b9eb01e5a30665c4859,train
a42a9cc462c40940862d,real:engines\XAI-Compress\results\final_analysis\final_report.json,C:\Users\ss\Desktop\XAI\XAI\engines\XAI-Compress\results\final_analysis\final_report.json,real,json,4721,12.204876767603993,lt_16KiB,25a2c272c46849db3ba5a28c8a4559034f5c28840d59131768d251cfb1470d46,train
d0a30fdc9de33ebaaf9d,real:engines\XAI-Compress\results\model_search\imports\auto\lr-0-0002-f316e33308\v1\XAI-Compress\scripts\kaggle\run_v2_multi_epoch_diagnostic.py,C:\Users\ss\Desktop\XAI\XAI\engines\XAI-Compress\results\model_search\imports\auto\lr-0-0002-f316e33308\v1\XAI-Compress\scripts\kaggle\run_v2_multi_epoch_diagnostic.py,real,source_code,5760,12.491853096329674,lt_16KiB,37e73f6f39f50cc102a2f8ddd9e807409a1e9395664b3c14c57babb8040cbf23,train
6cf47ba8aacde3619f92,real:engines\XAI-Compress\data\test\archive (1)\FaceForensics++_C23\DeepFakeDetection\06_11__walking_and_outside_surprised__C8C4FW99.mp4,C:\Users\ss\Desktop\XAI\XAI\engines\XAI-Compress\data\test\archive (1)\FaceForensics++_C23\DeepFakeDetection\06_11__walking_and_outside_surprised__C8C4FW99.mp4,real,video,16354785,23.963209458088198,gt_10MiB,e8d1df6718d940809c31de8ae96e6be784576ccab9da2aac8b5a9d76dd585a59,train
0e4ab6869a5f8e1708c0,real:engines\XAI-Compress\results\final_project\checkpoint_manifest.json,C:\Users\ss\Desktop\XAI\XAI\engines\XAI-Compress\results\final_project\checkpoint_manifest.json,real,json,972,9.92481250360578,lt_16KiB,9a806faab518e864ee967a1ce571732399653d28b22f4055a9efb80f5f9e440c,train
c3c9844aee9863dd7af6,real:engines\XAI-Compress\results\model_search\imports\auto\lr-0-0002-f316e33308\v1\XAI-Compress\scripts\kaggle\submit_activation_diagnostic.ps1,C:\Users\ss\Desktop\XAI\XAI\engines\XAI-Compress\results\model_search\imports\auto\lr-0-0002-f316e33308\v1\XAI-Compress\scripts\kaggle\submit_activation_diagnostic.ps1,real,source_code,1239,10.274960472140602,lt_16KiB,e7ac9eff8361b426da90eb20526f500c8707721d7def73511aac18e32b8d66a6,test
f016068167a498dbf6fe,real:engines\XAI-Compress\data\test\archive (1)\FaceForensics++_C23\DeepFakeDetection\06_11__walking_outside_cafe_disgusted__MX659QU8.mp4,C:\Users\ss\Desktop\XAI\XAI\engines\XAI-Compress\data\test\archive (1)\FaceForensics++_C23\DeepFakeDetection\06_11__walking_outside_cafe_disgusted__MX659QU8.mp4,real,video,3247212,21.630770145929826,1_10MiB,a6e6c3ac57089c989e5f960e0573960cdaf05596c07e5692cd34d2e8a1ef6538,train
cf23f72468e12fe1c5da,real:engines\XAI-Compress\results\final_project\final_status.json,C:\Users\ss\Desktop\XAI\XAI\engines\XAI-Compress\results\final_project\final_status.json,real,json,1838,10.843921051289035,lt_16KiB,4fd4f1b4db8259c0e40252bb79d110f4ee7dee41f778e7006f66e10cc3239e20,train
744b27a814a8afed4c2f,real:engines\XAI-Compress\results\model_search\imports\auto\lr-0-0002-f316e33308\v1\XAI-Compress\scripts\kaggle\submit_cuda_diagnostic.ps1,C:\Users\ss\Desktop\XAI\XAI\engines\XAI-Compress\results\model_search\imports\auto\lr-0-0002-f316e33308\v1\XAI-Compress\scripts\kaggle\submit_cuda_diagnostic.ps1,real,source_code,1122,10.131856960608793,lt_16KiB,7b6e2a9a58b1a7eaceaec79dff2a51c47f8b06210e4035d216608ddae0a96a46,train
8993fec2ec7fa19217d5,real:engines\XAI-Compress\data\test\archive (1)\FaceForensics++_C23\DeepFakeDetection\06_12__outside_talking_pan_laughing__3K21NFNM.mp4,C:\Users\ss\Desktop\XAI\XAI\engines\XAI-Compress\data\test\archive (1)\FaceForensics++_C23\DeepFakeDetection\06_12__outside_talking_pan_laughing__3K21NFNM.mp4,real,video,4653990,22.15003668016071,1_10MiB,435e7093b4e1364d1058fbe788502d9ad0d7d5577ed30179bf9f6009bd17197f,train
4416f13ac2189fe77572,real:engines\XAI-Compress\results\hybrid_ai\baseline_integrity.json,C:\Users\ss\Desktop\XAI\XAI\engines\XAI-Compress\results\hybrid_ai\baseline_integrity.json,real,json,971,9.923327485419192,lt_16KiB,cd04761d44d585b7a54c68e816c52917d1e500caeb8f54038c8df0ab8c3ebd99,test
e7bbab350a9658e3dfde,real:engines\XAI-Compress\results\model_search\imports\auto\lr-0-0002-f316e33308\v1\XAI-Compress\scripts\kaggle\submit_gradient_diagnostic.ps1,C:\Users\ss\Desktop\XAI\XAI\engines\XAI-Compress\results\model_search\imports\auto\lr-0-0002-f316e33308\v1\XAI-Compress\scripts\kaggle\submit_gradient_diagnostic.ps1,real,source_code,1031,10.00982861736811,lt_16KiB,6a623115a15966db3ffe284f0ec4156532a7132f0f1d902b72b71caf2bb0fc34,validation
f87b4ba16c61fc6e0d45,real:engines\XAI-Compress\data\test\archive (1)\FaceForensics++_C23\DeepFakeDetection\06_12__outside_talking_still_laughing__3K21NFNM.mp4,C:\Users\ss\Desktop\XAI\XAI\engines\XAI-Compress\data\test\archive (1)\FaceForensics++_C23\DeepFakeDetection\06_12__outside_talking_still_laughing__3K21NFNM.mp4,real,video,4557551,22.119827369754333,1_10MiB,86152c4a562d4568d38b080206917fcc1174e478d555a1993f31be75db87a7e1,test
f9b74cac80e6f0b2d245,real:engines\XAI-Compress\results\hybrid_ai\benchmark_corpus_manifest.json,C:\Users\ss\Desktop\XAI\XAI\engines\XAI-Compress\results\hybrid_ai\benchmark_corpus_manifest.json,real,json,1587,10.632086412835182,lt_16KiB,5144dfc029eebe42d007c68da69271d6c11b4dc488add9b0cce565bd8115489e,train
55e0f073be6197a380e5,real:engines\XAI-Compress\results\model_search\imports\auto\lr-0-0002-f316e33308\v1\XAI-Compress\scripts\kaggle\submit_model_v2.ps1,C:\Users\ss\Desktop\XAI\XAI\engines\XAI-Compress\results\model_search\imports\auto\lr-0-0002-f316e33308\v1\XAI-Compress\scripts\kaggle\submit_model_v2.ps1,real,source_code,1591,10.635718120331047,lt_16KiB,a6ae4683f671ccf0b3b6bae3b7784754876b432272da18de39337534a17695b4,validation
885c13650ecc53470ddb,real:engines\XAI-Compress\data\test\archive (1)\FaceForensics++_C23\DeepFakeDetection\06_12__podium_speech_happy__0VR4Y891.mp4,C:\Users\ss\Desktop\XAI\XAI\engines\XAI-Compress\data\test\archive (1)\FaceForensics++_C23\DeepFakeDetection\06_12__podium_speech_happy__0VR4Y891.mp4,real,video,9080893,23.11440274606101,1_10MiB,6fb53224ddeed050cd6b8d33c1fc89f315a1902c1538e3d24a703d36c0c8e401,validation
b667219cbcc69bef0b78,real:engines\XAI-Compress\results\hybrid_ai\benchmark_summary.json,C:\Users\ss\Desktop\XAI\XAI\engines\XAI-Compress\results\hybrid_ai\benchmark_summary.json,real,json,137,7.098032082960526,lt_16KiB,3356cb3b7a4daff8f310dd1adb1179df368604d2dbfc954c63dfcd5ec3ba13cf,train
3262ccc3e7cb2abcfe60,real:engines\XAI-Compress\results\model_search\imports\auto\lr-0-0002-f316e33308\v1\XAI-Compress\scripts\kaggle\submit_training.ps1,C:\Users\ss\Desktop\XAI\XAI\engines\XAI-Compress\results\model_search\imports\auto\lr-0-0002-f316e33308\v1\XAI-Compress\scripts\kaggle\submit_training.ps1,real,source_code,1647,10.685624839726355,lt_16KiB,97dbf15cfddc67155259d9ce65d637880bebd7d59334f37aa3c88ceae853d67e,validation
9e304fc4f94725e266dd,real:engines\XAI-Compress\data\test\archive (1)\FaceForensics++_C23\DeepFakeDetection\06_12__podium_speech_happy__3K21NFNM.mp4,C:\Users\ss\Desktop\XAI\XAI\engines\XAI-Compress\data\test\archive (1)\FaceForensics++_C23\DeepFakeDetection\06_12__podium_speech_happy__3K21NFNM.mp4,real,video,8905167,23.08621123599219,1_10MiB,fe9a678daf486628d0b9e3016954898358f880f73d2fc9ee3283336b5813e9ad,train
86073c09755fa20522e5,real:engines\XAI-Compress\results\hybrid_ai\final_status.json,C:\Users\ss\Desktop\XAI\XAI\engines\XAI-Compress\results\hybrid_ai\final_status.json,real,json,8447,13.044223335689608,lt_16KiB,f4f1912b0710f490b2192f9fbc4169565862e5f963f23210d820a3f4c38e1175,train
aa14e7284e6e012d372f,real:engines\XAI-Compress\results\model_search\imports\auto\lr-0-0002-f316e33308\v1\XAI-Compress\scripts\kaggle\submit_v2_lr_0002_diagnostic.ps1,C:\Users\ss\Desktop\XAI\XAI\engines\XAI-Compress\results\model_search\imports\auto\lr-0-0002-f316e33308\v1\XAI-Compress\scripts\kaggle\submit_v2_lr_0002_diagnostic.ps1,real,source_code,1209,10.239598529249124,lt_16KiB,f1cc3850676d33b3b1deb8f9539c4b5609c58cbfa463e6ee2029f4c285702291,test
7cd7f8c49a41c9688f39,real:engines\XAI-Compress\data\test\archive (1)\FaceForensics++_C23\DeepFakeDetection\06_12__walking_and_outside_surprised__3K21NFNM.mp4,C:\Users\ss\Desktop\XAI\XAI\engines\XAI-Compress\data\test\archive (1)\FaceForensics++_C23\DeepFakeDetection\06_12__walking_and_outside_surprised__3K21NFNM.mp4,real,video,16481832,23.97437327508341,gt_10MiB,735b51a4b50e7680f31ace010a98177298a5c7658c1774e5a5bb21d5d88e868b,train
62b141d1bc95c4c54adc,real:engines\XAI-Compress\results\hybrid_ai\model_load_latency.json,C:\Users\ss\Desktop\XAI\XAI\engines\XAI-Compress\results\hybrid_ai\model_load_latency.json,real,json,492,8.94251450533924,lt_16KiB,76c1dc9eacbcf6b7e83b291b081e2533cc783b9f4dad5f3f21b26655da512abe,train
70f000d0d6e91ee01c3c,real:engines\XAI-Compress\results\model_search\imports\auto\lr-0-0002-f316e33308\v1\XAI-Compress\scripts\kaggle\submit_v2_multi_epoch_diagnostic.ps1,C:\Users\ss\Desktop\XAI\XAI\engines\XAI-Compress\results\model_search\imports\auto\lr-0-0002-f316e33308\v1\XAI-Compress\scripts\kaggle\submit_v2_multi_epoch_diagnostic.ps1,real,source_code,1224,10.257387842692651,lt_16KiB,43972e36972468076291d6125352532aa8fb524bb1205ae5b1a82407c38b42d6,train
0cf69181444f078095a0,real:engines\XAI-Compress\data\test\archive (1)\FaceForensics++_C23\DeepFakeDetection\06_14__outside_talking_pan_laughing__8U9ULZDT.mp4,C:\Users\ss\Desktop\XAI\XAI\engines\XAI-Compress\data\test\archive (1)\FaceForensics++_C23\DeepFakeDetection\06_14__outside_talking_pan_laughing__8U9ULZDT.mp4,real,video,4892717,22.222204407479534,1_10MiB,565eb054342427a1c58cb55516d4614e04256d450e4ef943b8db8d15be95debf,train
2c88d25507e750de2c05,real:engines\XAI-Compress\results\hybrid_ai\optimization_benchmark.json,C:\Users\ss\Desktop\XAI\XAI\engines\XAI-Compress\results\hybrid_ai\optimization_benchmark.json,real,json,550,9.103287808412022,lt_16KiB,3c8c6540a365e78ad68ef07c7ce260091f059c7de50b10584c80158624c79a1d,validation
82fef15f89768527cbc0,real:engines\XAI-Compress\results\model_search\imports\auto\lr-0-0002-f316e33308\v1\XAI-Compress\scripts\kaggle\sync_model.ps1,C:\Users\ss\Desktop\XAI\XAI\engines\XAI-Compress\results\model_search\imports\auto\lr-0-0002-f316e33308\v1\XAI-Compress\scripts\kaggle\sync_model.ps1,real,source_code,130,7.022367813028454,lt_16KiB,812d50894c8941c957541b39481e2e0102c89d9b9404c36cac4635c93fa08768,train
c70842272825dd567ecc,real:engines\XAI-Compress\data\test\archive (1)\FaceForensics++_C23\DeepFakeDetection\06_14__walking_and_outside_surprised__8U9ULZDT.mp4,C:\Users\ss\Desktop\XAI\XAI\engines\XAI-Compress\data\test\archive (1)\FaceForensics++_C23\DeepFakeDetection\06_14__walking_and_outside_surprised__8U9ULZDT.mp4,real,video,16302081,23.958552803928615,gt_10MiB,f5c816f3e95c1ea1e940c389713da2a5ec19ea30a30c19ba4f917a3e62862509,test
0896835f15c9b19c3d69,real:engines\XAI-Compress\results\hybrid_ai\selector_feature_schema.json,C:\Users\ss\Desktop\XAI\XAI\engines\XAI-Compress\results\hybrid_ai\selector_feature_schema.json,real,json,940,9.876516946565,lt_16KiB,07e154756866fa243d5cd911411de193110145de9d96b8a8f62ceba3a5fad146,train
6639f8fa21cf0edec40d,real:engines\XAI-Compress\results\model_search\imports\auto\lr-0-0002-f316e33308\v1\XAI-Compress\scripts\kaggle\tail_kernel_log.py,C:\Users\ss\Desktop\XAI\XAI\engines\XAI-Compress\results\model_search\imports\auto\lr-0-0002-f316e33308\v1\XAI-Compress\scripts\kaggle\tail_kernel_log.py,real,source_code,978,9.933690654952233,lt_16KiB,9d6e383026b623b33af9fdecde859e2ad2d46b51c39659f996477e062faab9b4,train
869be3615ccae84d9d4e,real:engines\XAI-Compress\data\test\archive (1)\FaceForensics++_C23\DeepFakeDetection\06_14__walking_down_indoor_hall_disgust__8U9ULZDT.mp4,C:\Users\ss\Desktop\XAI\XAI\engines\XAI-Compress\data\test\archive (1)\FaceForensics++_C23\DeepFakeDetection\06_14__walking_down_indoor_hall_disgust__8U9ULZDT.mp4,real,video,21451497,24.35457499441264,gt_10MiB,ef3170335ae40010b75859fb0f2a5bc9367f07c34acda5ef33ec3e88f3767246,train
bb914fd114f4206a6405,real:engines\XAI-Compress\results\model_search\imports\auto\lr-0-0002-f316e33308\v1\XAI-Compress\scripts\kaggle\update_kaggle.ps1,C:\Users\ss\Desktop\XAI\XAI\engines\XAI-Compress\results\model_search\imports\auto\lr-0-0002-f316e33308\v1\XAI-Compress\scripts\kaggle\update_kaggle.ps1,real,source_code,133,7.05528243550119,lt_16KiB,0f70ab56771161c148a99485db582812585e89a4a3eb060725535b25301f5763,test
243f191b7cce8f7e33b8,real:engines\XAI-Compress\data\test\archive (1)\FaceForensics++_C23\DeepFakeDetection\06_15__exit_phone_room__QRCD27P8.mp4,C:\Users\ss\Desktop\XAI\XAI\engines\XAI-Compress\data\test\archive (1)\FaceForensics++_C23\DeepFakeDetection\06_15__exit_phone_room__QRCD27P8.mp4,real,video,1879539,20.841947420604463,1_10MiB,5c66d500417e2c0a525a25e66fce4fb07259bb27218f839cd83863ddf76b2363,train
25d6bf52f9c983e1427e,real:engines\XAI-Compress\results\hybrid_ai\selector_training_metrics.json,C:\Users\ss\Desktop\XAI\XAI\engines\XAI-Compress\results\hybrid_ai\selector_training_metrics.json,real,json,1672,10.707359132080883,lt_16KiB,ea4b3d2be07886b50ffa4e146450109abadace14f5443772bfbd7ea7c0f98d84,validation
27429803800a79b0ca4b,real:engines\XAI-Compress\results\model_search\imports\auto\lr-0-0002-f316e33308\v1\XAI-Compress\scripts\kaggle\upload_kaggle.ps1,C:\Users\ss\Desktop\XAI\XAI\engines\XAI-Compress\results\model_search\imports\auto\lr-0-0002-f316e33308\v1\XAI-Compress\scripts\kaggle\upload_kaggle.ps1,real,source_code,151,7.2384047393250786,lt_16KiB,74bfba959b43c3e525455aae0f58a16d2bbef922591a36486e1bf4a8785d615b,train
43f7907d723d00ccb483,real:engines\XAI-Compress\data\test\archive (1)\FaceForensics++_C23\DeepFakeDetection\06_15__kitchen_pan__E98QYYXO.mp4,C:\Users\ss\Desktop\XAI\XAI\engines\XAI-Compress\data\test\archive (1)\FaceForensics++_C23\DeepFakeDetection\06_15__kitchen_pan__E98QYYXO.mp4,real,video,5786095,22.464158579923822,1_10MiB,a61d418a3d12f28a8df8687b6464391ccfbff4ecdfe961c68789d89d21d293c0,train
d7374680d4e2da4399dc,real:engines\XAI-Compress\results\hybrid_ai\split_manifest.json,C:\Users\ss\Desktop\XAI\XAI\engines\XAI-Compress\results\hybrid_ai\split_manifest.json,real,json,1034,10.014020470314934,lt_16KiB,a653d0c53971a95f7c1d15d4f16d2a4b8f63e2f80206f536e2bd7c9c489bdc03,train
dc07b4b6502fe2c59236,real:engines\XAI-Compress\results\model_search\imports\auto\lr-0-0002-f316e33308\v1\XAI-Compress\scripts\kaggle\verify_package.py,C:\Users\ss\Desktop\XAI\XAI\engines\XAI-Compress\results\model_search\imports\auto\lr-0-0002-f316e33308\v1\XAI-Compress\scripts\kaggle\verify_package.py,real,source_code,1514,10.564149489985732,lt_16KiB,e735547609a7bf22eeef17fc3025c878d865e394ea815647127065927d0d549c,train
8fdf16eb26cab6861145,real:engines\XAI-Compress\data\test\archive (1)\FaceForensics++_C23\DeepFakeDetection\06_15__kitchen_still__QRCD27P8.mp4,C:\Users\ss\Desktop\XAI\XAI\engines\XAI-Compress\data\test\archive (1)\FaceForensics++_C23\DeepFakeDetection\06_15__kitchen_still__QRCD27P8.mp4,real,video,7091708,22.75770170403446,1_10MiB,699ddf2a1115e9b01baa6ab89bac392da274649315d95792ddab3c061ed2adc3,train
d55177712eea25ce44fe,real:engines\XAI-Compress\results\machine_manifest.json,C:\Users\ss\Desktop\XAI\XAI\engines\XAI-Compress\results\machine_manifest.json,real,json,788,9.622051819456376,lt_16KiB,7d687d2397eb50c14123227f7b2f67eaf947adda2a4ca1b8e623ca7aaf7b6abf,train
e429ea9d04d4fed59daa,real:engines\XAI-Compress\results\model_search\imports\auto\lr-0-0002-f316e33308\v1\XAI-Compress\scripts\kaggle\watch_model_search_candidate.ps1,C:\Users\ss\Desktop\XAI\XAI\engines\XAI-Compress\results\model_search\imports\auto\lr-0-0002-f316e33308\v1\XAI-Compress\scripts\kaggle\watch_model_search_candidate.ps1,real,source_code,2909,11.506307581100307,lt_16KiB,e5041264e0dc94cb973283304e3b9fcf62a662e07614b93a2acbe3aabb6d8f45,validation
c720882c0029f2e5be91,real:engines\XAI-Compress\data\test\archive (1)\FaceForensics++_C23\DeepFakeDetection\06_15__outside_talking_still_laughing__E98QYYXO.mp4,C:\Users\ss\Desktop\XAI\XAI\engines\XAI-Compress\data\test\archive (1)\FaceForensics++_C23\DeepFakeDetection\06_15__outside_talking_still_laughing__E98QYYXO.mp4,real,video,4868535,22.21505628286405,1_10MiB,ad42a33d174dec52c7d77cadfd03dbc966f8fea1c7aed306306814ad6d3f23b7,train
073b4342cbd9a3571c03,real:engines\XAI-Compress\results\model_search\candidates\lr-0-0002-f316e33308\config.json,C:\Users\ss\Desktop\XAI\XAI\engines\XAI-Compress\results\model_search\candidates\lr-0-0002-f316e33308\config.json,real,json,1291,10.33427328530719,lt_16KiB,fd700f00393264115e41b7bf564efea0d7fd8196d7ac5899ef024f9998cd7433,train
8666f46999d7960703d7,real:engines\XAI-Compress\results\model_search\imports\auto\lr-0-0002-f316e33308\v1\XAI-Compress\scripts\model_search_orchestrator.py,C:\Users\ss\Desktop\XAI\XAI\engines\XAI-Compress\results\model_search\imports\auto\lr-0-0002-f316e33308\v1\XAI-Compress\scripts\model_search_orchestrator.py,real,source_code,6272,12.614709844115207,lt_16KiB,b352e138e03bfd10c9bd8fe9701af502cedf22fc5b8f15934bd36ca39125c623,validation
55aba708097431431f14,real:engines\XAI-Compress\data\test\archive (1)\FaceForensics++_C23\DeepFakeDetection\06_15__outside_talking_still_laughing__QRCD27P8.mp4,C:\Users\ss\Desktop\XAI\XAI\engines\XAI-Compress\data\test\archive (1)\FaceForensics++_C23\DeepFakeDetection\06_15__outside_talking_still_laughing__QRCD27P8.mp4,real,video,4758664,22.182125161530752,1_10MiB,afd11e18d7ae356d7064c2342b7a604c20aaf9b5aeb7cc49d355ffab8afe506c,validation
410502c141a7641fd511,real:engines\XAI-Compress\results\model_search\candidates\lr-0-0002-f316e33308\failure.attempt-2.json,C:\Users\ss\Desktop\XAI\XAI\engines\XAI-Compress\results\model_search\candidates\lr-0-0002-f316e33308\failure.attempt-2.json,real,json,1393,10.443979542601253,lt_16KiB,893afa3672a8231d945a9fc8df54b17fee103bbd32c54f54f69770246e340e09,train
8f63e3e359c7057d573c,real:engines\XAI-Compress\results\model_search\imports\auto\lr-0-0002-f316e33308\v1\XAI-Compress\scripts\model_v2_audit.py,C:\Users\ss\Desktop\XAI\XAI\engines\XAI-Compress\results\model_search\imports\auto\lr-0-0002-f316e33308\v1\XAI-Compress\scripts\model_v2_audit.py,real,source_code,3134,11.61378946447258,lt_16KiB,cc9b4e3b984894e48cc0d9bb69d81573fd54afee43eae56f02b79751e4bcc6cf,train
623316323163db4e7fad,real:engines\XAI-Compress\data\test\archive (1)\FaceForensics++_C23\DeepFakeDetection\06_15__walking_and_outside_surprised__QRCD27P8.mp4,C:\Users\ss\Desktop\XAI\XAI\engines\XAI-Compress\data\test\archive (1)\FaceForensics++_C23\DeepFakeDetection\06_15__walking_and_outside_surprised__QRCD27P8.mp4,real,video,16436368,23.970388201231035,gt_10MiB,6147b72b51274795374c7d7420bd84c2ce30f3c1ecc2a7ad5961df7b93cc8283,train
2ad6f0a0f1285bca8274,real:engines\XAI-Compress\results\model_search\candidates\lr-0-0002-f316e33308\failure.json,C:\Users\ss\Desktop\XAI\XAI\engines\XAI-Compress\results\model_search\candidates\lr-0-0002-f316e33308\failure.json,real,json,3377,11.721526464007477,lt_16KiB,c9eb634ede99c210da5b52dc9f1693e2d72074672a1c2113cf44ebcc29fa940a,train
ea7ff285a736bc06580f,real:engines\XAI-Compress\results\model_search\imports\auto\lr-0-0002-f316e33308\v1\XAI-Compress\scripts\run_experiments.py,C:\Users\ss\Desktop\XAI\XAI\engines\XAI-Compress\results\model_search\imports\auto\lr-0-0002-f316e33308\v1\XAI-Compress\scripts\run_experiments.py,real,source_code,1150,10.167418145831737,lt_16KiB,4ba75fc514639433be9f355862a98e567146acd97f14e34a0ee22dcf7d0cabd2,validation
e87d288b25a817ae2dc3,real:engines\XAI-Compress\data\test\archive (1)\FaceForensics++_C23\DeepFakeDetection\06_15__walking_down_indoor_hall_disgust__QRCD27P8.mp4,C:\Users\ss\Desktop\XAI\XAI\engines\XAI-Compress\data\test\archive (1)\FaceForensics++_C23\DeepFakeDetection\06_15__walking_down_indoor_hall_disgust__QRCD27P8.mp4,real,video,21431921,24.35325783260981,gt_10MiB,f26fc7d7f95b8e28e5d64138891c45683068ef65d4c5d215fc034a2e70e712d9,test
ae80a90b1696329d7c3a,synthetic:engines\XAI-Compress\data\hybrid_selector\synthetic\structured_4KiB.json,C:\Users\ss\Desktop\XAI\XAI\engines\XAI-Compress\data\hybrid_selector\synthetic\structured_4KiB.json,synthetic,structured,4096,12.0,lt_16KiB,ae98efdce80ed72ec95483f65e38910acb22ce3147a3d86b4792d15948a4cea6,train
53590f885a2abf96f18f,synthetic:engines\XAI-Compress\data\hybrid_selector\synthetic\repetitive_4KiB.bin,C:\Users\ss\Desktop\XAI\XAI\engines\XAI-Compress\data\hybrid_selector\synthetic\repetitive_4KiB.bin,synthetic,repetitive,4096,12.0,lt_16KiB,59312db34b5664920658ab85541c3cc80b7105a4b062a1ee70278e21e85b612b,train
28d527cd1164765d0337,synthetic:engines\XAI-Compress\data\hybrid_selector\synthetic\high_entropy_4KiB.rand,C:\Users\ss\Desktop\XAI\XAI\engines\XAI-Compress\data\hybrid_selector\synthetic\high_entropy_4KiB.rand,synthetic,high_entropy,4096,12.0,lt_16KiB,bc1c188aef8d89aba56b86ebc470fdce083df402f958a518aececbdc12bd7d28,train
965fe253ffd8a1768dce,synthetic:engines\XAI-Compress\data\hybrid_selector\synthetic\structured_16KiB.json,C:\Users\ss\Desktop\XAI\XAI\engines\XAI-Compress\data\hybrid_selector\synthetic\structured_16KiB.json,synthetic,structured,16384,14.0,16_64KiB,f168d584b95224ac79964ed73895289457036e6e357679321d2e54e8aa31682c,train
7f82cba1e794f026072e,synthetic:engines\XAI-Compress\data\hybrid_selector\synthetic\repetitive_16KiB.bin,C:\Users\ss\Desktop\XAI\XAI\engines\XAI-Compress\data\hybrid_selector\synthetic\repetitive_16KiB.bin,synthetic,repetitive,16384,14.0,16_64KiB,adf8d86edd381a77e477d14b8d51ff1322a334be492a1e778f8f45b19f1abb54,test
7da3e36a9c6e60c0a876,synthetic:engines\XAI-Compress\data\hybrid_selector\synthetic\high_entropy_16KiB.rand,C:\Users\ss\Desktop\XAI\XAI\engines\XAI-Compress\data\hybrid_selector\synthetic\high_entropy_16KiB.rand,synthetic,high_entropy,16384,14.0,16_64KiB,dd2c2d8d69c071d55c07c7e076cb6e91e1d2a50d3f06db8d00f04eb578acb506,train
531f290d464c9d7f68e7,synthetic:engines\XAI-Compress\data\hybrid_selector\synthetic\structured_64KiB.json,C:\Users\ss\Desktop\XAI\XAI\engines\XAI-Compress\data\hybrid_selector\synthetic\structured_64KiB.json,synthetic,structured,65536,16.0,64KiB_1MiB,9defd9a2d9204c5e6b2f0e3f34a5b8111a009a5e9d7925ab20736066bf26e910,train
02fe6ea1cfc606255580,synthetic:engines\XAI-Compress\data\hybrid_selector\synthetic\repetitive_64KiB.bin,C:\Users\ss\Desktop\XAI\XAI\engines\XAI-Compress\data\hybrid_selector\synthetic\repetitive_64KiB.bin,synthetic,repetitive,65536,16.0,64KiB_1MiB,56bdecbe817a7fb9427f00d0150335970877ef2b4d377a56ca595dcfeb2ce616,train
0af03aec9aababefda9a,synthetic:engines\XAI-Compress\data\hybrid_selector\synthetic\high_entropy_64KiB.rand,C:\Users\ss\Desktop\XAI\XAI\engines\XAI-Compress\data\hybrid_selector\synthetic\high_entropy_64KiB.rand,synthetic,high_entropy,65536,16.0,64KiB_1MiB,f78fd0b49e8d58141212e3d00fc173cf6fa94578aad88fd654a7bcf3f077a394,validation
01b54e5501f227123fde,synthetic:engines\XAI-Compress\data\hybrid_selector\synthetic\structured_256KiB.json,C:\Users\ss\Desktop\XAI\XAI\engines\XAI-Compress\data\hybrid_selector\synthetic\structured_256KiB.json,synthetic,structured,262144,18.0,64KiB_1MiB,0a5419aac35e797d7672db3ecd9cb84d921b5af9544280108e5f7c30a7682db9,train
d97c2fdfb6944931eaae,synthetic:engines\XAI-Compress\data\hybrid_selector\synthetic\repetitive_256KiB.bin,C:\Users\ss\Desktop\XAI\XAI\engines\XAI-Compress\data\hybrid_selector\synthetic\repetitive_256KiB.bin,synthetic,repetitive,262144,18.0,64KiB_1MiB,3417db3751b1c0373ff26072fd95f6c847d43d12724ce4cfaa9fcb50c833a47c,train
4feabb0721d6fc110339,synthetic:engines\XAI-Compress\data\hybrid_selector\synthetic\high_entropy_256KiB.rand,C:\Users\ss\Desktop\XAI\XAI\engines\XAI-Compress\data\hybrid_selector\synthetic\high_entropy_256KiB.rand,synthetic,high_entropy,262144,18.0,64KiB_1MiB,92aed11d2e20eb6949678919f26bab9b26b9851cc84b0125afdf89cdb1c8c209,train
666e98d51968b5491ce9,synthetic:engines\XAI-Compress\data\hybrid_selector\synthetic\structured_1024KiB.json,C:\Users\ss\Desktop\XAI\XAI\engines\XAI-Compress\data\hybrid_selector\synthetic\structured_1024KiB.json,synthetic,structured,1048576,20.0,1_10MiB,eb503c28f2c0629db264a30ad01d577a44e292428772beea18aa8d3283cc079e,test
b0458f3e40ab25b3df7c,synthetic:engines\XAI-Compress\data\hybrid_selector\synthetic\repetitive_1024KiB.bin,C:\Users\ss\Desktop\XAI\XAI\engines\XAI-Compress\data\hybrid_selector\synthetic\repetitive_1024KiB.bin,synthetic,repetitive,1048576,20.0,1_10MiB,b66273aeb1fdc99e2011f7420fa8332acfcdad962cfa7dae1c64c44934ba8897,test
de4ef7d995aa9130d90f,synthetic:engines\XAI-Compress\data\hybrid_selector\synthetic\high_entropy_1024KiB.rand,C:\Users\ss\Desktop\XAI\XAI\engines\XAI-Compress\data\hybrid_selector\synthetic\high_entropy_1024KiB.rand,synthetic,high_entropy,1048576,20.0,1_10MiB,06bed88a98b1932bf06685e3ce80ae52a2e4169a37a603156470dc5158fd8870,train
4bb8a5facf3912040266,synthetic:engines\XAI-Compress\data\hybrid_selector\synthetic\structured_4096KiB.json,C:\Users\ss\Desktop\XAI\XAI\engines\XAI-Compress\data\hybrid_selector\synthetic\structured_4096KiB.json,synthetic,structured,4194304,22.0,1_10MiB,2646fbef8da78a9689b488b1ec1149618e6309425e5bd9cd3b5be4ea9d8de91c,test
c3f90abbbe05732f8187,synthetic:engines\XAI-Compress\data\hybrid_selector\synthetic\repetitive_4096KiB.bin,C:\Users\ss\Desktop\XAI\XAI\engines\XAI-Compress\data\hybrid_selector\synthetic\repetitive_4096KiB.bin,synthetic,repetitive,4194304,22.0,1_10MiB,fb7823ee6c55af9ecc08135bc25985b1465bc2648673a29a3cbad8957e9cb704,train
829602a83e84e1a3749b,synthetic:engines\XAI-Compress\data\hybrid_selector\synthetic\high_entropy_4096KiB.rand,C:\Users\ss\Desktop\XAI\XAI\engines\XAI-Compress\data\hybrid_selector\synthetic\high_entropy_4096KiB.rand,synthetic,high_entropy,4194304,22.0,1_10MiB,8c6bdf9b93a51d3fdd9bff14c79c7df07167991c150fb6f7d5fe85ab2f48f67e,validation
5ee88f24a3dd924eaa91,synthetic:engines\XAI-Compress\data\hybrid_selector\synthetic\structured_10240KiB.json,C:\Users\ss\Desktop\XAI\XAI\engines\XAI-Compress\data\hybrid_selector\synthetic\structured_10240KiB.json,synthetic,structured,10485760,23.32192809488736,gt_10MiB,ba99a29fb26c41619dd7a1905df4c4f1fe41d0f679552396109457cd93005cd9,test
cca4f342abb4bb700834,synthetic:engines\XAI-Compress\data\hybrid_selector\synthetic\repetitive_10240KiB.bin,C:\Users\ss\Desktop\XAI\XAI\engines\XAI-Compress\data\hybrid_selector\synthetic\repetitive_10240KiB.bin,synthetic,repetitive,10485760,23.32192809488736,gt_10MiB,243d5a4497fdef6ebee272d7b3b160f8cbbb270bdc996af9dd73d654dc69aef5,train
ad9ceb418a2768f2db7d,synthetic:engines\XAI-Compress\data\hybrid_selector\synthetic\high_entropy_10240KiB.rand,C:\Users\ss\Desktop\XAI\XAI\engines\XAI-Compress\data\hybrid_selector\synthetic\high_entropy_10240KiB.rand,synthetic,high_entropy,10485760,23.32192809488736,gt_10MiB,7a9a5bb62ce5346ae0f48202c8403c84d965f541ddd4bfc2ca9fdb530ab2e19b,train
