source_id,original_bytes,compressed_bytes,BPB,compression_seconds,decompression_seconds,compression_mib_s,decompression_mib_s,codec,route,sha256_match,category,size_bucket,repetition
86aebd2a6ca744d6ce03,2597,3368,10.375048132460531,0.1299460000009276,0.052121300007759906,0.019059395438792665,0.04751785161418263,hybrid_v1,"{""raw"": 1}",True,archive,lt_16KiB,0
ab9fd50e606430ff1ad4,10877534,10874623,7.997859073573109,1.5921472999907564,0.14463649998651817,6.515493134144038,71.72203975208669,hybrid_v1,"{""brotli"": 1, ""raw"": 10}",True,archive,gt_10MiB,0
c00053085b900f5df548,11798593,11804339,8.003896057775703,1.7923791999928653,0.1669104999746196,6.277697885511813,67.41346479425529,hybrid_v1,"{""brotli"": 1, ""raw"": 11}",True,archive,gt_10MiB,0
5f8724e09072ab9a265f,49,818,133.55102040816325,0.253395899994454,0.05295933332915107,0.00018441514446338326,0.0008823759395434845,hybrid_v1,"{""raw"": 1}",True,binary,lt_16KiB,0
a79486349dd2e056bef1,54,824,122.07407407407408,0.08441963332976836,0.061147633319099746,0.0006100288647875226,0.0008421979771022754,hybrid_v1,"{""raw"": 1}",True,binary,lt_16KiB,0
40edde3ff58386c6e648,102,872,68.3921568627451,0.08430846668003748,0.06572143332838702,0.0011537961026216858,0.0014801074070827007,hybrid_v1,"{""raw"": 1}",True,binary,lt_16KiB,0
f6d8ac25d8ced35c97bb,258,933,28.930232558139537,0.14583330000944747,0.10086786666458163,0.0016871864904440402,0.002439309779902472,hybrid_v1,"{""brotli"": 1}",True,binary,lt_16KiB,0
cc0a768c16bc4f521d5e,797,1118,11.222082810539524,0.07509466666184987,0.05103383333577464,0.010121603356978768,0.014893618223324162,hybrid_v1,"{""brotli"": 1}",True,binary,lt_16KiB,0
5cfd18ecb4615302b290,3484,1934,4.440872560275546,0.08611353333496179,0.048628033323135846,0.03858396223779626,0.06832687014670147,hybrid_v1,"{""brotli"": 1}",True,binary,lt_16KiB,0
1364093c2cd97d6b467d,4486,2169,3.8680338831921532,0.08456990000559017,0.03841286667739041,0.0505875374467233,0.11137369723870547,hybrid_v1,"{""brotli"": 1}",True,binary,lt_16KiB,0
fb876718379f313755bf,12055,1812,1.2024885939444214,0.18028999998932704,0.061914166678131245,0.06376695260390441,0.18568519130756625,hybrid_v1,"{""brotli"": 1}",True,binary,lt_16KiB,0
665359906b3619ac985e,23705,5959,2.0110525205652814,0.2855025999985325,0.05777526666255047,0.07918264026501459,0.39128940420908104,hybrid_v1,"{""brotli"": 1}",True,binary,16_64KiB,0
e3912e357456af06dfed,38,808,170.10526315789474,0.055568999998892345,0.041605866669366755,0.0006521554108254578,0.0008710219717672587,hybrid_v1,"{""raw"": 1}",True,csv,lt_16KiB,0
921d357da1bee764ce1d,90,842,74.84444444444445,0.0730800333355243,0.05190176666170979,0.0011744752233828018,0.001653714198901895,hybrid_v1,"{""brotli"": 1}",True,csv,lt_16KiB,0
39a02de3ede36018b3fe,303,961,25.372937293729372,0.07931723334089232,0.0664306333346758,0.00364313410465513,0.00434985041336734,hybrid_v1,"{""brotli"": 1}",True,csv,lt_16KiB,0
13de65abccd316cc7ad0,548,1050,15.328467153284672,0.05928659998850586,0.04762836666971756,0.00881503620534735,0.010972736667934201,hybrid_v1,"{""brotli"": 1}",True,csv,lt_16KiB,0
7da935a5c5745da0fc47,803,1131,11.26774595267746,0.07163520001146632,0.045494533337963126,0.010690281816085395,0.01683280209482208,hybrid_v1,"{""brotli"": 1}",True,csv,lt_16KiB,0
5dc21384a6a2b295ec5d,930,1158,9.961290322580645,0.07609606666179995,0.05634423333685845,0.011655229411522828,0.015741045032156325,hybrid_v1,"{""brotli"": 1}",True,csv,lt_16KiB,0
ef3edbf6186277f5ef97,957,1248,10.432601880877742,0.09518300000733386,0.045756299999387316,0.009588543339992017,0.019946243922978956,hybrid_v1,"{""brotli"": 1}",True,csv,lt_16KiB,0
0e4427f0e7b0f0da7ba0,986,1081,8.77079107505071,0.08172286667589408,0.31202810000589426,0.011506239492378587,0.003013583955928327,hybrid_v1,"{""brotli"": 1}",True,csv,lt_16KiB,0
b2aeaaf4897e7310def1,1328,1303,7.849397590361446,0.08447553333826363,0.046982766662646704,0.014992263938910719,0.026956256137091326,hybrid_v1,"{""brotli"": 1}",True,csv,lt_16KiB,0
908ba22d7f9287d17ced,1813,1264,5.577495863210149,0.05215843332310518,0.03196709999853435,0.033149222963309605,0.05408721891331413,hybrid_v1,"{""brotli"": 1}",True,csv,lt_16KiB,0
b26de929ad20b7ac9288,4250,2318,4.363294117647059,0.09857470000861213,0.0594623000069987,0.04111720192272922,0.06816278287670527,hybrid_v1,"{""brotli"": 1}",True,csv,lt_16KiB,0
20cb03e2c284978c7f64,4606,1600,2.7789839339991316,0.09271793333270277,0.05206603333742047,0.0473762059126684,0.08436640204373236,hybrid_v1,"{""brotli"": 1}",True,csv,lt_16KiB,0
fd92d55f5169a15f74dc,6979,2414,2.7671586187132826,0.11710056667410147,0.05347070000910511,0.056837411152094994,0.12447364730713967,hybrid_v1,"{""brotli"": 1}",True,csv,lt_16KiB,0
16a980a0d416c9105d7a,55455,11858,1.7106482733748083,0.364666500002689,0.04584700000123121,0.14502568570438637,1.1535326022398054,hybrid_v1,"{""brotli"": 1}",True,csv,16_64KiB,0
6e96649c37ae12817da8,58441,11308,1.547954347119317,0.6836794000021958,0.06945013333461247,0.08152019897764749,0.8024992616871071,hybrid_v1,"{""brotli"": 1}",True,csv,16_64KiB,0
90bb57d94e3fa72035ad,796355,61235,0.6151527898989773,0.4911961000082859,0.06649266666499898,1.5461509369249633,11.421760448682267,hybrid_v1,"{""brotli"": 1}",True,csv,64KiB_1MiB,0
63b80d177dabc1b0609f,22792,13539,4.752193752193752,0.4463777666581639,0.0756511999934446,0.048694506409358844,0.28732055831784226,hybrid_v1,"{""brotli"": 1}",True,executable,16_64KiB,0
8532a7e7c38dfc36aa1a,34360,17303,4.028637951105937,0.343484533339506,0.04836893331957981,0.09539949060626275,0.6774647953308104,hybrid_v1,"{""brotli"": 1}",True,executable,16_64KiB,0
b431de9bd8324ec90c36,9115,3693,3.24125068568294,0.08201206666611445,0.025338533324732754,0.10599344398224529,0.34306411040602924,hybrid_v1,"{""brotli"": 1}",True,image,lt_16KiB,0
801658a38cf0cafec5ef,9793,4431,3.6197283774124376,0.2736232666745006,0.09845513333372462,0.03413208494318716,0.09485876728143469,hybrid_v1,"{""brotli"": 1}",True,image,lt_16KiB,0
b2d26822f2e8d5499ddf,2,769,3076.0,0.09013116666271041,0.05609893334136965,2.1161921047246572e-05,3.399973081851706e-05,hybrid_v1,"{""raw"": 1}",True,json,lt_16KiB,0
215155f5831d7da605e0,31,799,206.19354838709677,0.09497306666647394,0.05935240000447569,0.0003112872401226777,0.0004981079755218723,hybrid_v1,"{""raw"": 1}",True,json,lt_16KiB,0
e43e7849d7ac7eee3e69,83,831,80.09638554216868,0.07867883333043817,0.06455223332159221,0.0010060516267352477,0.0012262157974825953,hybrid_v1,"{""brotli"": 1}",True,json,lt_16KiB,0
719549724763a3953a3a,416,962,18.5,0.1258007999955832,0.06999569999364515,0.003153624743554325,0.005667898394630223,hybrid_v1,"{""brotli"": 1}",True,json,lt_16KiB,0
a5121d3f04b140dd77b4,605,989,13.077685950413223,0.07741546665783972,0.06302266665928377,0.007452941722561487,0.009155007111092914,hybrid_v1,"{""brotli"": 1}",True,json,lt_16KiB,0
4416f13ac2189fe77572,971,1170,9.639546858908341,0.14103510000859387,0.13389413334274045,0.006565867370420857,0.00691604432630413,hybrid_v1,"{""brotli"": 1}",True,json,lt_16KiB,0
0b56a8336d926b137c46,1025,1172,9.147317073170731,0.10744249999212722,0.07616163332325716,0.009098040108784075,0.012834758547883008,hybrid_v1,"{""brotli"": 1}",True,json,lt_16KiB,0
d3bde520fa745484d111,1614,1934,9.586121437422552,0.11615370000557353,0.07575356666347943,0.013251668664931285,0.02031891585405372,hybrid_v1,"{""brotli"": 1}",True,json,lt_16KiB,0
2aaa61682ef5b2eeabcd,1724,1475,6.844547563805104,0.12300829999730922,0.10664849999011494,0.013366045393037217,0.015416386743711978,hybrid_v1,"{""brotli"": 1}",True,json,lt_16KiB,0
5b2a797175be2fc16d7c,4157,1671,3.2157806110175606,0.055778866672577955,0.027479866665089503,0.07107394556027748,0.14426649814633913,hybrid_v1,"{""brotli"": 1}",True,json,lt_16KiB,0
1f2e48d06ee45b484a60,27140,4207,1.2400884303610906,0.4009271666679221,0.06912956667171481,0.06455716424101446,0.37440884115733725,hybrid_v1,"{""brotli"": 1}",True,json,16_64KiB,0
d27dc1d6d4717d80c545,87148,8764,0.8045164547666039,0.6645119000071039,0.07291106667253189,0.12507046047675502,1.1398929287298794,hybrid_v1,"{""brotli"": 1}",True,json,64KiB_1MiB,0
cd260a4c13627b0f1896,2817,1354,3.845225417110401,0.07386236666934565,0.22925673332065344,0.03637170957901837,0.01171830598126377,hybrid_v1,"{""brotli"": 1}",True,logs,lt_16KiB,0
1dfa898e4b00116e4cab,44806,3716,0.6634825692987546,0.5760101666674018,0.07499813334046242,0.0741832937917078,0.5697519327170361,hybrid_v1,"{""brotli"": 1}",True,logs,16_64KiB,0
aedca929aa742fd71e9b,66,835,101.21212121212122,0.0679133333323989,0.0816201333461019,0.0009268062955287897,0.0007711639555391461,hybrid_v1,"{""raw"": 1}",True,markdown,lt_16KiB,0
81a445cc02e5ab1cabd2,448,1013,18.089285714285715,0.09600610000779852,0.06331713333687125,0.004450197369909777,0.006747716948537265,hybrid_v1,"{""brotli"": 1}",True,markdown,lt_16KiB,0
2b5091e58cb6922ad60d,597,1099,14.726968174204355,0.10295903332492647,0.056195699997867145,0.00552980684169548,0.010131443632095342,hybrid_v1,"{""brotli"": 1}",True,markdown,lt_16KiB,0
8028fd8746ec7555a569,703,1106,12.58605974395448,0.07276146665875179,0.05337796666814635,0.009214122188848893,0.01256010834211261,hybrid_v1,"{""brotli"": 1}",True,markdown,lt_16KiB,0
1cff286a0579303a0e2e,858,1228,11.44988344988345,0.06320436666525589,0.043361033332378916,0.012946139747119159,0.01887068874037995,hybrid_v1,"{""brotli"": 1}",True,markdown,lt_16KiB,0
f8acbe64385c0bc28390,1564,1550,7.928388746803069,0.1045022333370677,0.059411499998532236,0.014272868466346093,0.02510535217754515,hybrid_v1,"{""brotli"": 1}",True,markdown,lt_16KiB,0
c9bfc414215801365a64,2048,1861,7.26953125,0.09196486665556829,0.051876999981080495,0.021237729918262675,0.03764915088984142,hybrid_v1,"{""brotli"": 1}",True,markdown,lt_16KiB,0
efd24e78ff6d0f481461,3729,2539,5.4470367390721375,0.13387349999781387,0.07966919999065188,0.026564267953978787,0.04463772105526584,hybrid_v1,"{""brotli"": 1}",True,markdown,lt_16KiB,0
8a329048e6e90bc5e436,6330,3415,4.315955766192733,0.1642120333466058,0.06930920000498493,0.03676197352790614,0.08709894822646028,hybrid_v1,"{""brotli"": 1}",True,markdown,lt_16KiB,0
b09d33b1dd2c5da1b94b,1064,1207,9.075187969924812,0.05488223332213238,0.04003829998934331,0.018488851696329342,0.025343470450202122,hybrid_v1,"{""brotli"": 1}",True,model,lt_16KiB,0
bc559421f72cb439e577,136080,113601,6.678483245149912,0.6884117333393078,0.07748416666678774,0.18851509161102264,1.674871222848019,hybrid_v1,"{""brotli"": 1}",True,model,64KiB_1MiB,0
46873d3cf1d109fce5fb,1497171,1370726,7.324352395284173,1.60215676666121,0.19126789999427274,0.8911821612461381,7.464992975878418,hybrid_v1,"{""brotli"": 2}",True,model,1_10MiB,0
1a26220d1e9b364d612d,1497533,1335082,7.132167371269949,1.292392600007588,0.36702476665959693,1.1050502456160889,3.891178170533025,hybrid_v1,"{""brotli"": 2}",True,model,1_10MiB,0
9ace52ebc2064c6576de,29668575,27060514,7.296747888970064,4.821433700009948,0.6166132999933325,5.8684117095324115,45.88638938241927,hybrid_v1,"{""brotli"": 29}",True,model,gt_10MiB,0
43a808afe4de5b474271,29678879,27190543,7.32926415448508,4.364081700012321,0.6160340000060387,6.485667910834231,45.9454910634013,hybrid_v1,"{""brotli"": 29}",True,model,gt_10MiB,0
a208d145692f560be957,107,831,62.13084112149533,0.06650369999503407,0.04113963332686884,0.0015343981141363332,0.0024804098530655356,hybrid_v1,"{""brotli"": 1}",True,source_code,lt_16KiB,0
79bb325c3295747efea3,113,847,59.9646017699115,0.06899116666560683,0.04575889999008117,0.0015620144282562029,0.002355065304831754,hybrid_v1,"{""brotli"": 1}",True,source_code,lt_16KiB,0
bb914fd114f4206a6405,133,874,52.57142857142857,0.07565106666879728,0.05066213333824029,0.0016766278344406557,0.0025036190883476303,hybrid_v1,"{""brotli"": 1}",True,source_code,lt_16KiB,0
f6d794d2819bbe2fb86d,247,918,29.732793522267208,0.10851593334033775,0.111655966679488,0.002170718611556943,0.0021096728026055176,hybrid_v1,"{""brotli"": 1}",True,source_code,lt_16KiB,0
e04070013dcbd69ecb20,254,925,29.133858267716537,0.11324830001103692,0.10342573334734577,0.002138957285394836,0.002342098707230525,hybrid_v1,"{""brotli"": 1}",True,source_code,lt_16KiB,0
bde3693e1919277f0d4f,268,907,27.074626865671643,0.10649089999302912,0.314054233332475,0.002400061571585981,0.0008138235045738072,hybrid_v1,"{""brotli"": 1}",True,source_code,lt_16KiB,0
3751e5d534b30709cc70,392,947,19.3265306122449,0.0905180999931569,0.06216593334102072,0.0041300063971682135,0.006013588342356123,hybrid_v1,"{""brotli"": 1}",True,source_code,lt_16KiB,0
3227da1dbc2dfac8e17f,513,1005,15.67251461988304,0.0804788999860951,0.13194469999871217,0.006079045866692199,0.003707878560648373,hybrid_v1,"{""brotli"": 1}",True,source_code,lt_16KiB,0
e82ab03d226a655e5c2f,569,1068,15.015817223198594,0.13531799999570163,0.07693550000355269,0.004010114589724894,0.007053189827974062,hybrid_v1,"{""brotli"": 1}",True,source_code,lt_16KiB,0
2dcc3b9b19cb845ad6a1,710,1086,12.236619718309859,0.10841126667219214,0.06592693333125983,0.00624574165982066,0.0102705939808576,hybrid_v1,"{""brotli"": 1}",True,source_code,lt_16KiB,0
e6054482722e27c4eb52,997,1171,9.396188565697091,0.08998396665750381,0.07931880000978708,0.0105664745484716,0.011987237494007867,hybrid_v1,"{""brotli"": 1}",True,source_code,lt_16KiB,0
ca528c2924b4d66a7016,1047,1324,10.116523400191022,0.11058066666979964,0.07737386667092021,0.00902958029959174,0.012904835343489608,hybrid_v1,"{""brotli"": 1}",True,source_code,lt_16KiB,0
d3b05331d36f10bb2338,1136,1124,7.915492957746479,0.07219326666866739,0.05646606666656832,0.01500657988520826,0.019186284566885366,hybrid_v1,"{""brotli"": 1}",True,source_code,lt_16KiB,0
af06e08a932131b2bd52,1146,1276,8.907504363001745,0.15218676665487388,0.09248573333024979,0.007181378451124097,0.011817074128600747,hybrid_v1,"{""brotli"": 1}",True,source_code,lt_16KiB,0
af53b59784cf5fa3bd54,1195,1330,8.903765690376568,0.1304293999952885,0.0655409666748407,0.008737606767696823,0.017388220923859887,hybrid_v1,"{""brotli"": 1}",True,source_code,lt_16KiB,0
aa14e7284e6e012d372f,1209,1402,9.277088502894955,0.09747950000261578,0.070744433333554,0.011828048446126792,0.016297992565703308,hybrid_v1,"{""brotli"": 1}",True,source_code,lt_16KiB,0
f34def9fb472356e4ee0,1212,1411,9.313531353135314,0.13735180000852173,0.07505616667913273,0.008415275747479554,0.015399844178369527,hybrid_v1,"{""brotli"": 1}",True,source_code,lt_16KiB,0
c3c9844aee9863dd7af6,1239,1396,9.013720742534302,0.15027353333425708,0.1533364000012322,0.00786301121568145,0.007705948998527738,hybrid_v1,"{""brotli"": 1}",True,source_code,lt_16KiB,0
e1347c6d4abccf03a43d,1390,1250,7.194244604316546,0.09925976667242746,0.24429966666502878,0.013354930645559504,0.00542615271605054,hybrid_v1,"{""brotli"": 1}",True,source_code,lt_16KiB,0
bcc29aefa82f2fc182c3,1416,1538,8.689265536723164,0.09030420000393254,0.04704640000515307,0.014953931621922824,0.028703637937936552,hybrid_v1,"{""brotli"": 1}",True,source_code,lt_16KiB,0
3302eb1afa92cfba09db,1670,1335,6.395209580838324,0.14851293333534463,0.08476483332924545,0.010723888301379377,0.01878887795617181,hybrid_v1,"{""brotli"": 1}",True,source_code,lt_16KiB,0
f99b6bb11feb9d915422,1671,1362,6.520646319569121,0.13881080000040433,0.08268356666667387,0.011480301120015171,0.019273355600867542,hybrid_v1,"{""brotli"": 1}",True,source_code,lt_16KiB,0
40427eff7bca38574998,1815,1416,6.241322314049587,0.0822645000104482,0.041515499993693084,0.021040897155607877,0.041693316581524975,hybrid_v1,"{""brotli"": 1}",True,source_code,lt_16KiB,0
c68f5cb0f6b58db64c57,1891,1510,6.388154415653093,0.1370292666736835,0.06357849999524964,0.013160678562330521,0.02836490531325782,hybrid_v1,"{""brotli"": 1}",True,source_code,lt_16KiB,0
437449734e245885bdcf,1926,1332,5.5327102803738315,0.12639223334069055,0.10261800000444055,0.0145323544402242,0.017899167137529044,hybrid_v1,"{""brotli"": 1}",True,source_code,lt_16KiB,0
0f0daf031d676ef8bbf4,2281,1517,5.3204734765453745,0.11802613333566114,0.06789626666189481,0.018430927577167255,0.0320390387081991,hybrid_v1,"{""brotli"": 1}",True,source_code,lt_16KiB,0
0d2d1d7dc57adc8c4df6,2319,1549,5.34368262181975,0.11996683333806384,0.06479860000157107,0.018434851351906048,0.034129915456390617,hybrid_v1,"{""brotli"": 1}",True,source_code,lt_16KiB,0
f03df6e2a8c5298d2e1c,2394,1300,4.344193817878028,0.15252260000367338,0.06883423334026399,0.014968905024052672,0.033168035767765065,hybrid_v1,"{""brotli"": 1}",True,source_code,lt_16KiB,0
0d576738205abc00ed6e,2822,2106,5.970233876683204,0.12472323332137118,0.06085703332792036,0.021577927778410885,0.0442228083383046,hybrid_v1,"{""brotli"": 1}",True,source_code,lt_16KiB,0
9bfffccf3eb1ba81df60,3972,2300,4.632426988922457,0.16576346666746153,0.09545513334645268,0.022851804809106275,0.039683506292083504,hybrid_v1,"{""brotli"": 1}",True,source_code,lt_16KiB,0
2da37eefbc61febd2975,4395,2401,4.370420932878271,0.15234143332539438,0.08584483332621555,0.027513188822720552,0.04882528695323923,hybrid_v1,"{""brotli"": 1}",True,source_code,lt_16KiB,0
14d03c12483022a2865d,5896,2883,3.9118046132971505,0.17689739999089701,0.0701566999972177,0.03178601703484957,0.08014721002775563,hybrid_v1,"{""brotli"": 1}",True,source_code,lt_16KiB,0
d70e480f35e3d065646a,12473,1641,1.0525134290066545,0.24098796666172953,0.08760930000183483,0.04936005690787128,0.1357753086520042,hybrid_v1,"{""brotli"": 1}",True,source_code,lt_16KiB,0
0ff9b372da6fcecbdc8a,20314,6366,2.507039480161465,0.3807030333264265,0.08932263333311614,0.05088727529750362,0.21688724728062952,hybrid_v1,"{""brotli"": 1}",True,source_code,16_64KiB,0
8abb57b457777e88f55e,112594,38903,2.764125974741105,0.824205633320768,0.05794413333448271,0.13028060187942864,1.853129899477578,hybrid_v1,"{""brotli"": 1}",True,source_code,64KiB_1MiB,0
0cbec22b5580244ca3cd,172660,28300,1.3112475385150006,0.4666095333426104,0.04533476666741384,0.35288907685004295,3.6321220902866154,hybrid_v1,"{""brotli"": 1}",True,source_code,64KiB_1MiB,0
0176cdda1aac09477d97,218724,43588,1.5942649183445803,0.8549584333280412,0.07256969999677192,0.24397848252068838,2.874360252156469,hybrid_v1,"{""brotli"": 1}",True,source_code,64KiB_1MiB,0
0ebdf4283c5b6a0215ac,110,861,62.61818181818182,0.06062536666286178,0.058985833321154736,0.001730367675762863,0.0017784638937543766,hybrid_v1,"{""brotli"": 1}",True,text,lt_16KiB,0
4bb6ea144fbc0976bcbe,1836,1457,6.348583877995643,0.10601196667024244,0.06400490000184315,0.016516494315856944,0.02735643747387236,hybrid_v1,"{""brotli"": 1}",True,text,lt_16KiB,0
48e21ec2f07a239cb0db,1471564,1472790,8.006665017627503,1.452985433328043,0.07994779999717139,0.9658684523310018,17.55386379359657,hybrid_v1,"{""raw"": 2}",True,video,1_10MiB,0
75ac8e38c89544f86012,1565664,1566891,8.006269544423324,1.1164195666691132,0.10935470000064622,1.3374304692425845,13.654040886336404,hybrid_v1,"{""raw"": 2}",True,video,1_10MiB,0
f887056a858ef5d79853,1647883,1649109,8.005951878865186,1.2548213000021253,0.13777536666990878,1.252404381038016,11.406565132268437,hybrid_v1,"{""raw"": 2}",True,video,1_10MiB,0
84dcd2e350a766eef717,2608782,2610461,8.00514876290928,1.6995254000163793,0.1466035666720321,1.4638959738283124,16.970449266549515,hybrid_v1,"{""raw"": 3}",True,video,1_10MiB,0
b46249238a82a1760029,2645275,2646954,8.00507773293892,1.5063876333200217,0.06940629999735393,1.6746890186369487,36.34728875372582,hybrid_v1,"{""raw"": 3}",True,video,1_10MiB,0
cfa60713b94c4cf8ad0a,2695511,2697187,8.004974195987328,1.539509366673883,0.11389173333494303,1.6697784800390048,22.570906026432663,hybrid_v1,"{""raw"": 3}",True,video,1_10MiB,0
040d6cd1913e63d0bf50,2857537,2859218,8.004706150786498,0.9196945666626561,0.0778369000084543,2.963113781317091,35.011153383351235,hybrid_v1,"{""raw"": 3}",True,video,1_10MiB,0
916ee0944afa41eaebe4,3028698,3030373,8.004424343397725,1.168244399993758,0.07872463333963726,2.472420578062612,36.68980562017674,hybrid_v1,"{""raw"": 3}",True,video,1_10MiB,0
5fbf7e5d425ea2cedf79,3055237,3056913,8.0043885302515,0.979673233339175,0.0845870000096814,2.9741560331324504,34.44620399234628,hybrid_v1,"{""raw"": 3}",True,video,1_10MiB,0
8e0163f8d08517f2bfbd,3066330,3068009,8.00438048090062,1.2147405333428953,0.18947433333960362,2.4073290438234802,15.433648004369298,hybrid_v1,"{""raw"": 3}",True,video,1_10MiB,0
7949ac89c2483924ee9c,3471524,3473654,8.004908507041865,1.461341166665079,0.10105710001274322,2.265523857884079,32.76071920894636,hybrid_v1,"{""raw"": 4}",True,video,1_10MiB,0
e24ad89f350ae852f7b8,3660926,3663056,8.004654560075783,1.9839940333428483,0.6200347999983933,1.7597487904645026,5.63086313941236,hybrid_v1,"{""raw"": 4}",True,video,1_10MiB,0
e1d9664ac99aeab9bd8f,3953663,3955795,8.004313974155107,1.314823766675545,0.10342490000766702,2.867689917378958,36.456470913157,hybrid_v1,"{""raw"": 4}",True,video,1_10MiB,0
c4a941def8a08ccf229a,4090590,4092719,8.004163702546576,1.4972445333260112,0.13521383333136328,2.6055133514378412,28.851268585722227,hybrid_v1,"{""raw"": 4}",True,video,1_10MiB,0
f87b4ba16c61fc6e0d45,4557551,4560134,8.004534013991286,0.9414735999889672,0.07455230000778101,4.6166130781177035,58.3002715403547,hybrid_v1,"{""raw"": 5}",True,video,1_10MiB,0
546ace30fb0bb2e3783b,5026186,5028763,8.004101718479976,0.5980251999862958,0.06222100000013597,8.01528848247617,77.03740694733594,hybrid_v1,"{""raw"": 5}",True,video,1_10MiB,0
f34934e8101b36854b29,5049510,5052089,8.004085941012098,0.6260588000004645,0.05523320002248511,7.6919100848561675,87.1864747194826,hybrid_v1,"{""raw"": 5}",True,video,1_10MiB,0
d8bdce51a4d8290a41bc,5165033,5167611,8.003993004497744,0.6089462000236381,0.07645860000047833,8.088989331569053,64.4238753450875,hybrid_v1,"{""raw"": 5}",True,video,1_10MiB,0
302a07d24b61368de502,5191217,5193793,8.003969782037622,0.6248724999895785,0.07334539998555556,7.922784766290837,67.4988523447481,hybrid_v1,"{""raw"": 5}",True,video,1_10MiB,0
ea302a0aad67d6028fa2,5290755,5286301,7.993265233411867,0.788935999997193,0.07521189999533817,6.395521509876469,67.0858887783807,hybrid_v1,"{""brotli"": 1, ""raw"": 5}",True,video,1_10MiB,0
64d82f0eb41570cacc9e,5616481,5619515,8.004321567187711,0.8923097000224516,0.09207899999455549,6.002729409025724,58.170632593755386,hybrid_v1,"{""raw"": 6}",True,video,1_10MiB,0
1dd1e1cbeb37c92a23c9,5624049,5627085,8.004318596797432,1.2046881999995094,0.08543960002134554,4.452198573466926,62.77547043958864,hybrid_v1,"{""raw"": 6}",True,video,1_10MiB,0
7030656a47ddcae4e881,5639821,5642857,8.004306519657273,1.3803123999969102,0.09320020000450313,3.8966196614915964,57.70966625145374,hybrid_v1,"{""raw"": 6}",True,video,1_10MiB,0
349a429b63ba827da16d,5697246,5700277,8.004256091451905,0.7792432999995071,0.05050929999561049,6.97255553490377,107.57062926867773,hybrid_v1,"{""raw"": 6}",True,video,1_10MiB,0
769bc1050e1bcf06e990,5713249,5716282,8.004246970506625,1.9812950000050478,0.13892600001418032,2.7500088752658285,39.219288210828424,hybrid_v1,"{""raw"": 6}",True,video,1_10MiB,0
7e893633dd0f5d20713c,5777870,5780901,8.004196702244945,1.7485418999858666,0.13454850000562146,3.151314945657704,40.953308452371914,hybrid_v1,"{""raw"": 6}",True,video,1_10MiB,0
a2d1deaf6beae2b754df,6051532,6054562,8.00400559726033,6.080459599994356,0.9454695000022184,0.949137240105321,6.104047400045169,hybrid_v1,"{""raw"": 6}",True,video,1_10MiB,0
adacdb3fb3b269d0e4ec,6543258,6546730,8.004244980100127,4.452253499999642,0.6957632999983616,1.401568239593776,8.968764377532446,hybrid_v1,"{""raw"": 7}",True,video,1_10MiB,0
2d972416e5ea584e6e99,6548550,6552034,8.004256209389865,1.8089052000141237,0.12170079999486916,3.4524661351260346,51.315882434342605,hybrid_v1,"{""raw"": 7}",True,video,1_10MiB,0
575ac6afd2f60f8f7362,6725526,6729008,8.004141832177885,2.0778288999863435,0.1503208999929484,3.0868573493056224,42.66846067861051,hybrid_v1,"{""raw"": 7}",True,video,1_10MiB,0
ceb68a8868bcd038b876,7799429,7803357,8.004029012893124,3.3112813999759965,0.29854810002143495,2.246295080807086,24.91429394258428,hybrid_v1,"{""raw"": 8}",True,video,1_10MiB,0
3195eee4a59ac79f4da4,8060169,8064095,8.003896692488706,4.181251500005601,0.26959559999522753,1.8383912474969637,28.512246347232377,hybrid_v1,"{""raw"": 8}",True,video,1_10MiB,0
a8eee5cb651502b76851,8380018,8383948,8.003751781917414,2.3944866999809165,0.22781599999871105,3.3375871069510485,35.08009945599645,hybrid_v1,"{""raw"": 8}",True,video,1_10MiB,0
65aad6920755198ffc44,9151111,9155493,8.003830791692943,3.145476699981373,0.17092900001443923,2.7745173020465854,51.057336827252755,hybrid_v1,"{""raw"": 9}",True,video,1_10MiB,0
c70842272825dd567ecc,16302081,16309628,8.003703576248947,3.6708026999840513,0.2988277999975253,4.2352796443518645,52.026203565408125,hybrid_v1,"{""raw"": 16}",True,video,gt_10MiB,0
b4d46d60eb50f24fdd68,17215311,17223314,8.003719015009372,3.970715500006918,0.2805462999967858,4.134720795186004,58.520821517995756,hybrid_v1,"{""raw"": 17}",True,video,gt_10MiB,0
c63e295b1deea7522a47,17230472,17238461,8.003709242555862,6.056676200008951,0.37752380000893027,2.7130819055396667,43.526417686959945,hybrid_v1,"{""raw"": 17}",True,video,gt_10MiB,0
f256aca58bd68b60e728,20762946,20772297,8.003602956921432,5.454315100010717,0.3511105000216048,3.630352843584518,56.3956028996896,hybrid_v1,"{""raw"": 20}",True,video,gt_10MiB,0
e87d288b25a817ae2dc3,21431921,21441717,8.003656601757724,7.443182599992724,0.45596979997935705,2.7460125200969454,44.82549635934898,hybrid_v1,"{""raw"": 21}",True,video,gt_10MiB,0
0cb4f04242bea81d03dc,25087286,25098430,8.003553672565458,7.8163201000133995,0.49451250000856817,3.060916137057523,48.38118414827441,hybrid_v1,"{""raw"": 24}",True,video,gt_10MiB,0
86aebd2a6ca744d6ce03,2597,2601,8.012321909896034,0.017466999997850507,4.230000195093453e-05,0.1417926489959245,58.55064031864221,brotli-11,,True,archive,lt_16KiB,0
ab9fd50e606430ff1ad4,10877534,10552953,7.76128339382805,63.37676320000901,0.1107522000093013,0.16368183349625953,93.66518047284418,brotli-11,,True,archive,gt_10MiB,0
c00053085b900f5df548,11798593,11403663,7.732218917967591,56.72988319999422,0.09785190000548027,0.19834370316192917,114.99025683916601,brotli-11,,True,archive,gt_10MiB,0
5f8724e09072ab9a265f,49,50,8.16326530612245,0.0026937999937217683,8.170001092366874e-05,0.01734725726216362,0.5719710557635729,brotli-11,,True,binary,lt_16KiB,0
a79486349dd2e056bef1,54,58,8.592592592592593,0.00204020002274774,1.2699980288743973e-05,0.025241845167994593,4.0549994500055,brotli-11,,True,binary,lt_16KiB,0
40edde3ff58386c6e648,102,106,8.313725490196079,0.0013315999822225422,8.90000956133008e-06,0.07305105254738624,10.929738850628839,brotli-11,,True,binary,lt_16KiB,0
f6d8ac25d8ced35c97bb,258,176,5.457364341085271,0.0036521999863907695,5.530001362785697e-05,0.0673697975329017,4.449329348969051,brotli-11,,True,binary,lt_16KiB,0
cc0a768c16bc4f521d5e,797,326,3.272271016311167,0.004807299992535263,4.369998350739479e-05,0.1581092154340326,17.393105652938356,brotli-11,,True,binary,lt_16KiB,0
5cfd18ecb4615302b290,3484,1058,2.4293915040183696,0.010167799977352843,5.299999611452222e-05,0.3267768175770512,62.69059550834511,brotli-11,,True,binary,lt_16KiB,0
1364093c2cd97d6b467d,4486,1314,2.3432902362906822,0.014819699979852885,8.040000102482736e-05,0.2886821588301079,53.21123045853374,brotli-11,,True,binary,lt_16KiB,0
fb876718379f313755bf,12055,946,0.627789299046039,0.03906959999585524,7.489998824894428e-05,0.2942580391275307,153.4919317485926,brotli-11,,True,binary,lt_16KiB,0
665359906b3619ac985e,23705,4705,1.5878506644167898,0.058607199985999614,0.00013470000703819096,0.3857350236116142,167.83109494567825,brotli-11,,True,binary,16_64KiB,0
e3912e357456af06dfed,38,42,8.842105263157896,0.0008890999888535589,1.2500007869675756e-05,0.040759897061933746,2.8991680966339697,brotli-11,,True,csv,lt_16KiB,0
921d357da1bee764ce1d,90,72,6.4,0.001957500004209578,3.5200006095692515e-05,0.04384709491289131,2.4383714094602316,brotli-11,,True,csv,lt_16KiB,0
39a02de3ede36018b3fe,303,193,5.095709570957096,0.004967599990777671,7.069998537190259e-05,0.058169602707052286,4.087176487393346,brotli-11,,True,csv,lt_16KiB,0
13de65abccd316cc7ad0,548,281,4.102189781021898,0.0056345000048168,6.990000838413835e-05,0.09275242256524183,7.476587449297303,brotli-11,,True,csv,lt_16KiB,0
7da935a5c5745da0fc47,803,329,3.277708592777086,0.0032759000023361295,3.6500015994533896e-05,0.23376796469004135,20.9808257670052,brotli-11,,True,csv,lt_16KiB,0
5dc21384a6a2b295ec5d,930,347,2.9849462365591397,0.004079500009538606,4.1799998143687844e-05,0.21740828831573492,21.218113723570692,brotli-11,,True,csv,lt_16KiB,0
ef3edbf6186277f5ef97,957,430,3.5945663531870427,0.0028346000181045383,3.6200013710185885e-05,0.32197358180046504,25.21176726913717,brotli-11,,True,csv,lt_16KiB,0
0e4427f0e7b0f0da7ba0,986,304,2.4665314401622718,0.0041748000076040626,4.199999966658652e-05,0.22523782558777425,22.388640081934213,brotli-11,,True,csv,lt_16KiB,0
b2aeaaf4897e7310def1,1328,482,2.9036144578313254,0.0037127999821677804,3.6600016755983233e-05,0.34111169421199056,34.60324897202296,brotli-11,,True,csv,lt_16KiB,0
908ba22d7f9287d17ced,1813,457,2.0165471594043023,0.0047633000067435205,3.269998705945909e-05,0.362986067053666,52.874991433502174,brotli-11,,True,csv,lt_16KiB,0
b26de929ad20b7ac9288,4250,1380,2.5976470588235294,0.012622699985513464,7.360000745393336e-05,0.3210973761063918,55.06950318263799,brotli-11,,True,csv,lt_16KiB,0
20cb03e2c284978c7f64,4606,756,1.3130699088145896,0.009912899986375123,4.610000178217888e-05,0.4431219832142632,95.28467964322871,brotli-11,,True,csv,lt_16KiB,0
fd92d55f5169a15f74dc,6979,1491,1.7091273821464392,0.01717909998842515,5.979998968541622e-05,0.3874296708607354,111.29923415057682,brotli-11,,True,csv,lt_16KiB,0
16a980a0d416c9105d7a,55455,9022,1.3015237580019836,0.16333780001150444,0.0002930999908130616,0.32378303866333236,180.43674811999279,brotli-11,,True,csv,16_64KiB,0
6e96649c37ae12817da8,58441,8622,1.1802672781095465,0.14967929999693297,0.00026760000037029386,0.3723539642839035,208.27234920768194,brotli-11,,True,csv,16_64KiB,0
90bb57d94e3fa72035ad,796355,41863,0.42054611322839686,2.398258300003363,0.00354400000651367,0.31667285806563633,214.2955160400251,brotli-11,,True,csv,64KiB_1MiB,0
63b80d177dabc1b0609f,22792,12143,4.262197262197263,0.08627800000249408,0.0002864000271074474,0.2519314891270418,75.8943539183975,brotli-11,,True,executable,16_64KiB,0
8532a7e7c38dfc36aa1a,34360,15597,3.631431897555297,0.30575809997390024,0.0006850000063423067,0.10717050346177541,47.836860158135345,brotli-11,,True,executable,16_64KiB,0
b431de9bd8324ec90c36,9115,2809,2.4653867251782775,0.052719200000865385,0.00013199998647905886,0.164887581638194,65.85410821554916,brotli-11,,True,image,lt_16KiB,0
801658a38cf0cafec5ef,9793,3559,2.9073828244664557,0.04138089998741634,0.00014150000060908496,0.2256918671030943,66.00235010858917,brotli-11,,True,image,lt_16KiB,0
b2d26822f2e8d5499ddf,2,6,24.0,0.00015380000695586205,1.8999999156221747e-05,0.012401485998371094,0.10038677460614091,brotli-11,,True,json,lt_16KiB,0
215155f5831d7da605e0,31,35,9.03225806451613,0.0015168999962043017,1.6900012269616127e-05,0.01948968546546952,1.749342150582076,brotli-11,,True,json,lt_16KiB,0
e43e7849d7ac7eee3e69,83,75,7.228915662650603,0.0013287999900057912,3.0499999411404133e-05,0.05956876042825209,2.59524491112358,brotli-11,,True,json,lt_16KiB,0
719549724763a3953a3a,416,183,3.519230769230769,0.0036201000039000064,4.149999585933983e-05,0.10959048512405635,9.559724221893235,brotli-11,,True,json,lt_16KiB,0
a5121d3f04b140dd77b4,605,215,2.84297520661157,0.002208799996878952,2.780000795610249e-05,0.2612155750819665,20.754417133147893,brotli-11,,True,json,lt_16KiB,0
4416f13ac2189fe77572,971,383,3.155509783728115,0.0034923000202979892,3.239998477511108e-05,0.2651598533482968,28.58080852994148,brotli-11,,True,json,lt_16KiB,0
0b56a8336d926b137c46,1025,370,2.8878048780487804,0.0046691000170540065,5.3099996875971556e-05,0.20935858532608073,18.4089685843041,brotli-11,,True,json,lt_16KiB,0
d3bde520fa745484d111,1614,1157,5.734820322180917,0.004220200004056096,4.8200017772614956e-05,0.36472924155260666,31.93422778267538,brotli-11,,True,json,lt_16KiB,0
2aaa61682ef5b2eeabcd,1724,633,2.937354988399072,0.008399599988479167,5.8999983593821526e-05,0.19573962137952503,27.866694553734565,brotli-11,,True,json,lt_16KiB,0
5b2a797175be2fc16d7c,4157,841,1.6184748616790956,0.012893300008727238,4.600000102072954e-05,0.3074793986502552,86.1831314202416,brotli-11,,True,json,lt_16KiB,0
1f2e48d06ee45b484a60,27140,2926,0.862490788504053,0.08643860000302084,0.00011379999341443181,0.2994347542227787,227.44044327847251,brotli-11,,True,json,16_64KiB,0
d27dc1d6d4717d80c545,87148,7311,0.671134162574012,0.3279127999849152,0.00020740000763908029,0.2534539954829308,400.7271276035929,brotli-11,,True,json,64KiB_1MiB,0
cd260a4c13627b0f1896,2817,532,1.5108271210507633,0.013346200023079291,4.780001472681761e-05,0.20129329282272854,56.20292304657342,brotli-11,,True,logs,lt_16KiB,0
1dfa898e4b00116e4cab,44806,2625,0.4686872293889211,0.21354840000276454,0.00010989999282173812,0.20009670604109075,388.8110483338122,brotli-11,,True,logs,16_64KiB,0
aedca929aa742fd71e9b,66,63,7.636363636363637,0.0010980000079143792,2.3900007363408804e-05,0.0573246852724255,2.6335767987744734,brotli-11,,True,markdown,lt_16KiB,0
81a445cc02e5ab1cabd2,448,207,3.6964285714285716,0.0028138000052422285,3.480000304989517e-05,0.15183953833037972,12.277185526030781,brotli-11,,True,markdown,lt_16KiB,0
2b5091e58cb6922ad60d,597,282,3.778894472361809,0.004626200010534376,4.740001168102026e-05,0.1230693799658623,12.011464695957148,brotli-11,,True,markdown,lt_16KiB,0
8028fd8746ec7555a569,703,306,3.4822190611664294,0.0027982000028714538,5.6500022765249014e-05,0.23959439773626243,11.866066801763331,brotli-11,,True,markdown,lt_16KiB,0
1cff286a0579303a0e2e,858,390,3.6363636363636362,0.00511160001042299,5.390000296756625e-05,0.1600775807590726,15.18093726208025,brotli-11,,True,markdown,lt_16KiB,0
f8acbe64385c0bc28390,1564,675,3.452685421994885,0.005173499986995012,4.499999340623617e-05,0.2883051386119223,33.14548554250842,brotli-11,,True,markdown,lt_16KiB,0
c9bfc414215801365a64,2048,936,3.65625,0.008106199995381758,6.0699996538460255e-05,0.24094211851579397,32.176690467560014,brotli-11,,True,markdown,lt_16KiB,0
efd24e78ff6d0f481461,3729,1509,3.2373290426387773,0.01229149999562651,9.389998740516603e-05,0.28932608120605874,37.872758284132146,brotli-11,,True,markdown,lt_16KiB,0
8a329048e6e90bc5e436,6330,2296,2.90173775671406,0.03742969999439083,0.00024980001035146415,0.16128257570208213,24.166365783403897,brotli-11,,True,markdown,lt_16KiB,0
b09d33b1dd2c5da1b94b,1064,456,3.4285714285714284,0.008066300011705607,6.19000056758523e-05,0.12579614831877436,16.3927201876186,brotli-11,,True,model,lt_16KiB,0
bc559421f72cb439e577,136080,110638,6.504291593180482,1.1557029999967199,0.0035676999832503498,0.11229182668638121,36.37525621151872,brotli-11,,True,model,64KiB_1MiB,0
46873d3cf1d109fce5fb,1497171,1346964,7.19738226294792,9.091296900005545,0.03373910000664182,0.1570527885815049,42.319253616343794,brotli-11,,True,model,1_10MiB,0
1a26220d1e9b364d612d,1497533,1303654,6.964275244685759,11.400335999991512,0.029428700014250353,0.12527339194843592,48.529454558959074,brotli-11,,True,model,1_10MiB,0
9ace52ebc2064c6576de,29668575,26658792,7.1884253288201405,90.48165070000687,0.4165309999953024,0.312706032250475,67.9280965454952,brotli-11,,True,model,gt_10MiB,0
43a808afe4de5b474271,29678879,26589437,7.167234854119658,95.24547640001401,0.4316705000237562,0.29716880750490576,65.56849411871127,brotli-11,,True,model,gt_10MiB,0
a208d145692f560be957,107,72,5.383177570093458,0.001154699973994866,2.220002352260053e-05,0.08837200498276139,4.59653350148862,brotli-11,,True,source_code,lt_16KiB,0
79bb325c3295747efea3,113,90,6.371681415929204,0.001891399995656684,2.4699984351173043e-05,0.05697641852668544,4.362966236000401,brotli-11,,True,source_code,lt_16KiB,0
bb914fd114f4206a6405,133,114,6.857142857142857,0.0016534000169485807,2.5399989681318402e-05,0.07671385193047076,4.993651008264804,brotli-11,,True,source_code,lt_16KiB,0
f6d794d2819bbe2fb86d,247,148,4.793522267206478,0.0020403999951668084,2.8300011763349175e-05,0.1154467539258577,8.323585096788193,brotli-11,,True,source_code,lt_16KiB,0
e04070013dcbd69ecb20,254,154,4.850393700787402,0.002095300005748868,3.6999990697950125e-05,0.11560792044221488,6.546846953142821,brotli-11,,True,source_code,lt_16KiB,0
bde3693e1919277f0d4f,268,125,3.7313432835820897,0.0019734999805223197,2.720000338740647e-05,0.12950834523404972,9.396495770850164,brotli-11,,True,source_code,lt_16KiB,0
3751e5d534b30709cc70,392,182,3.7142857142857144,0.004376099997898564,4.709998029284179e-05,0.08542773981645094,7.937165359877356,brotli-11,,True,source_code,lt_16KiB,0
3227da1dbc2dfac8e17f,513,245,3.820662768031189,0.00496050002402626,5.3499999921768904e-05,0.09862613082285843,9.144578037977507,brotli-11,,True,source_code,lt_16KiB,0
e82ab03d226a655e5c2f,569,270,3.796133567662566,0.005931799998506904,5.150001379661262e-05,0.09147993630461995,10.536709527461293,brotli-11,,True,source_code,lt_16KiB,0
2dcc3b9b19cb845ad6a1,710,306,3.447887323943662,0.005600899981800467,5.3499999921768904e-05,0.12089285058626845,12.656238610066335,brotli-11,,True,source_code,lt_16KiB,0
e6054482722e27c4eb52,997,374,3.001003009027081,0.004427799984114245,4.6200002543628216e-05,0.21473718254399332,20.58037318416046,brotli-11,,True,source_code,lt_16KiB,0
ca528c2924b4d66a7016,1047,468,3.5759312320916905,0.00604639999801293,5.870001041330397e-05,0.1651390926180019,17.010167498216337,brotli-11,,True,source_code,lt_16KiB,0
d3b05331d36f10bb2338,1136,368,2.591549295774648,0.0072914000193122774,5.390000296756625e-05,0.1485824424072242,20.09970248219483,brotli-11,,True,source_code,lt_16KiB,0
af06e08a932131b2bd52,1146,494,3.4485165794066317,0.00866449999739416,6.960000609979033e-05,0.12613662264761433,15.70273952324919,brotli-11,,True,source_code,lt_16KiB,0
af53b59784cf5fa3bd54,1195,557,3.7288702928870294,0.006544099975144491,5.500001134350896e-05,0.1741478297143995,20.72073769199264,brotli-11,,True,source_code,lt_16KiB,0
aa14e7284e6e012d372f,1209,580,3.8378825475599667,0.006374899996444583,4.990000161342323e-05,0.18086436637095554,23.106056337781727,brotli-11,,True,source_code,lt_16KiB,0
f34def9fb472356e4ee0,1212,561,3.702970297029703,0.00518410000950098,4.700000863522291e-05,0.2229612216905586,24.592618279183707,brotli-11,,True,source_code,lt_16KiB,0
c3c9844aee9863dd7af6,1239,580,3.744955609362389,0.006409699999494478,5.7900004321709275e-05,0.18434598781854605,20.40764058430836,brotli-11,,True,source_code,lt_16KiB,0
e1347c6d4abccf03a43d,1390,454,2.61294964028777,0.006087000016123056,6.329998723231256e-05,0.21777678598545427,20.9416677279835,brotli-11,,True,source_code,lt_16KiB,0
bcc29aefa82f2fc182c3,1416,663,3.7457627118644066,0.005940999981248751,5.9200014220550656e-05,0.22730227845370335,22.81085316973576,brotli-11,,True,source_code,lt_16KiB,0
3302eb1afa92cfba09db,1670,555,2.658682634730539,0.0074038000020664185,6.429999484680593e-05,0.21511063345227166,24.768837263406887,brotli-11,,True,source_code,lt_16KiB,0
f99b6bb11feb9d915422,1671,556,2.661879114302813,0.006796900008339435,4.4899992644786835e-05,0.23445832375930112,35.491983157370726,brotli-11,,True,source_code,lt_16KiB,0
40427eff7bca38574998,1815,616,2.7151515151515153,0.04062220000196248,7.929999264888465e-05,0.042610170896547256,21.827478496010794,brotli-11,,True,source_code,lt_16KiB,0
c68f5cb0f6b58db64c57,1891,668,2.826017979904812,0.010284900024998933,7.890001870691776e-05,0.17534425496998507,22.85675164442136,brotli-11,,True,source_code,lt_16KiB,0
437449734e245885bdcf,1926,518,2.1516095534787123,0.013117700000293553,6.309998570941389e-05,0.14002277330304347,29.108988104325494,brotli-11,,True,source_code,lt_16KiB,0
0f0daf031d676ef8bbf4,2281,727,2.5497588776852256,0.01223349999054335,8.779999916441739e-05,0.17781755976656022,24.77598105267694,brotli-11,,True,source_code,lt_16KiB,0
0d2d1d7dc57adc8c4df6,2319,737,2.542475204829668,0.04225829997449182,8.600001456215978e-05,0.05233458849695927,25.715934479843572,brotli-11,,True,source_code,lt_16KiB,0
f03df6e2a8c5298d2e1c,2394,506,1.6908939014202171,0.007573200011393055,3.9000005926936865e-05,0.3014704893627387,58.540922218159295,brotli-11,,True,source_code,lt_16KiB,0
0d576738205abc00ed6e,2822,1250,3.5435861091424523,0.008637899998575449,5.5899989092722535e-05,0.31156518613809814,48.14435502723213,brotli-11,,True,source_code,lt_16KiB,0
9bfffccf3eb1ba81df60,3972,1391,2.801611278952669,0.010854499996639788,7.429998368024826e-05,0.34897916863404754,50.98243898770353,brotli-11,,True,source_code,lt_16KiB,0
2da37eefbc61febd2975,4395,1495,2.72127417519909,0.01723860000493005,0.00010629999451339245,0.243140314144233,39.42990439267996,brotli-11,,True,source_code,lt_16KiB,0
14d03c12483022a2865d,5896,1907,2.587516960651289,0.023431200010236353,0.00012659997446462512,0.23997335890073057,44.41441472093191,brotli-11,,True,source_code,lt_16KiB,0
d70e480f35e3d065646a,12473,832,0.5336326465164756,0.12141880000126548,8.949998300522566e-05,0.09796818736811086,132.90706153363882,brotli-11,,True,source_code,lt_16KiB,0
0ff9b372da6fcecbdc8a,20314,5157,2.0309146401496503,0.0701790000020992,0.00036810000892728567,0.2760503863391766,52.629556081601415,brotli-11,,True,source_code,16_64KiB,0
8abb57b457777e88f55e,112594,35158,2.4980371955876866,0.47919679997721687,0.0011146999895572662,0.22407913822995174,96.32906341381903,brotli-11,,True,source_code,64KiB_1MiB,0
0cbec22b5580244ca3cd,172660,24582,1.1389783389320052,0.9839602000138257,0.0006300999957602471,0.16734559738126548,261.32583491296634,brotli-11,,True,source_code,64KiB_1MiB,0
0176cdda1aac09477d97,218724,38274,1.3999012454051682,0.8828208000049926,0.0013695999805349857,0.23627837176068006,152.30101062075204,brotli-11,,True,source_code,64KiB_1MiB,0
0ebdf4283c5b6a0215ac,110,95,6.909090909090909,0.00206830000388436,3.969998215325177e-05,0.05071999932682529,2.6424237270367374,brotli-11,,True,text,lt_16KiB,0
4bb6ea144fbc0976bcbe,1836,604,2.6318082788671022,0.007406799995806068,5.060000694356859e-05,0.23639710076055898,34.603672028634485,brotli-11,,True,text,lt_16KiB,0
48e21ec2f07a239cb0db,1471564,1469152,7.986887420458777,5.168238499987638,0.0029492999892681837,0.27154180128324257,475.8392828314063,brotli-11,,True,video,1_10MiB,0
75ac8e38c89544f86012,1565664,1563012,7.986449199828316,6.220163999998476,0.010786300001200289,0.24004729536427669,138.4287053721592,brotli-11,,True,video,1_10MiB,0
f887056a858ef5d79853,1647883,1645031,7.9861543568323725,6.611778399994364,0.005105799995362759,0.2376885005014415,307.7957802831689,brotli-11,,True,video,1_10MiB,0
84dcd2e350a766eef717,2608782,2608791,8.00002759908647,7.88691510001081,0.00319580000359565,0.31545012960764846,778.4994016220409,brotli-11,,True,video,1_10MiB,0
b46249238a82a1760029,2645275,2640758,7.98633941650679,6.428596699988702,0.00482699999702163,0.39242325270396516,522.6291338073598,brotli-11,,True,video,1_10MiB,0
cfa60713b94c4cf8ad0a,2695511,2690683,7.9856709915114426,8.00352890000795,0.0044559000234585255,0.32118827112475024,576.9069316540185,brotli-11,,True,video,1_10MiB,0
040d6cd1913e63d0bf50,2857537,2852206,7.985075258868039,10.175113000004785,0.007330699998419732,0.26782598336542157,371.7461696247323,brotli-11,,True,video,1_10MiB,0
916ee0944afa41eaebe4,3028698,3024647,7.989299692475116,8.401592900016112,0.007680400012759492,0.34379093692404894,376.0730547826253,brotli-11,,True,video,1_10MiB,0
5fbf7e5d425ea2cedf79,3055237,3051051,7.989039148190468,7.669040400010999,0.006580699991900474,0.3799303309746423,442.7646087833005,brotli-11,,True,video,1_10MiB,0
8e0163f8d08517f2bfbd,3066330,3066342,8.000031307784877,6.618867300014244,0.0027786000282503664,0.44180975899300523,1052.4293302002673,brotli-11,,True,video,1_10MiB,0
7949ac89c2483924ee9c,3471524,3461821,7.97763979163042,9.363559599994915,0.009657899994635954,0.3535731515597646,342.79742795293714,brotli-11,,True,video,1_10MiB,0
e24ad89f350ae852f7b8,3660926,3660938,8.000026222873666,7.015950500004692,0.004722600016975775,0.4976276700443557,739.2815584453457,brotli-11,,True,video,1_10MiB,0
e1d9664ac99aeab9bd8f,3953663,3948066,7.9886748061228285,8.117698399990331,0.004252899991115555,0.4644797913199355,886.5731304997516,brotli-11,,True,video,1_10MiB,0
c4a941def8a08ccf229a,4090590,4081758,7.982727186053846,9.730715100013185,0.00907770000048913,0.40090482373109004,429.7443869854744,brotli-11,,True,video,1_10MiB,0
f87b4ba16c61fc6e0d45,4557551,4550094,7.986910514001928,10.65122979998705,0.015742799994768575,0.4080673702502321,276.0893447071653,brotli-11,,True,video,1_10MiB,0
546ace30fb0bb2e3783b,5026186,5026203,8.000027058290321,9.796979200007627,0.004228699981467798,0.489267599718588,1133.5267384036254,brotli-11,,True,video,1_10MiB,0
f34934e8101b36854b29,5049510,5049527,8.0000269333064,9.89326440001605,0.004640500003006309,0.48675419990076385,1037.7304157562298,brotli-11,,True,video,1_10MiB,0
d8bdce51a4d8290a41bc,5165033,5165050,8.000026330906309,10.728250799991656,0.0045479999971576035,0.4591390905490906,1083.0605361849628,brotli-11,,True,video,1_10MiB,0
302a07d24b61368de502,5191217,5191234,8.000026198095744,9.83767059998354,0.004773299995576963,0.5032421317094911,1037.1714177568876,brotli-11,,True,video,1_10MiB,0
ea302a0aad67d6028fa2,5290755,5283210,7.988591420317138,10.921047799987718,0.005180600011954084,0.4620121851223491,973.9522731450492,brotli-11,,True,video,1_10MiB,0
64d82f0eb41570cacc9e,5616481,5610855,7.991986441332215,12.613274899980752,0.009729899989906698,0.4246552715894478,550.498328229482,brotli-11,,True,video,1_10MiB,0
1dd1e1cbeb37c92a23c9,5624049,5618405,7.9919716204464075,15.92697520001093,0.01432719998410903,0.33675641596444333,374.35863891473394,brotli-11,,True,video,1_10MiB,0
7030656a47ddcae4e881,5639821,5634175,7.991991235182819,16.955355999991298,0.014337900007376447,0.3172184905366407,375.1283266072088,brotli-11,,True,video,1_10MiB,0
349a429b63ba827da16d,5697246,5691560,7.992015791489432,17.227201600006083,0.01086760000907816,0.31539174560111516,499.9555725191915,brotli-11,,True,video,1_10MiB,0
769bc1050e1bcf06e990,5713249,5706310,7.990283637208881,28.838942200003657,0.016602099989540875,0.18893129979410273,328.18612331971445,brotli-11,,True,video,1_10MiB,0
7e893633dd0f5d20713c,5777870,5770518,7.989820470173265,30.75382380001247,0.019926799985114485,0.17917141810937817,276.52238325523206,brotli-11,,True,video,1_10MiB,0
a2d1deaf6beae2b754df,6051532,6041057,7.986152266897044,50.491880999994464,0.06786529999226332,0.11429937900929418,85.0389027082834,brotli-11,,True,video,1_10MiB,0
adacdb3fb3b269d0e4ec,6543258,6543279,8.000025675282863,59.487287799973274,0.026200299995252863,0.10489866542919662,238.17044466476926,brotli-11,,True,video,1_10MiB,0
2d972416e5ea584e6e99,6548550,6548571,8.000025654534209,35.2201184000005,0.015002600004663691,0.17731865275904524,416.27344212075093,brotli-11,,True,video,1_10MiB,0
575ac6afd2f60f8f7362,6725526,6715760,7.988383362134055,24.647972900012974,0.015208500000881031,0.2602226737485209,421.7353065819048,brotli-11,,True,video,1_10MiB,0
ceb68a8868bcd038b876,7799429,7787920,7.9881950332517935,34.64278580000973,0.03275189999840222,0.21470891985632382,227.10484339219846,brotli-11,,True,video,1_10MiB,0
3195eee4a59ac79f4da4,8060169,8051459,7.991355019975388,33.78366139999707,0.023582300025736913,0.22752939861025584,325.9553204227223,brotli-11,,True,video,1_10MiB,0
a8eee5cb651502b76851,8380018,8368778,7.98926971278582,41.114555299980566,0.034962099976837635,0.19437904360906094,228.58489458346716,brotli-11,,True,video,1_10MiB,0
65aad6920755198ffc44,9151111,9151140,8.000025352112983,35.40963850001572,0.014588600024580956,0.2464633895451613,598.2191240131278,brotli-11,,True,video,1_10MiB,0
c70842272825dd567ecc,16302081,16292111,7.99510737310163,56.80981669999892,0.028650799999013543,0.2736653074551218,542.6332233030002,brotli-11,,True,video,gt_10MiB,0
b4d46d60eb50f24fdd68,17215311,17202426,7.994012306835468,57.09292459997232,0.02433250000467524,0.2875627770810318,674.7272144864476,brotli-11,,True,video,gt_10MiB,0
c63e295b1deea7522a47,17230472,17217655,7.994049147347792,56.92349500002456,0.03863019999698736,0.28867269316386746,425.3733764577592,brotli-11,,True,video,gt_10MiB,0
f256aca58bd68b60e728,20762946,20763011,8.000025044615537,81.9106322999869,0.02384209999581799,0.2417401474891685,830.5094071664444,brotli-11,,True,video,gt_10MiB,0
e87d288b25a817ae2dc3,21431921,21418194,7.9948760542743695,98.540895299986,0.07634040000266396,0.20741715961404156,267.7359904877957,brotli-11,,True,video,gt_10MiB,0
0cb4f04242bea81d03dc,25087286,25072710,7.995351908532474,105.89885679999134,0.036117699986789376,0.2259240661277851,662.4203738136447,brotli-11,,True,video,gt_10MiB,0
86aebd2a6ca744d6ce03,2597,2664,8.206391990758567,0.014394699993620938,0.021651466658416513,0.17205584005256006,0.11438911916594222,hybrid_v2,"[""raw|default|identity""]",True,archive,lt_16KiB,0
86aebd2a6ca744d6ce03,2597,2664,8.206391990758567,0.024525899993022904,0.021478133344013866,0.10098272440202388,0.11531226480616417,hybrid_v3_top3,"[""raw|default|identity""]",True,archive,lt_16KiB,0
ab9fd50e606430ff1ad4,10877534,10877643,8.000080165228626,3.3315671000164,0.3655373000074178,3.1137373164672795,28.37911425571407,hybrid_v2,"[""raw|default|identity""]",True,archive,gt_10MiB,0
ab9fd50e606430ff1ad4,10877534,10877643,8.000080165228626,0.14709740001126193,0.1577318000199739,70.52214927552443,65.7674914020008,hybrid_v3_top3,"[""raw|default|identity""]",True,archive,gt_10MiB,0
c00053085b900f5df548,11798593,11798702,8.000073907117569,1.0170640000142157,0.105294299981324,11.063232120764567,106.86252832134628,hybrid_v2,"[""raw|default|identity""]",True,archive,gt_10MiB,0
c00053085b900f5df548,11798593,11798702,8.000073907117569,0.23417400001198985,0.5056146000279114,48.04980532960302,22.254134103741116,hybrid_v3_top3,"[""raw|default|identity""]",True,archive,gt_10MiB,0
5f8724e09072ab9a265f,49,111,18.122448979591837,0.0144180999971771,0.01609216666353556,0.003241067929412021,0.0029038999210588175,hybrid_v2,"[""raw|default|identity""]",True,binary,lt_16KiB,0
5f8724e09072ab9a265f,49,111,18.122448979591837,0.016432499998093892,0.01691183333362763,0.002843757280348502,0.002763156458678424,hybrid_v3_top3,"[""raw|default|identity""]",True,binary,lt_16KiB,0
a79486349dd2e056bef1,54,116,17.185185185185187,0.014636833337135613,0.06425256666261703,0.0035184122070502167,0.0008014997028266568,hybrid_v2,"[""raw|default|identity""]",True,binary,lt_16KiB,0
a79486349dd2e056bef1,54,116,17.185185185185187,0.023330966670376558,0.016201933331709977,0.002207298729346062,0.003178535056995095,hybrid_v3_top3,"[""raw|default|identity""]",True,binary,lt_16KiB,0
40edde3ff58386c6e648,102,164,12.862745098039216,0.015866733340468876,0.0280605333391577,0.006130737700452395,0.003466604825279398,hybrid_v2,"[""raw|default|identity""]",True,binary,lt_16KiB,0
40edde3ff58386c6e648,102,164,12.862745098039216,0.045242466672789305,0.02220469999398726,0.0021500768509587604,0.004380819389578704,hybrid_v3_top3,"[""raw|default|identity""]",True,binary,lt_16KiB,0
f6d8ac25d8ced35c97bb,258,250,7.751937984496124,0.4290449333396585,0.016981233338204522,0.0005734783341166407,0.014489405376654928,hybrid_v2,"[""brotli|4|identity""]",True,binary,lt_16KiB,0
f6d8ac25d8ced35c97bb,258,250,7.751937984496124,0.02146296666857476,0.017358133326827858,0.011463838034704976,0.01417479454732227,hybrid_v3_top3,"[""brotli|4|identity""]",True,binary,lt_16KiB,0
cc0a768c16bc4f521d5e,797,432,4.336260978670013,0.3827433333305332,0.03461753333491894,0.0019858698087874605,0.021956458388359086,hybrid_v2,"[""brotli|4|identity""]",True,binary,lt_16KiB,0
cc0a768c16bc4f521d5e,797,437,4.386449184441656,0.02165436667079727,0.024222133331932127,0.03510046919085428,0.03137949988797094,hybrid_v3_top3,"[""deflate|9|identity""]",True,binary,lt_16KiB,0
5cfd18ecb4615302b290,3484,1332,3.058553386911596,0.22646853333571926,0.011548966664122418,0.01467135972234128,0.2876968489900696,hybrid_v2,"[""deflate|9|identity""]",True,binary,lt_16KiB,0
5cfd18ecb4615302b290,3484,1327,3.0470723306544203,0.01819890000236531,0.013966266667315116,0.1825715465180608,0.23790189586850513,hybrid_v3_top3,"[""deflate|6|identity""]",True,binary,lt_16KiB,0
1364093c2cd97d6b467d,4486,1610,2.871154703522069,0.4868915333451393,0.10493996667598064,0.008786727002635704,0.040767908728311576,hybrid_v2,"[""deflate|6|identity""]",True,binary,lt_16KiB,0
1364093c2cd97d6b467d,4486,1610,2.871154703522069,0.02335773333713102,0.021176400002635393,0.1831591671010967,0.20202598094416518,hybrid_v3_top3,"[""deflate|6|identity""]",True,binary,lt_16KiB,0
fb876718379f313755bf,12055,1161,0.770468685192866,0.25453733333658113,0.010093933340006819,0.04516643485486341,1.1389557962218104,hybrid_v2,"[""deflate|6|identity""]",True,binary,lt_16KiB,0
fb876718379f313755bf,12055,1161,0.770468685192866,0.015890766662778333,0.012825333328995233,0.7234732048017685,0.8963933793663054,hybrid_v3_top3,"[""deflate|6|identity""]",True,binary,lt_16KiB,0
665359906b3619ac985e,23705,5409,1.8254376713773466,0.460166200005915,0.013655800013414895,0.04912757536324825,1.6554760356919491,hybrid_v2,"[""zstd|9|identity""]",True,binary,16_64KiB,0
665359906b3619ac985e,23705,5469,1.8456865640160305,0.02300210000248626,0.014601066660058374,0.9828167718585095,1.5483012437887038,hybrid_v3_top3,"[""zstd|6|identity""]",True,binary,16_64KiB,0
e3912e357456af06dfed,38,100,21.05263157894737,0.014927299993966395,0.0357397666569644,0.0024277413891383927,0.0010139860277004829,hybrid_v2,"[""raw|default|identity""]",True,csv,lt_16KiB,0
e3912e357456af06dfed,38,100,21.05263157894737,0.015202833339571953,0.016159000001304474,0.0023837414522665454,0.0022426897716759683,hybrid_v3_top3,"[""raw|default|identity""]",True,csv,lt_16KiB,0
921d357da1bee764ce1d,90,152,13.511111111111111,0.015132833340127641,0.038732466666260734,0.005671818789477169,0.002215988184179561,hybrid_v2,"[""raw|default|identity""]",True,csv,lt_16KiB,0
921d357da1bee764ce1d,90,153,13.6,0.013316633344705528,0.015247933333739638,0.006445374461758186,0.005629004704961683,hybrid_v3_top3,"[""brotli|1|identity""]",True,csv,lt_16KiB,0
39a02de3ede36018b3fe,303,267,7.0495049504950495,0.3656056333372059,0.034612166666192934,0.0007903688880104774,0.008348605294141716,hybrid_v2,"[""brotli|6|identity""]",True,csv,lt_16KiB,0
39a02de3ede36018b3fe,303,285,7.524752475247524,0.01722103334031999,0.012415499998799836,0.016779673563173322,0.023274400378480678,hybrid_v3_top3,"[""deflate|9|identity""]",True,csv,lt_16KiB,0
13de65abccd316cc7ad0,548,371,5.416058394160584,0.30342096666572616,0.01361989999228778,0.0017224041276171255,0.038371318855979344,hybrid_v2,"[""brotli|4|identity""]",True,csv,lt_16KiB,0
13de65abccd316cc7ad0,548,371,5.416058394160584,0.022030300004795816,0.027203066672276083,0.023722487904243535,0.01921156653721122,hybrid_v3_top3,"[""brotli|4|identity""]",True,csv,lt_16KiB,0
7da935a5c5745da0fc47,803,451,4.493150684931507,0.5147354333409263,0.018381100002443418,0.0014877555079193543,0.04166238560110223,hybrid_v2,"[""deflate|9|identity""]",True,csv,lt_16KiB,0
7da935a5c5745da0fc47,803,451,4.493150684931507,0.024376199997883912,0.018281466657451045,0.03141590880205682,0.04188944412521184,hybrid_v3_top3,"[""deflate|9|identity""]",True,csv,lt_16KiB,0
5dc21384a6a2b295ec5d,930,494,4.2494623655913975,0.18511403332619616,0.021426266660758603,0.004791193289462521,0.041393917489236126,hybrid_v2,"[""deflate|6|identity""]",True,csv,lt_16KiB,0
5dc21384a6a2b295ec5d,930,494,4.2494623655913975,0.03366159999859519,0.0420629666671933,0.026348037951102337,0.021085462689191557,hybrid_v3_top3,"[""deflate|6|identity""]",True,csv,lt_16KiB,0
ef3edbf6186277f5ef97,957,564,4.714733542319749,0.38528370000616025,0.016587299993261695,0.0023688163314103056,0.055021994005747546,hybrid_v2,"[""deflate|6|identity""]",True,csv,lt_16KiB,0
ef3edbf6186277f5ef97,957,564,4.714733542319749,0.019485700002405792,0.015564433337810138,0.04683774874333996,0.05863794080981237,hybrid_v3_top3,"[""deflate|6|identity""]",True,csv,lt_16KiB,0
0e4427f0e7b0f0da7ba0,986,418,3.391480730223124,0.33240939999814145,0.03196439999737777,0.002828809522179036,0.029417817198311335,hybrid_v2,"[""deflate|9|identity""]",True,csv,lt_16KiB,0
0e4427f0e7b0f0da7ba0,986,418,3.391480730223124,0.023678899994896103,0.028436766665739317,0.03971142562278001,0.03306715165720531,hybrid_v3_top3,"[""deflate|9|identity""]",True,csv,lt_16KiB,0
b2aeaaf4897e7310def1,1328,618,3.7228915662650603,0.47565513333150494,0.016157500009285286,0.002662600282093108,0.07838338180162079,hybrid_v2,"[""brotli|4|identity""]",True,csv,lt_16KiB,0
b2aeaaf4897e7310def1,1328,620,3.7349397590361444,0.017639833337549742,0.015006100002210587,0.071796567912666,0.08439764442466274,hybrid_v3_top3,"[""deflate|6|identity""]",True,csv,lt_16KiB,0
908ba22d7f9287d17ced,1813,607,2.6784335355763926,0.2521424999965044,0.012342466652626172,0.0068572792594207704,0.14008638502390772,hybrid_v2,"[""deflate|9|identity""]",True,csv,lt_16KiB,0
908ba22d7f9287d17ced,1813,607,2.6784335355763926,0.019218500005081296,0.016691099997842684,0.08996599813655527,0.10358883092594287,hybrid_v3_top3,"[""deflate|9|identity""]",True,csv,lt_16KiB,0
b26de929ad20b7ac9288,4250,1624,3.056941176470588,0.4763067666693435,0.01858659999561496,0.008509465177386977,0.21806655578119682,hybrid_v2,"[""deflate|6|identity""]",True,csv,lt_16KiB,0
b26de929ad20b7ac9288,4250,1624,3.056941176470588,0.02321006667140561,0.01697653332181896,0.17462749685764278,0.2387481453305503,hybrid_v3_top3,"[""deflate|6|identity""]",True,csv,lt_16KiB,0
20cb03e2c284978c7f64,4606,964,1.6743378202344767,0.1884673999932905,0.009912999996837849,0.02330707539618823,0.4431175126367792,hybrid_v2,"[""deflate|6|identity""]",True,csv,lt_16KiB,0
20cb03e2c284978c7f64,4606,964,1.6743378202344767,0.014612833329010755,0.013981266665117195,0.30060042446707047,0.31417925189329526,hybrid_v3_top3,"[""deflate|6|identity""]",True,csv,lt_16KiB,0
fd92d55f5169a15f74dc,6979,1827,2.094282848545637,0.48338479999802075,0.01886296666149671,0.013768933268539828,0.35284444772862217,hybrid_v2,"[""zstd|1|identity""]",True,csv,lt_16KiB,0
fd92d55f5169a15f74dc,6979,1827,2.094282848545637,0.027290133342224483,0.017255199995512765,0.243886424838432,0.38572100328770687,hybrid_v3_top3,"[""zstd|1|identity""]",True,csv,lt_16KiB,0
16a980a0d416c9105d7a,55455,11717,1.6903074564962581,0.2748725666606333,0.04166963333652044,0.19240191867383913,1.2691738559157852,hybrid_v2,"[""zstd|9|identity""]",True,csv,16_64KiB,0
16a980a0d416c9105d7a,55455,11717,1.6903074564962581,0.055572000002333276,0.09503986668035698,0.9516664725777026,0.5564613152728588,hybrid_v3_top3,"[""zstd|9|identity""]",True,csv,16_64KiB,0
6e96649c37ae12817da8,58441,11870,1.6248866378056501,0.6014933666641203,0.08166236667117725,0.09265884515767217,0.6824891684748204,hybrid_v2,"[""zstd|6|identity""]",True,csv,16_64KiB,0
6e96649c37ae12817da8,58441,11293,1.5459009941650554,0.02946376667629617,0.044626433334390946,1.891600667946364,1.248893907955378,hybrid_v3_top3,"[""zstd|9|identity""]",True,csv,16_64KiB,0
90bb57d94e3fa72035ad,796355,63359,0.6364900075971144,0.5661483666626737,0.10074419999727979,1.3414563301110922,7.538531352298253,hybrid_v2,"[""zstd|6|identity""]",True,csv,64KiB_1MiB,0
90bb57d94e3fa72035ad,796355,63359,0.6364900075971144,0.05525253331870772,0.061280799990830324,13.745312017839295,12.393168991843131,hybrid_v3_top3,"[""zstd|6|identity""]",True,csv,64KiB_1MiB,0
63b80d177dabc1b0609f,22792,13240,4.647244647244647,0.8702520666508159,0.08242089998869535,0.02497683815125344,0.26372127727933725,hybrid_v2,"[""zstd|6|identity""]",True,executable,16_64KiB,0
63b80d177dabc1b0609f,22792,13240,4.647244647244647,0.04988273334068557,0.08622243334927286,0.435744867288632,0.2520938481460122,hybrid_v3_top3,"[""zstd|6|identity""]",True,executable,16_64KiB,0
8532a7e7c38dfc36aa1a,34360,17220,4.009313154831199,0.5398834666605884,0.09134713334303039,0.060695041680762105,0.3587222533701864,hybrid_v2,"[""zstd|6|identity""]",True,executable,16_64KiB,0
8532a7e7c38dfc36aa1a,34360,17180,4.0,0.027372200003204245,0.05446539999684319,1.197136127453505,0.6016342396019858,hybrid_v3_top3,"[""zstd|9|identity""]",True,executable,16_64KiB,0
b431de9bd8324ec90c36,9115,9182,8.058804168952276,0.012995499991423761,0.04702136666552784,0.6689039590457965,0.18486790177487045,hybrid_v2,"[""raw|default|identity""]",True,image,lt_16KiB,0
b431de9bd8324ec90c36,9115,9182,8.058804168952276,0.017506399997121964,0.11244530000840314,0.49654648559795544,0.07730640047554992,hybrid_v3_top3,"[""raw|default|identity""]",True,image,lt_16KiB,0
801658a38cf0cafec5ef,9793,9860,8.0547329725314,0.017467266676248983,0.0850215000003421,0.5346762463565928,0.1098467161897735,hybrid_v2,"[""raw|default|identity""]",True,image,lt_16KiB,0
801658a38cf0cafec5ef,9793,9860,8.0547329725314,0.018116466662225623,0.07387676667228031,0.5155162292236438,0.12641772239432164,hybrid_v3_top3,"[""raw|default|identity""]",True,image,lt_16KiB,0
b2d26822f2e8d5499ddf,2,64,256.0,0.022811766665351268,0.04273039999922427,8.361249090407219e-05,4.463680735137341e-05,hybrid_v2,"[""raw|default|identity""]",True,json,lt_16KiB,0
b2d26822f2e8d5499ddf,2,64,256.0,0.024763766666486237,0.06340656666240344,7.702174949797878e-05,3.008124762483712e-05,hybrid_v3_top3,"[""raw|default|identity""]",True,json,lt_16KiB,0
215155f5831d7da605e0,31,93,24.0,0.01631143334088847,0.03480996666864181,0.001812465109027839,0.0008492942291503565,hybrid_v2,"[""raw|default|identity""]",True,json,lt_16KiB,0
215155f5831d7da605e0,31,93,24.0,0.018219933330935117,0.01990493333626849,0.0016226131716079346,0.0014852551028003591,hybrid_v3_top3,"[""raw|default|identity""]",True,json,lt_16KiB,0
e43e7849d7ac7eee3e69,83,145,13.975903614457831,0.01689906667646331,0.03669199999421835,0.004683984611526757,0.002157281376708585,hybrid_v2,"[""raw|default|identity""]",True,json,lt_16KiB,0
e43e7849d7ac7eee3e69,83,149,14.36144578313253,0.015807633336711056,0.01825043333034652,0.005007388935185649,0.0043371555529095945,hybrid_v3_top3,"[""brotli|1|identity""]",True,json,lt_16KiB,0
719549724763a3953a3a,416,279,5.365384615384615,0.5339135999965947,0.04150683332894308,0.0007430575202196204,0.009558149437248389,hybrid_v2,"[""brotli|4|identity""]",True,json,lt_16KiB,0
719549724763a3953a3a,416,282,5.423076923076923,0.026020400002986815,0.021241833329744015,0.015246826166371791,0.018676754942308974,hybrid_v3_top3,"[""deflate|9|identity""]",True,json,lt_16KiB,0
a5121d3f04b140dd77b4,605,313,4.138842975206612,0.451892366661923,0.03823960000105823,0.0012767928913865357,0.015088362885851692,hybrid_v2,"[""brotli|4|identity""]",True,json,lt_16KiB,0
a5121d3f04b140dd77b4,605,316,4.178512396694215,0.028058233331345644,0.022581099988504622,0.020563410198075727,0.025551145060227418,hybrid_v3_top3,"[""deflate|9|identity""]",True,json,lt_16KiB,0
4416f13ac2189fe77572,971,492,4.053553038105046,0.25897573331409757,0.013135666658248132,0.0035756931716353214,0.07049644188778229,hybrid_v2,"[""deflate|6|identity""]",True,json,lt_16KiB,0
4416f13ac2189fe77572,971,492,4.053553038105046,0.018474133326283965,0.014738433324964717,0.05012509896272008,0.06283013538908049,hybrid_v3_top3,"[""deflate|6|identity""]",True,json,lt_16KiB,0
0b56a8336d926b137c46,1025,495,3.8634146341463413,0.48709296667948365,0.07693526666844264,0.0020068369719648,0.012705696836394597,hybrid_v2,"[""deflate|9|identity""]",True,json,lt_16KiB,0
0b56a8336d926b137c46,1025,495,3.8634146341463413,0.023970766672088455,0.018843566668995965,0.04077951229881293,0.05187532654976357,hybrid_v3_top3,"[""deflate|9|identity""]",True,json,lt_16KiB,0
d3bde520fa745484d111,1614,1251,6.200743494423792,0.4296454999906321,0.029652866661005344,0.003582558985752786,0.05190831511422922,hybrid_v2,"[""deflate|6|identity""]",True,json,lt_16KiB,0
d3bde520fa745484d111,1614,1251,6.200743494423792,0.027861866663442925,0.023180933329664793,0.05524505465742125,0.06640070633868414,hybrid_v3_top3,"[""deflate|6|identity""]",True,json,lt_16KiB,0
2aaa61682ef5b2eeabcd,1724,841,3.902552204176334,0.3722037000018948,0.03520316666496607,0.004417297628895159,0.04670416548408429,hybrid_v2,"[""deflate|6|identity""]",True,json,lt_16KiB,0
2aaa61682ef5b2eeabcd,1724,841,3.902552204176334,0.016913033333063748,0.013091600005282089,0.09721109685689626,0.12558698102760651,hybrid_v3_top3,"[""deflate|6|identity""]",True,json,lt_16KiB,0
5b2a797175be2fc16d7c,4157,1009,1.9417849410632668,0.33515556666922447,0.01588329999746444,0.011828608943301233,0.2495970065372844,hybrid_v2,"[""deflate|6|identity""]",True,json,lt_16KiB,0
5b2a797175be2fc16d7c,4157,1009,1.9417849410632668,0.024473766679875553,0.04094703333491149,0.16198667680200912,0.09681834825187954,hybrid_v3_top3,"[""deflate|6|identity""]",True,json,lt_16KiB,0
1f2e48d06ee45b484a60,27140,3756,1.1071481208548268,0.40570946666412055,0.032831766662032656,0.0637961967219598,0.7883438382618912,hybrid_v2,"[""zstd|6|identity""]",True,json,16_64KiB,0
1f2e48d06ee45b484a60,27140,3756,1.1071481208548268,0.026888833332729217,0.020733033345701795,0.9625825199251413,1.2483808092958777,hybrid_v3_top3,"[""zstd|6|identity""]",True,json,16_64KiB,0
d27dc1d6d4717d80c545,87148,8738,0.8021297103777482,0.49966373333397013,0.06381969999832413,0.16633348346421103,1.3022751490269358,hybrid_v2,"[""deflate|6|identity""]",True,json,64KiB_1MiB,0
d27dc1d6d4717d80c545,87148,8738,0.8021297103777482,0.02805916666208456,0.05773900000106854,2.961984235920905,1.4394223891067355,hybrid_v3_top3,"[""deflate|6|identity""]",True,json,64KiB_1MiB,0
cd260a4c13627b0f1896,2817,712,2.022009229676961,0.3300568000122439,0.03487583333238339,0.008139509772914076,0.07703043318600505,hybrid_v2,"[""deflate|6|identity""]",True,logs,lt_16KiB,0
cd260a4c13627b0f1896,2817,706,2.004969826056088,0.02148966666815492,0.019484333315631375,0.125013597967877,0.13788003447678407,hybrid_v3_top3,"[""deflate|9|identity""]",True,logs,lt_16KiB,0
1dfa898e4b00116e4cab,44806,3253,0.5808150694103468,0.4711733666578463,0.016189966670935974,0.09068919095320614,2.6393094123910332,hybrid_v2,"[""deflate|6|identity""]",True,logs,16_64KiB,0
1dfa898e4b00116e4cab,44806,3253,0.5808150694103468,0.0290846333373338,0.021488533335893106,1.4691720856610788,1.988517817990135,hybrid_v3_top3,"[""deflate|6|identity""]",True,logs,16_64KiB,0
aedca929aa742fd71e9b,66,128,15.515151515151516,0.017022866658711184,0.04496673332566085,0.0036975267529692282,0.0013997571143753408,hybrid_v2,"[""raw|default|identity""]",True,markdown,lt_16KiB,0
aedca929aa742fd71e9b,66,132,16.0,0.017232999991392717,0.018687366663167875,0.0036524403710468337,0.003368184828677328,hybrid_v3_top3,"[""brotli|1|identity""]",True,markdown,lt_16KiB,0
81a445cc02e5ab1cabd2,448,345,6.160714285714286,0.42443223333490704,0.04052156666875817,0.0010066297048011257,0.010543671651259318,hybrid_v2,"[""deflate|9|identity""]",True,markdown,lt_16KiB,0
81a445cc02e5ab1cabd2,448,345,6.160714285714286,0.024244466670400772,0.01785149999583761,0.017622416675868145,0.023933344192343494,hybrid_v3_top3,"[""deflate|9|identity""]",True,markdown,lt_16KiB,0
2b5091e58cb6922ad60d,597,437,5.855946398659967,0.4132819000030092,0.025810233327016856,0.0013776155377005035,0.022058830684749023,hybrid_v2,"[""deflate|6|identity""]",True,markdown,lt_16KiB,0
2b5091e58cb6922ad60d,597,437,5.855946398659967,0.023929066674706217,0.020685566666846473,0.023792970057471798,0.02752371139085299,hybrid_v3_top3,"[""deflate|6|identity""]",True,markdown,lt_16KiB,0
8028fd8746ec7555a569,703,446,5.075391180654338,0.27792863332433626,0.021742599996893357,0.002412248915897823,0.03083499878254611,hybrid_v2,"[""deflate|6|identity""]",True,markdown,lt_16KiB,0
8028fd8746ec7555a569,703,446,5.075391180654338,0.021761566662462428,0.018085900005341198,0.03080812401204808,0.0370693769309572,hybrid_v3_top3,"[""deflate|6|identity""]",True,markdown,lt_16KiB,0
1cff286a0579303a0e2e,858,568,5.296037296037296,0.502528866675372,0.02210439999665444,0.0016282697726201357,0.03701763285139643,hybrid_v2,"[""deflate|6|identity""]",True,markdown,lt_16KiB,0
1cff286a0579303a0e2e,858,568,5.296037296037296,0.023392533330479637,0.01784333333489485,0.03497921973292258,0.04585760676657697,hybrid_v3_top3,"[""deflate|6|identity""]",True,markdown,lt_16KiB,0
f8acbe64385c0bc28390,1564,900,4.603580562659847,0.4804047000167581,0.018464366662859295,0.003104771104044871,0.08077973418170856,hybrid_v2,"[""deflate|6|identity""]",True,markdown,lt_16KiB,0
f8acbe64385c0bc28390,1564,900,4.603580562659847,0.02535576666317259,0.019734199993157137,0.058824749835931334,0.07558181387523036,hybrid_v3_top3,"[""deflate|6|identity""]",True,markdown,lt_16KiB,0
c9bfc414215801365a64,2048,1235,4.82421875,0.4235135000005054,0.02049263332931635,0.004611718398581555,0.09530863938339727,hybrid_v2,"[""deflate|6|identity""]",True,markdown,lt_16KiB,0
c9bfc414215801365a64,2048,1235,4.82421875,0.02417543333528253,0.01856736666134869,0.08078965836569045,0.105191276481106,hybrid_v3_top3,"[""deflate|6|identity""]",True,markdown,lt_16KiB,0
efd24e78ff6d0f481461,3729,1941,4.164119066773934,0.28476586666268605,0.027561900002183393,0.012488334952346644,0.12902780742971956,hybrid_v2,"[""deflate|9|identity""]",True,markdown,lt_16KiB,0
efd24e78ff6d0f481461,3729,1931,4.142665593993027,0.027114133331148576,0.016286900005070493,0.13115859107299965,0.2183504242533424,hybrid_v3_top3,"[""deflate|6|identity""]",True,markdown,lt_16KiB,0
8a329048e6e90bc5e436,6330,2857,3.6107424960505528,0.6340712999905614,0.0569434333301615,0.00952063028706933,0.10601324981319742,hybrid_v2,"[""deflate|6|identity""]",True,markdown,lt_16KiB,0
8a329048e6e90bc5e436,6330,2857,3.6107424960505528,0.028262500001195196,0.020136966651383165,0.21359605210424673,0.2997848944859285,hybrid_v3_top3,"[""deflate|6|identity""]",True,markdown,lt_16KiB,0
b09d33b1dd2c5da1b94b,1064,1131,8.503759398496241,0.00848953333722117,0.00997569999890402,0.1195247644776184,0.10171812231399611,hybrid_v2,"[""raw|default|identity""]",True,model,lt_16KiB,0
b09d33b1dd2c5da1b94b,1064,1131,8.503759398496241,0.011341833334881812,0.01379513334056052,0.08946608918467447,0.07355561179483464,hybrid_v3_top3,"[""raw|default|identity""]",True,model,lt_16KiB,0
bc559421f72cb439e577,136080,136152,8.004232804232805,0.012662466673646122,0.042261666676495224,10.248872065871653,3.070773378862986,hybrid_v2,"[""raw|default|identity""]",True,model,64KiB_1MiB,0
bc559421f72cb439e577,136080,136152,8.004232804232805,0.020335666660685092,0.0843831000092905,6.38169395387751,1.5379382952543137,hybrid_v3_top3,"[""raw|default|identity""]",True,model,64KiB_1MiB,0
46873d3cf1d109fce5fb,1497171,1497243,8.000384725592468,0.03728916666780909,0.048408833342061065,38.29030406305275,29.494896517732744,hybrid_v2,"[""raw|default|identity""]",True,model,1_10MiB,0
46873d3cf1d109fce5fb,1497171,1497243,8.000384725592468,0.07916546667305131,0.13863423332804814,18.035812709410873,10.299141097348212,hybrid_v3_top3,"[""raw|default|identity""]",True,model,1_10MiB,0
1a26220d1e9b364d612d,1497533,1497605,8.000384632592404,0.04530913333292119,0.0638870999973733,31.520328353601812,22.35441521260973,hybrid_v2,"[""raw|default|identity""]",True,model,1_10MiB,0
1a26220d1e9b364d612d,1497533,1497605,8.000384632592404,0.05357203333793829,0.07057083333105159,26.658662572350355,20.23723814300493,hybrid_v3_top3,"[""raw|default|identity""]",True,model,1_10MiB,0
9ace52ebc2064c6576de,29668575,29366043,7.91842358455032,3.6576328999944963,0.2566457999928389,7.735647276662219,110.24594200513721,hybrid_v2,"[""raw|default|identity"", ""zstd|9|identity""]",True,model,gt_10MiB,0
9ace52ebc2064c6576de,29668575,27211956,7.33758355431631,5.053361800004495,0.8607686999894213,5.599076239078585,32.870802553833904,hybrid_v3_top3,"[""raw|default|identity"", ""deflate|9|identity"", ""zstd|9|identity"", ""zstd|6|identity""]",True,model,gt_10MiB,0
43a808afe4de5b474271,29678879,28923438,7.796369397914254,6.280765700008487,0.3233849999960512,4.5064544665295445,87.52411102053102,hybrid_v2,"[""raw|default|identity"", ""zstd|6|identity"", ""deflate|9|identity""]",True,model,gt_10MiB,0
43a808afe4de5b474271,29678879,27371454,7.37802906908984,3.9735122000274714,1.0090696999977808,7.1231654056160005,28.04958333610756,hybrid_v3_top3,"[""raw|default|identity"", ""deflate|9|identity"", ""zstd|6|identity"", ""zstd|9|identity""]",True,model,gt_10MiB,0
a208d145692f560be957,107,169,12.63551401869159,0.022604833318231005,0.04249076666504455,0.004514218283271747,0.002401537083571042,hybrid_v2,"[""raw|default|identity""]",True,source_code,lt_16KiB,0
a208d145692f560be957,107,152,11.36448598130841,0.015618066672080507,0.020876000004742917,0.006533660919624914,0.004888060539963838,hybrid_v3_top3,"[""brotli|1|identity""]",True,source_code,lt_16KiB,0
79bb325c3295747efea3,113,175,12.389380530973451,0.021245299993703764,0.05072713333841724,0.005072425326347166,0.0021244093774227197,hybrid_v2,"[""raw|default|identity""]",True,source_code,lt_16KiB,0
79bb325c3295747efea3,113,175,12.389380530973451,0.01751999999396503,0.055418633322309084,0.006150981609076897,0.00194456613765906,hybrid_v3_top3,"[""brotli|1|identity""]",True,source_code,lt_16KiB,0
bb914fd114f4206a6405,133,200,12.030075187969924,0.017668866659126554,0.04755029999068938,0.007178654213031535,0.002667463383130432,hybrid_v2,"[""raw|default|identity""]",True,source_code,lt_16KiB,0
bb914fd114f4206a6405,133,204,12.270676691729323,0.018446066669033218,0.03887066667084582,0.006876191350591005,0.003263095154917014,hybrid_v3_top3,"[""brotli|1|identity""]",True,source_code,lt_16KiB,0
f6d794d2819bbe2fb86d,247,314,10.17004048582996,0.03840013332470941,0.0805340333414885,0.006134290059893336,0.002924944230143161,hybrid_v2,"[""raw|default|identity""]",True,source_code,lt_16KiB,0
f6d794d2819bbe2fb86d,247,253,8.194331983805668,0.016254999994998798,0.01970429999831443,0.014491390724381307,0.011954626968351787,hybrid_v3_top3,"[""brotli|1|identity""]",True,source_code,lt_16KiB,0
e04070013dcbd69ecb20,254,321,10.11023622047244,0.019332633334367227,0.04125763333286159,0.012529761061395313,0.005871235376321244,hybrid_v2,"[""raw|default|identity""]",True,source_code,lt_16KiB,0
e04070013dcbd69ecb20,254,261,8.220472440944881,0.021401666667467605,0.021321666659787297,0.01131843048165044,0.011360897824373172,hybrid_v3_top3,"[""brotli|1|identity""]",True,source_code,lt_16KiB,0
bde3693e1919277f0d4f,268,231,6.895522388059701,0.4439723666582722,0.053407066666598745,0.0005756770826090621,0.004785597351608902,hybrid_v2,"[""brotli|4|identity""]",True,source_code,lt_16KiB,0
bde3693e1919277f0d4f,268,231,6.895522388059701,0.029739933350356296,0.04164353334150898,0.008593990907306892,0.006137440709002378,hybrid_v3_top3,"[""brotli|4|identity""]",True,source_code,lt_16KiB,0
3751e5d534b30709cc70,392,255,5.204081632653061,0.5402912333374843,0.054563066660193726,0.0006919237421676553,0.006851527139400758,hybrid_v2,"[""deflate|9|identity""]",True,source_code,lt_16KiB,0
3751e5d534b30709cc70,392,255,5.204081632653061,0.014916466675155485,0.01311873333179392,0.025062257716427554,0.028496678953388654,hybrid_v3_top3,"[""deflate|9|identity""]",True,source_code,lt_16KiB,0
3227da1dbc2dfac8e17f,513,317,4.943469785575049,0.5374719999866405,0.022833499999251217,0.0009102519281535908,0.02142619065550397,hybrid_v2,"[""deflate|9|identity""]",True,source_code,lt_16KiB,0
3227da1dbc2dfac8e17f,513,318,4.95906432748538,0.023770333325956017,0.020970033336197957,0.02058174437891395,0.023330192969788985,hybrid_v3_top3,"[""deflate|6|identity""]",True,source_code,lt_16KiB,0
e82ab03d226a655e5c2f,569,406,5.708260105448154,0.5353569666622207,0.05414983332351161,0.001013605350871489,0.010021096146191536,hybrid_v2,"[""deflate|6|identity""]",True,source_code,lt_16KiB,0
e82ab03d226a655e5c2f,569,406,5.708260105448154,0.025098266671799745,0.03832469999906607,0.021620643892706102,0.014159032844311366,hybrid_v3_top3,"[""deflate|6|identity""]",True,source_code,lt_16KiB,0
2dcc3b9b19cb845ad6a1,710,410,4.619718309859155,0.45519836667032604,0.029589999991003424,0.0014875026235294654,0.022883026862261114,hybrid_v2,"[""deflate|6|identity""]",True,source_code,lt_16KiB,0
2dcc3b9b19cb845ad6a1,710,412,4.642253521126761,0.02604020000823463,0.0858787000082278,0.026002441011755556,0.007884478509613742,hybrid_v3_top3,"[""deflate|9|identity""]",True,source_code,lt_16KiB,0
e6054482722e27c4eb52,997,514,4.124373119358074,0.5754658666749796,0.04118783333494017,0.001652249678944114,0.023084809674862018,hybrid_v2,"[""deflate|9|identity""]",True,source_code,lt_16KiB,0
e6054482722e27c4eb52,997,514,4.124373119358074,0.030554100007672485,0.019122233332988497,0.031119008356268754,0.04972292079590655,hybrid_v3_top3,"[""deflate|9|identity""]",True,source_code,lt_16KiB,0
ca528c2924b4d66a7016,1047,695,5.310410697230181,0.277497533330461,0.0269307666652215,0.00359821940502899,0.03707644203708492,hybrid_v2,"[""deflate|6|identity""]",True,source_code,lt_16KiB,0
ca528c2924b4d66a7016,1047,695,5.310410697230181,0.013540533332464596,0.011164233331025267,0.07374133534927764,0.08943713192580209,hybrid_v3_top3,"[""deflate|6|identity""]",True,source_code,lt_16KiB,0
d3b05331d36f10bb2338,1136,462,3.2535211267605635,0.6937837000004947,0.04249440000664132,0.0015615443594836943,0.025494512765639302,hybrid_v2,"[""deflate|9|identity""]",True,source_code,lt_16KiB,0
d3b05331d36f10bb2338,1136,462,3.2535211267605635,0.02680376665860725,0.02860089999740012,0.04041872313082557,0.037879018616056866,hybrid_v3_top3,"[""deflate|9|identity""]",True,source_code,lt_16KiB,0
af06e08a932131b2bd52,1146,598,4.174520069808028,0.6431155333314867,0.06847963332741831,0.0016994003564803244,0.015959646883272314,hybrid_v2,"[""deflate|6|identity""]",True,source_code,lt_16KiB,0
af06e08a932131b2bd52,1146,598,4.174520069808028,0.024841333332005888,0.022115066666932155,0.0439956564325572,0.049419284285303636,hybrid_v3_top3,"[""deflate|6|identity""]",True,source_code,lt_16KiB,0
af53b59784cf5fa3bd54,1195,690,4.619246861924686,0.3882627999895097,0.022507533334040392,0.002935230488566662,0.05063374965136122,hybrid_v2,"[""deflate|6|identity""]",True,source_code,lt_16KiB,0
af53b59784cf5fa3bd54,1195,690,4.619246861924686,0.033557333333495386,0.06313026667339727,0.03396100628079204,0.01805220963189289,hybrid_v3_top3,"[""deflate|6|identity""]",True,source_code,lt_16KiB,0
aa14e7284e6e012d372f,1209,727,4.8105872622001655,0.5343946666592577,0.04375560000577631,0.002157566907886696,0.026350735640305385,hybrid_v2,"[""deflate|6|identity""]",True,source_code,lt_16KiB,0
aa14e7284e6e012d372f,1209,727,4.8105872622001655,0.02954116667388007,0.02040103333032069,0.039030017374182366,0.0565163651206599,hybrid_v3_top3,"[""deflate|6|identity""]",True,source_code,lt_16KiB,0
f34def9fb472356e4ee0,1212,776,5.122112211221122,0.5870865999992626,0.10935426666401327,0.0019687951853880276,0.01056980497190557,hybrid_v2,"[""deflate|9|identity""]",True,source_code,lt_16KiB,0
f34def9fb472356e4ee0,1212,776,5.122112211221122,0.02741386667670061,0.023086000001057982,0.0421630879407008,0.050067281964454854,hybrid_v3_top3,"[""deflate|9|identity""]",True,source_code,lt_16KiB,0
c3c9844aee9863dd7af6,1239,712,4.59725585149314,0.527624700005011,0.02442363334315208,0.0022394752899478013,0.048379471695542894,hybrid_v2,"[""deflate|6|identity""]",True,source_code,lt_16KiB,0
c3c9844aee9863dd7af6,1239,712,4.59725585149314,0.02686609999121477,0.023013399991517264,0.04398116877454221,0.051344107279362554,hybrid_v3_top3,"[""deflate|6|identity""]",True,source_code,lt_16KiB,0
e1347c6d4abccf03a43d,1390,592,3.4071942446043164,0.6343551333314584,0.039907100008955844,0.0020896927133590977,0.0332173297359918,hybrid_v2,"[""deflate|9|identity""]",True,source_code,lt_16KiB,0
e1347c6d4abccf03a43d,1390,596,3.4302158273381296,0.024025133325873565,0.024054633317670476,0.0551758561263463,0.05510818985674995,hybrid_v3_top3,"[""deflate|6|identity""]",True,source_code,lt_16KiB,0
bcc29aefa82f2fc182c3,1416,888,5.016949152542373,0.3994318666809704,0.04481669999465036,0.0033808089556105147,0.03013168823658243,hybrid_v2,"[""deflate|6|identity""]",True,source_code,lt_16KiB,0
bcc29aefa82f2fc182c3,1416,888,5.016949152542373,0.025983933330280706,0.022425199994662155,0.05197068568743366,0.060218095372736244,hybrid_v3_top3,"[""deflate|6|identity""]",True,source_code,lt_16KiB,0
3302eb1afa92cfba09db,1670,678,3.2479041916167666,0.5989334000041708,0.05985650000123618,0.0026591205439325085,0.026607571581458083,hybrid_v2,"[""deflate|6|identity""]",True,source_code,lt_16KiB,0
3302eb1afa92cfba09db,1670,678,3.2479041916167666,0.024566566658904776,0.030799133334464084,0.06482941350785565,0.051710419611589696,hybrid_v3_top3,"[""deflate|6|identity""]",True,source_code,lt_16KiB,0
f99b6bb11feb9d915422,1671,707,3.3847995212447635,0.5580280666666416,0.10878213333004776,0.002855752027373979,0.014649370571542772,hybrid_v2,"[""deflate|6|identity""]",True,source_code,lt_16KiB,0
f99b6bb11feb9d915422,1671,707,3.3847995212447635,0.03417470000567846,0.020058533341701452,0.046630688270856896,0.07944697429107589,hybrid_v3_top3,"[""deflate|6|identity""]",True,source_code,lt_16KiB,0
40427eff7bca38574998,1815,747,3.2925619834710744,0.1807062333294501,0.023912666675945122,0.009578634075791187,0.07238502119960366,hybrid_v2,"[""deflate|6|identity""]",True,source_code,lt_16KiB,0
40427eff7bca38574998,1815,747,3.2925619834710744,0.023891166677155223,0.021707400010200217,0.07245016150393574,0.07973865518044501,hybrid_v3_top3,"[""deflate|6|identity""]",True,source_code,lt_16KiB,0
c68f5cb0f6b58db64c57,1891,857,3.6255949233209943,0.7208726333337836,0.06640790000286263,0.002501687606011805,0.027156379470612384,hybrid_v2,"[""deflate|9|identity""]",True,source_code,lt_16KiB,0
c68f5cb0f6b58db64c57,1891,857,3.6255949233209943,0.024300400002781924,0.019034033330778282,0.07421269329384556,0.09474597952963024,hybrid_v3_top3,"[""deflate|9|identity""]",True,source_code,lt_16KiB,0
437449734e245885bdcf,1926,655,2.7206645898234685,0.45938356666980934,0.01960999999816219,0.003998350978711991,0.09366531022797432,hybrid_v2,"[""deflate|6|identity""]",True,source_code,lt_16KiB,0
437449734e245885bdcf,1926,655,2.7206645898234685,0.026200766675174236,0.01996803333167918,0.07010393078072868,0.09198586074495382,hybrid_v3_top3,"[""deflate|6|identity""]",True,source_code,lt_16KiB,0
0f0daf031d676ef8bbf4,2281,859,3.0127137220517315,0.2704290999972727,0.028524533331316586,0.008043997912002053,0.0762617600244628,hybrid_v2,"[""deflate|6|identity""]",True,source_code,lt_16KiB,0
0f0daf031d676ef8bbf4,2281,859,3.0127137220517315,0.01592616666069565,0.01234206665928165,0.13658849377051782,0.17625339222153155,hybrid_v3_top3,"[""deflate|6|identity""]",True,source_code,lt_16KiB,0
0d2d1d7dc57adc8c4df6,2319,885,3.0530401034928847,0.5730686000121447,0.07455140000092797,0.0038591727756488933,0.029665046393743986,hybrid_v2,"[""deflate|6|identity""]",True,source_code,lt_16KiB,0
0d2d1d7dc57adc8c4df6,2319,885,3.0530401034928847,0.040513066662242636,0.05229626666793289,0.05458907266102453,0.04228926614951251,hybrid_v3_top3,"[""deflate|6|identity""]",True,source_code,lt_16KiB,0
f03df6e2a8c5298d2e1c,2394,633,2.1152882205513786,0.7151619666547049,0.03535749999961505,0.0031924185288489887,0.06457176874783056,hybrid_v2,"[""deflate|6|identity""]",True,source_code,lt_16KiB,0
f03df6e2a8c5298d2e1c,2394,637,2.128654970760234,0.026177833332136895,0.02532840001125199,0.0872148693327399,0.09013977639575775,hybrid_v3_top3,"[""deflate|9|identity""]",True,source_code,lt_16KiB,0
0d576738205abc00ed6e,2822,1447,4.102055279943302,0.6743189666691857,0.04026666665837789,0.003991091833278876,0.0668361487115669,hybrid_v2,"[""deflate|9|identity""]",True,source_code,lt_16KiB,0
0d576738205abc00ed6e,2822,1447,4.102055279943302,0.028720133336416136,0.020682066669299577,0.09370670008296937,0.130125725051131,hybrid_v3_top3,"[""deflate|9|identity""]",True,source_code,lt_16KiB,0
9bfffccf3eb1ba81df60,3972,1694,3.4118831822759317,0.576114533333263,0.0991569666560584,0.006575071735908451,0.03820199944099623,hybrid_v2,"[""deflate|6|identity""]",True,source_code,lt_16KiB,0
9bfffccf3eb1ba81df60,3972,1694,3.4118831822759317,0.031821966666029766,0.02268576665665023,0.11903709234946006,0.166976696979081,hybrid_v3_top3,"[""deflate|9|identity""]",True,source_code,lt_16KiB,0
2da37eefbc61febd2975,4395,1784,3.247326507394767,0.6139041666659372,0.6502590666641481,0.00682744774867486,0.0064457365309913955,hybrid_v2,"[""deflate|6|identity""]",True,source_code,lt_16KiB,0
2da37eefbc61febd2975,4395,1784,3.247326507394767,0.028373966672612976,0.021864366669130202,0.14771986832038808,0.19169997850992904,hybrid_v3_top3,"[""deflate|6|identity""]",True,source_code,lt_16KiB,0
14d03c12483022a2865d,5896,2301,3.1221166892808685,0.43994066667316173,0.026496833335841075,0.012780959332656003,0.21220889674863355,hybrid_v2,"[""deflate|6|identity""]",True,source_code,lt_16KiB,0
14d03c12483022a2865d,5896,2300,3.1207598371777476,0.030553966673323885,0.03867003333289176,0.18403056564306822,0.1454062302229407,hybrid_v3_top3,"[""deflate|9|identity""]",True,source_code,lt_16KiB,0
d70e480f35e3d065646a,12473,1006,0.6452337048023731,0.5221668999971977,0.06582173334512238,0.022780417044050465,0.1807181176187702,hybrid_v2,"[""deflate|6|identity""]",True,source_code,lt_16KiB,0
d70e480f35e3d065646a,12473,1006,0.6452337048023731,0.029998466673229512,0.021342233337539557,0.3965262584287469,0.5573540294685249,hybrid_v3_top3,"[""deflate|6|identity""]",True,source_code,lt_16KiB,0
0ff9b372da6fcecbdc8a,20314,5916,2.3298217977749336,0.4370505666787115,0.0533281666575931,0.044326541458801424,0.3632778187906851,hybrid_v2,"[""zstd|6|identity""]",True,source_code,16_64KiB,0
0ff9b372da6fcecbdc8a,20314,5916,2.3298217977749336,0.05031270001200028,0.024183600005926564,0.38505069413599047,0.8010775922000415,hybrid_v3_top3,"[""zstd|6|identity""]",True,source_code,16_64KiB,0
8abb57b457777e88f55e,112594,39554,2.8103806597154377,0.6962670666786531,0.0967043000079381,0.154219567634675,1.1103746779887869,hybrid_v2,"[""deflate|9|identity""]",True,source_code,64KiB_1MiB,0
8abb57b457777e88f55e,112594,39554,2.8103806597154377,0.062277966673718765,0.07018660001146297,1.7241732785530828,1.5298932554634102,hybrid_v3_top3,"[""deflate|9|identity""]",True,source_code,64KiB_1MiB,0
0cbec22b5580244ca3cd,172660,29150,1.3506312985057338,0.5829460333334282,0.05622880000737496,0.2824642386347993,2.9284175982611433,hybrid_v2,"[""deflate|6|identity""]",True,source_code,64KiB_1MiB,0
0cbec22b5580244ca3cd,172660,29042,1.3456272442951465,0.03642003335213909,0.039080300009421386,4.521176734755294,4.213412062625081,hybrid_v3_top3,"[""zstd|6|identity""]",True,source_code,64KiB_1MiB,0
0176cdda1aac09477d97,218724,46134,1.6873868436934218,0.3059350333351176,0.03818883333588019,0.6818161977322551,5.462106143621288,hybrid_v2,"[""deflate|6|identity""]",True,source_code,64KiB_1MiB,0
0176cdda1aac09477d97,218724,43283,1.5831093067061686,0.07075630000326782,0.06753520000105102,2.9480266940471305,3.0886332042904203,hybrid_v3_top3,"[""zstd|9|identity""]",True,source_code,64KiB_1MiB,0
0ebdf4283c5b6a0215ac,110,172,12.50909090909091,0.01805186666509447,0.03336493333335966,0.005811264660376247,0.0031441445950620233,hybrid_v2,"[""raw|default|identity""]",True,text,lt_16KiB,0
0ebdf4283c5b6a0215ac,110,176,12.8,0.01402119999208177,0.016871699985737603,0.007481825725610527,0.006217759614820537,hybrid_v3_top3,"[""brotli|1|identity""]",True,text,lt_16KiB,0
4bb6ea144fbc0976bcbe,1836,794,3.4596949891067537,0.49338266667715897,0.056866899996142216,0.0035488600698402577,0.0307902496010976,hybrid_v2,"[""brotli|4|identity""]",True,text,lt_16KiB,0
4bb6ea144fbc0976bcbe,1836,794,3.4596949891067537,0.0239989666636878,0.02390759999010091,0.07295922651416425,0.07323805173446374,hybrid_v3_top3,"[""brotli|4|identity""]",True,text,lt_16KiB,0
48e21ec2f07a239cb0db,1471564,1471636,8.000391420284812,0.0774728333344683,0.10031269999065746,18.11464395124511,13.990180623976332,hybrid_v2,"[""raw|default|identity""]",True,video,1_10MiB,0
48e21ec2f07a239cb0db,1471564,1471636,8.000391420284812,0.03759533333747337,0.04702393333233582,37.32890939283698,29.84422383023007,hybrid_v3_top3,"[""raw|default|identity""]",True,video,1_10MiB,0
75ac8e38c89544f86012,1565664,1565736,8.000367895027285,0.07077699999596614,0.08853269999963231,21.096310171481903,16.865333881470644,hybrid_v2,"[""raw|default|identity""]",True,video,1_10MiB,0
75ac8e38c89544f86012,1565664,1565736,8.000367895027285,0.06346279999706894,0.07353220000125778,23.527697249267856,20.30584621290176,hybrid_v3_top3,"[""raw|default|identity""]",True,video,1_10MiB,0
f887056a858ef5d79853,1647883,1647955,8.000349539378705,0.16571463334063688,0.22818303333284953,9.483433429274006,6.887206601597223,hybrid_v2,"[""raw|default|identity""]",True,video,1_10MiB,0
f887056a858ef5d79853,1647883,1647955,8.000349539378705,0.04752623333479278,0.055418233338665836,33.06686819617982,28.357881492515915,hybrid_v3_top3,"[""raw|default|identity""]",True,video,1_10MiB,0
84dcd2e350a766eef717,2608782,2608859,8.00023612551758,0.08478139998624101,0.07462739999755286,29.345214762986814,33.33800173374006,hybrid_v2,"[""raw|default|identity""]",True,video,1_10MiB,0
84dcd2e350a766eef717,2608782,2608859,8.00023612551758,0.12092009999711688,0.14099649999601147,20.574977944628312,17.64532020704988,hybrid_v3_top3,"[""raw|default|identity""]",True,video,1_10MiB,0
b46249238a82a1760029,2645275,2645352,8.000232868038294,0.0704046666699772,0.07595493334035079,35.83186948610774,33.21352170802777,hybrid_v2,"[""raw|default|identity""]",True,video,1_10MiB,0
b46249238a82a1760029,2645275,2645352,8.000232868038294,0.11752790000173263,0.11059100000420585,21.46495280945505,22.81135740915266,hybrid_v3_top3,"[""raw|default|identity""]",True,video,1_10MiB,0
cfa60713b94c4cf8ad0a,2695511,2695588,8.00022852809727,0.1341040666641978,0.1170273333361062,19.16899072663856,21.966147027443316,hybrid_v2,"[""raw|default|identity""]",True,video,1_10MiB,0
cfa60713b94c4cf8ad0a,2695511,2695588,8.00022852809727,0.1381290333229117,0.21186659999269372,18.61042207021752,12.13329335713688,hybrid_v3_top3,"[""raw|default|identity""]",True,video,1_10MiB,0
040d6cd1913e63d0bf50,2857537,2857614,8.000215570262082,0.048282666655723006,0.04478350001348493,56.44177991477092,60.85186830551393,hybrid_v2,"[""raw|default|identity""]",True,video,1_10MiB,0
040d6cd1913e63d0bf50,2857537,2857614,8.000215570262082,0.07872036667928721,0.09190576668091428,34.618228547931885,29.651671962456845,hybrid_v3_top3,"[""raw|default|identity""]",True,video,1_10MiB,0
916ee0944afa41eaebe4,3028698,3028775,8.000203387726343,0.04865390000243982,0.05775506665425686,59.366083594658065,50.011049455486805,hybrid_v2,"[""raw|default|identity""]",True,video,1_10MiB,0
916ee0944afa41eaebe4,3028698,3028775,8.000203387726343,0.10830470000898156,0.09277936666815852,26.669124188621975,31.131830260081525,hybrid_v3_top3,"[""raw|default|identity""]",True,video,1_10MiB,0
5fbf7e5d425ea2cedf79,3055237,3055314,8.000201621019908,0.0640692333302771,0.05991840000691203,45.47738291816204,48.627818117606026,hybrid_v2,"[""raw|default|identity""]",True,video,1_10MiB,0
5fbf7e5d425ea2cedf79,3055237,3055314,8.000201621019908,0.10639729999820702,0.10663733332573126,27.385103357727903,27.323461367267846,hybrid_v3_top3,"[""raw|default|identity""]",True,video,1_10MiB,0
8e0163f8d08517f2bfbd,3066330,3066407,8.000200891619624,0.05735963333669739,0.0602939333281635,50.98150034294394,48.500404687647666,hybrid_v2,"[""raw|default|identity""]",True,video,1_10MiB,0
8e0163f8d08517f2bfbd,3066330,3066407,8.000200891619624,0.08924463334066483,0.08859289999236353,32.767014185193716,33.00806460650957,hybrid_v3_top3,"[""raw|default|identity""]",True,video,1_10MiB,0
7949ac89c2483924ee9c,3471524,3471601,8.000177443681794,0.16213596666542193,0.1410098333241573,20.419302056648178,23.4785276993921,hybrid_v2,"[""raw|default|identity""]",True,video,1_10MiB,0
7949ac89c2483924ee9c,3471524,3471601,8.000177443681794,0.1710219666614042,0.1630349999953372,19.358351106688808,20.306702718327823,hybrid_v3_top3,"[""raw|default|identity""]",True,video,1_10MiB,0
e24ad89f350ae852f7b8,3660926,3661003,8.00016826343936,0.08619479998984995,0.06447436667319077,40.505124449212666,54.15068469242685,hybrid_v2,"[""raw|default|identity""]",True,video,1_10MiB,0
e24ad89f350ae852f7b8,3660926,3661003,8.00016826343936,0.0754219666608454,0.069780000000416,46.290639916134126,50.033406426526994,hybrid_v3_top3,"[""raw|default|identity""]",True,video,1_10MiB,0
e1d9664ac99aeab9bd8f,3953663,3953740,8.000155804882713,0.08657373332728942,0.09737000000313856,43.552550108603896,38.72349654620671,hybrid_v2,"[""raw|default|identity""]",True,video,1_10MiB,0
e1d9664ac99aeab9bd8f,3953663,3953740,8.000155804882713,0.31533409999489476,0.16865933332398222,11.957180840533034,22.355755738597733,hybrid_v3_top3,"[""raw|default|identity""]",True,video,1_10MiB,0
c4a941def8a08ccf229a,4090590,4090667,8.000150589523761,0.08379670000673893,0.126064333327425,46.55422733394652,30.945236602457555,hybrid_v2,"[""raw|default|identity""]",True,video,1_10MiB,0
c4a941def8a08ccf229a,4090590,4090667,8.000150589523761,0.2768176000002616,0.19453126666485332,14.092639420125582,20.053797463156428,hybrid_v3_top3,"[""raw|default|identity""]",True,video,1_10MiB,0
f87b4ba16c61fc6e0d45,4557551,4557628,8.000135160308684,0.1579564000130631,0.09650300000794232,27.516576308729302,45.03921467782251,hybrid_v2,"[""raw|default|identity""]",True,video,1_10MiB,0
f87b4ba16c61fc6e0d45,4557551,4557628,8.000135160308684,0.09422359999734908,0.09923049999633804,46.12877595988589,43.80124391766664,hybrid_v3_top3,"[""raw|default|identity""]",True,video,1_10MiB,0
546ace30fb0bb2e3783b,5026186,5026263,8.000122558138518,0.19285849999869242,0.14977039999212138,24.8542039770773,32.00461838876585,hybrid_v2,"[""raw|default|identity""]",True,video,1_10MiB,0
546ace30fb0bb2e3783b,5026186,5026263,8.000122558138518,0.19923149998066947,0.1559531999810133,24.05916985088071,30.7357880329755,hybrid_v3_top3,"[""raw|default|identity""]",True,video,1_10MiB,0
f34934e8101b36854b29,5049510,5049587,8.00012199203487,0.4557472000014968,0.25949920000857674,10.566357834827526,18.557236389466183,hybrid_v2,"[""raw|default|identity""]",True,video,1_10MiB,0
f34934e8101b36854b29,5049510,5049587,8.00012199203487,0.2416582000150811,0.21372460000566207,19.92726916419968,22.53174411045311,hybrid_v3_top3,"[""raw|default|identity""]",True,video,1_10MiB,0
d8bdce51a4d8290a41bc,5165033,5165110,8.000119263516806,0.19494130002567545,0.18645209999522194,25.267910467622603,26.41836329876119,hybrid_v2,"[""raw|default|identity""]",True,video,1_10MiB,0
d8bdce51a4d8290a41bc,5165033,5165110,8.000119263516806,0.312357399991015,0.21054169998387806,15.769625805671366,23.395647113459738,hybrid_v3_top3,"[""raw|default|identity""]",True,video,1_10MiB,0
302a07d24b61368de502,5191217,5191294,8.00011866196308,0.38116859999718145,0.31870179998804815,12.988295268361854,15.534051969512456,hybrid_v2,"[""raw|default|identity""]",True,video,1_10MiB,0
302a07d24b61368de502,5191217,5191294,8.00011866196308,0.3009040999750141,0.254172999993898,16.452851005362152,19.477797893208002,hybrid_v3_top3,"[""raw|default|identity""]",True,video,1_10MiB,0
ea302a0aad67d6028fa2,5290755,5290832,8.000116429507697,0.4532498999906238,0.24595979999867268,11.13217489513473,20.514153767913204,hybrid_v2,"[""raw|default|identity""]",True,video,1_10MiB,0
ea302a0aad67d6028fa2,5290755,5290832,8.000116429507697,0.141746500012232,0.14077729999553412,35.59634387771504,35.84141163424794,hybrid_v3_top3,"[""raw|default|identity""]",True,video,1_10MiB,0
64d82f0eb41570cacc9e,5616481,5616558,8.000109677216036,0.4133243999967817,0.16881070000818,12.959055111010619,31.729586323758763,hybrid_v2,"[""raw|default|identity""]",True,video,1_10MiB,0
64d82f0eb41570cacc9e,5616481,5616558,8.000109677216036,0.08817189998808317,0.08940719999372959,60.748307329292196,59.90897465371184,hybrid_v3_top3,"[""raw|default|identity""]",True,video,1_10MiB,0
1dd1e1cbeb37c92a23c9,5624049,5624126,8.00010952962892,0.16419779998250306,0.11894630000460893,32.66493878774131,45.0918699051793,hybrid_v2,"[""raw|default|identity""]",True,video,1_10MiB,0
1dd1e1cbeb37c92a23c9,5624049,5624126,8.00010952962892,0.2830797999922652,0.18778629999724217,18.946993341300953,28.561780521736797,hybrid_v3_top3,"[""raw|default|identity""]",True,video,1_10MiB,0
7030656a47ddcae4e881,5639821,5639898,8.00010922332464,0.15111690000048839,0.1176504000031855,35.591998226612844,45.71639736612016,hybrid_v2,"[""raw|default|identity""]",True,video,1_10MiB,0
7030656a47ddcae4e881,5639821,5639898,8.00010922332464,0.07867240000632592,0.0829869999724906,68.36644663689087,64.81198788498864,hybrid_v3_top3,"[""raw|default|identity""]",True,video,1_10MiB,0
349a429b63ba827da16d,5697246,5697323,8.000108122415638,0.15889079999760725,0.12526319999597035,34.195291259972656,43.37520664187909,hybrid_v2,"[""raw|default|identity""]",True,video,1_10MiB,0
349a429b63ba827da16d,5697246,5697323,8.000108122415638,0.14433440001448616,0.12171940002008341,37.643951711462584,44.63805427525734,hybrid_v3_top3,"[""raw|default|identity""]",True,video,1_10MiB,0
769bc1050e1bcf06e990,5713249,5713326,8.000107819561164,0.0880126999982167,0.058313599991379306,61.90673430816336,93.43581660777542,hybrid_v2,"[""raw|default|identity""]",True,video,1_10MiB,0
769bc1050e1bcf06e990,5713249,5713326,8.000107819561164,0.08455690002301708,0.07229079998796806,64.43683286698713,75.37029380558165,hybrid_v3_top3,"[""raw|default|identity""]",True,video,1_10MiB,0
7e893633dd0f5d20713c,5777870,5777947,8.000106613682897,0.09374189999653026,0.11417879999498837,58.78061168738987,48.25945116585599,hybrid_v2,"[""raw|default|identity""]",True,video,1_10MiB,0
7e893633dd0f5d20713c,5777870,5777947,8.000106613682897,0.12973990000318736,0.09123449999606237,42.47117673436475,60.39608067969899,hybrid_v3_top3,"[""raw|default|identity""]",True,video,1_10MiB,0
a2d1deaf6beae2b754df,6051532,6051609,8.000101792405626,0.10904589999699965,0.0672119999944698,52.92441663069715,85.86548003013449,hybrid_v2,"[""raw|default|identity""]",True,video,1_10MiB,0
a2d1deaf6beae2b754df,6051532,6051609,8.000101792405626,0.09200119998422451,0.06088960001943633,62.729514879155225,94.781221119343,hybrid_v3_top3,"[""raw|default|identity""]",True,video,1_10MiB,0
adacdb3fb3b269d0e4ec,6543258,6543335,8.000094142703833,0.09335109998937696,0.06406229999265634,66.84588720357696,97.40732226184595,hybrid_v2,"[""raw|default|identity""]",True,video,1_10MiB,0
adacdb3fb3b269d0e4ec,6543258,6543335,8.000094142703833,0.19708459998946637,0.1383114000200294,31.662225767783198,45.116578238063305,hybrid_v3_top3,"[""raw|default|identity""]",True,video,1_10MiB,0
2d972416e5ea584e6e99,6548550,6548627,8.000094066625437,0.132802600011928,0.09343910001916811,47.02606684011624,66.83694452772994,hybrid_v2,"[""raw|default|identity""]",True,video,1_10MiB,0
2d972416e5ea584e6e99,6548550,6548627,8.000094066625437,0.16947900000377558,0.1317272000014782,36.849308436815306,47.40998020630566,hybrid_v3_top3,"[""raw|default|identity""]",True,video,1_10MiB,0
575ac6afd2f60f8f7362,6725526,6725603,8.000091591349138,0.09656740000355057,0.07076049997704104,66.41953092126984,90.64324605681892,hybrid_v2,"[""raw|default|identity""]",True,video,1_10MiB,0
575ac6afd2f60f8f7362,6725526,6725603,8.000091591349138,0.13098580000223592,0.10968150000553578,48.966845340586346,58.47806065926103,hybrid_v3_top3,"[""raw|default|identity""]",True,video,1_10MiB,0
ceb68a8868bcd038b876,7799429,7799506,8.000078980140726,0.21729649999178946,0.14934469998115674,34.23025736822789,49.805015650857186,hybrid_v2,"[""raw|default|identity""]",True,video,1_10MiB,0
ceb68a8868bcd038b876,7799429,7799506,8.000078980140726,0.16844399998080917,0.12257500001578592,44.157792030476045,60.6821547540376,hybrid_v3_top3,"[""raw|default|identity""]",True,video,1_10MiB,0
3195eee4a59ac79f4da4,8060169,8060246,8.000076425196543,0.15442190002067946,0.09380750000127591,49.777759243763164,81.9420212785683,hybrid_v2,"[""raw|default|identity""]",True,video,1_10MiB,0
3195eee4a59ac79f4da4,8060169,8060246,8.000076425196543,0.14470609999261796,0.0932928999827709,53.11991796880699,82.394010290316,hybrid_v3_top3,"[""raw|default|identity""]",True,video,1_10MiB,0
a8eee5cb651502b76851,8380018,8380095,8.000073508195328,0.111689799989108,0.07849829999031499,71.55360595507766,101.80867532937768,hybrid_v2,"[""raw|default|identity""]",True,video,1_10MiB,0
a8eee5cb651502b76851,8380018,8380095,8.000073508195328,0.11003089998848736,0.09859509998932481,72.6323963401032,81.05684702878102,hybrid_v3_top3,"[""raw|default|identity""]",True,video,1_10MiB,0
65aad6920755198ffc44,9151111,9151188,8.000067314231027,0.36597230000188574,0.29254510000464506,23.846557587111775,29.83191148012441,hybrid_v2,"[""raw|default|identity""]",True,video,1_10MiB,0
65aad6920755198ffc44,9151111,9151188,8.000067314231027,0.1187703000032343,0.12739170002168976,73.47947699925874,68.50665722960618,hybrid_v3_top3,"[""raw|default|identity""]",True,video,1_10MiB,0
c70842272825dd567ecc,16302081,16302960,8.000431355972283,1.1322105000144802,0.3265582000021823,13.731435941881374,47.608285302804894,hybrid_v2,"[""raw|default|identity""]",True,video,gt_10MiB,0
c70842272825dd567ecc,16302081,16302960,8.000431355972283,0.5391006999998353,0.1556845000013709,28.838537871828148,99.86142457044481,hybrid_v3_top3,"[""raw|default|identity""]",True,video,gt_10MiB,0
b4d46d60eb50f24fdd68,17215311,17216229,8.000426596998452,1.1682173000008333,0.17881079998915084,14.053720955539937,91.81660140574355,hybrid_v2,"[""raw|default|identity""]",True,video,gt_10MiB,0
b4d46d60eb50f24fdd68,17215311,17216229,8.000426596998452,0.2680779999936931,0.17320990000735037,61.242623229180495,94.78557489467569,hybrid_v3_top3,"[""raw|default|identity""]",True,video,gt_10MiB,0
c63e295b1deea7522a47,17230472,17231390,8.000426221638037,1.3896479999821167,0.29749890000675805,11.8247632538373,55.234686936939106,hybrid_v2,"[""raw|default|identity""]",True,video,gt_10MiB,0
c63e295b1deea7522a47,17230472,17231390,8.000426221638037,0.2828618999919854,0.20916490000672638,58.09286654166794,78.56126245573994,hybrid_v3_top3,"[""raw|default|identity""]",True,video,gt_10MiB,0
f256aca58bd68b60e728,20762946,20764046,8.000423831955253,1.7330838000052609,0.24550659998203628,11.425349618448788,80.65399600083553,hybrid_v2,"[""raw|default|identity""]",True,video,gt_10MiB,0
f256aca58bd68b60e728,20762946,20764046,8.000423831955253,0.4163025000016205,0.2589879999868572,47.56418309535207,76.45562085554052,hybrid_v3_top3,"[""raw|default|identity""]",True,video,gt_10MiB,0
e87d288b25a817ae2dc3,21431921,21433047,8.000420307633647,1.1547580999904312,0.2547504999965895,17.69987377366491,80.23172715743986,hybrid_v2,"[""raw|default|identity""]",True,video,gt_10MiB,0
e87d288b25a817ae2dc3,21431921,21433047,8.000420307633647,0.5823330999992322,0.15916799998376518,35.098593243239485,128.41194593782984,hybrid_v3_top3,"[""raw|default|identity""]",True,video,gt_10MiB,0
0cb4f04242bea81d03dc,25087286,25088594,8.000417103707433,1.433634200016968,0.4353709999995772,16.68842744282671,54.9533623658014,hybrid_v2,"[""raw|default|identity""]",True,video,gt_10MiB,0
0cb4f04242bea81d03dc,25087286,25088594,8.000417103707433,0.4558491999923717,0.2075413000129629,52.48468205480771,115.27874367677055,hybrid_v3_top3,"[""raw|default|identity""]",True,video,gt_10MiB,0
