path,bytes,sha256,cells,markdown_cells,code_cells,outputs,image_outputs,image_locations,headings,error
C:\Users\ss\Desktop\XAI\last-Pro-Report\iput\XAI_Compress_Model_Analysis.ipynb,383215,8858122f702f24c4d3f7347d39d189fc29c829842cf7659fb2093acd27bae187,24,10,14,20,9,4:0:image/png;6:1:image/png;9:1:image/png;11:0:image/png;13:0:image/png;14:0:image/png;15:0:image/png;16:0:image/png;21:0:image/png,# XAI-Compress — Analyse scientifique reproductible | ## 1. Objectif et principes | ## 2. CausalByteGRU : architecture réellement implémentée | ## 3. Données et biais d'échantillonnage | ## 4. Entraînement et comparaison des checkpoints | ## 5. Selector V2 | ## 6. Benchmark tenu à l'écart : Hybrid V1/V2/V3 Top-3/Brotli-11 | ## 7. Statistiques et exactitude | ## 8. Décision Hybrid V3 et sécurité | ## 9. Limites et conclusion équilibrée,
C:\Users\ss\Desktop\XAI\XAI\engines\XAI-Compress\.kaggle_activation_v2\XAI-Compress\notebooks\00_kaggle_setup.ipynb,4165,41b2772342066d7959374ae4ead4a031013a3699ae80288dc8d6231ef7b554e9,8,1,7,0,0,,# XAI-Compress: offline Kaggle GPU workflow,
C:\Users\ss\Desktop\XAI\XAI\engines\XAI-Compress\.kaggle_activation_v2\XAI-Compress\notebooks\01_project_introduction.ipynb,1634,e2b3de537d43bbf4d839110cb63710e97aa10046e093379a7593d4bf2cddc07e,4,3,1,0,0,,# Project Introduction | ## Reproduction | ## Interpretation,
C:\Users\ss\Desktop\XAI\XAI\engines\XAI-Compress\.kaggle_activation_v2\XAI-Compress\notebooks\02_dataset_analysis.ipynb,1687,a64bcf73ca2403bcc8bcc6d39699428f26e7daf4ed9f87d5761fe230c0168fb9,4,3,1,0,0,,# Dataset Analysis | ## Reproduction | ## Interpretation,
C:\Users\ss\Desktop\XAI\XAI\engines\XAI-Compress\.kaggle_activation_v2\XAI-Compress\notebooks\03_data_preprocessing.ipynb,1742,d0e79ea9eadcca0d64801900841afe4d5d7a9762d84fb733b281a94e33995e50,4,3,1,0,0,,# Data Preprocessing | ## Reproduction | ## Interpretation,
C:\Users\ss\Desktop\XAI\XAI\engines\XAI-Compress\.kaggle_activation_v2\XAI-Compress\notebooks\04_entropy_analysis.ipynb,1630,c8f4db425ee0af886205b62eb2f3a32a10e9886f5247910c128ad56b60f21175,4,3,1,0,0,,# Information Theory and Entropy | ## Reproduction | ## Interpretation,
C:\Users\ss\Desktop\XAI\XAI\engines\XAI-Compress\.kaggle_activation_v2\XAI-Compress\notebooks\05_baseline_model.ipynb,1658,e03537bde3612e3247a17a43adde109e8407883a2027d7dcd0bb6c05eec09aa7,4,3,1,0,0,,# Baseline Model | ## Reproduction | ## Interpretation,
C:\Users\ss\Desktop\XAI\XAI\engines\XAI-Compress\.kaggle_activation_v2\XAI-Compress\notebooks\06_model_architecture.ipynb,1724,100b91a148d3b236cee1cd42b9a4b86eba4b59f63e453e6c16c75745b3af30dd,4,3,1,0,0,,# Improved Architecture | ## Reproduction | ## Interpretation,
C:\Users\ss\Desktop\XAI\XAI\engines\XAI-Compress\.kaggle_activation_v2\XAI-Compress\notebooks\07_training_process.ipynb,1705,dcbba6b44484be817d61432c1ef1142f94319ac5b6ee2d502965f66a371cd48a,4,3,1,0,0,,# Training Process | ## Reproduction | ## Interpretation,
C:\Users\ss\Desktop\XAI\XAI\engines\XAI-Compress\.kaggle_activation_v2\XAI-Compress\notebooks\08_training_evolution.ipynb,1625,30eae3820b117198a6b53cd2bb05443dbf0c83f388de2dc8d01d53569937a54a,4,3,1,0,0,,# Training and Model Evolution | ## Reproduction | ## Interpretation,
C:\Users\ss\Desktop\XAI\XAI\engines\XAI-Compress\.kaggle_activation_v2\XAI-Compress\notebooks\09_model_comparison.ipynb,1694,2a3024b3c8dbc4bd1fa9b465ea07b1f16c391745e21d18d4b362d48c8d2fb0d9,4,3,1,0,0,,# Model Comparison | ## Reproduction | ## Interpretation,
C:\Users\ss\Desktop\XAI\XAI\engines\XAI-Compress\.kaggle_activation_v2\XAI-Compress\notebooks\10_compression_comparison.ipynb,1793,07ede12042e411f1ae173bf70b7a0400a41411fe430647268e30f4fcfd37ffec,4,3,1,0,0,,# Classical Compressor Comparison | ## Reproduction | ## Interpretation,
C:\Users\ss\Desktop\XAI\XAI\engines\XAI-Compress\.kaggle_activation_v2\XAI-Compress\notebooks\11_speed_benchmark.ipynb,1585,1ff9c45b79aa140df261cf1864958697c76da455a1a36acad79556139fb12b9b,4,3,1,0,0,,# Speed Benchmark | ## Reproduction | ## Interpretation,
C:\Users\ss\Desktop\XAI\XAI\engines\XAI-Compress\.kaggle_activation_v2\XAI-Compress\notebooks\12_memory_gpu_benchmark.ipynb,1515,0df99fdcef5e9bbf8c47a859fbfb4788281b32f50d02a691a35f33af44fa1c01,4,3,1,0,0,,# Hardware and Memory Benchmark | ## Reproduction | ## Interpretation,
C:\Users\ss\Desktop\XAI\XAI\engines\XAI-Compress\.kaggle_activation_v2\XAI-Compress\notebooks\13_ablation_study.ipynb,1605,5d88283da68155bbe44595e897f46308c335af081880604b21db3be26281a4ba,4,3,1,0,0,,# Ablation Study | ## Reproduction | ## Interpretation,
C:\Users\ss\Desktop\XAI\XAI\engines\XAI-Compress\.kaggle_activation_v2\XAI-Compress\notebooks\14_error_analysis.ipynb,1713,2e4d9c8b244c290419affc9da765f258c1a2c73ee2e28b8249a7a6886edd39a8,4,3,1,0,0,,# Error Analysis | ## Reproduction | ## Interpretation,
C:\Users\ss\Desktop\XAI\XAI\engines\XAI-Compress\.kaggle_activation_v2\XAI-Compress\notebooks\15_final_results.ipynb,1642,a274f87133c6503d7b248827f980f8769ed18b5d02a1e66f82cc2109b2a2cac9,4,3,1,0,0,,# Final Results | ## Reproduction | ## Interpretation,
C:\Users\ss\Desktop\XAI\XAI\engines\XAI-Compress\.kaggle_activation_v2\XAI-Compress\notebooks\16_complete_pipeline.ipynb,1650,3d009bfb870a03137d7b6d833d113c1dd54d2b69d8666f19679d3c127bd2a5b7,4,3,1,0,0,,# Complete End-to-End Pipeline | ## Reproduction | ## Interpretation,
C:\Users\ss\Desktop\XAI\XAI\engines\XAI-Compress\.kaggle_activation_v2\XAI-Compress\notebooks\PhD_Interview_XAI_Compress_Visual_Explanation.ipynb,254248,1be2e6a47458b26ac08a42881a8994d45a91605bd2c3b285b808dbbf522ba5af,41,24,17,20,6,4:0:image/png;9:0:image/png;13:1:image/png;15:1:image/png;17:2:image/png;19:0:image/png,# XAI-Compress — PhD Interview Visual Explanation Notebook | ## 0. Interview story in 60 seconds | # 1. System architecture | ### Interview explanation | # 2. Information theory foundation | # 3. Data Engineering Pipeline | # 4. Dataset overview from real project measurements | # 5. Byte-level visualization | # 6. Byte frequency distribution | # 7. Local entropy by chunk | # 8. XAIC v3 streaming architecture | # 9. Training and GPU engineering | # 10. Benchmark methodology | # 11. Compression ratio comparison | # 12. Pareto analysis | # 13. Streaming memory scaling | # 14. Profiling and Amdahl's Law | # 15. Model evolution | # 16. How to explain the model in a PhD interview | # 17. Existing solutions — how to compare fairly,
C:\Users\ss\Desktop\XAI\XAI\engines\XAI-Compress\.kaggle_activation_v2\XAI-Compress\notebooks\XAI_Compress_Final_Research_Analysis.ipynb,5275,9d6eefc011e53dd19405ea32af04e5c1689c4bc6dddc960df98c86faeed03477,14,8,6,0,0,,"# XAI-Compress Final Research Analysis | ## Problem → theory → architecture | ## Pipeline and experiment evolution | ## Dataset engineering | ## Training and hardware evidence | ## Rust optimization and Amdahl’s law | ## Losslessness, model comparison and Pareto frontier | ## Limitations and next research",
C:\Users\ss\Desktop\XAI\XAI\engines\XAI-Compress\.kaggle_activation_v2\XAI-Compress\notebooks\xai_compress_research.ipynb,4200,3ea3789908b008585b8bd183267fc35372c2fa526600ecbb30575ca727aeab57,8,5,3,0,0,,"# XAI-Compress Research Notebook | ## 1–4. Dataset analysis, statistics, distribution, entropy | ## 5. Model architecture | ## 6–10. Training, loss, validation, BPB, ratio | ## 11–20. Speed, GPU, model comparison, classical codecs, errors, conclusions",
C:\Users\ss\Desktop\XAI\XAI\engines\XAI-Compress\.kaggle_activation_v2\XAI-Compress\notebooks\XAI_Compress_Three_Model_Final_Analysis.ipynb,2370,5f2c48b04d42fd40d6f4a22f3c98148ce9d00d1fd43da55b33825bd44b15bcf6,8,6,2,0,0,,"# XAI-Compress Three-Mode Final Analysis | ## 1–7. Problem, lossless theory, and old architecture | ## 8–14. Lossless V2 | ## 15–18. Lossy V1 | ## 19–27. Three-mode application and benchmark | ## 28–30. Limitations, future work, conclusion",
C:\Users\ss\Desktop\XAI\XAI\engines\XAI-Compress\.kaggle_activation_v2\XAI-Compress\XAI_Compress_Complete_Analysis.ipynb,265021,5e8e132359c8914a490fa39e23c5e0c6e29ad6bcf6ffc79b94c8ad40ccc72338,32,18,14,21,8,4:0:image/png;6:0:image/png;8:1:image/png;15:1:image/png;18:1:image/png;22:1:image/png;28:1:image/png;28:2:image/png,"# XAI-Compress — End-to-End Development, Training & Benchmark Analysis | ### Objective | ## 1. Executive summary | ## 2. Project architecture | ## 3. Initial model: CausalByteGRU | ## 4. Why the first V2 attempt was not accepted | ## 5. Profiling: where the time went | ### Optimization pass | ## 6. Correctness is non-negotiable | ## 7. Dataset audit | ## 8. Training methodology | ### Selection rule | ## 9. Recorded training experiments | ### Valid evidence | ### Invalid context comparison | ## 10. Model inventory | ## 11. Real README benchmark | ## 12. Quantitative interpretation of the README result | ## 13. Reproducible benchmark runner | ## 14. How the final model should be selected",
C:\Users\ss\Desktop\XAI\XAI\engines\XAI-Compress\.kaggle_build\XAI_Compress_Complete_Analysis.ipynb,265021,5e8e132359c8914a490fa39e23c5e0c6e29ad6bcf6ffc79b94c8ad40ccc72338,32,18,14,21,8,4:0:image/png;6:0:image/png;8:1:image/png;15:1:image/png;18:1:image/png;22:1:image/png;28:1:image/png;28:2:image/png,"# XAI-Compress — End-to-End Development, Training & Benchmark Analysis | ### Objective | ## 1. Executive summary | ## 2. Project architecture | ## 3. Initial model: CausalByteGRU | ## 4. Why the first V2 attempt was not accepted | ## 5. Profiling: where the time went | ### Optimization pass | ## 6. Correctness is non-negotiable | ## 7. Dataset audit | ## 8. Training methodology | ### Selection rule | ## 9. Recorded training experiments | ### Valid evidence | ### Invalid context comparison | ## 10. Model inventory | ## 11. Real README benchmark | ## 12. Quantitative interpretation of the README result | ## 13. Reproducible benchmark runner | ## 14. How the final model should be selected",
C:\Users\ss\Desktop\XAI\XAI\engines\XAI-Compress\.kaggle_build_auto\notebooks\00_kaggle_setup.ipynb,4165,41b2772342066d7959374ae4ead4a031013a3699ae80288dc8d6231ef7b554e9,8,1,7,0,0,,# XAI-Compress: offline Kaggle GPU workflow,
C:\Users\ss\Desktop\XAI\XAI\engines\XAI-Compress\.kaggle_build_auto\notebooks\01_project_introduction.ipynb,1634,e2b3de537d43bbf4d839110cb63710e97aa10046e093379a7593d4bf2cddc07e,4,3,1,0,0,,# Project Introduction | ## Reproduction | ## Interpretation,
C:\Users\ss\Desktop\XAI\XAI\engines\XAI-Compress\.kaggle_build_auto\notebooks\02_dataset_analysis.ipynb,1687,a64bcf73ca2403bcc8bcc6d39699428f26e7daf4ed9f87d5761fe230c0168fb9,4,3,1,0,0,,# Dataset Analysis | ## Reproduction | ## Interpretation,
C:\Users\ss\Desktop\XAI\XAI\engines\XAI-Compress\.kaggle_build_auto\notebooks\03_data_preprocessing.ipynb,1742,d0e79ea9eadcca0d64801900841afe4d5d7a9762d84fb733b281a94e33995e50,4,3,1,0,0,,# Data Preprocessing | ## Reproduction | ## Interpretation,
C:\Users\ss\Desktop\XAI\XAI\engines\XAI-Compress\.kaggle_build_auto\notebooks\04_entropy_analysis.ipynb,1630,c8f4db425ee0af886205b62eb2f3a32a10e9886f5247910c128ad56b60f21175,4,3,1,0,0,,# Information Theory and Entropy | ## Reproduction | ## Interpretation,
C:\Users\ss\Desktop\XAI\XAI\engines\XAI-Compress\.kaggle_build_auto\notebooks\05_baseline_model.ipynb,1658,e03537bde3612e3247a17a43adde109e8407883a2027d7dcd0bb6c05eec09aa7,4,3,1,0,0,,# Baseline Model | ## Reproduction | ## Interpretation,
C:\Users\ss\Desktop\XAI\XAI\engines\XAI-Compress\.kaggle_build_auto\notebooks\06_model_architecture.ipynb,1724,100b91a148d3b236cee1cd42b9a4b86eba4b59f63e453e6c16c75745b3af30dd,4,3,1,0,0,,# Improved Architecture | ## Reproduction | ## Interpretation,
C:\Users\ss\Desktop\XAI\XAI\engines\XAI-Compress\.kaggle_build_auto\notebooks\07_training_process.ipynb,1705,dcbba6b44484be817d61432c1ef1142f94319ac5b6ee2d502965f66a371cd48a,4,3,1,0,0,,# Training Process | ## Reproduction | ## Interpretation,
C:\Users\ss\Desktop\XAI\XAI\engines\XAI-Compress\.kaggle_build_auto\notebooks\08_training_evolution.ipynb,1625,30eae3820b117198a6b53cd2bb05443dbf0c83f388de2dc8d01d53569937a54a,4,3,1,0,0,,# Training and Model Evolution | ## Reproduction | ## Interpretation,
C:\Users\ss\Desktop\XAI\XAI\engines\XAI-Compress\.kaggle_build_auto\notebooks\09_model_comparison.ipynb,1694,2a3024b3c8dbc4bd1fa9b465ea07b1f16c391745e21d18d4b362d48c8d2fb0d9,4,3,1,0,0,,# Model Comparison | ## Reproduction | ## Interpretation,
C:\Users\ss\Desktop\XAI\XAI\engines\XAI-Compress\.kaggle_build_auto\notebooks\10_compression_comparison.ipynb,1793,07ede12042e411f1ae173bf70b7a0400a41411fe430647268e30f4fcfd37ffec,4,3,1,0,0,,# Classical Compressor Comparison | ## Reproduction | ## Interpretation,
C:\Users\ss\Desktop\XAI\XAI\engines\XAI-Compress\.kaggle_build_auto\notebooks\11_speed_benchmark.ipynb,1585,1ff9c45b79aa140df261cf1864958697c76da455a1a36acad79556139fb12b9b,4,3,1,0,0,,# Speed Benchmark | ## Reproduction | ## Interpretation,
C:\Users\ss\Desktop\XAI\XAI\engines\XAI-Compress\.kaggle_build_auto\notebooks\12_memory_gpu_benchmark.ipynb,1515,0df99fdcef5e9bbf8c47a859fbfb4788281b32f50d02a691a35f33af44fa1c01,4,3,1,0,0,,# Hardware and Memory Benchmark | ## Reproduction | ## Interpretation,
C:\Users\ss\Desktop\XAI\XAI\engines\XAI-Compress\.kaggle_build_auto\notebooks\13_ablation_study.ipynb,1605,5d88283da68155bbe44595e897f46308c335af081880604b21db3be26281a4ba,4,3,1,0,0,,# Ablation Study | ## Reproduction | ## Interpretation,
C:\Users\ss\Desktop\XAI\XAI\engines\XAI-Compress\.kaggle_build_auto\notebooks\14_error_analysis.ipynb,1713,2e4d9c8b244c290419affc9da765f258c1a2c73ee2e28b8249a7a6886edd39a8,4,3,1,0,0,,# Error Analysis | ## Reproduction | ## Interpretation,
C:\Users\ss\Desktop\XAI\XAI\engines\XAI-Compress\.kaggle_build_auto\notebooks\15_final_results.ipynb,1642,a274f87133c6503d7b248827f980f8769ed18b5d02a1e66f82cc2109b2a2cac9,4,3,1,0,0,,# Final Results | ## Reproduction | ## Interpretation,
C:\Users\ss\Desktop\XAI\XAI\engines\XAI-Compress\.kaggle_build_auto\notebooks\16_complete_pipeline.ipynb,1650,3d009bfb870a03137d7b6d833d113c1dd54d2b69d8666f19679d3c127bd2a5b7,4,3,1,0,0,,# Complete End-to-End Pipeline | ## Reproduction | ## Interpretation,
C:\Users\ss\Desktop\XAI\XAI\engines\XAI-Compress\.kaggle_build_auto\notebooks\PhD_Interview_XAI_Compress_Visual_Explanation.ipynb,254248,1be2e6a47458b26ac08a42881a8994d45a91605bd2c3b285b808dbbf522ba5af,41,24,17,20,6,4:0:image/png;9:0:image/png;13:1:image/png;15:1:image/png;17:2:image/png;19:0:image/png,# XAI-Compress — PhD Interview Visual Explanation Notebook | ## 0. Interview story in 60 seconds | # 1. System architecture | ### Interview explanation | # 2. Information theory foundation | # 3. Data Engineering Pipeline | # 4. Dataset overview from real project measurements | # 5. Byte-level visualization | # 6. Byte frequency distribution | # 7. Local entropy by chunk | # 8. XAIC v3 streaming architecture | # 9. Training and GPU engineering | # 10. Benchmark methodology | # 11. Compression ratio comparison | # 12. Pareto analysis | # 13. Streaming memory scaling | # 14. Profiling and Amdahl's Law | # 15. Model evolution | # 16. How to explain the model in a PhD interview | # 17. Existing solutions — how to compare fairly,
C:\Users\ss\Desktop\XAI\XAI\engines\XAI-Compress\.kaggle_build_auto\notebooks\XAI_Compress_Final_Project.ipynb,6571,f03da3e13b97280aa1c95cbd44803e354fa687009dc9d6042a379be332ba11e8,25,24,1,0,0,,## Problem definition | ## Lossless information theory | ## Entropy | ## Cross entropy | ## Autoregressive probability | ## Bits per byte | ## rANS | ## Probability quantization | ## GRU architecture | ## Transformer architecture | ## Numerical stability problem | ## Mathematical stabilization | ## Streaming XAIC | ## Lossy autoencoder | ## Quantized latent | ## Latent entropy model | ## Rate-distortion theory | ## PSNR and SSIM | ## Benchmark methodology | ## Measured results,
C:\Users\ss\Desktop\XAI\XAI\engines\XAI-Compress\.kaggle_build_auto\notebooks\XAI_Compress_Final_Research_Analysis.ipynb,5275,9d6eefc011e53dd19405ea32af04e5c1689c4bc6dddc960df98c86faeed03477,14,8,6,0,0,,"# XAI-Compress Final Research Analysis | ## Problem → theory → architecture | ## Pipeline and experiment evolution | ## Dataset engineering | ## Training and hardware evidence | ## Rust optimization and Amdahl’s law | ## Losslessness, model comparison and Pareto frontier | ## Limitations and next research",
C:\Users\ss\Desktop\XAI\XAI\engines\XAI-Compress\.kaggle_build_auto\notebooks\xai_compress_research.ipynb,4200,3ea3789908b008585b8bd183267fc35372c2fa526600ecbb30575ca727aeab57,8,5,3,0,0,,"# XAI-Compress Research Notebook | ## 1–4. Dataset analysis, statistics, distribution, entropy | ## 5. Model architecture | ## 6–10. Training, loss, validation, BPB, ratio | ## 11–20. Speed, GPU, model comparison, classical codecs, errors, conclusions",
C:\Users\ss\Desktop\XAI\XAI\engines\XAI-Compress\.kaggle_build_auto\notebooks\XAI_Compress_Three_Model_Final_Analysis.ipynb,2370,5f2c48b04d42fd40d6f4a22f3c98148ce9d00d1fd43da55b33825bd44b15bcf6,8,6,2,0,0,,"# XAI-Compress Three-Mode Final Analysis | ## 1–7. Problem, lossless theory, and old architecture | ## 8–14. Lossless V2 | ## 15–18. Lossy V1 | ## 19–27. Three-mode application and benchmark | ## 28–30. Limitations, future work, conclusion",
C:\Users\ss\Desktop\XAI\XAI\engines\XAI-Compress\.kaggle_build_auto\XAI_Compress_Complete_Analysis.ipynb,265021,5e8e132359c8914a490fa39e23c5e0c6e29ad6bcf6ffc79b94c8ad40ccc72338,32,18,14,21,8,4:0:image/png;6:0:image/png;8:1:image/png;15:1:image/png;18:1:image/png;22:1:image/png;28:1:image/png;28:2:image/png,"# XAI-Compress — End-to-End Development, Training & Benchmark Analysis | ### Objective | ## 1. Executive summary | ## 2. Project architecture | ## 3. Initial model: CausalByteGRU | ## 4. Why the first V2 attempt was not accepted | ## 5. Profiling: where the time went | ### Optimization pass | ## 6. Correctness is non-negotiable | ## 7. Dataset audit | ## 8. Training methodology | ### Selection rule | ## 9. Recorded training experiments | ### Valid evidence | ### Invalid context comparison | ## 10. Model inventory | ## 11. Real README benchmark | ## 12. Quantitative interpretation of the README result | ## 13. Reproducible benchmark runner | ## 14. How the final model should be selected",
C:\Users\ss\Desktop\XAI\XAI\engines\XAI-Compress\.kaggle_kernel_output_safe_training_v1\XAI-Compress\notebooks\00_kaggle_setup.ipynb,4165,41b2772342066d7959374ae4ead4a031013a3699ae80288dc8d6231ef7b554e9,8,1,7,0,0,,# XAI-Compress: offline Kaggle GPU workflow,
C:\Users\ss\Desktop\XAI\XAI\engines\XAI-Compress\.kaggle_kernel_output_safe_training_v1\XAI-Compress\notebooks\01_project_introduction.ipynb,1634,e2b3de537d43bbf4d839110cb63710e97aa10046e093379a7593d4bf2cddc07e,4,3,1,0,0,,# Project Introduction | ## Reproduction | ## Interpretation,
C:\Users\ss\Desktop\XAI\XAI\engines\XAI-Compress\.kaggle_kernel_output_safe_training_v1\XAI-Compress\notebooks\02_dataset_analysis.ipynb,1687,a64bcf73ca2403bcc8bcc6d39699428f26e7daf4ed9f87d5761fe230c0168fb9,4,3,1,0,0,,# Dataset Analysis | ## Reproduction | ## Interpretation,
C:\Users\ss\Desktop\XAI\XAI\engines\XAI-Compress\.kaggle_kernel_output_safe_training_v1\XAI-Compress\notebooks\03_data_preprocessing.ipynb,1742,d0e79ea9eadcca0d64801900841afe4d5d7a9762d84fb733b281a94e33995e50,4,3,1,0,0,,# Data Preprocessing | ## Reproduction | ## Interpretation,
C:\Users\ss\Desktop\XAI\XAI\engines\XAI-Compress\.kaggle_kernel_output_safe_training_v1\XAI-Compress\notebooks\04_entropy_analysis.ipynb,1630,c8f4db425ee0af886205b62eb2f3a32a10e9886f5247910c128ad56b60f21175,4,3,1,0,0,,# Information Theory and Entropy | ## Reproduction | ## Interpretation,
C:\Users\ss\Desktop\XAI\XAI\engines\XAI-Compress\.kaggle_kernel_output_safe_training_v1\XAI-Compress\notebooks\05_baseline_model.ipynb,1658,e03537bde3612e3247a17a43adde109e8407883a2027d7dcd0bb6c05eec09aa7,4,3,1,0,0,,# Baseline Model | ## Reproduction | ## Interpretation,
C:\Users\ss\Desktop\XAI\XAI\engines\XAI-Compress\.kaggle_kernel_output_safe_training_v1\XAI-Compress\notebooks\06_model_architecture.ipynb,1724,100b91a148d3b236cee1cd42b9a4b86eba4b59f63e453e6c16c75745b3af30dd,4,3,1,0,0,,# Improved Architecture | ## Reproduction | ## Interpretation,
C:\Users\ss\Desktop\XAI\XAI\engines\XAI-Compress\.kaggle_kernel_output_safe_training_v1\XAI-Compress\notebooks\07_training_process.ipynb,1705,dcbba6b44484be817d61432c1ef1142f94319ac5b6ee2d502965f66a371cd48a,4,3,1,0,0,,# Training Process | ## Reproduction | ## Interpretation,
C:\Users\ss\Desktop\XAI\XAI\engines\XAI-Compress\.kaggle_kernel_output_safe_training_v1\XAI-Compress\notebooks\08_training_evolution.ipynb,1625,30eae3820b117198a6b53cd2bb05443dbf0c83f388de2dc8d01d53569937a54a,4,3,1,0,0,,# Training and Model Evolution | ## Reproduction | ## Interpretation,
C:\Users\ss\Desktop\XAI\XAI\engines\XAI-Compress\.kaggle_kernel_output_safe_training_v1\XAI-Compress\notebooks\09_model_comparison.ipynb,1694,2a3024b3c8dbc4bd1fa9b465ea07b1f16c391745e21d18d4b362d48c8d2fb0d9,4,3,1,0,0,,# Model Comparison | ## Reproduction | ## Interpretation,
C:\Users\ss\Desktop\XAI\XAI\engines\XAI-Compress\.kaggle_kernel_output_safe_training_v1\XAI-Compress\notebooks\10_compression_comparison.ipynb,1793,07ede12042e411f1ae173bf70b7a0400a41411fe430647268e30f4fcfd37ffec,4,3,1,0,0,,# Classical Compressor Comparison | ## Reproduction | ## Interpretation,
C:\Users\ss\Desktop\XAI\XAI\engines\XAI-Compress\.kaggle_kernel_output_safe_training_v1\XAI-Compress\notebooks\11_speed_benchmark.ipynb,1585,1ff9c45b79aa140df261cf1864958697c76da455a1a36acad79556139fb12b9b,4,3,1,0,0,,# Speed Benchmark | ## Reproduction | ## Interpretation,
C:\Users\ss\Desktop\XAI\XAI\engines\XAI-Compress\.kaggle_kernel_output_safe_training_v1\XAI-Compress\notebooks\12_memory_gpu_benchmark.ipynb,1515,0df99fdcef5e9bbf8c47a859fbfb4788281b32f50d02a691a35f33af44fa1c01,4,3,1,0,0,,# Hardware and Memory Benchmark | ## Reproduction | ## Interpretation,
C:\Users\ss\Desktop\XAI\XAI\engines\XAI-Compress\.kaggle_kernel_output_safe_training_v1\XAI-Compress\notebooks\13_ablation_study.ipynb,1605,5d88283da68155bbe44595e897f46308c335af081880604b21db3be26281a4ba,4,3,1,0,0,,# Ablation Study | ## Reproduction | ## Interpretation,
C:\Users\ss\Desktop\XAI\XAI\engines\XAI-Compress\.kaggle_kernel_output_safe_training_v1\XAI-Compress\notebooks\14_error_analysis.ipynb,1713,2e4d9c8b244c290419affc9da765f258c1a2c73ee2e28b8249a7a6886edd39a8,4,3,1,0,0,,# Error Analysis | ## Reproduction | ## Interpretation,
C:\Users\ss\Desktop\XAI\XAI\engines\XAI-Compress\.kaggle_kernel_output_safe_training_v1\XAI-Compress\notebooks\15_final_results.ipynb,1642,a274f87133c6503d7b248827f980f8769ed18b5d02a1e66f82cc2109b2a2cac9,4,3,1,0,0,,# Final Results | ## Reproduction | ## Interpretation,
C:\Users\ss\Desktop\XAI\XAI\engines\XAI-Compress\.kaggle_kernel_output_safe_training_v1\XAI-Compress\notebooks\16_complete_pipeline.ipynb,1650,3d009bfb870a03137d7b6d833d113c1dd54d2b69d8666f19679d3c127bd2a5b7,4,3,1,0,0,,# Complete End-to-End Pipeline | ## Reproduction | ## Interpretation,
C:\Users\ss\Desktop\XAI\XAI\engines\XAI-Compress\.kaggle_kernel_output_safe_training_v1\XAI-Compress\notebooks\PhD_Interview_XAI_Compress_Visual_Explanation.ipynb,254248,1be2e6a47458b26ac08a42881a8994d45a91605bd2c3b285b808dbbf522ba5af,41,24,17,20,6,4:0:image/png;9:0:image/png;13:1:image/png;15:1:image/png;17:2:image/png;19:0:image/png,# XAI-Compress — PhD Interview Visual Explanation Notebook | ## 0. Interview story in 60 seconds | # 1. System architecture | ### Interview explanation | # 2. Information theory foundation | # 3. Data Engineering Pipeline | # 4. Dataset overview from real project measurements | # 5. Byte-level visualization | # 6. Byte frequency distribution | # 7. Local entropy by chunk | # 8. XAIC v3 streaming architecture | # 9. Training and GPU engineering | # 10. Benchmark methodology | # 11. Compression ratio comparison | # 12. Pareto analysis | # 13. Streaming memory scaling | # 14. Profiling and Amdahl's Law | # 15. Model evolution | # 16. How to explain the model in a PhD interview | # 17. Existing solutions — how to compare fairly,
C:\Users\ss\Desktop\XAI\XAI\engines\XAI-Compress\.kaggle_kernel_output_safe_training_v1\XAI-Compress\notebooks\XAI_Compress_Final_Project.ipynb,6571,f03da3e13b97280aa1c95cbd44803e354fa687009dc9d6042a379be332ba11e8,25,24,1,0,0,,## Problem definition | ## Lossless information theory | ## Entropy | ## Cross entropy | ## Autoregressive probability | ## Bits per byte | ## rANS | ## Probability quantization | ## GRU architecture | ## Transformer architecture | ## Numerical stability problem | ## Mathematical stabilization | ## Streaming XAIC | ## Lossy autoencoder | ## Quantized latent | ## Latent entropy model | ## Rate-distortion theory | ## PSNR and SSIM | ## Benchmark methodology | ## Measured results,
C:\Users\ss\Desktop\XAI\XAI\engines\XAI-Compress\.kaggle_kernel_output_safe_training_v1\XAI-Compress\notebooks\XAI_Compress_Final_Research_Analysis.ipynb,5275,9d6eefc011e53dd19405ea32af04e5c1689c4bc6dddc960df98c86faeed03477,14,8,6,0,0,,"# XAI-Compress Final Research Analysis | ## Problem → theory → architecture | ## Pipeline and experiment evolution | ## Dataset engineering | ## Training and hardware evidence | ## Rust optimization and Amdahl’s law | ## Losslessness, model comparison and Pareto frontier | ## Limitations and next research",
C:\Users\ss\Desktop\XAI\XAI\engines\XAI-Compress\.kaggle_kernel_output_safe_training_v1\XAI-Compress\notebooks\xai_compress_research.ipynb,4200,3ea3789908b008585b8bd183267fc35372c2fa526600ecbb30575ca727aeab57,8,5,3,0,0,,"# XAI-Compress Research Notebook | ## 1–4. Dataset analysis, statistics, distribution, entropy | ## 5. Model architecture | ## 6–10. Training, loss, validation, BPB, ratio | ## 11–20. Speed, GPU, model comparison, classical codecs, errors, conclusions",
C:\Users\ss\Desktop\XAI\XAI\engines\XAI-Compress\.kaggle_kernel_output_safe_training_v1\XAI-Compress\notebooks\XAI_Compress_Three_Model_Final_Analysis.ipynb,2370,5f2c48b04d42fd40d6f4a22f3c98148ce9d00d1fd43da55b33825bd44b15bcf6,8,6,2,0,0,,"# XAI-Compress Three-Mode Final Analysis | ## 1–7. Problem, lossless theory, and old architecture | ## 8–14. Lossless V2 | ## 15–18. Lossy V1 | ## 19–27. Three-mode application and benchmark | ## 28–30. Limitations, future work, conclusion",
C:\Users\ss\Desktop\XAI\XAI\engines\XAI-Compress\.kaggle_kernel_output_safe_training_v1\XAI-Compress\XAI_Compress_Complete_Analysis.ipynb,265021,5e8e132359c8914a490fa39e23c5e0c6e29ad6bcf6ffc79b94c8ad40ccc72338,32,18,14,21,8,4:0:image/png;6:0:image/png;8:1:image/png;15:1:image/png;18:1:image/png;22:1:image/png;28:1:image/png;28:2:image/png,"# XAI-Compress — End-to-End Development, Training & Benchmark Analysis | ### Objective | ## 1. Executive summary | ## 2. Project architecture | ## 3. Initial model: CausalByteGRU | ## 4. Why the first V2 attempt was not accepted | ## 5. Profiling: where the time went | ### Optimization pass | ## 6. Correctness is non-negotiable | ## 7. Dataset audit | ## 8. Training methodology | ### Selection rule | ## 9. Recorded training experiments | ### Valid evidence | ### Invalid context comparison | ## 10. Model inventory | ## 11. Real README benchmark | ## 12. Quantitative interpretation of the README result | ## 13. Reproducible benchmark runner | ## 14. How the final model should be selected",
C:\Users\ss\Desktop\XAI\XAI\engines\XAI-Compress\.kaggle_kernel_output_v10\XAI-Compress\notebooks\00_kaggle_setup.ipynb,4165,41b2772342066d7959374ae4ead4a031013a3699ae80288dc8d6231ef7b554e9,8,1,7,0,0,,# XAI-Compress: offline Kaggle GPU workflow,
C:\Users\ss\Desktop\XAI\XAI\engines\XAI-Compress\.kaggle_kernel_output_v10\XAI-Compress\notebooks\01_project_introduction.ipynb,1634,e2b3de537d43bbf4d839110cb63710e97aa10046e093379a7593d4bf2cddc07e,4,3,1,0,0,,# Project Introduction | ## Reproduction | ## Interpretation,
C:\Users\ss\Desktop\XAI\XAI\engines\XAI-Compress\.kaggle_kernel_output_v10\XAI-Compress\notebooks\02_dataset_analysis.ipynb,1687,a64bcf73ca2403bcc8bcc6d39699428f26e7daf4ed9f87d5761fe230c0168fb9,4,3,1,0,0,,# Dataset Analysis | ## Reproduction | ## Interpretation,
C:\Users\ss\Desktop\XAI\XAI\engines\XAI-Compress\.kaggle_kernel_output_v10\XAI-Compress\notebooks\03_data_preprocessing.ipynb,1742,d0e79ea9eadcca0d64801900841afe4d5d7a9762d84fb733b281a94e33995e50,4,3,1,0,0,,# Data Preprocessing | ## Reproduction | ## Interpretation,
C:\Users\ss\Desktop\XAI\XAI\engines\XAI-Compress\.kaggle_kernel_output_v10\XAI-Compress\notebooks\04_entropy_analysis.ipynb,1630,c8f4db425ee0af886205b62eb2f3a32a10e9886f5247910c128ad56b60f21175,4,3,1,0,0,,# Information Theory and Entropy | ## Reproduction | ## Interpretation,
C:\Users\ss\Desktop\XAI\XAI\engines\XAI-Compress\.kaggle_kernel_output_v10\XAI-Compress\notebooks\05_baseline_model.ipynb,1658,e03537bde3612e3247a17a43adde109e8407883a2027d7dcd0bb6c05eec09aa7,4,3,1,0,0,,# Baseline Model | ## Reproduction | ## Interpretation,
C:\Users\ss\Desktop\XAI\XAI\engines\XAI-Compress\.kaggle_kernel_output_v10\XAI-Compress\notebooks\06_model_architecture.ipynb,1724,100b91a148d3b236cee1cd42b9a4b86eba4b59f63e453e6c16c75745b3af30dd,4,3,1,0,0,,# Improved Architecture | ## Reproduction | ## Interpretation,
C:\Users\ss\Desktop\XAI\XAI\engines\XAI-Compress\.kaggle_kernel_output_v10\XAI-Compress\notebooks\07_training_process.ipynb,1705,dcbba6b44484be817d61432c1ef1142f94319ac5b6ee2d502965f66a371cd48a,4,3,1,0,0,,# Training Process | ## Reproduction | ## Interpretation,
C:\Users\ss\Desktop\XAI\XAI\engines\XAI-Compress\.kaggle_kernel_output_v10\XAI-Compress\notebooks\08_training_evolution.ipynb,1625,30eae3820b117198a6b53cd2bb05443dbf0c83f388de2dc8d01d53569937a54a,4,3,1,0,0,,# Training and Model Evolution | ## Reproduction | ## Interpretation,
C:\Users\ss\Desktop\XAI\XAI\engines\XAI-Compress\.kaggle_kernel_output_v10\XAI-Compress\notebooks\09_model_comparison.ipynb,1694,2a3024b3c8dbc4bd1fa9b465ea07b1f16c391745e21d18d4b362d48c8d2fb0d9,4,3,1,0,0,,# Model Comparison | ## Reproduction | ## Interpretation,
C:\Users\ss\Desktop\XAI\XAI\engines\XAI-Compress\.kaggle_kernel_output_v10\XAI-Compress\notebooks\10_compression_comparison.ipynb,1793,07ede12042e411f1ae173bf70b7a0400a41411fe430647268e30f4fcfd37ffec,4,3,1,0,0,,# Classical Compressor Comparison | ## Reproduction | ## Interpretation,
C:\Users\ss\Desktop\XAI\XAI\engines\XAI-Compress\.kaggle_kernel_output_v10\XAI-Compress\notebooks\11_speed_benchmark.ipynb,1585,1ff9c45b79aa140df261cf1864958697c76da455a1a36acad79556139fb12b9b,4,3,1,0,0,,# Speed Benchmark | ## Reproduction | ## Interpretation,
C:\Users\ss\Desktop\XAI\XAI\engines\XAI-Compress\.kaggle_kernel_output_v10\XAI-Compress\notebooks\12_memory_gpu_benchmark.ipynb,1515,0df99fdcef5e9bbf8c47a859fbfb4788281b32f50d02a691a35f33af44fa1c01,4,3,1,0,0,,# Hardware and Memory Benchmark | ## Reproduction | ## Interpretation,
C:\Users\ss\Desktop\XAI\XAI\engines\XAI-Compress\.kaggle_kernel_output_v10\XAI-Compress\notebooks\13_ablation_study.ipynb,1605,5d88283da68155bbe44595e897f46308c335af081880604b21db3be26281a4ba,4,3,1,0,0,,# Ablation Study | ## Reproduction | ## Interpretation,
C:\Users\ss\Desktop\XAI\XAI\engines\XAI-Compress\.kaggle_kernel_output_v10\XAI-Compress\notebooks\14_error_analysis.ipynb,1713,2e4d9c8b244c290419affc9da765f258c1a2c73ee2e28b8249a7a6886edd39a8,4,3,1,0,0,,# Error Analysis | ## Reproduction | ## Interpretation,
C:\Users\ss\Desktop\XAI\XAI\engines\XAI-Compress\.kaggle_kernel_output_v10\XAI-Compress\notebooks\15_final_results.ipynb,1642,a274f87133c6503d7b248827f980f8769ed18b5d02a1e66f82cc2109b2a2cac9,4,3,1,0,0,,# Final Results | ## Reproduction | ## Interpretation,
C:\Users\ss\Desktop\XAI\XAI\engines\XAI-Compress\.kaggle_kernel_output_v10\XAI-Compress\notebooks\16_complete_pipeline.ipynb,1650,3d009bfb870a03137d7b6d833d113c1dd54d2b69d8666f19679d3c127bd2a5b7,4,3,1,0,0,,# Complete End-to-End Pipeline | ## Reproduction | ## Interpretation,
C:\Users\ss\Desktop\XAI\XAI\engines\XAI-Compress\.kaggle_kernel_output_v10\XAI-Compress\notebooks\PhD_Interview_XAI_Compress_Visual_Explanation.ipynb,254248,1be2e6a47458b26ac08a42881a8994d45a91605bd2c3b285b808dbbf522ba5af,41,24,17,20,6,4:0:image/png;9:0:image/png;13:1:image/png;15:1:image/png;17:2:image/png;19:0:image/png,# XAI-Compress — PhD Interview Visual Explanation Notebook | ## 0. Interview story in 60 seconds | # 1. System architecture | ### Interview explanation | # 2. Information theory foundation | # 3. Data Engineering Pipeline | # 4. Dataset overview from real project measurements | # 5. Byte-level visualization | # 6. Byte frequency distribution | # 7. Local entropy by chunk | # 8. XAIC v3 streaming architecture | # 9. Training and GPU engineering | # 10. Benchmark methodology | # 11. Compression ratio comparison | # 12. Pareto analysis | # 13. Streaming memory scaling | # 14. Profiling and Amdahl's Law | # 15. Model evolution | # 16. How to explain the model in a PhD interview | # 17. Existing solutions — how to compare fairly,
C:\Users\ss\Desktop\XAI\XAI\engines\XAI-Compress\.kaggle_kernel_output_v10\XAI-Compress\notebooks\XAI_Compress_Final_Research_Analysis.ipynb,5275,9d6eefc011e53dd19405ea32af04e5c1689c4bc6dddc960df98c86faeed03477,14,8,6,0,0,,"# XAI-Compress Final Research Analysis | ## Problem → theory → architecture | ## Pipeline and experiment evolution | ## Dataset engineering | ## Training and hardware evidence | ## Rust optimization and Amdahl’s law | ## Losslessness, model comparison and Pareto frontier | ## Limitations and next research",
C:\Users\ss\Desktop\XAI\XAI\engines\XAI-Compress\.kaggle_kernel_output_v10\XAI-Compress\notebooks\xai_compress_research.ipynb,4200,3ea3789908b008585b8bd183267fc35372c2fa526600ecbb30575ca727aeab57,8,5,3,0,0,,"# XAI-Compress Research Notebook | ## 1–4. Dataset analysis, statistics, distribution, entropy | ## 5. Model architecture | ## 6–10. Training, loss, validation, BPB, ratio | ## 11–20. Speed, GPU, model comparison, classical codecs, errors, conclusions",
C:\Users\ss\Desktop\XAI\XAI\engines\XAI-Compress\.kaggle_kernel_output_v10\XAI-Compress\XAI_Compress_Complete_Analysis.ipynb,265021,5e8e132359c8914a490fa39e23c5e0c6e29ad6bcf6ffc79b94c8ad40ccc72338,32,18,14,21,8,4:0:image/png;6:0:image/png;8:1:image/png;15:1:image/png;18:1:image/png;22:1:image/png;28:1:image/png;28:2:image/png,"# XAI-Compress — End-to-End Development, Training & Benchmark Analysis | ### Objective | ## 1. Executive summary | ## 2. Project architecture | ## 3. Initial model: CausalByteGRU | ## 4. Why the first V2 attempt was not accepted | ## 5. Profiling: where the time went | ### Optimization pass | ## 6. Correctness is non-negotiable | ## 7. Dataset audit | ## 8. Training methodology | ### Selection rule | ## 9. Recorded training experiments | ### Valid evidence | ### Invalid context comparison | ## 10. Model inventory | ## 11. Real README benchmark | ## 12. Quantitative interpretation of the README result | ## 13. Reproducible benchmark runner | ## 14. How the final model should be selected",
C:\Users\ss\Desktop\XAI\XAI\engines\XAI-Compress\.kaggle_kernel_output_v2\XAI-Compress\XAI_Compress_Complete_Analysis.ipynb,265021,5e8e132359c8914a490fa39e23c5e0c6e29ad6bcf6ffc79b94c8ad40ccc72338,32,18,14,21,8,4:0:image/png;6:0:image/png;8:1:image/png;15:1:image/png;18:1:image/png;22:1:image/png;28:1:image/png;28:2:image/png,"# XAI-Compress — End-to-End Development, Training & Benchmark Analysis | ### Objective | ## 1. Executive summary | ## 2. Project architecture | ## 3. Initial model: CausalByteGRU | ## 4. Why the first V2 attempt was not accepted | ## 5. Profiling: where the time went | ### Optimization pass | ## 6. Correctness is non-negotiable | ## 7. Dataset audit | ## 8. Training methodology | ### Selection rule | ## 9. Recorded training experiments | ### Valid evidence | ### Invalid context comparison | ## 10. Model inventory | ## 11. Real README benchmark | ## 12. Quantitative interpretation of the README result | ## 13. Reproducible benchmark runner | ## 14. How the final model should be selected",
C:\Users\ss\Desktop\XAI\XAI\engines\XAI-Compress\.kaggle_kernel_output_v3\XAI-Compress\XAI_Compress_Complete_Analysis.ipynb,265021,5e8e132359c8914a490fa39e23c5e0c6e29ad6bcf6ffc79b94c8ad40ccc72338,32,18,14,21,8,4:0:image/png;6:0:image/png;8:1:image/png;15:1:image/png;18:1:image/png;22:1:image/png;28:1:image/png;28:2:image/png,"# XAI-Compress — End-to-End Development, Training & Benchmark Analysis | ### Objective | ## 1. Executive summary | ## 2. Project architecture | ## 3. Initial model: CausalByteGRU | ## 4. Why the first V2 attempt was not accepted | ## 5. Profiling: where the time went | ### Optimization pass | ## 6. Correctness is non-negotiable | ## 7. Dataset audit | ## 8. Training methodology | ### Selection rule | ## 9. Recorded training experiments | ### Valid evidence | ### Invalid context comparison | ## 10. Model inventory | ## 11. Real README benchmark | ## 12. Quantitative interpretation of the README result | ## 13. Reproducible benchmark runner | ## 14. How the final model should be selected",
C:\Users\ss\Desktop\XAI\XAI\engines\XAI-Compress\.kaggle_kernel_output_v7\XAI-Compress\notebooks\00_kaggle_setup.ipynb,4165,41b2772342066d7959374ae4ead4a031013a3699ae80288dc8d6231ef7b554e9,8,1,7,0,0,,# XAI-Compress: offline Kaggle GPU workflow,
C:\Users\ss\Desktop\XAI\XAI\engines\XAI-Compress\.kaggle_kernel_output_v7\XAI-Compress\notebooks\01_project_introduction.ipynb,1634,e2b3de537d43bbf4d839110cb63710e97aa10046e093379a7593d4bf2cddc07e,4,3,1,0,0,,# Project Introduction | ## Reproduction | ## Interpretation,
C:\Users\ss\Desktop\XAI\XAI\engines\XAI-Compress\.kaggle_kernel_output_v7\XAI-Compress\notebooks\02_dataset_analysis.ipynb,1687,a64bcf73ca2403bcc8bcc6d39699428f26e7daf4ed9f87d5761fe230c0168fb9,4,3,1,0,0,,# Dataset Analysis | ## Reproduction | ## Interpretation,
C:\Users\ss\Desktop\XAI\XAI\engines\XAI-Compress\.kaggle_kernel_output_v7\XAI-Compress\notebooks\03_data_preprocessing.ipynb,1742,d0e79ea9eadcca0d64801900841afe4d5d7a9762d84fb733b281a94e33995e50,4,3,1,0,0,,# Data Preprocessing | ## Reproduction | ## Interpretation,
C:\Users\ss\Desktop\XAI\XAI\engines\XAI-Compress\.kaggle_kernel_output_v7\XAI-Compress\notebooks\04_entropy_analysis.ipynb,1630,c8f4db425ee0af886205b62eb2f3a32a10e9886f5247910c128ad56b60f21175,4,3,1,0,0,,# Information Theory and Entropy | ## Reproduction | ## Interpretation,
C:\Users\ss\Desktop\XAI\XAI\engines\XAI-Compress\.kaggle_kernel_output_v7\XAI-Compress\notebooks\05_baseline_model.ipynb,1658,e03537bde3612e3247a17a43adde109e8407883a2027d7dcd0bb6c05eec09aa7,4,3,1,0,0,,# Baseline Model | ## Reproduction | ## Interpretation,
C:\Users\ss\Desktop\XAI\XAI\engines\XAI-Compress\.kaggle_kernel_output_v7\XAI-Compress\notebooks\06_model_architecture.ipynb,1724,100b91a148d3b236cee1cd42b9a4b86eba4b59f63e453e6c16c75745b3af30dd,4,3,1,0,0,,# Improved Architecture | ## Reproduction | ## Interpretation,
C:\Users\ss\Desktop\XAI\XAI\engines\XAI-Compress\.kaggle_kernel_output_v7\XAI-Compress\notebooks\07_training_process.ipynb,1705,dcbba6b44484be817d61432c1ef1142f94319ac5b6ee2d502965f66a371cd48a,4,3,1,0,0,,# Training Process | ## Reproduction | ## Interpretation,
C:\Users\ss\Desktop\XAI\XAI\engines\XAI-Compress\.kaggle_kernel_output_v7\XAI-Compress\notebooks\08_training_evolution.ipynb,1625,30eae3820b117198a6b53cd2bb05443dbf0c83f388de2dc8d01d53569937a54a,4,3,1,0,0,,# Training and Model Evolution | ## Reproduction | ## Interpretation,
C:\Users\ss\Desktop\XAI\XAI\engines\XAI-Compress\.kaggle_kernel_output_v7\XAI-Compress\notebooks\09_model_comparison.ipynb,1694,2a3024b3c8dbc4bd1fa9b465ea07b1f16c391745e21d18d4b362d48c8d2fb0d9,4,3,1,0,0,,# Model Comparison | ## Reproduction | ## Interpretation,
C:\Users\ss\Desktop\XAI\XAI\engines\XAI-Compress\.kaggle_kernel_output_v7\XAI-Compress\notebooks\10_compression_comparison.ipynb,1793,07ede12042e411f1ae173bf70b7a0400a41411fe430647268e30f4fcfd37ffec,4,3,1,0,0,,# Classical Compressor Comparison | ## Reproduction | ## Interpretation,
C:\Users\ss\Desktop\XAI\XAI\engines\XAI-Compress\.kaggle_kernel_output_v7\XAI-Compress\notebooks\11_speed_benchmark.ipynb,1585,1ff9c45b79aa140df261cf1864958697c76da455a1a36acad79556139fb12b9b,4,3,1,0,0,,# Speed Benchmark | ## Reproduction | ## Interpretation,
C:\Users\ss\Desktop\XAI\XAI\engines\XAI-Compress\.kaggle_kernel_output_v7\XAI-Compress\notebooks\12_memory_gpu_benchmark.ipynb,1515,0df99fdcef5e9bbf8c47a859fbfb4788281b32f50d02a691a35f33af44fa1c01,4,3,1,0,0,,# Hardware and Memory Benchmark | ## Reproduction | ## Interpretation,
C:\Users\ss\Desktop\XAI\XAI\engines\XAI-Compress\.kaggle_kernel_output_v7\XAI-Compress\notebooks\13_ablation_study.ipynb,1605,5d88283da68155bbe44595e897f46308c335af081880604b21db3be26281a4ba,4,3,1,0,0,,# Ablation Study | ## Reproduction | ## Interpretation,
C:\Users\ss\Desktop\XAI\XAI\engines\XAI-Compress\.kaggle_kernel_output_v7\XAI-Compress\notebooks\14_error_analysis.ipynb,1713,2e4d9c8b244c290419affc9da765f258c1a2c73ee2e28b8249a7a6886edd39a8,4,3,1,0,0,,# Error Analysis | ## Reproduction | ## Interpretation,
C:\Users\ss\Desktop\XAI\XAI\engines\XAI-Compress\.kaggle_kernel_output_v7\XAI-Compress\notebooks\15_final_results.ipynb,1642,a274f87133c6503d7b248827f980f8769ed18b5d02a1e66f82cc2109b2a2cac9,4,3,1,0,0,,# Final Results | ## Reproduction | ## Interpretation,
C:\Users\ss\Desktop\XAI\XAI\engines\XAI-Compress\.kaggle_kernel_output_v7\XAI-Compress\notebooks\16_complete_pipeline.ipynb,1650,3d009bfb870a03137d7b6d833d113c1dd54d2b69d8666f19679d3c127bd2a5b7,4,3,1,0,0,,# Complete End-to-End Pipeline | ## Reproduction | ## Interpretation,
C:\Users\ss\Desktop\XAI\XAI\engines\XAI-Compress\.kaggle_kernel_output_v7\XAI-Compress\notebooks\PhD_Interview_XAI_Compress_Visual_Explanation.ipynb,254248,1be2e6a47458b26ac08a42881a8994d45a91605bd2c3b285b808dbbf522ba5af,41,24,17,20,6,4:0:image/png;9:0:image/png;13:1:image/png;15:1:image/png;17:2:image/png;19:0:image/png,# XAI-Compress — PhD Interview Visual Explanation Notebook | ## 0. Interview story in 60 seconds | # 1. System architecture | ### Interview explanation | # 2. Information theory foundation | # 3. Data Engineering Pipeline | # 4. Dataset overview from real project measurements | # 5. Byte-level visualization | # 6. Byte frequency distribution | # 7. Local entropy by chunk | # 8. XAIC v3 streaming architecture | # 9. Training and GPU engineering | # 10. Benchmark methodology | # 11. Compression ratio comparison | # 12. Pareto analysis | # 13. Streaming memory scaling | # 14. Profiling and Amdahl's Law | # 15. Model evolution | # 16. How to explain the model in a PhD interview | # 17. Existing solutions — how to compare fairly,
C:\Users\ss\Desktop\XAI\XAI\engines\XAI-Compress\.kaggle_kernel_output_v7\XAI-Compress\notebooks\xai_compress_research.ipynb,4200,3ea3789908b008585b8bd183267fc35372c2fa526600ecbb30575ca727aeab57,8,5,3,0,0,,"# XAI-Compress Research Notebook | ## 1–4. Dataset analysis, statistics, distribution, entropy | ## 5. Model architecture | ## 6–10. Training, loss, validation, BPB, ratio | ## 11–20. Speed, GPU, model comparison, classical codecs, errors, conclusions",
C:\Users\ss\Desktop\XAI\XAI\engines\XAI-Compress\.kaggle_kernel_output_v7\XAI-Compress\XAI_Compress_Complete_Analysis.ipynb,265021,5e8e132359c8914a490fa39e23c5e0c6e29ad6bcf6ffc79b94c8ad40ccc72338,32,18,14,21,8,4:0:image/png;6:0:image/png;8:1:image/png;15:1:image/png;18:1:image/png;22:1:image/png;28:1:image/png;28:2:image/png,"# XAI-Compress — End-to-End Development, Training & Benchmark Analysis | ### Objective | ## 1. Executive summary | ## 2. Project architecture | ## 3. Initial model: CausalByteGRU | ## 4. Why the first V2 attempt was not accepted | ## 5. Profiling: where the time went | ### Optimization pass | ## 6. Correctness is non-negotiable | ## 7. Dataset audit | ## 8. Training methodology | ### Selection rule | ## 9. Recorded training experiments | ### Valid evidence | ### Invalid context comparison | ## 10. Model inventory | ## 11. Real README benchmark | ## 12. Quantitative interpretation of the README result | ## 13. Reproducible benchmark runner | ## 14. How the final model should be selected",
C:\Users\ss\Desktop\XAI\XAI\engines\XAI-Compress\.kaggle_kernel_v2_multi_epoch_output\XAI-Compress\notebooks\00_kaggle_setup.ipynb,4165,41b2772342066d7959374ae4ead4a031013a3699ae80288dc8d6231ef7b554e9,8,1,7,0,0,,# XAI-Compress: offline Kaggle GPU workflow,
C:\Users\ss\Desktop\XAI\XAI\engines\XAI-Compress\.kaggle_kernel_v2_multi_epoch_output\XAI-Compress\notebooks\01_project_introduction.ipynb,1634,e2b3de537d43bbf4d839110cb63710e97aa10046e093379a7593d4bf2cddc07e,4,3,1,0,0,,# Project Introduction | ## Reproduction | ## Interpretation,
C:\Users\ss\Desktop\XAI\XAI\engines\XAI-Compress\.kaggle_kernel_v2_multi_epoch_output\XAI-Compress\notebooks\02_dataset_analysis.ipynb,1687,a64bcf73ca2403bcc8bcc6d39699428f26e7daf4ed9f87d5761fe230c0168fb9,4,3,1,0,0,,# Dataset Analysis | ## Reproduction | ## Interpretation,
C:\Users\ss\Desktop\XAI\XAI\engines\XAI-Compress\.kaggle_kernel_v2_multi_epoch_output\XAI-Compress\notebooks\03_data_preprocessing.ipynb,1742,d0e79ea9eadcca0d64801900841afe4d5d7a9762d84fb733b281a94e33995e50,4,3,1,0,0,,# Data Preprocessing | ## Reproduction | ## Interpretation,
C:\Users\ss\Desktop\XAI\XAI\engines\XAI-Compress\.kaggle_kernel_v2_multi_epoch_output\XAI-Compress\notebooks\04_entropy_analysis.ipynb,1630,c8f4db425ee0af886205b62eb2f3a32a10e9886f5247910c128ad56b60f21175,4,3,1,0,0,,# Information Theory and Entropy | ## Reproduction | ## Interpretation,
C:\Users\ss\Desktop\XAI\XAI\engines\XAI-Compress\.kaggle_kernel_v2_multi_epoch_output\XAI-Compress\notebooks\05_baseline_model.ipynb,1658,e03537bde3612e3247a17a43adde109e8407883a2027d7dcd0bb6c05eec09aa7,4,3,1,0,0,,# Baseline Model | ## Reproduction | ## Interpretation,
C:\Users\ss\Desktop\XAI\XAI\engines\XAI-Compress\.kaggle_kernel_v2_multi_epoch_output\XAI-Compress\notebooks\06_model_architecture.ipynb,1724,100b91a148d3b236cee1cd42b9a4b86eba4b59f63e453e6c16c75745b3af30dd,4,3,1,0,0,,# Improved Architecture | ## Reproduction | ## Interpretation,
C:\Users\ss\Desktop\XAI\XAI\engines\XAI-Compress\.kaggle_kernel_v2_multi_epoch_output\XAI-Compress\notebooks\07_training_process.ipynb,1705,dcbba6b44484be817d61432c1ef1142f94319ac5b6ee2d502965f66a371cd48a,4,3,1,0,0,,# Training Process | ## Reproduction | ## Interpretation,
C:\Users\ss\Desktop\XAI\XAI\engines\XAI-Compress\.kaggle_kernel_v2_multi_epoch_output\XAI-Compress\notebooks\08_training_evolution.ipynb,1625,30eae3820b117198a6b53cd2bb05443dbf0c83f388de2dc8d01d53569937a54a,4,3,1,0,0,,# Training and Model Evolution | ## Reproduction | ## Interpretation,
C:\Users\ss\Desktop\XAI\XAI\engines\XAI-Compress\.kaggle_kernel_v2_multi_epoch_output\XAI-Compress\notebooks\09_model_comparison.ipynb,1694,2a3024b3c8dbc4bd1fa9b465ea07b1f16c391745e21d18d4b362d48c8d2fb0d9,4,3,1,0,0,,# Model Comparison | ## Reproduction | ## Interpretation,
C:\Users\ss\Desktop\XAI\XAI\engines\XAI-Compress\.kaggle_kernel_v2_multi_epoch_output\XAI-Compress\notebooks\10_compression_comparison.ipynb,1793,07ede12042e411f1ae173bf70b7a0400a41411fe430647268e30f4fcfd37ffec,4,3,1,0,0,,# Classical Compressor Comparison | ## Reproduction | ## Interpretation,
C:\Users\ss\Desktop\XAI\XAI\engines\XAI-Compress\.kaggle_kernel_v2_multi_epoch_output\XAI-Compress\notebooks\11_speed_benchmark.ipynb,1585,1ff9c45b79aa140df261cf1864958697c76da455a1a36acad79556139fb12b9b,4,3,1,0,0,,# Speed Benchmark | ## Reproduction | ## Interpretation,
C:\Users\ss\Desktop\XAI\XAI\engines\XAI-Compress\.kaggle_kernel_v2_multi_epoch_output\XAI-Compress\notebooks\12_memory_gpu_benchmark.ipynb,1515,0df99fdcef5e9bbf8c47a859fbfb4788281b32f50d02a691a35f33af44fa1c01,4,3,1,0,0,,# Hardware and Memory Benchmark | ## Reproduction | ## Interpretation,
C:\Users\ss\Desktop\XAI\XAI\engines\XAI-Compress\.kaggle_kernel_v2_multi_epoch_output\XAI-Compress\notebooks\13_ablation_study.ipynb,1605,5d88283da68155bbe44595e897f46308c335af081880604b21db3be26281a4ba,4,3,1,0,0,,# Ablation Study | ## Reproduction | ## Interpretation,
C:\Users\ss\Desktop\XAI\XAI\engines\XAI-Compress\.kaggle_kernel_v2_multi_epoch_output\XAI-Compress\notebooks\14_error_analysis.ipynb,1713,2e4d9c8b244c290419affc9da765f258c1a2c73ee2e28b8249a7a6886edd39a8,4,3,1,0,0,,# Error Analysis | ## Reproduction | ## Interpretation,
C:\Users\ss\Desktop\XAI\XAI\engines\XAI-Compress\.kaggle_kernel_v2_multi_epoch_output\XAI-Compress\notebooks\15_final_results.ipynb,1642,a274f87133c6503d7b248827f980f8769ed18b5d02a1e66f82cc2109b2a2cac9,4,3,1,0,0,,# Final Results | ## Reproduction | ## Interpretation,
C:\Users\ss\Desktop\XAI\XAI\engines\XAI-Compress\.kaggle_kernel_v2_multi_epoch_output\XAI-Compress\notebooks\16_complete_pipeline.ipynb,1650,3d009bfb870a03137d7b6d833d113c1dd54d2b69d8666f19679d3c127bd2a5b7,4,3,1,0,0,,# Complete End-to-End Pipeline | ## Reproduction | ## Interpretation,
C:\Users\ss\Desktop\XAI\XAI\engines\XAI-Compress\.kaggle_kernel_v2_multi_epoch_output\XAI-Compress\notebooks\PhD_Interview_XAI_Compress_Visual_Explanation.ipynb,254248,1be2e6a47458b26ac08a42881a8994d45a91605bd2c3b285b808dbbf522ba5af,41,24,17,20,6,4:0:image/png;9:0:image/png;13:1:image/png;15:1:image/png;17:2:image/png;19:0:image/png,# XAI-Compress — PhD Interview Visual Explanation Notebook | ## 0. Interview story in 60 seconds | # 1. System architecture | ### Interview explanation | # 2. Information theory foundation | # 3. Data Engineering Pipeline | # 4. Dataset overview from real project measurements | # 5. Byte-level visualization | # 6. Byte frequency distribution | # 7. Local entropy by chunk | # 8. XAIC v3 streaming architecture | # 9. Training and GPU engineering | # 10. Benchmark methodology | # 11. Compression ratio comparison | # 12. Pareto analysis | # 13. Streaming memory scaling | # 14. Profiling and Amdahl's Law | # 15. Model evolution | # 16. How to explain the model in a PhD interview | # 17. Existing solutions — how to compare fairly,
C:\Users\ss\Desktop\XAI\XAI\engines\XAI-Compress\.kaggle_kernel_v2_multi_epoch_output\XAI-Compress\notebooks\XAI_Compress_Final_Research_Analysis.ipynb,5275,9d6eefc011e53dd19405ea32af04e5c1689c4bc6dddc960df98c86faeed03477,14,8,6,0,0,,"# XAI-Compress Final Research Analysis | ## Problem → theory → architecture | ## Pipeline and experiment evolution | ## Dataset engineering | ## Training and hardware evidence | ## Rust optimization and Amdahl’s law | ## Losslessness, model comparison and Pareto frontier | ## Limitations and next research",
C:\Users\ss\Desktop\XAI\XAI\engines\XAI-Compress\.kaggle_kernel_v2_multi_epoch_output\XAI-Compress\notebooks\xai_compress_research.ipynb,4200,3ea3789908b008585b8bd183267fc35372c2fa526600ecbb30575ca727aeab57,8,5,3,0,0,,"# XAI-Compress Research Notebook | ## 1–4. Dataset analysis, statistics, distribution, entropy | ## 5. Model architecture | ## 6–10. Training, loss, validation, BPB, ratio | ## 11–20. Speed, GPU, model comparison, classical codecs, errors, conclusions",
C:\Users\ss\Desktop\XAI\XAI\engines\XAI-Compress\.kaggle_kernel_v2_multi_epoch_output\XAI-Compress\notebooks\XAI_Compress_Three_Model_Final_Analysis.ipynb,2370,5f2c48b04d42fd40d6f4a22f3c98148ce9d00d1fd43da55b33825bd44b15bcf6,8,6,2,0,0,,"# XAI-Compress Three-Mode Final Analysis | ## 1–7. Problem, lossless theory, and old architecture | ## 8–14. Lossless V2 | ## 15–18. Lossy V1 | ## 19–27. Three-mode application and benchmark | ## 28–30. Limitations, future work, conclusion",
C:\Users\ss\Desktop\XAI\XAI\engines\XAI-Compress\.kaggle_kernel_v2_multi_epoch_output\XAI-Compress\XAI_Compress_Complete_Analysis.ipynb,265021,5e8e132359c8914a490fa39e23c5e0c6e29ad6bcf6ffc79b94c8ad40ccc72338,32,18,14,21,8,4:0:image/png;6:0:image/png;8:1:image/png;15:1:image/png;18:1:image/png;22:1:image/png;28:1:image/png;28:2:image/png,"# XAI-Compress — End-to-End Development, Training & Benchmark Analysis | ### Objective | ## 1. Executive summary | ## 2. Project architecture | ## 3. Initial model: CausalByteGRU | ## 4. Why the first V2 attempt was not accepted | ## 5. Profiling: where the time went | ### Optimization pass | ## 6. Correctness is non-negotiable | ## 7. Dataset audit | ## 8. Training methodology | ### Selection rule | ## 9. Recorded training experiments | ### Valid evidence | ### Invalid context comparison | ## 10. Model inventory | ## 11. Real README benchmark | ## 12. Quantitative interpretation of the README result | ## 13. Reproducible benchmark runner | ## 14. How the final model should be selected",
C:\Users\ss\Desktop\XAI\XAI\engines\XAI-Compress\.kaggle_lossless_v2_v2\XAI-Compress\notebooks\00_kaggle_setup.ipynb,4165,41b2772342066d7959374ae4ead4a031013a3699ae80288dc8d6231ef7b554e9,8,1,7,0,0,,# XAI-Compress: offline Kaggle GPU workflow,
C:\Users\ss\Desktop\XAI\XAI\engines\XAI-Compress\.kaggle_lossless_v2_v2\XAI-Compress\notebooks\01_project_introduction.ipynb,1634,e2b3de537d43bbf4d839110cb63710e97aa10046e093379a7593d4bf2cddc07e,4,3,1,0,0,,# Project Introduction | ## Reproduction | ## Interpretation,
C:\Users\ss\Desktop\XAI\XAI\engines\XAI-Compress\.kaggle_lossless_v2_v2\XAI-Compress\notebooks\02_dataset_analysis.ipynb,1687,a64bcf73ca2403bcc8bcc6d39699428f26e7daf4ed9f87d5761fe230c0168fb9,4,3,1,0,0,,# Dataset Analysis | ## Reproduction | ## Interpretation,
C:\Users\ss\Desktop\XAI\XAI\engines\XAI-Compress\.kaggle_lossless_v2_v2\XAI-Compress\notebooks\03_data_preprocessing.ipynb,1742,d0e79ea9eadcca0d64801900841afe4d5d7a9762d84fb733b281a94e33995e50,4,3,1,0,0,,# Data Preprocessing | ## Reproduction | ## Interpretation,
C:\Users\ss\Desktop\XAI\XAI\engines\XAI-Compress\.kaggle_lossless_v2_v2\XAI-Compress\notebooks\04_entropy_analysis.ipynb,1630,c8f4db425ee0af886205b62eb2f3a32a10e9886f5247910c128ad56b60f21175,4,3,1,0,0,,# Information Theory and Entropy | ## Reproduction | ## Interpretation,
C:\Users\ss\Desktop\XAI\XAI\engines\XAI-Compress\.kaggle_lossless_v2_v2\XAI-Compress\notebooks\05_baseline_model.ipynb,1658,e03537bde3612e3247a17a43adde109e8407883a2027d7dcd0bb6c05eec09aa7,4,3,1,0,0,,# Baseline Model | ## Reproduction | ## Interpretation,
C:\Users\ss\Desktop\XAI\XAI\engines\XAI-Compress\.kaggle_lossless_v2_v2\XAI-Compress\notebooks\06_model_architecture.ipynb,1724,100b91a148d3b236cee1cd42b9a4b86eba4b59f63e453e6c16c75745b3af30dd,4,3,1,0,0,,# Improved Architecture | ## Reproduction | ## Interpretation,
C:\Users\ss\Desktop\XAI\XAI\engines\XAI-Compress\.kaggle_lossless_v2_v2\XAI-Compress\notebooks\07_training_process.ipynb,1705,dcbba6b44484be817d61432c1ef1142f94319ac5b6ee2d502965f66a371cd48a,4,3,1,0,0,,# Training Process | ## Reproduction | ## Interpretation,
C:\Users\ss\Desktop\XAI\XAI\engines\XAI-Compress\.kaggle_lossless_v2_v2\XAI-Compress\notebooks\08_training_evolution.ipynb,1625,30eae3820b117198a6b53cd2bb05443dbf0c83f388de2dc8d01d53569937a54a,4,3,1,0,0,,# Training and Model Evolution | ## Reproduction | ## Interpretation,
C:\Users\ss\Desktop\XAI\XAI\engines\XAI-Compress\.kaggle_lossless_v2_v2\XAI-Compress\notebooks\09_model_comparison.ipynb,1694,2a3024b3c8dbc4bd1fa9b465ea07b1f16c391745e21d18d4b362d48c8d2fb0d9,4,3,1,0,0,,# Model Comparison | ## Reproduction | ## Interpretation,
C:\Users\ss\Desktop\XAI\XAI\engines\XAI-Compress\.kaggle_lossless_v2_v2\XAI-Compress\notebooks\10_compression_comparison.ipynb,1793,07ede12042e411f1ae173bf70b7a0400a41411fe430647268e30f4fcfd37ffec,4,3,1,0,0,,# Classical Compressor Comparison | ## Reproduction | ## Interpretation,
C:\Users\ss\Desktop\XAI\XAI\engines\XAI-Compress\.kaggle_lossless_v2_v2\XAI-Compress\notebooks\11_speed_benchmark.ipynb,1585,1ff9c45b79aa140df261cf1864958697c76da455a1a36acad79556139fb12b9b,4,3,1,0,0,,# Speed Benchmark | ## Reproduction | ## Interpretation,
C:\Users\ss\Desktop\XAI\XAI\engines\XAI-Compress\.kaggle_lossless_v2_v2\XAI-Compress\notebooks\12_memory_gpu_benchmark.ipynb,1515,0df99fdcef5e9bbf8c47a859fbfb4788281b32f50d02a691a35f33af44fa1c01,4,3,1,0,0,,# Hardware and Memory Benchmark | ## Reproduction | ## Interpretation,
C:\Users\ss\Desktop\XAI\XAI\engines\XAI-Compress\.kaggle_lossless_v2_v2\XAI-Compress\notebooks\13_ablation_study.ipynb,1605,5d88283da68155bbe44595e897f46308c335af081880604b21db3be26281a4ba,4,3,1,0,0,,# Ablation Study | ## Reproduction | ## Interpretation,
C:\Users\ss\Desktop\XAI\XAI\engines\XAI-Compress\.kaggle_lossless_v2_v2\XAI-Compress\notebooks\14_error_analysis.ipynb,1713,2e4d9c8b244c290419affc9da765f258c1a2c73ee2e28b8249a7a6886edd39a8,4,3,1,0,0,,# Error Analysis | ## Reproduction | ## Interpretation,
C:\Users\ss\Desktop\XAI\XAI\engines\XAI-Compress\.kaggle_lossless_v2_v2\XAI-Compress\notebooks\15_final_results.ipynb,1642,a274f87133c6503d7b248827f980f8769ed18b5d02a1e66f82cc2109b2a2cac9,4,3,1,0,0,,# Final Results | ## Reproduction | ## Interpretation,
C:\Users\ss\Desktop\XAI\XAI\engines\XAI-Compress\.kaggle_lossless_v2_v2\XAI-Compress\notebooks\16_complete_pipeline.ipynb,1650,3d009bfb870a03137d7b6d833d113c1dd54d2b69d8666f19679d3c127bd2a5b7,4,3,1,0,0,,# Complete End-to-End Pipeline | ## Reproduction | ## Interpretation,
C:\Users\ss\Desktop\XAI\XAI\engines\XAI-Compress\.kaggle_lossless_v2_v2\XAI-Compress\notebooks\PhD_Interview_XAI_Compress_Visual_Explanation.ipynb,254248,1be2e6a47458b26ac08a42881a8994d45a91605bd2c3b285b808dbbf522ba5af,41,24,17,20,6,4:0:image/png;9:0:image/png;13:1:image/png;15:1:image/png;17:2:image/png;19:0:image/png,# XAI-Compress — PhD Interview Visual Explanation Notebook | ## 0. Interview story in 60 seconds | # 1. System architecture | ### Interview explanation | # 2. Information theory foundation | # 3. Data Engineering Pipeline | # 4. Dataset overview from real project measurements | # 5. Byte-level visualization | # 6. Byte frequency distribution | # 7. Local entropy by chunk | # 8. XAIC v3 streaming architecture | # 9. Training and GPU engineering | # 10. Benchmark methodology | # 11. Compression ratio comparison | # 12. Pareto analysis | # 13. Streaming memory scaling | # 14. Profiling and Amdahl's Law | # 15. Model evolution | # 16. How to explain the model in a PhD interview | # 17. Existing solutions — how to compare fairly,
C:\Users\ss\Desktop\XAI\XAI\engines\XAI-Compress\.kaggle_lossless_v2_v2\XAI-Compress\notebooks\XAI_Compress_Final_Research_Analysis.ipynb,5275,9d6eefc011e53dd19405ea32af04e5c1689c4bc6dddc960df98c86faeed03477,14,8,6,0,0,,"# XAI-Compress Final Research Analysis | ## Problem → theory → architecture | ## Pipeline and experiment evolution | ## Dataset engineering | ## Training and hardware evidence | ## Rust optimization and Amdahl’s law | ## Losslessness, model comparison and Pareto frontier | ## Limitations and next research",
C:\Users\ss\Desktop\XAI\XAI\engines\XAI-Compress\.kaggle_lossless_v2_v2\XAI-Compress\notebooks\xai_compress_research.ipynb,4200,3ea3789908b008585b8bd183267fc35372c2fa526600ecbb30575ca727aeab57,8,5,3,0,0,,"# XAI-Compress Research Notebook | ## 1–4. Dataset analysis, statistics, distribution, entropy | ## 5. Model architecture | ## 6–10. Training, loss, validation, BPB, ratio | ## 11–20. Speed, GPU, model comparison, classical codecs, errors, conclusions",
C:\Users\ss\Desktop\XAI\XAI\engines\XAI-Compress\.kaggle_lossless_v2_v2\XAI-Compress\notebooks\XAI_Compress_Three_Model_Final_Analysis.ipynb,2370,5f2c48b04d42fd40d6f4a22f3c98148ce9d00d1fd43da55b33825bd44b15bcf6,8,6,2,0,0,,"# XAI-Compress Three-Mode Final Analysis | ## 1–7. Problem, lossless theory, and old architecture | ## 8–14. Lossless V2 | ## 15–18. Lossy V1 | ## 19–27. Three-mode application and benchmark | ## 28–30. Limitations, future work, conclusion",
C:\Users\ss\Desktop\XAI\XAI\engines\XAI-Compress\.kaggle_lossless_v2_v2\XAI-Compress\XAI_Compress_Complete_Analysis.ipynb,265021,5e8e132359c8914a490fa39e23c5e0c6e29ad6bcf6ffc79b94c8ad40ccc72338,32,18,14,21,8,4:0:image/png;6:0:image/png;8:1:image/png;15:1:image/png;18:1:image/png;22:1:image/png;28:1:image/png;28:2:image/png,"# XAI-Compress — End-to-End Development, Training & Benchmark Analysis | ### Objective | ## 1. Executive summary | ## 2. Project architecture | ## 3. Initial model: CausalByteGRU | ## 4. Why the first V2 attempt was not accepted | ## 5. Profiling: where the time went | ### Optimization pass | ## 6. Correctness is non-negotiable | ## 7. Dataset audit | ## 8. Training methodology | ### Selection rule | ## 9. Recorded training experiments | ### Valid evidence | ### Invalid context comparison | ## 10. Model inventory | ## 11. Real README benchmark | ## 12. Quantitative interpretation of the README result | ## 13. Reproducible benchmark runner | ## 14. How the final model should be selected",
C:\Users\ss\Desktop\XAI\XAI\engines\XAI-Compress\.kaggle_lossless_v2_v4_failure\XAI-Compress\notebooks\00_kaggle_setup.ipynb,4165,41b2772342066d7959374ae4ead4a031013a3699ae80288dc8d6231ef7b554e9,8,1,7,0,0,,# XAI-Compress: offline Kaggle GPU workflow,
C:\Users\ss\Desktop\XAI\XAI\engines\XAI-Compress\.kaggle_lossless_v2_v4_failure\XAI-Compress\notebooks\01_project_introduction.ipynb,1634,e2b3de537d43bbf4d839110cb63710e97aa10046e093379a7593d4bf2cddc07e,4,3,1,0,0,,# Project Introduction | ## Reproduction | ## Interpretation,
C:\Users\ss\Desktop\XAI\XAI\engines\XAI-Compress\.kaggle_lossless_v2_v4_failure\XAI-Compress\notebooks\02_dataset_analysis.ipynb,1687,a64bcf73ca2403bcc8bcc6d39699428f26e7daf4ed9f87d5761fe230c0168fb9,4,3,1,0,0,,# Dataset Analysis | ## Reproduction | ## Interpretation,
C:\Users\ss\Desktop\XAI\XAI\engines\XAI-Compress\.kaggle_lossless_v2_v4_failure\XAI-Compress\notebooks\03_data_preprocessing.ipynb,1742,d0e79ea9eadcca0d64801900841afe4d5d7a9762d84fb733b281a94e33995e50,4,3,1,0,0,,# Data Preprocessing | ## Reproduction | ## Interpretation,
C:\Users\ss\Desktop\XAI\XAI\engines\XAI-Compress\.kaggle_lossless_v2_v4_failure\XAI-Compress\notebooks\04_entropy_analysis.ipynb,1630,c8f4db425ee0af886205b62eb2f3a32a10e9886f5247910c128ad56b60f21175,4,3,1,0,0,,# Information Theory and Entropy | ## Reproduction | ## Interpretation,
C:\Users\ss\Desktop\XAI\XAI\engines\XAI-Compress\.kaggle_lossless_v2_v4_failure\XAI-Compress\notebooks\05_baseline_model.ipynb,1658,e03537bde3612e3247a17a43adde109e8407883a2027d7dcd0bb6c05eec09aa7,4,3,1,0,0,,# Baseline Model | ## Reproduction | ## Interpretation,
C:\Users\ss\Desktop\XAI\XAI\engines\XAI-Compress\.kaggle_lossless_v2_v4_failure\XAI-Compress\notebooks\06_model_architecture.ipynb,1724,100b91a148d3b236cee1cd42b9a4b86eba4b59f63e453e6c16c75745b3af30dd,4,3,1,0,0,,# Improved Architecture | ## Reproduction | ## Interpretation,
C:\Users\ss\Desktop\XAI\XAI\engines\XAI-Compress\.kaggle_lossless_v2_v4_failure\XAI-Compress\notebooks\07_training_process.ipynb,1705,dcbba6b44484be817d61432c1ef1142f94319ac5b6ee2d502965f66a371cd48a,4,3,1,0,0,,# Training Process | ## Reproduction | ## Interpretation,
C:\Users\ss\Desktop\XAI\XAI\engines\XAI-Compress\.kaggle_lossless_v2_v4_failure\XAI-Compress\notebooks\08_training_evolution.ipynb,1625,30eae3820b117198a6b53cd2bb05443dbf0c83f388de2dc8d01d53569937a54a,4,3,1,0,0,,# Training and Model Evolution | ## Reproduction | ## Interpretation,
C:\Users\ss\Desktop\XAI\XAI\engines\XAI-Compress\.kaggle_lossless_v2_v4_failure\XAI-Compress\notebooks\09_model_comparison.ipynb,1694,2a3024b3c8dbc4bd1fa9b465ea07b1f16c391745e21d18d4b362d48c8d2fb0d9,4,3,1,0,0,,# Model Comparison | ## Reproduction | ## Interpretation,
C:\Users\ss\Desktop\XAI\XAI\engines\XAI-Compress\.kaggle_lossless_v2_v4_failure\XAI-Compress\notebooks\10_compression_comparison.ipynb,1793,07ede12042e411f1ae173bf70b7a0400a41411fe430647268e30f4fcfd37ffec,4,3,1,0,0,,# Classical Compressor Comparison | ## Reproduction | ## Interpretation,
C:\Users\ss\Desktop\XAI\XAI\engines\XAI-Compress\.kaggle_lossless_v2_v4_failure\XAI-Compress\notebooks\11_speed_benchmark.ipynb,1585,1ff9c45b79aa140df261cf1864958697c76da455a1a36acad79556139fb12b9b,4,3,1,0,0,,# Speed Benchmark | ## Reproduction | ## Interpretation,
C:\Users\ss\Desktop\XAI\XAI\engines\XAI-Compress\.kaggle_lossless_v2_v4_failure\XAI-Compress\notebooks\12_memory_gpu_benchmark.ipynb,1515,0df99fdcef5e9bbf8c47a859fbfb4788281b32f50d02a691a35f33af44fa1c01,4,3,1,0,0,,# Hardware and Memory Benchmark | ## Reproduction | ## Interpretation,
C:\Users\ss\Desktop\XAI\XAI\engines\XAI-Compress\.kaggle_lossless_v2_v4_failure\XAI-Compress\notebooks\13_ablation_study.ipynb,1605,5d88283da68155bbe44595e897f46308c335af081880604b21db3be26281a4ba,4,3,1,0,0,,# Ablation Study | ## Reproduction | ## Interpretation,
C:\Users\ss\Desktop\XAI\XAI\engines\XAI-Compress\.kaggle_lossless_v2_v4_failure\XAI-Compress\notebooks\14_error_analysis.ipynb,1713,2e4d9c8b244c290419affc9da765f258c1a2c73ee2e28b8249a7a6886edd39a8,4,3,1,0,0,,# Error Analysis | ## Reproduction | ## Interpretation,
C:\Users\ss\Desktop\XAI\XAI\engines\XAI-Compress\.kaggle_lossless_v2_v4_failure\XAI-Compress\notebooks\15_final_results.ipynb,1642,a274f87133c6503d7b248827f980f8769ed18b5d02a1e66f82cc2109b2a2cac9,4,3,1,0,0,,# Final Results | ## Reproduction | ## Interpretation,
C:\Users\ss\Desktop\XAI\XAI\engines\XAI-Compress\.kaggle_lossless_v2_v4_failure\XAI-Compress\notebooks\16_complete_pipeline.ipynb,1650,3d009bfb870a03137d7b6d833d113c1dd54d2b69d8666f19679d3c127bd2a5b7,4,3,1,0,0,,# Complete End-to-End Pipeline | ## Reproduction | ## Interpretation,
C:\Users\ss\Desktop\XAI\XAI\engines\XAI-Compress\.kaggle_lossless_v2_v4_failure\XAI-Compress\notebooks\PhD_Interview_XAI_Compress_Visual_Explanation.ipynb,254248,1be2e6a47458b26ac08a42881a8994d45a91605bd2c3b285b808dbbf522ba5af,41,24,17,20,6,4:0:image/png;9:0:image/png;13:1:image/png;15:1:image/png;17:2:image/png;19:0:image/png,# XAI-Compress — PhD Interview Visual Explanation Notebook | ## 0. Interview story in 60 seconds | # 1. System architecture | ### Interview explanation | # 2. Information theory foundation | # 3. Data Engineering Pipeline | # 4. Dataset overview from real project measurements | # 5. Byte-level visualization | # 6. Byte frequency distribution | # 7. Local entropy by chunk | # 8. XAIC v3 streaming architecture | # 9. Training and GPU engineering | # 10. Benchmark methodology | # 11. Compression ratio comparison | # 12. Pareto analysis | # 13. Streaming memory scaling | # 14. Profiling and Amdahl's Law | # 15. Model evolution | # 16. How to explain the model in a PhD interview | # 17. Existing solutions — how to compare fairly,
C:\Users\ss\Desktop\XAI\XAI\engines\XAI-Compress\.kaggle_lossless_v2_v4_failure\XAI-Compress\notebooks\XAI_Compress_Final_Research_Analysis.ipynb,5275,9d6eefc011e53dd19405ea32af04e5c1689c4bc6dddc960df98c86faeed03477,14,8,6,0,0,,"# XAI-Compress Final Research Analysis | ## Problem → theory → architecture | ## Pipeline and experiment evolution | ## Dataset engineering | ## Training and hardware evidence | ## Rust optimization and Amdahl’s law | ## Losslessness, model comparison and Pareto frontier | ## Limitations and next research",
C:\Users\ss\Desktop\XAI\XAI\engines\XAI-Compress\.kaggle_lossless_v2_v4_failure\XAI-Compress\notebooks\xai_compress_research.ipynb,4200,3ea3789908b008585b8bd183267fc35372c2fa526600ecbb30575ca727aeab57,8,5,3,0,0,,"# XAI-Compress Research Notebook | ## 1–4. Dataset analysis, statistics, distribution, entropy | ## 5. Model architecture | ## 6–10. Training, loss, validation, BPB, ratio | ## 11–20. Speed, GPU, model comparison, classical codecs, errors, conclusions",
C:\Users\ss\Desktop\XAI\XAI\engines\XAI-Compress\.kaggle_lossless_v2_v4_failure\XAI-Compress\notebooks\XAI_Compress_Three_Model_Final_Analysis.ipynb,2370,5f2c48b04d42fd40d6f4a22f3c98148ce9d00d1fd43da55b33825bd44b15bcf6,8,6,2,0,0,,"# XAI-Compress Three-Mode Final Analysis | ## 1–7. Problem, lossless theory, and old architecture | ## 8–14. Lossless V2 | ## 15–18. Lossy V1 | ## 19–27. Three-mode application and benchmark | ## 28–30. Limitations, future work, conclusion",
C:\Users\ss\Desktop\XAI\XAI\engines\XAI-Compress\.kaggle_lossless_v2_v4_failure\XAI-Compress\XAI_Compress_Complete_Analysis.ipynb,265021,5e8e132359c8914a490fa39e23c5e0c6e29ad6bcf6ffc79b94c8ad40ccc72338,32,18,14,21,8,4:0:image/png;6:0:image/png;8:1:image/png;15:1:image/png;18:1:image/png;22:1:image/png;28:1:image/png;28:2:image/png,"# XAI-Compress — End-to-End Development, Training & Benchmark Analysis | ### Objective | ## 1. Executive summary | ## 2. Project architecture | ## 3. Initial model: CausalByteGRU | ## 4. Why the first V2 attempt was not accepted | ## 5. Profiling: where the time went | ### Optimization pass | ## 6. Correctness is non-negotiable | ## 7. Dataset audit | ## 8. Training methodology | ### Selection rule | ## 9. Recorded training experiments | ### Valid evidence | ### Invalid context comparison | ## 10. Model inventory | ## 11. Real README benchmark | ## 12. Quantitative interpretation of the README result | ## 13. Reproducible benchmark runner | ## 14. How the final model should be selected",
C:\Users\ss\Desktop\XAI\XAI\engines\XAI-Compress\.kaggle_lossless_v2_v5_failure\XAI-Compress\notebooks\00_kaggle_setup.ipynb,4165,41b2772342066d7959374ae4ead4a031013a3699ae80288dc8d6231ef7b554e9,8,1,7,0,0,,# XAI-Compress: offline Kaggle GPU workflow,
C:\Users\ss\Desktop\XAI\XAI\engines\XAI-Compress\.kaggle_lossless_v2_v5_failure\XAI-Compress\notebooks\01_project_introduction.ipynb,1634,e2b3de537d43bbf4d839110cb63710e97aa10046e093379a7593d4bf2cddc07e,4,3,1,0,0,,# Project Introduction | ## Reproduction | ## Interpretation,
C:\Users\ss\Desktop\XAI\XAI\engines\XAI-Compress\.kaggle_lossless_v2_v5_failure\XAI-Compress\notebooks\02_dataset_analysis.ipynb,1687,a64bcf73ca2403bcc8bcc6d39699428f26e7daf4ed9f87d5761fe230c0168fb9,4,3,1,0,0,,# Dataset Analysis | ## Reproduction | ## Interpretation,
C:\Users\ss\Desktop\XAI\XAI\engines\XAI-Compress\.kaggle_lossless_v2_v5_failure\XAI-Compress\notebooks\03_data_preprocessing.ipynb,1742,d0e79ea9eadcca0d64801900841afe4d5d7a9762d84fb733b281a94e33995e50,4,3,1,0,0,,# Data Preprocessing | ## Reproduction | ## Interpretation,
C:\Users\ss\Desktop\XAI\XAI\engines\XAI-Compress\.kaggle_lossless_v2_v5_failure\XAI-Compress\notebooks\04_entropy_analysis.ipynb,1630,c8f4db425ee0af886205b62eb2f3a32a10e9886f5247910c128ad56b60f21175,4,3,1,0,0,,# Information Theory and Entropy | ## Reproduction | ## Interpretation,
C:\Users\ss\Desktop\XAI\XAI\engines\XAI-Compress\.kaggle_lossless_v2_v5_failure\XAI-Compress\notebooks\05_baseline_model.ipynb,1658,e03537bde3612e3247a17a43adde109e8407883a2027d7dcd0bb6c05eec09aa7,4,3,1,0,0,,# Baseline Model | ## Reproduction | ## Interpretation,
C:\Users\ss\Desktop\XAI\XAI\engines\XAI-Compress\.kaggle_lossless_v2_v5_failure\XAI-Compress\notebooks\06_model_architecture.ipynb,1724,100b91a148d3b236cee1cd42b9a4b86eba4b59f63e453e6c16c75745b3af30dd,4,3,1,0,0,,# Improved Architecture | ## Reproduction | ## Interpretation,
C:\Users\ss\Desktop\XAI\XAI\engines\XAI-Compress\.kaggle_lossless_v2_v5_failure\XAI-Compress\notebooks\07_training_process.ipynb,1705,dcbba6b44484be817d61432c1ef1142f94319ac5b6ee2d502965f66a371cd48a,4,3,1,0,0,,# Training Process | ## Reproduction | ## Interpretation,
C:\Users\ss\Desktop\XAI\XAI\engines\XAI-Compress\.kaggle_lossless_v2_v5_failure\XAI-Compress\notebooks\08_training_evolution.ipynb,1625,30eae3820b117198a6b53cd2bb05443dbf0c83f388de2dc8d01d53569937a54a,4,3,1,0,0,,# Training and Model Evolution | ## Reproduction | ## Interpretation,
C:\Users\ss\Desktop\XAI\XAI\engines\XAI-Compress\.kaggle_lossless_v2_v5_failure\XAI-Compress\notebooks\09_model_comparison.ipynb,1694,2a3024b3c8dbc4bd1fa9b465ea07b1f16c391745e21d18d4b362d48c8d2fb0d9,4,3,1,0,0,,# Model Comparison | ## Reproduction | ## Interpretation,
C:\Users\ss\Desktop\XAI\XAI\engines\XAI-Compress\.kaggle_lossless_v2_v5_failure\XAI-Compress\notebooks\10_compression_comparison.ipynb,1793,07ede12042e411f1ae173bf70b7a0400a41411fe430647268e30f4fcfd37ffec,4,3,1,0,0,,# Classical Compressor Comparison | ## Reproduction | ## Interpretation,
C:\Users\ss\Desktop\XAI\XAI\engines\XAI-Compress\.kaggle_lossless_v2_v5_failure\XAI-Compress\notebooks\11_speed_benchmark.ipynb,1585,1ff9c45b79aa140df261cf1864958697c76da455a1a36acad79556139fb12b9b,4,3,1,0,0,,# Speed Benchmark | ## Reproduction | ## Interpretation,
C:\Users\ss\Desktop\XAI\XAI\engines\XAI-Compress\.kaggle_lossless_v2_v5_failure\XAI-Compress\notebooks\12_memory_gpu_benchmark.ipynb,1515,0df99fdcef5e9bbf8c47a859fbfb4788281b32f50d02a691a35f33af44fa1c01,4,3,1,0,0,,# Hardware and Memory Benchmark | ## Reproduction | ## Interpretation,
C:\Users\ss\Desktop\XAI\XAI\engines\XAI-Compress\.kaggle_lossless_v2_v5_failure\XAI-Compress\notebooks\13_ablation_study.ipynb,1605,5d88283da68155bbe44595e897f46308c335af081880604b21db3be26281a4ba,4,3,1,0,0,,# Ablation Study | ## Reproduction | ## Interpretation,
C:\Users\ss\Desktop\XAI\XAI\engines\XAI-Compress\.kaggle_lossless_v2_v5_failure\XAI-Compress\notebooks\14_error_analysis.ipynb,1713,2e4d9c8b244c290419affc9da765f258c1a2c73ee2e28b8249a7a6886edd39a8,4,3,1,0,0,,# Error Analysis | ## Reproduction | ## Interpretation,
C:\Users\ss\Desktop\XAI\XAI\engines\XAI-Compress\.kaggle_lossless_v2_v5_failure\XAI-Compress\notebooks\15_final_results.ipynb,1642,a274f87133c6503d7b248827f980f8769ed18b5d02a1e66f82cc2109b2a2cac9,4,3,1,0,0,,# Final Results | ## Reproduction | ## Interpretation,
C:\Users\ss\Desktop\XAI\XAI\engines\XAI-Compress\.kaggle_lossless_v2_v5_failure\XAI-Compress\notebooks\16_complete_pipeline.ipynb,1650,3d009bfb870a03137d7b6d833d113c1dd54d2b69d8666f19679d3c127bd2a5b7,4,3,1,0,0,,# Complete End-to-End Pipeline | ## Reproduction | ## Interpretation,
C:\Users\ss\Desktop\XAI\XAI\engines\XAI-Compress\.kaggle_lossless_v2_v5_failure\XAI-Compress\notebooks\PhD_Interview_XAI_Compress_Visual_Explanation.ipynb,254248,1be2e6a47458b26ac08a42881a8994d45a91605bd2c3b285b808dbbf522ba5af,41,24,17,20,6,4:0:image/png;9:0:image/png;13:1:image/png;15:1:image/png;17:2:image/png;19:0:image/png,# XAI-Compress — PhD Interview Visual Explanation Notebook | ## 0. Interview story in 60 seconds | # 1. System architecture | ### Interview explanation | # 2. Information theory foundation | # 3. Data Engineering Pipeline | # 4. Dataset overview from real project measurements | # 5. Byte-level visualization | # 6. Byte frequency distribution | # 7. Local entropy by chunk | # 8. XAIC v3 streaming architecture | # 9. Training and GPU engineering | # 10. Benchmark methodology | # 11. Compression ratio comparison | # 12. Pareto analysis | # 13. Streaming memory scaling | # 14. Profiling and Amdahl's Law | # 15. Model evolution | # 16. How to explain the model in a PhD interview | # 17. Existing solutions — how to compare fairly,
C:\Users\ss\Desktop\XAI\XAI\engines\XAI-Compress\.kaggle_lossless_v2_v5_failure\XAI-Compress\notebooks\XAI_Compress_Final_Research_Analysis.ipynb,5275,9d6eefc011e53dd19405ea32af04e5c1689c4bc6dddc960df98c86faeed03477,14,8,6,0,0,,"# XAI-Compress Final Research Analysis | ## Problem → theory → architecture | ## Pipeline and experiment evolution | ## Dataset engineering | ## Training and hardware evidence | ## Rust optimization and Amdahl’s law | ## Losslessness, model comparison and Pareto frontier | ## Limitations and next research",
C:\Users\ss\Desktop\XAI\XAI\engines\XAI-Compress\.kaggle_lossless_v2_v5_failure\XAI-Compress\notebooks\xai_compress_research.ipynb,4200,3ea3789908b008585b8bd183267fc35372c2fa526600ecbb30575ca727aeab57,8,5,3,0,0,,"# XAI-Compress Research Notebook | ## 1–4. Dataset analysis, statistics, distribution, entropy | ## 5. Model architecture | ## 6–10. Training, loss, validation, BPB, ratio | ## 11–20. Speed, GPU, model comparison, classical codecs, errors, conclusions",
C:\Users\ss\Desktop\XAI\XAI\engines\XAI-Compress\.kaggle_lossless_v2_v5_failure\XAI-Compress\notebooks\XAI_Compress_Three_Model_Final_Analysis.ipynb,2370,5f2c48b04d42fd40d6f4a22f3c98148ce9d00d1fd43da55b33825bd44b15bcf6,8,6,2,0,0,,"# XAI-Compress Three-Mode Final Analysis | ## 1–7. Problem, lossless theory, and old architecture | ## 8–14. Lossless V2 | ## 15–18. Lossy V1 | ## 19–27. Three-mode application and benchmark | ## 28–30. Limitations, future work, conclusion",
C:\Users\ss\Desktop\XAI\XAI\engines\XAI-Compress\.kaggle_lossless_v2_v5_failure\XAI-Compress\XAI_Compress_Complete_Analysis.ipynb,265021,5e8e132359c8914a490fa39e23c5e0c6e29ad6bcf6ffc79b94c8ad40ccc72338,32,18,14,21,8,4:0:image/png;6:0:image/png;8:1:image/png;15:1:image/png;18:1:image/png;22:1:image/png;28:1:image/png;28:2:image/png,"# XAI-Compress — End-to-End Development, Training & Benchmark Analysis | ### Objective | ## 1. Executive summary | ## 2. Project architecture | ## 3. Initial model: CausalByteGRU | ## 4. Why the first V2 attempt was not accepted | ## 5. Profiling: where the time went | ### Optimization pass | ## 6. Correctness is non-negotiable | ## 7. Dataset audit | ## 8. Training methodology | ### Selection rule | ## 9. Recorded training experiments | ### Valid evidence | ### Invalid context comparison | ## 10. Model inventory | ## 11. Real README benchmark | ## 12. Quantitative interpretation of the README result | ## 13. Reproducible benchmark runner | ## 14. How the final model should be selected",
C:\Users\ss\Desktop\XAI\XAI\engines\XAI-Compress\.kaggle_source_audit_v3\notebooks\00_kaggle_setup.ipynb,4165,41b2772342066d7959374ae4ead4a031013a3699ae80288dc8d6231ef7b554e9,8,1,7,0,0,,# XAI-Compress: offline Kaggle GPU workflow,
C:\Users\ss\Desktop\XAI\XAI\engines\XAI-Compress\.kaggle_source_audit_v3\notebooks\01_project_introduction.ipynb,1634,e2b3de537d43bbf4d839110cb63710e97aa10046e093379a7593d4bf2cddc07e,4,3,1,0,0,,# Project Introduction | ## Reproduction | ## Interpretation,
C:\Users\ss\Desktop\XAI\XAI\engines\XAI-Compress\.kaggle_source_audit_v3\notebooks\02_dataset_analysis.ipynb,1687,a64bcf73ca2403bcc8bcc6d39699428f26e7daf4ed9f87d5761fe230c0168fb9,4,3,1,0,0,,# Dataset Analysis | ## Reproduction | ## Interpretation,
C:\Users\ss\Desktop\XAI\XAI\engines\XAI-Compress\.kaggle_source_audit_v3\notebooks\03_data_preprocessing.ipynb,1742,d0e79ea9eadcca0d64801900841afe4d5d7a9762d84fb733b281a94e33995e50,4,3,1,0,0,,# Data Preprocessing | ## Reproduction | ## Interpretation,
C:\Users\ss\Desktop\XAI\XAI\engines\XAI-Compress\.kaggle_source_audit_v3\notebooks\04_entropy_analysis.ipynb,1630,c8f4db425ee0af886205b62eb2f3a32a10e9886f5247910c128ad56b60f21175,4,3,1,0,0,,# Information Theory and Entropy | ## Reproduction | ## Interpretation,
C:\Users\ss\Desktop\XAI\XAI\engines\XAI-Compress\.kaggle_source_audit_v3\notebooks\05_baseline_model.ipynb,1658,e03537bde3612e3247a17a43adde109e8407883a2027d7dcd0bb6c05eec09aa7,4,3,1,0,0,,# Baseline Model | ## Reproduction | ## Interpretation,
C:\Users\ss\Desktop\XAI\XAI\engines\XAI-Compress\.kaggle_source_audit_v3\notebooks\06_model_architecture.ipynb,1724,100b91a148d3b236cee1cd42b9a4b86eba4b59f63e453e6c16c75745b3af30dd,4,3,1,0,0,,# Improved Architecture | ## Reproduction | ## Interpretation,
C:\Users\ss\Desktop\XAI\XAI\engines\XAI-Compress\.kaggle_source_audit_v3\notebooks\07_training_process.ipynb,1705,dcbba6b44484be817d61432c1ef1142f94319ac5b6ee2d502965f66a371cd48a,4,3,1,0,0,,# Training Process | ## Reproduction | ## Interpretation,
C:\Users\ss\Desktop\XAI\XAI\engines\XAI-Compress\.kaggle_source_audit_v3\notebooks\08_training_evolution.ipynb,1625,30eae3820b117198a6b53cd2bb05443dbf0c83f388de2dc8d01d53569937a54a,4,3,1,0,0,,# Training and Model Evolution | ## Reproduction | ## Interpretation,
C:\Users\ss\Desktop\XAI\XAI\engines\XAI-Compress\.kaggle_source_audit_v3\notebooks\09_model_comparison.ipynb,1694,2a3024b3c8dbc4bd1fa9b465ea07b1f16c391745e21d18d4b362d48c8d2fb0d9,4,3,1,0,0,,# Model Comparison | ## Reproduction | ## Interpretation,
C:\Users\ss\Desktop\XAI\XAI\engines\XAI-Compress\.kaggle_source_audit_v3\notebooks\10_compression_comparison.ipynb,1793,07ede12042e411f1ae173bf70b7a0400a41411fe430647268e30f4fcfd37ffec,4,3,1,0,0,,# Classical Compressor Comparison | ## Reproduction | ## Interpretation,
C:\Users\ss\Desktop\XAI\XAI\engines\XAI-Compress\.kaggle_source_audit_v3\notebooks\11_speed_benchmark.ipynb,1585,1ff9c45b79aa140df261cf1864958697c76da455a1a36acad79556139fb12b9b,4,3,1,0,0,,# Speed Benchmark | ## Reproduction | ## Interpretation,
C:\Users\ss\Desktop\XAI\XAI\engines\XAI-Compress\.kaggle_source_audit_v3\notebooks\12_memory_gpu_benchmark.ipynb,1515,0df99fdcef5e9bbf8c47a859fbfb4788281b32f50d02a691a35f33af44fa1c01,4,3,1,0,0,,# Hardware and Memory Benchmark | ## Reproduction | ## Interpretation,
C:\Users\ss\Desktop\XAI\XAI\engines\XAI-Compress\.kaggle_source_audit_v3\notebooks\13_ablation_study.ipynb,1605,5d88283da68155bbe44595e897f46308c335af081880604b21db3be26281a4ba,4,3,1,0,0,,# Ablation Study | ## Reproduction | ## Interpretation,
C:\Users\ss\Desktop\XAI\XAI\engines\XAI-Compress\.kaggle_source_audit_v3\notebooks\14_error_analysis.ipynb,1713,2e4d9c8b244c290419affc9da765f258c1a2c73ee2e28b8249a7a6886edd39a8,4,3,1,0,0,,# Error Analysis | ## Reproduction | ## Interpretation,
C:\Users\ss\Desktop\XAI\XAI\engines\XAI-Compress\.kaggle_source_audit_v3\notebooks\15_final_results.ipynb,1642,a274f87133c6503d7b248827f980f8769ed18b5d02a1e66f82cc2109b2a2cac9,4,3,1,0,0,,# Final Results | ## Reproduction | ## Interpretation,
C:\Users\ss\Desktop\XAI\XAI\engines\XAI-Compress\.kaggle_source_audit_v3\notebooks\16_complete_pipeline.ipynb,1650,3d009bfb870a03137d7b6d833d113c1dd54d2b69d8666f19679d3c127bd2a5b7,4,3,1,0,0,,# Complete End-to-End Pipeline | ## Reproduction | ## Interpretation,
C:\Users\ss\Desktop\XAI\XAI\engines\XAI-Compress\.kaggle_source_audit_v3\notebooks\PhD_Interview_XAI_Compress_Visual_Explanation.ipynb,254248,1be2e6a47458b26ac08a42881a8994d45a91605bd2c3b285b808dbbf522ba5af,41,24,17,20,6,4:0:image/png;9:0:image/png;13:1:image/png;15:1:image/png;17:2:image/png;19:0:image/png,# XAI-Compress — PhD Interview Visual Explanation Notebook | ## 0. Interview story in 60 seconds | # 1. System architecture | ### Interview explanation | # 2. Information theory foundation | # 3. Data Engineering Pipeline | # 4. Dataset overview from real project measurements | # 5. Byte-level visualization | # 6. Byte frequency distribution | # 7. Local entropy by chunk | # 8. XAIC v3 streaming architecture | # 9. Training and GPU engineering | # 10. Benchmark methodology | # 11. Compression ratio comparison | # 12. Pareto analysis | # 13. Streaming memory scaling | # 14. Profiling and Amdahl's Law | # 15. Model evolution | # 16. How to explain the model in a PhD interview | # 17. Existing solutions — how to compare fairly,
C:\Users\ss\Desktop\XAI\XAI\engines\XAI-Compress\.kaggle_source_audit_v3\notebooks\XAI_Compress_Final_Research_Analysis.ipynb,5275,9d6eefc011e53dd19405ea32af04e5c1689c4bc6dddc960df98c86faeed03477,14,8,6,0,0,,"# XAI-Compress Final Research Analysis | ## Problem → theory → architecture | ## Pipeline and experiment evolution | ## Dataset engineering | ## Training and hardware evidence | ## Rust optimization and Amdahl’s law | ## Losslessness, model comparison and Pareto frontier | ## Limitations and next research",
C:\Users\ss\Desktop\XAI\XAI\engines\XAI-Compress\.kaggle_source_audit_v3\notebooks\xai_compress_research.ipynb,4200,3ea3789908b008585b8bd183267fc35372c2fa526600ecbb30575ca727aeab57,8,5,3,0,0,,"# XAI-Compress Research Notebook | ## 1–4. Dataset analysis, statistics, distribution, entropy | ## 5. Model architecture | ## 6–10. Training, loss, validation, BPB, ratio | ## 11–20. Speed, GPU, model comparison, classical codecs, errors, conclusions",
C:\Users\ss\Desktop\XAI\XAI\engines\XAI-Compress\.kaggle_source_audit_v3\notebooks\XAI_Compress_Three_Model_Final_Analysis.ipynb,2370,5f2c48b04d42fd40d6f4a22f3c98148ce9d00d1fd43da55b33825bd44b15bcf6,8,6,2,0,0,,"# XAI-Compress Three-Mode Final Analysis | ## 1–7. Problem, lossless theory, and old architecture | ## 8–14. Lossless V2 | ## 15–18. Lossy V1 | ## 19–27. Three-mode application and benchmark | ## 28–30. Limitations, future work, conclusion",
C:\Users\ss\Desktop\XAI\XAI\engines\XAI-Compress\.kaggle_source_audit_v3\XAI_Compress_Complete_Analysis.ipynb,265021,5e8e132359c8914a490fa39e23c5e0c6e29ad6bcf6ffc79b94c8ad40ccc72338,32,18,14,21,8,4:0:image/png;6:0:image/png;8:1:image/png;15:1:image/png;18:1:image/png;22:1:image/png;28:1:image/png;28:2:image/png,"# XAI-Compress — End-to-End Development, Training & Benchmark Analysis | ### Objective | ## 1. Executive summary | ## 2. Project architecture | ## 3. Initial model: CausalByteGRU | ## 4. Why the first V2 attempt was not accepted | ## 5. Profiling: where the time went | ### Optimization pass | ## 6. Correctness is non-negotiable | ## 7. Dataset audit | ## 8. Training methodology | ### Selection rule | ## 9. Recorded training experiments | ### Valid evidence | ### Invalid context comparison | ## 10. Model inventory | ## 11. Real README benchmark | ## 12. Quantitative interpretation of the README result | ## 13. Reproducible benchmark runner | ## 14. How the final model should be selected",
C:\Users\ss\Desktop\XAI\XAI\engines\XAI-Compress\.kaggle_source_v5_verify\notebooks\00_kaggle_setup.ipynb,4165,41b2772342066d7959374ae4ead4a031013a3699ae80288dc8d6231ef7b554e9,8,1,7,0,0,,# XAI-Compress: offline Kaggle GPU workflow,
C:\Users\ss\Desktop\XAI\XAI\engines\XAI-Compress\.kaggle_source_v5_verify\notebooks\01_project_introduction.ipynb,1634,e2b3de537d43bbf4d839110cb63710e97aa10046e093379a7593d4bf2cddc07e,4,3,1,0,0,,# Project Introduction | ## Reproduction | ## Interpretation,
C:\Users\ss\Desktop\XAI\XAI\engines\XAI-Compress\.kaggle_source_v5_verify\notebooks\02_dataset_analysis.ipynb,1687,a64bcf73ca2403bcc8bcc6d39699428f26e7daf4ed9f87d5761fe230c0168fb9,4,3,1,0,0,,# Dataset Analysis | ## Reproduction | ## Interpretation,
C:\Users\ss\Desktop\XAI\XAI\engines\XAI-Compress\.kaggle_source_v5_verify\notebooks\03_data_preprocessing.ipynb,1742,d0e79ea9eadcca0d64801900841afe4d5d7a9762d84fb733b281a94e33995e50,4,3,1,0,0,,# Data Preprocessing | ## Reproduction | ## Interpretation,
C:\Users\ss\Desktop\XAI\XAI\engines\XAI-Compress\.kaggle_source_v5_verify\notebooks\04_entropy_analysis.ipynb,1630,c8f4db425ee0af886205b62eb2f3a32a10e9886f5247910c128ad56b60f21175,4,3,1,0,0,,# Information Theory and Entropy | ## Reproduction | ## Interpretation,
C:\Users\ss\Desktop\XAI\XAI\engines\XAI-Compress\.kaggle_source_v5_verify\notebooks\05_baseline_model.ipynb,1658,e03537bde3612e3247a17a43adde109e8407883a2027d7dcd0bb6c05eec09aa7,4,3,1,0,0,,# Baseline Model | ## Reproduction | ## Interpretation,
C:\Users\ss\Desktop\XAI\XAI\engines\XAI-Compress\.kaggle_source_v5_verify\notebooks\06_model_architecture.ipynb,1724,100b91a148d3b236cee1cd42b9a4b86eba4b59f63e453e6c16c75745b3af30dd,4,3,1,0,0,,# Improved Architecture | ## Reproduction | ## Interpretation,
C:\Users\ss\Desktop\XAI\XAI\engines\XAI-Compress\.kaggle_source_v5_verify\notebooks\07_training_process.ipynb,1705,dcbba6b44484be817d61432c1ef1142f94319ac5b6ee2d502965f66a371cd48a,4,3,1,0,0,,# Training Process | ## Reproduction | ## Interpretation,
C:\Users\ss\Desktop\XAI\XAI\engines\XAI-Compress\.kaggle_source_v5_verify\notebooks\08_training_evolution.ipynb,1625,30eae3820b117198a6b53cd2bb05443dbf0c83f388de2dc8d01d53569937a54a,4,3,1,0,0,,# Training and Model Evolution | ## Reproduction | ## Interpretation,
C:\Users\ss\Desktop\XAI\XAI\engines\XAI-Compress\.kaggle_source_v5_verify\notebooks\09_model_comparison.ipynb,1694,2a3024b3c8dbc4bd1fa9b465ea07b1f16c391745e21d18d4b362d48c8d2fb0d9,4,3,1,0,0,,# Model Comparison | ## Reproduction | ## Interpretation,
C:\Users\ss\Desktop\XAI\XAI\engines\XAI-Compress\.kaggle_source_v5_verify\notebooks\10_compression_comparison.ipynb,1793,07ede12042e411f1ae173bf70b7a0400a41411fe430647268e30f4fcfd37ffec,4,3,1,0,0,,# Classical Compressor Comparison | ## Reproduction | ## Interpretation,
C:\Users\ss\Desktop\XAI\XAI\engines\XAI-Compress\.kaggle_source_v5_verify\notebooks\11_speed_benchmark.ipynb,1585,1ff9c45b79aa140df261cf1864958697c76da455a1a36acad79556139fb12b9b,4,3,1,0,0,,# Speed Benchmark | ## Reproduction | ## Interpretation,
C:\Users\ss\Desktop\XAI\XAI\engines\XAI-Compress\.kaggle_source_v5_verify\notebooks\12_memory_gpu_benchmark.ipynb,1515,0df99fdcef5e9bbf8c47a859fbfb4788281b32f50d02a691a35f33af44fa1c01,4,3,1,0,0,,# Hardware and Memory Benchmark | ## Reproduction | ## Interpretation,
C:\Users\ss\Desktop\XAI\XAI\engines\XAI-Compress\.kaggle_source_v5_verify\notebooks\13_ablation_study.ipynb,1605,5d88283da68155bbe44595e897f46308c335af081880604b21db3be26281a4ba,4,3,1,0,0,,# Ablation Study | ## Reproduction | ## Interpretation,
C:\Users\ss\Desktop\XAI\XAI\engines\XAI-Compress\.kaggle_source_v5_verify\notebooks\14_error_analysis.ipynb,1713,2e4d9c8b244c290419affc9da765f258c1a2c73ee2e28b8249a7a6886edd39a8,4,3,1,0,0,,# Error Analysis | ## Reproduction | ## Interpretation,
C:\Users\ss\Desktop\XAI\XAI\engines\XAI-Compress\.kaggle_source_v5_verify\notebooks\15_final_results.ipynb,1642,a274f87133c6503d7b248827f980f8769ed18b5d02a1e66f82cc2109b2a2cac9,4,3,1,0,0,,# Final Results | ## Reproduction | ## Interpretation,
C:\Users\ss\Desktop\XAI\XAI\engines\XAI-Compress\.kaggle_source_v5_verify\notebooks\16_complete_pipeline.ipynb,1650,3d009bfb870a03137d7b6d833d113c1dd54d2b69d8666f19679d3c127bd2a5b7,4,3,1,0,0,,# Complete End-to-End Pipeline | ## Reproduction | ## Interpretation,
C:\Users\ss\Desktop\XAI\XAI\engines\XAI-Compress\.kaggle_source_v5_verify\notebooks\PhD_Interview_XAI_Compress_Visual_Explanation.ipynb,254248,1be2e6a47458b26ac08a42881a8994d45a91605bd2c3b285b808dbbf522ba5af,41,24,17,20,6,4:0:image/png;9:0:image/png;13:1:image/png;15:1:image/png;17:2:image/png;19:0:image/png,# XAI-Compress — PhD Interview Visual Explanation Notebook | ## 0. Interview story in 60 seconds | # 1. System architecture | ### Interview explanation | # 2. Information theory foundation | # 3. Data Engineering Pipeline | # 4. Dataset overview from real project measurements | # 5. Byte-level visualization | # 6. Byte frequency distribution | # 7. Local entropy by chunk | # 8. XAIC v3 streaming architecture | # 9. Training and GPU engineering | # 10. Benchmark methodology | # 11. Compression ratio comparison | # 12. Pareto analysis | # 13. Streaming memory scaling | # 14. Profiling and Amdahl's Law | # 15. Model evolution | # 16. How to explain the model in a PhD interview | # 17. Existing solutions — how to compare fairly,
C:\Users\ss\Desktop\XAI\XAI\engines\XAI-Compress\.kaggle_source_v5_verify\notebooks\XAI_Compress_Final_Research_Analysis.ipynb,5275,9d6eefc011e53dd19405ea32af04e5c1689c4bc6dddc960df98c86faeed03477,14,8,6,0,0,,"# XAI-Compress Final Research Analysis | ## Problem → theory → architecture | ## Pipeline and experiment evolution | ## Dataset engineering | ## Training and hardware evidence | ## Rust optimization and Amdahl’s law | ## Losslessness, model comparison and Pareto frontier | ## Limitations and next research",
C:\Users\ss\Desktop\XAI\XAI\engines\XAI-Compress\.kaggle_source_v5_verify\notebooks\xai_compress_research.ipynb,4200,3ea3789908b008585b8bd183267fc35372c2fa526600ecbb30575ca727aeab57,8,5,3,0,0,,"# XAI-Compress Research Notebook | ## 1–4. Dataset analysis, statistics, distribution, entropy | ## 5. Model architecture | ## 6–10. Training, loss, validation, BPB, ratio | ## 11–20. Speed, GPU, model comparison, classical codecs, errors, conclusions",
C:\Users\ss\Desktop\XAI\XAI\engines\XAI-Compress\.kaggle_source_v5_verify\notebooks\XAI_Compress_Three_Model_Final_Analysis.ipynb,2370,5f2c48b04d42fd40d6f4a22f3c98148ce9d00d1fd43da55b33825bd44b15bcf6,8,6,2,0,0,,"# XAI-Compress Three-Mode Final Analysis | ## 1–7. Problem, lossless theory, and old architecture | ## 8–14. Lossless V2 | ## 15–18. Lossy V1 | ## 19–27. Three-mode application and benchmark | ## 28–30. Limitations, future work, conclusion",
C:\Users\ss\Desktop\XAI\XAI\engines\XAI-Compress\.kaggle_source_v5_verify\XAI_Compress_Complete_Analysis.ipynb,265021,5e8e132359c8914a490fa39e23c5e0c6e29ad6bcf6ffc79b94c8ad40ccc72338,32,18,14,21,8,4:0:image/png;6:0:image/png;8:1:image/png;15:1:image/png;18:1:image/png;22:1:image/png;28:1:image/png;28:2:image/png,"# XAI-Compress — End-to-End Development, Training & Benchmark Analysis | ### Objective | ## 1. Executive summary | ## 2. Project architecture | ## 3. Initial model: CausalByteGRU | ## 4. Why the first V2 attempt was not accepted | ## 5. Profiling: where the time went | ### Optimization pass | ## 6. Correctness is non-negotiable | ## 7. Dataset audit | ## 8. Training methodology | ### Selection rule | ## 9. Recorded training experiments | ### Valid evidence | ### Invalid context comparison | ## 10. Model inventory | ## 11. Real README benchmark | ## 12. Quantitative interpretation of the README result | ## 13. Reproducible benchmark runner | ## 14. How the final model should be selected",
C:\Users\ss\Desktop\XAI\XAI\engines\XAI-Compress\notebooks\00_kaggle_setup.ipynb,4165,41b2772342066d7959374ae4ead4a031013a3699ae80288dc8d6231ef7b554e9,8,1,7,0,0,,# XAI-Compress: offline Kaggle GPU workflow,
C:\Users\ss\Desktop\XAI\XAI\engines\XAI-Compress\notebooks\01_project_introduction.ipynb,1634,e2b3de537d43bbf4d839110cb63710e97aa10046e093379a7593d4bf2cddc07e,4,3,1,0,0,,# Project Introduction | ## Reproduction | ## Interpretation,
C:\Users\ss\Desktop\XAI\XAI\engines\XAI-Compress\notebooks\02_dataset_analysis.ipynb,1687,a64bcf73ca2403bcc8bcc6d39699428f26e7daf4ed9f87d5761fe230c0168fb9,4,3,1,0,0,,# Dataset Analysis | ## Reproduction | ## Interpretation,
C:\Users\ss\Desktop\XAI\XAI\engines\XAI-Compress\notebooks\03_data_preprocessing.ipynb,1742,d0e79ea9eadcca0d64801900841afe4d5d7a9762d84fb733b281a94e33995e50,4,3,1,0,0,,# Data Preprocessing | ## Reproduction | ## Interpretation,
C:\Users\ss\Desktop\XAI\XAI\engines\XAI-Compress\notebooks\04_entropy_analysis.ipynb,1630,c8f4db425ee0af886205b62eb2f3a32a10e9886f5247910c128ad56b60f21175,4,3,1,0,0,,# Information Theory and Entropy | ## Reproduction | ## Interpretation,
C:\Users\ss\Desktop\XAI\XAI\engines\XAI-Compress\notebooks\05_baseline_model.ipynb,1658,e03537bde3612e3247a17a43adde109e8407883a2027d7dcd0bb6c05eec09aa7,4,3,1,0,0,,# Baseline Model | ## Reproduction | ## Interpretation,
C:\Users\ss\Desktop\XAI\XAI\engines\XAI-Compress\notebooks\06_model_architecture.ipynb,1724,100b91a148d3b236cee1cd42b9a4b86eba4b59f63e453e6c16c75745b3af30dd,4,3,1,0,0,,# Improved Architecture | ## Reproduction | ## Interpretation,
C:\Users\ss\Desktop\XAI\XAI\engines\XAI-Compress\notebooks\07_training_process.ipynb,1705,dcbba6b44484be817d61432c1ef1142f94319ac5b6ee2d502965f66a371cd48a,4,3,1,0,0,,# Training Process | ## Reproduction | ## Interpretation,
C:\Users\ss\Desktop\XAI\XAI\engines\XAI-Compress\notebooks\08_training_evolution.ipynb,1625,30eae3820b117198a6b53cd2bb05443dbf0c83f388de2dc8d01d53569937a54a,4,3,1,0,0,,# Training and Model Evolution | ## Reproduction | ## Interpretation,
C:\Users\ss\Desktop\XAI\XAI\engines\XAI-Compress\notebooks\09_model_comparison.ipynb,1694,2a3024b3c8dbc4bd1fa9b465ea07b1f16c391745e21d18d4b362d48c8d2fb0d9,4,3,1,0,0,,# Model Comparison | ## Reproduction | ## Interpretation,
C:\Users\ss\Desktop\XAI\XAI\engines\XAI-Compress\notebooks\10_compression_comparison.ipynb,1793,07ede12042e411f1ae173bf70b7a0400a41411fe430647268e30f4fcfd37ffec,4,3,1,0,0,,# Classical Compressor Comparison | ## Reproduction | ## Interpretation,
C:\Users\ss\Desktop\XAI\XAI\engines\XAI-Compress\notebooks\11_speed_benchmark.ipynb,1585,1ff9c45b79aa140df261cf1864958697c76da455a1a36acad79556139fb12b9b,4,3,1,0,0,,# Speed Benchmark | ## Reproduction | ## Interpretation,
C:\Users\ss\Desktop\XAI\XAI\engines\XAI-Compress\notebooks\12_memory_gpu_benchmark.ipynb,1515,0df99fdcef5e9bbf8c47a859fbfb4788281b32f50d02a691a35f33af44fa1c01,4,3,1,0,0,,# Hardware and Memory Benchmark | ## Reproduction | ## Interpretation,
C:\Users\ss\Desktop\XAI\XAI\engines\XAI-Compress\notebooks\13_ablation_study.ipynb,1605,5d88283da68155bbe44595e897f46308c335af081880604b21db3be26281a4ba,4,3,1,0,0,,# Ablation Study | ## Reproduction | ## Interpretation,
C:\Users\ss\Desktop\XAI\XAI\engines\XAI-Compress\notebooks\14_error_analysis.ipynb,1713,2e4d9c8b244c290419affc9da765f258c1a2c73ee2e28b8249a7a6886edd39a8,4,3,1,0,0,,# Error Analysis | ## Reproduction | ## Interpretation,
C:\Users\ss\Desktop\XAI\XAI\engines\XAI-Compress\notebooks\15_final_results.ipynb,1642,a274f87133c6503d7b248827f980f8769ed18b5d02a1e66f82cc2109b2a2cac9,4,3,1,0,0,,# Final Results | ## Reproduction | ## Interpretation,
C:\Users\ss\Desktop\XAI\XAI\engines\XAI-Compress\notebooks\16_complete_pipeline.ipynb,1650,3d009bfb870a03137d7b6d833d113c1dd54d2b69d8666f19679d3c127bd2a5b7,4,3,1,0,0,,# Complete End-to-End Pipeline | ## Reproduction | ## Interpretation,
C:\Users\ss\Desktop\XAI\XAI\engines\XAI-Compress\notebooks\PhD_Interview_XAI_Compress_Visual_Explanation.ipynb,254248,1be2e6a47458b26ac08a42881a8994d45a91605bd2c3b285b808dbbf522ba5af,41,24,17,20,6,4:0:image/png;9:0:image/png;13:1:image/png;15:1:image/png;17:2:image/png;19:0:image/png,# XAI-Compress — PhD Interview Visual Explanation Notebook | ## 0. Interview story in 60 seconds | # 1. System architecture | ### Interview explanation | # 2. Information theory foundation | # 3. Data Engineering Pipeline | # 4. Dataset overview from real project measurements | # 5. Byte-level visualization | # 6. Byte frequency distribution | # 7. Local entropy by chunk | # 8. XAIC v3 streaming architecture | # 9. Training and GPU engineering | # 10. Benchmark methodology | # 11. Compression ratio comparison | # 12. Pareto analysis | # 13. Streaming memory scaling | # 14. Profiling and Amdahl's Law | # 15. Model evolution | # 16. How to explain the model in a PhD interview | # 17. Existing solutions — how to compare fairly,
C:\Users\ss\Desktop\XAI\XAI\engines\XAI-Compress\notebooks\XAI_Compress_Final_Project.ipynb,6571,f03da3e13b97280aa1c95cbd44803e354fa687009dc9d6042a379be332ba11e8,25,24,1,0,0,,## Problem definition | ## Lossless information theory | ## Entropy | ## Cross entropy | ## Autoregressive probability | ## Bits per byte | ## rANS | ## Probability quantization | ## GRU architecture | ## Transformer architecture | ## Numerical stability problem | ## Mathematical stabilization | ## Streaming XAIC | ## Lossy autoencoder | ## Quantized latent | ## Latent entropy model | ## Rate-distortion theory | ## PSNR and SSIM | ## Benchmark methodology | ## Measured results,
C:\Users\ss\Desktop\XAI\XAI\engines\XAI-Compress\notebooks\XAI_Compress_Final_Research_Analysis.ipynb,5275,9d6eefc011e53dd19405ea32af04e5c1689c4bc6dddc960df98c86faeed03477,14,8,6,0,0,,"# XAI-Compress Final Research Analysis | ## Problem → theory → architecture | ## Pipeline and experiment evolution | ## Dataset engineering | ## Training and hardware evidence | ## Rust optimization and Amdahl’s law | ## Losslessness, model comparison and Pareto frontier | ## Limitations and next research",
C:\Users\ss\Desktop\XAI\XAI\engines\XAI-Compress\notebooks\xai_compress_research.ipynb,4200,3ea3789908b008585b8bd183267fc35372c2fa526600ecbb30575ca727aeab57,8,5,3,0,0,,"# XAI-Compress Research Notebook | ## 1–4. Dataset analysis, statistics, distribution, entropy | ## 5. Model architecture | ## 6–10. Training, loss, validation, BPB, ratio | ## 11–20. Speed, GPU, model comparison, classical codecs, errors, conclusions",
C:\Users\ss\Desktop\XAI\XAI\engines\XAI-Compress\notebooks\XAI_Compress_Three_Model_Final_Analysis.ipynb,2370,5f2c48b04d42fd40d6f4a22f3c98148ce9d00d1fd43da55b33825bd44b15bcf6,8,6,2,0,0,,"# XAI-Compress Three-Mode Final Analysis | ## 1–7. Problem, lossless theory, and old architecture | ## 8–14. Lossless V2 | ## 15–18. Lossy V1 | ## 19–27. Three-mode application and benchmark | ## 28–30. Limitations, future work, conclusion",
C:\Users\ss\Desktop\XAI\XAI\engines\XAI-Compress\results\kaggle_debug\download\XAI-Compress\notebooks\00_kaggle_setup.ipynb,4165,41b2772342066d7959374ae4ead4a031013a3699ae80288dc8d6231ef7b554e9,8,1,7,0,0,,# XAI-Compress: offline Kaggle GPU workflow,
C:\Users\ss\Desktop\XAI\XAI\engines\XAI-Compress\results\kaggle_debug\download\XAI-Compress\notebooks\01_project_introduction.ipynb,1634,e2b3de537d43bbf4d839110cb63710e97aa10046e093379a7593d4bf2cddc07e,4,3,1,0,0,,# Project Introduction | ## Reproduction | ## Interpretation,
C:\Users\ss\Desktop\XAI\XAI\engines\XAI-Compress\results\kaggle_debug\download\XAI-Compress\notebooks\02_dataset_analysis.ipynb,1687,a64bcf73ca2403bcc8bcc6d39699428f26e7daf4ed9f87d5761fe230c0168fb9,4,3,1,0,0,,# Dataset Analysis | ## Reproduction | ## Interpretation,
C:\Users\ss\Desktop\XAI\XAI\engines\XAI-Compress\results\kaggle_debug\download\XAI-Compress\notebooks\03_data_preprocessing.ipynb,1742,d0e79ea9eadcca0d64801900841afe4d5d7a9762d84fb733b281a94e33995e50,4,3,1,0,0,,# Data Preprocessing | ## Reproduction | ## Interpretation,
C:\Users\ss\Desktop\XAI\XAI\engines\XAI-Compress\results\kaggle_debug\download\XAI-Compress\notebooks\04_entropy_analysis.ipynb,1630,c8f4db425ee0af886205b62eb2f3a32a10e9886f5247910c128ad56b60f21175,4,3,1,0,0,,# Information Theory and Entropy | ## Reproduction | ## Interpretation,
C:\Users\ss\Desktop\XAI\XAI\engines\XAI-Compress\results\kaggle_debug\download\XAI-Compress\notebooks\05_baseline_model.ipynb,1658,e03537bde3612e3247a17a43adde109e8407883a2027d7dcd0bb6c05eec09aa7,4,3,1,0,0,,# Baseline Model | ## Reproduction | ## Interpretation,
C:\Users\ss\Desktop\XAI\XAI\engines\XAI-Compress\results\kaggle_debug\download\XAI-Compress\notebooks\06_model_architecture.ipynb,1724,100b91a148d3b236cee1cd42b9a4b86eba4b59f63e453e6c16c75745b3af30dd,4,3,1,0,0,,# Improved Architecture | ## Reproduction | ## Interpretation,
C:\Users\ss\Desktop\XAI\XAI\engines\XAI-Compress\results\kaggle_debug\download\XAI-Compress\notebooks\07_training_process.ipynb,1705,dcbba6b44484be817d61432c1ef1142f94319ac5b6ee2d502965f66a371cd48a,4,3,1,0,0,,# Training Process | ## Reproduction | ## Interpretation,
C:\Users\ss\Desktop\XAI\XAI\engines\XAI-Compress\results\kaggle_debug\download\XAI-Compress\notebooks\08_training_evolution.ipynb,1625,30eae3820b117198a6b53cd2bb05443dbf0c83f388de2dc8d01d53569937a54a,4,3,1,0,0,,# Training and Model Evolution | ## Reproduction | ## Interpretation,
C:\Users\ss\Desktop\XAI\XAI\engines\XAI-Compress\results\kaggle_debug\download\XAI-Compress\notebooks\09_model_comparison.ipynb,1694,2a3024b3c8dbc4bd1fa9b465ea07b1f16c391745e21d18d4b362d48c8d2fb0d9,4,3,1,0,0,,# Model Comparison | ## Reproduction | ## Interpretation,
C:\Users\ss\Desktop\XAI\XAI\engines\XAI-Compress\results\kaggle_debug\download\XAI-Compress\notebooks\10_compression_comparison.ipynb,1793,07ede12042e411f1ae173bf70b7a0400a41411fe430647268e30f4fcfd37ffec,4,3,1,0,0,,# Classical Compressor Comparison | ## Reproduction | ## Interpretation,
C:\Users\ss\Desktop\XAI\XAI\engines\XAI-Compress\results\kaggle_debug\download\XAI-Compress\notebooks\11_speed_benchmark.ipynb,1585,1ff9c45b79aa140df261cf1864958697c76da455a1a36acad79556139fb12b9b,4,3,1,0,0,,# Speed Benchmark | ## Reproduction | ## Interpretation,
C:\Users\ss\Desktop\XAI\XAI\engines\XAI-Compress\results\kaggle_debug\download\XAI-Compress\notebooks\12_memory_gpu_benchmark.ipynb,1515,0df99fdcef5e9bbf8c47a859fbfb4788281b32f50d02a691a35f33af44fa1c01,4,3,1,0,0,,# Hardware and Memory Benchmark | ## Reproduction | ## Interpretation,
C:\Users\ss\Desktop\XAI\XAI\engines\XAI-Compress\results\kaggle_debug\download\XAI-Compress\notebooks\13_ablation_study.ipynb,1605,5d88283da68155bbe44595e897f46308c335af081880604b21db3be26281a4ba,4,3,1,0,0,,# Ablation Study | ## Reproduction | ## Interpretation,
C:\Users\ss\Desktop\XAI\XAI\engines\XAI-Compress\results\kaggle_debug\download\XAI-Compress\notebooks\14_error_analysis.ipynb,1713,2e4d9c8b244c290419affc9da765f258c1a2c73ee2e28b8249a7a6886edd39a8,4,3,1,0,0,,# Error Analysis | ## Reproduction | ## Interpretation,
C:\Users\ss\Desktop\XAI\XAI\engines\XAI-Compress\results\kaggle_debug\download\XAI-Compress\notebooks\15_final_results.ipynb,1642,a274f87133c6503d7b248827f980f8769ed18b5d02a1e66f82cc2109b2a2cac9,4,3,1,0,0,,# Final Results | ## Reproduction | ## Interpretation,
C:\Users\ss\Desktop\XAI\XAI\engines\XAI-Compress\results\kaggle_debug\download\XAI-Compress\notebooks\16_complete_pipeline.ipynb,1650,3d009bfb870a03137d7b6d833d113c1dd54d2b69d8666f19679d3c127bd2a5b7,4,3,1,0,0,,# Complete End-to-End Pipeline | ## Reproduction | ## Interpretation,
C:\Users\ss\Desktop\XAI\XAI\engines\XAI-Compress\results\kaggle_debug\download\XAI-Compress\notebooks\PhD_Interview_XAI_Compress_Visual_Explanation.ipynb,254248,1be2e6a47458b26ac08a42881a8994d45a91605bd2c3b285b808dbbf522ba5af,41,24,17,20,6,4:0:image/png;9:0:image/png;13:1:image/png;15:1:image/png;17:2:image/png;19:0:image/png,# XAI-Compress — PhD Interview Visual Explanation Notebook | ## 0. Interview story in 60 seconds | # 1. System architecture | ### Interview explanation | # 2. Information theory foundation | # 3. Data Engineering Pipeline | # 4. Dataset overview from real project measurements | # 5. Byte-level visualization | # 6. Byte frequency distribution | # 7. Local entropy by chunk | # 8. XAIC v3 streaming architecture | # 9. Training and GPU engineering | # 10. Benchmark methodology | # 11. Compression ratio comparison | # 12. Pareto analysis | # 13. Streaming memory scaling | # 14. Profiling and Amdahl's Law | # 15. Model evolution | # 16. How to explain the model in a PhD interview | # 17. Existing solutions — how to compare fairly,
C:\Users\ss\Desktop\XAI\XAI\engines\XAI-Compress\results\kaggle_debug\download\XAI-Compress\notebooks\xai_compress_research.ipynb,4200,3ea3789908b008585b8bd183267fc35372c2fa526600ecbb30575ca727aeab57,8,5,3,0,0,,"# XAI-Compress Research Notebook | ## 1–4. Dataset analysis, statistics, distribution, entropy | ## 5. Model architecture | ## 6–10. Training, loss, validation, BPB, ratio | ## 11–20. Speed, GPU, model comparison, classical codecs, errors, conclusions",
C:\Users\ss\Desktop\XAI\XAI\engines\XAI-Compress\results\kaggle_debug\download\XAI-Compress\XAI_Compress_Complete_Analysis.ipynb,265021,5e8e132359c8914a490fa39e23c5e0c6e29ad6bcf6ffc79b94c8ad40ccc72338,32,18,14,21,8,4:0:image/png;6:0:image/png;8:1:image/png;15:1:image/png;18:1:image/png;22:1:image/png;28:1:image/png;28:2:image/png,"# XAI-Compress — End-to-End Development, Training & Benchmark Analysis | ### Objective | ## 1. Executive summary | ## 2. Project architecture | ## 3. Initial model: CausalByteGRU | ## 4. Why the first V2 attempt was not accepted | ## 5. Profiling: where the time went | ### Optimization pass | ## 6. Correctness is non-negotiable | ## 7. Dataset audit | ## 8. Training methodology | ### Selection rule | ## 9. Recorded training experiments | ### Valid evidence | ### Invalid context comparison | ## 10. Model inventory | ## 11. Real README benchmark | ## 12. Quantitative interpretation of the README result | ## 13. Reproducible benchmark runner | ## 14. How the final model should be selected",
C:\Users\ss\Desktop\XAI\XAI\engines\XAI-Compress\results\model_search\imports\auto\lr-0-0002-f316e33308\v1\XAI-Compress\notebooks\00_kaggle_setup.ipynb,4165,41b2772342066d7959374ae4ead4a031013a3699ae80288dc8d6231ef7b554e9,8,1,7,0,0,,# XAI-Compress: offline Kaggle GPU workflow,
C:\Users\ss\Desktop\XAI\XAI\engines\XAI-Compress\results\model_search\imports\auto\lr-0-0002-f316e33308\v1\XAI-Compress\notebooks\01_project_introduction.ipynb,1634,e2b3de537d43bbf4d839110cb63710e97aa10046e093379a7593d4bf2cddc07e,4,3,1,0,0,,# Project Introduction | ## Reproduction | ## Interpretation,
C:\Users\ss\Desktop\XAI\XAI\engines\XAI-Compress\results\model_search\imports\auto\lr-0-0002-f316e33308\v1\XAI-Compress\notebooks\02_dataset_analysis.ipynb,1687,a64bcf73ca2403bcc8bcc6d39699428f26e7daf4ed9f87d5761fe230c0168fb9,4,3,1,0,0,,# Dataset Analysis | ## Reproduction | ## Interpretation,
C:\Users\ss\Desktop\XAI\XAI\engines\XAI-Compress\results\model_search\imports\auto\lr-0-0002-f316e33308\v1\XAI-Compress\notebooks\03_data_preprocessing.ipynb,1742,d0e79ea9eadcca0d64801900841afe4d5d7a9762d84fb733b281a94e33995e50,4,3,1,0,0,,# Data Preprocessing | ## Reproduction | ## Interpretation,
C:\Users\ss\Desktop\XAI\XAI\engines\XAI-Compress\results\model_search\imports\auto\lr-0-0002-f316e33308\v1\XAI-Compress\notebooks\04_entropy_analysis.ipynb,1630,c8f4db425ee0af886205b62eb2f3a32a10e9886f5247910c128ad56b60f21175,4,3,1,0,0,,# Information Theory and Entropy | ## Reproduction | ## Interpretation,
C:\Users\ss\Desktop\XAI\XAI\engines\XAI-Compress\results\model_search\imports\auto\lr-0-0002-f316e33308\v1\XAI-Compress\notebooks\05_baseline_model.ipynb,1658,e03537bde3612e3247a17a43adde109e8407883a2027d7dcd0bb6c05eec09aa7,4,3,1,0,0,,# Baseline Model | ## Reproduction | ## Interpretation,
C:\Users\ss\Desktop\XAI\XAI\engines\XAI-Compress\results\model_search\imports\auto\lr-0-0002-f316e33308\v1\XAI-Compress\notebooks\06_model_architecture.ipynb,1724,100b91a148d3b236cee1cd42b9a4b86eba4b59f63e453e6c16c75745b3af30dd,4,3,1,0,0,,# Improved Architecture | ## Reproduction | ## Interpretation,
C:\Users\ss\Desktop\XAI\XAI\engines\XAI-Compress\results\model_search\imports\auto\lr-0-0002-f316e33308\v1\XAI-Compress\notebooks\07_training_process.ipynb,1705,dcbba6b44484be817d61432c1ef1142f94319ac5b6ee2d502965f66a371cd48a,4,3,1,0,0,,# Training Process | ## Reproduction | ## Interpretation,
C:\Users\ss\Desktop\XAI\XAI\engines\XAI-Compress\results\model_search\imports\auto\lr-0-0002-f316e33308\v1\XAI-Compress\notebooks\08_training_evolution.ipynb,1625,30eae3820b117198a6b53cd2bb05443dbf0c83f388de2dc8d01d53569937a54a,4,3,1,0,0,,# Training and Model Evolution | ## Reproduction | ## Interpretation,
C:\Users\ss\Desktop\XAI\XAI\engines\XAI-Compress\results\model_search\imports\auto\lr-0-0002-f316e33308\v1\XAI-Compress\notebooks\09_model_comparison.ipynb,1694,2a3024b3c8dbc4bd1fa9b465ea07b1f16c391745e21d18d4b362d48c8d2fb0d9,4,3,1,0,0,,# Model Comparison | ## Reproduction | ## Interpretation,
C:\Users\ss\Desktop\XAI\XAI\engines\XAI-Compress\results\model_search\imports\auto\lr-0-0002-f316e33308\v1\XAI-Compress\notebooks\10_compression_comparison.ipynb,1793,07ede12042e411f1ae173bf70b7a0400a41411fe430647268e30f4fcfd37ffec,4,3,1,0,0,,# Classical Compressor Comparison | ## Reproduction | ## Interpretation,
C:\Users\ss\Desktop\XAI\XAI\engines\XAI-Compress\results\model_search\imports\auto\lr-0-0002-f316e33308\v1\XAI-Compress\notebooks\11_speed_benchmark.ipynb,1585,1ff9c45b79aa140df261cf1864958697c76da455a1a36acad79556139fb12b9b,4,3,1,0,0,,# Speed Benchmark | ## Reproduction | ## Interpretation,
C:\Users\ss\Desktop\XAI\XAI\engines\XAI-Compress\results\model_search\imports\auto\lr-0-0002-f316e33308\v1\XAI-Compress\notebooks\12_memory_gpu_benchmark.ipynb,1515,0df99fdcef5e9bbf8c47a859fbfb4788281b32f50d02a691a35f33af44fa1c01,4,3,1,0,0,,# Hardware and Memory Benchmark | ## Reproduction | ## Interpretation,
C:\Users\ss\Desktop\XAI\XAI\engines\XAI-Compress\results\model_search\imports\auto\lr-0-0002-f316e33308\v1\XAI-Compress\notebooks\13_ablation_study.ipynb,1605,5d88283da68155bbe44595e897f46308c335af081880604b21db3be26281a4ba,4,3,1,0,0,,# Ablation Study | ## Reproduction | ## Interpretation,
C:\Users\ss\Desktop\XAI\XAI\engines\XAI-Compress\results\model_search\imports\auto\lr-0-0002-f316e33308\v1\XAI-Compress\notebooks\14_error_analysis.ipynb,1713,2e4d9c8b244c290419affc9da765f258c1a2c73ee2e28b8249a7a6886edd39a8,4,3,1,0,0,,# Error Analysis | ## Reproduction | ## Interpretation,
C:\Users\ss\Desktop\XAI\XAI\engines\XAI-Compress\results\model_search\imports\auto\lr-0-0002-f316e33308\v1\XAI-Compress\notebooks\15_final_results.ipynb,1642,a274f87133c6503d7b248827f980f8769ed18b5d02a1e66f82cc2109b2a2cac9,4,3,1,0,0,,# Final Results | ## Reproduction | ## Interpretation,
C:\Users\ss\Desktop\XAI\XAI\engines\XAI-Compress\results\model_search\imports\auto\lr-0-0002-f316e33308\v1\XAI-Compress\notebooks\16_complete_pipeline.ipynb,1650,3d009bfb870a03137d7b6d833d113c1dd54d2b69d8666f19679d3c127bd2a5b7,4,3,1,0,0,,# Complete End-to-End Pipeline | ## Reproduction | ## Interpretation,
C:\Users\ss\Desktop\XAI\XAI\engines\XAI-Compress\results\model_search\imports\auto\lr-0-0002-f316e33308\v1\XAI-Compress\notebooks\PhD_Interview_XAI_Compress_Visual_Explanation.ipynb,254248,1be2e6a47458b26ac08a42881a8994d45a91605bd2c3b285b808dbbf522ba5af,41,24,17,20,6,4:0:image/png;9:0:image/png;13:1:image/png;15:1:image/png;17:2:image/png;19:0:image/png,# XAI-Compress — PhD Interview Visual Explanation Notebook | ## 0. Interview story in 60 seconds | # 1. System architecture | ### Interview explanation | # 2. Information theory foundation | # 3. Data Engineering Pipeline | # 4. Dataset overview from real project measurements | # 5. Byte-level visualization | # 6. Byte frequency distribution | # 7. Local entropy by chunk | # 8. XAIC v3 streaming architecture | # 9. Training and GPU engineering | # 10. Benchmark methodology | # 11. Compression ratio comparison | # 12. Pareto analysis | # 13. Streaming memory scaling | # 14. Profiling and Amdahl's Law | # 15. Model evolution | # 16. How to explain the model in a PhD interview | # 17. Existing solutions — how to compare fairly,
C:\Users\ss\Desktop\XAI\XAI\engines\XAI-Compress\results\model_search\imports\auto\lr-0-0002-f316e33308\v1\XAI-Compress\notebooks\XAI_Compress_Final_Research_Analysis.ipynb,5275,9d6eefc011e53dd19405ea32af04e5c1689c4bc6dddc960df98c86faeed03477,14,8,6,0,0,,"# XAI-Compress Final Research Analysis | ## Problem → theory → architecture | ## Pipeline and experiment evolution | ## Dataset engineering | ## Training and hardware evidence | ## Rust optimization and Amdahl’s law | ## Losslessness, model comparison and Pareto frontier | ## Limitations and next research",
C:\Users\ss\Desktop\XAI\XAI\engines\XAI-Compress\results\model_search\imports\auto\lr-0-0002-f316e33308\v1\XAI-Compress\notebooks\xai_compress_research.ipynb,4200,3ea3789908b008585b8bd183267fc35372c2fa526600ecbb30575ca727aeab57,8,5,3,0,0,,"# XAI-Compress Research Notebook | ## 1–4. Dataset analysis, statistics, distribution, entropy | ## 5. Model architecture | ## 6–10. Training, loss, validation, BPB, ratio | ## 11–20. Speed, GPU, model comparison, classical codecs, errors, conclusions",
C:\Users\ss\Desktop\XAI\XAI\engines\XAI-Compress\results\model_search\imports\auto\lr-0-0002-f316e33308\v1\XAI-Compress\notebooks\XAI_Compress_Three_Model_Final_Analysis.ipynb,2370,5f2c48b04d42fd40d6f4a22f3c98148ce9d00d1fd43da55b33825bd44b15bcf6,8,6,2,0,0,,"# XAI-Compress Three-Mode Final Analysis | ## 1–7. Problem, lossless theory, and old architecture | ## 8–14. Lossless V2 | ## 15–18. Lossy V1 | ## 19–27. Three-mode application and benchmark | ## 28–30. Limitations, future work, conclusion",
C:\Users\ss\Desktop\XAI\XAI\engines\XAI-Compress\results\model_search\imports\auto\lr-0-0002-f316e33308\v1\XAI-Compress\XAI_Compress_Complete_Analysis.ipynb,265021,5e8e132359c8914a490fa39e23c5e0c6e29ad6bcf6ffc79b94c8ad40ccc72338,32,18,14,21,8,4:0:image/png;6:0:image/png;8:1:image/png;15:1:image/png;18:1:image/png;22:1:image/png;28:1:image/png;28:2:image/png,"# XAI-Compress — End-to-End Development, Training & Benchmark Analysis | ### Objective | ## 1. Executive summary | ## 2. Project architecture | ## 3. Initial model: CausalByteGRU | ## 4. Why the first V2 attempt was not accepted | ## 5. Profiling: where the time went | ### Optimization pass | ## 6. Correctness is non-negotiable | ## 7. Dataset audit | ## 8. Training methodology | ### Selection rule | ## 9. Recorded training experiments | ### Valid evidence | ### Invalid context comparison | ## 10. Model inventory | ## 11. Real README benchmark | ## 12. Quantitative interpretation of the README result | ## 13. Reproducible benchmark runner | ## 14. How the final model should be selected",
C:\Users\ss\Desktop\XAI\XAI\engines\XAI-Compress\results\model_search\imports\auto\residual-scale-depth-3c28504154\v1\XAI-Compress\notebooks\00_kaggle_setup.ipynb,4165,41b2772342066d7959374ae4ead4a031013a3699ae80288dc8d6231ef7b554e9,8,1,7,0,0,,# XAI-Compress: offline Kaggle GPU workflow,
C:\Users\ss\Desktop\XAI\XAI\engines\XAI-Compress\results\model_search\imports\auto\residual-scale-depth-3c28504154\v1\XAI-Compress\notebooks\01_project_introduction.ipynb,1634,e2b3de537d43bbf4d839110cb63710e97aa10046e093379a7593d4bf2cddc07e,4,3,1,0,0,,# Project Introduction | ## Reproduction | ## Interpretation,
C:\Users\ss\Desktop\XAI\XAI\engines\XAI-Compress\results\model_search\imports\auto\residual-scale-depth-3c28504154\v1\XAI-Compress\notebooks\02_dataset_analysis.ipynb,1687,a64bcf73ca2403bcc8bcc6d39699428f26e7daf4ed9f87d5761fe230c0168fb9,4,3,1,0,0,,# Dataset Analysis | ## Reproduction | ## Interpretation,
C:\Users\ss\Desktop\XAI\XAI\engines\XAI-Compress\results\model_search\imports\auto\residual-scale-depth-3c28504154\v1\XAI-Compress\notebooks\03_data_preprocessing.ipynb,1742,d0e79ea9eadcca0d64801900841afe4d5d7a9762d84fb733b281a94e33995e50,4,3,1,0,0,,# Data Preprocessing | ## Reproduction | ## Interpretation,
C:\Users\ss\Desktop\XAI\XAI\engines\XAI-Compress\results\model_search\imports\auto\residual-scale-depth-3c28504154\v1\XAI-Compress\notebooks\04_entropy_analysis.ipynb,1630,c8f4db425ee0af886205b62eb2f3a32a10e9886f5247910c128ad56b60f21175,4,3,1,0,0,,# Information Theory and Entropy | ## Reproduction | ## Interpretation,
C:\Users\ss\Desktop\XAI\XAI\engines\XAI-Compress\results\model_search\imports\auto\residual-scale-depth-3c28504154\v1\XAI-Compress\notebooks\05_baseline_model.ipynb,1658,e03537bde3612e3247a17a43adde109e8407883a2027d7dcd0bb6c05eec09aa7,4,3,1,0,0,,# Baseline Model | ## Reproduction | ## Interpretation,
C:\Users\ss\Desktop\XAI\XAI\engines\XAI-Compress\results\model_search\imports\auto\residual-scale-depth-3c28504154\v1\XAI-Compress\notebooks\06_model_architecture.ipynb,1724,100b91a148d3b236cee1cd42b9a4b86eba4b59f63e453e6c16c75745b3af30dd,4,3,1,0,0,,# Improved Architecture | ## Reproduction | ## Interpretation,
C:\Users\ss\Desktop\XAI\XAI\engines\XAI-Compress\results\model_search\imports\auto\residual-scale-depth-3c28504154\v1\XAI-Compress\notebooks\07_training_process.ipynb,1705,dcbba6b44484be817d61432c1ef1142f94319ac5b6ee2d502965f66a371cd48a,4,3,1,0,0,,# Training Process | ## Reproduction | ## Interpretation,
C:\Users\ss\Desktop\XAI\XAI\engines\XAI-Compress\results\model_search\imports\auto\residual-scale-depth-3c28504154\v1\XAI-Compress\notebooks\08_training_evolution.ipynb,1625,30eae3820b117198a6b53cd2bb05443dbf0c83f388de2dc8d01d53569937a54a,4,3,1,0,0,,# Training and Model Evolution | ## Reproduction | ## Interpretation,
C:\Users\ss\Desktop\XAI\XAI\engines\XAI-Compress\results\model_search\imports\auto\residual-scale-depth-3c28504154\v1\XAI-Compress\notebooks\09_model_comparison.ipynb,1694,2a3024b3c8dbc4bd1fa9b465ea07b1f16c391745e21d18d4b362d48c8d2fb0d9,4,3,1,0,0,,# Model Comparison | ## Reproduction | ## Interpretation,
C:\Users\ss\Desktop\XAI\XAI\engines\XAI-Compress\results\model_search\imports\auto\residual-scale-depth-3c28504154\v1\XAI-Compress\notebooks\10_compression_comparison.ipynb,1793,07ede12042e411f1ae173bf70b7a0400a41411fe430647268e30f4fcfd37ffec,4,3,1,0,0,,# Classical Compressor Comparison | ## Reproduction | ## Interpretation,
C:\Users\ss\Desktop\XAI\XAI\engines\XAI-Compress\results\model_search\imports\auto\residual-scale-depth-3c28504154\v1\XAI-Compress\notebooks\11_speed_benchmark.ipynb,1585,1ff9c45b79aa140df261cf1864958697c76da455a1a36acad79556139fb12b9b,4,3,1,0,0,,# Speed Benchmark | ## Reproduction | ## Interpretation,
C:\Users\ss\Desktop\XAI\XAI\engines\XAI-Compress\results\model_search\imports\auto\residual-scale-depth-3c28504154\v1\XAI-Compress\notebooks\12_memory_gpu_benchmark.ipynb,1515,0df99fdcef5e9bbf8c47a859fbfb4788281b32f50d02a691a35f33af44fa1c01,4,3,1,0,0,,# Hardware and Memory Benchmark | ## Reproduction | ## Interpretation,
C:\Users\ss\Desktop\XAI\XAI\engines\XAI-Compress\results\model_search\imports\auto\residual-scale-depth-3c28504154\v1\XAI-Compress\notebooks\13_ablation_study.ipynb,1605,5d88283da68155bbe44595e897f46308c335af081880604b21db3be26281a4ba,4,3,1,0,0,,# Ablation Study | ## Reproduction | ## Interpretation,
C:\Users\ss\Desktop\XAI\XAI\engines\XAI-Compress\results\model_search\imports\auto\residual-scale-depth-3c28504154\v1\XAI-Compress\notebooks\14_error_analysis.ipynb,1713,2e4d9c8b244c290419affc9da765f258c1a2c73ee2e28b8249a7a6886edd39a8,4,3,1,0,0,,# Error Analysis | ## Reproduction | ## Interpretation,
C:\Users\ss\Desktop\XAI\XAI\engines\XAI-Compress\results\model_search\imports\auto\residual-scale-depth-3c28504154\v1\XAI-Compress\notebooks\15_final_results.ipynb,1642,a274f87133c6503d7b248827f980f8769ed18b5d02a1e66f82cc2109b2a2cac9,4,3,1,0,0,,# Final Results | ## Reproduction | ## Interpretation,
C:\Users\ss\Desktop\XAI\XAI\engines\XAI-Compress\results\model_search\imports\auto\residual-scale-depth-3c28504154\v1\XAI-Compress\notebooks\16_complete_pipeline.ipynb,1650,3d009bfb870a03137d7b6d833d113c1dd54d2b69d8666f19679d3c127bd2a5b7,4,3,1,0,0,,# Complete End-to-End Pipeline | ## Reproduction | ## Interpretation,
C:\Users\ss\Desktop\XAI\XAI\engines\XAI-Compress\results\model_search\imports\auto\residual-scale-depth-3c28504154\v1\XAI-Compress\notebooks\PhD_Interview_XAI_Compress_Visual_Explanation.ipynb,254248,1be2e6a47458b26ac08a42881a8994d45a91605bd2c3b285b808dbbf522ba5af,41,24,17,20,6,4:0:image/png;9:0:image/png;13:1:image/png;15:1:image/png;17:2:image/png;19:0:image/png,# XAI-Compress — PhD Interview Visual Explanation Notebook | ## 0. Interview story in 60 seconds | # 1. System architecture | ### Interview explanation | # 2. Information theory foundation | # 3. Data Engineering Pipeline | # 4. Dataset overview from real project measurements | # 5. Byte-level visualization | # 6. Byte frequency distribution | # 7. Local entropy by chunk | # 8. XAIC v3 streaming architecture | # 9. Training and GPU engineering | # 10. Benchmark methodology | # 11. Compression ratio comparison | # 12. Pareto analysis | # 13. Streaming memory scaling | # 14. Profiling and Amdahl's Law | # 15. Model evolution | # 16. How to explain the model in a PhD interview | # 17. Existing solutions — how to compare fairly,
C:\Users\ss\Desktop\XAI\XAI\engines\XAI-Compress\results\model_search\imports\auto\residual-scale-depth-3c28504154\v1\XAI-Compress\notebooks\XAI_Compress_Final_Research_Analysis.ipynb,5275,9d6eefc011e53dd19405ea32af04e5c1689c4bc6dddc960df98c86faeed03477,14,8,6,0,0,,"# XAI-Compress Final Research Analysis | ## Problem → theory → architecture | ## Pipeline and experiment evolution | ## Dataset engineering | ## Training and hardware evidence | ## Rust optimization and Amdahl’s law | ## Losslessness, model comparison and Pareto frontier | ## Limitations and next research",
C:\Users\ss\Desktop\XAI\XAI\engines\XAI-Compress\results\model_search\imports\auto\residual-scale-depth-3c28504154\v1\XAI-Compress\notebooks\xai_compress_research.ipynb,4200,3ea3789908b008585b8bd183267fc35372c2fa526600ecbb30575ca727aeab57,8,5,3,0,0,,"# XAI-Compress Research Notebook | ## 1–4. Dataset analysis, statistics, distribution, entropy | ## 5. Model architecture | ## 6–10. Training, loss, validation, BPB, ratio | ## 11–20. Speed, GPU, model comparison, classical codecs, errors, conclusions",
C:\Users\ss\Desktop\XAI\XAI\engines\XAI-Compress\results\model_search\imports\auto\residual-scale-depth-3c28504154\v1\XAI-Compress\notebooks\XAI_Compress_Three_Model_Final_Analysis.ipynb,2370,5f2c48b04d42fd40d6f4a22f3c98148ce9d00d1fd43da55b33825bd44b15bcf6,8,6,2,0,0,,"# XAI-Compress Three-Mode Final Analysis | ## 1–7. Problem, lossless theory, and old architecture | ## 8–14. Lossless V2 | ## 15–18. Lossy V1 | ## 19–27. Three-mode application and benchmark | ## 28–30. Limitations, future work, conclusion",
C:\Users\ss\Desktop\XAI\XAI\engines\XAI-Compress\results\model_search\imports\auto\residual-scale-depth-3c28504154\v1\XAI-Compress\XAI_Compress_Complete_Analysis.ipynb,265021,5e8e132359c8914a490fa39e23c5e0c6e29ad6bcf6ffc79b94c8ad40ccc72338,32,18,14,21,8,4:0:image/png;6:0:image/png;8:1:image/png;15:1:image/png;18:1:image/png;22:1:image/png;28:1:image/png;28:2:image/png,"# XAI-Compress — End-to-End Development, Training & Benchmark Analysis | ### Objective | ## 1. Executive summary | ## 2. Project architecture | ## 3. Initial model: CausalByteGRU | ## 4. Why the first V2 attempt was not accepted | ## 5. Profiling: where the time went | ### Optimization pass | ## 6. Correctness is non-negotiable | ## 7. Dataset audit | ## 8. Training methodology | ### Selection rule | ## 9. Recorded training experiments | ### Valid evidence | ### Invalid context comparison | ## 10. Model inventory | ## 11. Real README benchmark | ## 12. Quantitative interpretation of the README result | ## 13. Reproducible benchmark runner | ## 14. How the final model should be selected",
C:\Users\ss\Desktop\XAI\XAI\engines\XAI-Compress\results\model_search\imports\candidate_a_retry_20260831\XAI-Compress\notebooks\00_kaggle_setup.ipynb,4165,41b2772342066d7959374ae4ead4a031013a3699ae80288dc8d6231ef7b554e9,8,1,7,0,0,,# XAI-Compress: offline Kaggle GPU workflow,
C:\Users\ss\Desktop\XAI\XAI\engines\XAI-Compress\results\model_search\imports\candidate_a_retry_20260831\XAI-Compress\notebooks\01_project_introduction.ipynb,1634,e2b3de537d43bbf4d839110cb63710e97aa10046e093379a7593d4bf2cddc07e,4,3,1,0,0,,# Project Introduction | ## Reproduction | ## Interpretation,
C:\Users\ss\Desktop\XAI\XAI\engines\XAI-Compress\results\model_search\imports\candidate_a_retry_20260831\XAI-Compress\notebooks\02_dataset_analysis.ipynb,1687,a64bcf73ca2403bcc8bcc6d39699428f26e7daf4ed9f87d5761fe230c0168fb9,4,3,1,0,0,,# Dataset Analysis | ## Reproduction | ## Interpretation,
C:\Users\ss\Desktop\XAI\XAI\engines\XAI-Compress\results\model_search\imports\candidate_a_retry_20260831\XAI-Compress\notebooks\03_data_preprocessing.ipynb,1742,d0e79ea9eadcca0d64801900841afe4d5d7a9762d84fb733b281a94e33995e50,4,3,1,0,0,,# Data Preprocessing | ## Reproduction | ## Interpretation,
C:\Users\ss\Desktop\XAI\XAI\engines\XAI-Compress\results\model_search\imports\candidate_a_retry_20260831\XAI-Compress\notebooks\04_entropy_analysis.ipynb,1630,c8f4db425ee0af886205b62eb2f3a32a10e9886f5247910c128ad56b60f21175,4,3,1,0,0,,# Information Theory and Entropy | ## Reproduction | ## Interpretation,
C:\Users\ss\Desktop\XAI\XAI\engines\XAI-Compress\results\model_search\imports\candidate_a_retry_20260831\XAI-Compress\notebooks\05_baseline_model.ipynb,1658,e03537bde3612e3247a17a43adde109e8407883a2027d7dcd0bb6c05eec09aa7,4,3,1,0,0,,# Baseline Model | ## Reproduction | ## Interpretation,
C:\Users\ss\Desktop\XAI\XAI\engines\XAI-Compress\results\model_search\imports\candidate_a_retry_20260831\XAI-Compress\notebooks\06_model_architecture.ipynb,1724,100b91a148d3b236cee1cd42b9a4b86eba4b59f63e453e6c16c75745b3af30dd,4,3,1,0,0,,# Improved Architecture | ## Reproduction | ## Interpretation,
C:\Users\ss\Desktop\XAI\XAI\engines\XAI-Compress\results\model_search\imports\candidate_a_retry_20260831\XAI-Compress\notebooks\07_training_process.ipynb,1705,dcbba6b44484be817d61432c1ef1142f94319ac5b6ee2d502965f66a371cd48a,4,3,1,0,0,,# Training Process | ## Reproduction | ## Interpretation,
C:\Users\ss\Desktop\XAI\XAI\engines\XAI-Compress\results\model_search\imports\candidate_a_retry_20260831\XAI-Compress\notebooks\08_training_evolution.ipynb,1625,30eae3820b117198a6b53cd2bb05443dbf0c83f388de2dc8d01d53569937a54a,4,3,1,0,0,,# Training and Model Evolution | ## Reproduction | ## Interpretation,
C:\Users\ss\Desktop\XAI\XAI\engines\XAI-Compress\results\model_search\imports\candidate_a_retry_20260831\XAI-Compress\notebooks\09_model_comparison.ipynb,1694,2a3024b3c8dbc4bd1fa9b465ea07b1f16c391745e21d18d4b362d48c8d2fb0d9,4,3,1,0,0,,# Model Comparison | ## Reproduction | ## Interpretation,
C:\Users\ss\Desktop\XAI\XAI\engines\XAI-Compress\results\model_search\imports\candidate_a_retry_20260831\XAI-Compress\notebooks\10_compression_comparison.ipynb,1793,07ede12042e411f1ae173bf70b7a0400a41411fe430647268e30f4fcfd37ffec,4,3,1,0,0,,# Classical Compressor Comparison | ## Reproduction | ## Interpretation,
C:\Users\ss\Desktop\XAI\XAI\engines\XAI-Compress\results\model_search\imports\candidate_a_retry_20260831\XAI-Compress\notebooks\11_speed_benchmark.ipynb,1585,1ff9c45b79aa140df261cf1864958697c76da455a1a36acad79556139fb12b9b,4,3,1,0,0,,# Speed Benchmark | ## Reproduction | ## Interpretation,
C:\Users\ss\Desktop\XAI\XAI\engines\XAI-Compress\results\model_search\imports\candidate_a_retry_20260831\XAI-Compress\notebooks\12_memory_gpu_benchmark.ipynb,1515,0df99fdcef5e9bbf8c47a859fbfb4788281b32f50d02a691a35f33af44fa1c01,4,3,1,0,0,,# Hardware and Memory Benchmark | ## Reproduction | ## Interpretation,
C:\Users\ss\Desktop\XAI\XAI\engines\XAI-Compress\results\model_search\imports\candidate_a_retry_20260831\XAI-Compress\notebooks\13_ablation_study.ipynb,1605,5d88283da68155bbe44595e897f46308c335af081880604b21db3be26281a4ba,4,3,1,0,0,,# Ablation Study | ## Reproduction | ## Interpretation,
C:\Users\ss\Desktop\XAI\XAI\engines\XAI-Compress\results\model_search\imports\candidate_a_retry_20260831\XAI-Compress\notebooks\14_error_analysis.ipynb,1713,2e4d9c8b244c290419affc9da765f258c1a2c73ee2e28b8249a7a6886edd39a8,4,3,1,0,0,,# Error Analysis | ## Reproduction | ## Interpretation,
C:\Users\ss\Desktop\XAI\XAI\engines\XAI-Compress\results\model_search\imports\candidate_a_retry_20260831\XAI-Compress\notebooks\15_final_results.ipynb,1642,a274f87133c6503d7b248827f980f8769ed18b5d02a1e66f82cc2109b2a2cac9,4,3,1,0,0,,# Final Results | ## Reproduction | ## Interpretation,
C:\Users\ss\Desktop\XAI\XAI\engines\XAI-Compress\results\model_search\imports\candidate_a_retry_20260831\XAI-Compress\notebooks\16_complete_pipeline.ipynb,1650,3d009bfb870a03137d7b6d833d113c1dd54d2b69d8666f19679d3c127bd2a5b7,4,3,1,0,0,,# Complete End-to-End Pipeline | ## Reproduction | ## Interpretation,
C:\Users\ss\Desktop\XAI\XAI\engines\XAI-Compress\results\model_search\imports\candidate_a_retry_20260831\XAI-Compress\notebooks\PhD_Interview_XAI_Compress_Visual_Explanation.ipynb,254248,1be2e6a47458b26ac08a42881a8994d45a91605bd2c3b285b808dbbf522ba5af,41,24,17,20,6,4:0:image/png;9:0:image/png;13:1:image/png;15:1:image/png;17:2:image/png;19:0:image/png,# XAI-Compress — PhD Interview Visual Explanation Notebook | ## 0. Interview story in 60 seconds | # 1. System architecture | ### Interview explanation | # 2. Information theory foundation | # 3. Data Engineering Pipeline | # 4. Dataset overview from real project measurements | # 5. Byte-level visualization | # 6. Byte frequency distribution | # 7. Local entropy by chunk | # 8. XAIC v3 streaming architecture | # 9. Training and GPU engineering | # 10. Benchmark methodology | # 11. Compression ratio comparison | # 12. Pareto analysis | # 13. Streaming memory scaling | # 14. Profiling and Amdahl's Law | # 15. Model evolution | # 16. How to explain the model in a PhD interview | # 17. Existing solutions — how to compare fairly,
C:\Users\ss\Desktop\XAI\XAI\engines\XAI-Compress\results\model_search\imports\candidate_a_retry_20260831\XAI-Compress\notebooks\XAI_Compress_Final_Research_Analysis.ipynb,5275,9d6eefc011e53dd19405ea32af04e5c1689c4bc6dddc960df98c86faeed03477,14,8,6,0,0,,"# XAI-Compress Final Research Analysis | ## Problem → theory → architecture | ## Pipeline and experiment evolution | ## Dataset engineering | ## Training and hardware evidence | ## Rust optimization and Amdahl’s law | ## Losslessness, model comparison and Pareto frontier | ## Limitations and next research",
C:\Users\ss\Desktop\XAI\XAI\engines\XAI-Compress\results\model_search\imports\candidate_a_retry_20260831\XAI-Compress\notebooks\xai_compress_research.ipynb,4200,3ea3789908b008585b8bd183267fc35372c2fa526600ecbb30575ca727aeab57,8,5,3,0,0,,"# XAI-Compress Research Notebook | ## 1–4. Dataset analysis, statistics, distribution, entropy | ## 5. Model architecture | ## 6–10. Training, loss, validation, BPB, ratio | ## 11–20. Speed, GPU, model comparison, classical codecs, errors, conclusions",
C:\Users\ss\Desktop\XAI\XAI\engines\XAI-Compress\results\model_search\imports\candidate_a_retry_20260831\XAI-Compress\notebooks\XAI_Compress_Three_Model_Final_Analysis.ipynb,2370,5f2c48b04d42fd40d6f4a22f3c98148ce9d00d1fd43da55b33825bd44b15bcf6,8,6,2,0,0,,"# XAI-Compress Three-Mode Final Analysis | ## 1–7. Problem, lossless theory, and old architecture | ## 8–14. Lossless V2 | ## 15–18. Lossy V1 | ## 19–27. Three-mode application and benchmark | ## 28–30. Limitations, future work, conclusion",
C:\Users\ss\Desktop\XAI\XAI\engines\XAI-Compress\results\model_search\imports\candidate_a_retry_20260831\XAI-Compress\XAI_Compress_Complete_Analysis.ipynb,265021,5e8e132359c8914a490fa39e23c5e0c6e29ad6bcf6ffc79b94c8ad40ccc72338,32,18,14,21,8,4:0:image/png;6:0:image/png;8:1:image/png;15:1:image/png;18:1:image/png;22:1:image/png;28:1:image/png;28:2:image/png,"# XAI-Compress — End-to-End Development, Training & Benchmark Analysis | ### Objective | ## 1. Executive summary | ## 2. Project architecture | ## 3. Initial model: CausalByteGRU | ## 4. Why the first V2 attempt was not accepted | ## 5. Profiling: where the time went | ### Optimization pass | ## 6. Correctness is non-negotiable | ## 7. Dataset audit | ## 8. Training methodology | ### Selection rule | ## 9. Recorded training experiments | ### Valid evidence | ### Invalid context comparison | ## 10. Model inventory | ## 11. Real README benchmark | ## 12. Quantitative interpretation of the README result | ## 13. Reproducible benchmark runner | ## 14. How the final model should be selected",
C:\Users\ss\Desktop\XAI\XAI\engines\XAI-Compress\results\model_search\imports\candidate_b_20260830-183205\XAI-Compress\notebooks\00_kaggle_setup.ipynb,4165,41b2772342066d7959374ae4ead4a031013a3699ae80288dc8d6231ef7b554e9,8,1,7,0,0,,# XAI-Compress: offline Kaggle GPU workflow,
C:\Users\ss\Desktop\XAI\XAI\engines\XAI-Compress\results\model_search\imports\candidate_b_20260830-183205\XAI-Compress\notebooks\01_project_introduction.ipynb,1634,e2b3de537d43bbf4d839110cb63710e97aa10046e093379a7593d4bf2cddc07e,4,3,1,0,0,,# Project Introduction | ## Reproduction | ## Interpretation,
C:\Users\ss\Desktop\XAI\XAI\engines\XAI-Compress\results\model_search\imports\candidate_b_20260830-183205\XAI-Compress\notebooks\02_dataset_analysis.ipynb,1687,a64bcf73ca2403bcc8bcc6d39699428f26e7daf4ed9f87d5761fe230c0168fb9,4,3,1,0,0,,# Dataset Analysis | ## Reproduction | ## Interpretation,
C:\Users\ss\Desktop\XAI\XAI\engines\XAI-Compress\results\model_search\imports\candidate_b_20260830-183205\XAI-Compress\notebooks\03_data_preprocessing.ipynb,1742,d0e79ea9eadcca0d64801900841afe4d5d7a9762d84fb733b281a94e33995e50,4,3,1,0,0,,# Data Preprocessing | ## Reproduction | ## Interpretation,
C:\Users\ss\Desktop\XAI\XAI\engines\XAI-Compress\results\model_search\imports\candidate_b_20260830-183205\XAI-Compress\notebooks\04_entropy_analysis.ipynb,1630,c8f4db425ee0af886205b62eb2f3a32a10e9886f5247910c128ad56b60f21175,4,3,1,0,0,,# Information Theory and Entropy | ## Reproduction | ## Interpretation,
C:\Users\ss\Desktop\XAI\XAI\engines\XAI-Compress\results\model_search\imports\candidate_b_20260830-183205\XAI-Compress\notebooks\05_baseline_model.ipynb,1658,e03537bde3612e3247a17a43adde109e8407883a2027d7dcd0bb6c05eec09aa7,4,3,1,0,0,,# Baseline Model | ## Reproduction | ## Interpretation,
C:\Users\ss\Desktop\XAI\XAI\engines\XAI-Compress\results\model_search\imports\candidate_b_20260830-183205\XAI-Compress\notebooks\06_model_architecture.ipynb,1724,100b91a148d3b236cee1cd42b9a4b86eba4b59f63e453e6c16c75745b3af30dd,4,3,1,0,0,,# Improved Architecture | ## Reproduction | ## Interpretation,
C:\Users\ss\Desktop\XAI\XAI\engines\XAI-Compress\results\model_search\imports\candidate_b_20260830-183205\XAI-Compress\notebooks\07_training_process.ipynb,1705,dcbba6b44484be817d61432c1ef1142f94319ac5b6ee2d502965f66a371cd48a,4,3,1,0,0,,# Training Process | ## Reproduction | ## Interpretation,
C:\Users\ss\Desktop\XAI\XAI\engines\XAI-Compress\results\model_search\imports\candidate_b_20260830-183205\XAI-Compress\notebooks\08_training_evolution.ipynb,1625,30eae3820b117198a6b53cd2bb05443dbf0c83f388de2dc8d01d53569937a54a,4,3,1,0,0,,# Training and Model Evolution | ## Reproduction | ## Interpretation,
C:\Users\ss\Desktop\XAI\XAI\engines\XAI-Compress\results\model_search\imports\candidate_b_20260830-183205\XAI-Compress\notebooks\09_model_comparison.ipynb,1694,2a3024b3c8dbc4bd1fa9b465ea07b1f16c391745e21d18d4b362d48c8d2fb0d9,4,3,1,0,0,,# Model Comparison | ## Reproduction | ## Interpretation,
C:\Users\ss\Desktop\XAI\XAI\engines\XAI-Compress\results\model_search\imports\candidate_b_20260830-183205\XAI-Compress\notebooks\10_compression_comparison.ipynb,1793,07ede12042e411f1ae173bf70b7a0400a41411fe430647268e30f4fcfd37ffec,4,3,1,0,0,,# Classical Compressor Comparison | ## Reproduction | ## Interpretation,
C:\Users\ss\Desktop\XAI\XAI\engines\XAI-Compress\results\model_search\imports\candidate_b_20260830-183205\XAI-Compress\notebooks\11_speed_benchmark.ipynb,1585,1ff9c45b79aa140df261cf1864958697c76da455a1a36acad79556139fb12b9b,4,3,1,0,0,,# Speed Benchmark | ## Reproduction | ## Interpretation,
C:\Users\ss\Desktop\XAI\XAI\engines\XAI-Compress\results\model_search\imports\candidate_b_20260830-183205\XAI-Compress\notebooks\12_memory_gpu_benchmark.ipynb,1515,0df99fdcef5e9bbf8c47a859fbfb4788281b32f50d02a691a35f33af44fa1c01,4,3,1,0,0,,# Hardware and Memory Benchmark | ## Reproduction | ## Interpretation,
C:\Users\ss\Desktop\XAI\XAI\engines\XAI-Compress\results\model_search\imports\candidate_b_20260830-183205\XAI-Compress\notebooks\13_ablation_study.ipynb,1605,5d88283da68155bbe44595e897f46308c335af081880604b21db3be26281a4ba,4,3,1,0,0,,# Ablation Study | ## Reproduction | ## Interpretation,
C:\Users\ss\Desktop\XAI\XAI\engines\XAI-Compress\results\model_search\imports\candidate_b_20260830-183205\XAI-Compress\notebooks\14_error_analysis.ipynb,1713,2e4d9c8b244c290419affc9da765f258c1a2c73ee2e28b8249a7a6886edd39a8,4,3,1,0,0,,# Error Analysis | ## Reproduction | ## Interpretation,
C:\Users\ss\Desktop\XAI\XAI\engines\XAI-Compress\results\model_search\imports\candidate_b_20260830-183205\XAI-Compress\notebooks\15_final_results.ipynb,1642,a274f87133c6503d7b248827f980f8769ed18b5d02a1e66f82cc2109b2a2cac9,4,3,1,0,0,,# Final Results | ## Reproduction | ## Interpretation,
C:\Users\ss\Desktop\XAI\XAI\engines\XAI-Compress\results\model_search\imports\candidate_b_20260830-183205\XAI-Compress\notebooks\16_complete_pipeline.ipynb,1650,3d009bfb870a03137d7b6d833d113c1dd54d2b69d8666f19679d3c127bd2a5b7,4,3,1,0,0,,# Complete End-to-End Pipeline | ## Reproduction | ## Interpretation,
C:\Users\ss\Desktop\XAI\XAI\engines\XAI-Compress\results\model_search\imports\candidate_b_20260830-183205\XAI-Compress\notebooks\PhD_Interview_XAI_Compress_Visual_Explanation.ipynb,254248,1be2e6a47458b26ac08a42881a8994d45a91605bd2c3b285b808dbbf522ba5af,41,24,17,20,6,4:0:image/png;9:0:image/png;13:1:image/png;15:1:image/png;17:2:image/png;19:0:image/png,# XAI-Compress — PhD Interview Visual Explanation Notebook | ## 0. Interview story in 60 seconds | # 1. System architecture | ### Interview explanation | # 2. Information theory foundation | # 3. Data Engineering Pipeline | # 4. Dataset overview from real project measurements | # 5. Byte-level visualization | # 6. Byte frequency distribution | # 7. Local entropy by chunk | # 8. XAIC v3 streaming architecture | # 9. Training and GPU engineering | # 10. Benchmark methodology | # 11. Compression ratio comparison | # 12. Pareto analysis | # 13. Streaming memory scaling | # 14. Profiling and Amdahl's Law | # 15. Model evolution | # 16. How to explain the model in a PhD interview | # 17. Existing solutions — how to compare fairly,
C:\Users\ss\Desktop\XAI\XAI\engines\XAI-Compress\results\model_search\imports\candidate_b_20260830-183205\XAI-Compress\notebooks\XAI_Compress_Final_Research_Analysis.ipynb,5275,9d6eefc011e53dd19405ea32af04e5c1689c4bc6dddc960df98c86faeed03477,14,8,6,0,0,,"# XAI-Compress Final Research Analysis | ## Problem → theory → architecture | ## Pipeline and experiment evolution | ## Dataset engineering | ## Training and hardware evidence | ## Rust optimization and Amdahl’s law | ## Losslessness, model comparison and Pareto frontier | ## Limitations and next research",
C:\Users\ss\Desktop\XAI\XAI\engines\XAI-Compress\results\model_search\imports\candidate_b_20260830-183205\XAI-Compress\notebooks\xai_compress_research.ipynb,4200,3ea3789908b008585b8bd183267fc35372c2fa526600ecbb30575ca727aeab57,8,5,3,0,0,,"# XAI-Compress Research Notebook | ## 1–4. Dataset analysis, statistics, distribution, entropy | ## 5. Model architecture | ## 6–10. Training, loss, validation, BPB, ratio | ## 11–20. Speed, GPU, model comparison, classical codecs, errors, conclusions",
C:\Users\ss\Desktop\XAI\XAI\engines\XAI-Compress\results\model_search\imports\candidate_b_20260830-183205\XAI-Compress\notebooks\XAI_Compress_Three_Model_Final_Analysis.ipynb,2370,5f2c48b04d42fd40d6f4a22f3c98148ce9d00d1fd43da55b33825bd44b15bcf6,8,6,2,0,0,,"# XAI-Compress Three-Mode Final Analysis | ## 1–7. Problem, lossless theory, and old architecture | ## 8–14. Lossless V2 | ## 15–18. Lossy V1 | ## 19–27. Three-mode application and benchmark | ## 28–30. Limitations, future work, conclusion",
C:\Users\ss\Desktop\XAI\XAI\engines\XAI-Compress\results\model_search\imports\candidate_b_20260830-183205\XAI-Compress\XAI_Compress_Complete_Analysis.ipynb,265021,5e8e132359c8914a490fa39e23c5e0c6e29ad6bcf6ffc79b94c8ad40ccc72338,32,18,14,21,8,4:0:image/png;6:0:image/png;8:1:image/png;15:1:image/png;18:1:image/png;22:1:image/png;28:1:image/png;28:2:image/png,"# XAI-Compress — End-to-End Development, Training & Benchmark Analysis | ### Objective | ## 1. Executive summary | ## 2. Project architecture | ## 3. Initial model: CausalByteGRU | ## 4. Why the first V2 attempt was not accepted | ## 5. Profiling: where the time went | ### Optimization pass | ## 6. Correctness is non-negotiable | ## 7. Dataset audit | ## 8. Training methodology | ### Selection rule | ## 9. Recorded training experiments | ### Valid evidence | ### Invalid context comparison | ## 10. Model inventory | ## 11. Real README benchmark | ## 12. Quantitative interpretation of the README result | ## 13. Reproducible benchmark runner | ## 14. How the final model should be selected",
C:\Users\ss\Desktop\XAI\XAI\engines\XAI-Compress\XAI_Compress_Complete_Analysis.ipynb,265021,5e8e132359c8914a490fa39e23c5e0c6e29ad6bcf6ffc79b94c8ad40ccc72338,32,18,14,21,8,4:0:image/png;6:0:image/png;8:1:image/png;15:1:image/png;18:1:image/png;22:1:image/png;28:1:image/png;28:2:image/png,"# XAI-Compress — End-to-End Development, Training & Benchmark Analysis | ### Objective | ## 1. Executive summary | ## 2. Project architecture | ## 3. Initial model: CausalByteGRU | ## 4. Why the first V2 attempt was not accepted | ## 5. Profiling: where the time went | ### Optimization pass | ## 6. Correctness is non-negotiable | ## 7. Dataset audit | ## 8. Training methodology | ### Selection rule | ## 9. Recorded training experiments | ### Valid evidence | ### Invalid context comparison | ## 10. Model inventory | ## 11. Real README benchmark | ## 12. Quantitative interpretation of the README result | ## 13. Reproducible benchmark runner | ## 14. How the final model should be selected",
C:\Users\ss\Desktop\XAI\XAI\notebooks\XAI_Compress_Model_Analysis.ipynb,383207,c8d70305f40c2e2d76b07752ee5c3a8aaed151f0b78b5a278f4adeb17b09dc85,24,10,14,20,9,4:0:image/png;6:1:image/png;9:1:image/png;11:0:image/png;13:0:image/png;14:0:image/png;15:0:image/png;16:0:image/png;21:0:image/png,# XAI-Compress — Analyse scientifique reproductible | ## 1. Objectif et principes | ## 2. CausalByteGRU : architecture réellement implémentée | ## 3. Données et biais d'échantillonnage | ## 4. Entraînement et comparaison des checkpoints | ## 5. Selector V2 | ## 6. Benchmark tenu à l'écart : Hybrid V1/V2/V3 Top-3/Brotli-11 | ## 7. Statistiques et exactitude | ## 8. Décision Hybrid V3 et sécurité | ## 9. Limites et conclusion équilibrée,
