actual_bpb,ascii_ratio,byte_entropy,byte_frequency_std,codec,codec_metadata,compressed_bytes,compression_MB_s,compression_seconds,csv_like_score,decompression_MB_s,decompression_seconds,digit_ratio,entropy_gradient,extension,file_size,first_order_delta_entropy,is_already_compressed,is_binary_like,is_text_like,json_like_score,level,local_entropy_mean,local_entropy_std,longest_run,lz_match_estimate,magic_signature_category,max_byte_frequency,mean_byte_frequency,mime_category,newline_ratio,numeric_array_score,peak_rss,printable_ratio,ratio,repeated_ngram_ratio,repetition_score,run_length_score,sample_id,sample_size,sha_pass,source_category,source_code_like_score,source_group,source_origin,source_sha256,source_size,split,strategy_id,structured_text_score,transform,transform_metadata,transformed_bytes,unique_byte_count,whitespace_ratio,zero_ratio
8.0,1.0,4.929546375291798,0.012998850407703766,raw,"{""level"": null}",4053,178.12182841876273,2.169999061152339e-05,0.0,942.7414658385093,4.1000021155923605e-06,0.018258080434246236,0.0,.md,4053,6.29749604920281,0.0,0.0,1.0,0.0,,4.929546375291798,0.0,8,0.05138339920948617,unknown,0.12237848507278559,0.00390625,text,0.032075006168270415,0.018258080434246236,201.77734375,1.0,1.0,0.2349457058242843,0.36920039486673245,0.076980014803849,text_readme_4k,4053,True,text,0.0,readme,README.md,5a2a61c738f6ebf15e547ba680d8ac3235154f58fc33ff8351badf8662349ae3,4053,validation,raw|default|identity,0.0,identity,{},4053,76,0.1850481125092524,0.0
3.744386873920553,1.0,4.929546375291798,0.012998850407703766,zstd,"{""level"": 1}",1897,8.810672581106445,0.0004386999935377389,0.0,69.769711475446,5.539999983739108e-05,0.018258080434246236,0.0,.md,4053,6.29749604920281,0.0,0.0,1.0,0.0,1,4.929546375291798,0.0,8,0.05138339920948617,unknown,0.12237848507278559,0.00390625,text,0.032075006168270415,0.018258080434246236,201.9765625,1.0,2.1365313653136533,0.2349457058242843,0.36920039486673245,0.076980014803849,text_readme_4k,4053,True,text,0.0,readme,README.md,5a2a61c738f6ebf15e547ba680d8ac3235154f58fc33ff8351badf8662349ae3,4053,validation,zstd|1|identity,0.0,identity,{},4053,76,0.1850481125092524,0.0
3.6595114729829756,1.0,4.929546375291798,0.012998850407703766,zstd,"{""level"": 3}",1854,63.46867204330879,6.089999806135893e-05,0.0,228.7125755257418,1.68999977177009e-05,0.018258080434246236,0.0,.md,4053,6.29749604920281,0.0,0.0,1.0,0.0,3,4.929546375291798,0.0,8,0.05138339920948617,unknown,0.12237848507278559,0.00390625,text,0.032075006168270415,0.018258080434246236,201.9921875,1.0,2.186084142394822,0.2349457058242843,0.36920039486673245,0.076980014803849,text_readme_4k,4053,True,text,0.0,readme,README.md,5a2a61c738f6ebf15e547ba680d8ac3235154f58fc33ff8351badf8662349ae3,4053,validation,zstd|3|identity,0.0,identity,{},4053,76,0.1850481125092524,0.0
3.5548976067110782,1.0,4.929546375291798,0.012998850407703766,zstd,"{""level"": 9}",1801,26.258437466357346,0.0001472000003559515,0.0,246.1937091248832,1.5700003132224083e-05,0.018258080434246236,0.0,.md,4053,6.29749604920281,0.0,0.0,1.0,0.0,9,4.929546375291798,0.0,8,0.05138339920948617,unknown,0.12237848507278559,0.00390625,text,0.032075006168270415,0.018258080434246236,202.00390625,1.0,2.250416435313715,0.2349457058242843,0.36920039486673245,0.076980014803849,text_readme_4k,4053,True,text,0.0,readme,README.md,5a2a61c738f6ebf15e547ba680d8ac3235154f58fc33ff8351badf8662349ae3,4053,validation,zstd|9|identity,0.0,identity,{},4053,76,0.1850481125092524,0.0
3.933876141130027,1.0,4.929546375291798,0.012998850407703766,brotli,"{""level"": 1}",1993,40.38915318194273,9.57000011112541e-05,0.0,72.65492812119449,5.319999763742089e-05,0.018258080434246236,0.0,.md,4053,6.29749604920281,0.0,0.0,1.0,0.0,1,4.929546375291798,0.0,8,0.05138339920948617,unknown,0.12237848507278559,0.00390625,text,0.032075006168270415,0.018258080434246236,202.109375,1.0,2.0336176618163573,0.2349457058242843,0.36920039486673245,0.076980014803849,text_readme_4k,4053,True,text,0.0,readme,README.md,5a2a61c738f6ebf15e547ba680d8ac3235154f58fc33ff8351badf8662349ae3,4053,validation,brotli|1|identity,0.0,identity,{},4053,76,0.1850481125092524,0.0
3.2963237108314827,1.0,4.929546375291798,0.012998850407703766,brotli,"{""level"": 6}",1670,2.6868080171564914,0.0014385999966179952,0.0,90.5208794399524,4.270000499673188e-05,0.018258080434246236,0.0,.md,4053,6.29749604920281,0.0,0.0,1.0,0.0,6,4.929546375291798,0.0,8,0.05138339920948617,unknown,0.12237848507278559,0.00390625,text,0.032075006168270415,0.018258080434246236,204.59765625,1.0,2.426946107784431,0.2349457058242843,0.36920039486673245,0.076980014803849,text_readme_4k,4053,True,text,0.0,readme,README.md,5a2a61c738f6ebf15e547ba680d8ac3235154f58fc33ff8351badf8662349ae3,4053,validation,brotli|6|identity,0.0,identity,{},4053,76,0.1850481125092524,0.0
3.3002714038983467,1.0,4.929546375291798,0.012998850407703766,brotli,"{""level"": 9}",1672,1.295886951187289,0.0029826999962097034,0.0,104.18440372262249,3.710000601131469e-05,0.018258080434246236,0.0,.md,4053,6.29749604920281,0.0,0.0,1.0,0.0,9,4.929546375291798,0.0,8,0.05138339920948617,unknown,0.12237848507278559,0.00390625,text,0.032075006168270415,0.018258080434246236,210.26953125,1.0,2.424043062200957,0.2349457058242843,0.36920039486673245,0.076980014803849,text_readme_4k,4053,True,text,0.0,readme,README.md,5a2a61c738f6ebf15e547ba680d8ac3235154f58fc33ff8351badf8662349ae3,4053,validation,brotli|9|identity,0.0,identity,{},4053,76,0.1850481125092524,0.0
4.869479397976807,1.0,4.929546375291798,0.012998850407703766,deflate,"{""level"": 1, ""wrapper"": ""zlib""}",2467,78.08569931802961,4.949999856762588e-05,0.0,200.27159149685664,1.930000144056976e-05,0.018258080434246236,0.0,.md,4053,6.29749604920281,0.0,0.0,1.0,0.0,1,4.929546375291798,0.0,8,0.05138339920948617,unknown,0.12237848507278559,0.00390625,text,0.032075006168270415,0.018258080434246236,210.26953125,1.0,1.6428860964734495,0.2349457058242843,0.36920039486673245,0.076980014803849,text_readme_4k,4053,True,text,0.0,readme,README.md,5a2a61c738f6ebf15e547ba680d8ac3235154f58fc33ff8351badf8662349ae3,4053,validation,deflate|1|identity,0.0,identity,{},4053,76,0.1850481125092524,0.0
3.519368369109302,1.0,4.929546375291798,0.012998850407703766,deflate,"{""level"": 6, ""wrapper"": ""zlib""}",1783,40.64397628726308,9.509999654255807e-05,0.0,184.05914452754436,2.099999983329326e-05,0.018258080434246236,0.0,.md,4053,6.29749604920281,0.0,0.0,1.0,0.0,6,4.929546375291798,0.0,8,0.05138339920948617,unknown,0.12237848507278559,0.00390625,text,0.032075006168270415,0.018258080434246236,210.26953125,1.0,2.273135165451486,0.2349457058242843,0.36920039486673245,0.076980014803849,text_readme_4k,4053,True,text,0.0,readme,README.md,5a2a61c738f6ebf15e547ba680d8ac3235154f58fc33ff8351badf8662349ae3,4053,validation,deflate|6|identity,0.0,identity,{},4053,76,0.1850481125092524,0.0
3.52726375524303,1.0,4.929546375291798,0.012998850407703766,deflate,"{""level"": 9, ""wrapper"": ""zlib""}",1787,32.7285529284344,0.00011809999705292284,0.0,190.40606162701926,2.02999945031479e-05,0.018258080434246236,0.0,.md,4053,6.29749604920281,0.0,0.0,1.0,0.0,9,4.929546375291798,0.0,8,0.05138339920948617,unknown,0.12237848507278559,0.00390625,text,0.032075006168270415,0.018258080434246236,210.26953125,1.0,2.268047006155568,0.2349457058242843,0.36920039486673245,0.076980014803849,text_readme_4k,4053,True,text,0.0,readme,README.md,5a2a61c738f6ebf15e547ba680d8ac3235154f58fc33ff8351badf8662349ae3,4053,validation,deflate|9|identity,0.0,identity,{},4053,76,0.1850481125092524,0.0
3.837157660991858,1.0,4.929546375291798,0.012998850407703766,lzma2,"{""container"": ""xz"", ""filter"": ""lzma2"", ""level"": 0}",1944,6.702344420293025,0.0005766999965999275,0.0,24.127603403077156,0.0001601999974809587,0.018258080434246236,0.0,.md,4053,6.29749604920281,0.0,0.0,1.0,0.0,0,4.929546375291798,0.0,8,0.05138339920948617,unknown,0.12237848507278559,0.00390625,text,0.032075006168270415,0.018258080434246236,210.26953125,1.0,2.0848765432098766,0.2349457058242843,0.36920039486673245,0.076980014803849,text_readme_4k,4053,True,text,0.0,readme,README.md,5a2a61c738f6ebf15e547ba680d8ac3235154f58fc33ff8351badf8662349ae3,4053,validation,lzma2|0|identity,0.0,identity,{},4053,76,0.1850481125092524,0.0
3.781889958055761,1.0,4.929546375291798,0.012998850407703766,lzma2,"{""container"": ""xz"", ""filter"": ""lzma2"", ""level"": 3}",1916,1.5198340710883147,0.0025431999965803698,0.0,21.086972344215912,0.0001832999987527728,0.018258080434246236,0.0,.md,4053,6.29749604920281,0.0,0.0,1.0,0.0,3,4.929546375291798,0.0,8,0.05138339920948617,unknown,0.12237848507278559,0.00390625,text,0.032075006168270415,0.018258080434246236,211.58203125,1.0,2.1153444676409188,0.2349457058242843,0.36920039486673245,0.076980014803849,text_readme_4k,4053,True,text,0.0,readme,README.md,5a2a61c738f6ebf15e547ba680d8ac3235154f58fc33ff8351badf8662349ae3,4053,validation,lzma2|3|identity,0.0,identity,{},4053,76,0.1850481125092524,0.0
3.687145324451024,1.0,4.929546375291798,0.012998850407703766,lzma2,"{""container"": ""xz"", ""filter"": ""lzma2"", ""level"": 6}",1868,0.7072850369392015,0.00546490000851918,0.0,20.03754288533928,0.00019289999909233302,0.018258080434246236,0.0,.md,4053,6.29749604920281,0.0,0.0,1.0,0.0,6,4.929546375291798,0.0,8,0.05138339920948617,unknown,0.12237848507278559,0.00390625,text,0.032075006168270415,0.018258080434246236,219.609375,1.0,2.1697002141327624,0.2349457058242843,0.36920039486673245,0.076980014803849,text_readme_4k,4053,True,text,0.0,readme,README.md,5a2a61c738f6ebf15e547ba680d8ac3235154f58fc33ff8351badf8662349ae3,4053,validation,lzma2|6|identity,0.0,identity,{},4053,76,0.1850481125092524,0.0
3.6812237848507277,1.0,4.929546375291798,0.012998850407703766,bzip2,"{""level"": 1}",1865,5.227538560853368,0.0007393999985652044,0.0,18.318681968936144,0.00021100000594742596,0.018258080434246236,0.0,.md,4053,6.29749604920281,0.0,0.0,1.0,0.0,1,4.929546375291798,0.0,8,0.05138339920948617,unknown,0.12237848507278559,0.00390625,text,0.032075006168270415,0.018258080434246236,219.609375,1.0,2.1731903485254693,0.2349457058242843,0.36920039486673245,0.076980014803849,text_readme_4k,4053,True,text,0.0,readme,README.md,5a2a61c738f6ebf15e547ba680d8ac3235154f58fc33ff8351badf8662349ae3,4053,validation,bzip2|1|identity,0.0,identity,{},4053,76,0.1850481125092524,0.0
3.6812237848507277,1.0,4.929546375291798,0.012998850407703766,bzip2,"{""level"": 9}",1865,5.453989018365412,0.0007086999976309016,0.0,17.095276104725905,0.00022610000451095402,0.018258080434246236,0.0,.md,4053,6.29749604920281,0.0,0.0,1.0,0.0,9,4.929546375291798,0.0,8,0.05138339920948617,unknown,0.12237848507278559,0.00390625,text,0.032075006168270415,0.018258080434246236,219.609375,1.0,2.1731903485254693,0.2349457058242843,0.36920039486673245,0.076980014803849,text_readme_4k,4053,True,text,0.0,readme,README.md,5a2a61c738f6ebf15e547ba680d8ac3235154f58fc33ff8351badf8662349ae3,4053,validation,bzip2|9|identity,0.0,identity,{},4053,76,0.1850481125092524,0.0
5.22279792746114,1.0,4.929546375291798,0.012998850407703766,xai-static,"{""coder"": ""adaptive-arithmetic32-v1"", ""level"": null, ""original_size"": 4053}",2646,0.012075134198959236,0.3200992999918526,0.0,0.01130849366680088,0.34179989999393,0.018258080434246236,0.0,.md,4053,6.29749604920281,0.0,0.0,1.0,0.0,,4.929546375291798,0.0,8,0.05138339920948617,unknown,0.12237848507278559,0.00390625,text,0.032075006168270415,0.018258080434246236,219.609375,1.0,1.5317460317460319,0.2349457058242843,0.36920039486673245,0.076980014803849,text_readme_4k,4053,True,text,0.0,readme,README.md,5a2a61c738f6ebf15e547ba680d8ac3235154f58fc33ff8351badf8662349ae3,4053,validation,xai-static|default|identity,0.0,identity,{},4053,76,0.1850481125092524,0.0
4.656303972366149,1.0,4.929546375291798,0.012998850407703766,zstd,"{""level"": 3}",2359,26.916726666293073,0.0001436000020476058,0.0,2.431734516524128,0.0015894999960437417,0.018258080434246236,0.0,.md,4053,6.29749604920281,0.0,0.0,1.0,0.0,3,4.929546375291798,0.0,8,0.05138339920948617,unknown,0.12237848507278559,0.00390625,text,0.032075006168270415,0.018258080434246236,219.609375,1.0,1.718100890207715,0.2349457058242843,0.36920039486673245,0.076980014803849,text_readme_4k,4053,True,text,0.0,readme,README.md,5a2a61c738f6ebf15e547ba680d8ac3235154f58fc33ff8351badf8662349ae3,4053,validation,zstd|3|rle,0.0,rle,{},7732,76,0.1850481125092524,0.0
4.7628916851714775,1.0,4.929546375291798,0.012998850407703766,zstd,"{""level"": 3}",2413,57.518480173774115,6.720000237692147e-05,0.0,7.0251581509133585,0.0005501999985426664,0.018258080434246236,0.0,.md,4053,6.29749604920281,0.0,0.0,1.0,0.0,3,4.929546375291798,0.0,8,0.05138339920948617,unknown,0.12237848507278559,0.00390625,text,0.032075006168270415,0.018258080434246236,219.609375,1.0,1.6796518856195608,0.2349457058242843,0.36920039486673245,0.076980014803849,text_readme_4k,4053,True,text,0.0,readme,README.md,5a2a61c738f6ebf15e547ba680d8ac3235154f58fc33ff8351badf8662349ae3,4053,validation,zstd|3|delta,0.0,delta,{},4053,76,0.1850481125092524,0.0
4.417468541820873,1.0,4.929546375291798,0.012998850407703766,zstd,"{""level"": 3}",2238,59.01133783220862,6.549998943228275e-05,0.0,107.66687393343413,3.5900011425837874e-05,0.018258080434246236,0.0,.md,4053,6.29749604920281,0.0,0.0,1.0,0.0,3,4.929546375291798,0.0,8,0.05138339920948617,unknown,0.12237848507278559,0.00390625,text,0.032075006168270415,0.018258080434246236,219.609375,1.0,1.8109919571045576,0.2349457058242843,0.36920039486673245,0.076980014803849,text_readme_4k,4053,True,text,0.0,readme,README.md,5a2a61c738f6ebf15e547ba680d8ac3235154f58fc33ff8351badf8662349ae3,4053,validation,zstd|3|byte-shuffle,0.0,byte-shuffle,"{""original_size"": 4053}",4053,76,0.1850481125092524,0.0
3.6595114729829756,1.0,4.929546375291798,0.012998850407703766,zstd,"{""level"": 3}",1854,63.36462424568595,6.0999998822808266e-05,0.0,5.81064654628814,0.0006651999865425751,0.018258080434246236,0.0,.md,4053,6.29749604920281,0.0,0.0,1.0,0.0,3,4.929546375291798,0.0,8,0.05138339920948617,unknown,0.12237848507278559,0.00390625,text,0.032075006168270415,0.018258080434246236,219.609375,1.0,2.186084142394822,0.2349457058242843,0.36920039486673245,0.076980014803849,text_readme_4k,4053,True,text,0.0,readme,README.md,5a2a61c738f6ebf15e547ba680d8ac3235154f58fc33ff8351badf8662349ae3,4053,validation,zstd|3|zero-run,0.0,zero-run,{},4053,76,0.1850481125092524,0.0
3.6930668640513202,1.0,4.929546375291798,0.012998850407703766,zstd,"{""level"": 3}",1871,60.869949654959214,6.350000330712646e-05,0.0,5.2681504846936145,0.0007336999988183379,0.018258080434246236,0.0,.md,4053,6.29749604920281,0.0,0.0,1.0,0.0,3,4.929546375291798,0.0,8,0.05138339920948617,unknown,0.12237848507278559,0.00390625,text,0.032075006168270415,0.018258080434246236,219.609375,1.0,2.1662212720470335,0.2349457058242843,0.36920039486673245,0.076980014803849,text_readme_4k,4053,True,text,0.0,readme,README.md,5a2a61c738f6ebf15e547ba680d8ac3235154f58fc33ff8351badf8662349ae3,4053,validation,zstd|3|dictionary,0.0,dictionary,"{""dictionary"": ""structured-v1""}",4035,76,0.1850481125092524,0.0
3.314088329632371,1.0,4.929546375291798,0.012998850407703766,brotli,"{""level"": 6}",1679,2.732778563514439,0.0014144000015221536,0.0,4.952263993708203,0.0007804999913787469,0.018258080434246236,0.0,.md,4053,6.29749604920281,0.0,0.0,1.0,0.0,6,4.929546375291798,0.0,8,0.05138339920948617,unknown,0.12237848507278559,0.00390625,text,0.032075006168270415,0.018258080434246236,219.609375,1.0,2.413936867182847,0.2349457058242843,0.36920039486673245,0.076980014803849,text_readme_4k,4053,True,text,0.0,readme,README.md,5a2a61c738f6ebf15e547ba680d8ac3235154f58fc33ff8351badf8662349ae3,4053,validation,brotli|6|dictionary,0.0,dictionary,"{""dictionary"": ""structured-v1""}",4035,76,0.1850481125092524,0.0
4.59906242289662,1.0,4.929546375291798,0.012998850407703766,deflate,"{""level"": 6, ""wrapper"": ""zlib""}",2330,25.716844726717373,0.0001503000094089657,0.0,7.0213296977071575,0.0005505000008270144,0.018258080434246236,0.0,.md,4053,6.29749604920281,0.0,0.0,1.0,0.0,6,4.929546375291798,0.0,8,0.05138339920948617,unknown,0.12237848507278559,0.00390625,text,0.032075006168270415,0.018258080434246236,219.609375,1.0,1.7394849785407724,0.2349457058242843,0.36920039486673245,0.076980014803849,text_readme_4k,4053,True,text,0.0,readme,README.md,5a2a61c738f6ebf15e547ba680d8ac3235154f58fc33ff8351badf8662349ae3,4053,validation,deflate|6|delta,0.0,delta,{},4053,76,0.1850481125092524,0.0
4.713545521835678,1.0,4.929546375291798,0.012998850407703766,lzma2,"{""container"": ""xz"", ""filter"": ""lzma2"", ""level"": 3}",2388,1.3019104764447729,0.0029688999929931015,0.0,13.873804912195958,0.00027859999681822956,0.018258080434246236,0.0,.md,4053,6.29749604920281,0.0,0.0,1.0,0.0,3,4.929546375291798,0.0,8,0.05138339920948617,unknown,0.12237848507278559,0.00390625,text,0.032075006168270415,0.018258080434246236,219.609375,1.0,1.6972361809045227,0.2349457058242843,0.36920039486673245,0.076980014803849,text_readme_4k,4053,True,text,0.0,readme,README.md,5a2a61c738f6ebf15e547ba680d8ac3235154f58fc33ff8351badf8662349ae3,4053,validation,lzma2|3|byte-shuffle,0.0,byte-shuffle,"{""original_size"": 4053}",4053,76,0.1850481125092524,0.0
8.0,1.0,4.930419217183359,0.012996399823108344,raw,"{""level"": null}",16384,3810.9736433007984,4.1000021155923605e-06,0.0,6249.988789224617,2.5000044843181968e-06,0.01806640625,0.004594784511297689,.txt,16384,6.299052980823291,0.0,0.0,1.0,0.0,,4.930268778172776,0.0016487157399498284,8,0.1318359375,unknown,0.12225341796875,0.00390625,text,0.03204345703125,0.01806640625,219.609375,1.0,1.0,0.458251953125,0.62939453125,0.0771484375,text_readme_16k,16384,True,text,0.0,readme-expanded,README repeated,2f7cca6edd3f40068a39902b3fe9736c56bc202c3a7216a611ddeef4cf38ee21,16384,test,raw|default|identity,0.0,identity,{},16384,76,0.18487548828125,0.0
0.93017578125,1.0,4.930419217183359,0.012996399823108344,zstd,"{""level"": 1}",1905,241.12654821826615,6.479999865405262e-05,0.0,656.5124229298989,2.3800006601959467e-05,0.01806640625,0.004594784511297689,.txt,16384,6.299052980823291,0.0,0.0,1.0,0.0,1,4.930268778172776,0.0016487157399498284,8,0.1318359375,unknown,0.12225341796875,0.00390625,text,0.03204345703125,0.01806640625,219.609375,1.0,8.600524934383202,0.458251953125,0.62939453125,0.0771484375,text_readme_16k,16384,True,text,0.0,readme-expanded,README repeated,2f7cca6edd3f40068a39902b3fe9736c56bc202c3a7216a611ddeef4cf38ee21,16384,test,zstd|1|identity,0.0,identity,{},16384,76,0.18487548828125,0.0
0.90576171875,1.0,4.930419217183359,0.012996399823108344,zstd,"{""level"": 3}",1855,260.85146063354046,5.989999044686556e-05,0.0,818.0628307513207,1.9099999917671084e-05,0.01806640625,0.004594784511297689,.txt,16384,6.299052980823291,0.0,0.0,1.0,0.0,3,4.930268778172776,0.0016487157399498284,8,0.1318359375,unknown,0.12225341796875,0.00390625,text,0.03204345703125,0.01806640625,219.609375,1.0,8.83234501347709,0.458251953125,0.62939453125,0.0771484375,text_readme_16k,16384,True,text,0.0,readme-expanded,README repeated,2f7cca6edd3f40068a39902b3fe9736c56bc202c3a7216a611ddeef4cf38ee21,16384,test,zstd|3|identity,0.0,identity,{},16384,76,0.18487548828125,0.0
0.8828125,1.0,4.930419217183359,0.012996399823108344,zstd,"{""level"": 9}",1808,96.56983353977026,0.0001618000096641481,0.0,863.2593415622641,1.8100006855092943e-05,0.01806640625,0.004594784511297689,.txt,16384,6.299052980823291,0.0,0.0,1.0,0.0,9,4.930268778172776,0.0016487157399498284,8,0.1318359375,unknown,0.12225341796875,0.00390625,text,0.03204345703125,0.01806640625,219.609375,1.0,9.061946902654867,0.458251953125,0.62939453125,0.0771484375,text_readme_16k,16384,True,text,0.0,readme-expanded,README repeated,2f7cca6edd3f40068a39902b3fe9736c56bc202c3a7216a611ddeef4cf38ee21,16384,test,zstd|9|identity,0.0,identity,{},16384,76,0.18487548828125,0.0
0.96923828125,1.0,4.930419217183359,0.012996399823108344,brotli,"{""level"": 1}",1985,176.35442030895723,8.859999070409685e-05,0.0,244.52266739540102,6.390000635292381e-05,0.01806640625,0.004594784511297689,.txt,16384,6.299052980823291,0.0,0.0,1.0,0.0,1,4.930268778172776,0.0016487157399498284,8,0.1318359375,unknown,0.12225341796875,0.00390625,text,0.03204345703125,0.01806640625,219.609375,1.0,8.253904282115869,0.458251953125,0.62939453125,0.0771484375,text_readme_16k,16384,True,text,0.0,readme-expanded,README repeated,2f7cca6edd3f40068a39902b3fe9736c56bc202c3a7216a611ddeef4cf38ee21,16384,test,brotli|1|identity,0.0,identity,{},16384,76,0.18487548828125,0.0
0.818359375,1.0,4.930419217183359,0.012996399823108344,brotli,"{""level"": 6}",1676,12.499999988358468,0.0012500000011641532,0.0,267.55139928889963,5.839999357704073e-05,0.01806640625,0.004594784511297689,.txt,16384,6.299052980823291,0.0,0.0,1.0,0.0,6,4.930268778172776,0.0016487157399498284,8,0.1318359375,unknown,0.12225341796875,0.00390625,text,0.03204345703125,0.01806640625,219.609375,1.0,9.77565632458234,0.458251953125,0.62939453125,0.0771484375,text_readme_16k,16384,True,text,0.0,readme-expanded,README repeated,2f7cca6edd3f40068a39902b3fe9736c56bc202c3a7216a611ddeef4cf38ee21,16384,test,brotli|6|identity,0.0,identity,{},16384,76,0.18487548828125,0.0
0.81982421875,1.0,4.930419217183359,0.012996399823108344,brotli,"{""level"": 9}",1679,4.229145251470889,0.0036945999891031533,0.0,273.6427405309334,5.709999823011458e-05,0.01806640625,0.004594784511297689,.txt,16384,6.299052980823291,0.0,0.0,1.0,0.0,9,4.930268778172776,0.0016487157399498284,8,0.1318359375,unknown,0.12225341796875,0.00390625,text,0.03204345703125,0.01806640625,219.609375,1.0,9.75818939845146,0.458251953125,0.62939453125,0.0771484375,text_readme_16k,16384,True,text,0.0,readme-expanded,README repeated,2f7cca6edd3f40068a39902b3fe9736c56bc202c3a7216a611ddeef4cf38ee21,16384,test,brotli|9|identity,0.0,identity,{},16384,76,0.18487548828125,0.0
1.35791015625,1.0,4.930419217183359,0.012996399823108344,deflate,"{""level"": 1, ""wrapper"": ""zlib""}",2781,277.5310505008262,5.630000669043511e-05,0.0,554.078083935664,2.819999644998461e-05,0.01806640625,0.004594784511297689,.txt,16384,6.299052980823291,0.0,0.0,1.0,0.0,1,4.930268778172776,0.0016487157399498284,8,0.1318359375,unknown,0.12225341796875,0.00390625,text,0.03204345703125,0.01806640625,219.609375,1.0,5.891405969075872,0.458251953125,0.62939453125,0.0771484375,text_readme_16k,16384,True,text,0.0,readme-expanded,README repeated,2f7cca6edd3f40068a39902b3fe9736c56bc202c3a7216a611ddeef4cf38ee21,16384,test,deflate|1|identity,0.0,identity,{},16384,76,0.18487548828125,0.0
0.93359375,1.0,4.930419217183359,0.012996399823108344,deflate,"{""level"": 6, ""wrapper"": ""zlib""}",1912,117.39294217871152,0.00013309999485500157,0.0,587.406041123933,2.6599998818710446e-05,0.01806640625,0.004594784511297689,.txt,16384,6.299052980823291,0.0,0.0,1.0,0.0,6,4.930268778172776,0.0016487157399498284,8,0.1318359375,unknown,0.12225341796875,0.00390625,text,0.03204345703125,0.01806640625,219.609375,1.0,8.569037656903765,0.458251953125,0.62939453125,0.0771484375,text_readme_16k,16384,True,text,0.0,readme-expanded,README repeated,2f7cca6edd3f40068a39902b3fe9736c56bc202c3a7216a611ddeef4cf38ee21,16384,test,deflate|6|identity,0.0,identity,{},16384,76,0.18487548828125,0.0
0.9375,1.0,4.930419217183359,0.012996399823108344,deflate,"{""level"": 9, ""wrapper"": ""zlib""}",1920,91.32086087119447,0.0001711000077193603,0.0,603.2820049510235,2.5899993488565087e-05,0.01806640625,0.004594784511297689,.txt,16384,6.299052980823291,0.0,0.0,1.0,0.0,9,4.930268778172776,0.0016487157399498284,8,0.1318359375,unknown,0.12225341796875,0.00390625,text,0.03204345703125,0.01806640625,219.609375,1.0,8.533333333333333,0.458251953125,0.62939453125,0.0771484375,text_readme_16k,16384,True,text,0.0,readme-expanded,README repeated,2f7cca6edd3f40068a39902b3fe9736c56bc202c3a7216a611ddeef4cf38ee21,16384,test,deflate|9|identity,0.0,identity,{},16384,76,0.18487548828125,0.0
0.974609375,1.0,4.930419217183359,0.012996399823108344,lzma2,"{""container"": ""xz"", ""filter"": ""lzma2"", ""level"": 0}",1996,22.98132089697843,0.000679899996612221,0.0,86.66111794540845,0.00018030000501312315,0.01806640625,0.004594784511297689,.txt,16384,6.299052980823291,0.0,0.0,1.0,0.0,0,4.930268778172776,0.0016487157399498284,8,0.1318359375,unknown,0.12225341796875,0.00390625,text,0.03204345703125,0.01806640625,219.609375,1.0,8.208416833667334,0.458251953125,0.62939453125,0.0771484375,text_readme_16k,16384,True,text,0.0,readme-expanded,README repeated,2f7cca6edd3f40068a39902b3fe9736c56bc202c3a7216a611ddeef4cf38ee21,16384,test,lzma2|0|identity,0.0,identity,{},16384,76,0.18487548828125,0.0
0.958984375,1.0,4.930419217183359,0.012996399823108344,lzma2,"{""container"": ""xz"", ""filter"": ""lzma2"", ""level"": 3}",1964,5.69216756655993,0.002745000005234033,0.0,73.28799469687786,0.00021319999359548092,0.01806640625,0.004594784511297689,.txt,16384,6.299052980823291,0.0,0.0,1.0,0.0,3,4.930268778172776,0.0016487157399498284,8,0.1318359375,unknown,0.12225341796875,0.00390625,text,0.03204345703125,0.01806640625,219.609375,1.0,8.342158859470468,0.458251953125,0.62939453125,0.0771484375,text_readme_16k,16384,True,text,0.0,readme-expanded,README repeated,2f7cca6edd3f40068a39902b3fe9736c56bc202c3a7216a611ddeef4cf38ee21,16384,test,lzma2|3|identity,0.0,identity,{},16384,76,0.18487548828125,0.0
0.935546875,1.0,4.930419217183359,0.012996399823108344,lzma2,"{""container"": ""xz"", ""filter"": ""lzma2"", ""level"": 6}",1916,2.3741510048748307,0.00658129999646917,0.0,72.57315541290367,0.00021529999503400177,0.01806640625,0.004594784511297689,.txt,16384,6.299052980823291,0.0,0.0,1.0,0.0,6,4.930268778172776,0.0016487157399498284,8,0.1318359375,unknown,0.12225341796875,0.00390625,text,0.03204345703125,0.01806640625,220.6171875,1.0,8.551148225469728,0.458251953125,0.62939453125,0.0771484375,text_readme_16k,16384,True,text,0.0,readme-expanded,README repeated,2f7cca6edd3f40068a39902b3fe9736c56bc202c3a7216a611ddeef4cf38ee21,16384,test,lzma2|6|identity,0.0,identity,{},16384,76,0.18487548828125,0.0
1.255859375,1.0,4.930419217183359,0.012996399823108344,bzip2,"{""level"": 1}",2572,8.340450499455224,0.0018734000041149557,0.0,46.447681279488826,0.0003364000003784895,0.01806640625,0.004594784511297689,.txt,16384,6.299052980823291,0.0,0.0,1.0,0.0,1,4.930268778172776,0.0016487157399498284,8,0.1318359375,unknown,0.12225341796875,0.00390625,text,0.03204345703125,0.01806640625,220.6171875,1.0,6.370139968895801,0.458251953125,0.62939453125,0.0771484375,text_readme_16k,16384,True,text,0.0,readme-expanded,README repeated,2f7cca6edd3f40068a39902b3fe9736c56bc202c3a7216a611ddeef4cf38ee21,16384,test,bzip2|1|identity,0.0,identity,{},16384,76,0.18487548828125,0.0
1.255859375,1.0,4.930419217183359,0.012996399823108344,bzip2,"{""level"": 9}",2572,8.002970725353647,0.0019523999944794923,0.0,40.62662468480783,0.0003846000035991892,0.01806640625,0.004594784511297689,.txt,16384,6.299052980823291,0.0,0.0,1.0,0.0,9,4.930268778172776,0.0016487157399498284,8,0.1318359375,unknown,0.12225341796875,0.00390625,text,0.03204345703125,0.01806640625,220.6171875,1.0,6.370139968895801,0.458251953125,0.62939453125,0.0771484375,text_readme_16k,16384,True,text,0.0,readme-expanded,README repeated,2f7cca6edd3f40068a39902b3fe9736c56bc202c3a7216a611ddeef4cf38ee21,16384,test,bzip2|9|identity,0.0,identity,{},16384,76,0.18487548828125,0.0
5.02880859375,1.0,4.930419217183359,0.012996399823108344,xai-static,"{""coder"": ""adaptive-arithmetic32-v1"", ""level"": null, ""original_size"": 16384}",10299,0.0100036794332989,1.5619253000040771,0.0,0.010723732894007606,1.4570486000011442,0.01806640625,0.004594784511297689,.txt,16384,6.299052980823291,0.0,0.0,1.0,0.0,,4.930268778172776,0.0016487157399498284,8,0.1318359375,unknown,0.12225341796875,0.00390625,text,0.03204345703125,0.01806640625,220.6171875,1.0,1.5908340615593748,0.458251953125,0.62939453125,0.0771484375,text_readme_16k,16384,True,text,0.0,readme-expanded,README repeated,2f7cca6edd3f40068a39902b3fe9736c56bc202c3a7216a611ddeef4cf38ee21,16384,test,xai-static|default|identity,0.0,identity,{},16384,76,0.18487548828125,0.0
1.12744140625,1.0,4.930419217183359,0.012996399823108344,zstd,"{""level"": 3}",2309,95.97666544804797,0.000162799988174811,0.0,2.0918401478221322,0.007469500007573515,0.01806640625,0.004594784511297689,.txt,16384,6.299052980823291,0.0,0.0,1.0,0.0,3,4.930268778172776,0.0016487157399498284,8,0.1318359375,unknown,0.12225341796875,0.00390625,text,0.03204345703125,0.01806640625,220.6171875,1.0,7.095712429623213,0.458251953125,0.62939453125,0.0771484375,text_readme_16k,16384,True,text,0.0,readme-expanded,README repeated,2f7cca6edd3f40068a39902b3fe9736c56bc202c3a7216a611ddeef4cf38ee21,16384,test,zstd|3|rle,0.0,rle,{},31256,76,0.18487548828125,0.0
1.17431640625,1.0,4.930419217183359,0.012996399823108344,zstd,"{""level"": 3}",2405,159.76482201058957,9.780000254977494e-05,0.0,6.34363197652996,0.0024631000123918056,0.01806640625,0.004594784511297689,.txt,16384,6.299052980823291,0.0,0.0,1.0,0.0,3,4.930268778172776,0.0016487157399498284,8,0.1318359375,unknown,0.12225341796875,0.00390625,text,0.03204345703125,0.01806640625,220.6171875,1.0,6.812474012474013,0.458251953125,0.62939453125,0.0771484375,text_readme_16k,16384,True,text,0.0,readme-expanded,README repeated,2f7cca6edd3f40068a39902b3fe9736c56bc202c3a7216a611ddeef4cf38ee21,16384,test,zstd|3|delta,0.0,delta,{},16384,76,0.18487548828125,0.0
1.09814453125,1.0,4.930419217183359,0.012996399823108344,zstd,"{""level"": 3}",2249,182.74854612744585,8.549999620299786e-05,0.0,259.12102679072393,6.0300008044578135e-05,0.01806640625,0.004594784511297689,.txt,16384,6.299052980823291,0.0,0.0,1.0,0.0,3,4.930268778172776,0.0016487157399498284,8,0.1318359375,unknown,0.12225341796875,0.00390625,text,0.03204345703125,0.01806640625,220.6171875,1.0,7.28501556247221,0.458251953125,0.62939453125,0.0771484375,text_readme_16k,16384,True,text,0.0,readme-expanded,README repeated,2f7cca6edd3f40068a39902b3fe9736c56bc202c3a7216a611ddeef4cf38ee21,16384,test,zstd|3|byte-shuffle,0.0,byte-shuffle,"{""original_size"": 16384}",16384,76,0.18487548828125,0.0
0.90576171875,1.0,4.930419217183359,0.012996399823108344,zstd,"{""level"": 3}",1855,195.06866723711627,8.009999874047935e-05,0.0,5.062040386804966,0.0030866999877616763,0.01806640625,0.004594784511297689,.txt,16384,6.299052980823291,0.0,0.0,1.0,0.0,3,4.930268778172776,0.0016487157399498284,8,0.1318359375,unknown,0.12225341796875,0.00390625,text,0.03204345703125,0.01806640625,220.6171875,1.0,8.83234501347709,0.458251953125,0.62939453125,0.0771484375,text_readme_16k,16384,True,text,0.0,readme-expanded,README repeated,2f7cca6edd3f40068a39902b3fe9736c56bc202c3a7216a611ddeef4cf38ee21,16384,test,zstd|3|zero-run,0.0,zero-run,{},16384,76,0.18487548828125,0.0
0.9150390625,1.0,4.930419217183359,0.012996399823108344,zstd,"{""level"": 3}",1874,99.84025660466342,0.0001564999984111637,0.0,4.404758545604315,0.0035473000025376678,0.01806640625,0.004594784511297689,.txt,16384,6.299052980823291,0.0,0.0,1.0,0.0,3,4.930268778172776,0.0016487157399498284,8,0.1318359375,unknown,0.12225341796875,0.00390625,text,0.03204345703125,0.01806640625,220.6171875,1.0,8.742796157950908,0.458251953125,0.62939453125,0.0771484375,text_readme_16k,16384,True,text,0.0,readme-expanded,README repeated,2f7cca6edd3f40068a39902b3fe9736c56bc202c3a7216a611ddeef4cf38ee21,16384,test,zstd|3|dictionary,0.0,dictionary,"{""dictionary"": ""structured-v1""}",16312,76,0.18487548828125,0.0
0.82421875,1.0,4.930419217183359,0.012996399823108344,brotli,"{""level"": 6}",1688,9.565350410383605,0.001633500010939315,0.0,4.426345606840485,0.0035300000017741695,0.01806640625,0.004594784511297689,.txt,16384,6.299052980823291,0.0,0.0,1.0,0.0,6,4.930268778172776,0.0016487157399498284,8,0.1318359375,unknown,0.12225341796875,0.00390625,text,0.03204345703125,0.01806640625,220.6171875,1.0,9.706161137440759,0.458251953125,0.62939453125,0.0771484375,text_readme_16k,16384,True,text,0.0,readme-expanded,README repeated,2f7cca6edd3f40068a39902b3fe9736c56bc202c3a7216a611ddeef4cf38ee21,16384,test,brotli|6|dictionary,0.0,dictionary,"{""dictionary"": ""structured-v1""}",16312,76,0.18487548828125,0.0
1.203125,1.0,4.930419217183359,0.012996399823108344,deflate,"{""level"": 6, ""wrapper"": ""zlib""}",2464,71.11970887691338,0.00021969999943394214,0.0,5.543728910371695,0.002818500011926517,0.01806640625,0.004594784511297689,.txt,16384,6.299052980823291,0.0,0.0,1.0,0.0,6,4.930268778172776,0.0016487157399498284,8,0.1318359375,unknown,0.12225341796875,0.00390625,text,0.03204345703125,0.01806640625,220.6171875,1.0,6.64935064935065,0.458251953125,0.62939453125,0.0771484375,text_readme_16k,16384,True,text,0.0,readme-expanded,README repeated,2f7cca6edd3f40068a39902b3fe9736c56bc202c3a7216a611ddeef4cf38ee21,16384,test,deflate|6|delta,0.0,delta,{},16384,76,0.18487548828125,0.0
1.1953125,1.0,4.930419217183359,0.012996399823108344,lzma2,"{""container"": ""xz"", ""filter"": ""lzma2"", ""level"": 3}",2448,4.2911677415995495,0.003641200004494749,0.0,43.34257863644884,0.00036050000926479697,0.01806640625,0.004594784511297689,.txt,16384,6.299052980823291,0.0,0.0,1.0,0.0,3,4.930268778172776,0.0016487157399498284,8,0.1318359375,unknown,0.12225341796875,0.00390625,text,0.03204345703125,0.01806640625,220.6171875,1.0,6.69281045751634,0.458251953125,0.62939453125,0.0771484375,text_readme_16k,16384,True,text,0.0,readme-expanded,README repeated,2f7cca6edd3f40068a39902b3fe9736c56bc202c3a7216a611ddeef4cf38ee21,16384,test,lzma2|3|byte-shuffle,0.0,byte-shuffle,"{""original_size"": 16384}",16384,76,0.18487548828125,0.0
8.0,1.0,3.995227256417448,0.016793146701219782,raw,"{""level"": null}",65536,13586.939027553699,4.6000059228390455e-06,0.0,24038.41303848974,2.6000052457675338e-06,0.0,0.004439355271071754,.txt,65536,5.0342692910256055,0.0,0.0,1.0,0.0,,3.9952165756020803,0.001421970097884244,2,0.9964599609375,unknown,0.137939453125,0.00390625,text,0.0,0.0,220.6171875,1.0,1.0,0.998291015625,1.0,0.10345458984375,text_lorem_64k,65536,True,text,0.0,lorem,generated deterministic text,9e53e174c708350945fe6cb3331282ddfb877f72b31d614f455b473aabeb1263,65536,train,raw|default|identity,0.0,identity,{},65536,21,0.1034393310546875,0.0
0.009521484375,1.0,3.995227256417448,0.016793146701219782,zstd,"{""level"": 1}",78,1578.2824099729098,3.960001049563289e-05,0.0,3453.040142399797,1.8099992303177714e-05,0.0,0.004439355271071754,.txt,65536,5.0342692910256055,0.0,0.0,1.0,0.0,1,3.9952165756020803,0.001421970097884244,2,0.9964599609375,unknown,0.137939453125,0.00390625,text,0.0,0.0,220.6171875,1.0,840.2051282051282,0.998291015625,1.0,0.10345458984375,text_lorem_64k,65536,True,text,0.0,lorem,generated deterministic text,9e53e174c708350945fe6cb3331282ddfb877f72b31d614f455b473aabeb1263,65536,train,zstd|1|identity,0.0,identity,{},65536,21,0.1034393310546875,0.0
0.009521484375,1.0,3.995227256417448,0.016793146701219782,zstd,"{""level"": 3}",78,1159.5546671418313,5.390000296756625e-05,0.0,4734.8437500689015,1.3200013199821115e-05,0.0,0.004439355271071754,.txt,65536,5.0342692910256055,0.0,0.0,1.0,0.0,3,3.9952165756020803,0.001421970097884244,2,0.9964599609375,unknown,0.137939453125,0.00390625,text,0.0,0.0,220.6171875,1.0,840.2051282051282,0.998291015625,1.0,0.10345458984375,text_lorem_64k,65536,True,text,0.0,lorem,generated deterministic text,9e53e174c708350945fe6cb3331282ddfb877f72b31d614f455b473aabeb1263,65536,train,zstd|3|identity,0.0,identity,{},65536,21,0.1034393310546875,0.0
0.00927734375,1.0,3.995227256417448,0.016793146701219782,zstd,"{""level"": 9}",76,9.856023208970363,0.00634130000253208,0.0,2111.487017328582,2.95999925583601e-05,0.0,0.004439355271071754,.txt,65536,5.0342692910256055,0.0,0.0,1.0,0.0,9,3.9952165756020803,0.001421970097884244,2,0.9964599609375,unknown,0.137939453125,0.00390625,text,0.0,0.0,220.6171875,1.0,862.3157894736842,0.998291015625,1.0,0.10345458984375,text_lorem_64k,65536,True,text,0.0,lorem,generated deterministic text,9e53e174c708350945fe6cb3331282ddfb877f72b31d614f455b473aabeb1263,65536,train,zstd|9|identity,0.0,identity,{},65536,21,0.1034393310546875,0.0
0.009521484375,1.0,3.995227256417448,0.016793146701219782,brotli,"{""level"": 1}",78,954.1984152409864,6.550000398419797e-05,0.0,666.3112921464493,9.380000119563192e-05,0.0,0.004439355271071754,.txt,65536,5.0342692910256055,0.0,0.0,1.0,0.0,1,3.9952165756020803,0.001421970097884244,2,0.9964599609375,unknown,0.137939453125,0.00390625,text,0.0,0.0,220.6171875,1.0,840.2051282051282,0.998291015625,1.0,0.10345458984375,text_lorem_64k,65536,True,text,0.0,lorem,generated deterministic text,9e53e174c708350945fe6cb3331282ddfb877f72b31d614f455b473aabeb1263,65536,train,brotli|1|identity,0.0,identity,{},65536,21,0.1034393310546875,0.0
0.006103515625,1.0,3.995227256417448,0.016793146701219782,brotli,"{""level"": 6}",50,198.22391386890752,0.0003152999997837469,0.0,759.4167592443118,8.230000094044954e-05,0.0,0.004439355271071754,.txt,65536,5.0342692910256055,0.0,0.0,1.0,0.0,6,3.9952165756020803,0.001421970097884244,2,0.9964599609375,unknown,0.137939453125,0.00390625,text,0.0,0.0,220.6171875,1.0,1310.72,0.998291015625,1.0,0.10345458984375,text_lorem_64k,65536,True,text,0.0,lorem,generated deterministic text,9e53e174c708350945fe6cb3331282ddfb877f72b31d614f455b473aabeb1263,65536,train,brotli|6|identity,0.0,identity,{},65536,21,0.1034393310546875,0.0
0.006103515625,1.0,3.995227256417448,0.016793146701219782,brotli,"{""level"": 9}",50,245.6761130185078,0.00025439998717047274,0.0,821.2876503976535,7.610001193825155e-05,0.0,0.004439355271071754,.txt,65536,5.0342692910256055,0.0,0.0,1.0,0.0,9,3.9952165756020803,0.001421970097884244,2,0.9964599609375,unknown,0.137939453125,0.00390625,text,0.0,0.0,220.6171875,1.0,1310.72,0.998291015625,1.0,0.10345458984375,text_lorem_64k,65536,True,text,0.0,lorem,generated deterministic text,9e53e174c708350945fe6cb3331282ddfb877f72b31d614f455b473aabeb1263,65536,train,brotli|9|identity,0.0,identity,{},65536,21,0.1034393310546875,0.0
0.1065673828125,1.0,3.995227256417448,0.016793146701219782,deflate,"{""level"": 1, ""wrapper"": ""zlib""}",873,2055.921143933766,3.0399998649954796e-05,0.0,3571.428104817016,1.750000228639692e-05,0.0,0.004439355271071754,.txt,65536,5.0342692910256055,0.0,0.0,1.0,0.0,1,3.9952165756020803,0.001421970097884244,2,0.9964599609375,unknown,0.137939453125,0.00390625,text,0.0,0.0,220.6171875,1.0,75.06987399770905,0.998291015625,1.0,0.10345458984375,text_lorem_64k,65536,True,text,0.0,lorem,generated deterministic text,9e53e174c708350945fe6cb3331282ddfb877f72b31d614f455b473aabeb1263,65536,train,deflate|1|identity,0.0,identity,{},65536,21,0.1034393310546875,0.0
0.0323486328125,1.0,3.995227256417448,0.016793146701219782,deflate,"{""level"": 6, ""wrapper"": ""zlib""}",265,550.1760251317711,0.00011360000644344836,0.0,2693.9652811404685,2.3200002033263445e-05,0.0,0.004439355271071754,.txt,65536,5.0342692910256055,0.0,0.0,1.0,0.0,6,3.9952165756020803,0.001421970097884244,2,0.9964599609375,unknown,0.137939453125,0.00390625,text,0.0,0.0,220.6171875,1.0,247.3056603773585,0.998291015625,1.0,0.10345458984375,text_lorem_64k,65536,True,text,0.0,lorem,generated deterministic text,9e53e174c708350945fe6cb3331282ddfb877f72b31d614f455b473aabeb1263,65536,train,deflate|6|identity,0.0,identity,{},65536,21,0.1034393310546875,0.0
0.0325927734375,1.0,3.995227256417448,0.016793146701219782,deflate,"{""level"": 9, ""wrapper"": ""zlib""}",267,376.27931965377485,0.00016610001330263913,0.0,2729.2559375272053,2.2900014300830662e-05,0.0,0.004439355271071754,.txt,65536,5.0342692910256055,0.0,0.0,1.0,0.0,9,3.9952165756020803,0.001421970097884244,2,0.9964599609375,unknown,0.137939453125,0.00390625,text,0.0,0.0,220.6171875,1.0,245.45318352059925,0.998291015625,1.0,0.10345458984375,text_lorem_64k,65536,True,text,0.0,lorem,generated deterministic text,9e53e174c708350945fe6cb3331282ddfb877f72b31d614f455b473aabeb1263,65536,train,deflate|9|identity,0.0,identity,{},65536,21,0.1034393310546875,0.0
0.02392578125,1.0,3.995227256417448,0.016793146701219782,lzma2,"{""container"": ""xz"", ""filter"": ""lzma2"", ""level"": 0}",196,95.23084078364204,0.0006562999915331602,0.0,340.7851699320932,0.00018339999951422215,0.0,0.004439355271071754,.txt,65536,5.0342692910256055,0.0,0.0,1.0,0.0,0,3.9952165756020803,0.001421970097884244,2,0.9964599609375,unknown,0.137939453125,0.00390625,text,0.0,0.0,220.6171875,1.0,334.3673469387755,0.998291015625,1.0,0.10345458984375,text_lorem_64k,65536,True,text,0.0,lorem,generated deterministic text,9e53e174c708350945fe6cb3331282ddfb877f72b31d614f455b473aabeb1263,65536,train,lzma2|0|identity,0.0,identity,{},65536,21,0.1034393310546875,0.0
0.02392578125,1.0,3.995227256417448,0.016793146701219782,lzma2,"{""container"": ""xz"", ""filter"": ""lzma2"", ""level"": 3}",196,24.171404261395303,0.002585700000054203,0.0,318.22808777323553,0.00019640001119114459,0.0,0.004439355271071754,.txt,65536,5.0342692910256055,0.0,0.0,1.0,0.0,3,3.9952165756020803,0.001421970097884244,2,0.9964599609375,unknown,0.137939453125,0.00390625,text,0.0,0.0,220.6171875,1.0,334.3673469387755,0.998291015625,1.0,0.10345458984375,text_lorem_64k,65536,True,text,0.0,lorem,generated deterministic text,9e53e174c708350945fe6cb3331282ddfb877f72b31d614f455b473aabeb1263,65536,train,lzma2|3|identity,0.0,identity,{},65536,21,0.1034393310546875,0.0
0.02392578125,1.0,3.995227256417448,0.016793146701219782,lzma2,"{""container"": ""xz"", ""filter"": ""lzma2"", ""level"": 6}",196,10.045808900586161,0.006221499992534518,0.0,316.4557114833258,0.00019749999046325684,0.0,0.004439355271071754,.txt,65536,5.0342692910256055,0.0,0.0,1.0,0.0,6,3.9952165756020803,0.001421970097884244,2,0.9964599609375,unknown,0.137939453125,0.00390625,text,0.0,0.0,222.109375,1.0,334.3673469387755,0.998291015625,1.0,0.10345458984375,text_lorem_64k,65536,True,text,0.0,lorem,generated deterministic text,9e53e174c708350945fe6cb3331282ddfb877f72b31d614f455b473aabeb1263,65536,train,lzma2|6|identity,0.0,identity,{},65536,21,0.1034393310546875,0.0
0.02294921875,1.0,3.995227256417448,0.016793146701219782,bzip2,"{""level"": 1}",188,5.226976216615878,0.01195719999668654,0.0,115.0589094314734,0.0005432000034488738,0.0,0.004439355271071754,.txt,65536,5.0342692910256055,0.0,0.0,1.0,0.0,1,3.9952165756020803,0.001421970097884244,2,0.9964599609375,unknown,0.137939453125,0.00390625,text,0.0,0.0,222.109375,1.0,348.59574468085106,0.998291015625,1.0,0.10345458984375,text_lorem_64k,65536,True,text,0.0,lorem,generated deterministic text,9e53e174c708350945fe6cb3331282ddfb877f72b31d614f455b473aabeb1263,65536,train,bzip2|1|identity,0.0,identity,{},65536,21,0.1034393310546875,0.0
0.02294921875,1.0,3.995227256417448,0.016793146701219782,bzip2,"{""level"": 9}",188,5.160512581192978,0.012111200005165301,0.0,97.35202506447268,0.0006419999990612268,0.0,0.004439355271071754,.txt,65536,5.0342692910256055,0.0,0.0,1.0,0.0,9,3.9952165756020803,0.001421970097884244,2,0.9964599609375,unknown,0.137939453125,0.00390625,text,0.0,0.0,222.109375,1.0,348.59574468085106,0.998291015625,1.0,0.10345458984375,text_lorem_64k,65536,True,text,0.0,lorem,generated deterministic text,9e53e174c708350945fe6cb3331282ddfb877f72b31d614f455b473aabeb1263,65536,train,bzip2|9|identity,0.0,identity,{},65536,21,0.1034393310546875,0.0
4.0341796875,1.0,3.995227256417448,0.016793146701219782,xai-static,"{""coder"": ""adaptive-arithmetic32-v1"", ""level"": null, ""original_size"": 65536}",33048,0.011154629435361154,5.603054799998063,0.0,0.010760397151968424,5.80833580000035,0.0,0.004439355271071754,.txt,65536,5.0342692910256055,0.0,0.0,1.0,0.0,,3.9952165756020803,0.001421970097884244,2,0.9964599609375,unknown,0.137939453125,0.00390625,text,0.0,0.0,222.109375,1.0,1.9830549503752117,0.998291015625,1.0,0.10345458984375,text_lorem_64k,65536,True,text,0.0,lorem,generated deterministic text,9e53e174c708350945fe6cb3331282ddfb877f72b31d614f455b473aabeb1263,65536,train,xai-static|default|identity,0.0,identity,{},65536,21,0.1034393310546875,0.0
0.0111083984375,1.0,3.995227256417448,0.016793146701219782,zstd,"{""level"": 3}",91,190.2008441439017,0.00032860001374501735,0.0,1.9821259803389963,0.03153180000663269,0.0,0.004439355271071754,.txt,65536,5.0342692910256055,0.0,0.0,1.0,0.0,3,3.9952165756020803,0.001421970097884244,2,0.9964599609375,unknown,0.137939453125,0.00390625,text,0.0,0.0,222.109375,1.0,720.1758241758242,0.998291015625,1.0,0.10345458984375,text_lorem_64k,65536,True,text,0.0,lorem,generated deterministic text,9e53e174c708350945fe6cb3331282ddfb877f72b31d614f455b473aabeb1263,65536,train,zstd|3|rle,0.0,rle,{},124292,21,0.1034393310546875,0.0
0.0096435546875,1.0,3.995227256417448,0.016793146701219782,zstd,"{""level"": 3}",79,791.1393369999253,7.899999036453664e-05,0.0,6.141238660550789,0.010177100004511885,0.0,0.004439355271071754,.txt,65536,5.0342692910256055,0.0,0.0,1.0,0.0,3,3.9952165756020803,0.001421970097884244,2,0.9964599609375,unknown,0.137939453125,0.00390625,text,0.0,0.0,222.109375,1.0,829.5696202531645,0.998291015625,1.0,0.10345458984375,text_lorem_64k,65536,True,text,0.0,lorem,generated deterministic text,9e53e174c708350945fe6cb3331282ddfb877f72b31d614f455b473aabeb1263,65536,train,zstd|3|delta,0.0,delta,{},65536,21,0.1034393310546875,0.0
0.0098876953125,1.0,3.995227256417448,0.016793146701219782,zstd,"{""level"": 3}",81,1293.995752528282,4.8300003982149065e-05,0.0,432.5259684727961,0.00014449999434873462,0.0,0.004439355271071754,.txt,65536,5.0342692910256055,0.0,0.0,1.0,0.0,3,3.9952165756020803,0.001421970097884244,2,0.9964599609375,unknown,0.137939453125,0.00390625,text,0.0,0.0,222.109375,1.0,809.0864197530864,0.998291015625,1.0,0.10345458984375,text_lorem_64k,65536,True,text,0.0,lorem,generated deterministic text,9e53e174c708350945fe6cb3331282ddfb877f72b31d614f455b473aabeb1263,65536,train,zstd|3|byte-shuffle,0.0,byte-shuffle,"{""original_size"": 65536}",65536,21,0.1034393310546875,0.0
0.009521484375,1.0,3.995227256417448,0.016793146701219782,zstd,"{""level"": 3}",78,1009.6929607291097,6.19000056758523e-05,0.0,4.849735789350679,0.012887299992144108,0.0,0.004439355271071754,.txt,65536,5.0342692910256055,0.0,0.0,1.0,0.0,3,3.9952165756020803,0.001421970097884244,2,0.9964599609375,unknown,0.137939453125,0.00390625,text,0.0,0.0,222.109375,1.0,840.2051282051282,0.998291015625,1.0,0.10345458984375,text_lorem_64k,65536,True,text,0.0,lorem,generated deterministic text,9e53e174c708350945fe6cb3331282ddfb877f72b31d614f455b473aabeb1263,65536,train,zstd|3|zero-run,0.0,zero-run,{},65536,21,0.1034393310546875,0.0
0.009521484375,1.0,3.995227256417448,0.016793146701219782,zstd,"{""level"": 3}",78,916.4223486707401,6.819999543949962e-05,0.0,5.088872058239585,0.012281700008315966,0.0,0.004439355271071754,.txt,65536,5.0342692910256055,0.0,0.0,1.0,0.0,3,3.9952165756020803,0.001421970097884244,2,0.9964599609375,unknown,0.137939453125,0.00390625,text,0.0,0.0,222.109375,1.0,840.2051282051282,0.998291015625,1.0,0.10345458984375,text_lorem_64k,65536,True,text,0.0,lorem,generated deterministic text,9e53e174c708350945fe6cb3331282ddfb877f72b31d614f455b473aabeb1263,65536,train,zstd|3|dictionary,0.0,dictionary,"{""dictionary"": ""structured-v1""}",65536,21,0.1034393310546875,0.0
0.006103515625,1.0,3.995227256417448,0.016793146701219782,brotli,"{""level"": 6}",50,158.42839371234783,0.0003944999916711822,0.0,5.000120004958061,0.012499699994805269,0.0,0.004439355271071754,.txt,65536,5.0342692910256055,0.0,0.0,1.0,0.0,6,3.9952165756020803,0.001421970097884244,2,0.9964599609375,unknown,0.137939453125,0.00390625,text,0.0,0.0,222.109375,1.0,1310.72,0.998291015625,1.0,0.10345458984375,text_lorem_64k,65536,True,text,0.0,lorem,generated deterministic text,9e53e174c708350945fe6cb3331282ddfb877f72b31d614f455b473aabeb1263,65536,train,brotli|6|dictionary,0.0,dictionary,"{""dictionary"": ""structured-v1""}",65536,21,0.1034393310546875,0.0
0.034423828125,1.0,3.995227256417448,0.016793146701219782,deflate,"{""level"": 6, ""wrapper"": ""zlib""}",282,330.16375985819224,0.00018930000078398734,0.0,6.672859079399292,0.009366300000692718,0.0,0.004439355271071754,.txt,65536,5.0342692910256055,0.0,0.0,1.0,0.0,6,3.9952165756020803,0.001421970097884244,2,0.9964599609375,unknown,0.137939453125,0.00390625,text,0.0,0.0,222.109375,1.0,232.39716312056737,0.998291015625,1.0,0.10345458984375,text_lorem_64k,65536,True,text,0.0,lorem,generated deterministic text,9e53e174c708350945fe6cb3331282ddfb877f72b31d614f455b473aabeb1263,65536,train,deflate|6|delta,0.0,delta,{},65536,21,0.1034393310546875,0.0
0.02490234375,1.0,3.995227256417448,0.016793146701219782,lzma2,"{""container"": ""xz"", ""filter"": ""lzma2"", ""level"": 3}",204,19.99360198002873,0.0031260000105248764,0.0,179.23716316197962,0.0003487000067252666,0.0,0.004439355271071754,.txt,65536,5.0342692910256055,0.0,0.0,1.0,0.0,3,3.9952165756020803,0.001421970097884244,2,0.9964599609375,unknown,0.137939453125,0.00390625,text,0.0,0.0,222.109375,1.0,321.2549019607843,0.998291015625,1.0,0.10345458984375,text_lorem_64k,65536,True,text,0.0,lorem,generated deterministic text,9e53e174c708350945fe6cb3331282ddfb877f72b31d614f455b473aabeb1263,65536,train,lzma2|3|byte-shuffle,0.0,byte-shuffle,"{""original_size"": 65536}",65536,21,0.1034393310546875,0.0
8.0,1.0,4.850165857089839,0.015473420300262762,raw,"{""level"": null}",4096,1148.898145057052,3.3999967854470015e-06,0.0,1775.5664062758378,2.2000021999701858e-06,0.00732421875,0.0,.py,4096,6.129469152701875,0.0,0.0,1.0,0.0,,4.850165857089839,0.0,16,0.083984375,unknown,0.201171875,0.00390625,text,0.02880859375,0.00732421875,222.109375,1.0,1.0,0.31640625,0.4501953125,0.14306640625,code_python_4k,4096,True,source_code,1.0,compression-py,xai_compress/compression.py,0a9599ae8e070caff2e676eaaf7852a9a7312ff553a40ec240a85d8bf95510ea,4096,train,raw|default|identity,0.5,identity,{},4096,75,0.25244140625,0.0
3.28125,1.0,4.850165857089839,0.015473420300262762,zstd,"{""level"": 1}",1680,60.84500739042262,6.420000863727182e-05,0.0,164.8206344879078,2.370000584051013e-05,0.00732421875,0.0,.py,4096,6.129469152701875,0.0,0.0,1.0,0.0,1,4.850165857089839,0.0,16,0.083984375,unknown,0.201171875,0.00390625,text,0.02880859375,0.00732421875,222.109375,1.0,2.4380952380952383,0.31640625,0.4501953125,0.14306640625,code_python_4k,4096,True,source_code,1.0,compression-py,xai_compress/compression.py,0a9599ae8e070caff2e676eaaf7852a9a7312ff553a40ec240a85d8bf95510ea,4096,train,zstd|1|identity,0.5,identity,{},4096,75,0.25244140625,0.0
3.2109375,1.0,4.850165857089839,0.015473420300262762,zstd,"{""level"": 3}",1644,75.12018789879592,5.200000305194408e-05,0.0,218.2261919762877,1.790000533219427e-05,0.00732421875,0.0,.py,4096,6.129469152701875,0.0,0.0,1.0,0.0,3,4.850165857089839,0.0,16,0.083984375,unknown,0.201171875,0.00390625,text,0.02880859375,0.00732421875,222.109375,1.0,2.491484184914842,0.31640625,0.4501953125,0.14306640625,code_python_4k,4096,True,source_code,1.0,compression-py,xai_compress/compression.py,0a9599ae8e070caff2e676eaaf7852a9a7312ff553a40ec240a85d8bf95510ea,4096,train,zstd|3|identity,0.5,identity,{},4096,75,0.25244140625,0.0
3.123046875,1.0,4.850165857089839,0.015473420300262762,zstd,"{""level"": 9}",1599,22.044300728310233,0.00017719999596010894,0.0,221.9459842922024,1.7600003047846258e-05,0.00732421875,0.0,.py,4096,6.129469152701875,0.0,0.0,1.0,0.0,9,4.850165857089839,0.0,16,0.083984375,unknown,0.201171875,0.00390625,text,0.02880859375,0.00732421875,222.109375,1.0,2.561601000625391,0.31640625,0.4501953125,0.14306640625,code_python_4k,4096,True,source_code,1.0,compression-py,xai_compress/compression.py,0a9599ae8e070caff2e676eaaf7852a9a7312ff553a40ec240a85d8bf95510ea,4096,train,zstd|9|identity,0.5,identity,{},4096,75,0.25244140625,0.0
3.443359375,1.0,4.850165857089839,0.015473420300262762,brotli,"{""level"": 1}",1763,59.63740095256165,6.550000398419797e-05,0.0,85.85165360938691,4.549999721348286e-05,0.00732421875,0.0,.py,4096,6.129469152701875,0.0,0.0,1.0,0.0,1,4.850165857089839,0.0,16,0.083984375,unknown,0.201171875,0.00390625,text,0.02880859375,0.00732421875,222.109375,1.0,2.323312535450936,0.31640625,0.4501953125,0.14306640625,code_python_4k,4096,True,source_code,1.0,compression-py,xai_compress/compression.py,0a9599ae8e070caff2e676eaaf7852a9a7312ff553a40ec240a85d8bf95510ea,4096,train,brotli|1|identity,0.5,identity,{},4096,75,0.25244140625,0.0
2.94921875,1.0,4.850165857089839,0.015473420300262762,brotli,"{""level"": 6}",1510,3.2833907496104056,0.0011897000076714903,0.0,93.90021516540031,4.16000111727044e-05,0.00732421875,0.0,.py,4096,6.129469152701875,0.0,0.0,1.0,0.0,6,4.850165857089839,0.0,16,0.083984375,unknown,0.201171875,0.00390625,text,0.02880859375,0.00732421875,222.109375,1.0,2.7125827814569536,0.31640625,0.4501953125,0.14306640625,code_python_4k,4096,True,source_code,1.0,compression-py,xai_compress/compression.py,0a9599ae8e070caff2e676eaaf7852a9a7312ff553a40ec240a85d8bf95510ea,4096,train,brotli|6|identity,0.5,identity,{},4096,75,0.25244140625,0.0
2.943359375,1.0,4.850165857089839,0.015473420300262762,brotli,"{""level"": 9}",1507,1.1716406741045984,0.0033339999936288223,0.0,99.90407498217297,3.91000066883862e-05,0.00732421875,0.0,.py,4096,6.129469152701875,0.0,0.0,1.0,0.0,9,4.850165857089839,0.0,16,0.083984375,unknown,0.201171875,0.00390625,text,0.02880859375,0.00732421875,222.109375,1.0,2.7179827471798275,0.31640625,0.4501953125,0.14306640625,code_python_4k,4096,True,source_code,1.0,compression-py,xai_compress/compression.py,0a9599ae8e070caff2e676eaaf7852a9a7312ff553a40ec240a85d8bf95510ea,4096,train,brotli|9|identity,0.5,identity,{},4096,75,0.25244140625,0.0
4.150390625,1.0,4.850165857089839,0.015473420300262762,deflate,"{""level"": 1, ""wrapper"": ""zlib""}",2125,91.26751108563393,4.2800005758181214e-05,0.0,231.13908446914348,1.68999977177009e-05,0.00732421875,0.0,.py,4096,6.129469152701875,0.0,0.0,1.0,0.0,1,4.850165857089839,0.0,16,0.083984375,unknown,0.201171875,0.00390625,text,0.02880859375,0.00732421875,222.109375,1.0,1.927529411764706,0.31640625,0.4501953125,0.14306640625,code_python_4k,4096,True,source_code,1.0,compression-py,xai_compress/compression.py,0a9599ae8e070caff2e676eaaf7852a9a7312ff553a40ec240a85d8bf95510ea,4096,train,deflate|1|identity,0.5,identity,{},4096,75,0.25244140625,0.0
3.0859375,1.0,4.850165857089839,0.015473420300262762,deflate,"{""level"": 6, ""wrapper"": ""zlib""}",1580,36.712877570245816,0.00010639999527484179,0.0,178.36764397098653,2.1899992134422064e-05,0.00732421875,0.0,.py,4096,6.129469152701875,0.0,0.0,1.0,0.0,6,4.850165857089839,0.0,16,0.083984375,unknown,0.201171875,0.00390625,text,0.02880859375,0.00732421875,222.109375,1.0,2.5924050632911393,0.31640625,0.4501953125,0.14306640625,code_python_4k,4096,True,source_code,1.0,compression-py,xai_compress/compression.py,0a9599ae8e070caff2e676eaaf7852a9a7312ff553a40ec240a85d8bf95510ea,4096,train,deflate|6|identity,0.5,identity,{},4096,75,0.25244140625,0.0
3.08984375,1.0,4.850165857089839,0.015473420300262762,deflate,"{""level"": 9, ""wrapper"": ""zlib""}",1582,30.024980526607074,0.00013010000111535192,0.0,185.13032653531323,2.1100000594742596e-05,0.00732421875,0.0,.py,4096,6.129469152701875,0.0,0.0,1.0,0.0,9,4.850165857089839,0.0,16,0.083984375,unknown,0.201171875,0.00390625,text,0.02880859375,0.00732421875,222.109375,1.0,2.5891276864728194,0.31640625,0.4501953125,0.14306640625,code_python_4k,4096,True,source_code,1.0,compression-py,xai_compress/compression.py,0a9599ae8e070caff2e676eaaf7852a9a7312ff553a40ec240a85d8bf95510ea,4096,train,deflate|9|identity,0.5,identity,{},4096,75,0.25244140625,0.0
3.3359375,1.0,4.850165857089839,0.015473420300262762,lzma2,"{""container"": ""xz"", ""filter"": ""lzma2"", ""level"": 0}",1708,11.218408866353991,0.0003482000029180199,0.0,27.861984727753576,0.00014019999071024358,0.00732421875,0.0,.py,4096,6.129469152701875,0.0,0.0,1.0,0.0,0,4.850165857089839,0.0,16,0.083984375,unknown,0.201171875,0.00390625,text,0.02880859375,0.00732421875,222.109375,1.0,2.398126463700234,0.31640625,0.4501953125,0.14306640625,code_python_4k,4096,True,source_code,1.0,compression-py,xai_compress/compression.py,0a9599ae8e070caff2e676eaaf7852a9a7312ff553a40ec240a85d8bf95510ea,4096,train,lzma2|0|identity,0.5,identity,{},4096,75,0.25244140625,0.0
3.296875,1.0,4.850165857089839,0.015473420300262762,lzma2,"{""container"": ""xz"", ""filter"": ""lzma2"", ""level"": 3}",1688,1.717410418070862,0.0022745000023860484,0.0,22.181998595215468,0.00017610000213608146,0.00732421875,0.0,.py,4096,6.129469152701875,0.0,0.0,1.0,0.0,3,4.850165857089839,0.0,16,0.083984375,unknown,0.201171875,0.00390625,text,0.02880859375,0.00732421875,222.109375,1.0,2.4265402843601898,0.31640625,0.4501953125,0.14306640625,code_python_4k,4096,True,source_code,1.0,compression-py,xai_compress/compression.py,0a9599ae8e070caff2e676eaaf7852a9a7312ff553a40ec240a85d8bf95510ea,4096,train,lzma2|3|identity,0.5,identity,{},4096,75,0.25244140625,0.0
3.21875,1.0,4.850165857089839,0.015473420300262762,lzma2,"{""container"": ""xz"", ""filter"": ""lzma2"", ""level"": 6}",1648,0.7681605423417407,0.005085200013127178,0.0,22.488486100658875,0.0001736999984132126,0.00732421875,0.0,.py,4096,6.129469152701875,0.0,0.0,1.0,0.0,6,4.850165857089839,0.0,16,0.083984375,unknown,0.201171875,0.00390625,text,0.02880859375,0.00732421875,222.109375,1.0,2.4854368932038833,0.31640625,0.4501953125,0.14306640625,code_python_4k,4096,True,source_code,1.0,compression-py,xai_compress/compression.py,0a9599ae8e070caff2e676eaaf7852a9a7312ff553a40ec240a85d8bf95510ea,4096,train,lzma2|6|identity,0.5,identity,{},4096,75,0.25244140625,0.0
3.263671875,1.0,4.850165857089839,0.015473420300262762,bzip2,"{""level"": 1}",1671,5.522762606519793,0.0007073000015225261,0.0,23.306981515941466,0.00016759999562054873,0.00732421875,0.0,.py,4096,6.129469152701875,0.0,0.0,1.0,0.0,1,4.850165857089839,0.0,16,0.083984375,unknown,0.201171875,0.00390625,text,0.02880859375,0.00732421875,222.109375,1.0,2.4512268102932375,0.31640625,0.4501953125,0.14306640625,code_python_4k,4096,True,source_code,1.0,compression-py,xai_compress/compression.py,0a9599ae8e070caff2e676eaaf7852a9a7312ff553a40ec240a85d8bf95510ea,4096,train,bzip2|1|identity,0.5,identity,{},4096,75,0.25244140625,0.0
3.263671875,1.0,4.850165857089839,0.015473420300262762,bzip2,"{""level"": 9}",1671,5.213894818166322,0.0007492000004276633,0.0,20.114573181523834,0.00019419999443925917,0.00732421875,0.0,.py,4096,6.129469152701875,0.0,0.0,1.0,0.0,9,4.850165857089839,0.0,16,0.083984375,unknown,0.201171875,0.00390625,text,0.02880859375,0.00732421875,222.109375,1.0,2.4512268102932375,0.31640625,0.4501953125,0.14306640625,code_python_4k,4096,True,source_code,1.0,compression-py,xai_compress/compression.py,0a9599ae8e070caff2e676eaaf7852a9a7312ff553a40ec240a85d8bf95510ea,4096,train,bzip2|9|identity,0.5,identity,{},4096,75,0.25244140625,0.0
5.138671875,1.0,4.850165857089839,0.015473420300262762,xai-static,"{""coder"": ""adaptive-arithmetic32-v1"", ""level"": null, ""original_size"": 4096}",2631,0.010723230972205242,0.3642792000027839,0.0,0.010817415866660393,0.36110749999352265,0.00732421875,0.0,.py,4096,6.129469152701875,0.0,0.0,1.0,0.0,,4.850165857089839,0.0,16,0.083984375,unknown,0.201171875,0.00390625,text,0.02880859375,0.00732421875,222.109375,1.0,1.556822500950209,0.31640625,0.4501953125,0.14306640625,code_python_4k,4096,True,source_code,1.0,compression-py,xai_compress/compression.py,0a9599ae8e070caff2e676eaaf7852a9a7312ff553a40ec240a85d8bf95510ea,4096,train,xai-static|default|identity,0.5,identity,{},4096,75,0.25244140625,0.0
3.947265625,1.0,4.850165857089839,0.015473420300262762,zstd,"{""level"": 3}",2021,31.966039497375416,0.0001221999991685152,0.0,2.5270086481566456,0.001545800012536347,0.00732421875,0.0,.py,4096,6.129469152701875,0.0,0.0,1.0,0.0,3,4.850165857089839,0.0,16,0.083984375,unknown,0.201171875,0.00390625,text,0.02880859375,0.00732421875,222.109375,1.0,2.0267194458189017,0.31640625,0.4501953125,0.14306640625,code_python_4k,4096,True,source_code,1.0,compression-py,xai_compress/compression.py,0a9599ae8e070caff2e676eaaf7852a9a7312ff553a40ec240a85d8bf95510ea,4096,train,zstd|3|rle,0.5,rle,{},7252,75,0.25244140625,0.0
4.142578125,1.0,4.850165857089839,0.015473420300262762,zstd,"{""level"": 3}",2121,55.64458997281777,7.019999611657113e-05,0.0,6.564022950505392,0.0005950999911874533,0.00732421875,0.0,.py,4096,6.129469152701875,0.0,0.0,1.0,0.0,3,4.850165857089839,0.0,16,0.083984375,unknown,0.201171875,0.00390625,text,0.02880859375,0.00732421875,222.109375,1.0,1.9311645450259312,0.31640625,0.4501953125,0.14306640625,code_python_4k,4096,True,source_code,1.0,compression-py,xai_compress/compression.py,0a9599ae8e070caff2e676eaaf7852a9a7312ff553a40ec240a85d8bf95510ea,4096,train,zstd|3|delta,0.5,delta,{},4096,75,0.25244140625,0.0
4.14453125,1.0,4.850165857089839,0.015473420300262762,zstd,"{""level"": 3}",2122,52.71591641506848,7.410001126118004e-05,0.0,99.90411216365437,3.9099992136470973e-05,0.00732421875,0.0,.py,4096,6.129469152701875,0.0,0.0,1.0,0.0,3,4.850165857089839,0.0,16,0.083984375,unknown,0.201171875,0.00390625,text,0.02880859375,0.00732421875,222.109375,1.0,1.9302544769085768,0.31640625,0.4501953125,0.14306640625,code_python_4k,4096,True,source_code,1.0,compression-py,xai_compress/compression.py,0a9599ae8e070caff2e676eaaf7852a9a7312ff553a40ec240a85d8bf95510ea,4096,train,zstd|3|byte-shuffle,0.5,byte-shuffle,"{""original_size"": 4096}",4096,75,0.25244140625,0.0
3.2109375,1.0,4.850165857089839,0.015473420300262762,zstd,"{""level"": 3}",1644,63.413145859318895,6.160000339150429e-05,0.0,5.56525142813084,0.0007019000040600076,0.00732421875,0.0,.py,4096,6.129469152701875,0.0,0.0,1.0,0.0,3,4.850165857089839,0.0,16,0.083984375,unknown,0.201171875,0.00390625,text,0.02880859375,0.00732421875,222.109375,1.0,2.491484184914842,0.31640625,0.4501953125,0.14306640625,code_python_4k,4096,True,source_code,1.0,compression-py,xai_compress/compression.py,0a9599ae8e070caff2e676eaaf7852a9a7312ff553a40ec240a85d8bf95510ea,4096,train,zstd|3|zero-run,0.5,zero-run,{},4096,75,0.25244140625,0.0
3.2421875,1.0,4.850165857089839,0.015473420300262762,zstd,"{""level"": 3}",1660,60.00383938083502,6.510000093840063e-05,0.0,5.148609463516898,0.0007587000000057742,0.00732421875,0.0,.py,4096,6.129469152701875,0.0,0.0,1.0,0.0,3,4.850165857089839,0.0,16,0.083984375,unknown,0.201171875,0.00390625,text,0.02880859375,0.00732421875,222.109375,1.0,2.4674698795180725,0.31640625,0.4501953125,0.14306640625,code_python_4k,4096,True,source_code,1.0,compression-py,xai_compress/compression.py,0a9599ae8e070caff2e676eaaf7852a9a7312ff553a40ec240a85d8bf95510ea,4096,train,zstd|3|dictionary,0.5,dictionary,"{""dictionary"": ""structured-v1""}",3739,75,0.25244140625,0.0
2.95703125,1.0,4.850165857089839,0.015473420300262762,brotli,"{""level"": 6}",1514,2.5028833295647415,0.001560699995025061,0.0,5.332036545686806,0.0007326000049943104,0.00732421875,0.0,.py,4096,6.129469152701875,0.0,0.0,1.0,0.0,6,4.850165857089839,0.0,16,0.083984375,unknown,0.201171875,0.00390625,text,0.02880859375,0.00732421875,222.109375,1.0,2.7054161162483488,0.31640625,0.4501953125,0.14306640625,code_python_4k,4096,True,source_code,1.0,compression-py,xai_compress/compression.py,0a9599ae8e070caff2e676eaaf7852a9a7312ff553a40ec240a85d8bf95510ea,4096,train,brotli|6|dictionary,0.5,dictionary,"{""dictionary"": ""structured-v1""}",3739,75,0.25244140625,0.0
4.015625,1.0,4.850165857089839,0.015473420300262762,deflate,"{""level"": 6, ""wrapper"": ""zlib""}",2056,25.365260740565894,0.0001539999939268455,0.0,7.033219371277082,0.0005553999944822863,0.00732421875,0.0,.py,4096,6.129469152701875,0.0,0.0,1.0,0.0,6,4.850165857089839,0.0,16,0.083984375,unknown,0.201171875,0.00390625,text,0.02880859375,0.00732421875,222.109375,1.0,1.9922178988326849,0.31640625,0.4501953125,0.14306640625,code_python_4k,4096,True,source_code,1.0,compression-py,xai_compress/compression.py,0a9599ae8e070caff2e676eaaf7852a9a7312ff553a40ec240a85d8bf95510ea,4096,train,deflate|6|delta,0.5,delta,{},4096,75,0.25244140625,0.0
4.3125,1.0,4.850165857089839,0.015473420300262762,lzma2,"{""container"": ""xz"", ""filter"": ""lzma2"", ""level"": 3}",2208,1.3617269745883922,0.0028686000005109236,0.0,15.276691610368339,0.0002556999970693141,0.00732421875,0.0,.py,4096,6.129469152701875,0.0,0.0,1.0,0.0,3,4.850165857089839,0.0,16,0.083984375,unknown,0.201171875,0.00390625,text,0.02880859375,0.00732421875,222.109375,1.0,1.855072463768116,0.31640625,0.4501953125,0.14306640625,code_python_4k,4096,True,source_code,1.0,compression-py,xai_compress/compression.py,0a9599ae8e070caff2e676eaaf7852a9a7312ff553a40ec240a85d8bf95510ea,4096,train,lzma2|3|byte-shuffle,0.5,byte-shuffle,"{""original_size"": 4096}",4096,75,0.25244140625,0.0
8.0,1.0,4.813176460036868,0.015799262176551702,raw,"{""level"": null}",16384,2604.165785063434,6.000002031214535e-06,0.0,4882.797524363014,3.200009814463556e-06,0.0057373046875,0.17651895718771016,.py,16384,6.129817830475667,0.0,0.0,1.0,0.0,,4.779793979666506,0.065776643779912,16,0.203125,unknown,0.209716796875,0.00390625,text,0.02490234375,0.0057373046875,222.109375,1.0,1.0,0.54150390625,0.698974609375,0.160888671875,code_python_16k,16384,True,source_code,1.0,compression-py-expanded,compression.py repeated,aa3b44cb29e4fdb0a3c4c9e26307a7a256cafe929f3bc91e2fbfcac47d421674,16384,test,raw|default|identity,0.5,identity,{},16384,82,0.25244140625,0.0
2.4609375,1.0,4.813176460036868,0.015799262176551702,zstd,"{""level"": 1}",5040,100.35324836709185,0.000155699992319569,0.0,268.93284730108337,5.810000584460795e-05,0.0057373046875,0.17651895718771016,.py,16384,6.129817830475667,0.0,0.0,1.0,0.0,1,4.779793979666506,0.065776643779912,16,0.203125,unknown,0.209716796875,0.00390625,text,0.02490234375,0.0057373046875,222.109375,1.0,3.250793650793651,0.54150390625,0.698974609375,0.160888671875,code_python_16k,16384,True,source_code,1.0,compression-py-expanded,compression.py repeated,aa3b44cb29e4fdb0a3c4c9e26307a7a256cafe929f3bc91e2fbfcac47d421674,16384,test,zstd|1|identity,0.5,identity,{},16384,82,0.25244140625,0.0
2.31640625,1.0,4.813176460036868,0.015799262176551702,zstd,"{""level"": 3}",4744,103.61405927319359,0.00015079999866429716,0.0,328.94738302940254,4.749999789055437e-05,0.0057373046875,0.17651895718771016,.py,16384,6.129817830475667,0.0,0.0,1.0,0.0,3,4.779793979666506,0.065776643779912,16,0.203125,unknown,0.209716796875,0.00390625,text,0.02490234375,0.0057373046875,222.109375,1.0,3.45362563237774,0.54150390625,0.698974609375,0.160888671875,code_python_16k,16384,True,source_code,1.0,compression-py-expanded,compression.py repeated,aa3b44cb29e4fdb0a3c4c9e26307a7a256cafe929f3bc91e2fbfcac47d421674,16384,test,zstd|3|identity,0.5,identity,{},16384,82,0.25244140625,0.0
2.12353515625,1.0,4.813176460036868,0.015799262176551702,zstd,"{""level"": 9}",4349,15.10683549589594,0.001034300003084354,0.0,354.3083811440181,4.410000110510737e-05,0.0057373046875,0.17651895718771016,.py,16384,6.129817830475667,0.0,0.0,1.0,0.0,9,4.779793979666506,0.065776643779912,16,0.203125,unknown,0.209716796875,0.00390625,text,0.02490234375,0.0057373046875,222.109375,1.0,3.7673028282363763,0.54150390625,0.698974609375,0.160888671875,code_python_16k,16384,True,source_code,1.0,compression-py-expanded,compression.py repeated,aa3b44cb29e4fdb0a3c4c9e26307a7a256cafe929f3bc91e2fbfcac47d421674,16384,test,zstd|9|identity,0.5,identity,{},16384,82,0.25244140625,0.0
2.63037109375,1.0,4.813176460036868,0.015799262176551702,brotli,"{""level"": 1}",5387,109.03698552556634,0.0001432999997632578,0.0,142.30418086571697,0.00010980000661220402,0.0057373046875,0.17651895718771016,.py,16384,6.129817830475667,0.0,0.0,1.0,0.0,1,4.779793979666506,0.065776643779912,16,0.203125,unknown,0.209716796875,0.00390625,text,0.02490234375,0.0057373046875,222.109375,1.0,3.0413959532207167,0.54150390625,0.698974609375,0.160888671875,code_python_16k,16384,True,source_code,1.0,compression-py-expanded,compression.py repeated,aa3b44cb29e4fdb0a3c4c9e26307a7a256cafe929f3bc91e2fbfcac47d421674,16384,test,brotli|1|identity,0.5,identity,{},16384,82,0.25244140625,0.0
2.06884765625,1.0,4.813176460036868,0.015799262176551702,brotli,"{""level"": 6}",4237,8.76922210972487,0.001781800005119294,0.0,160.0922114303802,9.760000102687627e-05,0.0057373046875,0.17651895718771016,.py,16384,6.129817830475667,0.0,0.0,1.0,0.0,6,4.779793979666506,0.065776643779912,16,0.203125,unknown,0.209716796875,0.00390625,text,0.02490234375,0.0057373046875,222.109375,1.0,3.866886948312485,0.54150390625,0.698974609375,0.160888671875,code_python_16k,16384,True,source_code,1.0,compression-py-expanded,compression.py repeated,aa3b44cb29e4fdb0a3c4c9e26307a7a256cafe929f3bc91e2fbfcac47d421674,16384,test,brotli|6|identity,0.5,identity,{},16384,82,0.25244140625,0.0
2.0400390625,1.0,4.813176460036868,0.015799262176551702,brotli,"{""level"": 9}",4178,2.093549855292635,0.007463400004780851,0.0,166.22339944804898,9.40000027185306e-05,0.0057373046875,0.17651895718771016,.py,16384,6.129817830475667,0.0,0.0,1.0,0.0,9,4.779793979666506,0.065776643779912,16,0.203125,unknown,0.209716796875,0.00390625,text,0.02490234375,0.0057373046875,222.109375,1.0,3.9214935375777884,0.54150390625,0.698974609375,0.160888671875,code_python_16k,16384,True,source_code,1.0,compression-py-expanded,compression.py repeated,aa3b44cb29e4fdb0a3c4c9e26307a7a256cafe929f3bc91e2fbfcac47d421674,16384,test,brotli|9|identity,0.5,identity,{},16384,82,0.25244140625,0.0
3.18017578125,1.0,4.813176460036868,0.015799262176551702,deflate,"{""level"": 1, ""wrapper"": ""zlib""}",6513,140.51258649032678,0.0001112000027205795,0.0,333.15569775822905,4.6899993321858346e-05,0.0057373046875,0.17651895718771016,.py,16384,6.129817830475667,0.0,0.0,1.0,0.0,1,4.779793979666506,0.065776643779912,16,0.203125,unknown,0.209716796875,0.00390625,text,0.02490234375,0.0057373046875,222.109375,1.0,2.5155842161830186,0.54150390625,0.698974609375,0.160888671875,code_python_16k,16384,True,source_code,1.0,compression-py-expanded,compression.py repeated,aa3b44cb29e4fdb0a3c4c9e26307a7a256cafe929f3bc91e2fbfcac47d421674,16384,test,deflate|1|identity,0.5,identity,{},16384,82,0.25244140625,0.0
2.1455078125,1.0,4.813176460036868,0.015799262176551702,deflate,"{""level"": 6, ""wrapper"": ""zlib""}",4394,48.0621344844043,0.0003251000016462058,0.0,342.65352398896096,4.5599997974932194e-05,0.0057373046875,0.17651895718771016,.py,16384,6.129817830475667,0.0,0.0,1.0,0.0,6,4.779793979666506,0.065776643779912,16,0.203125,unknown,0.209716796875,0.00390625,text,0.02490234375,0.0057373046875,222.109375,1.0,3.728720983158853,0.54150390625,0.698974609375,0.160888671875,code_python_16k,16384,True,source_code,1.0,compression-py-expanded,compression.py repeated,aa3b44cb29e4fdb0a3c4c9e26307a7a256cafe929f3bc91e2fbfcac47d421674,16384,test,deflate|6|identity,0.5,identity,{},16384,82,0.25244140625,0.0
2.13818359375,1.0,4.813176460036868,0.015799262176551702,deflate,"{""level"": 9, ""wrapper"": ""zlib""}",4379,34.978733224332416,0.00044669999624602497,0.0,357.55150329282884,4.369999805931002e-05,0.0057373046875,0.17651895718771016,.py,16384,6.129817830475667,0.0,0.0,1.0,0.0,9,4.779793979666506,0.065776643779912,16,0.203125,unknown,0.209716796875,0.00390625,text,0.02490234375,0.0057373046875,222.109375,1.0,3.7414934916647637,0.54150390625,0.698974609375,0.160888671875,code_python_16k,16384,True,source_code,1.0,compression-py-expanded,compression.py repeated,aa3b44cb29e4fdb0a3c4c9e26307a7a256cafe929f3bc91e2fbfcac47d421674,16384,test,deflate|9|identity,0.5,identity,{},16384,82,0.25244140625,0.0
2.32421875,1.0,4.813176460036868,0.015799262176551702,lzma2,"{""container"": ""xz"", ""filter"": ""lzma2"", ""level"": 0}",4760,14.892298892621719,0.0010492000001249835,0.0,38.06333766345869,0.0004104999970877543,0.0057373046875,0.17651895718771016,.py,16384,6.129817830475667,0.0,0.0,1.0,0.0,0,4.779793979666506,0.065776643779912,16,0.203125,unknown,0.209716796875,0.00390625,text,0.02490234375,0.0057373046875,222.109375,1.0,3.4420168067226893,0.54150390625,0.698974609375,0.160888671875,code_python_16k,16384,True,source_code,1.0,compression-py-expanded,compression.py repeated,aa3b44cb29e4fdb0a3c4c9e26307a7a256cafe929f3bc91e2fbfcac47d421674,16384,test,lzma2|0|identity,0.5,identity,{},16384,82,0.25244140625,0.0
2.189453125,1.0,4.813176460036868,0.015799262176551702,lzma2,"{""container"": ""xz"", ""filter"": ""lzma2"", ""level"": 3}",4484,4.399921149534427,0.0035512000031303614,0.0,38.43788478226558,0.0004064999957336113,0.0057373046875,0.17651895718771016,.py,16384,6.129817830475667,0.0,0.0,1.0,0.0,3,4.779793979666506,0.065776643779912,16,0.203125,unknown,0.209716796875,0.00390625,text,0.02490234375,0.0057373046875,222.109375,1.0,3.6538804638715434,0.54150390625,0.698974609375,0.160888671875,code_python_16k,16384,True,source_code,1.0,compression-py-expanded,compression.py repeated,aa3b44cb29e4fdb0a3c4c9e26307a7a256cafe929f3bc91e2fbfcac47d421674,16384,test,lzma2|3|identity,0.5,identity,{},16384,82,0.25244140625,0.0
2.099609375,1.0,4.813176460036868,0.015799262176551702,lzma2,"{""container"": ""xz"", ""filter"": ""lzma2"", ""level"": 6}",4300,1.6572622546663849,0.00942820000636857,0.0,37.95239194496188,0.00041170000622514635,0.0057373046875,0.17651895718771016,.py,16384,6.129817830475667,0.0,0.0,1.0,0.0,6,4.779793979666506,0.065776643779912,16,0.203125,unknown,0.209716796875,0.00390625,text,0.02490234375,0.0057373046875,222.109375,1.0,3.810232558139535,0.54150390625,0.698974609375,0.160888671875,code_python_16k,16384,True,source_code,1.0,compression-py-expanded,compression.py repeated,aa3b44cb29e4fdb0a3c4c9e26307a7a256cafe929f3bc91e2fbfcac47d421674,16384,test,lzma2|6|identity,0.5,identity,{},16384,82,0.25244140625,0.0
2.05859375,1.0,4.813176460036868,0.015799262176551702,bzip2,"{""level"": 1}",4216,8.187915974558496,0.001908299993374385,0.0,30.428432589251063,0.0005134999955771491,0.0057373046875,0.17651895718771016,.py,16384,6.129817830475667,0.0,0.0,1.0,0.0,1,4.779793979666506,0.065776643779912,16,0.203125,unknown,0.209716796875,0.00390625,text,0.02490234375,0.0057373046875,222.109375,1.0,3.886148007590133,0.54150390625,0.698974609375,0.160888671875,code_python_16k,16384,True,source_code,1.0,compression-py-expanded,compression.py repeated,aa3b44cb29e4fdb0a3c4c9e26307a7a256cafe929f3bc91e2fbfcac47d421674,16384,test,bzip2|1|identity,0.5,identity,{},16384,82,0.25244140625,0.0
2.05859375,1.0,4.813176460036868,0.015799262176551702,bzip2,"{""level"": 9}",4216,7.390502303176812,0.0021142000041436404,0.0,25.968090505996237,0.0006016999977873638,0.0057373046875,0.17651895718771016,.py,16384,6.129817830475667,0.0,0.0,1.0,0.0,9,4.779793979666506,0.065776643779912,16,0.203125,unknown,0.209716796875,0.00390625,text,0.02490234375,0.0057373046875,222.109375,1.0,3.886148007590133,0.54150390625,0.698974609375,0.160888671875,code_python_16k,16384,True,source_code,1.0,compression-py-expanded,compression.py repeated,aa3b44cb29e4fdb0a3c4c9e26307a7a256cafe929f3bc91e2fbfcac47d421674,16384,test,bzip2|9|identity,0.5,identity,{},16384,82,0.25244140625,0.0
4.9111328125,1.0,4.813176460036868,0.015799262176551702,xai-static,"{""coder"": ""adaptive-arithmetic32-v1"", ""level"": null, ""original_size"": 16384}",10058,0.010705866376320894,1.4594801999919582,0.0,0.01033490789924355,1.5118664000037825,0.0057373046875,0.17651895718771016,.py,16384,6.129817830475667,0.0,0.0,1.0,0.0,,4.779793979666506,0.065776643779912,16,0.203125,unknown,0.209716796875,0.00390625,text,0.02490234375,0.0057373046875,222.109375,1.0,1.628952077947902,0.54150390625,0.698974609375,0.160888671875,code_python_16k,16384,True,source_code,1.0,compression-py-expanded,compression.py repeated,aa3b44cb29e4fdb0a3c4c9e26307a7a256cafe929f3bc91e2fbfcac47d421674,16384,test,xai-static|default|identity,0.5,identity,{},16384,82,0.25244140625,0.0
2.86181640625,1.0,4.813176460036868,0.015799262176551702,zstd,"{""level"": 3}",5861,69.72334113028582,0.00022409998928196728,0.0,2.614843947615901,0.005975499996566214,0.0057373046875,0.17651895718771016,.py,16384,6.129817830475667,0.0,0.0,1.0,0.0,3,4.779793979666506,0.065776643779912,16,0.203125,unknown,0.209716796875,0.00390625,text,0.02490234375,0.0057373046875,222.109375,1.0,2.7954274014673266,0.54150390625,0.698974609375,0.160888671875,code_python_16k,16384,True,source_code,1.0,compression-py-expanded,compression.py repeated,aa3b44cb29e4fdb0a3c4c9e26307a7a256cafe929f3bc91e2fbfcac47d421674,16384,test,zstd|3|rle,0.5,rle,{},28532,82,0.25244140625,0.0
2.8994140625,1.0,4.813176460036868,0.015799262176551702,zstd,"{""level"": 3}",5938,86.95047279553062,0.00017970000044442713,0.0,7.058956392521908,0.00221350000356324,0.0057373046875,0.17651895718771016,.py,16384,6.129817830475667,0.0,0.0,1.0,0.0,3,4.779793979666506,0.065776643779912,16,0.203125,unknown,0.209716796875,0.00390625,text,0.02490234375,0.0057373046875,222.109375,1.0,2.7591781744695183,0.54150390625,0.698974609375,0.160888671875,code_python_16k,16384,True,source_code,1.0,compression-py-expanded,compression.py repeated,aa3b44cb29e4fdb0a3c4c9e26307a7a256cafe929f3bc91e2fbfcac47d421674,16384,test,zstd|3|delta,0.5,delta,{},16384,82,0.25244140625,0.0
3.28173828125,1.0,4.813176460036868,0.015799262176551702,zstd,"{""level"": 3}",6721,82.41033621907938,0.00018960000306833535,0.0,182.10956032014892,8.579999848734587e-05,0.0057373046875,0.17651895718771016,.py,16384,6.129817830475667,0.0,0.0,1.0,0.0,3,4.779793979666506,0.065776643779912,16,0.203125,unknown,0.209716796875,0.00390625,text,0.02490234375,0.0057373046875,222.109375,1.0,2.4377324802856717,0.54150390625,0.698974609375,0.160888671875,code_python_16k,16384,True,source_code,1.0,compression-py-expanded,compression.py repeated,aa3b44cb29e4fdb0a3c4c9e26307a7a256cafe929f3bc91e2fbfcac47d421674,16384,test,zstd|3|byte-shuffle,0.5,byte-shuffle,"{""original_size"": 16384}",16384,82,0.25244140625,0.0
2.31640625,1.0,4.813176460036868,0.015799262176551702,zstd,"{""level"": 3}",4744,105.43185353506492,0.00014819999341852963,0.0,5.76313072712961,0.002711199995246716,0.0057373046875,0.17651895718771016,.py,16384,6.129817830475667,0.0,0.0,1.0,0.0,3,4.779793979666506,0.065776643779912,16,0.203125,unknown,0.209716796875,0.00390625,text,0.02490234375,0.0057373046875,222.109375,1.0,3.45362563237774,0.54150390625,0.698974609375,0.160888671875,code_python_16k,16384,True,source_code,1.0,compression-py-expanded,compression.py repeated,aa3b44cb29e4fdb0a3c4c9e26307a7a256cafe929f3bc91e2fbfcac47d421674,16384,test,zstd|3|zero-run,0.5,zero-run,{},16384,82,0.25244140625,0.0
2.3115234375,1.0,4.813176460036868,0.015799262176551702,zstd,"{""level"": 3}",4734,86.23068560482282,0.00018119999731425196,0.0,5.193445449021771,0.0030086000042501837,0.0057373046875,0.17651895718771016,.py,16384,6.129817830475667,0.0,0.0,1.0,0.0,3,4.779793979666506,0.065776643779912,16,0.203125,unknown,0.209716796875,0.00390625,text,0.02490234375,0.0057373046875,222.109375,1.0,3.46092099704267,0.54150390625,0.698974609375,0.160888671875,code_python_16k,16384,True,source_code,1.0,compression-py-expanded,compression.py repeated,aa3b44cb29e4fdb0a3c4c9e26307a7a256cafe929f3bc91e2fbfcac47d421674,16384,test,zstd|3|dictionary,0.5,dictionary,"{""dictionary"": ""structured-v1""}",15056,82,0.25244140625,0.0
2.05712890625,1.0,4.813176460036868,0.015799262176551702,brotli,"{""level"": 6}",4213,8.145657342332196,0.0019182000105502084,0.0,5.332946514000773,0.00292990000161808,0.0057373046875,0.17651895718771016,.py,16384,6.129817830475667,0.0,0.0,1.0,0.0,6,4.779793979666506,0.065776643779912,16,0.203125,unknown,0.209716796875,0.00390625,text,0.02490234375,0.0057373046875,222.109375,1.0,3.8889152622834087,0.54150390625,0.698974609375,0.160888671875,code_python_16k,16384,True,source_code,1.0,compression-py-expanded,compression.py repeated,aa3b44cb29e4fdb0a3c4c9e26307a7a256cafe929f3bc91e2fbfcac47d421674,16384,test,brotli|6|dictionary,0.5,dictionary,"{""dictionary"": ""structured-v1""}",15056,82,0.25244140625,0.0
2.71484375,1.0,4.813176460036868,0.015799262176551702,deflate,"{""level"": 6, ""wrapper"": ""zlib""}",5560,39.21937683907861,0.00039840000681579113,0.0,6.983864493199941,0.0022372999956132844,0.0057373046875,0.17651895718771016,.py,16384,6.129817830475667,0.0,0.0,1.0,0.0,6,4.779793979666506,0.065776643779912,16,0.203125,unknown,0.209716796875,0.00390625,text,0.02490234375,0.0057373046875,222.109375,1.0,2.9467625899280576,0.54150390625,0.698974609375,0.160888671875,code_python_16k,16384,True,source_code,1.0,compression-py-expanded,compression.py repeated,aa3b44cb29e4fdb0a3c4c9e26307a7a256cafe929f3bc91e2fbfcac47d421674,16384,test,deflate|6|delta,0.5,delta,{},16384,82,0.25244140625,0.0
3.193359375,1.0,4.813176460036868,0.015799262176551702,lzma2,"{""container"": ""xz"", ""filter"": ""lzma2"", ""level"": 3}",6540,3.674395633798514,0.004252400001860224,0.0,23.685008234063442,0.0006597000028705224,0.0057373046875,0.17651895718771016,.py,16384,6.129817830475667,0.0,0.0,1.0,0.0,3,4.779793979666506,0.065776643779912,16,0.203125,unknown,0.209716796875,0.00390625,text,0.02490234375,0.0057373046875,222.109375,1.0,2.5051987767584096,0.54150390625,0.698974609375,0.160888671875,code_python_16k,16384,True,source_code,1.0,compression-py-expanded,compression.py repeated,aa3b44cb29e4fdb0a3c4c9e26307a7a256cafe929f3bc91e2fbfcac47d421674,16384,test,lzma2|3|byte-shuffle,0.5,byte-shuffle,"{""original_size"": 16384}",16384,82,0.25244140625,0.0
8.0,1.0,4.841915452387819,0.014437861975662132,raw,"{""level"": null}",3925,1100.9338914426098,3.3999967854470015e-06,0.0,1497.2659910709608,2.5000044843181968e-06,0.08535031847133757,0.0,.json,3925,5.817140005025849,0.0,0.0,1.0,1.0,,4.841915452387819,0.0,6,0.12857142857142856,unknown,0.17095541401273887,0.00390625,application,0.03133757961783439,0.08535031847133757,222.109375,1.0,1.0,0.39449541284403666,0.5443425076452599,0.17528662420382166,code_json_config,3925,True,json,1.0,model-search-config,configs/model_search_v2.json,173958f02399b35763b333cf3d9c651633102decb5951ea1e82e5e4621ab6c89,3925,test,raw|default|identity,1.0,identity,{},3925,71,0.20229299363057324,0.0
2.912611464968153,1.0,4.841915452387819,0.014437861975662132,zstd,"{""level"": 1}",1429,59.227399229715566,6.320000102277845e-05,0.0,143.41656733077681,2.609999501146376e-05,0.08535031847133757,0.0,.json,3925,5.817140005025849,0.0,0.0,1.0,1.0,1,4.841915452387819,0.0,6,0.12857142857142856,unknown,0.17095541401273887,0.00390625,application,0.03133757961783439,0.08535031847133757,222.109375,1.0,2.74667599720084,0.39449541284403666,0.5443425076452599,0.17528662420382166,code_json_config,3925,True,json,1.0,model-search-config,configs/model_search_v2.json,173958f02399b35763b333cf3d9c651633102decb5951ea1e82e5e4621ab6c89,3925,test,zstd|1|identity,1.0,identity,{},3925,71,0.20229299363057324,0.0
2.8494267515923566,1.0,4.841915452387819,0.014437861975662132,zstd,"{""level"": 3}",1398,67.32323022150057,5.560000136028975e-05,0.0,190.0086720530901,1.9700004486367106e-05,0.08535031847133757,0.0,.json,3925,5.817140005025849,0.0,0.0,1.0,1.0,3,4.841915452387819,0.0,6,0.12857142857142856,unknown,0.17095541401273887,0.00390625,application,0.03133757961783439,0.08535031847133757,222.109375,1.0,2.80758226037196,0.39449541284403666,0.5443425076452599,0.17528662420382166,code_json_config,3925,True,json,1.0,model-search-config,configs/model_search_v2.json,173958f02399b35763b333cf3d9c651633102decb5951ea1e82e5e4621ab6c89,3925,test,zstd|3|identity,1.0,identity,{},3925,71,0.20229299363057324,0.0
2.733248407643312,1.0,4.841915452387819,0.014437861975662132,zstd,"{""level"": 9}",1341,20.6919374993263,0.00018090000958181918,0.0,203.4333039658726,1.8399994587525725e-05,0.08535031847133757,0.0,.json,3925,5.817140005025849,0.0,0.0,1.0,1.0,9,4.841915452387819,0.0,6,0.12857142857142856,unknown,0.17095541401273887,0.00390625,application,0.03133757961783439,0.08535031847133757,222.109375,1.0,2.9269202087994035,0.39449541284403666,0.5443425076452599,0.17528662420382166,code_json_config,3925,True,json,1.0,model-search-config,configs/model_search_v2.json,173958f02399b35763b333cf3d9c651633102decb5951ea1e82e5e4621ab6c89,3925,test,zstd|9|identity,1.0,identity,{},3925,71,0.20229299363057324,0.0
3.067515923566879,1.0,4.841915452387819,0.014437861975662132,brotli,"{""level"": 1}",1505,54.804847768454565,6.830001075286418e-05,0.0,79.1368039694416,4.730001091957092e-05,0.08535031847133757,0.0,.json,3925,5.817140005025849,0.0,0.0,1.0,1.0,1,4.841915452387819,0.0,6,0.12857142857142856,unknown,0.17095541401273887,0.00390625,application,0.03133757961783439,0.08535031847133757,222.109375,1.0,2.60797342192691,0.39449541284403666,0.5443425076452599,0.17528662420382166,code_json_config,3925,True,json,1.0,model-search-config,configs/model_search_v2.json,173958f02399b35763b333cf3d9c651633102decb5951ea1e82e5e4621ab6c89,3925,test,brotli|1|identity,1.0,identity,{},3925,71,0.20229299363057324,0.0
2.490700636942675,1.0,4.841915452387819,0.014437861975662132,brotli,"{""level"": 6}",1222,3.0807997550583295,0.0012149999965913594,0.0,91.07472070772572,4.1100007365457714e-05,0.08535031847133757,0.0,.json,3925,5.817140005025849,0.0,0.0,1.0,1.0,6,4.841915452387819,0.0,6,0.12857142857142856,unknown,0.17095541401273887,0.00390625,application,0.03133757961783439,0.08535031847133757,222.109375,1.0,3.2119476268412437,0.39449541284403666,0.5443425076452599,0.17528662420382166,code_json_config,3925,True,json,1.0,model-search-config,configs/model_search_v2.json,173958f02399b35763b333cf3d9c651633102decb5951ea1e82e5e4621ab6c89,3925,test,brotli|6|identity,1.0,identity,{},3925,71,0.20229299363057324,0.0
2.4886624203821657,1.0,4.841915452387819,0.014437861975662132,brotli,"{""level"": 9}",1221,1.2204668061774802,0.0030669999978272244,0.0,95.24607912981787,3.9300008211284876e-05,0.08535031847133757,0.0,.json,3925,5.817140005025849,0.0,0.0,1.0,1.0,9,4.841915452387819,0.0,6,0.12857142857142856,unknown,0.17095541401273887,0.00390625,application,0.03133757961783439,0.08535031847133757,222.109375,1.0,3.2145782145782147,0.39449541284403666,0.5443425076452599,0.17528662420382166,code_json_config,3925,True,json,1.0,model-search-config,configs/model_search_v2.json,173958f02399b35763b333cf3d9c651633102decb5951ea1e82e5e4621ab6c89,3925,test,brotli|9|identity,1.0,identity,{},3925,71,0.20229299363057324,0.0
3.562802547770701,1.0,4.841915452387819,0.014437861975662132,deflate,"{""level"": 1, ""wrapper"": ""zlib""}",1748,84.49596997378356,4.430000262800604e-05,0.0,224.1420685508642,1.6699996194802225e-05,0.08535031847133757,0.0,.json,3925,5.817140005025849,0.0,0.0,1.0,1.0,1,4.841915452387819,0.0,6,0.12857142857142856,unknown,0.17095541401273887,0.00390625,application,0.03133757961783439,0.08535031847133757,222.109375,1.0,2.245423340961098,0.39449541284403666,0.5443425076452599,0.17528662420382166,code_json_config,3925,True,json,1.0,model-search-config,configs/model_search_v2.json,173958f02399b35763b333cf3d9c651633102decb5951ea1e82e5e4621ab6c89,3925,test,deflate|1|identity,1.0,identity,{},3925,71,0.20229299363057324,0.0
2.6680254777070065,1.0,4.841915452387819,0.014437861975662132,deflate,"{""level"": 6, ""wrapper"": ""zlib""}",1309,36.271043521789096,0.00010320000001229346,0.0,170.14411021352282,2.200000744778663e-05,0.08535031847133757,0.0,.json,3925,5.817140005025849,0.0,0.0,1.0,1.0,6,4.841915452387819,0.0,6,0.12857142857142856,unknown,0.17095541401273887,0.00390625,application,0.03133757961783439,0.08535031847133757,222.109375,1.0,2.9984721161191747,0.39449541284403666,0.5443425076452599,0.17528662420382166,code_json_config,3925,True,json,1.0,model-search-config,configs/model_search_v2.json,173958f02399b35763b333cf3d9c651633102decb5951ea1e82e5e4621ab6c89,3925,test,deflate|6|identity,1.0,identity,{},3925,71,0.20229299363057324,0.0
2.6659872611464968,1.0,4.841915452387819,0.014437861975662132,deflate,"{""level"": 9, ""wrapper"": ""zlib""}",1308,30.80799902651874,0.00012149999383836985,0.0,171.70507681473347,2.1800005924887955e-05,0.08535031847133757,0.0,.json,3925,5.817140005025849,0.0,0.0,1.0,1.0,9,4.841915452387819,0.0,6,0.12857142857142856,unknown,0.17095541401273887,0.00390625,application,0.03133757961783439,0.08535031847133757,222.109375,1.0,3.0007645259938838,0.39449541284403666,0.5443425076452599,0.17528662420382166,code_json_config,3925,True,json,1.0,model-search-config,configs/model_search_v2.json,173958f02399b35763b333cf3d9c651633102decb5951ea1e82e5e4621ab6c89,3925,test,deflate|9|identity,1.0,identity,{},3925,71,0.20229299363057324,0.0
2.902420382165605,1.0,4.841915452387819,0.014437861975662132,lzma2,"{""container"": ""xz"", ""filter"": ""lzma2"", ""level"": 0}",1424,8.589196161286242,0.0004358000005595386,0.0,25.886386181035274,0.00014460000966209918,0.08535031847133757,0.0,.json,3925,5.817140005025849,0.0,0.0,1.0,1.0,0,4.841915452387819,0.0,6,0.12857142857142856,unknown,0.17095541401273887,0.00390625,application,0.03133757961783439,0.08535031847133757,222.109375,1.0,2.756320224719101,0.39449541284403666,0.5443425076452599,0.17528662420382166,code_json_config,3925,True,json,1.0,model-search-config,configs/model_search_v2.json,173958f02399b35763b333cf3d9c651633102decb5951ea1e82e5e4621ab6c89,3925,test,lzma2|0|identity,1.0,identity,{},3925,71,0.20229299363057324,0.0
2.869808917197452,1.0,4.841915452387819,0.014437861975662132,lzma2,"{""container"": ""xz"", ""filter"": ""lzma2"", ""level"": 3}",1408,1.3344640629740072,0.0028049999964423478,0.0,21.183768297263605,0.00017669999215286225,0.08535031847133757,0.0,.json,3925,5.817140005025849,0.0,0.0,1.0,1.0,3,4.841915452387819,0.0,6,0.12857142857142856,unknown,0.17095541401273887,0.00390625,application,0.03133757961783439,0.08535031847133757,222.109375,1.0,2.7876420454545454,0.39449541284403666,0.5443425076452599,0.17528662420382166,code_json_config,3925,True,json,1.0,model-search-config,configs/model_search_v2.json,173958f02399b35763b333cf3d9c651633102decb5951ea1e82e5e4621ab6c89,3925,test,lzma2|3|identity,1.0,identity,{},3925,71,0.20229299363057324,0.0
2.8045859872611465,1.0,4.841915452387819,0.014437861975662132,lzma2,"{""container"": ""xz"", ""filter"": ""lzma2"", ""level"": 6}",1376,0.7273520185829058,0.00514629999815952,0.0,22.333960559099186,0.00016759999562054873,0.08535031847133757,0.0,.json,3925,5.817140005025849,0.0,0.0,1.0,1.0,6,4.841915452387819,0.0,6,0.12857142857142856,unknown,0.17095541401273887,0.00390625,application,0.03133757961783439,0.08535031847133757,222.109375,1.0,2.852470930232558,0.39449541284403666,0.5443425076452599,0.17528662420382166,code_json_config,3925,True,json,1.0,model-search-config,configs/model_search_v2.json,173958f02399b35763b333cf3d9c651633102decb5951ea1e82e5e4621ab6c89,3925,test,lzma2|6|identity,1.0,identity,{},3925,71,0.20229299363057324,0.0
2.916687898089172,1.0,4.841915452387819,0.014437861975662132,bzip2,"{""level"": 1}",1431,5.129740585038445,0.0007296999974641949,0.0,22.468017013337363,0.00016660000255797058,0.08535031847133757,0.0,.json,3925,5.817140005025849,0.0,0.0,1.0,1.0,1,4.841915452387819,0.0,6,0.12857142857142856,unknown,0.17095541401273887,0.00390625,application,0.03133757961783439,0.08535031847133757,222.109375,1.0,2.742837176799441,0.39449541284403666,0.5443425076452599,0.17528662420382166,code_json_config,3925,True,json,1.0,model-search-config,configs/model_search_v2.json,173958f02399b35763b333cf3d9c651633102decb5951ea1e82e5e4621ab6c89,3925,test,bzip2|1|identity,1.0,identity,{},3925,71,0.20229299363057324,0.0
2.916687898089172,1.0,4.841915452387819,0.014437861975662132,bzip2,"{""level"": 9}",1431,4.721457748023933,0.000792799997725524,0.0,18.838307495810923,0.00019869999960064888,0.08535031847133757,0.0,.json,3925,5.817140005025849,0.0,0.0,1.0,1.0,9,4.841915452387819,0.0,6,0.12857142857142856,unknown,0.17095541401273887,0.00390625,application,0.03133757961783439,0.08535031847133757,222.109375,1.0,2.742837176799441,0.39449541284403666,0.5443425076452599,0.17528662420382166,code_json_config,3925,True,json,1.0,model-search-config,configs/model_search_v2.json,173958f02399b35763b333cf3d9c651633102decb5951ea1e82e5e4621ab6c89,3925,test,bzip2|9|identity,1.0,identity,{},3925,71,0.20229299363057324,0.0
5.144458598726114,1.0,4.841915452387819,0.014437861975662132,xai-static,"{""coder"": ""adaptive-arithmetic32-v1"", ""level"": null, ""original_size"": 3925}",2524,0.011798238546663214,0.3172652999928687,0.0,0.01129576587193399,0.33137830000487156,0.08535031847133757,0.0,.json,3925,5.817140005025849,0.0,0.0,1.0,1.0,,4.841915452387819,0.0,6,0.12857142857142856,unknown,0.17095541401273887,0.00390625,application,0.03133757961783439,0.08535031847133757,222.109375,1.0,1.5550713153724247,0.39449541284403666,0.5443425076452599,0.17528662420382166,code_json_config,3925,True,json,1.0,model-search-config,configs/model_search_v2.json,173958f02399b35763b333cf3d9c651633102decb5951ea1e82e5e4621ab6c89,3925,test,xai-static|default|identity,1.0,identity,{},3925,71,0.20229299363057324,0.0
3.5424203821656053,1.0,4.841915452387819,0.014437861975662132,zstd,"{""level"": 3}",1738,30.90975662012978,0.00012110000534448773,0.0,2.265019787161817,0.0016525999963050708,0.08535031847133757,0.0,.json,3925,5.817140005025849,0.0,0.0,1.0,1.0,3,4.841915452387819,0.0,6,0.12857142857142856,unknown,0.17095541401273887,0.00390625,application,0.03133757961783439,0.08535031847133757,222.109375,1.0,2.258342922899885,0.39449541284403666,0.5443425076452599,0.17528662420382166,code_json_config,3925,True,json,1.0,model-search-config,configs/model_search_v2.json,173958f02399b35763b333cf3d9c651633102decb5951ea1e82e5e4621ab6c89,3925,test,zstd|3|rle,1.0,rle,{},6848,71,0.20229299363057324,0.0
3.487388535031847,1.0,4.841915452387819,0.014437861975662132,zstd,"{""level"": 3}",1711,54.17035553844612,6.910000229254365e-05,0.0,6.108308946566473,0.0006127999949967489,0.08535031847133757,0.0,.json,3925,5.817140005025849,0.0,0.0,1.0,1.0,3,4.841915452387819,0.0,6,0.12857142857142856,unknown,0.17095541401273887,0.00390625,application,0.03133757961783439,0.08535031847133757,222.109375,1.0,2.293980128579778,0.39449541284403666,0.5443425076452599,0.17528662420382166,code_json_config,3925,True,json,1.0,model-search-config,configs/model_search_v2.json,173958f02399b35763b333cf3d9c651633102decb5951ea1e82e5e4621ab6c89,3925,test,zstd|3|delta,1.0,delta,{},3925,71,0.20229299363057324,0.0
3.579108280254777,1.0,4.841915452387819,0.014437861975662132,zstd,"{""level"": 3}",1756,54.965803003848244,6.810000922996551e-05,0.0,86.24820406213065,4.339999577496201e-05,0.08535031847133757,0.0,.json,3925,5.817140005025849,0.0,0.0,1.0,1.0,3,4.841915452387819,0.0,6,0.12857142857142856,unknown,0.17095541401273887,0.00390625,application,0.03133757961783439,0.08535031847133757,222.109375,1.0,2.2351936218678814,0.39449541284403666,0.5443425076452599,0.17528662420382166,code_json_config,3925,True,json,1.0,model-search-config,configs/model_search_v2.json,173958f02399b35763b333cf3d9c651633102decb5951ea1e82e5e4621ab6c89,3925,test,zstd|3|byte-shuffle,1.0,byte-shuffle,"{""original_size"": 3925}",3925,71,0.20229299363057324,0.0
2.8494267515923566,1.0,4.841915452387819,0.014437861975662132,zstd,"{""level"": 3}",1398,55.78497171051362,6.710000161547214e-05,0.0,4.684234366579406,0.0007991000020410866,0.08535031847133757,0.0,.json,3925,5.817140005025849,0.0,0.0,1.0,1.0,3,4.841915452387819,0.0,6,0.12857142857142856,unknown,0.17095541401273887,0.00390625,application,0.03133757961783439,0.08535031847133757,222.109375,1.0,2.80758226037196,0.39449541284403666,0.5443425076452599,0.17528662420382166,code_json_config,3925,True,json,1.0,model-search-config,configs/model_search_v2.json,173958f02399b35763b333cf3d9c651633102decb5951ea1e82e5e4621ab6c89,3925,test,zstd|3|zero-run,1.0,zero-run,{},3925,71,0.20229299363057324,0.0
2.865732484076433,1.0,4.841915452387819,0.014437861975662132,zstd,"{""level"": 3}",1406,44.99004015943441,8.320000779349357e-05,0.0,4.1650958899478185,0.0008987000037450343,0.08535031847133757,0.0,.json,3925,5.817140005025849,0.0,0.0,1.0,1.0,3,4.841915452387819,0.0,6,0.12857142857142856,unknown,0.17095541401273887,0.00390625,application,0.03133757961783439,0.08535031847133757,222.109375,1.0,2.7916073968705546,0.39449541284403666,0.5443425076452599,0.17528662420382166,code_json_config,3925,True,json,1.0,model-search-config,configs/model_search_v2.json,173958f02399b35763b333cf3d9c651633102decb5951ea1e82e5e4621ab6c89,3925,test,zstd|3|dictionary,1.0,dictionary,"{""dictionary"": ""structured-v1""}",3742,71,0.20229299363057324,0.0
2.5253503184713377,1.0,4.841915452387819,0.014437861975662132,brotli,"{""level"": 6}",1239,2.449880037892315,0.0015278999926522374,0.0,4.206756255745415,0.0008897999941837043,0.08535031847133757,0.0,.json,3925,5.817140005025849,0.0,0.0,1.0,1.0,6,4.841915452387819,0.0,6,0.12857142857142856,unknown,0.17095541401273887,0.00390625,application,0.03133757961783439,0.08535031847133757,222.109375,1.0,3.1678773204196933,0.39449541284403666,0.5443425076452599,0.17528662420382166,code_json_config,3925,True,json,1.0,model-search-config,configs/model_search_v2.json,173958f02399b35763b333cf3d9c651633102decb5951ea1e82e5e4621ab6c89,3925,test,brotli|6|dictionary,1.0,dictionary,"{""dictionary"": ""structured-v1""}",3742,71,0.20229299363057324,0.0
3.3243312101910827,1.0,4.841915452387819,0.014437861975662132,deflate,"{""level"": 6, ""wrapper"": ""zlib""}",1631,22.699647833039663,0.00016489998961333185,0.0,5.756068996709562,0.0006503000040538609,0.08535031847133757,0.0,.json,3925,5.817140005025849,0.0,0.0,1.0,1.0,6,4.841915452387819,0.0,6,0.12857142857142856,unknown,0.17095541401273887,0.00390625,application,0.03133757961783439,0.08535031847133757,222.109375,1.0,2.406499080318823,0.39449541284403666,0.5443425076452599,0.17528662420382166,code_json_config,3925,True,json,1.0,model-search-config,configs/model_search_v2.json,173958f02399b35763b333cf3d9c651633102decb5951ea1e82e5e4621ab6c89,3925,test,deflate|6|delta,1.0,delta,{},3925,71,0.20229299363057324,0.0
3.644331210191083,1.0,4.841915452387819,0.014437861975662132,lzma2,"{""container"": ""xz"", ""filter"": ""lzma2"", ""level"": 3}",1788,1.0886693103273775,0.0034383000020170584,0.0,12.357780133969857,0.0003029000072274357,0.08535031847133757,0.0,.json,3925,5.817140005025849,0.0,0.0,1.0,1.0,3,4.841915452387819,0.0,6,0.12857142857142856,unknown,0.17095541401273887,0.00390625,application,0.03133757961783439,0.08535031847133757,222.109375,1.0,2.1951901565995526,0.39449541284403666,0.5443425076452599,0.17528662420382166,code_json_config,3925,True,json,1.0,model-search-config,configs/model_search_v2.json,173958f02399b35763b333cf3d9c651633102decb5951ea1e82e5e4621ab6c89,3925,test,lzma2|3|byte-shuffle,1.0,byte-shuffle,"{""original_size"": 3925}",3925,71,0.20229299363057324,0.0
8.0,1.0,4.560328664259099,0.015378921628929319,raw,"{""level"": null}",16384,3324.4736501527955,4.699992132373154e-06,1.0,5580.343653041603,2.800006768666208e-06,0.15625,0.0,.jsonl,16384,5.124946421448365,0.0,0.0,1.0,1.0,,4.560328664259099,0.0,1,0.99609375,unknown,0.1875,0.00390625,unknown,0.015625,0.15625,222.109375,1.0,1.0,0.99609375,1.0,0.0,json_lines_16k,16384,True,json,1.0,json-lines,generated deterministic JSONL,fb9f05eb20478f6b75494b44f8f29e500ffd4e9e89e18519306f2bdf6ae80dc3,16384,train,raw|default|identity,1.0,identity,{},16384,33,0.015625,0.0
0.041015625,1.0,4.560328664259099,0.015378921628929319,zstd,"{""level"": 1}",84,311.87631856792854,5.0099988584406674e-05,1.0,1446.7579897355192,1.0800009476952255e-05,0.15625,0.0,.jsonl,16384,5.124946421448365,0.0,0.0,1.0,1.0,1,4.560328664259099,0.0,1,0.99609375,unknown,0.1875,0.00390625,unknown,0.015625,0.15625,222.109375,1.0,195.04761904761904,0.99609375,1.0,0.0,json_lines_16k,16384,True,json,1.0,json-lines,generated deterministic JSONL,fb9f05eb20478f6b75494b44f8f29e500ffd4e9e89e18519306f2bdf6ae80dc3,16384,train,zstd|1|identity,1.0,identity,{},16384,33,0.015625,0.0
0.041015625,1.0,4.560328664259099,0.015378921628929319,zstd,"{""level"": 3}",84,500.80120594315053,3.120000474154949e-05,1.0,2332.0920550801443,6.699992809444666e-06,0.15625,0.0,.jsonl,16384,5.124946421448365,0.0,0.0,1.0,1.0,3,4.560328664259099,0.0,1,0.99609375,unknown,0.1875,0.00390625,unknown,0.015625,0.15625,222.109375,1.0,195.04761904761904,0.99609375,1.0,0.0,json_lines_16k,16384,True,json,1.0,json-lines,generated deterministic JSONL,fb9f05eb20478f6b75494b44f8f29e500ffd4e9e89e18519306f2bdf6ae80dc3,16384,train,zstd|3|identity,1.0,identity,{},16384,33,0.015625,0.0
0.041015625,1.0,4.560328664259099,0.015378921628929319,zstd,"{""level"": 9}",84,519.1028017502902,3.0100010917522013e-05,1.0,2648.311046655025,5.89998671784997e-06,0.15625,0.0,.jsonl,16384,5.124946421448365,0.0,0.0,1.0,1.0,9,4.560328664259099,0.0,1,0.99609375,unknown,0.1875,0.00390625,unknown,0.015625,0.15625,222.109375,1.0,195.04761904761904,0.99609375,1.0,0.0,json_lines_16k,16384,True,json,1.0,json-lines,generated deterministic JSONL,fb9f05eb20478f6b75494b44f8f29e500ffd4e9e89e18519306f2bdf6ae80dc3,16384,train,zstd|9|identity,1.0,identity,{},16384,33,0.015625,0.0
0.0478515625,1.0,4.560328664259099,0.015378921628929319,brotli,"{""level"": 1}",98,463.6499249086511,3.369999467395246e-05,1.0,307.57868889557284,5.080000846646726e-05,0.15625,0.0,.jsonl,16384,5.124946421448365,0.0,0.0,1.0,1.0,1,4.560328664259099,0.0,1,0.99609375,unknown,0.1875,0.00390625,unknown,0.015625,0.15625,222.109375,1.0,167.18367346938774,0.99609375,1.0,0.0,json_lines_16k,16384,True,json,1.0,json-lines,generated deterministic JSONL,fb9f05eb20478f6b75494b44f8f29e500ffd4e9e89e18519306f2bdf6ae80dc3,16384,train,brotli|1|identity,1.0,identity,{},16384,33,0.015625,0.0
0.03369140625,1.0,4.560328664259099,0.015378921628929319,brotli,"{""level"": 6}",69,60.21194676926169,0.00025949999690055847,1.0,382.02942120367493,4.089999129064381e-05,0.15625,0.0,.jsonl,16384,5.124946421448365,0.0,0.0,1.0,1.0,6,4.560328664259099,0.0,1,0.99609375,unknown,0.1875,0.00390625,unknown,0.015625,0.15625,222.109375,1.0,237.44927536231884,0.99609375,1.0,0.0,json_lines_16k,16384,True,json,1.0,json-lines,generated deterministic JSONL,fb9f05eb20478f6b75494b44f8f29e500ffd4e9e89e18519306f2bdf6ae80dc3,16384,train,brotli|6|identity,1.0,identity,{},16384,33,0.015625,0.0
0.03369140625,1.0,4.560328664259099,0.015378921628929319,brotli,"{""level"": 9}",69,50.77998048047615,0.0003077000001212582,1.0,420.0268052488592,3.720000677276403e-05,0.15625,0.0,.jsonl,16384,5.124946421448365,0.0,0.0,1.0,1.0,9,4.560328664259099,0.0,1,0.99609375,unknown,0.1875,0.00390625,unknown,0.015625,0.15625,222.109375,1.0,237.44927536231884,0.99609375,1.0,0.0,json_lines_16k,16384,True,json,1.0,json-lines,generated deterministic JSONL,fb9f05eb20478f6b75494b44f8f29e500ffd4e9e89e18519306f2bdf6ae80dc3,16384,train,brotli|9|identity,1.0,identity,{},16384,33,0.015625,0.0
0.12890625,1.0,4.560328664259099,0.015378921628929319,deflate,"{""level"": 1, ""wrapper"": ""zlib""}",264,740.5213061412529,2.1100000594742596e-05,1.0,1627.6041090969172,9.60000033956021e-06,0.15625,0.0,.jsonl,16384,5.124946421448365,0.0,0.0,1.0,1.0,1,4.560328664259099,0.0,1,0.99609375,unknown,0.1875,0.00390625,unknown,0.015625,0.15625,222.109375,1.0,62.06060606060606,0.99609375,1.0,0.0,json_lines_16k,16384,True,json,1.0,json-lines,generated deterministic JSONL,fb9f05eb20478f6b75494b44f8f29e500ffd4e9e89e18519306f2bdf6ae80dc3,16384,train,deflate|1|identity,1.0,identity,{},16384,33,0.015625,0.0
0.068359375,1.0,4.560328664259099,0.015378921628929319,deflate,"{""level"": 6, ""wrapper"": ""zlib""}",140,259.5515263558906,6.019999273121357e-05,1.0,1174.812082247866,1.3299999409355223e-05,0.15625,0.0,.jsonl,16384,5.124946421448365,0.0,0.0,1.0,1.0,6,4.560328664259099,0.0,1,0.99609375,unknown,0.1875,0.00390625,unknown,0.015625,0.15625,222.109375,1.0,117.02857142857142,0.99609375,1.0,0.0,json_lines_16k,16384,True,json,1.0,json-lines,generated deterministic JSONL,fb9f05eb20478f6b75494b44f8f29e500ffd4e9e89e18519306f2bdf6ae80dc3,16384,train,deflate|6|identity,1.0,identity,{},16384,33,0.015625,0.0
0.068359375,1.0,4.560328664259099,0.015378921628929319,deflate,"{""level"": 9, ""wrapper"": ""zlib""}",140,215.22038615090617,7.259999983943999e-05,1.0,1260.0814015849862,1.239999255631119e-05,0.15625,0.0,.jsonl,16384,5.124946421448365,0.0,0.0,1.0,1.0,9,4.560328664259099,0.0,1,0.99609375,unknown,0.1875,0.00390625,unknown,0.015625,0.15625,222.109375,1.0,117.02857142857142,0.99609375,1.0,0.0,json_lines_16k,16384,True,json,1.0,json-lines,generated deterministic JSONL,fb9f05eb20478f6b75494b44f8f29e500ffd4e9e89e18519306f2bdf6ae80dc3,16384,train,deflate|9|identity,1.0,identity,{},16384,33,0.015625,0.0
0.087890625,1.0,4.560328664259099,0.015378921628929319,lzma2,"{""container"": ""xz"", ""filter"": ""lzma2"", ""level"": 0}",180,56.02366457610933,0.00027889999910257757,1.0,242.6241853244862,6.44000101601705e-05,0.15625,0.0,.jsonl,16384,5.124946421448365,0.0,0.0,1.0,1.0,0,4.560328664259099,0.0,1,0.99609375,unknown,0.1875,0.00390625,unknown,0.015625,0.15625,222.109375,1.0,91.02222222222223,0.99609375,1.0,0.0,json_lines_16k,16384,True,json,1.0,json-lines,generated deterministic JSONL,fb9f05eb20478f6b75494b44f8f29e500ffd4e9e89e18519306f2bdf6ae80dc3,16384,train,lzma2|0|identity,1.0,identity,{},16384,33,0.015625,0.0
0.087890625,1.0,4.560328664259099,0.015378921628929319,lzma2,"{""container"": ""xz"", ""filter"": ""lzma2"", ""level"": 3}",180,5.382363071728546,0.0029030000005150214,1.0,146.71362048385052,0.00010649999603629112,0.15625,0.0,.jsonl,16384,5.124946421448365,0.0,0.0,1.0,1.0,3,4.560328664259099,0.0,1,0.99609375,unknown,0.1875,0.00390625,unknown,0.015625,0.15625,222.109375,1.0,91.02222222222223,0.99609375,1.0,0.0,json_lines_16k,16384,True,json,1.0,json-lines,generated deterministic JSONL,fb9f05eb20478f6b75494b44f8f29e500ffd4e9e89e18519306f2bdf6ae80dc3,16384,train,lzma2|3|identity,1.0,identity,{},16384,33,0.015625,0.0
0.087890625,1.0,4.560328664259099,0.015378921628929319,lzma2,"{""container"": ""xz"", ""filter"": ""lzma2"", ""level"": 6}",180,2.9864867392540195,0.005231900009675883,1.0,158.62942893413953,9.85000078799203e-05,0.15625,0.0,.jsonl,16384,5.124946421448365,0.0,0.0,1.0,1.0,6,4.560328664259099,0.0,1,0.99609375,unknown,0.1875,0.00390625,unknown,0.015625,0.15625,222.109375,1.0,91.02222222222223,0.99609375,1.0,0.0,json_lines_16k,16384,True,json,1.0,json-lines,generated deterministic JSONL,fb9f05eb20478f6b75494b44f8f29e500ffd4e9e89e18519306f2bdf6ae80dc3,16384,train,lzma2|6|identity,1.0,identity,{},16384,33,0.015625,0.0
0.083984375,1.0,4.560328664259099,0.015378921628929319,bzip2,"{""level"": 1}",172,5.0798140499979,0.0030758999928366393,1.0,84.09580047241249,0.000185800003237091,0.15625,0.0,.jsonl,16384,5.124946421448365,0.0,0.0,1.0,1.0,1,4.560328664259099,0.0,1,0.99609375,unknown,0.1875,0.00390625,unknown,0.015625,0.15625,222.109375,1.0,95.25581395348837,0.99609375,1.0,0.0,json_lines_16k,16384,True,json,1.0,json-lines,generated deterministic JSONL,fb9f05eb20478f6b75494b44f8f29e500ffd4e9e89e18519306f2bdf6ae80dc3,16384,train,bzip2|1|identity,1.0,identity,{},16384,33,0.015625,0.0
0.083984375,1.0,4.560328664259099,0.015378921628929319,bzip2,"{""level"": 9}",172,4.5233477208692,0.0034542999928817153,1.0,62.4500402562277,0.00025019999884534627,0.15625,0.0,.jsonl,16384,5.124946421448365,0.0,0.0,1.0,1.0,9,4.560328664259099,0.0,1,0.99609375,unknown,0.1875,0.00390625,unknown,0.015625,0.15625,222.109375,1.0,95.25581395348837,0.99609375,1.0,0.0,json_lines_16k,16384,True,json,1.0,json-lines,generated deterministic JSONL,fb9f05eb20478f6b75494b44f8f29e500ffd4e9e89e18519306f2bdf6ae80dc3,16384,train,bzip2|9|identity,1.0,identity,{},16384,33,0.015625,0.0
4.66748046875,1.0,4.560328664259099,0.015378921628929319,xai-static,"{""coder"": ""adaptive-arithmetic32-v1"", ""level"": null, ""original_size"": 16384}",9559,0.010500180905490994,1.488069600003655,1.0,0.010579078800210988,1.4769717000017408,0.15625,0.0,.jsonl,16384,5.124946421448365,0.0,0.0,1.0,1.0,,4.560328664259099,0.0,1,0.99609375,unknown,0.1875,0.00390625,unknown,0.015625,0.15625,222.109375,1.0,1.7139868187048855,0.99609375,1.0,0.0,json_lines_16k,16384,True,json,1.0,json-lines,generated deterministic JSONL,fb9f05eb20478f6b75494b44f8f29e500ffd4e9e89e18519306f2bdf6ae80dc3,16384,train,xai-static|default|identity,1.0,identity,{},16384,33,0.015625,0.0
0.05029296875,1.0,4.560328664259099,0.015378921628929319,zstd,"{""level"": 3}",103,170.7650306178664,9.14999982342124e-05,1.0,1.8493531702185848,0.00844890000007581,0.15625,0.0,.jsonl,16384,5.124946421448365,0.0,0.0,1.0,1.0,3,4.560328664259099,0.0,1,0.99609375,unknown,0.1875,0.00390625,unknown,0.015625,0.15625,222.109375,1.0,159.06796116504853,0.99609375,1.0,0.0,json_lines_16k,16384,True,json,1.0,json-lines,generated deterministic JSONL,fb9f05eb20478f6b75494b44f8f29e500ffd4e9e89e18519306f2bdf6ae80dc3,16384,train,zstd|3|rle,1.0,rle,{},32768,33,0.015625,0.0
0.0400390625,1.0,4.560328664259099,0.015378921628929319,zstd,"{""level"": 3}",82,334.5823956126137,4.67000063508749e-05,1.0,6.129854852038421,0.0025489999970886856,0.15625,0.0,.jsonl,16384,5.124946421448365,0.0,0.0,1.0,1.0,3,4.560328664259099,0.0,1,0.99609375,unknown,0.1875,0.00390625,unknown,0.015625,0.15625,222.109375,1.0,199.8048780487805,0.99609375,1.0,0.0,json_lines_16k,16384,True,json,1.0,json-lines,generated deterministic JSONL,fb9f05eb20478f6b75494b44f8f29e500ffd4e9e89e18519306f2bdf6ae80dc3,16384,train,zstd|3|delta,1.0,delta,{},16384,33,0.015625,0.0
0.04248046875,1.0,4.560328664259099,0.015378921628929319,zstd,"{""level"": 3}",87,435.2368067015021,3.5899996873922646e-05,1.0,356.73516942184045,4.3799998820759356e-05,0.15625,0.0,.jsonl,16384,5.124946421448365,0.0,0.0,1.0,1.0,3,4.560328664259099,0.0,1,0.99609375,unknown,0.1875,0.00390625,unknown,0.015625,0.15625,222.109375,1.0,188.32183908045977,0.99609375,1.0,0.0,json_lines_16k,16384,True,json,1.0,json-lines,generated deterministic JSONL,fb9f05eb20478f6b75494b44f8f29e500ffd4e9e89e18519306f2bdf6ae80dc3,16384,train,zstd|3|byte-shuffle,1.0,byte-shuffle,"{""original_size"": 16384}",16384,33,0.015625,0.0
0.041015625,1.0,4.560328664259099,0.015378921628929319,zstd,"{""level"": 3}",84,421.1591266024761,3.709999145939946e-05,1.0,4.960159987269372,0.0031501000048592687,0.15625,0.0,.jsonl,16384,5.124946421448365,0.0,0.0,1.0,1.0,3,4.560328664259099,0.0,1,0.99609375,unknown,0.1875,0.00390625,unknown,0.015625,0.15625,222.109375,1.0,195.04761904761904,0.99609375,1.0,0.0,json_lines_16k,16384,True,json,1.0,json-lines,generated deterministic JSONL,fb9f05eb20478f6b75494b44f8f29e500ffd4e9e89e18519306f2bdf6ae80dc3,16384,train,zstd|3|zero-run,1.0,zero-run,{},16384,33,0.015625,0.0
0.04052734375,1.0,4.560328664259099,0.015378921628929319,zstd,"{""level"": 3}",83,278.02495369020573,5.6199991377070546e-05,1.0,4.43476287139269,0.0035232999944128096,0.15625,0.0,.jsonl,16384,5.124946421448365,0.0,0.0,1.0,1.0,3,4.560328664259099,0.0,1,0.99609375,unknown,0.1875,0.00390625,unknown,0.015625,0.15625,222.109375,1.0,197.3975903614458,0.99609375,1.0,0.0,json_lines_16k,16384,True,json,1.0,json-lines,generated deterministic JSONL,fb9f05eb20478f6b75494b44f8f29e500ffd4e9e89e18519306f2bdf6ae80dc3,16384,train,zstd|3|dictionary,1.0,dictionary,"{""dictionary"": ""structured-v1""}",16128,33,0.015625,0.0
0.0322265625,1.0,4.560328664259099,0.015378921628929319,brotli,"{""level"": 6}",66,61.73449428988233,0.0002530999918235466,1.0,5.455465949293132,0.002864099995349534,0.15625,0.0,.jsonl,16384,5.124946421448365,0.0,0.0,1.0,1.0,6,4.560328664259099,0.0,1,0.99609375,unknown,0.1875,0.00390625,unknown,0.015625,0.15625,222.109375,1.0,248.24242424242425,0.99609375,1.0,0.0,json_lines_16k,16384,True,json,1.0,json-lines,generated deterministic JSONL,fb9f05eb20478f6b75494b44f8f29e500ffd4e9e89e18519306f2bdf6ae80dc3,16384,train,brotli|6|dictionary,1.0,dictionary,"{""dictionary"": ""structured-v1""}",16128,33,0.015625,0.0
0.07470703125,1.0,4.560328664259099,0.015378921628929319,deflate,"{""level"": 6, ""wrapper"": ""zlib""}",153,227.7696843294961,6.859999848529696e-05,1.0,7.595275160328372,0.00205719999212306,0.15625,0.0,.jsonl,16384,5.124946421448365,0.0,0.0,1.0,1.0,6,4.560328664259099,0.0,1,0.99609375,unknown,0.1875,0.00390625,unknown,0.015625,0.15625,222.109375,1.0,107.08496732026144,0.99609375,1.0,0.0,json_lines_16k,16384,True,json,1.0,json-lines,generated deterministic JSONL,fb9f05eb20478f6b75494b44f8f29e500ffd4e9e89e18519306f2bdf6ae80dc3,16384,train,deflate|6|delta,1.0,delta,{},16384,33,0.015625,0.0
0.091796875,1.0,4.560328664259099,0.015378921628929319,lzma2,"{""container"": ""xz"", ""filter"": ""lzma2"", ""level"": 3}",188,5.456799600145041,0.0028634000045713037,1.0,106.58253000017073,0.0001466000103391707,0.15625,0.0,.jsonl,16384,5.124946421448365,0.0,0.0,1.0,1.0,3,4.560328664259099,0.0,1,0.99609375,unknown,0.1875,0.00390625,unknown,0.015625,0.15625,222.109375,1.0,87.14893617021276,0.99609375,1.0,0.0,json_lines_16k,16384,True,json,1.0,json-lines,generated deterministic JSONL,fb9f05eb20478f6b75494b44f8f29e500ffd4e9e89e18519306f2bdf6ae80dc3,16384,train,lzma2|3|byte-shuffle,1.0,byte-shuffle,"{""original_size"": 16384}",16384,33,0.015625,0.0
8.0,1.0,4.983953452356418,0.011780140376384892,raw,"{""level"": null}",5967,1459.1214823548726,3.9000005926936865e-06,1.0,2276.2390249013374,2.4999899324029684e-06,0.49907826378414616,0.09164366784811051,.csv,5967,5.401691294725383,0.0,0.0,1.0,0.0,,4.955508017603661,0.045821833924055255,6,0.17181208053691274,unknown,0.08513490866432043,0.00390625,application,0.004189710072063013,0.49907826378414616,222.109375,1.0,1.0,0.3319919517102615,0.49295774647887325,0.13189207306854367,csv_benchmark,5967,True,csv,0.6,phase-i-csv,phase_i_actual_benchmark.csv,c085aaf058875ad9100f3030c162771b46eeb960fdc3bcfbea87856f6be9b39f,5967,train,raw|default|identity,0.8,identity,{},5967,50,0.019440254734372383,0.0
2.7296799061504946,1.0,4.983953452356418,0.011780140376384892,zstd,"{""level"": 1}",2036,79.92381335449085,7.119998917914927e-05,1.0,205.43585443885834,2.7700007194653153e-05,0.49907826378414616,0.09164366784811051,.csv,5967,5.401691294725383,0.0,0.0,1.0,0.0,1,4.955508017603661,0.045821833924055255,6,0.17181208053691274,unknown,0.08513490866432043,0.00390625,application,0.004189710072063013,0.49907826378414616,222.109375,1.0,2.930746561886051,0.3319919517102615,0.49295774647887325,0.13189207306854367,csv_benchmark,5967,True,csv,0.6,phase-i-csv,phase_i_actual_benchmark.csv,c085aaf058875ad9100f3030c162771b46eeb960fdc3bcfbea87856f6be9b39f,5967,train,zstd|1|identity,0.8,identity,{},5967,50,0.019440254734372383,0.0
2.7296799061504946,1.0,4.983953452356418,0.011780140376384892,zstd,"{""level"": 3}",2036,84.8073697316267,6.710000161547214e-05,1.0,256.3322557047455,2.2199994418770075e-05,0.49907826378414616,0.09164366784811051,.csv,5967,5.401691294725383,0.0,0.0,1.0,0.0,3,4.955508017603661,0.045821833924055255,6,0.17181208053691274,unknown,0.08513490866432043,0.00390625,application,0.004189710072063013,0.49907826378414616,222.109375,1.0,2.930746561886051,0.3319919517102615,0.49295774647887325,0.13189207306854367,csv_benchmark,5967,True,csv,0.6,phase-i-csv,phase_i_actual_benchmark.csv,c085aaf058875ad9100f3030c162771b46eeb960fdc3bcfbea87856f6be9b39f,5967,train,zstd|3|identity,0.8,identity,{},5967,50,0.019440254734372383,0.0
2.6653259594436065,1.0,4.983953452356418,0.011780140376384892,zstd,"{""level"": 9}",1988,26.51712270803949,0.00021460000425577164,1.0,263.4524762167184,2.160000440198928e-05,0.49907826378414616,0.09164366784811051,.csv,5967,5.401691294725383,0.0,0.0,1.0,0.0,9,4.955508017603661,0.045821833924055255,6,0.17181208053691274,unknown,0.08513490866432043,0.00390625,application,0.004189710072063013,0.49907826378414616,222.109375,1.0,3.0015090543259557,0.3319919517102615,0.49295774647887325,0.13189207306854367,csv_benchmark,5967,True,csv,0.6,phase-i-csv,phase_i_actual_benchmark.csv,c085aaf058875ad9100f3030c162771b46eeb960fdc3bcfbea87856f6be9b39f,5967,train,zstd|9|identity,0.8,identity,{},5967,50,0.019440254734372383,0.0
2.8865426512485337,1.0,4.983953452356418,0.011780140376384892,brotli,"{""level"": 1}",2153,84.8073697316267,6.710000161547214e-05,1.0,109.85665015483181,5.18000015290454e-05,0.49907826378414616,0.09164366784811051,.csv,5967,5.401691294725383,0.0,0.0,1.0,0.0,1,4.955508017603661,0.045821833924055255,6,0.17181208053691274,unknown,0.08513490866432043,0.00390625,application,0.004189710072063013,0.49907826378414616,222.109375,1.0,2.7714816535067346,0.3319919517102615,0.49295774647887325,0.13189207306854367,csv_benchmark,5967,True,csv,0.6,phase-i-csv,phase_i_actual_benchmark.csv,c085aaf058875ad9100f3030c162771b46eeb960fdc3bcfbea87856f6be9b39f,5967,train,brotli|1|identity,0.8,identity,{},5967,50,0.019440254734372383,0.0
2.5848835260599965,1.0,4.983953452356418,0.011780140376384892,brotli,"{""level"": 6}",1928,4.265158624928432,0.001334200002020225,1.0,106.76500594635503,5.329999839887023e-05,0.49907826378414616,0.09164366784811051,.csv,5967,5.401691294725383,0.0,0.0,1.0,0.0,6,4.955508017603661,0.045821833924055255,6,0.17181208053691274,unknown,0.08513490866432043,0.00390625,application,0.004189710072063013,0.49907826378414616,222.109375,1.0,3.094917012448133,0.3319919517102615,0.49295774647887325,0.13189207306854367,csv_benchmark,5967,True,csv,0.6,phase-i-csv,phase_i_actual_benchmark.csv,c085aaf058875ad9100f3030c162771b46eeb960fdc3bcfbea87856f6be9b39f,5967,train,brotli|6|identity,0.8,identity,{},5967,50,0.019440254734372383,0.0
2.5754985754985755,1.0,4.983953452356418,0.011780140376384892,brotli,"{""level"": 9}",1921,1.1090792322669447,0.0051309000118635595,1.0,96.28722083282754,5.909999890718609e-05,0.49907826378414616,0.09164366784811051,.csv,5967,5.401691294725383,0.0,0.0,1.0,0.0,9,4.955508017603661,0.045821833924055255,6,0.17181208053691274,unknown,0.08513490866432043,0.00390625,application,0.004189710072063013,0.49907826378414616,222.109375,1.0,3.106194690265487,0.3319919517102615,0.49295774647887325,0.13189207306854367,csv_benchmark,5967,True,csv,0.6,phase-i-csv,phase_i_actual_benchmark.csv,c085aaf058875ad9100f3030c162771b46eeb960fdc3bcfbea87856f6be9b39f,5967,train,brotli|9|identity,0.8,identity,{},5967,50,0.019440254734372383,0.0
4.031506619741914,1.0,4.983953452356418,0.011780140376384892,deflate,"{""level"": 1, ""wrapper"": ""zlib""}",3007,102.53287539811286,5.5500000598840415e-05,1.0,213.1301399054943,2.6699999580159783e-05,0.49907826378414616,0.09164366784811051,.csv,5967,5.401691294725383,0.0,0.0,1.0,0.0,1,4.955508017603661,0.045821833924055255,6,0.17181208053691274,unknown,0.08513490866432043,0.00390625,application,0.004189710072063013,0.49907826378414616,222.109375,1.0,1.984369803791154,0.3319919517102615,0.49295774647887325,0.13189207306854367,csv_benchmark,5967,True,csv,0.6,phase-i-csv,phase_i_actual_benchmark.csv,c085aaf058875ad9100f3030c162771b46eeb960fdc3bcfbea87856f6be9b39f,5967,train,deflate|1|identity,0.8,identity,{},5967,50,0.019440254734372383,0.0
2.645215351097704,1.0,4.983953452356418,0.011780140376384892,deflate,"{""level"": 6, ""wrapper"": ""zlib""}",1973,45.96587070352635,0.00012379999679978937,1.0,143.70139466892735,3.959999594371766e-05,0.49907826378414616,0.09164366784811051,.csv,5967,5.401691294725383,0.0,0.0,1.0,0.0,6,4.955508017603661,0.045821833924055255,6,0.17181208053691274,unknown,0.08513490866432043,0.00390625,application,0.004189710072063013,0.49907826378414616,222.109375,1.0,3.0243284338570704,0.3319919517102615,0.49295774647887325,0.13189207306854367,csv_benchmark,5967,True,csv,0.6,phase-i-csv,phase_i_actual_benchmark.csv,c085aaf058875ad9100f3030c162771b46eeb960fdc3bcfbea87856f6be9b39f,5967,train,deflate|6|identity,0.8,identity,{},5967,50,0.019440254734372383,0.0
2.765879001173119,1.0,4.983953452356418,0.011780140376384892,deflate,"{""level"": 9, ""wrapper"": ""zlib""}",2063,35.81230062662982,0.00015890000213403255,1.0,206.92994444873653,2.750000567175448e-05,0.49907826378414616,0.09164366784811051,.csv,5967,5.401691294725383,0.0,0.0,1.0,0.0,9,4.955508017603661,0.045821833924055255,6,0.17181208053691274,unknown,0.08513490866432043,0.00390625,application,0.004189710072063013,0.49907826378414616,222.109375,1.0,2.8923897237033445,0.3319919517102615,0.49295774647887325,0.13189207306854367,csv_benchmark,5967,True,csv,0.6,phase-i-csv,phase_i_actual_benchmark.csv,c085aaf058875ad9100f3030c162771b46eeb960fdc3bcfbea87856f6be9b39f,5967,train,deflate|9|identity,0.8,identity,{},5967,50,0.019440254734372383,0.0
2.8852019440254733,1.0,4.983953452356418,0.011780140376384892,lzma2,"{""container"": ""xz"", ""filter"": ""lzma2"", ""level"": 0}",2152,11.632409340259235,0.0004891999997198582,1.0,30.74324532870544,0.00018509999790694565,0.49907826378414616,0.09164366784811051,.csv,5967,5.401691294725383,0.0,0.0,1.0,0.0,0,4.955508017603661,0.045821833924055255,6,0.17181208053691274,unknown,0.08513490866432043,0.00390625,application,0.004189710072063013,0.49907826378414616,222.109375,1.0,2.7727695167286246,0.3319919517102615,0.49295774647887325,0.13189207306854367,csv_benchmark,5967,True,csv,0.6,phase-i-csv,phase_i_actual_benchmark.csv,c085aaf058875ad9100f3030c162771b46eeb960fdc3bcfbea87856f6be9b39f,5967,train,lzma2|0|identity,0.8,identity,{},5967,50,0.019440254734372383,0.0
2.8583877995642704,1.0,4.983953452356418,0.011780140376384892,lzma2,"{""container"": ""xz"", ""filter"": ""lzma2"", ""level"": 3}",2132,1.871407077792568,0.0030408000020543113,1.0,21.620724669908707,0.0002631999959703535,0.49907826378414616,0.09164366784811051,.csv,5967,5.401691294725383,0.0,0.0,1.0,0.0,3,4.955508017603661,0.045821833924055255,6,0.17181208053691274,unknown,0.08513490866432043,0.00390625,application,0.004189710072063013,0.49907826378414616,222.109375,1.0,2.798780487804878,0.3319919517102615,0.49295774647887325,0.13189207306854367,csv_benchmark,5967,True,csv,0.6,phase-i-csv,phase_i_actual_benchmark.csv,c085aaf058875ad9100f3030c162771b46eeb960fdc3bcfbea87856f6be9b39f,5967,train,lzma2|3|identity,0.8,identity,{},5967,50,0.019440254734372383,0.0
2.6063348416289593,1.0,4.983953452356418,0.011780140376384892,lzma2,"{""container"": ""xz"", ""filter"": ""lzma2"", ""level"": 6}",1944,1.0595986673637567,0.005370500002754852,1.0,26.07962685208465,0.0002182000025641173,0.49907826378414616,0.09164366784811051,.csv,5967,5.401691294725383,0.0,0.0,1.0,0.0,6,4.955508017603661,0.045821833924055255,6,0.17181208053691274,unknown,0.08513490866432043,0.00390625,application,0.004189710072063013,0.49907826378414616,222.109375,1.0,3.0694444444444446,0.3319919517102615,0.49295774647887325,0.13189207306854367,csv_benchmark,5967,True,csv,0.6,phase-i-csv,phase_i_actual_benchmark.csv,c085aaf058875ad9100f3030c162771b46eeb960fdc3bcfbea87856f6be9b39f,5967,train,lzma2|6|identity,0.8,identity,{},5967,50,0.019440254734372383,0.0
2.718954248366013,1.0,4.983953452356418,0.011780140376384892,bzip2,"{""level"": 1}",2028,6.262324861167892,0.0009087000071303919,1.0,26.333063394503455,0.00021609998657368124,0.49907826378414616,0.09164366784811051,.csv,5967,5.401691294725383,0.0,0.0,1.0,0.0,1,4.955508017603661,0.045821833924055255,6,0.17181208053691274,unknown,0.08513490866432043,0.00390625,application,0.004189710072063013,0.49907826378414616,222.109375,1.0,2.9423076923076925,0.3319919517102615,0.49295774647887325,0.13189207306854367,csv_benchmark,5967,True,csv,0.6,phase-i-csv,phase_i_actual_benchmark.csv,c085aaf058875ad9100f3030c162771b46eeb960fdc3bcfbea87856f6be9b39f,5967,train,bzip2|1|identity,0.8,identity,{},5967,50,0.019440254734372383,0.0
2.718954248366013,1.0,4.983953452356418,0.011780140376384892,bzip2,"{""level"": 9}",2028,5.934481871840376,0.0009588999964762479,1.0,23.369915831365837,0.0002435000060359016,0.49907826378414616,0.09164366784811051,.csv,5967,5.401691294725383,0.0,0.0,1.0,0.0,9,4.955508017603661,0.045821833924055255,6,0.17181208053691274,unknown,0.08513490866432043,0.00390625,application,0.004189710072063013,0.49907826378414616,222.109375,1.0,2.9423076923076925,0.3319919517102615,0.49295774647887325,0.13189207306854367,csv_benchmark,5967,True,csv,0.6,phase-i-csv,phase_i_actual_benchmark.csv,c085aaf058875ad9100f3030c162771b46eeb960fdc3bcfbea87856f6be9b39f,5967,train,bzip2|9|identity,0.8,identity,{},5967,50,0.019440254734372383,0.0
5.211328976034858,1.0,4.983953452356418,0.011780140376384892,xai-static,"{""coder"": ""adaptive-arithmetic32-v1"", ""level"": null, ""original_size"": 5967}",3887,0.01143413737121652,0.4976829000079306,1.0,0.010487394642978308,0.5426109000109136,0.49907826378414616,0.09164366784811051,.csv,5967,5.401691294725383,0.0,0.0,1.0,0.0,,4.955508017603661,0.045821833924055255,6,0.17181208053691274,unknown,0.08513490866432043,0.00390625,application,0.004189710072063013,0.49907826378414616,222.109375,1.0,1.5351170568561874,0.3319919517102615,0.49295774647887325,0.13189207306854367,csv_benchmark,5967,True,csv,0.6,phase-i-csv,phase_i_actual_benchmark.csv,c085aaf058875ad9100f3030c162771b46eeb960fdc3bcfbea87856f6be9b39f,5967,train,xai-static|default|identity,0.8,identity,{},5967,50,0.019440254734372383,0.0
3.6427015250544663,1.0,4.983953452356418,0.011780140376384892,zstd,"{""level"": 3}",2717,42.94773632586628,0.00013249999028630555,1.0,2.4410495246769695,0.0023311999975703657,0.49907826378414616,0.09164366784811051,.csv,5967,5.401691294725383,0.0,0.0,1.0,0.0,3,4.955508017603661,0.045821833924055255,6,0.17181208053691274,unknown,0.08513490866432043,0.00390625,application,0.004189710072063013,0.49907826378414616,222.109375,1.0,2.1961722488038276,0.3319919517102615,0.49295774647887325,0.13189207306854367,csv_benchmark,5967,True,csv,0.6,phase-i-csv,phase_i_actual_benchmark.csv,c085aaf058875ad9100f3030c162771b46eeb960fdc3bcfbea87856f6be9b39f,5967,train,zstd|3|rle,0.8,rle,{},11002,50,0.019440254734372383,0.0
3.1278699513993633,1.0,4.983953452356418,0.011780140376384892,zstd,"{""level"": 3}",2333,75.67253006895712,7.520000508520752e-05,1.0,6.920314505412028,0.00082230000407435,0.49907826378414616,0.09164366784811051,.csv,5967,5.401691294725383,0.0,0.0,1.0,0.0,3,4.955508017603661,0.045821833924055255,6,0.17181208053691274,unknown,0.08513490866432043,0.00390625,application,0.004189710072063013,0.49907826378414616,222.109375,1.0,2.5576510930132876,0.3319919517102615,0.49295774647887325,0.13189207306854367,csv_benchmark,5967,True,csv,0.6,phase-i-csv,phase_i_actual_benchmark.csv,c085aaf058875ad9100f3030c162771b46eeb960fdc3bcfbea87856f6be9b39f,5967,train,zstd|3|delta,0.8,delta,{},5967,50,0.019440254734372383,0.0
3.1064186358304005,1.0,4.983953452356418,0.011780140376384892,zstd,"{""level"": 3}",2317,73.90356276221794,7.700000423938036e-05,1.0,134.52899151757256,4.22999873990193e-05,0.49907826378414616,0.09164366784811051,.csv,5967,5.401691294725383,0.0,0.0,1.0,0.0,3,4.955508017603661,0.045821833924055255,6,0.17181208053691274,unknown,0.08513490866432043,0.00390625,application,0.004189710072063013,0.49907826378414616,222.109375,1.0,2.5753129046180407,0.3319919517102615,0.49295774647887325,0.13189207306854367,csv_benchmark,5967,True,csv,0.6,phase-i-csv,phase_i_actual_benchmark.csv,c085aaf058875ad9100f3030c162771b46eeb960fdc3bcfbea87856f6be9b39f,5967,train,zstd|3|byte-shuffle,0.8,byte-shuffle,"{""original_size"": 5967}",5967,50,0.019440254734372383,0.0
2.7296799061504946,1.0,4.983953452356418,0.011780140376384892,zstd,"{""level"": 3}",2036,81.17794353442514,7.010000990703702e-05,1.0,5.692851782177977,0.0009996000007959083,0.49907826378414616,0.09164366784811051,.csv,5967,5.401691294725383,0.0,0.0,1.0,0.0,3,4.955508017603661,0.045821833924055255,6,0.17181208053691274,unknown,0.08513490866432043,0.00390625,application,0.004189710072063013,0.49907826378414616,222.109375,1.0,2.930746561886051,0.3319919517102615,0.49295774647887325,0.13189207306854367,csv_benchmark,5967,True,csv,0.6,phase-i-csv,phase_i_actual_benchmark.csv,c085aaf058875ad9100f3030c162771b46eeb960fdc3bcfbea87856f6be9b39f,5967,train,zstd|3|zero-run,0.8,zero-run,{},5967,50,0.019440254734372383,0.0
2.7404055639349756,1.0,4.983953452356418,0.011780140376384892,zstd,"{""level"": 3}",2044,72.95608772864931,7.79999973019585e-05,1.0,5.654948424790979,0.0010063000081572682,0.49907826378414616,0.09164366784811051,.csv,5967,5.401691294725383,0.0,0.0,1.0,0.0,3,4.955508017603661,0.045821833924055255,6,0.17181208053691274,unknown,0.08513490866432043,0.00390625,application,0.004189710072063013,0.49907826378414616,222.109375,1.0,2.9192759295499022,0.3319919517102615,0.49295774647887325,0.13189207306854367,csv_benchmark,5967,True,csv,0.6,phase-i-csv,phase_i_actual_benchmark.csv,c085aaf058875ad9100f3030c162771b46eeb960fdc3bcfbea87856f6be9b39f,5967,train,zstd|3|dictionary,0.8,dictionary,"{""dictionary"": ""structured-v1""}",5967,50,0.019440254734372383,0.0
2.586224233283057,1.0,4.983953452356418,0.011780140376384892,brotli,"{""level"": 6}",1929,3.9863920478834363,0.0014274999994086102,1.0,5.290113094368528,0.0010756999981822446,0.49907826378414616,0.09164366784811051,.csv,5967,5.401691294725383,0.0,0.0,1.0,0.0,6,4.955508017603661,0.045821833924055255,6,0.17181208053691274,unknown,0.08513490866432043,0.00390625,application,0.004189710072063013,0.49907826378414616,222.109375,1.0,3.093312597200622,0.3319919517102615,0.49295774647887325,0.13189207306854367,csv_benchmark,5967,True,csv,0.6,phase-i-csv,phase_i_actual_benchmark.csv,c085aaf058875ad9100f3030c162771b46eeb960fdc3bcfbea87856f6be9b39f,5967,train,brotli|6|dictionary,0.8,dictionary,"{""dictionary"": ""structured-v1""}",5967,50,0.019440254734372383,0.0
3.0460868107926933,1.0,4.983953452356418,0.011780140376384892,deflate,"{""level"": 6, ""wrapper"": ""zlib""}",2272,36.66607302604727,0.00015520000306423753,1.0,7.358818799245144,0.0007733000093139708,0.49907826378414616,0.09164366784811051,.csv,5967,5.401691294725383,0.0,0.0,1.0,0.0,6,4.955508017603661,0.045821833924055255,6,0.17181208053691274,unknown,0.08513490866432043,0.00390625,application,0.004189710072063013,0.49907826378414616,222.109375,1.0,2.6263204225352115,0.3319919517102615,0.49295774647887325,0.13189207306854367,csv_benchmark,5967,True,csv,0.6,phase-i-csv,phase_i_actual_benchmark.csv,c085aaf058875ad9100f3030c162771b46eeb960fdc3bcfbea87856f6be9b39f,5967,train,deflate|6|delta,0.8,delta,{},5967,50,0.019440254734372383,0.0
3.206971677559913,1.0,4.983953452356418,0.011780140376384892,lzma2,"{""container"": ""xz"", ""filter"": ""lzma2"", ""level"": 3}",2392,1.6679097952375606,0.0034118000039597973,1.0,21.83643334910256,0.0002606000052765012,0.49907826378414616,0.09164366784811051,.csv,5967,5.401691294725383,0.0,0.0,1.0,0.0,3,4.955508017603661,0.045821833924055255,6,0.17181208053691274,unknown,0.08513490866432043,0.00390625,application,0.004189710072063013,0.49907826378414616,222.109375,1.0,2.494565217391304,0.3319919517102615,0.49295774647887325,0.13189207306854367,csv_benchmark,5967,True,csv,0.6,phase-i-csv,phase_i_actual_benchmark.csv,c085aaf058875ad9100f3030c162771b46eeb960fdc3bcfbea87856f6be9b39f,5967,train,lzma2|3|byte-shuffle,0.8,byte-shuffle,"{""original_size"": 5967}",5967,50,0.019440254734372383,0.0
8.0,1.0,2.771782221599798,0.029491540762776366,raw,"{""level"": null}",16384,4111.842287867532,3.7999998312443495e-06,1.0,5387.9170442627965,2.900007530115545e-06,0.5,0.0,.csv,16384,3.999999959675157,0.0,0.0,1.0,0.0,,2.771782221599798,0.0,1,0.9990234375,unknown,0.4375,0.00390625,application,0.0625,0.5,222.109375,1.0,1.0,0.9990234375,1.0,0.0,csv_numeric_16k,16384,True,csv,0.0,numeric-csv,generated deterministic CSV,676aaf5fe74ca89c2c191df73805817aff825aa7ef754b6dafe0aa0afb819444,16384,test,raw|default|identity,0.5,identity,{},16384,10,0.0625,0.0
0.0166015625,1.0,2.771782221599798,0.029491540762776366,zstd,"{""level"": 1}",34,390.62500986801774,3.9999998989515007e-05,1.0,1313.0248458597978,1.1900003300979733e-05,0.5,0.0,.csv,16384,3.999999959675157,0.0,0.0,1.0,0.0,1,2.771782221599798,0.0,1,0.9990234375,unknown,0.4375,0.00390625,application,0.0625,0.5,222.109375,1.0,481.88235294117646,0.9990234375,1.0,0.0,csv_numeric_16k,16384,True,csv,0.0,numeric-csv,generated deterministic CSV,676aaf5fe74ca89c2c191df73805817aff825aa7ef754b6dafe0aa0afb819444,16384,test,zstd|1|identity,0.5,identity,{},16384,10,0.0625,0.0
0.0166015625,1.0,2.771782221599798,0.029491540762776366,zstd,"{""level"": 3}",34,673.4913202851171,2.3200002033263445e-05,1.0,2200.7055100551743,7.099995855242014e-06,0.5,0.0,.csv,16384,3.999999959675157,0.0,0.0,1.0,0.0,3,2.771782221599798,0.0,1,0.9990234375,unknown,0.4375,0.00390625,application,0.0625,0.5,222.109375,1.0,481.88235294117646,0.9990234375,1.0,0.0,csv_numeric_16k,16384,True,csv,0.0,numeric-csv,generated deterministic CSV,676aaf5fe74ca89c2c191df73805817aff825aa7ef754b6dafe0aa0afb819444,16384,test,zstd|3|identity,0.5,identity,{},16384,10,0.0625,0.0
0.0166015625,1.0,2.771782221599798,0.029491540762776366,zstd,"{""level"": 9}",34,691.3717589790479,2.2599997464567423e-05,1.0,2297.796290114104,6.799993570894003e-06,0.5,0.0,.csv,16384,3.999999959675157,0.0,0.0,1.0,0.0,9,2.771782221599798,0.0,1,0.9990234375,unknown,0.4375,0.00390625,application,0.0625,0.5,222.109375,1.0,481.88235294117646,0.9990234375,1.0,0.0,csv_numeric_16k,16384,True,csv,0.0,numeric-csv,generated deterministic CSV,676aaf5fe74ca89c2c191df73805817aff825aa7ef754b6dafe0aa0afb819444,16384,test,zstd|9|identity,0.5,identity,{},16384,10,0.0625,0.0
0.01904296875,1.0,2.771782221599798,0.029491540762776366,brotli,"{""level"": 1}",39,436.45256136092127,3.579999611247331e-05,1.0,393.5768588607059,3.9699996705166996e-05,0.5,0.0,.csv,16384,3.999999959675157,0.0,0.0,1.0,0.0,1,2.771782221599798,0.0,1,0.9990234375,unknown,0.4375,0.00390625,application,0.0625,0.5,222.109375,1.0,420.1025641025641,0.9990234375,1.0,0.0,csv_numeric_16k,16384,True,csv,0.0,numeric-csv,generated deterministic CSV,676aaf5fe74ca89c2c191df73805817aff825aa7ef754b6dafe0aa0afb819444,16384,test,brotli|1|identity,0.5,identity,{},16384,10,0.0625,0.0
0.01171875,1.0,2.771782221599798,0.029491540762776366,brotli,"{""level"": 6}",24,118.55083504034954,0.00013179999950807542,1.0,465.02984615677786,3.359999391250312e-05,0.5,0.0,.csv,16384,3.999999959675157,0.0,0.0,1.0,0.0,6,2.771782221599798,0.0,1,0.9990234375,unknown,0.4375,0.00390625,application,0.0625,0.5,222.109375,1.0,682.6666666666666,0.9990234375,1.0,0.0,csv_numeric_16k,16384,True,csv,0.0,numeric-csv,generated deterministic CSV,676aaf5fe74ca89c2c191df73805817aff825aa7ef754b6dafe0aa0afb819444,16384,test,brotli|6|identity,0.5,identity,{},16384,10,0.0625,0.0
0.01171875,1.0,2.771782221599798,0.029491540762776366,brotli,"{""level"": 9}",24,106.00406920511695,0.00014740000187885016,1.0,480.76922946041947,3.2500000088475645e-05,0.5,0.0,.csv,16384,3.999999959675157,0.0,0.0,1.0,0.0,9,2.771782221599798,0.0,1,0.9990234375,unknown,0.4375,0.00390625,application,0.0625,0.5,222.109375,1.0,682.6666666666666,0.9990234375,1.0,0.0,csv_numeric_16k,16384,True,csv,0.0,numeric-csv,generated deterministic CSV,676aaf5fe74ca89c2c191df73805817aff825aa7ef754b6dafe0aa0afb819444,16384,test,brotli|9|identity,0.5,identity,{},16384,10,0.0625,0.0
0.1005859375,1.0,2.771782221599798,0.029491540762776366,deflate,"{""level"": 1, ""wrapper"": ""zlib""}",206,813.8020545484586,1.920000067912042e-05,1.0,1698.3700648034937,9.199997293762863e-06,0.5,0.0,.csv,16384,3.999999959675157,0.0,0.0,1.0,0.0,1,2.771782221599798,0.0,1,0.9990234375,unknown,0.4375,0.00390625,application,0.0625,0.5,222.109375,1.0,79.53398058252426,0.9990234375,1.0,0.0,csv_numeric_16k,16384,True,csv,0.0,numeric-csv,generated deterministic CSV,676aaf5fe74ca89c2c191df73805817aff825aa7ef754b6dafe0aa0afb819444,16384,test,deflate|1|identity,0.5,identity,{},16384,10,0.0625,0.0
0.03369140625,1.0,2.771782221599798,0.029491540762776366,deflate,"{""level"": 6, ""wrapper"": ""zlib""}",69,318.22813493034937,4.909999552182853e-05,1.0,1407.6580115523882,1.1099997209385037e-05,0.5,0.0,.csv,16384,3.999999959675157,0.0,0.0,1.0,0.0,6,2.771782221599798,0.0,1,0.9990234375,unknown,0.4375,0.00390625,application,0.0625,0.5,222.109375,1.0,237.44927536231884,0.9990234375,1.0,0.0,csv_numeric_16k,16384,True,csv,0.0,numeric-csv,generated deterministic CSV,676aaf5fe74ca89c2c191df73805817aff825aa7ef754b6dafe0aa0afb819444,16384,test,deflate|6|identity,0.5,identity,{},16384,10,0.0625,0.0
0.03369140625,1.0,2.771782221599798,0.029491540762776366,deflate,"{""level"": 9, ""wrapper"": ""zlib""}",69,248.01587498472625,6.299999949987978e-05,1.0,1578.2824099729098,9.900002623908222e-06,0.5,0.0,.csv,16384,3.999999959675157,0.0,0.0,1.0,0.0,9,2.771782221599798,0.0,1,0.9990234375,unknown,0.4375,0.00390625,application,0.0625,0.5,222.109375,1.0,237.44927536231884,0.9990234375,1.0,0.0,csv_numeric_16k,16384,True,csv,0.0,numeric-csv,generated deterministic CSV,676aaf5fe74ca89c2c191df73805817aff825aa7ef754b6dafe0aa0afb819444,16384,test,deflate|9|identity,0.5,identity,{},16384,10,0.0625,0.0
0.06640625,1.0,2.771782221599798,0.029491540762776366,lzma2,"{""container"": ""xz"", ""filter"": ""lzma2"", ""level"": 0}",136,33.68182825257972,0.0004638999962480739,1.0,277.5311222345542,5.629999213851988e-05,0.5,0.0,.csv,16384,3.999999959675157,0.0,0.0,1.0,0.0,0,2.771782221599798,0.0,1,0.9990234375,unknown,0.4375,0.00390625,application,0.0625,0.5,222.109375,1.0,120.47058823529412,0.9990234375,1.0,0.0,csv_numeric_16k,16384,True,csv,0.0,numeric-csv,generated deterministic CSV,676aaf5fe74ca89c2c191df73805817aff825aa7ef754b6dafe0aa0afb819444,16384,test,lzma2|0|identity,0.5,identity,{},16384,10,0.0625,0.0
0.06640625,1.0,2.771782221599798,0.029491540762776366,lzma2,"{""container"": ""xz"", ""filter"": ""lzma2"", ""level"": 3}",136,5.547271633426266,0.002816699998220429,1.0,164.30074204059173,9.509999654255807e-05,0.5,0.0,.csv,16384,3.999999959675157,0.0,0.0,1.0,0.0,3,2.771782221599798,0.0,1,0.9990234375,unknown,0.4375,0.00390625,application,0.0625,0.5,222.109375,1.0,120.47058823529412,0.9990234375,1.0,0.0,csv_numeric_16k,16384,True,csv,0.0,numeric-csv,generated deterministic CSV,676aaf5fe74ca89c2c191df73805817aff825aa7ef754b6dafe0aa0afb819444,16384,test,lzma2|3|identity,0.5,identity,{},16384,10,0.0625,0.0
0.06640625,1.0,2.771782221599798,0.029491540762776366,lzma2,"{""container"": ""xz"", ""filter"": ""lzma2"", ""level"": 6}",136,2.9721144343326458,0.005257199998595752,1.0,171.70330721877383,9.099999442696571e-05,0.5,0.0,.csv,16384,3.999999959675157,0.0,0.0,1.0,0.0,6,2.771782221599798,0.0,1,0.9990234375,unknown,0.4375,0.00390625,application,0.0625,0.5,222.546875,1.0,120.47058823529412,0.9990234375,1.0,0.0,csv_numeric_16k,16384,True,csv,0.0,numeric-csv,generated deterministic CSV,676aaf5fe74ca89c2c191df73805817aff825aa7ef754b6dafe0aa0afb819444,16384,test,lzma2|6|identity,0.5,identity,{},16384,10,0.0625,0.0
0.03125,1.0,2.771782221599798,0.029491540762776366,bzip2,"{""level"": 1}",64,5.610211472490436,0.002785100004984997,1.0,105.93220149360855,0.0001475000026402995,0.5,0.0,.csv,16384,3.999999959675157,0.0,0.0,1.0,0.0,1,2.771782221599798,0.0,1,0.9990234375,unknown,0.4375,0.00390625,application,0.0625,0.5,222.546875,1.0,256.0,0.9990234375,1.0,0.0,csv_numeric_16k,16384,True,csv,0.0,numeric-csv,generated deterministic CSV,676aaf5fe74ca89c2c191df73805817aff825aa7ef754b6dafe0aa0afb819444,16384,test,bzip2|1|identity,0.5,identity,{},16384,10,0.0625,0.0
0.03125,1.0,2.771782221599798,0.029491540762776366,bzip2,"{""level"": 9}",64,5.645481800941703,0.0027677000034600496,1.0,81.84913635259024,0.0001908999984152615,0.5,0.0,.csv,16384,3.999999959675157,0.0,0.0,1.0,0.0,9,2.771782221599798,0.0,1,0.9990234375,unknown,0.4375,0.00390625,application,0.0625,0.5,222.546875,1.0,256.0,0.9990234375,1.0,0.0,csv_numeric_16k,16384,True,csv,0.0,numeric-csv,generated deterministic CSV,676aaf5fe74ca89c2c191df73805817aff825aa7ef754b6dafe0aa0afb819444,16384,test,bzip2|9|identity,0.5,identity,{},16384,10,0.0625,0.0
2.88623046875,1.0,2.771782221599798,0.029491540762776366,xai-static,"{""coder"": ""adaptive-arithmetic32-v1"", ""level"": null, ""original_size"": 16384}",5911,0.010432378524226751,1.4977408999984618,1.0,0.010034525188751713,1.5571239999990212,0.5,0.0,.csv,16384,3.999999959675157,0.0,0.0,1.0,0.0,,2.771782221599798,0.0,1,0.9990234375,unknown,0.4375,0.00390625,application,0.0625,0.5,222.546875,1.0,2.771781424462866,0.9990234375,1.0,0.0,csv_numeric_16k,16384,True,csv,0.0,numeric-csv,generated deterministic CSV,676aaf5fe74ca89c2c191df73805817aff825aa7ef754b6dafe0aa0afb819444,16384,test,xai-static|default|identity,0.5,identity,{},16384,10,0.0625,0.0
0.02490234375,1.0,2.771782221599798,0.029491540762776366,zstd,"{""level"": 3}",51,255.72831597900333,6.10999995842576e-05,1.0,2.2033420259044405,0.0070915000105742365,0.5,0.0,.csv,16384,3.999999959675157,0.0,0.0,1.0,0.0,3,2.771782221599798,0.0,1,0.9990234375,unknown,0.4375,0.00390625,application,0.0625,0.5,222.546875,1.0,321.2549019607843,0.9990234375,1.0,0.0,csv_numeric_16k,16384,True,csv,0.0,numeric-csv,generated deterministic CSV,676aaf5fe74ca89c2c191df73805817aff825aa7ef754b6dafe0aa0afb819444,16384,test,zstd|3|rle,0.5,rle,{},32768,10,0.0625,0.0
0.01708984375,1.0,2.771782221599798,0.029491540762776366,zstd,"{""level"": 3}",35,389.65087523782944,4.0099999750964344e-05,1.0,7.26068772919351,0.0021520000009331852,0.5,0.0,.csv,16384,3.999999959675157,0.0,0.0,1.0,0.0,3,2.771782221599798,0.0,1,0.9990234375,unknown,0.4375,0.00390625,application,0.0625,0.5,222.546875,1.0,468.1142857142857,0.9990234375,1.0,0.0,csv_numeric_16k,16384,True,csv,0.0,numeric-csv,generated deterministic CSV,676aaf5fe74ca89c2c191df73805817aff825aa7ef754b6dafe0aa0afb819444,16384,test,zstd|3|delta,0.5,delta,{},16384,10,0.0625,0.0
0.017578125,1.0,2.771782221599798,0.029491540762776366,zstd,"{""level"": 3}",36,600.9613350146386,2.6000008801929653e-05,1.0,244.14065337197474,6.399999256245792e-05,0.5,0.0,.csv,16384,3.999999959675157,0.0,0.0,1.0,0.0,3,2.771782221599798,0.0,1,0.9990234375,unknown,0.4375,0.00390625,application,0.0625,0.5,222.546875,1.0,455.1111111111111,0.9990234375,1.0,0.0,csv_numeric_16k,16384,True,csv,0.0,numeric-csv,generated deterministic CSV,676aaf5fe74ca89c2c191df73805817aff825aa7ef754b6dafe0aa0afb819444,16384,test,zstd|3|byte-shuffle,0.5,byte-shuffle,"{""original_size"": 16384}",16384,10,0.0625,0.0
0.0166015625,1.0,2.771782221599798,0.029491540762776366,zstd,"{""level"": 3}",34,662.0765369387568,2.3599990527145565e-05,1.0,5.644666003134521,0.002768100006505847,0.5,0.0,.csv,16384,3.999999959675157,0.0,0.0,1.0,0.0,3,2.771782221599798,0.0,1,0.9990234375,unknown,0.4375,0.00390625,application,0.0625,0.5,222.546875,1.0,481.88235294117646,0.9990234375,1.0,0.0,csv_numeric_16k,16384,True,csv,0.0,numeric-csv,generated deterministic CSV,676aaf5fe74ca89c2c191df73805817aff825aa7ef754b6dafe0aa0afb819444,16384,test,zstd|3|zero-run,0.5,zero-run,{},16384,10,0.0625,0.0
0.01708984375,1.0,2.771782221599798,0.029491540762776366,zstd,"{""level"": 3}",35,211.43434290924057,7.390000973828137e-05,1.0,4.411598616796456,0.0035418000043137,0.5,0.0,.csv,16384,3.999999959675157,0.0,0.0,1.0,0.0,3,2.771782221599798,0.0,1,0.9990234375,unknown,0.4375,0.00390625,application,0.0625,0.5,222.546875,1.0,468.1142857142857,0.9990234375,1.0,0.0,csv_numeric_16k,16384,True,csv,0.0,numeric-csv,generated deterministic CSV,676aaf5fe74ca89c2c191df73805817aff825aa7ef754b6dafe0aa0afb819444,16384,test,zstd|3|dictionary,0.5,dictionary,"{""dictionary"": ""structured-v1""}",17408,10,0.0625,0.0
0.01318359375,1.0,2.771782221599798,0.029491540762776366,brotli,"{""level"": 6}",27,103.33994592115691,0.0001512000017100945,1.0,4.812134276970882,0.0032470000005559996,0.5,0.0,.csv,16384,3.999999959675157,0.0,0.0,1.0,0.0,6,2.771782221599798,0.0,1,0.9990234375,unknown,0.4375,0.00390625,application,0.0625,0.5,222.546875,1.0,606.8148148148148,0.9990234375,1.0,0.0,csv_numeric_16k,16384,True,csv,0.0,numeric-csv,generated deterministic CSV,676aaf5fe74ca89c2c191df73805817aff825aa7ef754b6dafe0aa0afb819444,16384,test,brotli|6|dictionary,0.5,dictionary,"{""dictionary"": ""structured-v1""}",17408,10,0.0625,0.0
0.03759765625,1.0,2.771782221599798,0.029491540762776366,deflate,"{""level"": 6, ""wrapper"": ""zlib""}",77,249.20256290106252,6.269999721553177e-05,1.0,7.296628397883939,0.0021413999929791316,0.5,0.0,.csv,16384,3.999999959675157,0.0,0.0,1.0,0.0,6,2.771782221599798,0.0,1,0.9990234375,unknown,0.4375,0.00390625,application,0.0625,0.5,222.546875,1.0,212.7792207792208,0.9990234375,1.0,0.0,csv_numeric_16k,16384,True,csv,0.0,numeric-csv,generated deterministic CSV,676aaf5fe74ca89c2c191df73805817aff825aa7ef754b6dafe0aa0afb819444,16384,test,deflate|6|delta,0.5,delta,{},16384,10,0.0625,0.0
0.064453125,1.0,2.771782221599798,0.029491540762776366,lzma2,"{""container"": ""xz"", ""filter"": ""lzma2"", ""level"": 3}",132,5.430627011237597,0.0028771999932359904,1.0,106.8741503129309,0.00014619999274145812,0.5,0.0,.csv,16384,3.999999959675157,0.0,0.0,1.0,0.0,3,2.771782221599798,0.0,1,0.9990234375,unknown,0.4375,0.00390625,application,0.0625,0.5,222.546875,1.0,124.12121212121212,0.9990234375,1.0,0.0,csv_numeric_16k,16384,True,csv,0.0,numeric-csv,generated deterministic CSV,676aaf5fe74ca89c2c191df73805817aff825aa7ef754b6dafe0aa0afb819444,16384,test,lzma2|3|byte-shuffle,0.5,byte-shuffle,"{""original_size"": 16384}",16384,10,0.0625,0.0
8.0,1.0,4.516199709312149,0.013801186694779427,raw,"{""level"": null}",16384,3124.9943946123085,5.0000089686363935e-06,0.0,5040.331521381965,3.0999945010989904e-06,0.111083984375,0.00038605368093769243,.xml,16384,4.561973077284246,0.0,0.0,1.0,0.0,,4.516199160162305,0.00015772069587514215,1,0.96923828125,unknown,0.09527587890625,0.00390625,text,0.015869140625,0.111083984375,222.546875,1.0,1.0,0.986572265625,1.0,0.0,xml_16k,16384,True,xml,0.0,xml-records,generated deterministic XML,13c66131059c48b65690abffbe315e0a6b0fd8201baa846f09a153986a1b6580,16384,train,raw|default|identity,0.0,identity,{},16384,28,0.03173828125,0.0
0.037109375,1.0,4.516199709312149,0.013801186694779427,zstd,"{""level"": 1}",76,346.45226117682057,4.510000871960074e-05,0.0,1174.812082247866,1.3299999409355223e-05,0.111083984375,0.00038605368093769243,.xml,16384,4.561973077284246,0.0,0.0,1.0,0.0,1,4.516199160162305,0.00015772069587514215,1,0.96923828125,unknown,0.09527587890625,0.00390625,text,0.015869140625,0.111083984375,222.546875,1.0,215.57894736842104,0.986572265625,1.0,0.0,xml_16k,16384,True,xml,0.0,xml-records,generated deterministic XML,13c66131059c48b65690abffbe315e0a6b0fd8201baa846f09a153986a1b6580,16384,train,zstd|1|identity,0.0,identity,{},16384,28,0.03173828125,0.0
0.03515625,1.0,4.516199709312149,0.013801186694779427,zstd,"{""level"": 3}",72,540.657406143929,2.890000178012997e-05,0.0,1838.2370320912835,8.499991963617504e-06,0.111083984375,0.00038605368093769243,.xml,16384,4.561973077284246,0.0,0.0,1.0,0.0,3,4.516199160162305,0.00015772069587514215,1,0.96923828125,unknown,0.09527587890625,0.00390625,text,0.015869140625,0.111083984375,222.546875,1.0,227.55555555555554,0.986572265625,1.0,0.0,xml_16k,16384,True,xml,0.0,xml-records,generated deterministic XML,13c66131059c48b65690abffbe315e0a6b0fd8201baa846f09a153986a1b6580,16384,train,zstd|3|identity,0.0,identity,{},16384,28,0.03173828125,0.0
0.03515625,1.0,4.516199709312149,0.013801186694779427,zstd,"{""level"": 9}",72,486.76016945502846,3.2099997042678297e-05,0.0,1929.0115193630215,8.100003469735384e-06,0.111083984375,0.00038605368093769243,.xml,16384,4.561973077284246,0.0,0.0,1.0,0.0,9,4.516199160162305,0.00015772069587514215,1,0.96923828125,unknown,0.09527587890625,0.00390625,text,0.015869140625,0.111083984375,222.546875,1.0,227.55555555555554,0.986572265625,1.0,0.0,xml_16k,16384,True,xml,0.0,xml-records,generated deterministic XML,13c66131059c48b65690abffbe315e0a6b0fd8201baa846f09a153986a1b6580,16384,train,zstd|9|identity,0.0,identity,{},16384,28,0.03173828125,0.0
0.04345703125,1.0,4.516199709312149,0.013801186694779427,brotli,"{""level"": 1}",89,357.55150329282884,4.369999805931002e-05,0.0,305.17579936773063,5.119999696034938e-05,0.111083984375,0.00038605368093769243,.xml,16384,4.561973077284246,0.0,0.0,1.0,0.0,1,4.516199160162305,0.00015772069587514215,1,0.96923828125,unknown,0.09527587890625,0.00390625,text,0.015869140625,0.111083984375,222.546875,1.0,184.08988764044943,0.986572265625,1.0,0.0,xml_16k,16384,True,xml,0.0,xml-records,generated deterministic XML,13c66131059c48b65690abffbe315e0a6b0fd8201baa846f09a153986a1b6580,16384,train,brotli|1|identity,0.0,identity,{},16384,28,0.03173828125,0.0
0.03125,1.0,4.516199709312149,0.013801186694779427,brotli,"{""level"": 6}",64,60.30490301269021,0.0002590999938547611,0.0,357.55150329282884,4.369999805931002e-05,0.111083984375,0.00038605368093769243,.xml,16384,4.561973077284246,0.0,0.0,1.0,0.0,6,4.516199160162305,0.00015772069587514215,1,0.96923828125,unknown,0.09527587890625,0.00390625,text,0.015869140625,0.111083984375,222.546875,1.0,256.0,0.986572265625,1.0,0.0,xml_16k,16384,True,xml,0.0,xml-records,generated deterministic XML,13c66131059c48b65690abffbe315e0a6b0fd8201baa846f09a153986a1b6580,16384,train,brotli|6|identity,0.0,identity,{},16384,28,0.03173828125,0.0
0.03125,1.0,4.516199709312149,0.013801186694779427,brotli,"{""level"": 9}",64,47.13423735477002,0.00033150000672321767,0.0,389.65087523782944,4.0099999750964344e-05,0.111083984375,0.00038605368093769243,.xml,16384,4.561973077284246,0.0,0.0,1.0,0.0,9,4.516199160162305,0.00015772069587514215,1,0.96923828125,unknown,0.09527587890625,0.00390625,text,0.015869140625,0.111083984375,222.546875,1.0,256.0,0.986572265625,1.0,0.0,xml_16k,16384,True,xml,0.0,xml-records,generated deterministic XML,13c66131059c48b65690abffbe315e0a6b0fd8201baa846f09a153986a1b6580,16384,train,brotli|9|identity,0.0,identity,{},16384,28,0.03173828125,0.0
0.1328125,1.0,4.516199709312149,0.013801186694779427,deflate,"{""level"": 1, ""wrapper"": ""zlib""}",272,694.444546200074,2.2499996703118086e-05,0.0,1201.9233427323802,1.2999997125007212e-05,0.111083984375,0.00038605368093769243,.xml,16384,4.561973077284246,0.0,0.0,1.0,0.0,1,4.516199160162305,0.00015772069587514215,1,0.96923828125,unknown,0.09527587890625,0.00390625,text,0.015869140625,0.111083984375,222.546875,1.0,60.23529411764706,0.986572265625,1.0,0.0,xml_16k,16384,True,xml,0.0,xml-records,generated deterministic XML,13c66131059c48b65690abffbe315e0a6b0fd8201baa846f09a153986a1b6580,16384,train,deflate|1|identity,0.0,identity,{},16384,28,0.03173828125,0.0
0.06494140625,1.0,4.516199709312149,0.013801186694779427,deflate,"{""level"": 6, ""wrapper"": ""zlib""}",133,238.91436131558208,6.540000322274864e-05,0.0,970.4973991827424,1.6099991626106203e-05,0.111083984375,0.00038605368093769243,.xml,16384,4.561973077284246,0.0,0.0,1.0,0.0,6,4.516199160162305,0.00015772069587514215,1,0.96923828125,unknown,0.09527587890625,0.00390625,text,0.015869140625,0.111083984375,222.546875,1.0,123.18796992481202,0.986572265625,1.0,0.0,xml_16k,16384,True,xml,0.0,xml-records,generated deterministic XML,13c66131059c48b65690abffbe315e0a6b0fd8201baa846f09a153986a1b6580,16384,train,deflate|6|identity,0.0,identity,{},16384,28,0.03173828125,0.0
0.064453125,1.0,4.516199709312149,0.013801186694779427,deflate,"{""level"": 9, ""wrapper"": ""zlib""}",132,194.582813807611,8.030000026337802e-05,0.0,1008.0644114642793,1.550000160932541e-05,0.111083984375,0.00038605368093769243,.xml,16384,4.561973077284246,0.0,0.0,1.0,0.0,9,4.516199160162305,0.00015772069587514215,1,0.96923828125,unknown,0.09527587890625,0.00390625,text,0.015869140625,0.111083984375,222.546875,1.0,124.12121212121212,0.986572265625,1.0,0.0,xml_16k,16384,True,xml,0.0,xml-records,generated deterministic XML,13c66131059c48b65690abffbe315e0a6b0fd8201baa846f09a153986a1b6580,16384,train,deflate|9|identity,0.0,identity,{},16384,28,0.03173828125,0.0
0.083984375,1.0,4.516199709312149,0.013801186694779427,lzma2,"{""container"": ""xz"", ""filter"": ""lzma2"", ""level"": 0}",172,51.26312215821703,0.0003048000071430579,0.0,226.7779365088752,6.890000076964498e-05,0.111083984375,0.00038605368093769243,.xml,16384,4.561973077284246,0.0,0.0,1.0,0.0,0,4.516199160162305,0.00015772069587514215,1,0.96923828125,unknown,0.09527587890625,0.00390625,text,0.015869140625,0.111083984375,222.546875,1.0,95.25581395348837,0.986572265625,1.0,0.0,xml_16k,16384,True,xml,0.0,xml-records,generated deterministic XML,13c66131059c48b65690abffbe315e0a6b0fd8201baa846f09a153986a1b6580,16384,train,lzma2|0|identity,0.0,identity,{},16384,28,0.03173828125,0.0
0.083984375,1.0,4.516199709312149,0.013801186694779427,lzma2,"{""container"": ""xz"", ""filter"": ""lzma2"", ""level"": 3}",172,5.570608586423767,0.0028048999956808984,0.0,141.40271827149056,0.00011049999739043415,0.111083984375,0.00038605368093769243,.xml,16384,4.561973077284246,0.0,0.0,1.0,0.0,3,4.516199160162305,0.00015772069587514215,1,0.96923828125,unknown,0.09527587890625,0.00390625,text,0.015869140625,0.111083984375,222.546875,1.0,95.25581395348837,0.986572265625,1.0,0.0,xml_16k,16384,True,xml,0.0,xml-records,generated deterministic XML,13c66131059c48b65690abffbe315e0a6b0fd8201baa846f09a153986a1b6580,16384,train,lzma2|3|identity,0.0,identity,{},16384,28,0.03173828125,0.0
0.083984375,1.0,4.516199709312149,0.013801186694779427,lzma2,"{""container"": ""xz"", ""filter"": ""lzma2"", ""level"": 6}",172,2.8850769977630333,0.005415799998445436,0.0,142.56388092177363,0.00010959999053739011,0.111083984375,0.00038605368093769243,.xml,16384,4.561973077284246,0.0,0.0,1.0,0.0,6,4.516199160162305,0.00015772069587514215,1,0.96923828125,unknown,0.09527587890625,0.00390625,text,0.015869140625,0.111083984375,222.546875,1.0,95.25581395348837,0.986572265625,1.0,0.0,xml_16k,16384,True,xml,0.0,xml-records,generated deterministic XML,13c66131059c48b65690abffbe315e0a6b0fd8201baa846f09a153986a1b6580,16384,train,lzma2|6|identity,0.0,identity,{},16384,28,0.03173828125,0.0
0.07958984375,1.0,4.516199709312149,0.013801186694779427,bzip2,"{""level"": 1}",163,4.177919180175161,0.003739900013897568,0.0,83.0233763132871,0.00018820000695995986,0.111083984375,0.00038605368093769243,.xml,16384,4.561973077284246,0.0,0.0,1.0,0.0,1,4.516199160162305,0.00015772069587514215,1,0.96923828125,unknown,0.09527587890625,0.00390625,text,0.015869140625,0.111083984375,222.546875,1.0,100.51533742331289,0.986572265625,1.0,0.0,xml_16k,16384,True,xml,0.0,xml-records,generated deterministic XML,13c66131059c48b65690abffbe315e0a6b0fd8201baa846f09a153986a1b6580,16384,train,bzip2|1|identity,0.0,identity,{},16384,28,0.03173828125,0.0
0.07958984375,1.0,4.516199709312149,0.013801186694779427,bzip2,"{""level"": 9}",163,3.8983558394315216,0.004008099989732727,0.0,58.696467880692886,0.00026620000426191837,0.111083984375,0.00038605368093769243,.xml,16384,4.561973077284246,0.0,0.0,1.0,0.0,9,4.516199160162305,0.00015772069587514215,1,0.96923828125,unknown,0.09527587890625,0.00390625,text,0.015869140625,0.111083984375,222.546875,1.0,100.51533742331289,0.986572265625,1.0,0.0,xml_16k,16384,True,xml,0.0,xml-records,generated deterministic XML,13c66131059c48b65690abffbe315e0a6b0fd8201baa846f09a153986a1b6580,16384,train,bzip2|9|identity,0.0,identity,{},16384,28,0.03173828125,0.0
4.625,1.0,4.516199709312149,0.013801186694779427,xai-static,"{""coder"": ""adaptive-arithmetic32-v1"", ""level"": null, ""original_size"": 16384}",9472,0.010942321186643199,1.4279420000093523,0.0,0.010433548147565554,1.497573000000557,0.111083984375,0.00038605368093769243,.xml,16384,4.561973077284246,0.0,0.0,1.0,0.0,,4.516199160162305,0.00015772069587514215,1,0.96923828125,unknown,0.09527587890625,0.00390625,text,0.015869140625,0.111083984375,222.546875,1.0,1.7297297297297298,0.986572265625,1.0,0.0,xml_16k,16384,True,xml,0.0,xml-records,generated deterministic XML,13c66131059c48b65690abffbe315e0a6b0fd8201baa846f09a153986a1b6580,16384,train,xai-static|default|identity,0.0,identity,{},16384,28,0.03173828125,0.0
0.04541015625,1.0,4.516199709312149,0.013801186694779427,zstd,"{""level"": 3}",93,146.16464110539016,0.00010689999908208847,0.0,2.2091675152523473,0.0070727999991504475,0.111083984375,0.00038605368093769243,.xml,16384,4.561973077284246,0.0,0.0,1.0,0.0,3,4.516199160162305,0.00015772069587514215,1,0.96923828125,unknown,0.09527587890625,0.00390625,text,0.015869140625,0.111083984375,222.546875,1.0,176.1720430107527,0.986572265625,1.0,0.0,xml_16k,16384,True,xml,0.0,xml-records,generated deterministic XML,13c66131059c48b65690abffbe315e0a6b0fd8201baa846f09a153986a1b6580,16384,train,zstd|3|rle,0.0,rle,{},32768,28,0.03173828125,0.0
0.037109375,1.0,4.516199709312149,0.013801186694779427,zstd,"{""level"": 3}",76,393.5768588607059,3.9699996705166996e-05,0.0,6.929353855726418,0.0022548999986611307,0.111083984375,0.00038605368093769243,.xml,16384,4.561973077284246,0.0,0.0,1.0,0.0,3,4.516199160162305,0.00015772069587514215,1,0.96923828125,unknown,0.09527587890625,0.00390625,text,0.015869140625,0.111083984375,222.546875,1.0,215.57894736842104,0.986572265625,1.0,0.0,xml_16k,16384,True,xml,0.0,xml-records,generated deterministic XML,13c66131059c48b65690abffbe315e0a6b0fd8201baa846f09a153986a1b6580,16384,train,zstd|3|delta,0.0,delta,{},16384,28,0.03173828125,0.0
0.04345703125,1.0,4.516199709312149,0.013801186694779427,zstd,"{""level"": 3}",89,538.7930562280937,2.9000002541579306e-05,0.0,411.1842287867532,3.7999998312443495e-05,0.111083984375,0.00038605368093769243,.xml,16384,4.561973077284246,0.0,0.0,1.0,0.0,3,4.516199160162305,0.00015772069587514215,1,0.96923828125,unknown,0.09527587890625,0.00390625,text,0.015869140625,0.111083984375,222.546875,1.0,184.08988764044943,0.986572265625,1.0,0.0,xml_16k,16384,True,xml,0.0,xml-records,generated deterministic XML,13c66131059c48b65690abffbe315e0a6b0fd8201baa846f09a153986a1b6580,16384,train,zstd|3|byte-shuffle,0.0,byte-shuffle,"{""original_size"": 16384}",16384,28,0.03173828125,0.0
0.03515625,1.0,4.516199709312149,0.013801186694779427,zstd,"{""level"": 3}",72,659.2829427544636,2.36999912885949e-05,0.0,5.61222657762197,0.002784099997370504,0.111083984375,0.00038605368093769243,.xml,16384,4.561973077284246,0.0,0.0,1.0,0.0,3,4.516199160162305,0.00015772069587514215,1,0.96923828125,unknown,0.09527587890625,0.00390625,text,0.015869140625,0.111083984375,222.546875,1.0,227.55555555555554,0.986572265625,1.0,0.0,xml_16k,16384,True,xml,0.0,xml-records,generated deterministic XML,13c66131059c48b65690abffbe315e0a6b0fd8201baa846f09a153986a1b6580,16384,train,zstd|3|zero-run,0.0,zero-run,{},16384,28,0.03173828125,0.0
0.0361328125,1.0,4.516199709312149,0.013801186694779427,zstd,"{""level"": 3}",74,214.33469883125568,7.2900002123788e-05,0.0,4.890147723071588,0.003195199999026954,0.111083984375,0.00038605368093769243,.xml,16384,4.561973077284246,0.0,0.0,1.0,0.0,3,4.516199160162305,0.00015772069587514215,1,0.96923828125,unknown,0.09527587890625,0.00390625,text,0.015869140625,0.111083984375,222.546875,1.0,221.40540540540542,0.986572265625,1.0,0.0,xml_16k,16384,True,xml,0.0,xml-records,generated deterministic XML,13c66131059c48b65690abffbe315e0a6b0fd8201baa846f09a153986a1b6580,16384,train,zstd|3|dictionary,0.0,dictionary,"{""dictionary"": ""structured-v1""}",16644,28,0.03173828125,0.0
0.0322265625,1.0,4.516199709312149,0.013801186694779427,brotli,"{""level"": 6}",66,58.280491445471405,0.00026810000417754054,0.0,4.551147627607808,0.0034331999922869727,0.111083984375,0.00038605368093769243,.xml,16384,4.561973077284246,0.0,0.0,1.0,0.0,6,4.516199160162305,0.00015772069587514215,1,0.96923828125,unknown,0.09527587890625,0.00390625,text,0.015869140625,0.111083984375,222.546875,1.0,248.24242424242425,0.986572265625,1.0,0.0,xml_16k,16384,True,xml,0.0,xml-records,generated deterministic XML,13c66131059c48b65690abffbe315e0a6b0fd8201baa846f09a153986a1b6580,16384,train,brotli|6|dictionary,0.0,dictionary,"{""dictionary"": ""structured-v1""}",16644,28,0.03173828125,0.0
0.06884765625,1.0,4.516199709312149,0.013801186694779427,deflate,"{""level"": 6, ""wrapper"": ""zlib""}",141,202.92206674982046,7.700000423938036e-05,0.0,6.153028282272475,0.0025393999967491254,0.111083984375,0.00038605368093769243,.xml,16384,4.561973077284246,0.0,0.0,1.0,0.0,6,4.516199160162305,0.00015772069587514215,1,0.96923828125,unknown,0.09527587890625,0.00390625,text,0.015869140625,0.111083984375,222.546875,1.0,116.19858156028369,0.986572265625,1.0,0.0,xml_16k,16384,True,xml,0.0,xml-records,generated deterministic XML,13c66131059c48b65690abffbe315e0a6b0fd8201baa846f09a153986a1b6580,16384,train,deflate|6|delta,0.0,delta,{},16384,28,0.03173828125,0.0
0.087890625,1.0,4.516199709312149,0.013801186694779427,lzma2,"{""container"": ""xz"", ""filter"": ""lzma2"", ""level"": 3}",180,5.18672200841762,0.003012499990290962,0.0,112.16798405202002,0.00013929999840911478,0.111083984375,0.00038605368093769243,.xml,16384,4.561973077284246,0.0,0.0,1.0,0.0,3,4.516199160162305,0.00015772069587514215,1,0.96923828125,unknown,0.09527587890625,0.00390625,text,0.015869140625,0.111083984375,222.546875,1.0,91.02222222222223,0.986572265625,1.0,0.0,xml_16k,16384,True,xml,0.0,xml-records,generated deterministic XML,13c66131059c48b65690abffbe315e0a6b0fd8201baa846f09a153986a1b6580,16384,train,lzma2|3|byte-shuffle,0.0,byte-shuffle,"{""original_size"": 16384}",16384,28,0.03173828125,0.0
0.0,0.0,0.0,0.0,raw,"{""level"": null}",0,0.0,3.40001133736223e-06,0.0,0.0,2.3000029614195228e-06,0.0,0.0,.log,0,0.0,0.0,0.0,1.0,0.0,,0.0,0.0,0,0.0,unknown,0.0,0.0,unknown,0.0,0.0,222.546875,0.0,0.0,0.0,0.0,0.0,logs_16k,0,True,logs,0.0,kaggle-log,existing Kaggle log,e3b0c44298fc1c149afbf4c8996fb92427ae41e4649b934ca495991b7852b855,0,train,raw|default|identity,0.0,identity,{},0,0,0.0,0.0
72.0,0.0,0.0,0.0,zstd,"{""level"": 1}",9,0.0,2.3899992811493576e-05,0.0,0.0,6.700007361359894e-06,0.0,0.0,.log,0,0.0,0.0,0.0,1.0,0.0,1,0.0,0.0,0,0.0,unknown,0.0,0.0,unknown,0.0,0.0,222.546875,0.0,0.0,0.0,0.0,0.0,logs_16k,0,True,logs,0.0,kaggle-log,existing Kaggle log,e3b0c44298fc1c149afbf4c8996fb92427ae41e4649b934ca495991b7852b855,0,train,zstd|1|identity,0.0,identity,{},0,0,0.0,0.0
72.0,0.0,0.0,0.0,zstd,"{""level"": 3}",9,0.0,1.2499993317760527e-05,0.0,0.0,2.9999937396496534e-06,0.0,0.0,.log,0,0.0,0.0,0.0,1.0,0.0,3,0.0,0.0,0,0.0,unknown,0.0,0.0,unknown,0.0,0.0,222.546875,0.0,0.0,0.0,0.0,0.0,logs_16k,0,True,logs,0.0,kaggle-log,existing Kaggle log,e3b0c44298fc1c149afbf4c8996fb92427ae41e4649b934ca495991b7852b855,0,train,zstd|3|identity,0.0,identity,{},0,0,0.0,0.0
72.0,0.0,0.0,0.0,zstd,"{""level"": 9}",9,0.0,1.550000160932541e-05,0.0,0.0,3.6999990697950125e-06,0.0,0.0,.log,0,0.0,0.0,0.0,1.0,0.0,9,0.0,0.0,0,0.0,unknown,0.0,0.0,unknown,0.0,0.0,222.546875,0.0,0.0,0.0,0.0,0.0,logs_16k,0,True,logs,0.0,kaggle-log,existing Kaggle log,e3b0c44298fc1c149afbf4c8996fb92427ae41e4649b934ca495991b7852b855,0,train,zstd|9|identity,0.0,identity,{},0,0,0.0,0.0
8.0,0.0,0.0,0.0,brotli,"{""level"": 1}",1,0.0,3.1100003980100155e-05,0.0,0.0,1.1000010999850929e-05,0.0,0.0,.log,0,0.0,0.0,0.0,1.0,0.0,1,0.0,0.0,0,0.0,unknown,0.0,0.0,unknown,0.0,0.0,222.546875,0.0,0.0,0.0,0.0,0.0,logs_16k,0,True,logs,0.0,kaggle-log,existing Kaggle log,e3b0c44298fc1c149afbf4c8996fb92427ae41e4649b934ca495991b7852b855,0,train,brotli|1|identity,0.0,identity,{},0,0,0.0,0.0
8.0,0.0,0.0,0.0,brotli,"{""level"": 6}",1,0.0,1.1199997970834374e-05,0.0,0.0,4.5000051613897085e-06,0.0,0.0,.log,0,0.0,0.0,0.0,1.0,0.0,6,0.0,0.0,0,0.0,unknown,0.0,0.0,unknown,0.0,0.0,222.546875,0.0,0.0,0.0,0.0,0.0,logs_16k,0,True,logs,0.0,kaggle-log,existing Kaggle log,e3b0c44298fc1c149afbf4c8996fb92427ae41e4649b934ca495991b7852b855,0,train,brotli|6|identity,0.0,identity,{},0,0,0.0,0.0
8.0,0.0,0.0,0.0,brotli,"{""level"": 9}",1,0.0,9.399998816661537e-06,0.0,0.0,3.7999998312443495e-06,0.0,0.0,.log,0,0.0,0.0,0.0,1.0,0.0,9,0.0,0.0,0,0.0,unknown,0.0,0.0,unknown,0.0,0.0,222.546875,0.0,0.0,0.0,0.0,0.0,logs_16k,0,True,logs,0.0,kaggle-log,existing Kaggle log,e3b0c44298fc1c149afbf4c8996fb92427ae41e4649b934ca495991b7852b855,0,train,brotli|9|identity,0.0,identity,{},0,0,0.0,0.0
64.0,0.0,0.0,0.0,deflate,"{""level"": 1, ""wrapper"": ""zlib""}",8,0.0,1.8800012185238302e-05,0.0,0.0,4.399989848025143e-06,0.0,0.0,.log,0,0.0,0.0,0.0,1.0,0.0,1,0.0,0.0,0,0.0,unknown,0.0,0.0,unknown,0.0,0.0,222.546875,0.0,0.0,0.0,0.0,0.0,logs_16k,0,True,logs,0.0,kaggle-log,existing Kaggle log,e3b0c44298fc1c149afbf4c8996fb92427ae41e4649b934ca495991b7852b855,0,train,deflate|1|identity,0.0,identity,{},0,0,0.0,0.0
64.0,0.0,0.0,0.0,deflate,"{""level"": 6, ""wrapper"": ""zlib""}",8,0.0,1.239999255631119e-05,0.0,0.0,3.200009814463556e-06,0.0,0.0,.log,0,0.0,0.0,0.0,1.0,0.0,6,0.0,0.0,0,0.0,unknown,0.0,0.0,unknown,0.0,0.0,222.546875,0.0,0.0,0.0,0.0,0.0,logs_16k,0,True,logs,0.0,kaggle-log,existing Kaggle log,e3b0c44298fc1c149afbf4c8996fb92427ae41e4649b934ca495991b7852b855,0,train,deflate|6|identity,0.0,identity,{},0,0,0.0,0.0
64.0,0.0,0.0,0.0,deflate,"{""level"": 9, ""wrapper"": ""zlib""}",8,0.0,1.8400009139440954e-05,0.0,0.0,3.5999983083456755e-06,0.0,0.0,.log,0,0.0,0.0,0.0,1.0,0.0,9,0.0,0.0,0,0.0,unknown,0.0,0.0,unknown,0.0,0.0,222.546875,0.0,0.0,0.0,0.0,0.0,logs_16k,0,True,logs,0.0,kaggle-log,existing Kaggle log,e3b0c44298fc1c149afbf4c8996fb92427ae41e4649b934ca495991b7852b855,0,train,deflate|9|identity,0.0,identity,{},0,0,0.0,0.0
256.0,0.0,0.0,0.0,lzma2,"{""container"": ""xz"", ""filter"": ""lzma2"", ""level"": 0}",32,0.0,7.789999654050916e-05,0.0,0.0,1.09999964479357e-05,0.0,0.0,.log,0,0.0,0.0,0.0,1.0,0.0,0,0.0,0.0,0,0.0,unknown,0.0,0.0,unknown,0.0,0.0,222.546875,0.0,0.0,0.0,0.0,0.0,logs_16k,0,True,logs,0.0,kaggle-log,existing Kaggle log,e3b0c44298fc1c149afbf4c8996fb92427ae41e4649b934ca495991b7852b855,0,train,lzma2|0|identity,0.0,identity,{},0,0,0.0,0.0
256.0,0.0,0.0,0.0,lzma2,"{""container"": ""xz"", ""filter"": ""lzma2"", ""level"": 3}",32,0.0,0.0027067999908467755,0.0,0.0,1.920000067912042e-05,0.0,0.0,.log,0,0.0,0.0,0.0,1.0,0.0,3,0.0,0.0,0,0.0,unknown,0.0,0.0,unknown,0.0,0.0,222.546875,0.0,0.0,0.0,0.0,0.0,logs_16k,0,True,logs,0.0,kaggle-log,existing Kaggle log,e3b0c44298fc1c149afbf4c8996fb92427ae41e4649b934ca495991b7852b855,0,train,lzma2|3|identity,0.0,identity,{},0,0,0.0,0.0
256.0,0.0,0.0,0.0,lzma2,"{""container"": ""xz"", ""filter"": ""lzma2"", ""level"": 6}",32,0.0,0.005137000000104308,0.0,0.0,2.1800005924887955e-05,0.0,0.0,.log,0,0.0,0.0,0.0,1.0,0.0,6,0.0,0.0,0,0.0,unknown,0.0,0.0,unknown,0.0,0.0,222.546875,0.0,0.0,0.0,0.0,0.0,logs_16k,0,True,logs,0.0,kaggle-log,existing Kaggle log,e3b0c44298fc1c149afbf4c8996fb92427ae41e4649b934ca495991b7852b855,0,train,lzma2|6|identity,0.0,identity,{},0,0,0.0,0.0
112.0,0.0,0.0,0.0,bzip2,"{""level"": 1}",14,0.0,1.5400000847876072e-05,0.0,0.0,8.200004231184721e-06,0.0,0.0,.log,0,0.0,0.0,0.0,1.0,0.0,1,0.0,0.0,0,0.0,unknown,0.0,0.0,unknown,0.0,0.0,222.546875,0.0,0.0,0.0,0.0,0.0,logs_16k,0,True,logs,0.0,kaggle-log,existing Kaggle log,e3b0c44298fc1c149afbf4c8996fb92427ae41e4649b934ca495991b7852b855,0,train,bzip2|1|identity,0.0,identity,{},0,0,0.0,0.0
112.0,0.0,0.0,0.0,bzip2,"{""level"": 9}",14,0.0,6.249999569263309e-05,0.0,0.0,3.1400006264448166e-05,0.0,0.0,.log,0,0.0,0.0,0.0,1.0,0.0,9,0.0,0.0,0,0.0,unknown,0.0,0.0,unknown,0.0,0.0,222.546875,0.0,0.0,0.0,0.0,0.0,logs_16k,0,True,logs,0.0,kaggle-log,existing Kaggle log,e3b0c44298fc1c149afbf4c8996fb92427ae41e4649b934ca495991b7852b855,0,train,bzip2|9|identity,0.0,identity,{},0,0,0.0,0.0
40.0,0.0,0.0,0.0,xai-static,"{""coder"": ""adaptive-arithmetic32-v1"", ""level"": null, ""original_size"": 0}",5,0.0,4.050000279676169e-05,0.0,0.0,3.530000685714185e-05,0.0,0.0,.log,0,0.0,0.0,0.0,1.0,0.0,,0.0,0.0,0,0.0,unknown,0.0,0.0,unknown,0.0,0.0,222.546875,0.0,0.0,0.0,0.0,0.0,logs_16k,0,True,logs,0.0,kaggle-log,existing Kaggle log,e3b0c44298fc1c149afbf4c8996fb92427ae41e4649b934ca495991b7852b855,0,train,xai-static|default|identity,0.0,identity,{},0,0,0.0,0.0
72.0,0.0,0.0,0.0,zstd,"{""level"": 3}",9,0.0,2.990000939462334e-05,0.0,0.0,9.099996532313526e-06,0.0,0.0,.log,0,0.0,0.0,0.0,1.0,0.0,3,0.0,0.0,0,0.0,unknown,0.0,0.0,unknown,0.0,0.0,222.546875,0.0,0.0,0.0,0.0,0.0,logs_16k,0,True,logs,0.0,kaggle-log,existing Kaggle log,e3b0c44298fc1c149afbf4c8996fb92427ae41e4649b934ca495991b7852b855,0,train,zstd|3|rle,0.0,rle,{},0,0,0.0,0.0
72.0,0.0,0.0,0.0,zstd,"{""level"": 3}",9,0.0,1.3900003978051245e-05,0.0,0.0,4.4000043999403715e-06,0.0,0.0,.log,0,0.0,0.0,0.0,1.0,0.0,3,0.0,0.0,0,0.0,unknown,0.0,0.0,unknown,0.0,0.0,222.546875,0.0,0.0,0.0,0.0,0.0,logs_16k,0,True,logs,0.0,kaggle-log,existing Kaggle log,e3b0c44298fc1c149afbf4c8996fb92427ae41e4649b934ca495991b7852b855,0,train,zstd|3|delta,0.0,delta,{},0,0,0.0,0.0
72.0,0.0,0.0,0.0,zstd,"{""level"": 3}",9,0.0,1.2599994079209864e-05,0.0,0.0,1.0299991117790341e-05,0.0,0.0,.log,0,0.0,0.0,0.0,1.0,0.0,3,0.0,0.0,0,0.0,unknown,0.0,0.0,unknown,0.0,0.0,222.546875,0.0,0.0,0.0,0.0,0.0,logs_16k,0,True,logs,0.0,kaggle-log,existing Kaggle log,e3b0c44298fc1c149afbf4c8996fb92427ae41e4649b934ca495991b7852b855,0,train,zstd|3|byte-shuffle,0.0,byte-shuffle,"{""original_size"": 0}",0,0,0.0,0.0
72.0,0.0,0.0,0.0,zstd,"{""level"": 3}",9,0.0,1.2499993317760527e-05,0.0,0.0,4.5000051613897085e-06,0.0,0.0,.log,0,0.0,0.0,0.0,1.0,0.0,3,0.0,0.0,0,0.0,unknown,0.0,0.0,unknown,0.0,0.0,222.546875,0.0,0.0,0.0,0.0,0.0,logs_16k,0,True,logs,0.0,kaggle-log,existing Kaggle log,e3b0c44298fc1c149afbf4c8996fb92427ae41e4649b934ca495991b7852b855,0,train,zstd|3|zero-run,0.0,zero-run,{},0,0,0.0,0.0
72.0,0.0,0.0,0.0,zstd,"{""level"": 3}",9,0.0,1.2899996363557875e-05,0.0,0.0,5.199995939619839e-06,0.0,0.0,.log,0,0.0,0.0,0.0,1.0,0.0,3,0.0,0.0,0,0.0,unknown,0.0,0.0,unknown,0.0,0.0,222.546875,0.0,0.0,0.0,0.0,0.0,logs_16k,0,True,logs,0.0,kaggle-log,existing Kaggle log,e3b0c44298fc1c149afbf4c8996fb92427ae41e4649b934ca495991b7852b855,0,train,zstd|3|dictionary,0.0,dictionary,"{""dictionary"": ""structured-v1""}",0,0,0.0,0.0
8.0,0.0,0.0,0.0,brotli,"{""level"": 6}",1,0.0,1.7300000763498247e-05,0.0,0.0,9.100011084228754e-06,0.0,0.0,.log,0,0.0,0.0,0.0,1.0,0.0,6,0.0,0.0,0,0.0,unknown,0.0,0.0,unknown,0.0,0.0,222.546875,0.0,0.0,0.0,0.0,0.0,logs_16k,0,True,logs,0.0,kaggle-log,existing Kaggle log,e3b0c44298fc1c149afbf4c8996fb92427ae41e4649b934ca495991b7852b855,0,train,brotli|6|dictionary,0.0,dictionary,"{""dictionary"": ""structured-v1""}",0,0,0.0,0.0
64.0,0.0,0.0,0.0,deflate,"{""level"": 6, ""wrapper"": ""zlib""}",8,0.0,2.130000211764127e-05,0.0,0.0,5.0000089686363935e-06,0.0,0.0,.log,0,0.0,0.0,0.0,1.0,0.0,6,0.0,0.0,0,0.0,unknown,0.0,0.0,unknown,0.0,0.0,222.546875,0.0,0.0,0.0,0.0,0.0,logs_16k,0,True,logs,0.0,kaggle-log,existing Kaggle log,e3b0c44298fc1c149afbf4c8996fb92427ae41e4649b934ca495991b7852b855,0,train,deflate|6|delta,0.0,delta,{},0,0,0.0,0.0
256.0,0.0,0.0,0.0,lzma2,"{""container"": ""xz"", ""filter"": ""lzma2"", ""level"": 3}",32,0.0,0.002736800001002848,0.0,0.0,2.5300003471784294e-05,0.0,0.0,.log,0,0.0,0.0,0.0,1.0,0.0,3,0.0,0.0,0,0.0,unknown,0.0,0.0,unknown,0.0,0.0,222.546875,0.0,0.0,0.0,0.0,0.0,logs_16k,0,True,logs,0.0,kaggle-log,existing Kaggle log,e3b0c44298fc1c149afbf4c8996fb92427ae41e4649b934ca495991b7852b855,0,train,lzma2|3|byte-shuffle,0.0,byte-shuffle,"{""original_size"": 0}",0,0,0.0,0.0
32.0,0.0,0.0,0.0,xai-gru,"{""architecture_id"": ""causal-byte-gru-v1"", ""checkpoint_cache"": ""cold"", ""checkpoint_load_seconds"": 0.10177500000281725, ""coder"": ""rans14-v1"", ""level"": null, ""model_fingerprint"": ""65db5985137b2a12a0f399f637a2753900452fc43e7d8211867c40b2f5014239"", ""original_size"": 0}",4,0.0,0.12213450000854209,0.0,0.0,0.03186750000168104,0.0,0.0,.log,0,0.0,0.0,0.0,1.0,0.0,,0.0,0.0,0,0.0,unknown,0.0,0.0,unknown,0.0,0.0,235.24609375,0.0,0.0,0.0,0.0,0.0,logs_16k,0,True,logs,0.0,kaggle-log,existing Kaggle log,e3b0c44298fc1c149afbf4c8996fb92427ae41e4649b934ca495991b7852b855,0,train,xai-gru|default|identity,0.0,identity,{},0,0,0.0,0.0
32.0,0.0,0.0,0.0,xai-transformer,"{""architecture_id"": ""causal-byte-transformer-v2"", ""checkpoint_cache"": ""cold"", ""checkpoint_load_seconds"": 0.1221335000009276, ""coder"": ""rans14-v1"", ""level"": null, ""model_fingerprint"": ""f563a3935182cc92e38fb99cde230465dc53b8f90f09ad39218ea3372699f9a8"", ""original_size"": 0}",4,0.0,0.15575590000662487,0.0,0.0,0.03432780000730418,0.0,0.0,.log,0,0.0,0.0,0.0,1.0,0.0,,0.0,0.0,0,0.0,unknown,0.0,0.0,unknown,0.0,0.0,272.58984375,0.0,0.0,0.0,0.0,0.0,logs_16k,0,True,logs,0.0,kaggle-log,existing Kaggle log,e3b0c44298fc1c149afbf4c8996fb92427ae41e4649b934ca495991b7852b855,0,train,xai-transformer|default|identity,0.0,identity,{},0,0,0.0,0.0
8.0,1.0,4.819640964859031,0.01216489194236099,raw,"{""level"": null}",8192,2003.2048237726021,3.9000005926936865e-06,0.0,2790.1863273982144,2.7999922167509794e-06,0.05517578125,0.0023857535457763035,.pdf,8192,5.378316932576634,1.0,0.0,1.0,0.0,,4.8196325920717005,0.0011928767728881517,2,0.9287109375,pdf,0.08203125,0.00390625,document,0.0684814453125,0.05517578125,272.58984375,1.0,1.0,0.96630859375,1.0,0.08203125,pdf_8k,8192,True,pdf,0.0,pdf-fragment,generated valid-signature PDF fragment,fe6d582b4af0f1efcc9e3dca09b00b61936e3e887dcf26bd762757e1f9639a79,8192,train,raw|default|identity,0.0,identity,{},8192,34,0.1097412109375,0.0
0.0859375,1.0,4.819640964859031,0.01216489194236099,zstd,"{""level"": 1}",88,171.70330721877383,4.549999721348286e-05,0.0,635.1630253333633,1.2299991794861853e-05,0.05517578125,0.0023857535457763035,.pdf,8192,5.378316932576634,1.0,0.0,1.0,0.0,1,4.8196325920717005,0.0011928767728881517,2,0.9287109375,pdf,0.08203125,0.00390625,document,0.0684814453125,0.05517578125,272.58984375,1.0,93.0909090909091,0.96630859375,1.0,0.08203125,pdf_8k,8192,True,pdf,0.0,pdf-fragment,generated valid-signature PDF fragment,fe6d582b4af0f1efcc9e3dca09b00b61936e3e887dcf26bd762757e1f9639a79,8192,train,zstd|1|identity,0.0,identity,{},8192,34,0.1097412109375,0.0
0.0859375,1.0,4.819640964859031,0.01216489194236099,zstd,"{""level"": 3}",88,287.22422893583786,2.720000338740647e-05,0.0,1166.043494975251,6.700007361359894e-06,0.05517578125,0.0023857535457763035,.pdf,8192,5.378316932576634,1.0,0.0,1.0,0.0,3,4.8196325920717005,0.0011928767728881517,2,0.9287109375,pdf,0.08203125,0.00390625,document,0.0684814453125,0.05517578125,272.58984375,1.0,93.0909090909091,0.96630859375,1.0,0.08203125,pdf_8k,8192,True,pdf,0.0,pdf-fragment,generated valid-signature PDF fragment,fe6d582b4af0f1efcc9e3dca09b00b61936e3e887dcf26bd762757e1f9639a79,8192,train,zstd|3|identity,0.0,identity,{},8192,34,0.1097412109375,0.0
0.0859375,1.0,4.819640964859031,0.01216489194236099,zstd,"{""level"": 9}",88,255.31045607414057,3.060000017285347e-05,0.0,1302.082892531717,6.000002031214535e-06,0.05517578125,0.0023857535457763035,.pdf,8192,5.378316932576634,1.0,0.0,1.0,0.0,9,4.8196325920717005,0.0011928767728881517,2,0.9287109375,pdf,0.08203125,0.00390625,document,0.0684814453125,0.05517578125,272.58984375,1.0,93.0909090909091,0.96630859375,1.0,0.08203125,pdf_8k,8192,True,pdf,0.0,pdf-fragment,generated valid-signature PDF fragment,fe6d582b4af0f1efcc9e3dca09b00b61936e3e887dcf26bd762757e1f9639a79,8192,train,zstd|9|identity,0.0,identity,{},8192,34,0.1097412109375,0.0
0.1005859375,1.0,4.819640964859031,0.01216489194236099,brotli,"{""level"": 1}",103,236.7425006901138,3.29999893438071e-05,0.0,256.99014299172075,3.0399998649954796e-05,0.05517578125,0.0023857535457763035,.pdf,8192,5.378316932576634,1.0,0.0,1.0,0.0,1,4.8196325920717005,0.0011928767728881517,2,0.9287109375,pdf,0.08203125,0.00390625,document,0.0684814453125,0.05517578125,272.58984375,1.0,79.53398058252426,0.96630859375,1.0,0.08203125,pdf_8k,8192,True,pdf,0.0,pdf-fragment,generated valid-signature PDF fragment,fe6d582b4af0f1efcc9e3dca09b00b61936e3e887dcf26bd762757e1f9639a79,8192,train,brotli|1|identity,0.0,identity,{},8192,34,0.1097412109375,0.0
0.0732421875,1.0,4.819640964859031,0.01216489194236099,brotli,"{""level"": 6}",75,30.965122638968925,0.0002522999857319519,0.0,283.0615282249093,2.7600006433203816e-05,0.05517578125,0.0023857535457763035,.pdf,8192,5.378316932576634,1.0,0.0,1.0,0.0,6,4.8196325920717005,0.0011928767728881517,2,0.9287109375,pdf,0.08203125,0.00390625,document,0.0684814453125,0.05517578125,272.58984375,1.0,109.22666666666667,0.96630859375,1.0,0.08203125,pdf_8k,8192,True,pdf,0.0,pdf-fragment,generated valid-signature PDF fragment,fe6d582b4af0f1efcc9e3dca09b00b61936e3e887dcf26bd762757e1f9639a79,8192,train,brotli|6|identity,0.0,identity,{},8192,34,0.1097412109375,0.0
0.0732421875,1.0,4.819640964859031,0.01216489194236099,brotli,"{""level"": 9}",75,18.534993713158453,0.00042150000808760524,0.0,315.0201655515088,2.479999966453761e-05,0.05517578125,0.0023857535457763035,.pdf,8192,5.378316932576634,1.0,0.0,1.0,0.0,9,4.8196325920717005,0.0011928767728881517,2,0.9287109375,pdf,0.08203125,0.00390625,document,0.0684814453125,0.05517578125,272.58984375,1.0,109.22666666666667,0.96630859375,1.0,0.08203125,pdf_8k,8192,True,pdf,0.0,pdf-fragment,generated valid-signature PDF fragment,fe6d582b4af0f1efcc9e3dca09b00b61936e3e887dcf26bd762757e1f9639a79,8192,train,brotli|9|identity,0.0,identity,{},8192,34,0.1097412109375,0.0
0.16796875,1.0,4.819640964859031,0.01216489194236099,deflate,"{""level"": 1, ""wrapper"": ""zlib""}",172,285.12768612905313,2.7400004910305142e-05,0.0,615.1570253615632,1.270000939257443e-05,0.05517578125,0.0023857535457763035,.pdf,8192,5.378316932576634,1.0,0.0,1.0,0.0,1,4.8196325920717005,0.0011928767728881517,2,0.9287109375,pdf,0.08203125,0.00390625,document,0.0684814453125,0.05517578125,272.58984375,1.0,47.627906976744185,0.96630859375,1.0,0.08203125,pdf_8k,8192,True,pdf,0.0,pdf-fragment,generated valid-signature PDF fragment,fe6d582b4af0f1efcc9e3dca09b00b61936e3e887dcf26bd762757e1f9639a79,8192,train,deflate|1|identity,0.0,identity,{},8192,34,0.1097412109375,0.0
0.1240234375,1.0,4.819640964859031,0.01216489194236099,deflate,"{""level"": 6, ""wrapper"": ""zlib""}",127,129.99166642655607,6.010000652167946e-05,0.0,448.9942135234114,1.7400001524947584e-05,0.05517578125,0.0023857535457763035,.pdf,8192,5.378316932576634,1.0,0.0,1.0,0.0,6,4.8196325920717005,0.0011928767728881517,2,0.9287109375,pdf,0.08203125,0.00390625,document,0.0684814453125,0.05517578125,272.58984375,1.0,64.50393700787401,0.96630859375,1.0,0.08203125,pdf_8k,8192,True,pdf,0.0,pdf-fragment,generated valid-signature PDF fragment,fe6d582b4af0f1efcc9e3dca09b00b61936e3e887dcf26bd762757e1f9639a79,8192,train,deflate|6|identity,0.0,identity,{},8192,34,0.1097412109375,0.0
0.119140625,1.0,4.819640964859031,0.01216489194236099,deflate,"{""level"": 9, ""wrapper"": ""zlib""}",122,117.65811332696614,6.640001083724201e-05,0.0,520.8329043755633,1.5000012353993952e-05,0.05517578125,0.0023857535457763035,.pdf,8192,5.378316932576634,1.0,0.0,1.0,0.0,9,4.8196325920717005,0.0011928767728881517,2,0.9287109375,pdf,0.08203125,0.00390625,document,0.0684814453125,0.05517578125,272.58984375,1.0,67.14754098360656,0.96630859375,1.0,0.08203125,pdf_8k,8192,True,pdf,0.0,pdf-fragment,generated valid-signature PDF fragment,fe6d582b4af0f1efcc9e3dca09b00b61936e3e887dcf26bd762757e1f9639a79,8192,train,deflate|9|identity,0.0,identity,{},8192,34,0.1097412109375,0.0
0.16796875,1.0,4.819640964859031,0.01216489194236099,lzma2,"{""container"": ""xz"", ""filter"": ""lzma2"", ""level"": 0}",172,13.232554221720365,0.0005903999990550801,0.0,102.7960571966883,7.599999662488699e-05,0.05517578125,0.0023857535457763035,.pdf,8192,5.378316932576634,1.0,0.0,1.0,0.0,0,4.8196325920717005,0.0011928767728881517,2,0.9287109375,pdf,0.08203125,0.00390625,document,0.0684814453125,0.05517578125,272.58984375,1.0,47.627906976744185,0.96630859375,1.0,0.08203125,pdf_8k,8192,True,pdf,0.0,pdf-fragment,generated valid-signature PDF fragment,fe6d582b4af0f1efcc9e3dca09b00b61936e3e887dcf26bd762757e1f9639a79,8192,train,lzma2|0|identity,0.0,identity,{},8192,34,0.1097412109375,0.0
0.16796875,1.0,4.819640964859031,0.01216489194236099,lzma2,"{""container"": ""xz"", ""filter"": ""lzma2"", ""level"": 3}",172,2.6139253220716467,0.0029887999990023673,0.0,76.81907333921801,0.00010170000314246863,0.05517578125,0.0023857535457763035,.pdf,8192,5.378316932576634,1.0,0.0,1.0,0.0,3,4.8196325920717005,0.0011928767728881517,2,0.9287109375,pdf,0.08203125,0.00390625,document,0.0684814453125,0.05517578125,280.28125,1.0,47.627906976744185,0.96630859375,1.0,0.08203125,pdf_8k,8192,True,pdf,0.0,pdf-fragment,generated valid-signature PDF fragment,fe6d582b4af0f1efcc9e3dca09b00b61936e3e887dcf26bd762757e1f9639a79,8192,train,lzma2|3|identity,0.0,identity,{},8192,34,0.1097412109375,0.0
0.16796875,1.0,4.819640964859031,0.01216489194236099,lzma2,"{""container"": ""xz"", ""filter"": ""lzma2"", ""level"": 6}",172,1.5924378305979872,0.004906000001938082,0.0,81.21102684344574,9.619999036658555e-05,0.05517578125,0.0023857535457763035,.pdf,8192,5.378316932576634,1.0,0.0,1.0,0.0,6,4.8196325920717005,0.0011928767728881517,2,0.9287109375,pdf,0.08203125,0.00390625,document,0.0684814453125,0.05517578125,288.3125,1.0,47.627906976744185,0.96630859375,1.0,0.08203125,pdf_8k,8192,True,pdf,0.0,pdf-fragment,generated valid-signature PDF fragment,fe6d582b4af0f1efcc9e3dca09b00b61936e3e887dcf26bd762757e1f9639a79,8192,train,lzma2|6|identity,0.0,identity,{},8192,34,0.1097412109375,0.0
0.1904296875,1.0,4.819640964859031,0.01216489194236099,bzip2,"{""level"": 1}",195,8.735882819770975,0.000894299999345094,0.0,77.42814894296701,0.00010089999705087394,0.05517578125,0.0023857535457763035,.pdf,8192,5.378316932576634,1.0,0.0,1.0,0.0,1,4.8196325920717005,0.0011928767728881517,2,0.9287109375,pdf,0.08203125,0.00390625,document,0.0684814453125,0.05517578125,288.3125,1.0,42.01025641025641,0.96630859375,1.0,0.08203125,pdf_8k,8192,True,pdf,0.0,pdf-fragment,generated valid-signature PDF fragment,fe6d582b4af0f1efcc9e3dca09b00b61936e3e887dcf26bd762757e1f9639a79,8192,train,bzip2|1|identity,0.0,identity,{},8192,34,0.1097412109375,0.0
0.1904296875,1.0,4.819640964859031,0.01216489194236099,bzip2,"{""level"": 9}",195,7.912994964828082,0.0009873000090010464,0.0,53.29126500008537,0.0001466000103391707,0.05517578125,0.0023857535457763035,.pdf,8192,5.378316932576634,1.0,0.0,1.0,0.0,9,4.8196325920717005,0.0011928767728881517,2,0.9287109375,pdf,0.08203125,0.00390625,document,0.0684814453125,0.05517578125,288.3125,1.0,42.01025641025641,0.96630859375,1.0,0.08203125,pdf_8k,8192,True,pdf,0.0,pdf-fragment,generated valid-signature PDF fragment,fe6d582b4af0f1efcc9e3dca09b00b61936e3e887dcf26bd762757e1f9639a79,8192,train,bzip2|9|identity,0.0,identity,{},8192,34,0.1097412109375,0.0
5.0048828125,1.0,4.819640964859031,0.01216489194236099,xai-static,"{""coder"": ""adaptive-arithmetic32-v1"", ""level"": null, ""original_size"": 8192}",5125,0.01028907527376532,0.7593005000089761,0.0,0.00968118569828202,0.8069776000047568,0.05517578125,0.0023857535457763035,.pdf,8192,5.378316932576634,1.0,0.0,1.0,0.0,,4.8196325920717005,0.0011928767728881517,2,0.9287109375,pdf,0.08203125,0.00390625,document,0.0684814453125,0.05517578125,288.3125,1.0,1.598439024390244,0.96630859375,1.0,0.08203125,pdf_8k,8192,True,pdf,0.0,pdf-fragment,generated valid-signature PDF fragment,fe6d582b4af0f1efcc9e3dca09b00b61936e3e887dcf26bd762757e1f9639a79,8192,train,xai-static|default|identity,0.0,identity,{},8192,34,0.1097412109375,0.0
0.10546875,1.0,4.819640964859031,0.01216489194236099,zstd,"{""level"": 3}",108,117.30478303448017,6.660001236014068e-05,0.0,1.981510132116531,0.003942700001061894,0.05517578125,0.0023857535457763035,.pdf,8192,5.378316932576634,1.0,0.0,1.0,0.0,3,4.8196325920717005,0.0011928767728881517,2,0.9287109375,pdf,0.08203125,0.00390625,document,0.0684814453125,0.05517578125,288.3125,1.0,75.85185185185185,0.96630859375,1.0,0.08203125,pdf_8k,8192,True,pdf,0.0,pdf-fragment,generated valid-signature PDF fragment,fe6d582b4af0f1efcc9e3dca09b00b61936e3e887dcf26bd762757e1f9639a79,8192,train,zstd|3|rle,0.0,rle,{},15712,34,0.1097412109375,0.0
0.087890625,1.0,4.819640964859031,0.01216489194236099,zstd,"{""level"": 3}",90,165.16914587634685,4.7299996367655694e-05,0.0,6.121689405069996,0.0012761999969370663,0.05517578125,0.0023857535457763035,.pdf,8192,5.378316932576634,1.0,0.0,1.0,0.0,3,4.8196325920717005,0.0011928767728881517,2,0.9287109375,pdf,0.08203125,0.00390625,document,0.0684814453125,0.05517578125,288.3125,1.0,91.02222222222223,0.96630859375,1.0,0.08203125,pdf_8k,8192,True,pdf,0.0,pdf-fragment,generated valid-signature PDF fragment,fe6d582b4af0f1efcc9e3dca09b00b61936e3e887dcf26bd762757e1f9639a79,8192,train,zstd|3|delta,0.0,delta,{},8192,34,0.1097412109375,0.0
0.0947265625,1.0,4.819640964859031,0.01216489194236099,zstd,"{""level"": 3}",97,253.65258343727558,3.0800001695752144e-05,0.0,256.1475459267996,3.0499999411404133e-05,0.05517578125,0.0023857535457763035,.pdf,8192,5.378316932576634,1.0,0.0,1.0,0.0,3,4.8196325920717005,0.0011928767728881517,2,0.9287109375,pdf,0.08203125,0.00390625,document,0.0684814453125,0.05517578125,288.3125,1.0,84.45360824742268,0.96630859375,1.0,0.08203125,pdf_8k,8192,True,pdf,0.0,pdf-fragment,generated valid-signature PDF fragment,fe6d582b4af0f1efcc9e3dca09b00b61936e3e887dcf26bd762757e1f9639a79,8192,train,zstd|3|byte-shuffle,0.0,byte-shuffle,"{""original_size"": 8192}",8192,34,0.1097412109375,0.0
0.0859375,1.0,4.819640964859031,0.01216489194236099,zstd,"{""level"": 3}",88,241.12654821826615,3.239999932702631e-05,0.0,4.71712355114671,0.0016561999946134165,0.05517578125,0.0023857535457763035,.pdf,8192,5.378316932576634,1.0,0.0,1.0,0.0,3,4.8196325920717005,0.0011928767728881517,2,0.9287109375,pdf,0.08203125,0.00390625,document,0.0684814453125,0.05517578125,288.3125,1.0,93.0909090909091,0.96630859375,1.0,0.08203125,pdf_8k,8192,True,pdf,0.0,pdf-fragment,generated valid-signature PDF fragment,fe6d582b4af0f1efcc9e3dca09b00b61936e3e887dcf26bd762757e1f9639a79,8192,train,zstd|3|zero-run,0.0,zero-run,{},8192,34,0.1097412109375,0.0
0.08984375,1.0,4.819640964859031,0.01216489194236099,zstd,"{""level"": 3}",92,147.96398952813493,5.280000914353877e-05,0.0,3.839443687173842,0.002034799996181391,0.05517578125,0.0023857535457763035,.pdf,8192,5.378316932576634,1.0,0.0,1.0,0.0,3,4.8196325920717005,0.0011928767728881517,2,0.9287109375,pdf,0.08203125,0.00390625,document,0.0684814453125,0.05517578125,288.3125,1.0,89.04347826086956,0.96630859375,1.0,0.08203125,pdf_8k,8192,True,pdf,0.0,pdf-fragment,generated valid-signature PDF fragment,fe6d582b4af0f1efcc9e3dca09b00b61936e3e887dcf26bd762757e1f9639a79,8192,train,zstd|3|dictionary,0.0,dictionary,"{""dictionary"": ""structured-v1""}",8753,34,0.1097412109375,0.0
0.0791015625,1.0,4.819640964859031,0.01216489194236099,brotli,"{""level"": 6}",81,22.59907444430689,0.0003456999984337017,0.0,3.822536439542798,0.0020438000065041706,0.05517578125,0.0023857535457763035,.pdf,8192,5.378316932576634,1.0,0.0,1.0,0.0,6,4.8196325920717005,0.0011928767728881517,2,0.9287109375,pdf,0.08203125,0.00390625,document,0.0684814453125,0.05517578125,288.3125,1.0,101.1358024691358,0.96630859375,1.0,0.08203125,pdf_8k,8192,True,pdf,0.0,pdf-fragment,generated valid-signature PDF fragment,fe6d582b4af0f1efcc9e3dca09b00b61936e3e887dcf26bd762757e1f9639a79,8192,train,brotli|6|dictionary,0.0,dictionary,"{""dictionary"": ""structured-v1""}",8753,34,0.1097412109375,0.0
0.1416015625,1.0,4.819640964859031,0.01216489194236099,deflate,"{""level"": 6, ""wrapper"": ""zlib""}",145,120.93653787845682,6.459999713115394e-05,0.0,5.917664002493379,0.0013201999972807243,0.05517578125,0.0023857535457763035,.pdf,8192,5.378316932576634,1.0,0.0,1.0,0.0,6,4.8196325920717005,0.0011928767728881517,2,0.9287109375,pdf,0.08203125,0.00390625,document,0.0684814453125,0.05517578125,288.3125,1.0,56.49655172413793,0.96630859375,1.0,0.08203125,pdf_8k,8192,True,pdf,0.0,pdf-fragment,generated valid-signature PDF fragment,fe6d582b4af0f1efcc9e3dca09b00b61936e3e887dcf26bd762757e1f9639a79,8192,train,deflate|6|delta,0.0,delta,{},8192,34,0.1097412109375,0.0
0.17578125,1.0,4.819640964859031,0.01216489194236099,lzma2,"{""container"": ""xz"", ""filter"": ""lzma2"", ""level"": 3}",180,2.716068695380581,0.002876400001696311,0.0,59.86590514982843,0.00013049998960923404,0.05517578125,0.0023857535457763035,.pdf,8192,5.378316932576634,1.0,0.0,1.0,0.0,3,4.8196325920717005,0.0011928767728881517,2,0.9287109375,pdf,0.08203125,0.00390625,document,0.0684814453125,0.05517578125,288.3125,1.0,45.51111111111111,0.96630859375,1.0,0.08203125,pdf_8k,8192,True,pdf,0.0,pdf-fragment,generated valid-signature PDF fragment,fe6d582b4af0f1efcc9e3dca09b00b61936e3e887dcf26bd762757e1f9639a79,8192,train,lzma2|3|byte-shuffle,0.0,byte-shuffle,"{""original_size"": 8192}",8192,34,0.1097412109375,0.0
8.0,0.5205834683954619,6.538688556794737,0.005560448366720149,raw,"{""level"": null}",3085,612.9334796606984,4.8000074457377195e-06,0.0,795.1583799388033,3.6999990697950125e-06,0.03144246353322528,0.0,.ppm,3085,7.980726286389994,0.0,1.0,0.0,0.0,,6.538688556794737,0.0,2,0.0,unknown,0.02106969205834684,0.00390625,image,0.0009724473257698541,0.07854251012145749,288.3125,0.40032414910858993,1.0,0.0,0.0,0.006482982171799027,image_ppm,3085,True,image,1.0,validation-image,results\final_project\lossy_validation_corpus\image_6.ppm,75f476be6d95390223b7e7bbd5ae05de737fd2318d012d4e5a8422021595d00b,3085,train,raw|default|identity,0.5,identity,{},3085,110,0.021717990275526743,0.0
6.825283630470016,0.5205834683954619,6.538688556794737,0.005560448366720149,zstd,"{""level"": 1}",2632,42.33215885078823,6.9500005338341e-05,0.0,101.102574988611,2.9100003303028643e-05,0.03144246353322528,0.0,.ppm,3085,7.980726286389994,0.0,1.0,0.0,0.0,1,6.538688556794737,0.0,2,0.0,unknown,0.02106969205834684,0.00390625,image,0.0009724473257698541,0.07854251012145749,288.3125,0.40032414910858993,1.172112462006079,0.0,0.0,0.006482982171799027,image_ppm,3085,True,image,1.0,validation-image,results\final_project\lossy_validation_corpus\image_6.ppm,75f476be6d95390223b7e7bbd5ae05de737fd2318d012d4e5a8422021595d00b,3085,train,zstd|1|identity,0.5,identity,{},3085,110,0.021717990275526743,0.0
6.825283630470016,0.5205834683954619,6.538688556794737,0.005560448366720149,zstd,"{""level"": 3}",2632,54.584139223213946,5.390000296756625e-05,0.0,133.7311031869345,2.200000744778663e-05,0.03144246353322528,0.0,.ppm,3085,7.980726286389994,0.0,1.0,0.0,0.0,3,6.538688556794737,0.0,2,0.0,unknown,0.02106969205834684,0.00390625,image,0.0009724473257698541,0.07854251012145749,288.3125,0.40032414910858993,1.172112462006079,0.0,0.0,0.006482982171799027,image_ppm,3085,True,image,1.0,validation-image,results\final_project\lossy_validation_corpus\image_6.ppm,75f476be6d95390223b7e7bbd5ae05de737fd2318d012d4e5a8422021595d00b,3085,train,zstd|3|identity,0.5,identity,{},3085,110,0.021717990275526743,0.0
6.825283630470016,0.5205834683954619,6.538688556794737,0.005560448366720149,zstd,"{""level"": 9}",2632,35.31915339641377,8.329999400302768e-05,0.0,142.12973983000268,2.0699997548945248e-05,0.03144246353322528,0.0,.ppm,3085,7.980726286389994,0.0,1.0,0.0,0.0,9,6.538688556794737,0.0,2,0.0,unknown,0.02106969205834684,0.00390625,image,0.0009724473257698541,0.07854251012145749,288.3125,0.40032414910858993,1.172112462006079,0.0,0.0,0.006482982171799027,image_ppm,3085,True,image,1.0,validation-image,results\final_project\lossy_validation_corpus\image_6.ppm,75f476be6d95390223b7e7bbd5ae05de737fd2318d012d4e5a8422021595d00b,3085,train,zstd|9|identity,0.5,identity,{},3085,110,0.021717990275526743,0.0
6.93419773095624,0.5205834683954619,6.538688556794737,0.005560448366720149,brotli,"{""level"": 1}",2674,36.01083716976101,8.169999637175351e-05,0.0,50.63830821061258,5.809999129269272e-05,0.03144246353322528,0.0,.ppm,3085,7.980726286389994,0.0,1.0,0.0,0.0,1,6.538688556794737,0.0,2,0.0,unknown,0.02106969205834684,0.00390625,image,0.0009724473257698541,0.07854251012145749,288.3125,0.40032414910858993,1.1537023186237847,0.0,0.0,0.006482982171799027,image_ppm,3085,True,image,1.0,validation-image,results\final_project\lossy_validation_corpus\image_6.ppm,75f476be6d95390223b7e7bbd5ae05de737fd2318d012d4e5a8422021595d00b,3085,train,brotli|1|identity,0.5,identity,{},3085,110,0.021717990275526743,0.0
6.685251215559157,0.5205834683954619,6.538688556794737,0.005560448366720149,brotli,"{""level"": 6}",2578,2.0253925811399003,0.0014526000013574958,0.0,44.84885751945764,6.560000474564731e-05,0.03144246353322528,0.0,.ppm,3085,7.980726286389994,0.0,1.0,0.0,0.0,6,6.538688556794737,0.0,2,0.0,unknown,0.02106969205834684,0.00390625,image,0.0009724473257698541,0.07854251012145749,288.3125,0.40032414910858993,1.1966640806826998,0.0,0.0,0.006482982171799027,image_ppm,3085,True,image,1.0,validation-image,results\final_project\lossy_validation_corpus\image_6.ppm,75f476be6d95390223b7e7bbd5ae05de737fd2318d012d4e5a8422021595d00b,3085,train,brotli|6|identity,0.5,identity,{},3085,110,0.021717990275526743,0.0
7.2298217179902755,0.5205834683954619,6.538688556794737,0.005560448366720149,brotli,"{""level"": 9}",2788,0.5492551604972201,0.005356499998015352,0.0,27.651178541066493,0.00010639999527484179,0.03144246353322528,0.0,.ppm,3085,7.980726286389994,0.0,1.0,0.0,0.0,9,6.538688556794737,0.0,2,0.0,unknown,0.02106969205834684,0.00390625,image,0.0009724473257698541,0.07854251012145749,288.3125,0.40032414910858993,1.1065279770444763,0.0,0.0,0.006482982171799027,image_ppm,3085,True,image,1.0,validation-image,results\final_project\lossy_validation_corpus\image_6.ppm,75f476be6d95390223b7e7bbd5ae05de737fd2318d012d4e5a8422021595d00b,3085,train,brotli|9|identity,0.5,identity,{},3085,110,0.021717990275526743,0.0
8.435656401944895,0.5205834683954619,6.538688556794737,0.005560448366720149,deflate,"{""level"": 1, ""wrapper"": ""zlib""}",3253,45.054902836442274,6.53000024612993e-05,0.0,134.95809313763448,2.1799991372972727e-05,0.03144246353322528,0.0,.ppm,3085,7.980726286389994,0.0,1.0,0.0,0.0,1,6.538688556794737,0.0,2,0.0,unknown,0.02106969205834684,0.00390625,image,0.0009724473257698541,0.07854251012145749,288.3125,0.40032414910858993,0.9483553642791269,0.0,0.0,0.006482982171799027,image_ppm,3085,True,image,1.0,validation-image,results\final_project\lossy_validation_corpus\image_6.ppm,75f476be6d95390223b7e7bbd5ae05de737fd2318d012d4e5a8422021595d00b,3085,train,deflate|1|identity,0.5,identity,{},3085,110,0.021717990275526743,0.0
6.830470016207456,0.5205834683954619,6.538688556794737,0.005560448366720149,deflate,"{""level"": 6, ""wrapper"": ""zlib""}",2634,19.587785497785482,0.00015019999409560114,0.0,98.39746962227815,2.990000939462334e-05,0.03144246353322528,0.0,.ppm,3085,7.980726286389994,0.0,1.0,0.0,0.0,6,6.538688556794737,0.0,2,0.0,unknown,0.02106969205834684,0.00390625,image,0.0009724473257698541,0.07854251012145749,288.3125,0.40032414910858993,1.1712224753227032,0.0,0.0,0.006482982171799027,image_ppm,3085,True,image,1.0,validation-image,results\final_project\lossy_validation_corpus\image_6.ppm,75f476be6d95390223b7e7bbd5ae05de737fd2318d012d4e5a8422021595d00b,3085,train,deflate|6|identity,0.5,identity,{},3085,110,0.021717990275526743,0.0
6.830470016207456,0.5205834683954619,6.538688556794737,0.005560448366720149,deflate,"{""level"": 9, ""wrapper"": ""zlib""}",2634,29.778187889066697,9.880001016426831e-05,0.0,106.98495331479506,2.749999111983925e-05,0.03144246353322528,0.0,.ppm,3085,7.980726286389994,0.0,1.0,0.0,0.0,9,6.538688556794737,0.0,2,0.0,unknown,0.02106969205834684,0.00390625,image,0.0009724473257698541,0.07854251012145749,288.3125,0.40032414910858993,1.1712224753227032,0.0,0.0,0.006482982171799027,image_ppm,3085,True,image,1.0,validation-image,results\final_project\lossy_validation_corpus\image_6.ppm,75f476be6d95390223b7e7bbd5ae05de737fd2318d012d4e5a8422021595d00b,3085,train,deflate|9|identity,0.5,identity,{},3085,110,0.021717990275526743,0.0
7.6654781199351705,0.5205834683954619,6.538688556794737,0.005560448366720149,lzma2,"{""container"": ""xz"", ""filter"": ""lzma2"", ""level"": 0}",2956,4.71563589396503,0.0006239000067580491,0.0,9.598973418136739,0.00030649999098386616,0.03144246353322528,0.0,.ppm,3085,7.980726286389994,0.0,1.0,0.0,0.0,0,6.538688556794737,0.0,2,0.0,unknown,0.02106969205834684,0.00390625,image,0.0009724473257698541,0.07854251012145749,288.3125,0.40032414910858993,1.0436400541271988,0.0,0.0,0.006482982171799027,image_ppm,3085,True,image,1.0,validation-image,results\final_project\lossy_validation_corpus\image_6.ppm,75f476be6d95390223b7e7bbd5ae05de737fd2318d012d4e5a8422021595d00b,3085,train,lzma2|0|identity,0.5,identity,{},3085,110,0.021717990275526743,0.0
7.6654781199351705,0.5205834683954619,6.538688556794737,0.005560448366720149,lzma2,"{""container"": ""xz"", ""filter"": ""lzma2"", ""level"": 3}",2956,0.838439801791386,0.0035090000019408762,0.0,8.490866457978626,0.0003465000045252964,0.03144246353322528,0.0,.ppm,3085,7.980726286389994,0.0,1.0,0.0,0.0,3,6.538688556794737,0.0,2,0.0,unknown,0.02106969205834684,0.00390625,image,0.0009724473257698541,0.07854251012145749,288.3125,0.40032414910858993,1.0436400541271988,0.0,0.0,0.006482982171799027,image_ppm,3085,True,image,1.0,validation-image,results\final_project\lossy_validation_corpus\image_6.ppm,75f476be6d95390223b7e7bbd5ae05de737fd2318d012d4e5a8422021595d00b,3085,train,lzma2|3|identity,0.5,identity,{},3085,110,0.021717990275526743,0.0
5.13452188006483,0.5205834683954619,6.538688556794737,0.005560448366720149,lzma2,"{""container"": ""xz"", ""filter"": ""lzma2"", ""level"": 6}",1980,0.4432854100855674,0.006636999998590909,0.0,8.87239242707081,0.0003315999929327518,0.03144246353322528,0.0,.ppm,3085,7.980726286389994,0.0,1.0,0.0,0.0,6,6.538688556794737,0.0,2,0.0,unknown,0.02106969205834684,0.00390625,image,0.0009724473257698541,0.07854251012145749,288.3125,0.40032414910858993,1.5580808080808082,0.0,0.0,0.006482982171799027,image_ppm,3085,True,image,1.0,validation-image,results\final_project\lossy_validation_corpus\image_6.ppm,75f476be6d95390223b7e7bbd5ae05de737fd2318d012d4e5a8422021595d00b,3085,train,lzma2|6|identity,0.5,identity,{},3085,110,0.021717990275526743,0.0
5.917666126418152,0.5205834683954619,6.538688556794737,0.005560448366720149,bzip2,"{""level"": 1}",2282,3.234126926997023,0.00090970000019297,0.0,9.82004438917048,0.0002995999966515228,0.03144246353322528,0.0,.ppm,3085,7.980726286389994,0.0,1.0,0.0,0.0,1,6.538688556794737,0.0,2,0.0,unknown,0.02106969205834684,0.00390625,image,0.0009724473257698541,0.07854251012145749,288.3125,0.40032414910858993,1.3518843120070114,0.0,0.0,0.006482982171799027,image_ppm,3085,True,image,1.0,validation-image,results\final_project\lossy_validation_corpus\image_6.ppm,75f476be6d95390223b7e7bbd5ae05de737fd2318d012d4e5a8422021595d00b,3085,train,bzip2|1|identity,0.5,identity,{},3085,110,0.021717990275526743,0.0
5.917666126418152,0.5205834683954619,6.538688556794737,0.005560448366720149,bzip2,"{""level"": 9}",2282,3.1034654679981895,0.0009480000007897615,0.0,9.29862575929008,0.0003164000081596896,0.03144246353322528,0.0,.ppm,3085,7.980726286389994,0.0,1.0,0.0,0.0,9,6.538688556794737,0.0,2,0.0,unknown,0.02106969205834684,0.00390625,image,0.0009724473257698541,0.07854251012145749,288.3125,0.40032414910858993,1.3518843120070114,0.0,0.0,0.006482982171799027,image_ppm,3085,True,image,1.0,validation-image,results\final_project\lossy_validation_corpus\image_6.ppm,75f476be6d95390223b7e7bbd5ae05de737fd2318d012d4e5a8422021595d00b,3085,train,bzip2|9|identity,0.5,identity,{},3085,110,0.021717990275526743,0.0
6.846029173419773,0.5205834683954619,6.538688556794737,0.005560448366720149,xai-static,"{""coder"": ""adaptive-arithmetic32-v1"", ""level"": null, ""original_size"": 3085}",2640,0.007407318092496638,0.39718630000425037,0.0,0.009998774033661291,0.2942446000088239,0.03144246353322528,0.0,.ppm,3085,7.980726286389994,0.0,1.0,0.0,0.0,,6.538688556794737,0.0,2,0.0,unknown,0.02106969205834684,0.00390625,image,0.0009724473257698541,0.07854251012145749,288.3125,0.40032414910858993,1.168560606060606,0.0,0.0,0.006482982171799027,image_ppm,3085,True,image,1.0,validation-image,results\final_project\lossy_validation_corpus\image_6.ppm,75f476be6d95390223b7e7bbd5ae05de737fd2318d012d4e5a8422021595d00b,3085,train,xai-static|default|identity,0.5,identity,{},3085,110,0.021717990275526743,0.0
8.881685575364667,0.5205834683954619,6.538688556794737,0.005560448366720149,zstd,"{""level"": 3}",3425,33.623832811626365,8.749999688006938e-05,0.0,2.724909944777793,0.0010796999995363876,0.03144246353322528,0.0,.ppm,3085,7.980726286389994,0.0,1.0,0.0,0.0,3,6.538688556794737,0.0,2,0.0,unknown,0.02106969205834684,0.00390625,image,0.0009724473257698541,0.07854251012145749,288.3125,0.40032414910858993,0.9007299270072993,0.0,0.0,0.006482982171799027,image_ppm,3085,True,image,1.0,validation-image,results\final_project\lossy_validation_corpus\image_6.ppm,75f476be6d95390223b7e7bbd5ae05de737fd2318d012d4e5a8422021595d00b,3085,train,zstd|3|rle,0.5,rle,{},6150,110,0.021717990275526743,0.0
8.025931928687196,0.5205834683954619,6.538688556794737,0.005560448366720149,zstd,"{""level"": 3}",3095,85.5257344698492,3.440000000409782e-05,0.0,8.285230326371881,0.00035509999725036323,0.03144246353322528,0.0,.ppm,3085,7.980726286389994,0.0,1.0,0.0,0.0,3,6.538688556794737,0.0,2,0.0,unknown,0.02106969205834684,0.00390625,image,0.0009724473257698541,0.07854251012145749,288.3125,0.40032414910858993,0.9967689822294022,0.0,0.0,0.006482982171799027,image_ppm,3085,True,image,1.0,validation-image,results\final_project\lossy_validation_corpus\image_6.ppm,75f476be6d95390223b7e7bbd5ae05de737fd2318d012d4e5a8422021595d00b,3085,train,zstd|3|delta,0.5,delta,{},3085,110,0.021717990275526743,0.0
6.822690437601296,0.5205834683954619,6.538688556794737,0.005560448366720149,zstd,"{""level"": 3}",2631,85.27783190808927,3.4500000765547156e-05,0.0,100.75638091744875,2.9199989512562752e-05,0.03144246353322528,0.0,.ppm,3085,7.980726286389994,0.0,1.0,0.0,0.0,3,6.538688556794737,0.0,2,0.0,unknown,0.02106969205834684,0.00390625,image,0.0009724473257698541,0.07854251012145749,288.3125,0.40032414910858993,1.1725579627518055,0.0,0.0,0.006482982171799027,image_ppm,3085,True,image,1.0,validation-image,results\final_project\lossy_validation_corpus\image_6.ppm,75f476be6d95390223b7e7bbd5ae05de737fd2318d012d4e5a8422021595d00b,3085,train,zstd|3|byte-shuffle,0.5,byte-shuffle,"{""original_size"": 3085}",3085,110,0.021717990275526743,0.0
6.825283630470016,0.5205834683954619,6.538688556794737,0.005560448366720149,zstd,"{""level"": 3}",2632,95.52224364062441,3.0800001695752144e-05,0.0,6.154990261328354,0.00047799998719710857,0.03144246353322528,0.0,.ppm,3085,7.980726286389994,0.0,1.0,0.0,0.0,3,6.538688556794737,0.0,2,0.0,unknown,0.02106969205834684,0.00390625,image,0.0009724473257698541,0.07854251012145749,288.3125,0.40032414910858993,1.172112462006079,0.0,0.0,0.006482982171799027,image_ppm,3085,True,image,1.0,validation-image,results\final_project\lossy_validation_corpus\image_6.ppm,75f476be6d95390223b7e7bbd5ae05de737fd2318d012d4e5a8422021595d00b,3085,train,zstd|3|zero-run,0.5,zero-run,{},3085,110,0.021717990275526743,0.0
6.973095623987034,0.5205834683954619,6.538688556794737,0.005560448366720149,zstd,"{""level"": 3}",2689,30.80717569418731,9.549999958835542e-05,0.0,3.009805921663385,0.0009774999925866723,0.03144246353322528,0.0,.ppm,3085,7.980726286389994,0.0,1.0,0.0,0.0,3,6.538688556794737,0.0,2,0.0,unknown,0.02106969205834684,0.00390625,image,0.0009724473257698541,0.07854251012145749,288.3125,0.40032414910858993,1.1472666418743027,0.0,0.0,0.006482982171799027,image_ppm,3085,True,image,1.0,validation-image,results\final_project\lossy_validation_corpus\image_6.ppm,75f476be6d95390223b7e7bbd5ae05de737fd2318d012d4e5a8422021595d00b,3085,train,zstd|3|dictionary,0.5,dictionary,"{""dictionary"": ""structured-v1""}",3152,110,0.021717990275526743,0.0
6.776012965964344,0.5205834683954619,6.538688556794737,0.005560448366720149,brotli,"{""level"": 6}",2613,2.0300043364567086,0.001449299990781583,0.0,3.8333358803135207,0.0007674999942537397,0.03144246353322528,0.0,.ppm,3085,7.980726286389994,0.0,1.0,0.0,0.0,6,6.538688556794737,0.0,2,0.0,unknown,0.02106969205834684,0.00390625,image,0.0009724473257698541,0.07854251012145749,288.3125,0.40032414910858993,1.180635285112897,0.0,0.0,0.006482982171799027,image_ppm,3085,True,image,1.0,validation-image,results\final_project\lossy_validation_corpus\image_6.ppm,75f476be6d95390223b7e7bbd5ae05de737fd2318d012d4e5a8422021595d00b,3085,train,brotli|6|dictionary,0.5,dictionary,"{""dictionary"": ""structured-v1""}",3152,110,0.021717990275526743,0.0
8.028525121555916,0.5205834683954619,6.538688556794737,0.005560448366720149,deflate,"{""level"": 6, ""wrapper"": ""zlib""}",3096,20.940107530879835,0.00014050000754650682,0.0,5.790366614899156,0.0005080999981146306,0.03144246353322528,0.0,.ppm,3085,7.980726286389994,0.0,1.0,0.0,0.0,6,6.538688556794737,0.0,2,0.0,unknown,0.02106969205834684,0.00390625,image,0.0009724473257698541,0.07854251012145749,288.3125,0.40032414910858993,0.9964470284237726,0.0,0.0,0.006482982171799027,image_ppm,3085,True,image,1.0,validation-image,results\final_project\lossy_validation_corpus\image_6.ppm,75f476be6d95390223b7e7bbd5ae05de737fd2318d012d4e5a8422021595d00b,3085,train,deflate|6|delta,0.5,delta,{},3085,110,0.021717990275526743,0.0
7.904051863857374,0.5205834683954619,6.538688556794737,0.005560448366720149,lzma2,"{""container"": ""xz"", ""filter"": ""lzma2"", ""level"": 3}",3048,0.2126275777839744,0.013836799989803694,0.0,9.342919328645143,0.00031489999673794955,0.03144246353322528,0.0,.ppm,3085,7.980726286389994,0.0,1.0,0.0,0.0,3,6.538688556794737,0.0,2,0.0,unknown,0.02106969205834684,0.00390625,image,0.0009724473257698541,0.07854251012145749,288.3125,0.40032414910858993,1.0121391076115485,0.0,0.0,0.006482982171799027,image_ppm,3085,True,image,1.0,validation-image,results\final_project\lossy_validation_corpus\image_6.ppm,75f476be6d95390223b7e7bbd5ae05de737fd2318d012d4e5a8422021595d00b,3085,train,lzma2|3|byte-shuffle,0.5,byte-shuffle,"{""original_size"": 3085}",3085,110,0.021717990275526743,0.0
8.0,0.5031653274896518,7.292107224096664,0.0038737575600033725,raw,"{""level"": null}",16428,3481.5430445158745,4.5000051613897085e-06,0.0,5402.413656754614,2.8999929782003164e-06,0.07018504991477964,2.134037941817499,.wav,16428,7.689588766989642,1.0,1.0,0.0,0.0,,6.865813321607549,0.8481658240031434,4,0.948368241597662,wave,0.026235695154614075,0.00390625,audio,0.007365473581689798,0.1911472148541114,288.3125,0.36717798879961044,1.0,0.9486242999756513,0.9973216459702946,0.01582663744825907,audio_wav,16428,True,audio,1.0,sine-wave,generated deterministic PCM WAV,41b8b39910173c1ab34ac1e82c46f3696d5f7c579a629051c650b2f335ceb53f,16428,train,raw|default|identity,0.5,identity,{},16428,196,0.022400779157535914,0.008461163866569272
0.4212320428536645,0.5031653274896518,7.292107224096664,0.0038737575600033725,zstd,"{""level"": 1}",865,280.26763235148263,5.5900003644637764e-05,0.0,1233.6195302823187,1.2699994840659201e-05,0.07018504991477964,2.134037941817499,.wav,16428,7.689588766989642,1.0,1.0,0.0,0.0,1,6.865813321607549,0.8481658240031434,4,0.948368241597662,wave,0.026235695154614075,0.00390625,audio,0.007365473581689798,0.1911472148541114,288.3125,0.36717798879961044,18.991907514450865,0.9486242999756513,0.9973216459702946,0.01582663744825907,audio_wav,16428,True,audio,1.0,sine-wave,generated deterministic PCM WAV,41b8b39910173c1ab34ac1e82c46f3696d5f7c579a629051c650b2f335ceb53f,16428,train,zstd|1|identity,0.5,identity,{},16428,196,0.022400779157535914,0.008461163866569272
0.4212320428536645,0.5031653274896518,7.292107224096664,0.0038737575600033725,zstd,"{""level"": 3}",865,272.94358065335564,5.740000051446259e-05,0.0,1934.1954450646483,8.099988917820156e-06,0.07018504991477964,2.134037941817499,.wav,16428,7.689588766989642,1.0,1.0,0.0,0.0,3,6.865813321607549,0.8481658240031434,4,0.948368241597662,wave,0.026235695154614075,0.00390625,audio,0.007365473581689798,0.1911472148541114,288.3125,0.36717798879961044,18.991907514450865,0.9486242999756513,0.9973216459702946,0.01582663744825907,audio_wav,16428,True,audio,1.0,sine-wave,generated deterministic PCM WAV,41b8b39910173c1ab34ac1e82c46f3696d5f7c579a629051c650b2f335ceb53f,16428,train,zstd|3|identity,0.5,identity,{},16428,196,0.022400779157535914,0.008461163866569272
0.4212320428536645,0.5031653274896518,7.292107224096664,0.0038737575600033725,zstd,"{""level"": 9}",865,260.68159339861114,6.009999196976423e-05,0.0,2146.1599036782472,7.299997378140688e-06,0.07018504991477964,2.134037941817499,.wav,16428,7.689588766989642,1.0,1.0,0.0,0.0,9,6.865813321607549,0.8481658240031434,4,0.948368241597662,wave,0.026235695154614075,0.00390625,audio,0.007365473581689798,0.1911472148541114,288.3125,0.36717798879961044,18.991907514450865,0.9486242999756513,0.9973216459702946,0.01582663744825907,audio_wav,16428,True,audio,1.0,sine-wave,generated deterministic PCM WAV,41b8b39910173c1ab34ac1e82c46f3696d5f7c579a629051c650b2f335ceb53f,16428,train,zstd|9|identity,0.5,identity,{},16428,196,0.022400779157535914,0.008461163866569272
0.4514243973703433,0.5031653274896518,7.292107224096664,0.0038737575600033725,brotli,"{""level"": 1}",927,270.1200728900535,5.7999990531243384e-05,0.0,233.83524582419767,6.70000008540228e-05,0.07018504991477964,2.134037941817499,.wav,16428,7.689588766989642,1.0,1.0,0.0,0.0,1,6.865813321607549,0.8481658240031434,4,0.948368241597662,wave,0.026235695154614075,0.00390625,audio,0.007365473581689798,0.1911472148541114,288.3125,0.36717798879961044,17.72168284789644,0.9486242999756513,0.9973216459702946,0.01582663744825907,audio_wav,16428,True,audio,1.0,sine-wave,generated deterministic PCM WAV,41b8b39910173c1ab34ac1e82c46f3696d5f7c579a629051c650b2f335ceb53f,16428,train,brotli|1|identity,0.5,identity,{},16428,196,0.022400779157535914,0.008461163866569272
0.40857073289505724,0.5031653274896518,7.292107224096664,0.0038737575600033725,brotli,"{""level"": 6}",839,12.706376172512025,0.0012329999881330878,0.0,220.66142510795575,7.100000220816582e-05,0.07018504991477964,2.134037941817499,.wav,16428,7.689588766989642,1.0,1.0,0.0,0.0,6,6.865813321607549,0.8481658240031434,4,0.948368241597662,wave,0.026235695154614075,0.00390625,audio,0.007365473581689798,0.1911472148541114,288.3125,0.36717798879961044,19.580452920143028,0.9486242999756513,0.9973216459702946,0.01582663744825907,audio_wav,16428,True,audio,1.0,sine-wave,generated deterministic PCM WAV,41b8b39910173c1ab34ac1e82c46f3696d5f7c579a629051c650b2f335ceb53f,16428,train,brotli|6|identity,0.5,identity,{},16428,196,0.022400779157535914,0.008461163866569272
0.4124665205746287,0.5031653274896518,7.292107224096664,0.0038737575600033725,brotli,"{""level"": 9}",847,6.235358470238915,0.0025125999964075163,0.0,258.1048198247441,6.0699996538460255e-05,0.07018504991477964,2.134037941817499,.wav,16428,7.689588766989642,1.0,1.0,0.0,0.0,9,6.865813321607549,0.8481658240031434,4,0.948368241597662,wave,0.026235695154614075,0.00390625,audio,0.007365473581689798,0.1911472148541114,288.3125,0.36717798879961044,19.39551357733176,0.9486242999756513,0.9973216459702946,0.01582663744825907,audio_wav,16428,True,audio,1.0,sine-wave,generated deterministic PCM WAV,41b8b39910173c1ab34ac1e82c46f3696d5f7c579a629051c650b2f335ceb53f,16428,train,brotli|9|identity,0.5,identity,{},16428,196,0.022400779157535914,0.008461163866569272
0.5269052836620404,0.5031653274896518,7.292107224096664,0.0038737575600033725,deflate,"{""level"": 1, ""wrapper"": ""zlib""}",1082,306.59418464416865,5.1099996198900044e-05,0.0,715.3866345594157,2.1899992134422064e-05,0.07018504991477964,2.134037941817499,.wav,16428,7.689588766989642,1.0,1.0,0.0,0.0,1,6.865813321607549,0.8481658240031434,4,0.948368241597662,wave,0.026235695154614075,0.00390625,audio,0.007365473581689798,0.1911472148541114,288.3125,0.36717798879961044,15.182994454713494,0.9486242999756513,0.9973216459702946,0.01582663744825907,audio_wav,16428,True,audio,1.0,sine-wave,generated deterministic PCM WAV,41b8b39910173c1ab34ac1e82c46f3696d5f7c579a629051c650b2f335ceb53f,16428,train,deflate|1|identity,0.5,identity,{},16428,196,0.022400779157535914,0.008461163866569272
0.48161675188702213,0.5031653274896518,7.292107224096664,0.0038737575600033725,deflate,"{""level"": 6, ""wrapper"": ""zlib""}",989,111.35011130094217,0.0001407000090694055,0.0,647.395241522756,2.4199995095841587e-05,0.07018504991477964,2.134037941817499,.wav,16428,7.689588766989642,1.0,1.0,0.0,0.0,6,6.865813321607549,0.8481658240031434,4,0.948368241597662,wave,0.026235695154614075,0.00390625,audio,0.007365473581689798,0.1911472148541114,288.3125,0.36717798879961044,16.61071789686552,0.9486242999756513,0.9973216459702946,0.01582663744825907,audio_wav,16428,True,audio,1.0,sine-wave,generated deterministic PCM WAV,41b8b39910173c1ab34ac1e82c46f3696d5f7c579a629051c650b2f335ceb53f,16428,train,deflate|6|identity,0.5,identity,{},16428,196,0.022400779157535914,0.008461163866569272
0.4821037253469686,0.5031653274896518,7.292107224096664,0.0038737575600033725,deflate,"{""level"": 9, ""wrapper"": ""zlib""}",990,120.32996500834444,0.00013020000187680125,0.0,690.174576840529,2.269999822601676e-05,0.07018504991477964,2.134037941817499,.wav,16428,7.689588766989642,1.0,1.0,0.0,0.0,9,6.865813321607549,0.8481658240031434,4,0.948368241597662,wave,0.026235695154614075,0.00390625,audio,0.007365473581689798,0.1911472148541114,288.3125,0.36717798879961044,16.593939393939394,0.9486242999756513,0.9973216459702946,0.01582663744825907,audio_wav,16428,True,audio,1.0,sine-wave,generated deterministic PCM WAV,41b8b39910173c1ab34ac1e82c46f3696d5f7c579a629051c650b2f335ceb53f,16428,train,deflate|9|identity,0.5,identity,{},16428,196,0.022400779157535914,0.008461163866569272
0.45191137083028976,0.5031653274896518,7.292107224096664,0.0038737575600033725,lzma2,"{""container"": ""xz"", ""filter"": ""lzma2"", ""level"": 0}",928,31.523061652687655,0.0004970000009052455,0.0,106.50551810407637,0.00014709999959450215,0.07018504991477964,2.134037941817499,.wav,16428,7.689588766989642,1.0,1.0,0.0,0.0,0,6.865813321607549,0.8481658240031434,4,0.948368241597662,wave,0.026235695154614075,0.00390625,audio,0.007365473581689798,0.1911472148541114,288.3125,0.36717798879961044,17.70258620689655,0.9486242999756513,0.9973216459702946,0.01582663744825907,audio_wav,16428,True,audio,1.0,sine-wave,generated deterministic PCM WAV,41b8b39910173c1ab34ac1e82c46f3696d5f7c579a629051c650b2f335ceb53f,16428,train,lzma2|0|identity,0.5,identity,{},16428,196,0.022400779157535914,0.008461163866569272
0.45191137083028976,0.5031653274896518,7.292107224096664,0.0038737575600033725,lzma2,"{""container"": ""xz"", ""filter"": ""lzma2"", ""level"": 3}",928,4.087815488822984,0.003832600006717257,0.0,43.75024135007312,0.0003581000055419281,0.07018504991477964,2.134037941817499,.wav,16428,7.689588766989642,1.0,1.0,0.0,0.0,3,6.865813321607549,0.8481658240031434,4,0.948368241597662,wave,0.026235695154614075,0.00390625,audio,0.007365473581689798,0.1911472148541114,288.3125,0.36717798879961044,17.70258620689655,0.9486242999756513,0.9973216459702946,0.01582663744825907,audio_wav,16428,True,audio,1.0,sine-wave,generated deterministic PCM WAV,41b8b39910173c1ab34ac1e82c46f3696d5f7c579a629051c650b2f335ceb53f,16428,train,lzma2|3|identity,0.5,identity,{},16428,196,0.022400779157535914,0.008461163866569272
0.4558071585098612,0.5031653274896518,7.292107224096664,0.0038737575600033725,lzma2,"{""container"": ""xz"", ""filter"": ""lzma2"", ""level"": 6}",936,2.3804545581860768,0.0065814999979920685,0.0,83.06978175368933,0.0001886000100057572,0.07018504991477964,2.134037941817499,.wav,16428,7.689588766989642,1.0,1.0,0.0,0.0,6,6.865813321607549,0.8481658240031434,4,0.948368241597662,wave,0.026235695154614075,0.00390625,audio,0.007365473581689798,0.1911472148541114,288.44140625,0.36717798879961044,17.55128205128205,0.9486242999756513,0.9973216459702946,0.01582663744825907,audio_wav,16428,True,audio,1.0,sine-wave,generated deterministic PCM WAV,41b8b39910173c1ab34ac1e82c46f3696d5f7c579a629051c650b2f335ceb53f,16428,train,lzma2|6|identity,0.5,identity,{},16428,196,0.022400779157535914,0.008461163866569272
0.8083759435110787,0.5031653274896518,7.292107224096664,0.0038737575600033725,bzip2,"{""level"": 1}",1660,2.917497518248088,0.0053699999989476055,0.0,42.527040749115535,0.00036839999665971845,0.07018504991477964,2.134037941817499,.wav,16428,7.689588766989642,1.0,1.0,0.0,0.0,1,6.865813321607549,0.8481658240031434,4,0.948368241597662,wave,0.026235695154614075,0.00390625,audio,0.007365473581689798,0.1911472148541114,288.44140625,0.36717798879961044,9.896385542168675,0.9486242999756513,0.9973216459702946,0.01582663744825907,audio_wav,16428,True,audio,1.0,sine-wave,generated deterministic PCM WAV,41b8b39910173c1ab34ac1e82c46f3696d5f7c579a629051c650b2f335ceb53f,16428,train,bzip2|1|identity,0.5,identity,{},16428,196,0.022400779157535914,0.008461163866569272
0.8083759435110787,0.5031653274896518,7.292107224096664,0.0038737575600033725,bzip2,"{""level"": 9}",1660,2.9449729580260033,0.005319900010363199,0.0,32.43005857514734,0.0004831000114791095,0.07018504991477964,2.134037941817499,.wav,16428,7.689588766989642,1.0,1.0,0.0,0.0,9,6.865813321607549,0.8481658240031434,4,0.948368241597662,wave,0.026235695154614075,0.00390625,audio,0.007365473581689798,0.1911472148541114,288.44140625,0.36717798879961044,9.896385542168675,0.9486242999756513,0.9973216459702946,0.01582663744825907,audio_wav,16428,True,audio,1.0,sine-wave,generated deterministic PCM WAV,41b8b39910173c1ab34ac1e82c46f3696d5f7c579a629051c650b2f335ceb53f,16428,train,bzip2|9|identity,0.5,identity,{},16428,196,0.022400779157535914,0.008461163866569272
7.359142926710494,0.5031653274896518,7.292107224096664,0.0038737575600033725,xai-static,"{""coder"": ""adaptive-arithmetic32-v1"", ""level"": null, ""original_size"": 16428}",15112,0.007682434945020114,2.0393223999999464,0.0,0.008629312729467884,1.815551499996218,0.07018504991477964,2.134037941817499,.wav,16428,7.689588766989642,1.0,1.0,0.0,0.0,,6.865813321607549,0.8481658240031434,4,0.948368241597662,wave,0.026235695154614075,0.00390625,audio,0.007365473581689798,0.1911472148541114,288.44140625,0.36717798879961044,1.0870831127580731,0.9486242999756513,0.9973216459702946,0.01582663744825907,audio_wav,16428,True,audio,1.0,sine-wave,generated deterministic PCM WAV,41b8b39910173c1ab34ac1e82c46f3696d5f7c579a629051c650b2f335ceb53f,16428,train,xai-static|default|identity,0.5,identity,{},16428,196,0.022400779157535914,0.008461163866569272
0.5186267348429511,0.5031653274896518,7.292107224096664,0.0038737575600033725,zstd,"{""level"": 3}",1065,160.35784424923065,9.770000178832561e-05,0.0,2.331046224484591,0.006720999997924082,0.07018504991477964,2.134037941817499,.wav,16428,7.689588766989642,1.0,1.0,0.0,0.0,3,6.865813321607549,0.8481658240031434,4,0.948368241597662,wave,0.026235695154614075,0.00390625,audio,0.007365473581689798,0.1911472148541114,288.44140625,0.36717798879961044,15.425352112676057,0.9486242999756513,0.9973216459702946,0.01582663744825907,audio_wav,16428,True,audio,1.0,sine-wave,generated deterministic PCM WAV,41b8b39910173c1ab34ac1e82c46f3696d5f7c579a629051c650b2f335ceb53f,16428,train,zstd|3|rle,0.5,rle,{},32592,196,0.022400779157535914,0.008461163866569272
0.4217190163136109,0.5031653274896518,7.292107224096664,0.0038737575600033725,zstd,"{""level"": 3}",866,364.34788411804243,4.300000728107989e-05,0.0,9.309502480228648,0.0016828999941935763,0.07018504991477964,2.134037941817499,.wav,16428,7.689588766989642,1.0,1.0,0.0,0.0,3,6.865813321607549,0.8481658240031434,4,0.948368241597662,wave,0.026235695154614075,0.00390625,audio,0.007365473581689798,0.1911472148541114,288.44140625,0.36717798879961044,18.96997690531178,0.9486242999756513,0.9973216459702946,0.01582663744825907,audio_wav,16428,True,audio,1.0,sine-wave,generated deterministic PCM WAV,41b8b39910173c1ab34ac1e82c46f3696d5f7c579a629051c650b2f335ceb53f,16428,train,zstd|3|delta,0.5,delta,{},16428,196,0.022400779157535914,0.008461163866569272
0.3939615290966642,0.5031653274896518,7.292107224096664,0.0038737575600033725,zstd,"{""level"": 3}",809,423.4313364044425,3.700000524986535e-05,0.0,513.6706392581866,3.050001396331936e-05,0.07018504991477964,2.134037941817499,.wav,16428,7.689588766989642,1.0,1.0,0.0,0.0,3,6.865813321607549,0.8481658240031434,4,0.948368241597662,wave,0.026235695154614075,0.00390625,audio,0.007365473581689798,0.1911472148541114,288.44140625,0.36717798879961044,20.30655129789864,0.9486242999756513,0.9973216459702946,0.01582663744825907,audio_wav,16428,True,audio,1.0,sine-wave,generated deterministic PCM WAV,41b8b39910173c1ab34ac1e82c46f3696d5f7c579a629051c650b2f335ceb53f,16428,train,zstd|3|byte-shuffle,0.5,byte-shuffle,"{""original_size"": 16428}",16428,196,0.022400779157535914,0.008461163866569272
0.42366691015339664,0.5031653274896518,7.292107224096664,0.0038737575600033725,zstd,"{""level"": 3}",870,244.41434859528633,6.410000787582248e-05,0.0,7.009199001769348,0.002235200008726679,0.07018504991477964,2.134037941817499,.wav,16428,7.689588766989642,1.0,1.0,0.0,0.0,3,6.865813321607549,0.8481658240031434,4,0.948368241597662,wave,0.026235695154614075,0.00390625,audio,0.007365473581689798,0.1911472148541114,288.44140625,0.36717798879961044,18.882758620689657,0.9486242999756513,0.9973216459702946,0.01582663744825907,audio_wav,16428,True,audio,1.0,sine-wave,generated deterministic PCM WAV,41b8b39910173c1ab34ac1e82c46f3696d5f7c579a629051c650b2f335ceb53f,16428,train,zstd|3|zero-run,0.5,zero-run,{},16469,196,0.022400779157535914,0.008461163866569272
0.42707572437302166,0.5031653274896518,7.292107224096664,0.0038737575600033725,zstd,"{""level"": 3}",877,187.85323644853045,8.340000931639224e-05,0.0,5.191861635012128,0.003017600000021048,0.07018504991477964,2.134037941817499,.wav,16428,7.689588766989642,1.0,1.0,0.0,0.0,3,6.865813321607549,0.8481658240031434,4,0.948368241597662,wave,0.026235695154614075,0.00390625,audio,0.007365473581689798,0.1911472148541114,288.44140625,0.36717798879961044,18.732041049030787,0.9486242999756513,0.9973216459702946,0.01582663744825907,audio_wav,16428,True,audio,1.0,sine-wave,generated deterministic PCM WAV,41b8b39910173c1ab34ac1e82c46f3696d5f7c579a629051c650b2f335ceb53f,16428,train,zstd|3|dictionary,0.5,dictionary,"{""dictionary"": ""structured-v1""}",16673,196,0.022400779157535914,0.008461163866569272
0.4158753347942537,0.5031653274896518,7.292107224096664,0.0038737575600033725,brotli,"{""level"": 6}",854,15.089050951506469,0.0010383000044384971,0.0,5.025005336550144,0.0031178000062936917,0.07018504991477964,2.134037941817499,.wav,16428,7.689588766989642,1.0,1.0,0.0,0.0,6,6.865813321607549,0.8481658240031434,4,0.948368241597662,wave,0.026235695154614075,0.00390625,audio,0.007365473581689798,0.1911472148541114,288.44140625,0.36717798879961044,19.236533957845435,0.9486242999756513,0.9973216459702946,0.01582663744825907,audio_wav,16428,True,audio,1.0,sine-wave,generated deterministic PCM WAV,41b8b39910173c1ab34ac1e82c46f3696d5f7c579a629051c650b2f335ceb53f,16428,train,brotli|6|dictionary,0.5,dictionary,"{""dictionary"": ""structured-v1""}",16673,196,0.022400779157535914,0.008461163866569272
0.4991477964450937,0.5031653274896518,7.292107224096664,0.0038737575600033725,deflate,"{""level"": 6, ""wrapper"": ""zlib""}",1025,94.49312803841424,0.00016580001101829112,0.0,6.5604294677763,0.002388100008829497,0.07018504991477964,2.134037941817499,.wav,16428,7.689588766989642,1.0,1.0,0.0,0.0,6,6.865813321607549,0.8481658240031434,4,0.948368241597662,wave,0.026235695154614075,0.00390625,audio,0.007365473581689798,0.1911472148541114,288.44140625,0.36717798879961044,16.02731707317073,0.9486242999756513,0.9973216459702946,0.01582663744825907,audio_wav,16428,True,audio,1.0,sine-wave,generated deterministic PCM WAV,41b8b39910173c1ab34ac1e82c46f3696d5f7c579a629051c650b2f335ceb53f,16428,train,deflate|6|delta,0.5,delta,{},16428,196,0.022400779157535914,0.008461163866569272
0.4246408570732895,0.5031653274896518,7.292107224096664,0.0038737575600033725,lzma2,"{""container"": ""xz"", ""filter"": ""lzma2"", ""level"": 3}",872,4.961039173004795,0.00315799999225419,0.0,69.66190303338529,0.00022489999537356198,0.07018504991477964,2.134037941817499,.wav,16428,7.689588766989642,1.0,1.0,0.0,0.0,3,6.865813321607549,0.8481658240031434,4,0.948368241597662,wave,0.026235695154614075,0.00390625,audio,0.007365473581689798,0.1911472148541114,288.44140625,0.36717798879961044,18.839449541284402,0.9486242999756513,0.9973216459702946,0.01582663744825907,audio_wav,16428,True,audio,1.0,sine-wave,generated deterministic PCM WAV,41b8b39910173c1ab34ac1e82c46f3696d5f7c579a629051c650b2f335ceb53f,16428,train,lzma2|3|byte-shuffle,0.5,byte-shuffle,"{""original_size"": 16428}",16428,196,0.022400779157535914,0.008461163866569272
8.0,0.5007781982421875,7.9964435481992835,0.0002756762181983529,raw,"{""level"": null}",65536,15243.894573203193,4.1000021155923605e-06,0.0,22321.490619185715,2.7999922167509794e-06,0.03948974609375,0.1236581338486582,.mp4,65536,7.996657339510094,1.0,1.0,0.0,0.0,,7.946830597081058,0.028397465351188807,3,0.0,iso-media,0.0049285888671875,0.00390625,video,0.003509521484375,0.10265767552558508,288.44140625,0.384674072265625,1.0,0.00018310546875,0.0003662109375,0.0084686279296875,video_mp4_fragment,65536,True,video,1.0,ff-c23-video,C:\Users\ss\Desktop\XAI\XAI\engines\XAI-Compress\data\test\archive (1)\FaceForensics++_C23\DeepFakeDetection\01_02__meeting_serious__YVGY8LOK.mp4,73801be8d11f3af8117c44605fe66beac9ffd110ee8d5688bc5e4f60b9e49eb7,65536,train,raw|default|identity,0.5,identity,{},65536,256,0.016357421875,0.0043792724609375
8.001220703125,0.5007781982421875,7.9964435481992835,0.0002756762181983529,zstd,"{""level"": 1}",65546,605.6201549666166,0.00010320000001229346,0.0,4844.962606079544,1.2899996363557875e-05,0.03948974609375,0.1236581338486582,.mp4,65536,7.996657339510094,1.0,1.0,0.0,0.0,1,7.946830597081058,0.028397465351188807,3,0.0,iso-media,0.0049285888671875,0.00390625,video,0.003509521484375,0.10265767552558508,288.44140625,0.384674072265625,0.9998474353888872,0.00018310546875,0.0003662109375,0.0084686279296875,video_mp4_fragment,65536,True,video,1.0,ff-c23-video,C:\Users\ss\Desktop\XAI\XAI\engines\XAI-Compress\data\test\archive (1)\FaceForensics++_C23\DeepFakeDetection\01_02__meeting_serious__YVGY8LOK.mp4,73801be8d11f3af8117c44605fe66beac9ffd110ee8d5688bc5e4f60b9e49eb7,65536,train,zstd|1|identity,0.5,identity,{},65536,256,0.016357421875,0.0043792724609375
8.001220703125,0.5007781982421875,7.9964435481992835,0.0002756762181983529,zstd,"{""level"": 3}",65546,532.8217993386509,0.00011730000551324338,0.0,7022.475847894794,8.899995009414852e-06,0.03948974609375,0.1236581338486582,.mp4,65536,7.996657339510094,1.0,1.0,0.0,0.0,3,7.946830597081058,0.028397465351188807,3,0.0,iso-media,0.0049285888671875,0.00390625,video,0.003509521484375,0.10265767552558508,288.44140625,0.384674072265625,0.9998474353888872,0.00018310546875,0.0003662109375,0.0084686279296875,video_mp4_fragment,65536,True,video,1.0,ff-c23-video,C:\Users\ss\Desktop\XAI\XAI\engines\XAI-Compress\data\test\archive (1)\FaceForensics++_C23\DeepFakeDetection\01_02__meeting_serious__YVGY8LOK.mp4,73801be8d11f3af8117c44605fe66beac9ffd110ee8d5688bc5e4f60b9e49eb7,65536,train,zstd|3|identity,0.5,identity,{},65536,256,0.016357421875,0.0043792724609375
8.001220703125,0.5007781982421875,7.9964435481992835,0.0002756762181983529,zstd,"{""level"": 9}",65546,105.59216156495708,0.0005918999959249049,0.0,5434.782488099065,1.1500000255182385e-05,0.03948974609375,0.1236581338486582,.mp4,65536,7.996657339510094,1.0,1.0,0.0,0.0,9,7.946830597081058,0.028397465351188807,3,0.0,iso-media,0.0049285888671875,0.00390625,video,0.003509521484375,0.10265767552558508,288.44140625,0.384674072265625,0.9998474353888872,0.00018310546875,0.0003662109375,0.0084686279296875,video_mp4_fragment,65536,True,video,1.0,ff-c23-video,C:\Users\ss\Desktop\XAI\XAI\engines\XAI-Compress\data\test\archive (1)\FaceForensics++_C23\DeepFakeDetection\01_02__meeting_serious__YVGY8LOK.mp4,73801be8d11f3af8117c44605fe66beac9ffd110ee8d5688bc5e4f60b9e49eb7,65536,train,zstd|9|identity,0.5,identity,{},65536,256,0.016357421875,0.0043792724609375
8.00048828125,0.5007781982421875,7.9964435481992835,0.0002756762181983529,brotli,"{""level"": 1}",65540,923.1904621984481,6.770000618416816e-05,0.0,2990.4307548127504,2.0899999071843922e-05,0.03948974609375,0.1236581338486582,.mp4,65536,7.996657339510094,1.0,1.0,0.0,0.0,1,7.946830597081058,0.028397465351188807,3,0.0,iso-media,0.0049285888671875,0.00390625,video,0.003509521484375,0.10265767552558508,288.44140625,0.384674072265625,0.9999389685688129,0.00018310546875,0.0003662109375,0.0084686279296875,video_mp4_fragment,65536,True,video,1.0,ff-c23-video,C:\Users\ss\Desktop\XAI\XAI\engines\XAI-Compress\data\test\archive (1)\FaceForensics++_C23\DeepFakeDetection\01_02__meeting_serious__YVGY8LOK.mp4,73801be8d11f3af8117c44605fe66beac9ffd110ee8d5688bc5e4f60b9e49eb7,65536,train,brotli|1|identity,0.5,identity,{},65536,256,0.016357421875,0.0043792724609375
8.00048828125,0.5007781982421875,7.9964435481992835,0.0002756762181983529,brotli,"{""level"": 6}",65540,32.678029957969954,0.001912599997012876,0.0,2670.9414260261747,2.339998900424689e-05,0.03948974609375,0.1236581338486582,.mp4,65536,7.996657339510094,1.0,1.0,0.0,0.0,6,7.946830597081058,0.028397465351188807,3,0.0,iso-media,0.0049285888671875,0.00390625,video,0.003509521484375,0.10265767552558508,288.44140625,0.384674072265625,0.9999389685688129,0.00018310546875,0.0003662109375,0.0084686279296875,video_mp4_fragment,65536,True,video,1.0,ff-c23-video,C:\Users\ss\Desktop\XAI\XAI\engines\XAI-Compress\data\test\archive (1)\FaceForensics++_C23\DeepFakeDetection\01_02__meeting_serious__YVGY8LOK.mp4,73801be8d11f3af8117c44605fe66beac9ffd110ee8d5688bc5e4f60b9e49eb7,65536,train,brotli|6|identity,0.5,identity,{},65536,256,0.016357421875,0.0043792724609375
8.00048828125,0.5007781982421875,7.9964435481992835,0.0002756762181983529,brotli,"{""level"": 9}",65540,3.6687877147735573,0.01703560000169091,0.0,1775.5686083694202,3.519999154377729e-05,0.03948974609375,0.1236581338486582,.mp4,65536,7.996657339510094,1.0,1.0,0.0,0.0,9,7.946830597081058,0.028397465351188807,3,0.0,iso-media,0.0049285888671875,0.00390625,video,0.003509521484375,0.10265767552558508,302.03125,0.384674072265625,0.9999389685688129,0.00018310546875,0.0003662109375,0.0084686279296875,video_mp4_fragment,65536,True,video,1.0,ff-c23-video,C:\Users\ss\Desktop\XAI\XAI\engines\XAI-Compress\data\test\archive (1)\FaceForensics++_C23\DeepFakeDetection\01_02__meeting_serious__YVGY8LOK.mp4,73801be8d11f3af8117c44605fe66beac9ffd110ee8d5688bc5e4f60b9e49eb7,65536,train,brotli|9|identity,0.5,identity,{},65536,256,0.016357421875,0.0043792724609375
8.428955078125,0.5007781982421875,7.9964435481992835,0.0002756762181983529,deflate,"{""level"": 1, ""wrapper"": ""zlib""}",69050,59.3655016080986,0.0010527999984333292,0.0,215.51724412012294,0.0002899999963119626,0.03948974609375,0.1236581338486582,.mp4,65536,7.996657339510094,1.0,1.0,0.0,0.0,1,7.946830597081058,0.028397465351188807,3,0.0,iso-media,0.0049285888671875,0.00390625,video,0.003509521484375,0.10265767552558508,302.03125,0.384674072265625,0.9491093410572049,0.00018310546875,0.0003662109375,0.0084686279296875,video_mp4_fragment,65536,True,video,1.0,ff-c23-video,C:\Users\ss\Desktop\XAI\XAI\engines\XAI-Compress\data\test\archive (1)\FaceForensics++_C23\DeepFakeDetection\01_02__meeting_serious__YVGY8LOK.mp4,73801be8d11f3af8117c44605fe66beac9ffd110ee8d5688bc5e4f60b9e49eb7,65536,train,deflate|1|identity,0.5,identity,{},65536,256,0.016357421875,0.0043792724609375
8.0003662109375,0.5007781982421875,7.9964435481992835,0.0002756762181983529,deflate,"{""level"": 6, ""wrapper"": ""zlib""}",65539,25.161030627094988,0.0024839999969117343,0.0,408.22991075332345,0.00015310000162571669,0.03948974609375,0.1236581338486582,.mp4,65536,7.996657339510094,1.0,1.0,0.0,0.0,6,7.946830597081058,0.028397465351188807,3,0.0,iso-media,0.0049285888671875,0.00390625,video,0.003509521484375,0.10265767552558508,302.03125,0.384674072265625,0.9999542257281924,0.00018310546875,0.0003662109375,0.0084686279296875,video_mp4_fragment,65536,True,video,1.0,ff-c23-video,C:\Users\ss\Desktop\XAI\XAI\engines\XAI-Compress\data\test\archive (1)\FaceForensics++_C23\DeepFakeDetection\01_02__meeting_serious__YVGY8LOK.mp4,73801be8d11f3af8117c44605fe66beac9ffd110ee8d5688bc5e4f60b9e49eb7,65536,train,deflate|6|identity,0.5,identity,{},65536,256,0.016357421875,0.0043792724609375
7.9970703125,0.5007781982421875,7.9964435481992835,0.0002756762181983529,deflate,"{""level"": 9, ""wrapper"": ""zlib""}",65512,32.65071579504353,0.0019141999946441501,0.0,643.6663418087627,9.709999721962959e-05,0.03948974609375,0.1236581338486582,.mp4,65536,7.996657339510094,1.0,1.0,0.0,0.0,9,7.946830597081058,0.028397465351188807,3,0.0,iso-media,0.0049285888671875,0.00390625,video,0.003509521484375,0.10265767552558508,302.03125,0.384674072265625,1.0003663450970814,0.00018310546875,0.0003662109375,0.0084686279296875,video_mp4_fragment,65536,True,video,1.0,ff-c23-video,C:\Users\ss\Desktop\XAI\XAI\engines\XAI-Compress\data\test\archive (1)\FaceForensics++_C23\DeepFakeDetection\01_02__meeting_serious__YVGY8LOK.mp4,73801be8d11f3af8117c44605fe66beac9ffd110ee8d5688bc5e4f60b9e49eb7,65536,train,deflate|9|identity,0.5,identity,{},65536,256,0.016357421875,0.0043792724609375
8.0078125,0.5007781982421875,7.9964435481992835,0.0002756762181983529,lzma2,"{""container"": ""xz"", ""filter"": ""lzma2"", ""level"": 0}",65600,5.508063809108256,0.011346999992383644,0.0,478.56052533086387,0.00013059999037068337,0.03948974609375,0.1236581338486582,.mp4,65536,7.996657339510094,1.0,1.0,0.0,0.0,0,7.946830597081058,0.028397465351188807,3,0.0,iso-media,0.0049285888671875,0.00390625,video,0.003509521484375,0.10265767552558508,302.03125,0.384674072265625,0.9990243902439024,0.00018310546875,0.0003662109375,0.0084686279296875,video_mp4_fragment,65536,True,video,1.0,ff-c23-video,C:\Users\ss\Desktop\XAI\XAI\engines\XAI-Compress\data\test\archive (1)\FaceForensics++_C23\DeepFakeDetection\01_02__meeting_serious__YVGY8LOK.mp4,73801be8d11f3af8117c44605fe66beac9ffd110ee8d5688bc5e4f60b9e49eb7,65536,train,lzma2|0|identity,0.5,identity,{},65536,256,0.016357421875,0.0043792724609375
8.0078125,0.5007781982421875,7.9964435481992835,0.0002756762181983529,lzma2,"{""container"": ""xz"", ""filter"": ""lzma2"", ""level"": 3}",65600,3.2251905438309194,0.019378700002562255,0.0,243.95003819735737,0.0002562000008765608,0.03948974609375,0.1236581338486582,.mp4,65536,7.996657339510094,1.0,1.0,0.0,0.0,3,7.946830597081058,0.028397465351188807,3,0.0,iso-media,0.0049285888671875,0.00390625,video,0.003509521484375,0.10265767552558508,302.03125,0.384674072265625,0.9990243902439024,0.00018310546875,0.0003662109375,0.0084686279296875,video_mp4_fragment,65536,True,video,1.0,ff-c23-video,C:\Users\ss\Desktop\XAI\XAI\engines\XAI-Compress\data\test\archive (1)\FaceForensics++_C23\DeepFakeDetection\01_02__meeting_serious__YVGY8LOK.mp4,73801be8d11f3af8117c44605fe66beac9ffd110ee8d5688bc5e4f60b9e49eb7,65536,train,lzma2|3|identity,0.5,identity,{},65536,256,0.016357421875,0.0043792724609375
8.0078125,0.5007781982421875,7.9964435481992835,0.0002756762181983529,lzma2,"{""container"": ""xz"", ""filter"": ""lzma2"", ""level"": 6}",65600,2.98185600328734,0.02096009999513626,0.0,337.65532526596945,0.00018509999790694565,0.03948974609375,0.1236581338486582,.mp4,65536,7.996657339510094,1.0,1.0,0.0,0.0,6,7.946830597081058,0.028397465351188807,3,0.0,iso-media,0.0049285888671875,0.00390625,video,0.003509521484375,0.10265767552558508,302.03125,0.384674072265625,0.9990243902439024,0.00018310546875,0.0003662109375,0.0084686279296875,video_mp4_fragment,65536,True,video,1.0,ff-c23-video,C:\Users\ss\Desktop\XAI\XAI\engines\XAI-Compress\data\test\archive (1)\FaceForensics++_C23\DeepFakeDetection\01_02__meeting_serious__YVGY8LOK.mp4,73801be8d11f3af8117c44605fe66beac9ffd110ee8d5688bc5e4f60b9e49eb7,65536,train,lzma2|6|identity,0.5,identity,{},65536,256,0.016357421875,0.0043792724609375
8.072265625,0.5007781982421875,7.9964435481992835,0.0002756762181983529,bzip2,"{""level"": 1}",66128,5.089783783449725,0.012279500006115995,0.0,14.476305176844683,0.004317400002037175,0.03948974609375,0.1236581338486582,.mp4,65536,7.996657339510094,1.0,1.0,0.0,0.0,1,7.946830597081058,0.028397465351188807,3,0.0,iso-media,0.0049285888671875,0.00390625,video,0.003509521484375,0.10265767552558508,302.03125,0.384674072265625,0.991047665134285,0.00018310546875,0.0003662109375,0.0084686279296875,video_mp4_fragment,65536,True,video,1.0,ff-c23-video,C:\Users\ss\Desktop\XAI\XAI\engines\XAI-Compress\data\test\archive (1)\FaceForensics++_C23\DeepFakeDetection\01_02__meeting_serious__YVGY8LOK.mp4,73801be8d11f3af8117c44605fe66beac9ffd110ee8d5688bc5e4f60b9e49eb7,65536,train,bzip2|1|identity,0.5,identity,{},65536,256,0.016357421875,0.0043792724609375
8.072265625,0.5007781982421875,7.9964435481992835,0.0002756762181983529,bzip2,"{""level"": 9}",66128,4.755744941280293,0.013141999996150844,0.0,14.13515466423883,0.004421600009663962,0.03948974609375,0.1236581338486582,.mp4,65536,7.996657339510094,1.0,1.0,0.0,0.0,9,7.946830597081058,0.028397465351188807,3,0.0,iso-media,0.0049285888671875,0.00390625,video,0.003509521484375,0.10265767552558508,302.03125,0.384674072265625,0.991047665134285,0.00018310546875,0.0003662109375,0.0084686279296875,video_mp4_fragment,65536,True,video,1.0,ff-c23-video,C:\Users\ss\Desktop\XAI\XAI\engines\XAI-Compress\data\test\archive (1)\FaceForensics++_C23\DeepFakeDetection\01_02__meeting_serious__YVGY8LOK.mp4,73801be8d11f3af8117c44605fe66beac9ffd110ee8d5688bc5e4f60b9e49eb7,65536,train,bzip2|9|identity,0.5,identity,{},65536,256,0.016357421875,0.0043792724609375
8.0130615234375,0.5007781982421875,7.9964435481992835,0.0002756762181983529,xai-static,"{""coder"": ""adaptive-arithmetic32-v1"", ""level"": null, ""original_size"": 65536}",65643,0.009450273793343233,6.613564999992377,0.0,0.00972683226518841,6.425524599995697,0.03948974609375,0.1236581338486582,.mp4,65536,7.996657339510094,1.0,1.0,0.0,0.0,,7.946830597081058,0.028397465351188807,3,0.0,iso-media,0.0049285888671875,0.00390625,video,0.003509521484375,0.10265767552558508,302.03125,0.384674072265625,0.9983699709032189,0.00018310546875,0.0003662109375,0.0084686279296875,video_mp4_fragment,65536,True,video,1.0,ff-c23-video,C:\Users\ss\Desktop\XAI\XAI\engines\XAI-Compress\data\test\archive (1)\FaceForensics++_C23\DeepFakeDetection\01_02__meeting_serious__YVGY8LOK.mp4,73801be8d11f3af8117c44605fe66beac9ffd110ee8d5688bc5e4f60b9e49eb7,65536,train,xai-static|default|identity,0.5,identity,{},65536,256,0.016357421875,0.0043792724609375
9.82080078125,0.5007781982421875,7.9964435481992835,0.0002756762181983529,zstd,"{""level"": 3}",80452,29.457510444601645,0.0021217000030446798,0.0,2.1447592386228895,0.02914079999027308,0.03948974609375,0.1236581338486582,.mp4,65536,7.996657339510094,1.0,1.0,0.0,0.0,3,7.946830597081058,0.028397465351188807,3,0.0,iso-media,0.0049285888671875,0.00390625,video,0.003509521484375,0.10265767552558508,302.03125,0.384674072265625,0.8145975239894595,0.00018310546875,0.0003662109375,0.0084686279296875,video_mp4_fragment,65536,True,video,1.0,ff-c23-video,C:\Users\ss\Desktop\XAI\XAI\engines\XAI-Compress\data\test\archive (1)\FaceForensics++_C23\DeepFakeDetection\01_02__meeting_serious__YVGY8LOK.mp4,73801be8d11f3af8117c44605fe66beac9ffd110ee8d5688bc5e4f60b9e49eb7,65536,train,zstd|3|rle,0.5,rle,{},130512,256,0.016357421875,0.0043792724609375
8.001220703125,0.5007781982421875,7.9964435481992835,0.0002756762181983529,zstd,"{""level"": 3}",65546,567.6657125316299,0.00011010000889655203,0.0,7.940238577016476,0.007871300011174753,0.03948974609375,0.1236581338486582,.mp4,65536,7.996657339510094,1.0,1.0,0.0,0.0,3,7.946830597081058,0.028397465351188807,3,0.0,iso-media,0.0049285888671875,0.00390625,video,0.003509521484375,0.10265767552558508,302.03125,0.384674072265625,0.9998474353888872,0.00018310546875,0.0003662109375,0.0084686279296875,video_mp4_fragment,65536,True,video,1.0,ff-c23-video,C:\Users\ss\Desktop\XAI\XAI\engines\XAI-Compress\data\test\archive (1)\FaceForensics++_C23\DeepFakeDetection\01_02__meeting_serious__YVGY8LOK.mp4,73801be8d11f3af8117c44605fe66beac9ffd110ee8d5688bc5e4f60b9e49eb7,65536,train,zstd|3|delta,0.5,delta,{},65536,256,0.016357421875,0.0043792724609375
8.001220703125,0.5007781982421875,7.9964435481992835,0.0002756762181983529,zstd,"{""level"": 3}",65546,691.3716476872033,9.040000441018492e-05,0.0,618.8118054342896,0.0001010000123642385,0.03948974609375,0.1236581338486582,.mp4,65536,7.996657339510094,1.0,1.0,0.0,0.0,3,7.946830597081058,0.028397465351188807,3,0.0,iso-media,0.0049285888671875,0.00390625,video,0.003509521484375,0.10265767552558508,302.03125,0.384674072265625,0.9998474353888872,0.00018310546875,0.0003662109375,0.0084686279296875,video_mp4_fragment,65536,True,video,1.0,ff-c23-video,C:\Users\ss\Desktop\XAI\XAI\engines\XAI-Compress\data\test\archive (1)\FaceForensics++_C23\DeepFakeDetection\01_02__meeting_serious__YVGY8LOK.mp4,73801be8d11f3af8117c44605fe66beac9ffd110ee8d5688bc5e4f60b9e49eb7,65536,train,zstd|3|byte-shuffle,0.5,byte-shuffle,"{""original_size"": 65536}",65536,256,0.016357421875,0.0043792724609375
8.0345458984375,0.5007781982421875,7.9964435481992835,0.0002756762181983529,zstd,"{""level"": 3}",65819,289.75429094291354,0.00021569999807979912,0.0,5.957487373741052,0.010490999993635342,0.03948974609375,0.1236581338486582,.mp4,65536,7.996657339510094,1.0,1.0,0.0,0.0,3,7.946830597081058,0.028397465351188807,3,0.0,iso-media,0.0049285888671875,0.00390625,video,0.003509521484375,0.10265767552558508,302.03125,0.384674072265625,0.9957003296920343,0.00018310546875,0.0003662109375,0.0084686279296875,video_mp4_fragment,65536,True,video,1.0,ff-c23-video,C:\Users\ss\Desktop\XAI\XAI\engines\XAI-Compress\data\test\archive (1)\FaceForensics++_C23\DeepFakeDetection\01_02__meeting_serious__YVGY8LOK.mp4,73801be8d11f3af8117c44605fe66beac9ffd110ee8d5688bc5e4f60b9e49eb7,65536,train,zstd|3|zero-run,0.5,zero-run,{},65807,256,0.016357421875,0.0043792724609375
8.06298828125,0.5007781982421875,7.9964435481992835,0.0002756762181983529,zstd,"{""level"": 3}",66052,280.1434381851785,0.00022309999621938914,0.0,6.018933160175833,0.010383899993030354,0.03948974609375,0.1236581338486582,.mp4,65536,7.996657339510094,1.0,1.0,0.0,0.0,3,7.946830597081058,0.028397465351188807,3,0.0,iso-media,0.0049285888671875,0.00390625,video,0.003509521484375,0.10265767552558508,302.03125,0.384674072265625,0.9921879731120935,0.00018310546875,0.0003662109375,0.0084686279296875,video_mp4_fragment,65536,True,video,1.0,ff-c23-video,C:\Users\ss\Desktop\XAI\XAI\engines\XAI-Compress\data\test\archive (1)\FaceForensics++_C23\DeepFakeDetection\01_02__meeting_serious__YVGY8LOK.mp4,73801be8d11f3af8117c44605fe66beac9ffd110ee8d5688bc5e4f60b9e49eb7,65536,train,zstd|3|dictionary,0.5,dictionary,"{""dictionary"": ""structured-v1""}",66040,256,0.016357421875,0.0043792724609375
8.0621337890625,0.5007781982421875,7.9964435481992835,0.0002756762181983529,brotli,"{""level"": 6}",66045,38.098140670618605,0.0016405000060331076,0.0,5.315213417077957,0.01175869999860879,0.03948974609375,0.1236581338486582,.mp4,65536,7.996657339510094,1.0,1.0,0.0,0.0,6,7.946830597081058,0.028397465351188807,3,0.0,iso-media,0.0049285888671875,0.00390625,video,0.003509521484375,0.10265767552558508,302.03125,0.384674072265625,0.992293133469604,0.00018310546875,0.0003662109375,0.0084686279296875,video_mp4_fragment,65536,True,video,1.0,ff-c23-video,C:\Users\ss\Desktop\XAI\XAI\engines\XAI-Compress\data\test\archive (1)\FaceForensics++_C23\DeepFakeDetection\01_02__meeting_serious__YVGY8LOK.mp4,73801be8d11f3af8117c44605fe66beac9ffd110ee8d5688bc5e4f60b9e49eb7,65536,train,brotli|6|dictionary,0.5,dictionary,"{""dictionary"": ""structured-v1""}",66040,256,0.016357421875,0.0043792724609375
8.003173828125,0.5007781982421875,7.9964435481992835,0.0002756762181983529,deflate,"{""level"": 6, ""wrapper"": ""zlib""}",65562,27.974218945881066,0.0022342000011121854,0.0,6.913869784762512,0.009039799988386221,0.03948974609375,0.1236581338486582,.mp4,65536,7.996657339510094,1.0,1.0,0.0,0.0,6,7.946830597081058,0.028397465351188807,3,0.0,iso-media,0.0049285888671875,0.00390625,video,0.003509521484375,0.10265767552558508,302.03125,0.384674072265625,0.9996034288154724,0.00018310546875,0.0003662109375,0.0084686279296875,video_mp4_fragment,65536,True,video,1.0,ff-c23-video,C:\Users\ss\Desktop\XAI\XAI\engines\XAI-Compress\data\test\archive (1)\FaceForensics++_C23\DeepFakeDetection\01_02__meeting_serious__YVGY8LOK.mp4,73801be8d11f3af8117c44605fe66beac9ffd110ee8d5688bc5e4f60b9e49eb7,65536,train,deflate|6|delta,0.5,delta,{},65536,256,0.016357421875,0.0043792724609375
8.0078125,0.5007781982421875,7.9964435481992835,0.0002756762181983529,lzma2,"{""container"": ""xz"", ""filter"": ""lzma2"", ""level"": 3}",65600,4.318684357402129,0.014471999995294027,0.0,224.9010386527451,0.0002779000060399994,0.03948974609375,0.1236581338486582,.mp4,65536,7.996657339510094,1.0,1.0,0.0,0.0,3,7.946830597081058,0.028397465351188807,3,0.0,iso-media,0.0049285888671875,0.00390625,video,0.003509521484375,0.10265767552558508,302.03125,0.384674072265625,0.9990243902439024,0.00018310546875,0.0003662109375,0.0084686279296875,video_mp4_fragment,65536,True,video,1.0,ff-c23-video,C:\Users\ss\Desktop\XAI\XAI\engines\XAI-Compress\data\test\archive (1)\FaceForensics++_C23\DeepFakeDetection\01_02__meeting_serious__YVGY8LOK.mp4,73801be8d11f3af8117c44605fe66beac9ffd110ee8d5688bc5e4f60b9e49eb7,65536,train,lzma2|3|byte-shuffle,0.5,byte-shuffle,"{""original_size"": 65536}",65536,256,0.016357421875,0.0043792724609375
8.0,0.610107421875,6.39407572106338,0.009982300358640771,raw,"{""level"": null}",65536,14880.942187359246,4.2000028770416975e-06,0.0,24038.41303848974,2.6000052457675338e-06,0.0291595458984375,0.8758129539609945,.exe,65536,7.394570308955327,0.0,1.0,0.0,0.0,,6.2196372272502245,0.20448506773733685,208,0.1195068359375,pe,0.1094970703125,0.00390625,application,0.002044677734375,0.07724020856068874,302.03125,0.3775177001953125,1.0,0.33831787109375,0.45916748046875,0.136322021484375,executable_fragment,65536,True,executable,1.0,python-executable,C:\Users\ss\Desktop\XAI\XAI\engines\XAI-Compress\.venv\Scripts\python.exe,64b10fd9d4cc4827e2d30f26c03b981252c8ed8f8915ca2bd6f0c0fe8fa473bf,65536,train,raw|default|identity,0.5,identity,{},65536,256,0.0184478759765625,0.1094970703125
4.854248046875,0.610107421875,6.39407572106338,0.009982300358640771,zstd,"{""level"": 1}",39766,146.50727063643106,0.0004265999887138605,0.0,396.07095506114297,0.00015780000831000507,0.0291595458984375,0.8758129539609945,.exe,65536,7.394570308955327,0.0,1.0,0.0,0.0,1,6.2196372272502245,0.20448506773733685,208,0.1195068359375,pe,0.1094970703125,0.00390625,application,0.002044677734375,0.07724020856068874,302.03125,0.3775177001953125,1.6480410400844943,0.33831787109375,0.45916748046875,0.136322021484375,executable_fragment,65536,True,executable,1.0,python-executable,C:\Users\ss\Desktop\XAI\XAI\engines\XAI-Compress\.venv\Scripts\python.exe,64b10fd9d4cc4827e2d30f26c03b981252c8ed8f8915ca2bd6f0c0fe8fa473bf,65536,train,zstd|1|identity,0.5,identity,{},65536,256,0.0184478759765625,0.1094970703125
4.631591796875,0.610107421875,6.39407572106338,0.009982300358640771,zstd,"{""level"": 3}",37942,94.59664050963376,0.0006606999959331006,0.0,389.8939531208639,0.00016029999824240804,0.0291595458984375,0.8758129539609945,.exe,65536,7.394570308955327,0.0,1.0,0.0,0.0,3,6.2196372272502245,0.20448506773733685,208,0.1195068359375,pe,0.1094970703125,0.00390625,application,0.002044677734375,0.07724020856068874,302.03125,0.3775177001953125,1.727267935269622,0.33831787109375,0.45916748046875,0.136322021484375,executable_fragment,65536,True,executable,1.0,python-executable,C:\Users\ss\Desktop\XAI\XAI\engines\XAI-Compress\.venv\Scripts\python.exe,64b10fd9d4cc4827e2d30f26c03b981252c8ed8f8915ca2bd6f0c0fe8fa473bf,65536,train,zstd|3|identity,0.5,identity,{},65536,256,0.0184478759765625,0.1094970703125
4.357666015625,0.610107421875,6.39407572106338,0.009982300358640771,zstd,"{""level"": 9}",35698,24.614051575031628,0.002539200009778142,0.0,338.56986495571044,0.0001846000086516142,0.0291595458984375,0.8758129539609945,.exe,65536,7.394570308955327,0.0,1.0,0.0,0.0,9,6.2196372272502245,0.20448506773733685,208,0.1195068359375,pe,0.1094970703125,0.00390625,application,0.002044677734375,0.07724020856068874,302.03125,0.3775177001953125,1.835845145386296,0.33831787109375,0.45916748046875,0.136322021484375,executable_fragment,65536,True,executable,1.0,python-executable,C:\Users\ss\Desktop\XAI\XAI\engines\XAI-Compress\.venv\Scripts\python.exe,64b10fd9d4cc4827e2d30f26c03b981252c8ed8f8915ca2bd6f0c0fe8fa473bf,65536,train,zstd|9|identity,0.5,identity,{},65536,256,0.0184478759765625,0.1094970703125
4.968505859375,0.610107421875,6.39407572106338,0.009982300358640771,brotli,"{""level"": 1}",40702,147.9640150153441,0.00042240000038873404,0.0,121.71373035700425,0.0005134999955771491,0.0291595458984375,0.8758129539609945,.exe,65536,7.394570308955327,0.0,1.0,0.0,0.0,1,6.2196372272502245,0.20448506773733685,208,0.1195068359375,pe,0.1094970703125,0.00390625,application,0.002044677734375,0.07724020856068874,302.03125,0.3775177001953125,1.6101420077637463,0.33831787109375,0.45916748046875,0.136322021484375,executable_fragment,65536,True,executable,1.0,python-executable,C:\Users\ss\Desktop\XAI\XAI\engines\XAI-Compress\.venv\Scripts\python.exe,64b10fd9d4cc4827e2d30f26c03b981252c8ed8f8915ca2bd6f0c0fe8fa473bf,65536,train,brotli|1|identity,0.5,identity,{},65536,256,0.0184478759765625,0.1094970703125
4.3135986328125,0.610107421875,6.39407572106338,0.009982300358640771,brotli,"{""level"": 6}",35337,15.199785954241175,0.004111900008865632,0.0,117.01928645100878,0.000534099992364645,0.0291595458984375,0.8758129539609945,.exe,65536,7.394570308955327,0.0,1.0,0.0,0.0,6,6.2196372272502245,0.20448506773733685,208,0.1195068359375,pe,0.1094970703125,0.00390625,application,0.002044677734375,0.07724020856068874,302.03125,0.3775177001953125,1.85459999434021,0.33831787109375,0.45916748046875,0.136322021484375,executable_fragment,65536,True,executable,1.0,python-executable,C:\Users\ss\Desktop\XAI\XAI\engines\XAI-Compress\.venv\Scripts\python.exe,64b10fd9d4cc4827e2d30f26c03b981252c8ed8f8915ca2bd6f0c0fe8fa473bf,65536,train,brotli|6|identity,0.5,identity,{},65536,256,0.0184478759765625,0.1094970703125
4.3017578125,0.610107421875,6.39407572106338,0.009982300358640771,brotli,"{""level"": 9}",35240,1.7176511327188835,0.03638689999934286,0.0,35.61659471299593,0.001754799988702871,0.0291595458984375,0.8758129539609945,.exe,65536,7.394570308955327,0.0,1.0,0.0,0.0,9,6.2196372272502245,0.20448506773733685,208,0.1195068359375,pe,0.1094970703125,0.00390625,application,0.002044677734375,0.07724020856068874,304.40234375,0.3775177001953125,1.8597048808172532,0.33831787109375,0.45916748046875,0.136322021484375,executable_fragment,65536,True,executable,1.0,python-executable,C:\Users\ss\Desktop\XAI\XAI\engines\XAI-Compress\.venv\Scripts\python.exe,64b10fd9d4cc4827e2d30f26c03b981252c8ed8f8915ca2bd6f0c0fe8fa473bf,65536,train,brotli|9|identity,0.5,identity,{},65536,256,0.0184478759765625,0.1094970703125
5.3865966796875,0.610107421875,6.39407572106338,0.009982300358640771,deflate,"{""level"": 1, ""wrapper"": ""zlib""}",44127,31.08215631535896,0.0020108000026084483,0.0,76.52748819708187,0.0008167000050889328,0.0291595458984375,0.8758129539609945,.exe,65536,7.394570308955327,0.0,1.0,0.0,0.0,1,6.2196372272502245,0.20448506773733685,208,0.1195068359375,pe,0.1094970703125,0.00390625,application,0.002044677734375,0.07724020856068874,304.40234375,0.3775177001953125,1.4851678110907154,0.33831787109375,0.45916748046875,0.136322021484375,executable_fragment,65536,True,executable,1.0,python-executable,C:\Users\ss\Desktop\XAI\XAI\engines\XAI-Compress\.venv\Scripts\python.exe,64b10fd9d4cc4827e2d30f26c03b981252c8ed8f8915ca2bd6f0c0fe8fa473bf,65536,train,deflate|1|identity,0.5,identity,{},65536,256,0.0184478759765625,0.1094970703125
4.4805908203125,0.610107421875,6.39407572106338,0.009982300358640771,deflate,"{""level"": 6, ""wrapper"": ""zlib""}",36705,9.308490825907459,0.006714300005114637,0.0,69.98880147835725,0.0008930000039981678,0.0291595458984375,0.8758129539609945,.exe,65536,7.394570308955327,0.0,1.0,0.0,0.0,6,6.2196372272502245,0.20448506773733685,208,0.1195068359375,pe,0.1094970703125,0.00390625,application,0.002044677734375,0.07724020856068874,304.40234375,0.3775177001953125,1.785478817599782,0.33831787109375,0.45916748046875,0.136322021484375,executable_fragment,65536,True,executable,1.0,python-executable,C:\Users\ss\Desktop\XAI\XAI\engines\XAI-Compress\.venv\Scripts\python.exe,64b10fd9d4cc4827e2d30f26c03b981252c8ed8f8915ca2bd6f0c0fe8fa473bf,65536,train,deflate|6|identity,0.5,identity,{},65536,256,0.0184478759765625,0.1094970703125
4.361572265625,0.610107421875,6.39407572106338,0.009982300358640771,deflate,"{""level"": 9, ""wrapper"": ""zlib""}",35730,5.131784219765717,0.012178999997559004,0.0,60.322362575974104,0.001036100002238527,0.0291595458984375,0.8758129539609945,.exe,65536,7.394570308955327,0.0,1.0,0.0,0.0,9,6.2196372272502245,0.20448506773733685,208,0.1195068359375,pe,0.1094970703125,0.00390625,application,0.002044677734375,0.07724020856068874,304.40234375,0.3775177001953125,1.8342009515813043,0.33831787109375,0.45916748046875,0.136322021484375,executable_fragment,65536,True,executable,1.0,python-executable,C:\Users\ss\Desktop\XAI\XAI\engines\XAI-Compress\.venv\Scripts\python.exe,64b10fd9d4cc4827e2d30f26c03b981252c8ed8f8915ca2bd6f0c0fe8fa473bf,65536,train,deflate|9|identity,0.5,identity,{},65536,256,0.0184478759765625,0.1094970703125
4.1806640625,0.610107421875,6.39407572106338,0.009982300358640771,lzma2,"{""container"": ""xz"", ""filter"": ""lzma2"", ""level"": 0}",34248,4.721363984145783,0.013237699997262098,0.0,11.409273474432844,0.0054779999918537214,0.0291595458984375,0.8758129539609945,.exe,65536,7.394570308955327,0.0,1.0,0.0,0.0,0,6.2196372272502245,0.20448506773733685,208,0.1195068359375,pe,0.1094970703125,0.00390625,application,0.002044677734375,0.07724020856068874,304.40234375,0.3775177001953125,1.9135715954216304,0.33831787109375,0.45916748046875,0.136322021484375,executable_fragment,65536,True,executable,1.0,python-executable,C:\Users\ss\Desktop\XAI\XAI\engines\XAI-Compress\.venv\Scripts\python.exe,64b10fd9d4cc4827e2d30f26c03b981252c8ed8f8915ca2bd6f0c0fe8fa473bf,65536,train,lzma2|0|identity,0.5,identity,{},65536,256,0.0184478759765625,0.1094970703125
4.107421875,0.610107421875,6.39407572106338,0.009982300358640771,lzma2,"{""container"": ""xz"", ""filter"": ""lzma2"", ""level"": 3}",33648,3.0451115001554077,0.02052469999762252,0.0,17.136433466093493,0.0036471999919740483,0.0291595458984375,0.8758129539609945,.exe,65536,7.394570308955327,0.0,1.0,0.0,0.0,3,6.2196372272502245,0.20448506773733685,208,0.1195068359375,pe,0.1094970703125,0.00390625,application,0.002044677734375,0.07724020856068874,304.40234375,0.3775177001953125,1.947693770803614,0.33831787109375,0.45916748046875,0.136322021484375,executable_fragment,65536,True,executable,1.0,python-executable,C:\Users\ss\Desktop\XAI\XAI\engines\XAI-Compress\.venv\Scripts\python.exe,64b10fd9d4cc4827e2d30f26c03b981252c8ed8f8915ca2bd6f0c0fe8fa473bf,65536,train,lzma2|3|identity,0.5,identity,{},65536,256,0.0184478759765625,0.1094970703125
3.9716796875,0.610107421875,6.39407572106338,0.009982300358640771,lzma2,"{""container"": ""xz"", ""filter"": ""lzma2"", ""level"": 6}",32536,3.1571875254750035,0.019796100008534268,0.0,28.041995646830607,0.002228800003649667,0.0291595458984375,0.8758129539609945,.exe,65536,7.394570308955327,0.0,1.0,0.0,0.0,6,6.2196372272502245,0.20448506773733685,208,0.1195068359375,pe,0.1094970703125,0.00390625,application,0.002044677734375,0.07724020856068874,304.40234375,0.3775177001953125,2.014261126137202,0.33831787109375,0.45916748046875,0.136322021484375,executable_fragment,65536,True,executable,1.0,python-executable,C:\Users\ss\Desktop\XAI\XAI\engines\XAI-Compress\.venv\Scripts\python.exe,64b10fd9d4cc4827e2d30f26c03b981252c8ed8f8915ca2bd6f0c0fe8fa473bf,65536,train,lzma2|6|identity,0.5,identity,{},65536,256,0.0184478759765625,0.1094970703125
4.3524169921875,0.610107421875,6.39407572106338,0.009982300358640771,bzip2,"{""level"": 1}",35655,10.017952157684132,0.006238800007849932,0.0,20.288914145485744,0.0030804999987594783,0.0291595458984375,0.8758129539609945,.exe,65536,7.394570308955327,0.0,1.0,0.0,0.0,1,6.2196372272502245,0.20448506773733685,208,0.1195068359375,pe,0.1094970703125,0.00390625,application,0.002044677734375,0.07724020856068874,304.40234375,0.3775177001953125,1.8380591782358715,0.33831787109375,0.45916748046875,0.136322021484375,executable_fragment,65536,True,executable,1.0,python-executable,C:\Users\ss\Desktop\XAI\XAI\engines\XAI-Compress\.venv\Scripts\python.exe,64b10fd9d4cc4827e2d30f26c03b981252c8ed8f8915ca2bd6f0c0fe8fa473bf,65536,train,bzip2|1|identity,0.5,identity,{},65536,256,0.0184478759765625,0.1094970703125
4.3524169921875,0.610107421875,6.39407572106338,0.009982300358640771,bzip2,"{""level"": 9}",35655,8.373975018384233,0.00746360000630375,0.0,17.721447171544927,0.003526800006511621,0.0291595458984375,0.8758129539609945,.exe,65536,7.394570308955327,0.0,1.0,0.0,0.0,9,6.2196372272502245,0.20448506773733685,208,0.1195068359375,pe,0.1094970703125,0.00390625,application,0.002044677734375,0.07724020856068874,304.40234375,0.3775177001953125,1.8380591782358715,0.33831787109375,0.45916748046875,0.136322021484375,executable_fragment,65536,True,executable,1.0,python-executable,C:\Users\ss\Desktop\XAI\XAI\engines\XAI-Compress\.venv\Scripts\python.exe,64b10fd9d4cc4827e2d30f26c03b981252c8ed8f8915ca2bd6f0c0fe8fa473bf,65536,train,bzip2|9|identity,0.5,identity,{},65536,256,0.0184478759765625,0.1094970703125
6.4080810546875,0.610107421875,6.39407572106338,0.009982300358640771,xai-static,"{""coder"": ""adaptive-arithmetic32-v1"", ""level"": null, ""original_size"": 65536}",52495,0.01029533935258714,6.070708100000047,0.0,0.009723725164398648,6.427577800001018,0.0291595458984375,0.8758129539609945,.exe,65536,7.394570308955327,0.0,1.0,0.0,0.0,,6.2196372272502245,0.20448506773733685,208,0.1195068359375,pe,0.1094970703125,0.00390625,application,0.002044677734375,0.07724020856068874,304.40234375,0.3775177001953125,1.2484236593961329,0.33831787109375,0.45916748046875,0.136322021484375,executable_fragment,65536,True,executable,1.0,python-executable,C:\Users\ss\Desktop\XAI\XAI\engines\XAI-Compress\.venv\Scripts\python.exe,64b10fd9d4cc4827e2d30f26c03b981252c8ed8f8915ca2bd6f0c0fe8fa473bf,65536,train,xai-static|default|identity,0.5,identity,{},65536,256,0.0184478759765625,0.1094970703125
5.1739501953125,0.610107421875,6.39407572106338,0.009982300358640771,zstd,"{""level"": 3}",42385,41.23235248835974,0.0015158000023802742,0.0,2.140498924953764,0.02919879999535624,0.0291595458984375,0.8758129539609945,.exe,65536,7.394570308955327,0.0,1.0,0.0,0.0,3,6.2196372272502245,0.20448506773733685,208,0.1195068359375,pe,0.1094970703125,0.00390625,application,0.002044677734375,0.07724020856068874,304.40234375,0.3775177001953125,1.5462073846879791,0.33831787109375,0.45916748046875,0.136322021484375,executable_fragment,65536,True,executable,1.0,python-executable,C:\Users\ss\Desktop\XAI\XAI\engines\XAI-Compress\.venv\Scripts\python.exe,64b10fd9d4cc4827e2d30f26c03b981252c8ed8f8915ca2bd6f0c0fe8fa473bf,65536,train,zstd|3|rle,0.5,rle,{},120002,256,0.0184478759765625,0.1094970703125
5.55419921875,0.610107421875,6.39407572106338,0.009982300358640771,zstd,"{""level"": 3}",45500,86.577088685649,0.0007218999962788075,0.0,6.842566230662727,0.009134000007179566,0.0291595458984375,0.8758129539609945,.exe,65536,7.394570308955327,0.0,1.0,0.0,0.0,3,6.2196372272502245,0.20448506773733685,208,0.1195068359375,pe,0.1094970703125,0.00390625,application,0.002044677734375,0.07724020856068874,304.40234375,0.3775177001953125,1.4403516483516483,0.33831787109375,0.45916748046875,0.136322021484375,executable_fragment,65536,True,executable,1.0,python-executable,C:\Users\ss\Desktop\XAI\XAI\engines\XAI-Compress\.venv\Scripts\python.exe,64b10fd9d4cc4827e2d30f26c03b981252c8ed8f8915ca2bd6f0c0fe8fa473bf,65536,train,zstd|3|delta,0.5,delta,{},65536,256,0.0184478759765625,0.1094970703125
5.138427734375,0.610107421875,6.39407572106338,0.009982300358640771,zstd,"{""level"": 3}",42094,83.9489597383978,0.0007444999937433749,0.0,239.55537826277467,0.0002609000075608492,0.0291595458984375,0.8758129539609945,.exe,65536,7.394570308955327,0.0,1.0,0.0,0.0,3,6.2196372272502245,0.20448506773733685,208,0.1195068359375,pe,0.1094970703125,0.00390625,application,0.002044677734375,0.07724020856068874,304.40234375,0.3775177001953125,1.556896469805673,0.33831787109375,0.45916748046875,0.136322021484375,executable_fragment,65536,True,executable,1.0,python-executable,C:\Users\ss\Desktop\XAI\XAI\engines\XAI-Compress\.venv\Scripts\python.exe,64b10fd9d4cc4827e2d30f26c03b981252c8ed8f8915ca2bd6f0c0fe8fa473bf,65536,train,zstd|3|byte-shuffle,0.5,byte-shuffle,"{""original_size"": 65536}",65536,256,0.0184478759765625,0.1094970703125
4.6749267578125,0.610107421875,6.39407572106338,0.009982300358640771,zstd,"{""level"": 3}",38297,83.03440968271721,0.0007526999979745597,0.0,5.2980918406259025,0.011796699996921234,0.0291595458984375,0.8758129539609945,.exe,65536,7.394570308955327,0.0,1.0,0.0,0.0,3,6.2196372272502245,0.20448506773733685,208,0.1195068359375,pe,0.1094970703125,0.00390625,application,0.002044677734375,0.07724020856068874,304.40234375,0.3775177001953125,1.7112567564038959,0.33831787109375,0.45916748046875,0.136322021484375,executable_fragment,65536,True,executable,1.0,python-executable,C:\Users\ss\Desktop\XAI\XAI\engines\XAI-Compress\.venv\Scripts\python.exe,64b10fd9d4cc4827e2d30f26c03b981252c8ed8f8915ca2bd6f0c0fe8fa473bf,65536,train,zstd|3|zero-run,0.5,zero-run,{},65112,256,0.0184478759765625,0.1094970703125
4.6646728515625,0.610107421875,6.39407572106338,0.009982300358640771,zstd,"{""level"": 3}",38213,79.54690066338917,0.000785700001870282,0.0,4.37797702385506,0.014276000001700595,0.0291595458984375,0.8758129539609945,.exe,65536,7.394570308955327,0.0,1.0,0.0,0.0,3,6.2196372272502245,0.20448506773733685,208,0.1195068359375,pe,0.1094970703125,0.00390625,application,0.002044677734375,0.07724020856068874,304.40234375,0.3775177001953125,1.7150184492188523,0.33831787109375,0.45916748046875,0.136322021484375,executable_fragment,65536,True,executable,1.0,python-executable,C:\Users\ss\Desktop\XAI\XAI\engines\XAI-Compress\.venv\Scripts\python.exe,64b10fd9d4cc4827e2d30f26c03b981252c8ed8f8915ca2bd6f0c0fe8fa473bf,65536,train,zstd|3|dictionary,0.5,dictionary,"{""dictionary"": ""structured-v1""}",67960,256,0.0184478759765625,0.1094970703125
4.3458251953125,0.610107421875,6.39407572106338,0.009982300358640771,brotli,"{""level"": 6}",35601,10.167561399944336,0.006147000007331371,0.0,3.635729035863811,0.0171905000024708,0.0291595458984375,0.8758129539609945,.exe,65536,7.394570308955327,0.0,1.0,0.0,0.0,6,6.2196372272502245,0.20448506773733685,208,0.1195068359375,pe,0.1094970703125,0.00390625,application,0.002044677734375,0.07724020856068874,304.40234375,0.3775177001953125,1.840847167214404,0.33831787109375,0.45916748046875,0.136322021484375,executable_fragment,65536,True,executable,1.0,python-executable,C:\Users\ss\Desktop\XAI\XAI\engines\XAI-Compress\.venv\Scripts\python.exe,64b10fd9d4cc4827e2d30f26c03b981252c8ed8f8915ca2bd6f0c0fe8fa473bf,65536,train,brotli|6|dictionary,0.5,dictionary,"{""dictionary"": ""structured-v1""}",67960,256,0.0184478759765625,0.1094970703125
5.4427490234375,0.610107421875,6.39407572106338,0.009982300358640771,deflate,"{""level"": 6, ""wrapper"": ""zlib""}",44587,30.934468376957497,0.0020204000029480085,0.0,7.678132673068247,0.008140000005369075,0.0291595458984375,0.8758129539609945,.exe,65536,7.394570308955327,0.0,1.0,0.0,0.0,6,6.2196372272502245,0.20448506773733685,208,0.1195068359375,pe,0.1094970703125,0.00390625,application,0.002044677734375,0.07724020856068874,304.40234375,0.3775177001953125,1.469845470652881,0.33831787109375,0.45916748046875,0.136322021484375,executable_fragment,65536,True,executable,1.0,python-executable,C:\Users\ss\Desktop\XAI\XAI\engines\XAI-Compress\.venv\Scripts\python.exe,64b10fd9d4cc4827e2d30f26c03b981252c8ed8f8915ca2bd6f0c0fe8fa473bf,65536,train,deflate|6|delta,0.5,delta,{},65536,256,0.0184478759765625,0.1094970703125
4.85791015625,0.610107421875,6.39407572106338,0.009982300358640771,lzma2,"{""container"": ""xz"", ""filter"": ""lzma2"", ""level"": 3}",39796,7.264654263066727,0.008603299997048452,0.0,23.13015803624443,0.0027020999987144023,0.0291595458984375,0.8758129539609945,.exe,65536,7.394570308955327,0.0,1.0,0.0,0.0,3,6.2196372272502245,0.20448506773733685,208,0.1195068359375,pe,0.1094970703125,0.00390625,application,0.002044677734375,0.07724020856068874,304.40234375,0.3775177001953125,1.6467986732334907,0.33831787109375,0.45916748046875,0.136322021484375,executable_fragment,65536,True,executable,1.0,python-executable,C:\Users\ss\Desktop\XAI\XAI\engines\XAI-Compress\.venv\Scripts\python.exe,64b10fd9d4cc4827e2d30f26c03b981252c8ed8f8915ca2bd6f0c0fe8fa473bf,65536,train,lzma2|3|byte-shuffle,0.5,byte-shuffle,"{""original_size"": 65536}",65536,256,0.0184478759765625,0.1094970703125
8.0,0.537353515625,7.3824255396486445,0.0064773552549741474,raw,"{""level"": null}",65536,17361.04909232753,3.600012860260904e-06,0.0,21551.668177051186,2.900007530115545e-06,0.0294189453125,1.4184520799362934,.pt,65536,7.964588924379501,1.0,1.0,0.0,0.0,,7.1635401656392155,0.36647482639208057,59,0.0107421875,zip,0.0684356689453125,0.00390625,archive,0.0033111572265625,0.06977164983896067,304.40234375,0.4216461181640625,1.0,0.03228759765625,0.04254150390625,0.030181884765625,model_checkpoint,65536,True,model,1.0,protected-gru-fragment,protected GRU prefix only,f989b1ae1da0d8e44f585f667dd58bf28bd51d7421691cd11c1ee67a72a269bf,65536,train,raw|default|identity,0.5,identity,{},65536,256,0.0123443603515625,0.0213623046875
7.1080322265625,0.537353515625,7.3824255396486445,0.0064773552549741474,zstd,"{""level"": 1}",58229,325.18208791052376,0.0001922000083141029,0.0,578.7037417153449,0.00010799999290611595,0.0294189453125,1.4184520799362934,.pt,65536,7.964588924379501,1.0,1.0,0.0,0.0,1,7.1635401656392155,0.36647482639208057,59,0.0107421875,zip,0.0684356689453125,0.00390625,archive,0.0033111572265625,0.06977164983896067,304.40234375,0.4216461181640625,1.1254873001425407,0.03228759765625,0.04254150390625,0.030181884765625,model_checkpoint,65536,True,model,1.0,protected-gru-fragment,protected GRU prefix only,f989b1ae1da0d8e44f585f667dd58bf28bd51d7421691cd11c1ee67a72a269bf,65536,train,zstd|1|identity,0.5,identity,{},65536,256,0.0123443603515625,0.0213623046875
7.07177734375,0.537353515625,7.3824255396486445,0.0064773552549741474,zstd,"{""level"": 3}",57932,293.9792989084489,0.00021260000357870013,0.0,612.1449188235497,0.00010210000618826598,0.0294189453125,1.4184520799362934,.pt,65536,7.964588924379501,1.0,1.0,0.0,0.0,3,7.1635401656392155,0.36647482639208057,59,0.0107421875,zip,0.0684356689453125,0.00390625,archive,0.0033111572265625,0.06977164983896067,304.40234375,0.4216461181640625,1.131257336187254,0.03228759765625,0.04254150390625,0.030181884765625,model_checkpoint,65536,True,model,1.0,protected-gru-fragment,protected GRU prefix only,f989b1ae1da0d8e44f585f667dd58bf28bd51d7421691cd11c1ee67a72a269bf,65536,train,zstd|3|identity,0.5,identity,{},65536,256,0.0123443603515625,0.0213623046875
7.0511474609375,0.537353515625,7.3824255396486445,0.0064773552549741474,zstd,"{""level"": 9}",57763,87.44927945928039,0.0007146999996621162,0.0,595.2380999633431,0.0001049999991664663,0.0294189453125,1.4184520799362934,.pt,65536,7.964588924379501,1.0,1.0,0.0,0.0,9,7.1635401656392155,0.36647482639208057,59,0.0107421875,zip,0.0684356689453125,0.00390625,archive,0.0033111572265625,0.06977164983896067,304.40234375,0.4216461181640625,1.134567110434015,0.03228759765625,0.04254150390625,0.030181884765625,model_checkpoint,65536,True,model,1.0,protected-gru-fragment,protected GRU prefix only,f989b1ae1da0d8e44f585f667dd58bf28bd51d7421691cd11c1ee67a72a269bf,65536,train,zstd|9|identity,0.5,identity,{},65536,256,0.0123443603515625,0.0213623046875
7.1612548828125,0.537353515625,7.3824255396486445,0.0064773552549741474,brotli,"{""level"": 1}",58665,209.87239934599452,0.00029779999749735,0.0,111.82680133128802,0.0005589000065810978,0.0294189453125,1.4184520799362934,.pt,65536,7.964588924379501,1.0,1.0,0.0,0.0,1,7.1635401656392155,0.36647482639208057,59,0.0107421875,zip,0.0684356689453125,0.00390625,archive,0.0033111572265625,0.06977164983896067,304.40234375,0.4216461181640625,1.1171226455297025,0.03228759765625,0.04254150390625,0.030181884765625,model_checkpoint,65536,True,model,1.0,protected-gru-fragment,protected GRU prefix only,f989b1ae1da0d8e44f585f667dd58bf28bd51d7421691cd11c1ee67a72a269bf,65536,train,brotli|1|identity,0.5,identity,{},65536,256,0.0123443603515625,0.0213623046875
6.98828125,0.537353515625,7.3824255396486445,0.0064773552549741474,brotli,"{""level"": 6}",57248,26.420358498513504,0.0023655999975744635,0.0,115.33493092002664,0.0005419000081019476,0.0294189453125,1.4184520799362934,.pt,65536,7.964588924379501,1.0,1.0,0.0,0.0,6,7.1635401656392155,0.36647482639208057,59,0.0107421875,zip,0.0684356689453125,0.00390625,archive,0.0033111572265625,0.06977164983896067,304.40234375,0.4216461181640625,1.1447736165455562,0.03228759765625,0.04254150390625,0.030181884765625,model_checkpoint,65536,True,model,1.0,protected-gru-fragment,protected GRU prefix only,f989b1ae1da0d8e44f585f667dd58bf28bd51d7421691cd11c1ee67a72a269bf,65536,train,brotli|6|identity,0.5,identity,{},65536,256,0.0123443603515625,0.0213623046875
6.98681640625,0.537353515625,7.3824255396486445,0.0064773552549741474,brotli,"{""level"": 9}",57236,4.326547000516857,0.014445699998759665,0.0,116.1278315702633,0.0005382000090321526,0.0294189453125,1.4184520799362934,.pt,65536,7.964588924379501,1.0,1.0,0.0,0.0,9,7.1635401656392155,0.36647482639208057,59,0.0107421875,zip,0.0684356689453125,0.00390625,archive,0.0033111572265625,0.06977164983896067,304.40234375,0.4216461181640625,1.1450136277867076,0.03228759765625,0.04254150390625,0.030181884765625,model_checkpoint,65536,True,model,1.0,protected-gru-fragment,protected GRU prefix only,f989b1ae1da0d8e44f585f667dd58bf28bd51d7421691cd11c1ee67a72a269bf,65536,train,brotli|9|identity,0.5,identity,{},65536,256,0.0123443603515625,0.0213623046875
8.0521240234375,0.537353515625,7.3824255396486445,0.0064773552549741474,deflate,"{""level"": 1, ""wrapper"": ""zlib""}",65963,79.79062957719785,0.0007832999981474131,0.0,278.39644603974637,0.00022449999232776463,0.0294189453125,1.4184520799362934,.pt,65536,7.964588924379501,1.0,1.0,0.0,0.0,1,7.1635401656392155,0.36647482639208057,59,0.0107421875,zip,0.0684356689453125,0.00390625,archive,0.0033111572265625,0.06977164983896067,304.40234375,0.4216461181640625,0.9935266740445401,0.03228759765625,0.04254150390625,0.030181884765625,model_checkpoint,65536,True,model,1.0,protected-gru-fragment,protected GRU prefix only,f989b1ae1da0d8e44f585f667dd58bf28bd51d7421691cd11c1ee67a72a269bf,65536,train,deflate|1|identity,0.5,identity,{},65536,256,0.0123443603515625,0.0213623046875
7.0958251953125,0.537353515625,7.3824255396486445,0.0064773552549741474,deflate,"{""level"": 6, ""wrapper"": ""zlib""}",58129,29.87571708614313,0.002091999995172955,0.0,238.3676556326484,0.00026220000290777534,0.0294189453125,1.4184520799362934,.pt,65536,7.964588924379501,1.0,1.0,0.0,0.0,6,7.1635401656392155,0.36647482639208057,59,0.0107421875,zip,0.0684356689453125,0.00390625,archive,0.0033111572265625,0.06977164983896067,304.40234375,0.4216461181640625,1.1274234891362316,0.03228759765625,0.04254150390625,0.030181884765625,model_checkpoint,65536,True,model,1.0,protected-gru-fragment,protected GRU prefix only,f989b1ae1da0d8e44f585f667dd58bf28bd51d7421691cd11c1ee67a72a269bf,65536,train,deflate|6|identity,0.5,identity,{},65536,256,0.0123443603515625,0.0213623046875
7.1126708984375,0.537353515625,7.3824255396486445,0.0064773552549741474,deflate,"{""level"": 9, ""wrapper"": ""zlib""}",58267,27.734634980785565,0.002253500002552755,0.0,222.81640188146667,0.00028049999673385173,0.0294189453125,1.4184520799362934,.pt,65536,7.964588924379501,1.0,1.0,0.0,0.0,9,7.1635401656392155,0.36647482639208057,59,0.0107421875,zip,0.0684356689453125,0.00390625,archive,0.0033111572265625,0.06977164983896067,304.40234375,0.4216461181640625,1.1247532908850635,0.03228759765625,0.04254150390625,0.030181884765625,model_checkpoint,65536,True,model,1.0,protected-gru-fragment,protected GRU prefix only,f989b1ae1da0d8e44f585f667dd58bf28bd51d7421691cd11c1ee67a72a269bf,65536,train,deflate|9|identity,0.5,identity,{},65536,256,0.0123443603515625,0.0213623046875
7.0263671875,0.537353515625,7.3824255396486445,0.0064773552549741474,lzma2,"{""container"": ""xz"", ""filter"": ""lzma2"", ""level"": 0}",57560,7.675209686851008,0.008143099999870174,0.0,14.340453868637336,0.004358299993327819,0.0294189453125,1.4184520799362934,.pt,65536,7.964588924379501,1.0,1.0,0.0,0.0,0,7.1635401656392155,0.36647482639208057,59,0.0107421875,zip,0.0684356689453125,0.00390625,archive,0.0033111572265625,0.06977164983896067,304.40234375,0.4216461181640625,1.1385684503127171,0.03228759765625,0.04254150390625,0.030181884765625,model_checkpoint,65536,True,model,1.0,protected-gru-fragment,protected GRU prefix only,f989b1ae1da0d8e44f585f667dd58bf28bd51d7421691cd11c1ee67a72a269bf,65536,train,lzma2|0|identity,0.5,identity,{},65536,256,0.0123443603515625,0.0213623046875
7.02685546875,0.537353515625,7.3824255396486445,0.0064773552549741474,lzma2,"{""container"": ""xz"", ""filter"": ""lzma2"", ""level"": 3}",57564,5.031233904797649,0.01242239998828154,0.0,13.86393381132646,0.004508099998929538,0.0294189453125,1.4184520799362934,.pt,65536,7.964588924379501,1.0,1.0,0.0,0.0,3,7.1635401656392155,0.36647482639208057,59,0.0107421875,zip,0.0684356689453125,0.00390625,archive,0.0033111572265625,0.06977164983896067,304.40234375,0.4216461181640625,1.138489333611285,0.03228759765625,0.04254150390625,0.030181884765625,model_checkpoint,65536,True,model,1.0,protected-gru-fragment,protected GRU prefix only,f989b1ae1da0d8e44f585f667dd58bf28bd51d7421691cd11c1ee67a72a269bf,65536,train,lzma2|3|identity,0.5,identity,{},65536,256,0.0123443603515625,0.0213623046875
7.00830078125,0.537353515625,7.3824255396486445,0.0064773552549741474,lzma2,"{""container"": ""xz"", ""filter"": ""lzma2"", ""level"": 6}",57412,3.5490593577888445,0.017610299997613765,0.0,14.786599805433719,0.004226799996104091,0.0294189453125,1.4184520799362934,.pt,65536,7.964588924379501,1.0,1.0,0.0,0.0,6,7.1635401656392155,0.36647482639208057,59,0.0107421875,zip,0.0684356689453125,0.00390625,archive,0.0033111572265625,0.06977164983896067,304.40234375,0.4216461181640625,1.1415035184282032,0.03228759765625,0.04254150390625,0.030181884765625,model_checkpoint,65536,True,model,1.0,protected-gru-fragment,protected GRU prefix only,f989b1ae1da0d8e44f585f667dd58bf28bd51d7421691cd11c1ee67a72a269bf,65536,train,lzma2|6|identity,0.5,identity,{},65536,256,0.0123443603515625,0.0213623046875
7.4554443359375,0.537353515625,7.3824255396486445,0.0064773552549741474,bzip2,"{""level"": 1}",61075,6.512316093484529,0.009597199998097494,0.0,15.684601537058832,0.003984799986938015,0.0294189453125,1.4184520799362934,.pt,65536,7.964588924379501,1.0,1.0,0.0,0.0,1,7.1635401656392155,0.36647482639208057,59,0.0107421875,zip,0.0684356689453125,0.00390625,archive,0.0033111572265625,0.06977164983896067,304.40234375,0.4216461181640625,1.0730413426115433,0.03228759765625,0.04254150390625,0.030181884765625,model_checkpoint,65536,True,model,1.0,protected-gru-fragment,protected GRU prefix only,f989b1ae1da0d8e44f585f667dd58bf28bd51d7421691cd11c1ee67a72a269bf,65536,train,bzip2|1|identity,0.5,identity,{},65536,256,0.0123443603515625,0.0213623046875
7.4554443359375,0.537353515625,7.3824255396486445,0.0064773552549741474,bzip2,"{""level"": 9}",61075,6.303262574032144,0.00991549999162089,0.0,14.922522233989119,0.0041883000085363165,0.0294189453125,1.4184520799362934,.pt,65536,7.964588924379501,1.0,1.0,0.0,0.0,9,7.1635401656392155,0.36647482639208057,59,0.0107421875,zip,0.0684356689453125,0.00390625,archive,0.0033111572265625,0.06977164983896067,304.40234375,0.4216461181640625,1.0730413426115433,0.03228759765625,0.04254150390625,0.030181884765625,model_checkpoint,65536,True,model,1.0,protected-gru-fragment,protected GRU prefix only,f989b1ae1da0d8e44f585f667dd58bf28bd51d7421691cd11c1ee67a72a269bf,65536,train,bzip2|9|identity,0.5,identity,{},65536,256,0.0123443603515625,0.0213623046875
7.3887939453125,0.537353515625,7.3824255396486445,0.0064773552549741474,xai-static,"{""coder"": ""adaptive-arithmetic32-v1"", ""level"": null, ""original_size"": 65536}",60529,0.009705559717298674,6.4396080000005895,0.0,0.009749803354264794,6.410385700000916,0.0294189453125,1.4184520799362934,.pt,65536,7.964588924379501,1.0,1.0,0.0,0.0,,7.1635401656392155,0.36647482639208057,59,0.0107421875,zip,0.0684356689453125,0.00390625,archive,0.0033111572265625,0.06977164983896067,304.40234375,0.4216461181640625,1.0827206793437856,0.03228759765625,0.04254150390625,0.030181884765625,model_checkpoint,65536,True,model,1.0,protected-gru-fragment,protected GRU prefix only,f989b1ae1da0d8e44f585f667dd58bf28bd51d7421691cd11c1ee67a72a269bf,65536,train,xai-static|default|identity,0.5,identity,{},65536,256,0.0123443603515625,0.0213623046875
8.5831298828125,0.537353515625,7.3824255396486445,0.0064773552549741474,zstd,"{""level"": 3}",70313,27.531826816195817,0.002270099997986108,0.0,2.0552517432763673,0.03040990000590682,0.0294189453125,1.4184520799362934,.pt,65536,7.964588924379501,1.0,1.0,0.0,0.0,3,7.1635401656392155,0.36647482639208057,59,0.0107421875,zip,0.0684356689453125,0.00390625,archive,0.0033111572265625,0.06977164983896067,304.40234375,0.4216461181640625,0.9320609275667373,0.03228759765625,0.04254150390625,0.030181884765625,model_checkpoint,65536,True,model,1.0,protected-gru-fragment,protected GRU prefix only,f989b1ae1da0d8e44f585f667dd58bf28bd51d7421691cd11c1ee67a72a269bf,65536,train,zstd|3|rle,0.5,rle,{},128606,256,0.0123443603515625,0.0213623046875
7.69140625,0.537353515625,7.3824255396486445,0.0064773552549741474,zstd,"{""level"": 3}",63008,318.22808777323553,0.00019640001119114459,0.0,6.297673387276697,0.009924300000420772,0.0294189453125,1.4184520799362934,.pt,65536,7.964588924379501,1.0,1.0,0.0,0.0,3,7.1635401656392155,0.36647482639208057,59,0.0107421875,zip,0.0684356689453125,0.00390625,archive,0.0033111572265625,0.06977164983896067,304.40234375,0.4216461181640625,1.0401218892839004,0.03228759765625,0.04254150390625,0.030181884765625,model_checkpoint,65536,True,model,1.0,protected-gru-fragment,protected GRU prefix only,f989b1ae1da0d8e44f585f667dd58bf28bd51d7421691cd11c1ee67a72a269bf,65536,train,zstd|3|delta,0.5,delta,{},65536,256,0.0123443603515625,0.0213623046875
7.16943359375,0.537353515625,7.3824255396486445,0.0064773552549741474,zstd,"{""level"": 3}",58732,220.07042696703596,0.00028399999428074807,0.0,254.37526091430686,0.00024569999368395656,0.0294189453125,1.4184520799362934,.pt,65536,7.964588924379501,1.0,1.0,0.0,0.0,3,7.1635401656392155,0.36647482639208057,59,0.0107421875,zip,0.0684356689453125,0.00390625,archive,0.0033111572265625,0.06977164983896067,304.40234375,0.4216461181640625,1.1158482598923927,0.03228759765625,0.04254150390625,0.030181884765625,model_checkpoint,65536,True,model,1.0,protected-gru-fragment,protected GRU prefix only,f989b1ae1da0d8e44f585f667dd58bf28bd51d7421691cd11c1ee67a72a269bf,65536,train,zstd|3|byte-shuffle,0.5,byte-shuffle,"{""original_size"": 65536}",65536,256,0.0123443603515625,0.0213623046875
7.0989990234375,0.537353515625,7.3824255396486445,0.0064773552549741474,zstd,"{""level"": 3}",58155,225.55034287851797,0.00027709999994840473,0.0,4.7446973275923465,0.013172599996323697,0.0294189453125,1.4184520799362934,.pt,65536,7.964588924379501,1.0,1.0,0.0,0.0,3,7.1635401656392155,0.36647482639208057,59,0.0107421875,zip,0.0684356689453125,0.00390625,archive,0.0033111572265625,0.06977164983896067,304.40234375,0.4216461181640625,1.1269194394291118,0.03228759765625,0.04254150390625,0.030181884765625,model_checkpoint,65536,True,model,1.0,protected-gru-fragment,protected GRU prefix only,f989b1ae1da0d8e44f585f667dd58bf28bd51d7421691cd11c1ee67a72a269bf,65536,train,zstd|3|zero-run,0.5,zero-run,{},65552,256,0.0123443603515625,0.0213623046875
7.109619140625,0.537353515625,7.3824255396486445,0.0064773552549741474,zstd,"{""level"": 3}",58242,231.22457229050383,0.0002702999918255955,0.0,4.976471245544808,0.012559099995996803,0.0294189453125,1.4184520799362934,.pt,65536,7.964588924379501,1.0,1.0,0.0,0.0,3,7.1635401656392155,0.36647482639208057,59,0.0107421875,zip,0.0684356689453125,0.00390625,archive,0.0033111572265625,0.06977164983896067,304.40234375,0.4216461181640625,1.1252360839256894,0.03228759765625,0.04254150390625,0.030181884765625,model_checkpoint,65536,True,model,1.0,protected-gru-fragment,protected GRU prefix only,f989b1ae1da0d8e44f585f667dd58bf28bd51d7421691cd11c1ee67a72a269bf,65536,train,zstd|3|dictionary,0.5,dictionary,"{""dictionary"": ""structured-v1""}",65908,256,0.0123443603515625,0.0213623046875
7.029052734375,0.537353515625,7.3824255396486445,0.0064773552549741474,brotli,"{""level"": 6}",57582,20.55447757865817,0.003040700001292862,0.0,4.917387885327231,0.01270999999542255,0.0294189453125,1.4184520799362934,.pt,65536,7.964588924379501,1.0,1.0,0.0,0.0,6,7.1635401656392155,0.36647482639208057,59,0.0107421875,zip,0.0684356689453125,0.00390625,archive,0.0033111572265625,0.06977164983896067,304.40234375,0.4216461181640625,1.1381334444791775,0.03228759765625,0.04254150390625,0.030181884765625,model_checkpoint,65536,True,model,1.0,protected-gru-fragment,protected GRU prefix only,f989b1ae1da0d8e44f585f667dd58bf28bd51d7421691cd11c1ee67a72a269bf,65536,train,brotli|6|dictionary,0.5,dictionary,"{""dictionary"": ""structured-v1""}",65908,256,0.0123443603515625,0.0213623046875
7.7030029296875,0.537353515625,7.3824255396486445,0.0064773552549741474,deflate,"{""level"": 6, ""wrapper"": ""zlib""}",63103,27.738327708394653,0.002253200000268407,0.0,6.927587317148832,0.009021899997605942,0.0294189453125,1.4184520799362934,.pt,65536,7.964588924379501,1.0,1.0,0.0,0.0,6,7.1635401656392155,0.36647482639208057,59,0.0107421875,zip,0.0684356689453125,0.00390625,archive,0.0033111572265625,0.06977164983896067,304.40234375,0.4216461181640625,1.0385560116000825,0.03228759765625,0.04254150390625,0.030181884765625,model_checkpoint,65536,True,model,1.0,protected-gru-fragment,protected GRU prefix only,f989b1ae1da0d8e44f585f667dd58bf28bd51d7421691cd11c1ee67a72a269bf,65536,train,deflate|6|delta,0.5,delta,{},65536,256,0.0123443603515625,0.0213623046875
6.7734375,0.537353515625,7.3824255396486445,0.0064773552549741474,lzma2,"{""container"": ""xz"", ""filter"": ""lzma2"", ""level"": 3}",55488,4.205752122993665,0.01486060000024736,0.0,13.513805702050101,0.0046249000006355345,0.0294189453125,1.4184520799362934,.pt,65536,7.964588924379501,1.0,1.0,0.0,0.0,3,7.1635401656392155,0.36647482639208057,59,0.0107421875,zip,0.0684356689453125,0.00390625,archive,0.0033111572265625,0.06977164983896067,304.40234375,0.4216461181640625,1.1810841983852365,0.03228759765625,0.04254150390625,0.030181884765625,model_checkpoint,65536,True,model,1.0,protected-gru-fragment,protected GRU prefix only,f989b1ae1da0d8e44f585f667dd58bf28bd51d7421691cd11c1ee67a72a269bf,65536,train,lzma2|3|byte-shuffle,0.5,byte-shuffle,"{""original_size"": 65536}",65536,256,0.0123443603515625,0.0213623046875
8.0,1.0,3.2366877589247385,0.02439820129102088,raw,"{""level"": null}",16400,4227.098032737885,3.6999990697950125e-06,0.0,5213.405187258379,3.000008291564882e-06,6.097560975609756e-05,0.049108056252073595,.sqlite,16400,3.73469565779447,0.0,1.0,0.0,0.0,,3.228910847793705,0.015581980499949086,4,0.988780487804878,sqlite,0.3331707317073171,0.00390625,unknown,0.0,0.00010666666666666667,304.40234375,0.5716463414634146,1.0,0.9939024390243902,0.9990243902439024,0.28554878048780485,database_fragment,16400,True,database,0.0,sqlite-fragment,generated deterministic SQLite-like fragment,35c4601099149ad2fbc51c52814acff22fffe1b15a3a98a081fed9eca582f1a4,16400,train,raw|default|identity,0.0,identity,{},16400,21,0.00012195121951219512,0.3331707317073171
0.026829268292682926,1.0,3.2366877589247385,0.02439820129102088,zstd,"{""level"": 1}",55,457.3175287613086,3.4199998481199145e-05,0.0,1086.1295929504022,1.4399993233382702e-05,6.097560975609756e-05,0.049108056252073595,.sqlite,16400,3.73469565779447,0.0,1.0,0.0,0.0,1,3.228910847793705,0.015581980499949086,4,0.988780487804878,sqlite,0.3331707317073171,0.00390625,unknown,0.0,0.00010666666666666667,304.40234375,0.5716463414634146,298.1818181818182,0.9939024390243902,0.9990243902439024,0.28554878048780485,database_fragment,16400,True,database,0.0,sqlite-fragment,generated deterministic SQLite-like fragment,35c4601099149ad2fbc51c52814acff22fffe1b15a3a98a081fed9eca582f1a4,16400,train,zstd|1|identity,0.0,identity,{},16400,21,0.00012195121951219512,0.3331707317073171
0.026829268292682926,1.0,3.2366877589247385,0.02439820129102088,zstd,"{""level"": 3}",55,502.9021475068034,3.1100003980100155e-05,0.0,1503.8722116969504,1.0399991879239678e-05,6.097560975609756e-05,0.049108056252073595,.sqlite,16400,3.73469565779447,0.0,1.0,0.0,0.0,3,3.228910847793705,0.015581980499949086,4,0.988780487804878,sqlite,0.3331707317073171,0.00390625,unknown,0.0,0.00010666666666666667,304.40234375,0.5716463414634146,298.1818181818182,0.9939024390243902,0.9990243902439024,0.28554878048780485,database_fragment,16400,True,database,0.0,sqlite-fragment,generated deterministic SQLite-like fragment,35c4601099149ad2fbc51c52814acff22fffe1b15a3a98a081fed9eca582f1a4,16400,train,zstd|3|identity,0.0,identity,{},16400,21,0.00012195121951219512,0.3331707317073171
0.026829268292682926,1.0,3.2366877589247385,0.02439820129102088,zstd,"{""level"": 9}",55,570.8125654238937,2.7399990358389914e-05,0.0,1629.1935662347073,9.60000033956021e-06,6.097560975609756e-05,0.049108056252073595,.sqlite,16400,3.73469565779447,0.0,1.0,0.0,0.0,9,3.228910847793705,0.015581980499949086,4,0.988780487804878,sqlite,0.3331707317073171,0.00390625,unknown,0.0,0.00010666666666666667,304.40234375,0.5716463414634146,298.1818181818182,0.9939024390243902,0.9990243902439024,0.28554878048780485,database_fragment,16400,True,database,0.0,sqlite-fragment,generated deterministic SQLite-like fragment,35c4601099149ad2fbc51c52814acff22fffe1b15a3a98a081fed9eca582f1a4,16400,train,zstd|9|identity,0.0,identity,{},16400,21,0.00012195121951219512,0.3331707317073171
0.0351219512195122,1.0,3.2366877589247385,0.02439820129102088,brotli,"{""level"": 1}",72,412.6717625250147,3.789999755099416e-05,0.0,243.23882586203112,6.430000939872116e-05,6.097560975609756e-05,0.049108056252073595,.sqlite,16400,3.73469565779447,0.0,1.0,0.0,0.0,1,3.228910847793705,0.015581980499949086,4,0.988780487804878,sqlite,0.3331707317073171,0.00390625,unknown,0.0,0.00010666666666666667,304.40234375,0.5716463414634146,227.77777777777777,0.9939024390243902,0.9990243902439024,0.28554878048780485,database_fragment,16400,True,database,0.0,sqlite-fragment,generated deterministic SQLite-like fragment,35c4601099149ad2fbc51c52814acff22fffe1b15a3a98a081fed9eca582f1a4,16400,train,brotli|1|identity,0.0,identity,{},16400,21,0.00012195121951219512,0.3331707317073171
0.025365853658536587,1.0,3.2366877589247385,0.02439820129102088,brotli,"{""level"": 6}",52,61.966159763424145,0.00025240000104531646,0.0,375.0661815562664,4.169999738223851e-05,6.097560975609756e-05,0.049108056252073595,.sqlite,16400,3.73469565779447,0.0,1.0,0.0,0.0,6,3.228910847793705,0.015581980499949086,4,0.988780487804878,sqlite,0.3331707317073171,0.00390625,unknown,0.0,0.00010666666666666667,304.40234375,0.5716463414634146,315.38461538461536,0.9939024390243902,0.9990243902439024,0.28554878048780485,database_fragment,16400,True,database,0.0,sqlite-fragment,generated deterministic SQLite-like fragment,35c4601099149ad2fbc51c52814acff22fffe1b15a3a98a081fed9eca582f1a4,16400,train,brotli|6|identity,0.0,identity,{},16400,21,0.00012195121951219512,0.3331707317073171
0.027317073170731707,1.0,3.2366877589247385,0.02439820129102088,brotli,"{""level"": 9}",56,73.67055437450242,0.00021230000129435211,0.0,475.38797011769805,3.2899988582357764e-05,6.097560975609756e-05,0.049108056252073595,.sqlite,16400,3.73469565779447,0.0,1.0,0.0,0.0,9,3.228910847793705,0.015581980499949086,4,0.988780487804878,sqlite,0.3331707317073171,0.00390625,unknown,0.0,0.00010666666666666667,304.40234375,0.5716463414634146,292.85714285714283,0.9939024390243902,0.9990243902439024,0.28554878048780485,database_fragment,16400,True,database,0.0,sqlite-fragment,generated deterministic SQLite-like fragment,35c4601099149ad2fbc51c52814acff22fffe1b15a3a98a081fed9eca582f1a4,16400,train,brotli|9|identity,0.0,identity,{},16400,21,0.00012195121951219512,0.3331707317073171
0.10682926829268292,1.0,3.2366877589247385,0.02439820129102088,deflate,"{""level"": 1, ""wrapper"": ""zlib""}",219,615.7581174178948,2.540000423323363e-05,0.0,971.4442725129792,1.610000617802143e-05,6.097560975609756e-05,0.049108056252073595,.sqlite,16400,3.73469565779447,0.0,1.0,0.0,0.0,1,3.228910847793705,0.015581980499949086,4,0.988780487804878,sqlite,0.3331707317073171,0.00390625,unknown,0.0,0.00010666666666666667,304.40234375,0.5716463414634146,74.88584474885845,0.9939024390243902,0.9990243902439024,0.28554878048780485,database_fragment,16400,True,database,0.0,sqlite-fragment,generated deterministic SQLite-like fragment,35c4601099149ad2fbc51c52814acff22fffe1b15a3a98a081fed9eca582f1a4,16400,train,deflate|1|identity,0.0,identity,{},16400,21,0.00012195121951219512,0.3331707317073171
0.050731707317073174,1.0,3.2366877589247385,0.02439820129102088,deflate,"{""level"": 6, ""wrapper"": ""zlib""}",104,317.2466475986387,4.9299997044727206e-05,0.0,1150.018885387632,1.3600001693703234e-05,6.097560975609756e-05,0.049108056252073595,.sqlite,16400,3.73469565779447,0.0,1.0,0.0,0.0,6,3.228910847793705,0.015581980499949086,4,0.988780487804878,sqlite,0.3331707317073171,0.00390625,unknown,0.0,0.00010666666666666667,304.40234375,0.5716463414634146,157.69230769230768,0.9939024390243902,0.9990243902439024,0.28554878048780485,database_fragment,16400,True,database,0.0,sqlite-fragment,generated deterministic SQLite-like fragment,35c4601099149ad2fbc51c52814acff22fffe1b15a3a98a081fed9eca582f1a4,16400,train,deflate|6|identity,0.0,identity,{},16400,21,0.00012195121951219512,0.3331707317073171
0.05024390243902439,1.0,3.2366877589247385,0.02439820129102088,deflate,"{""level"": 9, ""wrapper"": ""zlib""}",103,254.7273340892113,6.140000186860561e-05,0.0,864.1030629784648,1.8099992303177714e-05,6.097560975609756e-05,0.049108056252073595,.sqlite,16400,3.73469565779447,0.0,1.0,0.0,0.0,9,3.228910847793705,0.015581980499949086,4,0.988780487804878,sqlite,0.3331707317073171,0.00390625,unknown,0.0,0.00010666666666666667,304.40234375,0.5716463414634146,159.2233009708738,0.9939024390243902,0.9990243902439024,0.28554878048780485,database_fragment,16400,True,database,0.0,sqlite-fragment,generated deterministic SQLite-like fragment,35c4601099149ad2fbc51c52814acff22fffe1b15a3a98a081fed9eca582f1a4,16400,train,deflate|9|identity,0.0,identity,{},16400,21,0.00012195121951219512,0.3331707317073171
0.07609756097560975,1.0,3.2366877589247385,0.02439820129102088,lzma2,"{""container"": ""xz"", ""filter"": ""lzma2"", ""level"": 0}",156,61.79478188196229,0.0002530999918235466,0.0,206.60845387523105,7.569999434053898e-05,6.097560975609756e-05,0.049108056252073595,.sqlite,16400,3.73469565779447,0.0,1.0,0.0,0.0,0,3.228910847793705,0.015581980499949086,4,0.988780487804878,sqlite,0.3331707317073171,0.00390625,unknown,0.0,0.00010666666666666667,304.40234375,0.5716463414634146,105.12820512820512,0.9939024390243902,0.9990243902439024,0.28554878048780485,database_fragment,16400,True,database,0.0,sqlite-fragment,generated deterministic SQLite-like fragment,35c4601099149ad2fbc51c52814acff22fffe1b15a3a98a081fed9eca582f1a4,16400,train,lzma2|0|identity,0.0,identity,{},16400,21,0.00012195121951219512,0.3331707317073171
0.07609756097560975,1.0,3.2366877589247385,0.02439820129102088,lzma2,"{""container"": ""xz"", ""filter"": ""lzma2"", ""level"": 3}",156,5.206304315371165,0.003004099999088794,0.0,152.5878985414863,0.0001024999946821481,6.097560975609756e-05,0.049108056252073595,.sqlite,16400,3.73469565779447,0.0,1.0,0.0,0.0,3,3.228910847793705,0.015581980499949086,4,0.988780487804878,sqlite,0.3331707317073171,0.00390625,unknown,0.0,0.00010666666666666667,304.40234375,0.5716463414634146,105.12820512820512,0.9939024390243902,0.9990243902439024,0.28554878048780485,database_fragment,16400,True,database,0.0,sqlite-fragment,generated deterministic SQLite-like fragment,35c4601099149ad2fbc51c52814acff22fffe1b15a3a98a081fed9eca582f1a4,16400,train,lzma2|3|identity,0.0,identity,{},16400,21,0.00012195121951219512,0.3331707317073171
0.07609756097560975,1.0,3.2366877589247385,0.02439820129102088,lzma2,"{""container"": ""xz"", ""filter"": ""lzma2"", ""level"": 6}",156,3.5611600406839994,0.004391900001792237,0.0,175.9309338876484,8.889999298844486e-05,6.097560975609756e-05,0.049108056252073595,.sqlite,16400,3.73469565779447,0.0,1.0,0.0,0.0,6,3.228910847793705,0.015581980499949086,4,0.988780487804878,sqlite,0.3331707317073171,0.00390625,unknown,0.0,0.00010666666666666667,304.40234375,0.5716463414634146,105.12820512820512,0.9939024390243902,0.9990243902439024,0.28554878048780485,database_fragment,16400,True,database,0.0,sqlite-fragment,generated deterministic SQLite-like fragment,35c4601099149ad2fbc51c52814acff22fffe1b15a3a98a081fed9eca582f1a4,16400,train,lzma2|6|identity,0.0,identity,{},16400,21,0.00012195121951219512,0.3331707317073171
0.055121951219512196,1.0,3.2366877589247385,0.02439820129102088,bzip2,"{""level"": 1}",113,4.849692636252165,0.003225000007660128,0.0,106.39631913756044,0.00014699999883305281,6.097560975609756e-05,0.049108056252073595,.sqlite,16400,3.73469565779447,0.0,1.0,0.0,0.0,1,3.228910847793705,0.015581980499949086,4,0.988780487804878,sqlite,0.3331707317073171,0.00390625,unknown,0.0,0.00010666666666666667,304.40234375,0.5716463414634146,145.13274336283186,0.9939024390243902,0.9990243902439024,0.28554878048780485,database_fragment,16400,True,database,0.0,sqlite-fragment,generated deterministic SQLite-like fragment,35c4601099149ad2fbc51c52814acff22fffe1b15a3a98a081fed9eca582f1a4,16400,train,bzip2|1|identity,0.0,identity,{},16400,21,0.00012195121951219512,0.3331707317073171
0.055121951219512196,1.0,3.2366877589247385,0.02439820129102088,bzip2,"{""level"": 9}",113,4.56010811405214,0.0034297999955015257,0.0,78.47595816291603,0.0001993000041693449,6.097560975609756e-05,0.049108056252073595,.sqlite,16400,3.73469565779447,0.0,1.0,0.0,0.0,9,3.228910847793705,0.015581980499949086,4,0.988780487804878,sqlite,0.3331707317073171,0.00390625,unknown,0.0,0.00010666666666666667,304.40234375,0.5716463414634146,145.13274336283186,0.9939024390243902,0.9990243902439024,0.28554878048780485,database_fragment,16400,True,database,0.0,sqlite-fragment,generated deterministic SQLite-like fragment,35c4601099149ad2fbc51c52814acff22fffe1b15a3a98a081fed9eca582f1a4,16400,train,bzip2|9|identity,0.0,identity,{},16400,21,0.00012195121951219512,0.3331707317073171
3.3492682926829267,1.0,3.2366877589247385,0.02439820129102088,xai-static,"{""coder"": ""adaptive-arithmetic32-v1"", ""level"": null, ""original_size"": 16400}",6866,0.011052558419267984,1.415080400009174,0.0,0.010349046787880897,1.5112752999993972,6.097560975609756e-05,0.049108056252073595,.sqlite,16400,3.73469565779447,0.0,1.0,0.0,0.0,,3.228910847793705,0.015581980499949086,4,0.988780487804878,sqlite,0.3331707317073171,0.00390625,unknown,0.0,0.00010666666666666667,304.40234375,0.5716463414634146,2.3885814156714242,0.9939024390243902,0.9990243902439024,0.28554878048780485,database_fragment,16400,True,database,0.0,sqlite-fragment,generated deterministic SQLite-like fragment,35c4601099149ad2fbc51c52814acff22fffe1b15a3a98a081fed9eca582f1a4,16400,train,xai-static|default|identity,0.0,identity,{},16400,21,0.00012195121951219512,0.3331707317073171
0.04048780487804878,1.0,3.2366877589247385,0.02439820129102088,zstd,"{""level"": 3}",83,268.2720534552067,5.8299992815591395e-05,0.0,2.4900112715717775,0.0062811999960104,6.097560975609756e-05,0.049108056252073595,.sqlite,16400,3.73469565779447,0.0,1.0,0.0,0.0,3,3.228910847793705,0.015581980499949086,4,0.988780487804878,sqlite,0.3331707317073171,0.00390625,unknown,0.0,0.00010666666666666667,304.40234375,0.5716463414634146,197.59036144578315,0.9939024390243902,0.9990243902439024,0.28554878048780485,database_fragment,16400,True,database,0.0,sqlite-fragment,generated deterministic SQLite-like fragment,35c4601099149ad2fbc51c52814acff22fffe1b15a3a98a081fed9eca582f1a4,16400,train,zstd|3|rle,0.0,rle,{},26556,21,0.00012195121951219512,0.3331707317073171
0.027317073170731707,1.0,3.2366877589247385,0.02439820129102088,zstd,"{""level"": 3}",56,286.9771858041681,5.4500007536262274e-05,0.0,5.786687422546236,0.0027028000040445477,6.097560975609756e-05,0.049108056252073595,.sqlite,16400,3.73469565779447,0.0,1.0,0.0,0.0,3,3.228910847793705,0.015581980499949086,4,0.988780487804878,sqlite,0.3331707317073171,0.00390625,unknown,0.0,0.00010666666666666667,304.40234375,0.5716463414634146,292.85714285714283,0.9939024390243902,0.9990243902439024,0.28554878048780485,database_fragment,16400,True,database,0.0,sqlite-fragment,generated deterministic SQLite-like fragment,35c4601099149ad2fbc51c52814acff22fffe1b15a3a98a081fed9eca582f1a4,16400,train,zstd|3|delta,0.0,delta,{},16400,21,0.00012195121951219512,0.3331707317073171
0.03024390243902439,1.0,3.2366877589247385,0.02439820129102088,zstd,"{""level"": 3}",62,291.7958692108627,5.360000068321824e-05,0.0,339.26807341488296,4.610000178217888e-05,6.097560975609756e-05,0.049108056252073595,.sqlite,16400,3.73469565779447,0.0,1.0,0.0,0.0,3,3.228910847793705,0.015581980499949086,4,0.988780487804878,sqlite,0.3331707317073171,0.00390625,unknown,0.0,0.00010666666666666667,304.40234375,0.5716463414634146,264.51612903225805,0.9939024390243902,0.9990243902439024,0.28554878048780485,database_fragment,16400,True,database,0.0,sqlite-fragment,generated deterministic SQLite-like fragment,35c4601099149ad2fbc51c52814acff22fffe1b15a3a98a081fed9eca582f1a4,16400,train,zstd|3|byte-shuffle,0.0,byte-shuffle,"{""original_size"": 16400}",16400,21,0.00012195121951219512,0.3331707317073171
0.026829268292682926,1.0,3.2366877589247385,0.02439820129102088,zstd,"{""level"": 3}",55,261.9809328437519,5.9699988923966885e-05,0.0,4.674874087178969,0.0033456000091973692,6.097560975609756e-05,0.049108056252073595,.sqlite,16400,3.73469565779447,0.0,1.0,0.0,0.0,3,3.228910847793705,0.015581980499949086,4,0.988780487804878,sqlite,0.3331707317073171,0.00390625,unknown,0.0,0.00010666666666666667,304.40234375,0.5716463414634146,298.1818181818182,0.9939024390243902,0.9990243902439024,0.28554878048780485,database_fragment,16400,True,database,0.0,sqlite-fragment,generated deterministic SQLite-like fragment,35c4601099149ad2fbc51c52814acff22fffe1b15a3a98a081fed9eca582f1a4,16400,train,zstd|3|zero-run,0.0,zero-run,{},15620,21,0.00012195121951219512,0.3331707317073171
0.026829268292682926,1.0,3.2366877589247385,0.02439820129102088,zstd,"{""level"": 3}",55,258.09009701277495,6.059999577701092e-05,0.0,5.655899464994388,0.0027652999997371808,6.097560975609756e-05,0.049108056252073595,.sqlite,16400,3.73469565779447,0.0,1.0,0.0,0.0,3,3.228910847793705,0.015581980499949086,4,0.988780487804878,sqlite,0.3331707317073171,0.00390625,unknown,0.0,0.00010666666666666667,304.40234375,0.5716463414634146,298.1818181818182,0.9939024390243902,0.9990243902439024,0.28554878048780485,database_fragment,16400,True,database,0.0,sqlite-fragment,generated deterministic SQLite-like fragment,35c4601099149ad2fbc51c52814acff22fffe1b15a3a98a081fed9eca582f1a4,16400,train,zstd|3|dictionary,0.0,dictionary,"{""dictionary"": ""structured-v1""}",16400,21,0.00012195121951219512,0.3331707317073171
0.025365853658536587,1.0,3.2366877589247385,0.02439820129102088,brotli,"{""level"": 6}",52,65.6326440683907,0.00023829999554436654,0.0,5.132497234680055,0.0030472999933408573,6.097560975609756e-05,0.049108056252073595,.sqlite,16400,3.73469565779447,0.0,1.0,0.0,0.0,6,3.228910847793705,0.015581980499949086,4,0.988780487804878,sqlite,0.3331707317073171,0.00390625,unknown,0.0,0.00010666666666666667,304.40234375,0.5716463414634146,315.38461538461536,0.9939024390243902,0.9990243902439024,0.28554878048780485,database_fragment,16400,True,database,0.0,sqlite-fragment,generated deterministic SQLite-like fragment,35c4601099149ad2fbc51c52814acff22fffe1b15a3a98a081fed9eca582f1a4,16400,train,brotli|6|dictionary,0.0,dictionary,"{""dictionary"": ""structured-v1""}",16400,21,0.00012195121951219512,0.3331707317073171
0.055609756097560976,1.0,3.2366877589247385,0.02439820129102088,deflate,"{""level"": 6, ""wrapper"": ""zlib""}",114,198.4804329379263,7.88000033935532e-05,0.0,7.387935198843501,0.0021169999963603914,6.097560975609756e-05,0.049108056252073595,.sqlite,16400,3.73469565779447,0.0,1.0,0.0,0.0,6,3.228910847793705,0.015581980499949086,4,0.988780487804878,sqlite,0.3331707317073171,0.00390625,unknown,0.0,0.00010666666666666667,304.40234375,0.5716463414634146,143.859649122807,0.9939024390243902,0.9990243902439024,0.28554878048780485,database_fragment,16400,True,database,0.0,sqlite-fragment,generated deterministic SQLite-like fragment,35c4601099149ad2fbc51c52814acff22fffe1b15a3a98a081fed9eca582f1a4,16400,train,deflate|6|delta,0.0,delta,{},16400,21,0.00012195121951219512,0.3331707317073171
0.07804878048780488,1.0,3.2366877589247385,0.02439820129102088,lzma2,"{""container"": ""xz"", ""filter"": ""lzma2"", ""level"": 3}",160,6.054606196879447,0.0025832000101218,0.0,112.51983876060406,0.000139000010676682,6.097560975609756e-05,0.049108056252073595,.sqlite,16400,3.73469565779447,0.0,1.0,0.0,0.0,3,3.228910847793705,0.015581980499949086,4,0.988780487804878,sqlite,0.3331707317073171,0.00390625,unknown,0.0,0.00010666666666666667,304.40234375,0.5716463414634146,102.5,0.9939024390243902,0.9990243902439024,0.28554878048780485,database_fragment,16400,True,database,0.0,sqlite-fragment,generated deterministic SQLite-like fragment,35c4601099149ad2fbc51c52814acff22fffe1b15a3a98a081fed9eca582f1a4,16400,train,lzma2|3|byte-shuffle,0.0,byte-shuffle,"{""original_size"": 16400}",16400,21,0.00012195121951219512,0.3331707317073171
8.0,0.54168701171875,7.249170094018037,0.007128102521790889,raw,"{""level"": null}",32768,8012.819295090409,3.9000005926936865e-06,0.0,10775.888160733819,2.8999929782003164e-06,0.0306396484375,0.5884855086107956,.bin,32768,7.997315973041403,0.0,1.0,0.0,0.0,,6.45979694249811,0.23244110052207848,2,0.0,unknown,0.06671142578125,0.00390625,application,0.0023193359375,0.06930829766671269,304.40234375,0.44207763671875,1.0,0.0,0.0,0.00726318359375,numeric_float,32768,True,scientific,1.0,numeric-float,generated float32 array,5a7ab788deff53953c535bda46580ec1281ba4fd3d658af9647a9976b9380ee9,32768,train,raw|default|identity,0.5,identity,{},32768,256,0.0111083984375,0.00238037109375
7.28369140625,0.54168701171875,7.249170094018037,0.007128102521790889,zstd,"{""level"": 1}",29834,297.61904998167154,0.0001049999991664663,0.0,492.1259586216885,6.350000330712646e-05,0.0306396484375,0.5884855086107956,.bin,32768,7.997315973041403,0.0,1.0,0.0,0.0,1,6.45979694249811,0.23244110052207848,2,0.0,unknown,0.06671142578125,0.00390625,application,0.0023193359375,0.06930829766671269,304.40234375,0.44207763671875,1.098344171079976,0.0,0.0,0.00726318359375,numeric_float,32768,True,scientific,1.0,numeric-float,generated float32 array,5a7ab788deff53953c535bda46580ec1281ba4fd3d658af9647a9976b9380ee9,32768,train,zstd|1|identity,0.5,identity,{},32768,256,0.0111083984375,0.00238037109375
7.28369140625,0.54168701171875,7.249170094018037,0.007128102521790889,zstd,"{""level"": 3}",29834,268.2403446792889,0.00011649999942164868,0.0,542.5347030323057,5.7600002037361264e-05,0.0306396484375,0.5884855086107956,.bin,32768,7.997315973041403,0.0,1.0,0.0,0.0,3,6.45979694249811,0.23244110052207848,2,0.0,unknown,0.06671142578125,0.00390625,application,0.0023193359375,0.06930829766671269,304.40234375,0.44207763671875,1.098344171079976,0.0,0.0,0.00726318359375,numeric_float,32768,True,scientific,1.0,numeric-float,generated float32 array,5a7ab788deff53953c535bda46580ec1281ba4fd3d658af9647a9976b9380ee9,32768,train,zstd|3|identity,0.5,identity,{},32768,256,0.0111083984375,0.00238037109375
7.28369140625,0.54168701171875,7.249170094018037,0.007128102521790889,zstd,"{""level"": 9}",29834,238.73186977446977,0.00013089999265503138,0.0,548.2456383823376,5.699999746866524e-05,0.0306396484375,0.5884855086107956,.bin,32768,7.997315973041403,0.0,1.0,0.0,0.0,9,6.45979694249811,0.23244110052207848,2,0.0,unknown,0.06671142578125,0.00390625,application,0.0023193359375,0.06930829766671269,304.40234375,0.44207763671875,1.098344171079976,0.0,0.0,0.00726318359375,numeric_float,32768,True,scientific,1.0,numeric-float,generated float32 array,5a7ab788deff53953c535bda46580ec1281ba4fd3d658af9647a9976b9380ee9,32768,train,zstd|9|identity,0.5,identity,{},32768,256,0.0111083984375,0.00238037109375
7.292236328125,0.54168701171875,7.249170094018037,0.007128102521790889,brotli,"{""level"": 1}",29869,208.61147417501425,0.00014980000560171902,0.0,132.6963887831738,0.00023550000332761556,0.0306396484375,0.5884855086107956,.bin,32768,7.997315973041403,0.0,1.0,0.0,0.0,1,6.45979694249811,0.23244110052207848,2,0.0,unknown,0.06671142578125,0.00390625,application,0.0023193359375,0.06930829766671269,304.40234375,0.44207763671875,1.0970571495530483,0.0,0.0,0.00726318359375,numeric_float,32768,True,scientific,1.0,numeric-float,generated float32 array,5a7ab788deff53953c535bda46580ec1281ba4fd3d658af9647a9976b9380ee9,32768,train,brotli|1|identity,0.5,identity,{},32768,256,0.0111083984375,0.00238037109375
4.014892578125,0.54168701171875,7.249170094018037,0.007128102521790889,brotli,"{""level"": 6}",16445,10.555292836944826,0.0029606000025523826,0.0,82.17196950625693,0.0003802999999606982,0.0306396484375,0.5884855086107956,.bin,32768,7.997315973041403,0.0,1.0,0.0,0.0,6,6.45979694249811,0.23244110052207848,2,0.0,unknown,0.06671142578125,0.00390625,application,0.0023193359375,0.06930829766671269,304.40234375,0.44207763671875,1.9925813317117664,0.0,0.0,0.00726318359375,numeric_float,32768,True,scientific,1.0,numeric-float,generated float32 array,5a7ab788deff53953c535bda46580ec1281ba4fd3d658af9647a9976b9380ee9,32768,train,brotli|6|identity,0.5,identity,{},32768,256,0.0111083984375,0.00238037109375
4.013671875,0.54168701171875,7.249170094018037,0.007128102521790889,brotli,"{""level"": 9}",16440,1.7661653575996086,0.017693700006930158,0.0,84.73427338653174,0.0003687999997055158,0.0306396484375,0.5884855086107956,.bin,32768,7.997315973041403,0.0,1.0,0.0,0.0,9,6.45979694249811,0.23244110052207848,2,0.0,unknown,0.06671142578125,0.00390625,application,0.0023193359375,0.06930829766671269,304.40234375,0.44207763671875,1.9931873479318736,0.0,0.0,0.00726318359375,numeric_float,32768,True,scientific,1.0,numeric-float,generated float32 array,5a7ab788deff53953c535bda46580ec1281ba4fd3d658af9647a9976b9380ee9,32768,train,brotli|9|identity,0.5,identity,{},32768,256,0.0111083984375,0.00238037109375
8.41796875,0.54168701171875,7.249170094018037,0.007128102521790889,deflate,"{""level"": 1, ""wrapper"": ""zlib""}",34480,101.79152784677166,0.00030700000934302807,0.0,256.5681526665609,0.00012179999612271786,0.0306396484375,0.5884855086107956,.bin,32768,7.997315973041403,0.0,1.0,0.0,0.0,1,6.45979694249811,0.23244110052207848,2,0.0,unknown,0.06671142578125,0.00390625,application,0.0023193359375,0.06930829766671269,304.40234375,0.44207763671875,0.9503480278422274,0.0,0.0,0.00726318359375,numeric_float,32768,True,scientific,1.0,numeric-float,generated float32 array,5a7ab788deff53953c535bda46580ec1281ba4fd3d658af9647a9976b9380ee9,32768,train,deflate|1|identity,0.5,identity,{},32768,256,0.0111083984375,0.00238037109375
7.102294921875,0.54168701171875,7.249170094018037,0.007128102521790889,deflate,"{""level"": 6, ""wrapper"": ""zlib""}",29091,33.17057638883558,0.0009420999995199963,0.0,223.05497674497835,0.00014009998994879425,0.0306396484375,0.5884855086107956,.bin,32768,7.997315973041403,0.0,1.0,0.0,0.0,6,6.45979694249811,0.23244110052207848,2,0.0,unknown,0.06671142578125,0.00390625,application,0.0023193359375,0.06930829766671269,304.40234375,0.44207763671875,1.126396480011,0.0,0.0,0.00726318359375,numeric_float,32768,True,scientific,1.0,numeric-float,generated float32 array,5a7ab788deff53953c535bda46580ec1281ba4fd3d658af9647a9976b9380ee9,32768,train,deflate|6|identity,0.5,identity,{},32768,256,0.0111083984375,0.00238037109375
5.5869140625,0.54168701171875,7.249170094018037,0.007128102521790889,deflate,"{""level"": 9, ""wrapper"": ""zlib""}",22884,20.777925534115035,0.0015039999998407438,0.0,215.66598041346322,0.00014489999739453197,0.0306396484375,0.5884855086107956,.bin,32768,7.997315973041403,0.0,1.0,0.0,0.0,9,6.45979694249811,0.23244110052207848,2,0.0,unknown,0.06671142578125,0.00390625,application,0.0023193359375,0.06930829766671269,304.40234375,0.44207763671875,1.4319174969410942,0.0,0.0,0.00726318359375,numeric_float,32768,True,scientific,1.0,numeric-float,generated float32 array,5a7ab788deff53953c535bda46580ec1281ba4fd3d658af9647a9976b9380ee9,32768,train,deflate|9|identity,0.5,identity,{},32768,256,0.0111083984375,0.00238037109375
3.09765625,0.54168701171875,7.249170094018037,0.007128102521790889,lzma2,"{""container"": ""xz"", ""filter"": ""lzma2"", ""level"": 0}",12688,9.272997056678665,0.0033699999912641943,0.0,26.789541233565785,0.0011665000056382269,0.0306396484375,0.5884855086107956,.bin,32768,7.997315973041403,0.0,1.0,0.0,0.0,0,6.45979694249811,0.23244110052207848,2,0.0,unknown,0.06671142578125,0.00390625,application,0.0023193359375,0.06930829766671269,304.40234375,0.44207763671875,2.5825977301387137,0.0,0.0,0.00726318359375,numeric_float,32768,True,scientific,1.0,numeric-float,generated float32 array,5a7ab788deff53953c535bda46580ec1281ba4fd3d658af9647a9976b9380ee9,32768,train,lzma2|0|identity,0.5,identity,{},32768,256,0.0111083984375,0.00238037109375
3.2890625,0.54168701171875,7.249170094018037,0.007128102521790889,lzma2,"{""container"": ""xz"", ""filter"": ""lzma2"", ""level"": 3}",13472,4.952456420715269,0.006309999997029081,0.0,25.55192151912952,0.0012229999992996454,0.0306396484375,0.5884855086107956,.bin,32768,7.997315973041403,0.0,1.0,0.0,0.0,3,6.45979694249811,0.23244110052207848,2,0.0,unknown,0.06671142578125,0.00390625,application,0.0023193359375,0.06930829766671269,304.40234375,0.44207763671875,2.4323040380047507,0.0,0.0,0.00726318359375,numeric_float,32768,True,scientific,1.0,numeric-float,generated float32 array,5a7ab788deff53953c535bda46580ec1281ba4fd3d658af9647a9976b9380ee9,32768,train,lzma2|3|identity,0.5,identity,{},32768,256,0.0111083984375,0.00238037109375
3.197265625,0.54168701171875,7.249170094018037,0.007128102521790889,lzma2,"{""container"": ""xz"", ""filter"": ""lzma2"", ""level"": 6}",13096,2.897865313465308,0.010783800011267886,0.0,25.228061628036365,0.0012387000024318695,0.0306396484375,0.5884855086107956,.bin,32768,7.997315973041403,0.0,1.0,0.0,0.0,6,6.45979694249811,0.23244110052207848,2,0.0,unknown,0.06671142578125,0.00390625,application,0.0023193359375,0.06930829766671269,304.40234375,0.44207763671875,2.5021380574221137,0.0,0.0,0.00726318359375,numeric_float,32768,True,scientific,1.0,numeric-float,generated float32 array,5a7ab788deff53953c535bda46580ec1281ba4fd3d658af9647a9976b9380ee9,32768,train,lzma2|6|identity,0.5,identity,{},32768,256,0.0111083984375,0.00238037109375
4.150390625,0.54168701171875,7.249170094018037,0.007128102521790889,bzip2,"{""level"": 1}",17000,8.44822926598739,0.0036989999935030937,0.0,23.216939000101366,0.0013460000045597553,0.0306396484375,0.5884855086107956,.bin,32768,7.997315973041403,0.0,1.0,0.0,0.0,1,6.45979694249811,0.23244110052207848,2,0.0,unknown,0.06671142578125,0.00390625,application,0.0023193359375,0.06930829766671269,304.40234375,0.44207763671875,1.927529411764706,0.0,0.0,0.00726318359375,numeric_float,32768,True,scientific,1.0,numeric-float,generated float32 array,5a7ab788deff53953c535bda46580ec1281ba4fd3d658af9647a9976b9380ee9,32768,train,bzip2|1|identity,0.5,identity,{},32768,256,0.0111083984375,0.00238037109375
4.150390625,0.54168701171875,7.249170094018037,0.007128102521790889,bzip2,"{""level"": 9}",17000,8.278584288933065,0.0037748000031569973,0.0,21.283116464240802,0.0014683000044897199,0.0306396484375,0.5884855086107956,.bin,32768,7.997315973041403,0.0,1.0,0.0,0.0,9,6.45979694249811,0.23244110052207848,2,0.0,unknown,0.06671142578125,0.00390625,application,0.0023193359375,0.06930829766671269,304.40234375,0.44207763671875,1.927529411764706,0.0,0.0,0.00726318359375,numeric_float,32768,True,scientific,1.0,numeric-float,generated float32 array,5a7ab788deff53953c535bda46580ec1281ba4fd3d658af9647a9976b9380ee9,32768,train,bzip2|9|identity,0.5,identity,{},32768,256,0.0111083984375,0.00238037109375
7.280029296875,0.54168701171875,7.249170094018037,0.007128102521790889,xai-static,"{""coder"": ""adaptive-arithmetic32-v1"", ""level"": null, ""original_size"": 32768}",29819,0.010190990244960764,3.066434100008337,0.0,0.010632488099869875,2.9391050999984145,0.0306396484375,0.5884855086107956,.bin,32768,7.997315973041403,0.0,1.0,0.0,0.0,,6.45979694249811,0.23244110052207848,2,0.0,unknown,0.06671142578125,0.00390625,application,0.0023193359375,0.06930829766671269,304.40234375,0.44207763671875,1.0988966766155808,0.0,0.0,0.00726318359375,numeric_float,32768,True,scientific,1.0,numeric-float,generated float32 array,5a7ab788deff53953c535bda46580ec1281ba4fd3d658af9647a9976b9380ee9,32768,train,xai-static|default|identity,0.5,identity,{},32768,256,0.0111083984375,0.00238037109375
5.90966796875,0.54168701171875,7.249170094018037,0.007128102521790889,zstd,"{""level"": 3}",24206,46.091445652298724,0.0006779999966965988,0.0,2.1555589278780345,0.01449739999952726,0.0306396484375,0.5884855086107956,.bin,32768,7.997315973041403,0.0,1.0,0.0,0.0,3,6.45979694249811,0.23244110052207848,2,0.0,unknown,0.06671142578125,0.00390625,application,0.0023193359375,0.06930829766671269,304.40234375,0.44207763671875,1.3537139552177146,0.0,0.0,0.00726318359375,numeric_float,32768,True,scientific,1.0,numeric-float,generated float32 array,5a7ab788deff53953c535bda46580ec1281ba4fd3d658af9647a9976b9380ee9,32768,train,zstd|3|rle,0.5,rle,{},65298,256,0.0111083984375,0.00238037109375
8.00244140625,0.54168701171875,7.249170094018037,0.007128102521790889,zstd,"{""level"": 3}",32778,379.2475649825121,8.240000170189887e-05,0.0,7.257315369610181,0.004306000002543442,0.0306396484375,0.5884855086107956,.bin,32768,7.997315973041403,0.0,1.0,0.0,0.0,3,6.45979694249811,0.23244110052207848,2,0.0,unknown,0.06671142578125,0.00390625,application,0.0023193359375,0.06930829766671269,304.40234375,0.44207763671875,0.9996949173225944,0.0,0.0,0.00726318359375,numeric_float,32768,True,scientific,1.0,numeric-float,generated float32 array,5a7ab788deff53953c535bda46580ec1281ba4fd3d658af9647a9976b9380ee9,32768,train,zstd|3|delta,0.5,delta,{},32768,256,0.0111083984375,0.00238037109375
4.129150390625,0.54168701171875,7.249170094018037,0.007128102521790889,zstd,"{""level"": 3}",16913,276.7936199454812,0.000112900001113303,0.0,450.2881547417853,6.940000457689166e-05,0.0306396484375,0.5884855086107956,.bin,32768,7.997315973041403,0.0,1.0,0.0,0.0,3,6.45979694249811,0.23244110052207848,2,0.0,unknown,0.06671142578125,0.00390625,application,0.0023193359375,0.06930829766671269,304.40234375,0.44207763671875,1.937444569266245,0.0,0.0,0.00726318359375,numeric_float,32768,True,scientific,1.0,numeric-float,generated float32 array,5a7ab788deff53953c535bda46580ec1281ba4fd3d658af9647a9976b9380ee9,32768,train,zstd|3|byte-shuffle,0.5,byte-shuffle,"{""original_size"": 32768}",32768,256,0.0111083984375,0.00238037109375
7.302490234375,0.54168701171875,7.249170094018037,0.007128102521790889,zstd,"{""level"": 3}",29911,184.5835701063622,0.00016930000856518745,0.0,4.439992603691322,0.007038300012936816,0.0306396484375,0.5884855086107956,.bin,32768,7.997315973041403,0.0,1.0,0.0,0.0,3,6.45979694249811,0.23244110052207848,2,0.0,unknown,0.06671142578125,0.00390625,application,0.0023193359375,0.06930829766671269,304.40234375,0.44207763671875,1.0955166995419745,0.0,0.0,0.00726318359375,numeric_float,32768,True,scientific,1.0,numeric-float,generated float32 array,5a7ab788deff53953c535bda46580ec1281ba4fd3d658af9647a9976b9380ee9,32768,train,zstd|3|zero-run,0.5,zero-run,{},32842,256,0.0111083984375,0.00238037109375
7.327880859375,0.54168701171875,7.249170094018037,0.007128102521790889,zstd,"{""level"": 3}",30015,162.59104395526188,0.0001922000083141029,0.0,4.962207821678923,0.00629760000447277,0.0306396484375,0.5884855086107956,.bin,32768,7.997315973041403,0.0,1.0,0.0,0.0,3,6.45979694249811,0.23244110052207848,2,0.0,unknown,0.06671142578125,0.00390625,application,0.0023193359375,0.06930829766671269,304.40234375,0.44207763671875,1.0917208062635348,0.0,0.0,0.00726318359375,numeric_float,32768,True,scientific,1.0,numeric-float,generated float32 array,5a7ab788deff53953c535bda46580ec1281ba4fd3d658af9647a9976b9380ee9,32768,train,zstd|3|dictionary,0.5,dictionary,"{""dictionary"": ""structured-v1""}",32962,256,0.0111083984375,0.00238037109375
5.036865234375,0.54168701171875,7.249170094018037,0.007128102521790889,brotli,"{""level"": 6}",20631,7.467679889189149,0.0041846999956760556,0.0,4.7331273497359865,0.0066023999970639125,0.0306396484375,0.5884855086107956,.bin,32768,7.997315973041403,0.0,1.0,0.0,0.0,6,6.45979694249811,0.23244110052207848,2,0.0,unknown,0.06671142578125,0.00390625,application,0.0023193359375,0.06930829766671269,304.40234375,0.44207763671875,1.5882894673064805,0.0,0.0,0.00726318359375,numeric_float,32768,True,scientific,1.0,numeric-float,generated float32 array,5a7ab788deff53953c535bda46580ec1281ba4fd3d658af9647a9976b9380ee9,32768,train,brotli|6|dictionary,0.5,dictionary,"{""dictionary"": ""structured-v1""}",32962,256,0.0111083984375,0.00238037109375
8.00390625,0.54168701171875,7.249170094018037,0.007128102521790889,deflate,"{""level"": 6, ""wrapper"": ""zlib""}",32784,31.25312521625399,0.0009999000030802563,0.0,6.814217167838677,0.004586000010021962,0.0306396484375,0.5884855086107956,.bin,32768,7.997315973041403,0.0,1.0,0.0,0.0,6,6.45979694249811,0.23244110052207848,2,0.0,unknown,0.06671142578125,0.00390625,application,0.0023193359375,0.06930829766671269,304.40234375,0.44207763671875,0.9995119570522206,0.0,0.0,0.00726318359375,numeric_float,32768,True,scientific,1.0,numeric-float,generated float32 array,5a7ab788deff53953c535bda46580ec1281ba4fd3d658af9647a9976b9380ee9,32768,train,deflate|6|delta,0.5,delta,{},32768,256,0.0111083984375,0.00238037109375
2.0830078125,0.54168701171875,7.249170094018037,0.007128102521790889,lzma2,"{""container"": ""xz"", ""filter"": ""lzma2"", ""level"": 3}",8532,6.129373924568538,0.005098399997223169,0.0,32.031570556332284,0.0009755999926710501,0.0306396484375,0.5884855086107956,.bin,32768,7.997315973041403,0.0,1.0,0.0,0.0,3,6.45979694249811,0.23244110052207848,2,0.0,unknown,0.06671142578125,0.00390625,application,0.0023193359375,0.06930829766671269,304.40234375,0.44207763671875,3.840600093764651,0.0,0.0,0.00726318359375,numeric_float,32768,True,scientific,1.0,numeric-float,generated float32 array,5a7ab788deff53953c535bda46580ec1281ba4fd3d658af9647a9976b9380ee9,32768,train,lzma2|3|byte-shuffle,0.5,byte-shuffle,"{""original_size"": 32768}",32768,256,0.0111083984375,0.00238037109375
8.0,0.9375,2.576724602385467,0.04701370838426942,raw,"{""level"": null}",65536,12755.080676870808,4.9000082071870565e-06,0.0,21551.776321467638,2.8999929782003164e-06,0.0048828125,0.3129150800707221,.bin,65536,3.769931379169455,0.0,1.0,0.0,0.0,,2.154232337550848,0.0757446808681917,8,0.0,unknown,0.7543792724609375,0.00390625,application,0.00439453125,0.08194622279129321,304.40234375,0.0595855712890625,1.0,0.49993896484375,0.5,0.7553253173828125,numeric_delta,65536,True,scientific,1.0,numeric-delta,generated monotonic int32 array,5a7163bddea78d93b1bd7c36634c45d7e621425234e87d2289c8ce5310ff0cfd,65536,test,raw|default|identity,0.5,identity,{},65536,256,0.0136871337890625,0.7543792724609375
1.0953369140625,0.9375,2.576724602385467,0.04701370838426942,zstd,"{""level"": 1}",8973,161.1655497252416,0.00038779999886173755,0.0,314.0703487838109,0.0001990000018849969,0.0048828125,0.3129150800707221,.bin,65536,3.769931379169455,0.0,1.0,0.0,0.0,1,2.154232337550848,0.0757446808681917,8,0.0,unknown,0.7543792724609375,0.00390625,application,0.00439453125,0.08194622279129321,304.40234375,0.0595855712890625,7.3036888443107095,0.49993896484375,0.5,0.7553253173828125,numeric_delta,65536,True,scientific,1.0,numeric-delta,generated monotonic int32 array,5a7163bddea78d93b1bd7c36634c45d7e621425234e87d2289c8ce5310ff0cfd,65536,test,zstd|1|identity,0.5,identity,{},65536,256,0.0136871337890625,0.7543792724609375
1.8826904296875,0.9375,2.576724602385467,0.04701370838426942,zstd,"{""level"": 3}",15423,116.06313904459122,0.0005384999967645854,0.0,316.9371152865137,0.00019720000273082405,0.0048828125,0.3129150800707221,.bin,65536,3.769931379169455,0.0,1.0,0.0,0.0,3,2.154232337550848,0.0757446808681917,8,0.0,unknown,0.7543792724609375,0.00390625,application,0.00439453125,0.08194622279129321,304.40234375,0.0595855712890625,4.24923815081372,0.49993896484375,0.5,0.7553253173828125,numeric_delta,65536,True,scientific,1.0,numeric-delta,generated monotonic int32 array,5a7163bddea78d93b1bd7c36634c45d7e621425234e87d2289c8ce5310ff0cfd,65536,test,zstd|3|identity,0.5,identity,{},65536,256,0.0136871337890625,0.7543792724609375
1.0194091796875,0.9375,2.576724602385467,0.04701370838426942,zstd,"{""level"": 9}",8351,15.672016060906524,0.003987999996752478,0.0,320.1844228607604,0.00019520000205375254,0.0048828125,0.3129150800707221,.bin,65536,3.769931379169455,0.0,1.0,0.0,0.0,9,2.154232337550848,0.0757446808681917,8,0.0,unknown,0.7543792724609375,0.00390625,application,0.00439453125,0.08194622279129321,304.40234375,0.0595855712890625,7.84768291222608,0.49993896484375,0.5,0.7553253173828125,numeric_delta,65536,True,scientific,1.0,numeric-delta,generated monotonic int32 array,5a7163bddea78d93b1bd7c36634c45d7e621425234e87d2289c8ce5310ff0cfd,65536,test,zstd|9|identity,0.5,identity,{},65536,256,0.0136871337890625,0.7543792724609375
1.48876953125,0.9375,2.576724602385467,0.04701370838426942,brotli,"{""level"": 1}",12196,172.4137883748546,0.0003625000099418685,0.0,135.33997553589208,0.00046179999480955303,0.0048828125,0.3129150800707221,.bin,65536,3.769931379169455,0.0,1.0,0.0,0.0,1,2.154232337550848,0.0757446808681917,8,0.0,unknown,0.7543792724609375,0.00390625,application,0.00439453125,0.08194622279129321,304.40234375,0.0595855712890625,5.373565103312561,0.49993896484375,0.5,0.7553253173828125,numeric_delta,65536,True,scientific,1.0,numeric-delta,generated monotonic int32 array,5a7163bddea78d93b1bd7c36634c45d7e621425234e87d2289c8ce5310ff0cfd,65536,test,brotli|1|identity,0.5,identity,{},65536,256,0.0136871337890625,0.7543792724609375
1.1353759765625,0.9375,2.576724602385467,0.04701370838426942,brotli,"{""level"": 6}",9301,13.845199587115275,0.004514200001722202,0.0,207.64119096932336,0.00030100000731181353,0.0048828125,0.3129150800707221,.bin,65536,3.769931379169455,0.0,1.0,0.0,0.0,6,2.154232337550848,0.0757446808681917,8,0.0,unknown,0.7543792724609375,0.00390625,application,0.00439453125,0.08194622279129321,304.40234375,0.0595855712890625,7.046124072680357,0.49993896484375,0.5,0.7553253173828125,numeric_delta,65536,True,scientific,1.0,numeric-delta,generated monotonic int32 array,5a7163bddea78d93b1bd7c36634c45d7e621425234e87d2289c8ce5310ff0cfd,65536,test,brotli|6|identity,0.5,identity,{},65536,256,0.0136871337890625,0.7543792724609375
1.1361083984375,0.9375,2.576724602385467,0.04701370838426942,brotli,"{""level"": 9}",9307,2.391017425922245,0.026139499997952953,0.0,212.08007928250714,0.000294700002996251,0.0048828125,0.3129150800707221,.bin,65536,3.769931379169455,0.0,1.0,0.0,0.0,9,2.154232337550848,0.0757446808681917,8,0.0,unknown,0.7543792724609375,0.00390625,application,0.00439453125,0.08194622279129321,304.5234375,0.0595855712890625,7.0415816052433655,0.49993896484375,0.5,0.7553253173828125,numeric_delta,65536,True,scientific,1.0,numeric-delta,generated monotonic int32 array,5a7163bddea78d93b1bd7c36634c45d7e621425234e87d2289c8ce5310ff0cfd,65536,test,brotli|9|identity,0.5,identity,{},65536,256,0.0136871337890625,0.7543792724609375
2.685791015625,0.9375,2.576724602385467,0.04701370838426942,deflate,"{""level"": 1, ""wrapper"": ""zlib""}",22002,229.94850110180704,0.0002717999886954203,0.0,468.8671783598519,0.00013330001092981547,0.0048828125,0.3129150800707221,.bin,65536,3.769931379169455,0.0,1.0,0.0,0.0,1,2.154232337550848,0.0757446808681917,8,0.0,unknown,0.7543792724609375,0.00390625,application,0.00439453125,0.08194622279129321,304.5234375,0.0595855712890625,2.9786383056085812,0.49993896484375,0.5,0.7553253173828125,numeric_delta,65536,True,scientific,1.0,numeric-delta,generated monotonic int32 array,5a7163bddea78d93b1bd7c36634c45d7e621425234e87d2289c8ce5310ff0cfd,65536,test,deflate|1|identity,0.5,identity,{},65536,256,0.0136871337890625,0.7543792724609375
1.5142822265625,0.9375,2.576724602385467,0.04701370838426942,deflate,"{""level"": 6, ""wrapper"": ""zlib""}",12405,22.178850184501037,0.00281800000811927,0.0,462.2781191821264,0.00013519999629352242,0.0048828125,0.3129150800707221,.bin,65536,3.769931379169455,0.0,1.0,0.0,0.0,6,2.154232337550848,0.0757446808681917,8,0.0,unknown,0.7543792724609375,0.00390625,application,0.00439453125,0.08194622279129321,304.5234375,0.0595855712890625,5.283031035872632,0.49993896484375,0.5,0.7553253173828125,numeric_delta,65536,True,scientific,1.0,numeric-delta,generated monotonic int32 array,5a7163bddea78d93b1bd7c36634c45d7e621425234e87d2289c8ce5310ff0cfd,65536,test,deflate|6|identity,0.5,identity,{},65536,256,0.0136871337890625,0.7543792724609375
1.5123291015625,0.9375,2.576724602385467,0.04701370838426942,deflate,"{""level"": 9, ""wrapper"": ""zlib""}",12389,13.869163854197327,0.004506400000536814,0.0,387.4767373253996,0.0001613000058569014,0.0048828125,0.3129150800707221,.bin,65536,3.769931379169455,0.0,1.0,0.0,0.0,9,2.154232337550848,0.0757446808681917,8,0.0,unknown,0.7543792724609375,0.00390625,application,0.00439453125,0.08194622279129321,304.5234375,0.0595855712890625,5.289853902655581,0.49993896484375,0.5,0.7553253173828125,numeric_delta,65536,True,scientific,1.0,numeric-delta,generated monotonic int32 array,5a7163bddea78d93b1bd7c36634c45d7e621425234e87d2289c8ce5310ff0cfd,65536,test,deflate|9|identity,0.5,identity,{},65536,256,0.0136871337890625,0.7543792724609375
0.4560546875,0.9375,2.576724602385467,0.04701370838426942,lzma2,"{""container"": ""xz"", ""filter"": ""lzma2"", ""level"": 0}",3736,23.379343902245356,0.0026732999976957217,0.0,54.215822880266366,0.001152799988631159,0.0048828125,0.3129150800707221,.bin,65536,3.769931379169455,0.0,1.0,0.0,0.0,0,2.154232337550848,0.0757446808681917,8,0.0,unknown,0.7543792724609375,0.00390625,application,0.00439453125,0.08194622279129321,304.5234375,0.0595855712890625,17.541755888650965,0.49993896484375,0.5,0.7553253173828125,numeric_delta,65536,True,scientific,1.0,numeric-delta,generated monotonic int32 array,5a7163bddea78d93b1bd7c36634c45d7e621425234e87d2289c8ce5310ff0cfd,65536,test,lzma2|0|identity,0.5,identity,{},65536,256,0.0136871337890625,0.7543792724609375
0.4560546875,0.9375,2.576724602385467,0.04701370838426942,lzma2,"{""container"": ""xz"", ""filter"": ""lzma2"", ""level"": 3}",3736,8.451999398653866,0.007394700005534105,0.0,54.47572607214784,0.0011472999904071912,0.0048828125,0.3129150800707221,.bin,65536,3.769931379169455,0.0,1.0,0.0,0.0,3,2.154232337550848,0.0757446808681917,8,0.0,unknown,0.7543792724609375,0.00390625,application,0.00439453125,0.08194622279129321,304.5234375,0.0595855712890625,17.541755888650965,0.49993896484375,0.5,0.7553253173828125,numeric_delta,65536,True,scientific,1.0,numeric-delta,generated monotonic int32 array,5a7163bddea78d93b1bd7c36634c45d7e621425234e87d2289c8ce5310ff0cfd,65536,test,lzma2|3|identity,0.5,identity,{},65536,256,0.0136871337890625,0.7543792724609375
0.41357421875,0.9375,2.576724602385467,0.04701370838426942,lzma2,"{""container"": ""xz"", ""filter"": ""lzma2"", ""level"": 6}",3388,2.6522722537701755,0.02356470000813715,0.0,53.386862172543374,0.0011707000085152686,0.0048828125,0.3129150800707221,.bin,65536,3.769931379169455,0.0,1.0,0.0,0.0,6,2.154232337550848,0.0757446808681917,8,0.0,unknown,0.7543792724609375,0.00390625,application,0.00439453125,0.08194622279129321,304.5234375,0.0595855712890625,19.343565525383706,0.49993896484375,0.5,0.7553253173828125,numeric_delta,65536,True,scientific,1.0,numeric-delta,generated monotonic int32 array,5a7163bddea78d93b1bd7c36634c45d7e621425234e87d2289c8ce5310ff0cfd,65536,test,lzma2|6|identity,0.5,identity,{},65536,256,0.0136871337890625,0.7543792724609375
0.4090576171875,0.9375,2.576724602385467,0.04701370838426942,bzip2,"{""level"": 1}",3351,10.660071638411033,0.005862999998498708,0.0,51.966408706030805,0.0012027000047964975,0.0048828125,0.3129150800707221,.bin,65536,3.769931379169455,0.0,1.0,0.0,0.0,1,2.154232337550848,0.0757446808681917,8,0.0,unknown,0.7543792724609375,0.00390625,application,0.00439453125,0.08194622279129321,304.5234375,0.0595855712890625,19.55714712026261,0.49993896484375,0.5,0.7553253173828125,numeric_delta,65536,True,scientific,1.0,numeric-delta,generated monotonic int32 array,5a7163bddea78d93b1bd7c36634c45d7e621425234e87d2289c8ce5310ff0cfd,65536,test,bzip2|1|identity,0.5,identity,{},65536,256,0.0136871337890625,0.7543792724609375
0.4090576171875,0.9375,2.576724602385467,0.04701370838426942,bzip2,"{""level"": 9}",3351,10.508970456976872,0.005947300000116229,0.0,52.187708965825536,0.0011975999950664118,0.0048828125,0.3129150800707221,.bin,65536,3.769931379169455,0.0,1.0,0.0,0.0,9,2.154232337550848,0.0757446808681917,8,0.0,unknown,0.7543792724609375,0.00390625,application,0.00439453125,0.08194622279129321,304.5234375,0.0595855712890625,19.55714712026261,0.49993896484375,0.5,0.7553253173828125,numeric_delta,65536,True,scientific,1.0,numeric-delta,generated monotonic int32 array,5a7163bddea78d93b1bd7c36634c45d7e621425234e87d2289c8ce5310ff0cfd,65536,test,bzip2|9|identity,0.5,identity,{},65536,256,0.0136871337890625,0.7543792724609375
2.5513916015625,0.9375,2.576724602385467,0.04701370838426942,xai-static,"{""coder"": ""adaptive-arithmetic32-v1"", ""level"": null, ""original_size"": 65536}",20901,0.011204970517730327,5.577881700010039,0.0,0.010573260174249033,5.911138000010396,0.0048828125,0.3129150800707221,.bin,65536,3.769931379169455,0.0,1.0,0.0,0.0,,2.154232337550848,0.0757446808681917,8,0.0,unknown,0.7543792724609375,0.00390625,application,0.00439453125,0.08194622279129321,304.5234375,0.0595855712890625,3.1355437538873736,0.49993896484375,0.5,0.7553253173828125,numeric_delta,65536,True,scientific,1.0,numeric-delta,generated monotonic int32 array,5a7163bddea78d93b1bd7c36634c45d7e621425234e87d2289c8ce5310ff0cfd,65536,test,xai-static|default|identity,0.5,identity,{},65536,256,0.0136871337890625,0.7543792724609375
1.0186767578125,0.9375,2.576724602385467,0.04701370838426942,zstd,"{""level"": 3}",8345,116.21420473094177,0.0005378000059863552,0.0,4.91286542001092,0.01272169999720063,0.0048828125,0.3129150800707221,.bin,65536,3.769931379169455,0.0,1.0,0.0,0.0,3,2.154232337550848,0.0757446808681917,8,0.0,unknown,0.7543792724609375,0.00390625,application,0.00439453125,0.08194622279129321,304.5234375,0.0595855712890625,7.853325344517676,0.49993896484375,0.5,0.7553253173828125,numeric_delta,65536,True,scientific,1.0,numeric-delta,generated monotonic int32 array,5a7163bddea78d93b1bd7c36634c45d7e621425234e87d2289c8ce5310ff0cfd,65536,test,zstd|3|rle,0.5,rle,{},48516,256,0.0136871337890625,0.7543792724609375
2.942138671875,0.9375,2.576724602385467,0.04701370838426942,zstd,"{""level"": 3}",24102,85.19629079304346,0.0007336000126088038,0.0,6.6185892320780155,0.0094431000034092,0.0048828125,0.3129150800707221,.bin,65536,3.769931379169455,0.0,1.0,0.0,0.0,3,2.154232337550848,0.0757446808681917,8,0.0,unknown,0.7543792724609375,0.00390625,application,0.00439453125,0.08194622279129321,304.5234375,0.0595855712890625,2.719110447265787,0.49993896484375,0.5,0.7553253173828125,numeric_delta,65536,True,scientific,1.0,numeric-delta,generated monotonic int32 array,5a7163bddea78d93b1bd7c36634c45d7e621425234e87d2289c8ce5310ff0cfd,65536,test,zstd|3|delta,0.5,delta,{},65536,256,0.0136871337890625,0.7543792724609375
0.0672607421875,0.9375,2.576724602385467,0.04701370838426942,zstd,"{""level"": 3}",551,927.2996496097647,6.740000389982015e-05,0.0,447.3873003538501,0.0001396999869029969,0.0048828125,0.3129150800707221,.bin,65536,3.769931379169455,0.0,1.0,0.0,0.0,3,2.154232337550848,0.0757446808681917,8,0.0,unknown,0.7543792724609375,0.00390625,application,0.00439453125,0.08194622279129321,304.5234375,0.0595855712890625,118.94010889292196,0.49993896484375,0.5,0.7553253173828125,numeric_delta,65536,True,scientific,1.0,numeric-delta,generated monotonic int32 array,5a7163bddea78d93b1bd7c36634c45d7e621425234e87d2289c8ce5310ff0cfd,65536,test,zstd|3|byte-shuffle,0.5,byte-shuffle,"{""original_size"": 65536}",65536,256,0.0136871337890625,0.7543792724609375
2.5230712890625,0.9375,2.576724602385467,0.04701370838426942,zstd,"{""level"": 3}",20669,370.26065307062646,0.00016880000475794077,0.0,8.303110000605136,0.007527300011133775,0.0048828125,0.3129150800707221,.bin,65536,3.769931379169455,0.0,1.0,0.0,0.0,3,2.154232337550848,0.0757446808681917,8,0.0,unknown,0.7543792724609375,0.00390625,application,0.00439453125,0.08194622279129321,304.5234375,0.0595855712890625,3.170738787556244,0.49993896484375,0.5,0.7553253173828125,numeric_delta,65536,True,scientific,1.0,numeric-delta,generated monotonic int32 array,5a7163bddea78d93b1bd7c36634c45d7e621425234e87d2289c8ce5310ff0cfd,65536,test,zstd|3|zero-run,0.5,zero-run,{},32481,256,0.0136871337890625,0.7543792724609375
1.2197265625,0.9375,2.576724602385467,0.04701370838426942,zstd,"{""level"": 3}",9992,108.9799474354882,0.0005735000013373792,0.0,4.079208436824644,0.015321600003517233,0.0048828125,0.3129150800707221,.bin,65536,3.769931379169455,0.0,1.0,0.0,0.0,3,2.154232337550848,0.0757446808681917,8,0.0,unknown,0.7543792724609375,0.00390625,application,0.00439453125,0.08194622279129321,304.5234375,0.0595855712890625,6.558847077662129,0.49993896484375,0.5,0.7553253173828125,numeric_delta,65536,True,scientific,1.0,numeric-delta,generated monotonic int32 array,5a7163bddea78d93b1bd7c36634c45d7e621425234e87d2289c8ce5310ff0cfd,65536,test,zstd|3|dictionary,0.5,dictionary,"{""dictionary"": ""structured-v1""}",65855,256,0.0136871337890625,0.7543792724609375
1.1485595703125,0.9375,2.576724602385467,0.04701370838426942,brotli,"{""level"": 6}",9409,11.828384341409947,0.005283899998175912,0.0,4.481154057930618,0.013947300001746044,0.0048828125,0.3129150800707221,.bin,65536,3.769931379169455,0.0,1.0,0.0,0.0,6,2.154232337550848,0.0757446808681917,8,0.0,unknown,0.7543792724609375,0.00390625,application,0.00439453125,0.08194622279129321,304.5234375,0.0595855712890625,6.965246041024551,0.49993896484375,0.5,0.7553253173828125,numeric_delta,65536,True,scientific,1.0,numeric-delta,generated monotonic int32 array,5a7163bddea78d93b1bd7c36634c45d7e621425234e87d2289c8ce5310ff0cfd,65536,test,brotli|6|dictionary,0.5,dictionary,"{""dictionary"": ""structured-v1""}",65855,256,0.0136871337890625,0.7543792724609375
2.644287109375,0.9375,2.576724602385467,0.04701370838426942,deflate,"{""level"": 6, ""wrapper"": ""zlib""}",21662,17.40947078612012,0.0035899999929824844,0.0,6.352658968181293,0.009838400001171976,0.0048828125,0.3129150800707221,.bin,65536,3.769931379169455,0.0,1.0,0.0,0.0,6,2.154232337550848,0.0757446808681917,8,0.0,unknown,0.7543792724609375,0.00390625,application,0.00439453125,0.08194622279129321,304.5234375,0.0595855712890625,3.0253900840180963,0.49993896484375,0.5,0.7553253173828125,numeric_delta,65536,True,scientific,1.0,numeric-delta,generated monotonic int32 array,5a7163bddea78d93b1bd7c36634c45d7e621425234e87d2289c8ce5310ff0cfd,65536,test,deflate|6|delta,0.5,delta,{},65536,256,0.0136871337890625,0.7543792724609375
0.07958984375,0.9375,2.576724602385467,0.04701370838426942,lzma2,"{""container"": ""xz"", ""filter"": ""lzma2"", ""level"": 3}",652,16.856811493382637,0.003707700001541525,0.0,151.84645621966408,0.0004115999909117818,0.0048828125,0.3129150800707221,.bin,65536,3.769931379169455,0.0,1.0,0.0,0.0,3,2.154232337550848,0.0757446808681917,8,0.0,unknown,0.7543792724609375,0.00390625,application,0.00439453125,0.08194622279129321,304.5234375,0.0595855712890625,100.51533742331289,0.49993896484375,0.5,0.7553253173828125,numeric_delta,65536,True,scientific,1.0,numeric-delta,generated monotonic int32 array,5a7163bddea78d93b1bd7c36634c45d7e621425234e87d2289c8ce5310ff0cfd,65536,test,lzma2|3|byte-shuffle,0.5,byte-shuffle,"{""original_size"": 65536}",65536,256,0.0136871337890625,0.7543792724609375
8.0,0.504638671875,7.947213201070296,0.0010463124229695903,raw,"{""level"": null}",4096,723.3780201893901,5.4000120144337416e-06,0.0,1148.8932278180332,3.40001133736223e-06,0.0380859375,0.0,.bin,4096,7.951627846441845,0.0,1.0,0.0,0.0,,7.947213201070296,0.0,2,0.0,unknown,0.008056640625,0.00390625,application,0.003173828125,0.09786700125470514,304.5234375,0.38916015625,1.0,0.0,0.0,0.00390625,random_4k,4096,True,random,1.0,random-4k,generated seeded random,31606aa669b4ba2480476ae9e77ce07efce7d8d728b0d5d6b0e8c7deede7fccf,4096,test,raw|default|identity,0.5,identity,{},4096,256,0.015380859375,0.00244140625
8.01953125,0.504638671875,7.947213201070296,0.0010463124229695903,zstd,"{""level"": 1}",4106,79.39533120102408,4.919999628327787e-05,0.0,317.58113694173323,1.2300006346777081e-05,0.0380859375,0.0,.bin,4096,7.951627846441845,0.0,1.0,0.0,0.0,1,7.947213201070296,0.0,2,0.0,unknown,0.008056640625,0.00390625,application,0.003173828125,0.09786700125470514,304.5234375,0.38916015625,0.997564539698003,0.0,0.0,0.00390625,random_4k,4096,True,random,1.0,random-4k,generated seeded random,31606aa669b4ba2480476ae9e77ce07efce7d8d728b0d5d6b0e8c7deede7fccf,4096,test,zstd|1|identity,0.5,identity,{},4096,256,0.015380859375,0.00244140625
8.01953125,0.504638671875,7.947213201070296,0.0010463124229695903,zstd,"{""level"": 3}",4106,96.92927733313594,4.030000127386302e-05,0.0,513.9802859834415,7.599999662488699e-06,0.0380859375,0.0,.bin,4096,7.951627846441845,0.0,1.0,0.0,0.0,3,7.947213201070296,0.0,2,0.0,unknown,0.008056640625,0.00390625,application,0.003173828125,0.09786700125470514,304.5234375,0.38916015625,0.997564539698003,0.0,0.0,0.00390625,random_4k,4096,True,random,1.0,random-4k,generated seeded random,31606aa669b4ba2480476ae9e77ce07efce7d8d728b0d5d6b0e8c7deede7fccf,4096,test,zstd|3|identity,0.5,identity,{},4096,256,0.015380859375,0.00244140625
8.01953125,0.504638671875,7.947213201070296,0.0010463124229695903,zstd,"{""level"": 9}",4106,50.403220573213964,7.750000804662704e-05,0.0,566.123653419492,6.89999433234334e-06,0.0380859375,0.0,.bin,4096,7.951627846441845,0.0,1.0,0.0,0.0,9,7.947213201070296,0.0,2,0.0,unknown,0.008056640625,0.00390625,application,0.003173828125,0.09786700125470514,304.5234375,0.38916015625,0.997564539698003,0.0,0.0,0.00390625,random_4k,4096,True,random,1.0,random-4k,generated seeded random,31606aa669b4ba2480476ae9e77ce07efce7d8d728b0d5d6b0e8c7deede7fccf,4096,test,zstd|9|identity,0.5,identity,{},4096,256,0.015380859375,0.00244140625
8.0078125,0.504638671875,7.947213201070296,0.0010463124229695903,brotli,"{""level"": 1}",4100,41.33598234675446,9.449999197386205e-05,0.0,145.7555951570358,2.680000034160912e-05,0.0380859375,0.0,.bin,4096,7.951627846441845,0.0,1.0,0.0,0.0,1,7.947213201070296,0.0,2,0.0,unknown,0.008056640625,0.00390625,application,0.003173828125,0.09786700125470514,304.5234375,0.38916015625,0.9990243902439024,0.0,0.0,0.00390625,random_4k,4096,True,random,1.0,random-4k,generated seeded random,31606aa669b4ba2480476ae9e77ce07efce7d8d728b0d5d6b0e8c7deede7fccf,4096,test,brotli|1|identity,0.5,identity,{},4096,256,0.015380859375,0.00244140625
8.0078125,0.504638671875,7.947213201070296,0.0010463124229695903,brotli,"{""level"": 6}",4100,2.5234173123609027,0.0015480000001844019,0.0,258.6920775896629,1.5099998563528061e-05,0.0380859375,0.0,.bin,4096,7.951627846441845,0.0,1.0,0.0,0.0,6,7.947213201070296,0.0,2,0.0,unknown,0.008056640625,0.00390625,application,0.003173828125,0.09786700125470514,304.5234375,0.38916015625,0.9990243902439024,0.0,0.0,0.00390625,random_4k,4096,True,random,1.0,random-4k,generated seeded random,31606aa669b4ba2480476ae9e77ce07efce7d8d728b0d5d6b0e8c7deede7fccf,4096,test,brotli|6|identity,0.5,identity,{},4096,256,0.015380859375,0.00244140625
8.0078125,0.504638671875,7.947213201070296,0.0010463124229695903,brotli,"{""level"": 9}",4100,0.6553560944232751,0.005960499998764135,0.0,103.06724940861265,3.7900012102909386e-05,0.0380859375,0.0,.bin,4096,7.951627846441845,0.0,1.0,0.0,0.0,9,7.947213201070296,0.0,2,0.0,unknown,0.008056640625,0.00390625,application,0.003173828125,0.09786700125470514,304.5234375,0.38916015625,0.9990243902439024,0.0,0.0,0.00390625,random_4k,4096,True,random,1.0,random-4k,generated seeded random,31606aa669b4ba2480476ae9e77ce07efce7d8d728b0d5d6b0e8c7deede7fccf,4096,test,brotli|9|identity,0.5,identity,{},4096,256,0.015380859375,0.00244140625
8.44921875,0.504638671875,7.947213201070296,0.0010463124229695903,deflate,"{""level"": 1, ""wrapper"": ""zlib""}",4326,27.703901337599692,0.00014099999680183828,0.0,118.7309917284091,3.290000313427299e-05,0.0380859375,0.0,.bin,4096,7.951627846441845,0.0,1.0,0.0,0.0,1,7.947213201070296,0.0,2,0.0,unknown,0.008056640625,0.00390625,application,0.003173828125,0.09786700125470514,304.5234375,0.38916015625,0.946833102172908,0.0,0.0,0.00390625,random_4k,4096,True,random,1.0,random-4k,generated seeded random,31606aa669b4ba2480476ae9e77ce07efce7d8d728b0d5d6b0e8c7deede7fccf,4096,test,deflate|1|identity,0.5,identity,{},4096,256,0.015380859375,0.00244140625
8.021484375,0.504638671875,7.947213201070296,0.0010463124229695903,deflate,"{""level"": 6, ""wrapper"": ""zlib""}",4107,20.73381170825201,0.0001883999939309433,0.0,685.3070479779219,5.699999746866524e-06,0.0380859375,0.0,.bin,4096,7.951627846441845,0.0,1.0,0.0,0.0,6,7.947213201070296,0.0,2,0.0,unknown,0.008056640625,0.00390625,application,0.003173828125,0.09786700125470514,304.5234375,0.38916015625,0.9973216459702946,0.0,0.0,0.00390625,random_4k,4096,True,random,1.0,random-4k,generated seeded random,31606aa669b4ba2480476ae9e77ce07efce7d8d728b0d5d6b0e8c7deede7fccf,4096,test,deflate|6|identity,0.5,identity,{},4096,256,0.015380859375,0.00244140625
8.021484375,0.504638671875,7.947213201070296,0.0010463124229695903,deflate,"{""level"": 9, ""wrapper"": ""zlib""}",4107,31.175181144061646,0.0001252999936696142,0.0,737.0287606428107,5.299996701069176e-06,0.0380859375,0.0,.bin,4096,7.951627846441845,0.0,1.0,0.0,0.0,9,7.947213201070296,0.0,2,0.0,unknown,0.008056640625,0.00390625,application,0.003173828125,0.09786700125470514,304.5234375,0.38916015625,0.9973216459702946,0.0,0.0,0.00390625,random_4k,4096,True,random,1.0,random-4k,generated seeded random,31606aa669b4ba2480476ae9e77ce07efce7d8d728b0d5d6b0e8c7deede7fccf,4096,test,deflate|9|identity,0.5,identity,{},4096,256,0.015380859375,0.00244140625
8.1171875,0.504638671875,7.947213201070296,0.0010463124229695903,lzma2,"{""container"": ""xz"", ""filter"": ""lzma2"", ""level"": 0}",4156,4.661396141297498,0.0008380000072065741,0.0,135.6337442903917,2.8799986466765404e-05,0.0380859375,0.0,.bin,4096,7.951627846441845,0.0,1.0,0.0,0.0,0,7.947213201070296,0.0,2,0.0,unknown,0.008056640625,0.00390625,application,0.003173828125,0.09786700125470514,304.5234375,0.38916015625,0.9855630413859481,0.0,0.0,0.00390625,random_4k,4096,True,random,1.0,random-4k,generated seeded random,31606aa669b4ba2480476ae9e77ce07efce7d8d728b0d5d6b0e8c7deede7fccf,4096,test,lzma2|0|identity,0.5,identity,{},4096,256,0.015380859375,0.00244140625
8.1171875,0.504638671875,7.947213201070296,0.0010463124229695903,lzma2,"{""container"": ""xz"", ""filter"": ""lzma2"", ""level"": 3}",4156,1.0825135089036186,0.0036085000028833747,0.0,52.08333085950786,7.500000356230885e-05,0.0380859375,0.0,.bin,4096,7.951627846441845,0.0,1.0,0.0,0.0,3,7.947213201070296,0.0,2,0.0,unknown,0.008056640625,0.00390625,application,0.003173828125,0.09786700125470514,304.5234375,0.38916015625,0.9855630413859481,0.0,0.0,0.00390625,random_4k,4096,True,random,1.0,random-4k,generated seeded random,31606aa669b4ba2480476ae9e77ce07efce7d8d728b0d5d6b0e8c7deede7fccf,4096,test,lzma2|3|identity,0.5,identity,{},4096,256,0.015380859375,0.00244140625
8.1171875,0.504638671875,7.947213201070296,0.0010463124229695903,lzma2,"{""container"": ""xz"", ""filter"": ""lzma2"", ""level"": 6}",4156,0.5911932070759449,0.006607400006032549,0.0,50.14440877762435,7.790001109242439e-05,0.0380859375,0.0,.bin,4096,7.951627846441845,0.0,1.0,0.0,0.0,6,7.947213201070296,0.0,2,0.0,unknown,0.008056640625,0.00390625,application,0.003173828125,0.09786700125470514,304.5234375,0.38916015625,0.9855630413859481,0.0,0.0,0.00390625,random_4k,4096,True,random,1.0,random-4k,generated seeded random,31606aa669b4ba2480476ae9e77ce07efce7d8d728b0d5d6b0e8c7deede7fccf,4096,test,lzma2|6|identity,0.5,identity,{},4096,256,0.015380859375,0.00244140625
8.93359375,0.504638671875,7.947213201070296,0.0010463124229695903,bzip2,"{""level"": 1}",4574,1.8869861331657072,0.002070100003038533,0.0,9.5274391805355,0.0004099999932805076,0.0380859375,0.0,.bin,4096,7.951627846441845,0.0,1.0,0.0,0.0,1,7.947213201070296,0.0,2,0.0,unknown,0.008056640625,0.00390625,application,0.003173828125,0.09786700125470514,304.5234375,0.38916015625,0.8954962833406209,0.0,0.0,0.00390625,random_4k,4096,True,random,1.0,random-4k,generated seeded random,31606aa669b4ba2480476ae9e77ce07efce7d8d728b0d5d6b0e8c7deede7fccf,4096,test,bzip2|1|identity,0.5,identity,{},4096,256,0.015380859375,0.00244140625
8.93359375,0.504638671875,7.947213201070296,0.0010463124229695903,bzip2,"{""level"": 9}",4574,1.911923070616953,0.00204309998662211,0.0,9.356287274251002,0.0004175000067334622,0.0380859375,0.0,.bin,4096,7.951627846441845,0.0,1.0,0.0,0.0,9,7.947213201070296,0.0,2,0.0,unknown,0.008056640625,0.00390625,application,0.003173828125,0.09786700125470514,304.5234375,0.38916015625,0.8954962833406209,0.0,0.0,0.00390625,random_4k,4096,True,random,1.0,random-4k,generated seeded random,31606aa669b4ba2480476ae9e77ce07efce7d8d728b0d5d6b0e8c7deede7fccf,4096,test,bzip2|9|identity,0.5,identity,{},4096,256,0.015380859375,0.00244140625
8.091796875,0.504638671875,7.947213201070296,0.0010463124229695903,xai-static,"{""coder"": ""adaptive-arithmetic32-v1"", ""level"": null, ""original_size"": 4096}",4143,0.01094842740665854,0.3567863999924157,0.0,0.010627643817859874,0.36755559999437537,0.0380859375,0.0,.bin,4096,7.951627846441845,0.0,1.0,0.0,0.0,,7.947213201070296,0.0,2,0.0,unknown,0.008056640625,0.00390625,application,0.003173828125,0.09786700125470514,304.5234375,0.38916015625,0.9886555636012552,0.0,0.0,0.00390625,random_4k,4096,True,random,1.0,random-4k,generated seeded random,31606aa669b4ba2480476ae9e77ce07efce7d8d728b0d5d6b0e8c7deede7fccf,4096,test,xai-static|default|identity,0.5,identity,{},4096,256,0.015380859375,0.00244140625
10.10546875,0.504638671875,7.947213201070296,0.0010463124229695903,zstd,"{""level"": 3}",5174,32.52497979876676,0.00012009999772999436,0.0,2.1888658555592517,0.001784599997336045,0.0380859375,0.0,.bin,4096,7.951627846441845,0.0,1.0,0.0,0.0,3,7.947213201070296,0.0,2,0.0,unknown,0.008056640625,0.00390625,application,0.003173828125,0.09786700125470514,304.5234375,0.38916015625,0.7916505604947816,0.0,0.0,0.00390625,random_4k,4096,True,random,1.0,random-4k,generated seeded random,31606aa669b4ba2480476ae9e77ce07efce7d8d728b0d5d6b0e8c7deede7fccf,4096,test,zstd|3|rle,0.5,rle,{},8176,256,0.015380859375,0.00244140625
8.01953125,0.504638671875,7.947213201070296,0.0010463124229695903,zstd,"{""level"": 3}",4106,115.56949247842722,3.3800009987317026e-05,0.0,8.413202683482242,0.0004642999992938712,0.0380859375,0.0,.bin,4096,7.951627846441845,0.0,1.0,0.0,0.0,3,7.947213201070296,0.0,2,0.0,unknown,0.008056640625,0.00390625,application,0.003173828125,0.09786700125470514,304.5234375,0.38916015625,0.997564539698003,0.0,0.0,0.00390625,random_4k,4096,True,random,1.0,random-4k,generated seeded random,31606aa669b4ba2480476ae9e77ce07efce7d8d728b0d5d6b0e8c7deede7fccf,4096,test,zstd|3|delta,0.5,delta,{},4096,256,0.015380859375,0.00244140625
8.01953125,0.504638671875,7.947213201070296,0.0010463124229695903,zstd,"{""level"": 3}",4106,190.54881742595737,2.0499996026046574e-05,0.0,244.14054234969694,1.6000005416572094e-05,0.0380859375,0.0,.bin,4096,7.951627846441845,0.0,1.0,0.0,0.0,3,7.947213201070296,0.0,2,0.0,unknown,0.008056640625,0.00390625,application,0.003173828125,0.09786700125470514,304.5234375,0.38916015625,0.997564539698003,0.0,0.0,0.00390625,random_4k,4096,True,random,1.0,random-4k,generated seeded random,31606aa669b4ba2480476ae9e77ce07efce7d8d728b0d5d6b0e8c7deede7fccf,4096,test,zstd|3|byte-shuffle,0.5,byte-shuffle,"{""original_size"": 4096}",4096,256,0.015380859375,0.00244140625
8.0390625,0.504638671875,7.947213201070296,0.0010463124229695903,zstd,"{""level"": 3}",4116,175.95725144404852,2.2199994418770075e-05,0.0,6.959290804011579,0.0005613000103039667,0.0380859375,0.0,.bin,4096,7.951627846441845,0.0,1.0,0.0,0.0,3,7.947213201070296,0.0,2,0.0,unknown,0.008056640625,0.00390625,application,0.003173828125,0.09786700125470514,304.5234375,0.38916015625,0.9951409135082604,0.0,0.0,0.00390625,random_4k,4096,True,random,1.0,random-4k,generated seeded random,31606aa669b4ba2480476ae9e77ce07efce7d8d728b0d5d6b0e8c7deede7fccf,4096,test,zstd|3|zero-run,0.5,zero-run,{},4106,256,0.015380859375,0.00244140625
8.068359375,0.504638671875,7.947213201070296,0.0010463124229695903,zstd,"{""level"": 3}",4131,173.6111365500185,2.2499996703118086e-05,0.0,6.465160518558774,0.000604200002271682,0.0380859375,0.0,.bin,4096,7.951627846441845,0.0,1.0,0.0,0.0,3,7.947213201070296,0.0,2,0.0,unknown,0.008056640625,0.00390625,application,0.003173828125,0.09786700125470514,304.5234375,0.38916015625,0.9915274751876059,0.0,0.0,0.00390625,random_4k,4096,True,random,1.0,random-4k,generated seeded random,31606aa669b4ba2480476ae9e77ce07efce7d8d728b0d5d6b0e8c7deede7fccf,4096,test,zstd|3|dictionary,0.5,dictionary,"{""dictionary"": ""structured-v1""}",4121,256,0.015380859375,0.00244140625
8.056640625,0.504638671875,7.947213201070296,0.0010463124229695903,brotli,"{""level"": 6}",4125,3.4544127736679826,0.001130800010287203,0.0,5.3539609919722935,0.0007296000112546608,0.0380859375,0.0,.bin,4096,7.951627846441845,0.0,1.0,0.0,0.0,6,7.947213201070296,0.0,2,0.0,unknown,0.008056640625,0.00390625,application,0.003173828125,0.09786700125470514,304.5234375,0.38916015625,0.992969696969697,0.0,0.0,0.00390625,random_4k,4096,True,random,1.0,random-4k,generated seeded random,31606aa669b4ba2480476ae9e77ce07efce7d8d728b0d5d6b0e8c7deede7fccf,4096,test,brotli|6|dictionary,0.5,dictionary,"{""dictionary"": ""structured-v1""}",4121,256,0.015380859375,0.00244140625
8.021484375,0.504638671875,7.947213201070296,0.0010463124229695903,deflate,"{""level"": 6, ""wrapper"": ""zlib""}",4107,25.920703744921436,0.00015069999790284783,0.0,7.599708180308196,0.0005139999993843958,0.0380859375,0.0,.bin,4096,7.951627846441845,0.0,1.0,0.0,0.0,6,7.947213201070296,0.0,2,0.0,unknown,0.008056640625,0.00390625,application,0.003173828125,0.09786700125470514,304.5234375,0.38916015625,0.9973216459702946,0.0,0.0,0.00390625,random_4k,4096,True,random,1.0,random-4k,generated seeded random,31606aa669b4ba2480476ae9e77ce07efce7d8d728b0d5d6b0e8c7deede7fccf,4096,test,deflate|6|delta,0.5,delta,{},4096,256,0.015380859375,0.00244140625
8.1171875,0.504638671875,7.947213201070296,0.0010463124229695903,lzma2,"{""container"": ""xz"", ""filter"": ""lzma2"", ""level"": 3}",4156,0.9711000592365147,0.004022500012069941,0.0,40.521262852555594,9.640000644139946e-05,0.0380859375,0.0,.bin,4096,7.951627846441845,0.0,1.0,0.0,0.0,3,7.947213201070296,0.0,2,0.0,unknown,0.008056640625,0.00390625,application,0.003173828125,0.09786700125470514,304.5234375,0.38916015625,0.9855630413859481,0.0,0.0,0.00390625,random_4k,4096,True,random,1.0,random-4k,generated seeded random,31606aa669b4ba2480476ae9e77ce07efce7d8d728b0d5d6b0e8c7deede7fccf,4096,test,lzma2|3|byte-shuffle,0.5,byte-shuffle,"{""original_size"": 4096}",4096,256,0.015380859375,0.00244140625
8.0,0.4979248046875,7.98944530954925,0.00047077135525436036,raw,"{""level"": null}",16384,3633.717855523293,4.3000036384910345e-06,0.0,5208.34420201981,2.9999937396496534e-06,0.0379638671875,0.01231997537350793,.bin,16384,7.98818519802677,0.0,1.0,0.0,0.0,,7.956246190023731,0.004712640909102383,2,0.0,unknown,0.00537109375,0.00390625,application,0.00408935546875,0.09888712241653418,304.5234375,0.3839111328125,1.0,0.0,0.0,0.00830078125,random_16k,16384,True,random,1.0,random-16k,generated seeded random,b394abb7b0690c7b255ad527b20c8aa4cd9103f5687012435cfbf73095beaec7,16384,train,raw|default|identity,0.5,identity,{},16384,256,0.01568603515625,0.00323486328125
8.0048828125,0.4979248046875,7.98944530954925,0.00047077135525436036,zstd,"{""level"": 1}",16394,275.08804780406973,5.679999594576657e-05,0.0,1547.02906779893,1.0100004146806896e-05,0.0379638671875,0.01231997537350793,.bin,16384,7.98818519802677,0.0,1.0,0.0,0.0,1,7.956246190023731,0.004712640909102383,2,0.0,unknown,0.00537109375,0.00390625,application,0.00408935546875,0.09888712241653418,304.5234375,0.3839111328125,0.9993900207392948,0.0,0.0,0.00830078125,random_16k,16384,True,random,1.0,random-16k,generated seeded random,b394abb7b0690c7b255ad527b20c8aa4cd9103f5687012435cfbf73095beaec7,16384,train,zstd|1|identity,0.5,identity,{},16384,256,0.01568603515625,0.00323486328125
8.0048828125,0.4979248046875,7.98944530954925,0.00047077135525436036,zstd,"{""level"": 3}",16394,282.0397120191728,5.539999983739108e-05,0.0,2367.427094816866,6.599992047995329e-06,0.0379638671875,0.01231997537350793,.bin,16384,7.98818519802677,0.0,1.0,0.0,0.0,3,7.956246190023731,0.004712640909102383,2,0.0,unknown,0.00537109375,0.00390625,application,0.00408935546875,0.09888712241653418,304.5234375,0.3839111328125,0.9993900207392948,0.0,0.0,0.00830078125,random_16k,16384,True,random,1.0,random-16k,generated seeded random,b394abb7b0690c7b255ad527b20c8aa4cd9103f5687012435cfbf73095beaec7,16384,train,zstd|3|identity,0.5,identity,{},16384,256,0.01568603515625,0.00323486328125
8.0048828125,0.4979248046875,7.98944530954925,0.00047077135525436036,zstd,"{""level"": 9}",16394,125.30071806172695,0.0001247000036528334,0.0,2604.165785063434,6.000002031214535e-06,0.0379638671875,0.01231997537350793,.bin,16384,7.98818519802677,0.0,1.0,0.0,0.0,9,7.956246190023731,0.004712640909102383,2,0.0,unknown,0.00537109375,0.00390625,application,0.00408935546875,0.09888712241653418,304.5234375,0.3839111328125,0.9993900207392948,0.0,0.0,0.00830078125,random_16k,16384,True,random,1.0,random-16k,generated seeded random,b394abb7b0690c7b255ad527b20c8aa4cd9103f5687012435cfbf73095beaec7,16384,train,zstd|9|identity,0.5,identity,{},16384,256,0.01568603515625,0.00323486328125
8.001953125,0.4979248046875,7.98944530954925,0.00047077135525436036,brotli,"{""level"": 1}",16388,124.40287024951206,0.0001255999959539622,0.0,1260.0799228279518,1.2400007108226418e-05,0.0379638671875,0.01231997537350793,.bin,16384,7.98818519802677,0.0,1.0,0.0,0.0,1,7.956246190023731,0.004712640909102383,2,0.0,unknown,0.00537109375,0.00390625,application,0.00408935546875,0.09888712241653418,304.5234375,0.3839111328125,0.9997559189650964,0.0,0.0,0.00830078125,random_16k,16384,True,random,1.0,random-16k,generated seeded random,b394abb7b0690c7b255ad527b20c8aa4cd9103f5687012435cfbf73095beaec7,16384,train,brotli|1|identity,0.5,identity,{},16384,256,0.01568603515625,0.00323486328125
8.001953125,0.4979248046875,7.98944530954925,0.00047077135525436036,brotli,"{""level"": 6}",16388,10.57386476621694,0.0014777000033063814,0.0,1027.960571966883,1.5199999324977398e-05,0.0379638671875,0.01231997537350793,.bin,16384,7.98818519802677,0.0,1.0,0.0,0.0,6,7.956246190023731,0.004712640909102383,2,0.0,unknown,0.00537109375,0.00390625,application,0.00408935546875,0.09888712241653418,304.5234375,0.3839111328125,0.9997559189650964,0.0,0.0,0.00830078125,random_16k,16384,True,random,1.0,random-16k,generated seeded random,b394abb7b0690c7b255ad527b20c8aa4cd9103f5687012435cfbf73095beaec7,16384,train,brotli|6|identity,0.5,identity,{},16384,256,0.01568603515625,0.00323486328125
8.001953125,0.4979248046875,7.98944530954925,0.00047077135525436036,brotli,"{""level"": 9}",16388,0.6491860763737469,0.02406860000337474,0.0,226.7779365088752,6.890000076964498e-05,0.0379638671875,0.01231997537350793,.bin,16384,7.98818519802677,0.0,1.0,0.0,0.0,9,7.956246190023731,0.004712640909102383,2,0.0,unknown,0.00537109375,0.00390625,application,0.00408935546875,0.09888712241653418,304.5234375,0.3839111328125,0.9997559189650964,0.0,0.0,0.00830078125,random_16k,16384,True,random,1.0,random-16k,generated seeded random,b394abb7b0690c7b255ad527b20c8aa4cd9103f5687012435cfbf73095beaec7,16384,train,brotli|9|identity,0.5,identity,{},16384,256,0.01568603515625,0.00323486328125
8.44287109375,0.4979248046875,7.98944530954925,0.00047077135525436036,deflate,"{""level"": 1, ""wrapper"": ""zlib""}",17291,23.43984408275486,0.0006665999972028658,0.0,64.30041093290771,0.00024300000222865492,0.0379638671875,0.01231997537350793,.bin,16384,7.98818519802677,0.0,1.0,0.0,0.0,1,7.956246190023731,0.004712640909102383,2,0.0,unknown,0.00537109375,0.00390625,application,0.00408935546875,0.09888712241653418,304.5234375,0.3839111328125,0.9475449655890348,0.0,0.0,0.00830078125,random_16k,16384,True,random,1.0,random-16k,generated seeded random,b394abb7b0690c7b255ad527b20c8aa4cd9103f5687012435cfbf73095beaec7,16384,train,deflate|1|identity,0.5,identity,{},16384,256,0.01568603515625,0.00323486328125
8.00634765625,0.4979248046875,7.98944530954925,0.00047077135525436036,deflate,"{""level"": 6, ""wrapper"": ""zlib""}",16397,10.000640083094193,0.0015623999934177846,0.0,703.8290057761941,2.2199994418770075e-05,0.0379638671875,0.01231997537350793,.bin,16384,7.98818519802677,0.0,1.0,0.0,0.0,6,7.956246190023731,0.004712640909102383,2,0.0,unknown,0.00537109375,0.00390625,application,0.00408935546875,0.09888712241653418,304.5234375,0.3839111328125,0.9992071720436665,0.0,0.0,0.00830078125,random_16k,16384,True,random,1.0,random-16k,generated seeded random,b394abb7b0690c7b255ad527b20c8aa4cd9103f5687012435cfbf73095beaec7,16384,train,deflate|6|identity,0.5,identity,{},16384,256,0.01568603515625,0.00323486328125
8.00537109375,0.4979248046875,7.98944530954925,0.00047077135525436036,deflate,"{""level"": 9, ""wrapper"": ""zlib""}",16395,15.572055003222987,0.0010034000006271526,0.0,777.3634555670507,2.0099992980249226e-05,0.0379638671875,0.01231997537350793,.bin,16384,7.98818519802677,0.0,1.0,0.0,0.0,9,7.956246190023731,0.004712640909102383,2,0.0,unknown,0.00537109375,0.00390625,application,0.00408935546875,0.09888712241653418,304.5234375,0.3839111328125,0.9993290637389448,0.0,0.0,0.00830078125,random_16k,16384,True,random,1.0,random-16k,generated seeded random,b394abb7b0690c7b255ad527b20c8aa4cd9103f5687012435cfbf73095beaec7,16384,train,deflate|9|identity,0.5,identity,{},16384,256,0.01568603515625,0.00323486328125
8.029296875,0.4979248046875,7.98944530954925,0.00047077135525436036,lzma2,"{""container"": ""xz"", ""filter"": ""lzma2"", ""level"": 0}",16444,1.875615201448467,0.008330600001499988,0.0,127.86415798950166,0.0001221999991685152,0.0379638671875,0.01231997537350793,.bin,16384,7.98818519802677,0.0,1.0,0.0,0.0,0,7.956246190023731,0.004712640909102383,2,0.0,unknown,0.00537109375,0.00390625,application,0.00408935546875,0.09888712241653418,304.5234375,0.3839111328125,0.9963512527365604,0.0,0.0,0.00830078125,random_16k,16384,True,random,1.0,random-16k,generated seeded random,b394abb7b0690c7b255ad527b20c8aa4cd9103f5687012435cfbf73095beaec7,16384,train,lzma2|0|identity,0.5,identity,{},16384,256,0.01568603515625,0.00323486328125
8.029296875,0.4979248046875,7.98944530954925,0.00047077135525436036,lzma2,"{""container"": ""xz"", ""filter"": ""lzma2"", ""level"": 3}",16444,1.4016218442253674,0.011147800003527664,0.0,88.27683893257341,0.00017699999443721026,0.0379638671875,0.01231997537350793,.bin,16384,7.98818519802677,0.0,1.0,0.0,0.0,3,7.956246190023731,0.004712640909102383,2,0.0,unknown,0.00537109375,0.00390625,application,0.00408935546875,0.09888712241653418,304.5234375,0.3839111328125,0.9963512527365604,0.0,0.0,0.00830078125,random_16k,16384,True,random,1.0,random-16k,generated seeded random,b394abb7b0690c7b255ad527b20c8aa4cd9103f5687012435cfbf73095beaec7,16384,train,lzma2|3|identity,0.5,identity,{},16384,256,0.01568603515625,0.00323486328125
8.029296875,0.4979248046875,7.98944530954925,0.00047077135525436036,lzma2,"{""container"": ""xz"", ""filter"": ""lzma2"", ""level"": 6}",16444,0.9889490878998863,0.01579959999071434,0.0,50.305860744165095,0.0003105999930994585,0.0379638671875,0.01231997537350793,.bin,16384,7.98818519802677,0.0,1.0,0.0,0.0,6,7.956246190023731,0.004712640909102383,2,0.0,unknown,0.00537109375,0.00390625,application,0.00408935546875,0.09888712241653418,304.5234375,0.3839111328125,0.9963512527365604,0.0,0.0,0.00830078125,random_16k,16384,True,random,1.0,random-16k,generated seeded random,b394abb7b0690c7b255ad527b20c8aa4cd9103f5687012435cfbf73095beaec7,16384,train,lzma2|6|identity,0.5,identity,{},16384,256,0.01568603515625,0.00323486328125
8.2255859375,0.4979248046875,7.98944530954925,0.00047077135525436036,bzip2,"{""level"": 1}",16846,2.6311801200410483,0.005938399990554899,0.0,12.491006540590938,0.001250899993465282,0.0379638671875,0.01231997537350793,.bin,16384,7.98818519802677,0.0,1.0,0.0,0.0,1,7.956246190023731,0.004712640909102383,2,0.0,unknown,0.00537109375,0.00390625,application,0.00408935546875,0.09888712241653418,304.5234375,0.3839111328125,0.9725750920099727,0.0,0.0,0.00830078125,random_16k,16384,True,random,1.0,random-16k,generated seeded random,b394abb7b0690c7b255ad527b20c8aa4cd9103f5687012435cfbf73095beaec7,16384,train,bzip2|1|identity,0.5,identity,{},16384,256,0.01568603515625,0.00323486328125
8.2255859375,0.4979248046875,7.98944530954925,0.00047077135525436036,bzip2,"{""level"": 9}",16846,3.1917066728160335,0.004895499994745478,0.0,13.659410863819579,0.0011438999936217442,0.0379638671875,0.01231997537350793,.bin,16384,7.98818519802677,0.0,1.0,0.0,0.0,9,7.956246190023731,0.004712640909102383,2,0.0,unknown,0.00537109375,0.00390625,application,0.00408935546875,0.09888712241653418,304.5234375,0.3839111328125,0.9725750920099727,0.0,0.0,0.00830078125,random_16k,16384,True,random,1.0,random-16k,generated seeded random,b394abb7b0690c7b255ad527b20c8aa4cd9103f5687012435cfbf73095beaec7,16384,train,bzip2|9|identity,0.5,identity,{},16384,256,0.01568603515625,0.00323486328125
8.04052734375,0.4979248046875,7.98944530954925,0.00047077135525436036,xai-static,"{""coder"": ""adaptive-arithmetic32-v1"", ""level"": null, ""original_size"": 16384}",16467,0.010269020740259621,1.5215667000011308,0.0,0.010607944165471998,1.4729527000017697,0.0379638671875,0.01231997537350793,.bin,16384,7.98818519802677,0.0,1.0,0.0,0.0,,7.956246190023731,0.004712640909102383,2,0.0,unknown,0.00537109375,0.00390625,application,0.00408935546875,0.09888712241653418,304.5234375,0.3839111328125,0.9949596162021012,0.0,0.0,0.00830078125,random_16k,16384,True,random,1.0,random-16k,generated seeded random,b394abb7b0690c7b255ad527b20c8aa4cd9103f5687012435cfbf73095beaec7,16384,train,xai-static|default|identity,0.5,identity,{},16384,256,0.01568603515625,0.00323486328125
9.93408203125,0.4979248046875,7.98944530954925,0.00047077135525436036,zstd,"{""level"": 3}",20345,40.849672971862496,0.0003825000021606684,0.0,2.539535485563178,0.006152700007078238,0.0379638671875,0.01231997537350793,.bin,16384,7.98818519802677,0.0,1.0,0.0,0.0,3,7.956246190023731,0.004712640909102383,2,0.0,unknown,0.00537109375,0.00390625,application,0.00408935546875,0.09888712241653418,304.5234375,0.3839111328125,0.8053084295895797,0.0,0.0,0.00830078125,random_16k,16384,True,random,1.0,random-16k,generated seeded random,b394abb7b0690c7b255ad527b20c8aa4cd9103f5687012435cfbf73095beaec7,16384,train,zstd|3|rle,0.5,rle,{},32632,256,0.01568603515625,0.00323486328125
8.0048828125,0.4979248046875,7.98944530954925,0.00047077135525436036,zstd,"{""level"": 3}",16394,377.4153709665457,4.1400009649805725e-05,0.0,7.963000669275372,0.0019622000108938664,0.0379638671875,0.01231997537350793,.bin,16384,7.98818519802677,0.0,1.0,0.0,0.0,3,7.956246190023731,0.004712640909102383,2,0.0,unknown,0.00537109375,0.00390625,application,0.00408935546875,0.09888712241653418,304.5234375,0.3839111328125,0.9993900207392948,0.0,0.0,0.00830078125,random_16k,16384,True,random,1.0,random-16k,generated seeded random,b394abb7b0690c7b255ad527b20c8aa4cd9103f5687012435cfbf73095beaec7,16384,train,zstd|3|delta,0.5,delta,{},16384,256,0.01568603515625,0.00323486328125
8.0048828125,0.4979248046875,7.98944530954925,0.00047077135525436036,zstd,"{""level"": 3}",16394,402.7062908921114,3.879998985212296e-05,0.0,472.0543142465868,3.310000465717167e-05,0.0379638671875,0.01231997537350793,.bin,16384,7.98818519802677,0.0,1.0,0.0,0.0,3,7.956246190023731,0.004712640909102383,2,0.0,unknown,0.00537109375,0.00390625,application,0.00408935546875,0.09888712241653418,304.5234375,0.3839111328125,0.9993900207392948,0.0,0.0,0.00830078125,random_16k,16384,True,random,1.0,random-16k,generated seeded random,b394abb7b0690c7b255ad527b20c8aa4cd9103f5687012435cfbf73095beaec7,16384,train,zstd|3|byte-shuffle,0.5,byte-shuffle,"{""original_size"": 16384}",16384,256,0.01568603515625,0.00323486328125
8.03076171875,0.4979248046875,7.98944530954925,0.00047077135525436036,zstd,"{""level"": 3}",16447,283.5753301977608,5.509999755304307e-05,0.0,6.47936969273729,0.0024114999978337437,0.0379638671875,0.01231997537350793,.bin,16384,7.98818519802677,0.0,1.0,0.0,0.0,3,7.956246190023731,0.004712640909102383,2,0.0,unknown,0.00537109375,0.00390625,application,0.00408935546875,0.09888712241653418,304.5234375,0.3839111328125,0.996169514197118,0.0,0.0,0.00830078125,random_16k,16384,True,random,1.0,random-16k,generated seeded random,b394abb7b0690c7b255ad527b20c8aa4cd9103f5687012435cfbf73095beaec7,16384,train,zstd|3|zero-run,0.5,zero-run,{},16437,256,0.01568603515625,0.00323486328125
8.06201171875,0.4979248046875,7.98944530954925,0.00047077135525436036,zstd,"{""level"": 3}",16511,228.43563406024109,6.840001151431352e-05,0.0,5.288721908102449,0.0029543999989982694,0.0379638671875,0.01231997537350793,.bin,16384,7.98818519802677,0.0,1.0,0.0,0.0,3,7.956246190023731,0.004712640909102383,2,0.0,unknown,0.00537109375,0.00390625,application,0.00408935546875,0.09888712241653418,304.5234375,0.3839111328125,0.9923081581975652,0.0,0.0,0.00830078125,random_16k,16384,True,random,1.0,random-16k,generated seeded random,b394abb7b0690c7b255ad527b20c8aa4cd9103f5687012435cfbf73095beaec7,16384,train,zstd|3|dictionary,0.5,dictionary,"{""dictionary"": ""structured-v1""}",16501,256,0.01568603515625,0.00323486328125
8.05859375,0.4979248046875,7.98944530954925,0.00047077135525436036,brotli,"{""level"": 6}",16504,11.133675319584798,0.001403400005074218,0.0,5.11640852690103,0.003053899999940768,0.0379638671875,0.01231997537350793,.bin,16384,7.98818519802677,0.0,1.0,0.0,0.0,6,7.956246190023731,0.004712640909102383,2,0.0,unknown,0.00537109375,0.00390625,application,0.00408935546875,0.09888712241653418,304.5234375,0.3839111328125,0.9927290353853612,0.0,0.0,0.00830078125,random_16k,16384,True,random,1.0,random-16k,generated seeded random,b394abb7b0690c7b255ad527b20c8aa4cd9103f5687012435cfbf73095beaec7,16384,train,brotli|6|dictionary,0.5,dictionary,"{""dictionary"": ""structured-v1""}",16501,256,0.01568603515625,0.00323486328125
8.00634765625,0.4979248046875,7.98944530954925,0.00047077135525436036,deflate,"{""level"": 6, ""wrapper"": ""zlib""}",16397,33.7983994089335,0.0004622999986167997,0.0,7.150048072661316,0.0021852999925613403,0.0379638671875,0.01231997537350793,.bin,16384,7.98818519802677,0.0,1.0,0.0,0.0,6,7.956246190023731,0.004712640909102383,2,0.0,unknown,0.00537109375,0.00390625,application,0.00408935546875,0.09888712241653418,304.5234375,0.3839111328125,0.9992071720436665,0.0,0.0,0.00830078125,random_16k,16384,True,random,1.0,random-16k,generated seeded random,b394abb7b0690c7b255ad527b20c8aa4cd9103f5687012435cfbf73095beaec7,16384,train,deflate|6|delta,0.5,delta,{},16384,256,0.01568603515625,0.00323486328125
8.029296875,0.4979248046875,7.98944530954925,0.00047077135525436036,lzma2,"{""container"": ""xz"", ""filter"": ""lzma2"", ""level"": 3}",16444,2.7766917790988654,0.00562720000743866,0.0,131.41296466846046,0.00011889998859260231,0.0379638671875,0.01231997537350793,.bin,16384,7.98818519802677,0.0,1.0,0.0,0.0,3,7.956246190023731,0.004712640909102383,2,0.0,unknown,0.00537109375,0.00390625,application,0.00408935546875,0.09888712241653418,304.5234375,0.3839111328125,0.9963512527365604,0.0,0.0,0.00830078125,random_16k,16384,True,random,1.0,random-16k,generated seeded random,b394abb7b0690c7b255ad527b20c8aa4cd9103f5687012435cfbf73095beaec7,16384,train,lzma2|3|byte-shuffle,0.5,byte-shuffle,"{""original_size"": 16384}",16384,256,0.01568603515625,0.00323486328125
8.0,1.0,2.0,0.031004898176538172,raw,"{""level"": null}",4096,849.1863755856366,4.599991370923817e-06,0.0,1220.7049321970696,3.1999952625483274e-06,0.0,0.0,.bin,4096,0.8109877092158282,0.0,0.0,1.0,0.0,,2.0,0.0,1,0.998046875,unknown,0.25,0.00390625,application,0.0,0.0,304.5234375,1.0,1.0,0.9990234375,1.0,0.0,repetitive_4k,4096,True,repetitive,0.0,repeat-4k,generated repetitive,d0e0da8a862406373f116f68abe4c82266b0b374d9f6999f56c8de9c5ac26205,4096,train,raw|default|identity,0.0,identity,{},4096,4,0.0,0.0
0.041015625,1.0,2.0,0.031004898176538172,zstd,"{""level"": 1}",21,87.38813208449486,4.470000567380339e-05,0.0,275.0881887568968,1.4199991710484028e-05,0.0,0.0,.bin,4096,0.8109877092158282,0.0,0.0,1.0,0.0,1,2.0,0.0,1,0.998046875,unknown,0.25,0.00390625,application,0.0,0.0,304.5234375,1.0,195.04761904761904,0.9990234375,1.0,0.0,repetitive_4k,4096,True,repetitive,0.0,repeat-4k,generated repetitive,d0e0da8a862406373f116f68abe4c82266b0b374d9f6999f56c8de9c5ac26205,4096,train,zstd|1|identity,0.0,identity,{},4096,4,0.0,0.0
0.041015625,1.0,2.0,0.031004898176538172,zstd,"{""level"": 3}",21,149.09353550501262,2.61999957729131e-05,0.0,424.59251620087343,9.199997293762863e-06,0.0,0.0,.bin,4096,0.8109877092158282,0.0,0.0,1.0,0.0,3,2.0,0.0,1,0.998046875,unknown,0.25,0.00390625,application,0.0,0.0,304.5234375,1.0,195.04761904761904,0.9990234375,1.0,0.0,repetitive_4k,4096,True,repetitive,0.0,repeat-4k,generated repetitive,d0e0da8a862406373f116f68abe4c82266b0b374d9f6999f56c8de9c5ac26205,4096,train,zstd|3|identity,0.0,identity,{},4096,4,0.0,0.0
0.041015625,1.0,2.0,0.031004898176538172,zstd,"{""level"": 9}",21,151.9941248780499,2.570000651758164e-05,0.0,470.63307215829695,8.29999044071883e-06,0.0,0.0,.bin,4096,0.8109877092158282,0.0,0.0,1.0,0.0,9,2.0,0.0,1,0.998046875,unknown,0.25,0.00390625,application,0.0,0.0,304.5234375,1.0,195.04761904761904,0.9990234375,1.0,0.0,repetitive_4k,4096,True,repetitive,0.0,repeat-4k,generated repetitive,d0e0da8a862406373f116f68abe4c82266b0b374d9f6999f56c8de9c5ac26205,4096,train,zstd|9|identity,0.0,identity,{},4096,4,0.0,0.0
0.052734375,1.0,2.0,0.031004898176538172,brotli,"{""level"": 1}",27,107.020543715347,3.650000144261867e-05,0.0,139.50895384703335,2.7999994927085936e-05,0.0,0.0,.bin,4096,0.8109877092158282,0.0,0.0,1.0,0.0,1,2.0,0.0,1,0.998046875,unknown,0.25,0.00390625,application,0.0,0.0,304.5234375,1.0,151.7037037037037,0.9990234375,1.0,0.0,repetitive_4k,4096,True,repetitive,0.0,repeat-4k,generated repetitive,d0e0da8a862406373f116f68abe4c82266b0b374d9f6999f56c8de9c5ac26205,4096,train,brotli|1|identity,0.0,identity,{},4096,4,0.0,0.0
0.033203125,1.0,2.0,0.031004898176538172,brotli,"{""level"": 6}",17,33.32977680566353,0.00011720000475179404,0.0,171.32676199448048,2.2799998987466097e-05,0.0,0.0,.bin,4096,0.8109877092158282,0.0,0.0,1.0,0.0,6,2.0,0.0,1,0.998046875,unknown,0.25,0.00390625,application,0.0,0.0,304.5234375,1.0,240.94117647058823,0.9990234375,1.0,0.0,repetitive_4k,4096,True,repetitive,0.0,repeat-4k,generated repetitive,d0e0da8a862406373f116f68abe4c82266b0b374d9f6999f56c8de9c5ac26205,4096,train,brotli|6|identity,0.0,identity,{},4096,4,0.0,0.0
0.033203125,1.0,2.0,0.031004898176538172,brotli,"{""level"": 9}",17,32.01844324084995,0.00012199999764561653,0.0,181.68601574720012,2.1500003640539944e-05,0.0,0.0,.bin,4096,0.8109877092158282,0.0,0.0,1.0,0.0,9,2.0,0.0,1,0.998046875,unknown,0.25,0.00390625,application,0.0,0.0,304.5234375,1.0,240.94117647058823,0.9990234375,1.0,0.0,repetitive_4k,4096,True,repetitive,0.0,repeat-4k,generated repetitive,d0e0da8a862406373f116f68abe4c82266b0b374d9f6999f56c8de9c5ac26205,4096,train,brotli|9|identity,0.0,identity,{},4096,4,0.0,0.0
0.103515625,1.0,2.0,0.031004898176538172,deflate,"{""level"": 1, ""wrapper"": ""zlib""}",53,146.85151028098326,2.6599998818710446e-05,0.0,429.2584053333589,9.099996532313526e-06,0.0,0.0,.bin,4096,0.8109877092158282,0.0,0.0,1.0,0.0,1,2.0,0.0,1,0.998046875,unknown,0.25,0.00390625,application,0.0,0.0,304.5234375,1.0,77.28301886792453,0.9990234375,1.0,0.0,repetitive_4k,4096,True,repetitive,0.0,repeat-4k,generated repetitive,d0e0da8a862406373f116f68abe4c82266b0b374d9f6999f56c8de9c5ac26205,4096,train,deflate|1|identity,0.0,identity,{},4096,4,0.0,0.0
0.060546875,1.0,2.0,0.031004898176538172,deflate,"{""level"": 6, ""wrapper"": ""zlib""}",31,110.65861873082589,3.530000685714185e-05,0.0,322.83044981034413,1.2100004823878407e-05,0.0,0.0,.bin,4096,0.8109877092158282,0.0,0.0,1.0,0.0,6,2.0,0.0,1,0.998046875,unknown,0.25,0.00390625,application,0.0,0.0,304.5234375,1.0,132.1290322580645,0.9990234375,1.0,0.0,repetitive_4k,4096,True,repetitive,0.0,repeat-4k,generated repetitive,d0e0da8a862406373f116f68abe4c82266b0b374d9f6999f56c8de9c5ac26205,4096,train,deflate|6|identity,0.0,identity,{},4096,4,0.0,0.0
0.060546875,1.0,2.0,0.031004898176538172,deflate,"{""level"": 9, ""wrapper"": ""zlib""}",31,88.57709528600452,4.410000110510737e-05,0.0,365.06979609655394,1.0700008715502918e-05,0.0,0.0,.bin,4096,0.8109877092158282,0.0,0.0,1.0,0.0,9,2.0,0.0,1,0.998046875,unknown,0.25,0.00390625,application,0.0,0.0,304.5234375,1.0,132.1290322580645,0.9990234375,1.0,0.0,repetitive_4k,4096,True,repetitive,0.0,repeat-4k,generated repetitive,d0e0da8a862406373f116f68abe4c82266b0b374d9f6999f56c8de9c5ac26205,4096,train,deflate|9|identity,0.0,identity,{},4096,4,0.0,0.0
0.1875,1.0,2.0,0.031004898176538172,lzma2,"{""container"": ""xz"", ""filter"": ""lzma2"", ""level"": 0}",96,22.605612626346073,0.0001728000061120838,0.0,95.04259569390696,4.1099992813542485e-05,0.0,0.0,.bin,4096,0.8109877092158282,0.0,0.0,1.0,0.0,0,2.0,0.0,1,0.998046875,unknown,0.25,0.00390625,application,0.0,0.0,304.5234375,1.0,42.666666666666664,0.9990234375,1.0,0.0,repetitive_4k,4096,True,repetitive,0.0,repeat-4k,generated repetitive,d0e0da8a862406373f116f68abe4c82266b0b374d9f6999f56c8de9c5ac26205,4096,train,lzma2|0|identity,0.0,identity,{},4096,4,0.0,0.0
0.1875,1.0,2.0,0.031004898176538172,lzma2,"{""container"": ""xz"", ""filter"": ""lzma2"", ""level"": 3}",96,1.0596956221106606,0.003686199997900985,0.0,41.60010562923549,9.390000195708126e-05,0.0,0.0,.bin,4096,0.8109877092158282,0.0,0.0,1.0,0.0,3,2.0,0.0,1,0.998046875,unknown,0.25,0.00390625,application,0.0,0.0,304.5234375,1.0,42.666666666666664,0.9990234375,1.0,0.0,repetitive_4k,4096,True,repetitive,0.0,repeat-4k,generated repetitive,d0e0da8a862406373f116f68abe4c82266b0b374d9f6999f56c8de9c5ac26205,4096,train,lzma2|3|identity,0.0,identity,{},4096,4,0.0,0.0
0.1875,1.0,2.0,0.031004898176538172,lzma2,"{""container"": ""xz"", ""filter"": ""lzma2"", ""level"": 6}",96,0.6247101346175851,0.006252899998798966,0.0,38.184264527947505,0.00010229999315924942,0.0,0.0,.bin,4096,0.8109877092158282,0.0,0.0,1.0,0.0,6,2.0,0.0,1,0.998046875,unknown,0.25,0.00390625,application,0.0,0.0,304.5234375,1.0,42.666666666666664,0.9990234375,1.0,0.0,repetitive_4k,4096,True,repetitive,0.0,repeat-4k,generated repetitive,d0e0da8a862406373f116f68abe4c82266b0b374d9f6999f56c8de9c5ac26205,4096,train,lzma2|6|identity,0.0,identity,{},4096,4,0.0,0.0
0.08984375,1.0,2.0,0.031004898176538172,bzip2,"{""level"": 1}",46,10.528976100145421,0.00037099998735357076,0.0,55.407802675199385,7.049999840091914e-05,0.0,0.0,.bin,4096,0.8109877092158282,0.0,0.0,1.0,0.0,1,2.0,0.0,1,0.998046875,unknown,0.25,0.00390625,application,0.0,0.0,304.5234375,1.0,89.04347826086956,0.9990234375,1.0,0.0,repetitive_4k,4096,True,repetitive,0.0,repeat-4k,generated repetitive,d0e0da8a862406373f116f68abe4c82266b0b374d9f6999f56c8de9c5ac26205,4096,train,bzip2|1|identity,0.0,identity,{},4096,4,0.0,0.0
0.08984375,1.0,2.0,0.031004898176538172,bzip2,"{""level"": 9}",46,8.752520573939526,0.00044630000775214285,0.0,32.743082961525616,0.00011930000619031489,0.0,0.0,.bin,4096,0.8109877092158282,0.0,0.0,1.0,0.0,9,2.0,0.0,1,0.998046875,unknown,0.25,0.00390625,application,0.0,0.0,304.5234375,1.0,89.04347826086956,0.9990234375,1.0,0.0,repetitive_4k,4096,True,repetitive,0.0,repeat-4k,generated repetitive,d0e0da8a862406373f116f68abe4c82266b0b374d9f6999f56c8de9c5ac26205,4096,train,bzip2|9|identity,0.0,identity,{},4096,4,0.0,0.0
2.345703125,1.0,2.0,0.031004898176538172,xai-static,"{""coder"": ""adaptive-arithmetic32-v1"", ""level"": null, ""original_size"": 4096}",1201,0.010817032440325922,0.3611203000036767,0.0,0.011236354211628859,0.3476439000078244,0.0,0.0,.bin,4096,0.8109877092158282,0.0,0.0,1.0,0.0,,2.0,0.0,1,0.998046875,unknown,0.25,0.00390625,application,0.0,0.0,304.5234375,1.0,3.4104912572855954,0.9990234375,1.0,0.0,repetitive_4k,4096,True,repetitive,0.0,repeat-4k,generated repetitive,d0e0da8a862406373f116f68abe4c82266b0b374d9f6999f56c8de9c5ac26205,4096,train,xai-static|default|identity,0.0,identity,{},4096,4,0.0,0.0
0.05078125,1.0,2.0,0.031004898176538172,zstd,"{""level"": 3}",26,84.18641503563964,4.640000406652689e-05,0.0,1.9534180074278005,0.0019997000053990632,0.0,0.0,.bin,4096,0.8109877092158282,0.0,0.0,1.0,0.0,3,2.0,0.0,1,0.998046875,unknown,0.25,0.00390625,application,0.0,0.0,304.5234375,1.0,157.53846153846155,0.9990234375,1.0,0.0,repetitive_4k,4096,True,repetitive,0.0,repeat-4k,generated repetitive,d0e0da8a862406373f116f68abe4c82266b0b374d9f6999f56c8de9c5ac26205,4096,train,zstd|3|rle,0.0,rle,{},8192,4,0.0,0.0
0.04296875,1.0,2.0,0.031004898176538172,zstd,"{""level"": 3}",22,154.3972120144737,2.5300003471784294e-05,0.0,6.229070303641455,0.0006271000020205975,0.0,0.0,.bin,4096,0.8109877092158282,0.0,0.0,1.0,0.0,3,2.0,0.0,1,0.998046875,unknown,0.25,0.00390625,application,0.0,0.0,304.5234375,1.0,186.1818181818182,0.9990234375,1.0,0.0,repetitive_4k,4096,True,repetitive,0.0,repeat-4k,generated repetitive,d0e0da8a862406373f116f68abe4c82266b0b374d9f6999f56c8de9c5ac26205,4096,train,zstd|3|delta,0.0,delta,{},4096,4,0.0,0.0
0.046875,1.0,2.0,0.031004898176538172,zstd,"{""level"": 3}",24,166.2233737154067,2.3500004317611456e-05,0.0,176.75344439323106,2.2099993657320738e-05,0.0,0.0,.bin,4096,0.8109877092158282,0.0,0.0,1.0,0.0,3,2.0,0.0,1,0.998046875,unknown,0.25,0.00390625,application,0.0,0.0,304.5234375,1.0,170.66666666666666,0.9990234375,1.0,0.0,repetitive_4k,4096,True,repetitive,0.0,repeat-4k,generated repetitive,d0e0da8a862406373f116f68abe4c82266b0b374d9f6999f56c8de9c5ac26205,4096,train,zstd|3|byte-shuffle,0.0,byte-shuffle,"{""original_size"": 4096}",4096,4,0.0,0.0
0.041015625,1.0,2.0,0.031004898176538172,zstd,"{""level"": 3}",21,186.0119062385447,2.099999983329326e-05,0.0,4.909816462964242,0.0007956000044941902,0.0,0.0,.bin,4096,0.8109877092158282,0.0,0.0,1.0,0.0,3,2.0,0.0,1,0.998046875,unknown,0.25,0.00390625,application,0.0,0.0,304.5234375,1.0,195.04761904761904,0.9990234375,1.0,0.0,repetitive_4k,4096,True,repetitive,0.0,repeat-4k,generated repetitive,d0e0da8a862406373f116f68abe4c82266b0b374d9f6999f56c8de9c5ac26205,4096,train,zstd|3|zero-run,0.0,zero-run,{},4096,4,0.0,0.0
0.041015625,1.0,2.0,0.031004898176538172,zstd,"{""level"": 3}",21,72.07102622673708,5.420000525191426e-05,0.0,4.411847803334627,0.0008853999897837639,0.0,0.0,.bin,4096,0.8109877092158282,0.0,0.0,1.0,0.0,3,2.0,0.0,1,0.998046875,unknown,0.25,0.00390625,application,0.0,0.0,304.5234375,1.0,195.04761904761904,0.9990234375,1.0,0.0,repetitive_4k,4096,True,repetitive,0.0,repeat-4k,generated repetitive,d0e0da8a862406373f116f68abe4c82266b0b374d9f6999f56c8de9c5ac26205,4096,train,zstd|3|dictionary,0.0,dictionary,"{""dictionary"": ""structured-v1""}",4096,4,0.0,0.0
0.033203125,1.0,2.0,0.031004898176538172,brotli,"{""level"": 6}",17,29.021175632654284,0.0001345999917248264,0.0,4.051286007764643,0.0009642000077292323,0.0,0.0,.bin,4096,0.8109877092158282,0.0,0.0,1.0,0.0,6,2.0,0.0,1,0.998046875,unknown,0.25,0.00390625,application,0.0,0.0,304.5234375,1.0,240.94117647058823,0.9990234375,1.0,0.0,repetitive_4k,4096,True,repetitive,0.0,repeat-4k,generated repetitive,d0e0da8a862406373f116f68abe4c82266b0b374d9f6999f56c8de9c5ac26205,4096,train,brotli|6|dictionary,0.0,dictionary,"{""dictionary"": ""structured-v1""}",4096,4,0.0,0.0
0.060546875,1.0,2.0,0.031004898176538172,deflate,"{""level"": 6, ""wrapper"": ""zlib""}",31,89.79885772474265,4.3499996536411345e-05,0.0,5.254573581414843,0.0007433999999193475,0.0,0.0,.bin,4096,0.8109877092158282,0.0,0.0,1.0,0.0,6,2.0,0.0,1,0.998046875,unknown,0.25,0.00390625,application,0.0,0.0,304.5234375,1.0,132.1290322580645,0.9990234375,1.0,0.0,repetitive_4k,4096,True,repetitive,0.0,repeat-4k,generated repetitive,d0e0da8a862406373f116f68abe4c82266b0b374d9f6999f56c8de9c5ac26205,4096,train,deflate|6|delta,0.0,delta,{},4096,4,0.0,0.0
0.1875,1.0,2.0,0.031004898176538172,lzma2,"{""container"": ""xz"", ""filter"": ""lzma2"", ""level"": 3}",96,1.2828407204183447,0.003045000004931353,0.0,34.93962205112226,0.00011180000728927553,0.0,0.0,.bin,4096,0.8109877092158282,0.0,0.0,1.0,0.0,3,2.0,0.0,1,0.998046875,unknown,0.25,0.00390625,application,0.0,0.0,304.5234375,1.0,42.666666666666664,0.9990234375,1.0,0.0,repetitive_4k,4096,True,repetitive,0.0,repeat-4k,generated repetitive,d0e0da8a862406373f116f68abe4c82266b0b374d9f6999f56c8de9c5ac26205,4096,train,lzma2|3|byte-shuffle,0.0,byte-shuffle,"{""original_size"": 4096}",4096,4,0.0,0.0
8.0,1.0,3.5466006017745926,0.018205646396994277,raw,"{""level"": null}",65536,13888.87295869201,4.5000051613897085e-06,0.0,19531.278915153114,3.1999952625483274e-06,0.0,0.0002438615278399503,.bin,65536,3.700439714446209,0.0,0.0,1.0,0.0,,3.5466001262133466,8.064961962509534e-05,2,0.9984130859375,unknown,0.153839111328125,0.00390625,application,0.0,0.0,304.5234375,1.0,1.0,0.99920654296875,1.0,0.153839111328125,repetitive_64k,65536,True,repetitive,0.0,repeat-64k,generated repetitive,245287ad918814494ef56fd01d80c8bf2b2760f9870c8d12cc5f2106212cfd75,65536,test,raw|default|identity,0.0,identity,{},65536,12,0.0,0.0
0.0037841796875,1.0,3.5466006017745926,0.018205646396994277,zstd,"{""level"": 1}",31,1401.3451371322094,4.460000491235405e-05,0.0,946.9697939691124,6.599999323952943e-05,0.0,0.0002438615278399503,.bin,65536,3.700439714446209,0.0,0.0,1.0,0.0,1,3.5466001262133466,8.064961962509534e-05,2,0.9984130859375,unknown,0.153839111328125,0.00390625,application,0.0,0.0,304.5234375,1.0,2114.064516129032,0.99920654296875,1.0,0.153839111328125,repetitive_64k,65536,True,repetitive,0.0,repeat-64k,generated repetitive,245287ad918814494ef56fd01d80c8bf2b2760f9870c8d12cc5f2106212cfd75,65536,test,zstd|1|identity,0.0,identity,{},65536,12,0.0,0.0
0.0037841796875,1.0,3.5466006017745926,0.018205646396994277,zstd,"{""level"": 3}",31,1332.6223775529454,4.6900007873773575e-05,0.0,1021.2418242965623,6.120000034570694e-05,0.0,0.0002438615278399503,.bin,65536,3.700439714446209,0.0,0.0,1.0,0.0,3,3.5466001262133466,8.064961962509534e-05,2,0.9984130859375,unknown,0.153839111328125,0.00390625,application,0.0,0.0,304.5234375,1.0,2114.064516129032,0.99920654296875,1.0,0.153839111328125,repetitive_64k,65536,True,repetitive,0.0,repeat-64k,generated repetitive,245287ad918814494ef56fd01d80c8bf2b2760f9870c8d12cc5f2106212cfd75,65536,test,zstd|3|identity,0.0,identity,{},65536,12,0.0,0.0
0.0037841796875,1.0,3.5466006017745926,0.018205646396994277,zstd,"{""level"": 9}",31,175.26640067322398,0.0003566000086721033,0.0,963.0200394897278,6.489999941550195e-05,0.0,0.0002438615278399503,.bin,65536,3.700439714446209,0.0,0.0,1.0,0.0,9,3.5466001262133466,8.064961962509534e-05,2,0.9984130859375,unknown,0.153839111328125,0.00390625,application,0.0,0.0,304.5234375,1.0,2114.064516129032,0.99920654296875,1.0,0.153839111328125,repetitive_64k,65536,True,repetitive,0.0,repeat-64k,generated repetitive,245287ad918814494ef56fd01d80c8bf2b2760f9870c8d12cc5f2106212cfd75,65536,test,zstd|9|identity,0.0,identity,{},65536,12,0.0,0.0
0.005859375,1.0,3.5466006017745926,0.018205646396994277,brotli,"{""level"": 1}",48,1166.0447612562864,5.360000068321824e-05,0.0,475.6468398868627,0.0001314000110141933,0.0,0.0002438615278399503,.bin,65536,3.700439714446209,0.0,0.0,1.0,0.0,1,3.5466001262133466,8.064961962509534e-05,2,0.9984130859375,unknown,0.153839111328125,0.00390625,application,0.0,0.0,304.5234375,1.0,1365.3333333333333,0.99920654296875,1.0,0.153839111328125,repetitive_64k,65536,True,repetitive,0.0,repeat-64k,generated repetitive,245287ad918814494ef56fd01d80c8bf2b2760f9870c8d12cc5f2106212cfd75,65536,test,brotli|1|identity,0.0,identity,{},65536,12,0.0,0.0
0.0035400390625,1.0,3.5466006017745926,0.018205646396994277,brotli,"{""level"": 6}",29,235.84906094292788,0.0002649999951245263,0.0,508.9576392338583,0.00012280000373721123,0.0,0.0002438615278399503,.bin,65536,3.700439714446209,0.0,0.0,1.0,0.0,6,3.5466001262133466,8.064961962509534e-05,2,0.9984130859375,unknown,0.153839111328125,0.00390625,application,0.0,0.0,304.5234375,1.0,2259.862068965517,0.99920654296875,1.0,0.153839111328125,repetitive_64k,65536,True,repetitive,0.0,repeat-64k,generated repetitive,245287ad918814494ef56fd01d80c8bf2b2760f9870c8d12cc5f2106212cfd75,65536,test,brotli|6|identity,0.0,identity,{},65536,12,0.0,0.0
0.0035400390625,1.0,3.5466006017745926,0.018205646396994277,brotli,"{""level"": 9}",29,333.5112044311125,0.00018740000086836517,0.0,514.8269857699299,0.00012140000762883574,0.0,0.0002438615278399503,.bin,65536,3.700439714446209,0.0,0.0,1.0,0.0,9,3.5466001262133466,8.064961962509534e-05,2,0.9984130859375,unknown,0.153839111328125,0.00390625,application,0.0,0.0,304.5234375,1.0,2259.862068965517,0.99920654296875,1.0,0.153839111328125,repetitive_64k,65536,True,repetitive,0.0,repeat-64k,generated repetitive,245287ad918814494ef56fd01d80c8bf2b2760f9870c8d12cc5f2106212cfd75,65536,test,brotli|9|identity,0.0,identity,{},65536,12,0.0,0.0
0.0914306640625,1.0,3.5466006017745926,0.018205646396994277,deflate,"{""level"": 1, ""wrapper"": ""zlib""}",749,1513.3173988078,4.129999433644116e-05,0.0,2729.2576718460473,2.2899999748915434e-05,0.0,0.0002438615278399503,.bin,65536,3.700439714446209,0.0,0.0,1.0,0.0,1,3.5466001262133466,8.064961962509534e-05,2,0.9984130859375,unknown,0.153839111328125,0.00390625,application,0.0,0.0,304.5234375,1.0,87.49799732977303,0.99920654296875,1.0,0.153839111328125,repetitive_64k,65536,True,repetitive,0.0,repeat-64k,generated repetitive,245287ad918814494ef56fd01d80c8bf2b2760f9870c8d12cc5f2106212cfd75,65536,test,deflate|1|identity,0.0,identity,{},65536,12,0.0,0.0
0.0203857421875,1.0,3.5466006017745926,0.018205646396994277,deflate,"{""level"": 6, ""wrapper"": ""zlib""}",167,359.815777610542,0.0001736999984132126,0.0,2431.905998048798,2.570000651758164e-05,0.0,0.0002438615278399503,.bin,65536,3.700439714446209,0.0,0.0,1.0,0.0,6,3.5466001262133466,8.064961962509534e-05,2,0.9984130859375,unknown,0.153839111328125,0.00390625,application,0.0,0.0,304.5234375,1.0,392.4311377245509,0.99920654296875,1.0,0.153839111328125,repetitive_64k,65536,True,repetitive,0.0,repeat-64k,generated repetitive,245287ad918814494ef56fd01d80c8bf2b2760f9870c8d12cc5f2106212cfd75,65536,test,deflate|6|identity,0.0,identity,{},65536,12,0.0,0.0
0.0203857421875,1.0,3.5466006017745926,0.018205646396994277,deflate,"{""level"": 9, ""wrapper"": ""zlib""}",167,253.5496959712329,0.00024649999977555126,0.0,2561.4757647956917,2.439999661874026e-05,0.0,0.0002438615278399503,.bin,65536,3.700439714446209,0.0,0.0,1.0,0.0,9,3.5466001262133466,8.064961962509534e-05,2,0.9984130859375,unknown,0.153839111328125,0.00390625,application,0.0,0.0,304.5234375,1.0,392.4311377245509,0.99920654296875,1.0,0.153839111328125,repetitive_64k,65536,True,repetitive,0.0,repeat-64k,generated repetitive,245287ad918814494ef56fd01d80c8bf2b2760f9870c8d12cc5f2106212cfd75,65536,test,deflate|9|identity,0.0,identity,{},65536,12,0.0,0.0
0.01904296875,1.0,3.5466006017745926,0.018205646396994277,lzma2,"{""container"": ""xz"", ""filter"": ""lzma2"", ""level"": 0}",156,81.05304036232475,0.0007711000071140006,0.0,302.5169386827657,0.0002066000015474856,0.0,0.0002438615278399503,.bin,65536,3.700439714446209,0.0,0.0,1.0,0.0,0,3.5466001262133466,8.064961962509534e-05,2,0.9984130859375,unknown,0.153839111328125,0.00390625,application,0.0,0.0,304.5234375,1.0,420.1025641025641,0.99920654296875,1.0,0.153839111328125,repetitive_64k,65536,True,repetitive,0.0,repeat-64k,generated repetitive,245287ad918814494ef56fd01d80c8bf2b2760f9870c8d12cc5f2106212cfd75,65536,test,lzma2|0|identity,0.0,identity,{},65536,12,0.0,0.0
0.01904296875,1.0,3.5466006017745926,0.018205646396994277,lzma2,"{""container"": ""xz"", ""filter"": ""lzma2"", ""level"": 3}",156,18.30107463918965,0.003415099999983795,0.0,229.02162209864855,0.00027289999707136303,0.0,0.0002438615278399503,.bin,65536,3.700439714446209,0.0,0.0,1.0,0.0,3,3.5466001262133466,8.064961962509534e-05,2,0.9984130859375,unknown,0.153839111328125,0.00390625,application,0.0,0.0,304.5234375,1.0,420.1025641025641,0.99920654296875,1.0,0.153839111328125,repetitive_64k,65536,True,repetitive,0.0,repeat-64k,generated repetitive,245287ad918814494ef56fd01d80c8bf2b2760f9870c8d12cc5f2106212cfd75,65536,test,lzma2|3|identity,0.0,identity,{},65536,12,0.0,0.0
0.01904296875,1.0,3.5466006017745926,0.018205646396994277,lzma2,"{""container"": ""xz"", ""filter"": ""lzma2"", ""level"": 6}",156,8.528580969818519,0.007328300009248778,0.0,227.52093505194614,0.00027469999622553587,0.0,0.0002438615278399503,.bin,65536,3.700439714446209,0.0,0.0,1.0,0.0,6,3.5466001262133466,8.064961962509534e-05,2,0.9984130859375,unknown,0.153839111328125,0.00390625,application,0.0,0.0,304.5234375,1.0,420.1025641025641,0.99920654296875,1.0,0.153839111328125,repetitive_64k,65536,True,repetitive,0.0,repeat-64k,generated repetitive,245287ad918814494ef56fd01d80c8bf2b2760f9870c8d12cc5f2106212cfd75,65536,test,lzma2|6|identity,0.0,identity,{},65536,12,0.0,0.0
0.0107421875,1.0,3.5466006017745926,0.018205646396994277,bzip2,"{""level"": 1}",88,4.467476771614521,0.01398999999219086,0.0,71.38777827275896,0.0008755000017117709,0.0,0.0002438615278399503,.bin,65536,3.700439714446209,0.0,0.0,1.0,0.0,1,3.5466001262133466,8.064961962509534e-05,2,0.9984130859375,unknown,0.153839111328125,0.00390625,application,0.0,0.0,304.5234375,1.0,744.7272727272727,0.99920654296875,1.0,0.153839111328125,repetitive_64k,65536,True,repetitive,0.0,repeat-64k,generated repetitive,245287ad918814494ef56fd01d80c8bf2b2760f9870c8d12cc5f2106212cfd75,65536,test,bzip2|1|identity,0.0,identity,{},65536,12,0.0,0.0
0.0107421875,1.0,3.5466006017745926,0.018205646396994277,bzip2,"{""level"": 9}",88,4.262022311047942,0.014664400005131029,0.0,76.09886662853603,0.0008213000110117719,0.0,0.0002438615278399503,.bin,65536,3.700439714446209,0.0,0.0,1.0,0.0,9,3.5466001262133466,8.064961962509534e-05,2,0.9984130859375,unknown,0.153839111328125,0.00390625,application,0.0,0.0,304.5234375,1.0,744.7272727272727,0.99920654296875,1.0,0.153839111328125,repetitive_64k,65536,True,repetitive,0.0,repeat-64k,generated repetitive,245287ad918814494ef56fd01d80c8bf2b2760f9870c8d12cc5f2106212cfd75,65536,test,bzip2|9|identity,0.0,identity,{},65536,12,0.0,0.0
3.5865478515625,1.0,3.5466006017745926,0.018205646396994277,xai-static,"{""coder"": ""adaptive-arithmetic32-v1"", ""level"": null, ""original_size"": 65536}",29381,0.010603593888792662,5.894228000004659,0.0,0.01052857116458895,5.9362280999921495,0.0,0.0002438615278399503,.bin,65536,3.700439714446209,0.0,0.0,1.0,0.0,,3.5466001262133466,8.064961962509534e-05,2,0.9984130859375,unknown,0.153839111328125,0.00390625,application,0.0,0.0,304.5234375,1.0,2.2305571627922807,0.99920654296875,1.0,0.153839111328125,repetitive_64k,65536,True,repetitive,0.0,repeat-64k,generated repetitive,245287ad918814494ef56fd01d80c8bf2b2760f9870c8d12cc5f2106212cfd75,65536,test,xai-static|default|identity,0.0,identity,{},65536,12,0.0,0.0
0.00537109375,1.0,3.5466006017745926,0.018205646396994277,zstd,"{""level"": 3}",44,212.5127519012738,0.00029409999842755497,0.0,2.3156295731724077,0.026990500002284534,0.0,0.0002438615278399503,.bin,65536,3.700439714446209,0.0,0.0,1.0,0.0,3,3.5466001262133466,8.064961962509534e-05,2,0.9984130859375,unknown,0.153839111328125,0.00390625,application,0.0,0.0,304.5234375,1.0,1489.4545454545455,0.99920654296875,1.0,0.153839111328125,repetitive_64k,65536,True,repetitive,0.0,repeat-64k,generated repetitive,245287ad918814494ef56fd01d80c8bf2b2760f9870c8d12cc5f2106212cfd75,65536,test,zstd|3|rle,0.0,rle,{},120990,12,0.0,0.0
0.00390625,1.0,3.5466006017745926,0.018205646396994277,zstd,"{""level"": 3}",32,897.9886147975851,6.95999915478751e-05,0.0,6.69057431816313,0.00934150000102818,0.0,0.0002438615278399503,.bin,65536,3.700439714446209,0.0,0.0,1.0,0.0,3,3.5466001262133466,8.064961962509534e-05,2,0.9984130859375,unknown,0.153839111328125,0.00390625,application,0.0,0.0,304.5234375,1.0,2048.0,0.99920654296875,1.0,0.153839111328125,repetitive_64k,65536,True,repetitive,0.0,repeat-64k,generated repetitive,245287ad918814494ef56fd01d80c8bf2b2760f9870c8d12cc5f2106212cfd75,65536,test,zstd|3|delta,0.0,delta,{},65536,12,0.0,0.0
0.00537109375,1.0,3.5466006017745926,0.018205646396994277,zstd,"{""level"": 3}",44,1640.419987380701,3.809999907389283e-05,0.0,458.5473553306776,0.0001362999901175499,0.0,0.0002438615278399503,.bin,65536,3.700439714446209,0.0,0.0,1.0,0.0,3,3.5466001262133466,8.064961962509534e-05,2,0.9984130859375,unknown,0.153839111328125,0.00390625,application,0.0,0.0,304.5234375,1.0,1489.4545454545455,0.99920654296875,1.0,0.153839111328125,repetitive_64k,65536,True,repetitive,0.0,repeat-64k,generated repetitive,245287ad918814494ef56fd01d80c8bf2b2760f9870c8d12cc5f2106212cfd75,65536,test,zstd|3|byte-shuffle,0.0,byte-shuffle,"{""original_size"": 65536}",65536,12,0.0,0.0
0.0037841796875,1.0,3.5466006017745926,0.018205646396994277,zstd,"{""level"": 3}",31,957.1209440159095,6.53000024612993e-05,0.0,5.431240499034624,0.01150749999214895,0.0,0.0002438615278399503,.bin,65536,3.700439714446209,0.0,0.0,1.0,0.0,3,3.5466001262133466,8.064961962509534e-05,2,0.9984130859375,unknown,0.153839111328125,0.00390625,application,0.0,0.0,304.5234375,1.0,2114.064516129032,0.99920654296875,1.0,0.153839111328125,repetitive_64k,65536,True,repetitive,0.0,repeat-64k,generated repetitive,245287ad918814494ef56fd01d80c8bf2b2760f9870c8d12cc5f2106212cfd75,65536,test,zstd|3|zero-run,0.0,zero-run,{},65536,12,0.0,0.0
0.0037841796875,1.0,3.5466006017745926,0.018205646396994277,zstd,"{""level"": 3}",31,876.5777848802549,7.130000449251384e-05,0.0,4.92172488273864,0.01269880001200363,0.0,0.0002438615278399503,.bin,65536,3.700439714446209,0.0,0.0,1.0,0.0,3,3.5466001262133466,8.064961962509534e-05,2,0.9984130859375,unknown,0.153839111328125,0.00390625,application,0.0,0.0,304.5234375,1.0,2114.064516129032,0.99920654296875,1.0,0.153839111328125,repetitive_64k,65536,True,repetitive,0.0,repeat-64k,generated repetitive,245287ad918814494ef56fd01d80c8bf2b2760f9870c8d12cc5f2106212cfd75,65536,test,zstd|3|dictionary,0.0,dictionary,"{""dictionary"": ""structured-v1""}",65536,12,0.0,0.0
0.0035400390625,1.0,3.5466006017745926,0.018205646396994277,brotli,"{""level"": 6}",29,214.77662940442963,0.000291000003926456,0.0,4.855688924087532,0.01287150000280235,0.0,0.0002438615278399503,.bin,65536,3.700439714446209,0.0,0.0,1.0,0.0,6,3.5466001262133466,8.064961962509534e-05,2,0.9984130859375,unknown,0.153839111328125,0.00390625,application,0.0,0.0,304.5234375,1.0,2259.862068965517,0.99920654296875,1.0,0.153839111328125,repetitive_64k,65536,True,repetitive,0.0,repeat-64k,generated repetitive,245287ad918814494ef56fd01d80c8bf2b2760f9870c8d12cc5f2106212cfd75,65536,test,brotli|6|dictionary,0.0,dictionary,"{""dictionary"": ""structured-v1""}",65536,12,0.0,0.0
0.0205078125,1.0,3.5466006017745926,0.018205646396994277,deflate,"{""level"": 6, ""wrapper"": ""zlib""}",168,343.40661443754766,0.00018199998885393143,0.0,5.905139831874948,0.010584000003291294,0.0,0.0002438615278399503,.bin,65536,3.700439714446209,0.0,0.0,1.0,0.0,6,3.5466001262133466,8.064961962509534e-05,2,0.9984130859375,unknown,0.153839111328125,0.00390625,application,0.0,0.0,304.5234375,1.0,390.0952380952381,0.99920654296875,1.0,0.153839111328125,repetitive_64k,65536,True,repetitive,0.0,repeat-64k,generated repetitive,245287ad918814494ef56fd01d80c8bf2b2760f9870c8d12cc5f2106212cfd75,65536,test,deflate|6|delta,0.0,delta,{},65536,12,0.0,0.0
0.01953125,1.0,3.5466006017745926,0.018205646396994277,lzma2,"{""container"": ""xz"", ""filter"": ""lzma2"", ""level"": 3}",160,18.866215933888622,0.0033127999922726303,0.0,181.2645055862179,0.00034479999158065766,0.0,0.0002438615278399503,.bin,65536,3.700439714446209,0.0,0.0,1.0,0.0,3,3.5466001262133466,8.064961962509534e-05,2,0.9984130859375,unknown,0.153839111328125,0.00390625,application,0.0,0.0,304.5234375,1.0,409.6,0.99920654296875,1.0,0.153839111328125,repetitive_64k,65536,True,repetitive,0.0,repeat-64k,generated repetitive,245287ad918814494ef56fd01d80c8bf2b2760f9870c8d12cc5f2106212cfd75,65536,test,lzma2|3|byte-shuffle,0.0,byte-shuffle,"{""original_size"": 65536}",65536,12,0.0,0.0
8.0,1.0,-0.0,0.06237781024480981,raw,"{""level"": null}",16384,3472.2182396730027,4.5000051613897085e-06,0.0,5580.372654796429,2.7999922167509794e-06,0.0,0.0,.bin,16384,-0.0,0.0,1.0,0.0,0.0,,0.0,0.0,16384,0.99951171875,unknown,1.0,0.00390625,application,0.0,0.0,304.5234375,0.0,1.0,0.999755859375,1.0,1.0,zeros_16k,16384,True,repetitive,0.0,zeros,generated zero run,4fe7b59af6de3b665b67788cc2f99892ab827efae3a467342b3bb4e3bc8e5bfe,16384,validation,raw|default|identity,0.0,identity,{},16384,1,0.0,1.0
0.00927734375,1.0,-0.0,0.06237781024480981,zstd,"{""level"": 1}",19,381.09763485191473,4.099999205209315e-05,0.0,1157.4073274816674,1.3500000932253897e-05,0.0,0.0,.bin,16384,-0.0,0.0,1.0,0.0,0.0,1,0.0,0.0,16384,0.99951171875,unknown,1.0,0.00390625,application,0.0,0.0,304.5234375,0.0,862.3157894736842,0.999755859375,1.0,1.0,zeros_16k,16384,True,repetitive,0.0,zeros,generated zero run,4fe7b59af6de3b665b67788cc2f99892ab827efae3a467342b3bb4e3bc8e5bfe,16384,validation,zstd|1|identity,0.0,identity,{},16384,1,0.0,1.0
0.00927734375,1.0,-0.0,0.06237781024480981,zstd,"{""level"": 3}",19,600.9616713661901,2.5999994250014424e-05,0.0,1627.6041090969172,9.60000033956021e-06,0.0,0.0,.bin,16384,-0.0,0.0,1.0,0.0,0.0,3,0.0,0.0,16384,0.99951171875,unknown,1.0,0.00390625,application,0.0,0.0,304.5234375,0.0,862.3157894736842,0.999755859375,1.0,1.0,zeros_16k,16384,True,repetitive,0.0,zeros,generated zero run,4fe7b59af6de3b665b67788cc2f99892ab827efae3a467342b3bb4e3bc8e5bfe,16384,validation,zstd|3|identity,0.0,identity,{},16384,1,0.0,1.0
0.00927734375,1.0,-0.0,0.06237781024480981,zstd,"{""level"": 9}",19,540.657406143929,2.890000178012997e-05,0.0,1717.0308756084612,9.100011084228754e-06,0.0,0.0,.bin,16384,-0.0,0.0,1.0,0.0,0.0,9,0.0,0.0,16384,0.99951171875,unknown,1.0,0.00390625,application,0.0,0.0,304.5234375,0.0,862.3157894736842,0.999755859375,1.0,1.0,zeros_16k,16384,True,repetitive,0.0,zeros,generated zero run,4fe7b59af6de3b665b67788cc2f99892ab827efae3a467342b3bb4e3bc8e5bfe,16384,validation,zstd|9|identity,0.0,identity,{},16384,1,0.0,1.0
0.0107421875,1.0,-0.0,0.06237781024480981,brotli,"{""level"": 1}",22,446.428513102127,3.500000457279384e-05,0.0,351.12367757395646,4.449998959898949e-05,0.0,0.0,.bin,16384,-0.0,0.0,1.0,0.0,0.0,1,0.0,0.0,16384,0.99951171875,unknown,1.0,0.00390625,application,0.0,0.0,304.5234375,0.0,744.7272727272727,0.999755859375,1.0,1.0,zeros_16k,16384,True,repetitive,0.0,zeros,generated zero run,4fe7b59af6de3b665b67788cc2f99892ab827efae3a467342b3bb4e3bc8e5bfe,16384,validation,brotli|1|identity,0.0,identity,{},16384,1,0.0,1.0
0.00634765625,1.0,-0.0,0.06237781024480981,brotli,"{""level"": 6}",13,171.8922011974514,9.089999366551638e-05,0.0,404.7927158998889,3.860000288113952e-05,0.0,0.0,.bin,16384,-0.0,0.0,1.0,0.0,0.0,6,0.0,0.0,16384,0.99951171875,unknown,1.0,0.00390625,application,0.0,0.0,304.5234375,0.0,1260.3076923076924,0.999755859375,1.0,1.0,zeros_16k,16384,True,repetitive,0.0,zeros,generated zero run,4fe7b59af6de3b665b67788cc2f99892ab827efae3a467342b3bb4e3bc8e5bfe,16384,validation,brotli|6|identity,0.0,identity,{},16384,1,0.0,1.0
0.00634765625,1.0,-0.0,0.06237781024480981,brotli,"{""level"": 9}",13,204.78375128926538,7.6299998909235e-05,0.0,413.35982346754463,3.779999678954482e-05,0.0,0.0,.bin,16384,-0.0,0.0,1.0,0.0,0.0,9,0.0,0.0,16384,0.99951171875,unknown,1.0,0.00390625,application,0.0,0.0,304.5234375,0.0,1260.3076923076924,0.999755859375,1.0,1.0,zeros_16k,16384,True,repetitive,0.0,zeros,generated zero run,4fe7b59af6de3b665b67788cc2f99892ab827efae3a467342b3bb4e3bc8e5bfe,16384,validation,brotli|9|identity,0.0,identity,{},16384,1,0.0,1.0
0.08203125,1.0,-0.0,0.06237781024480981,deflate,"{""level"": 1, ""wrapper"": ""zlib""}",168,805.4128838538896,1.9399987650103867e-05,0.0,1698.3673784442124,9.200011845678091e-06,0.0,0.0,.bin,16384,-0.0,0.0,1.0,0.0,0.0,1,0.0,0.0,16384,0.99951171875,unknown,1.0,0.00390625,application,0.0,0.0,304.5234375,0.0,97.52380952380952,0.999755859375,1.0,1.0,zeros_16k,16384,True,repetitive,0.0,zeros,generated zero run,4fe7b59af6de3b665b67788cc2f99892ab827efae3a467342b3bb4e3bc8e5bfe,16384,validation,deflate|1|identity,0.0,identity,{},16384,1,0.0,1.0
0.01904296875,1.0,-0.0,0.06237781024480981,deflate,"{""level"": 6, ""wrapper"": ""zlib""}",39,303.3980627020844,5.149999924469739e-05,0.0,1382.7417372905911,1.130001328419894e-05,0.0,0.0,.bin,16384,-0.0,0.0,1.0,0.0,0.0,6,0.0,0.0,16384,0.99951171875,unknown,1.0,0.00390625,application,0.0,0.0,304.5234375,0.0,420.1025641025641,0.999755859375,1.0,1.0,zeros_16k,16384,True,repetitive,0.0,zeros,generated zero run,4fe7b59af6de3b665b67788cc2f99892ab827efae3a467342b3bb4e3bc8e5bfe,16384,validation,deflate|6|identity,0.0,identity,{},16384,1,0.0,1.0
0.01904296875,1.0,-0.0,0.06237781024480981,deflate,"{""level"": 9, ""wrapper"": ""zlib""}",39,249.20256290106252,6.269999721553177e-05,0.0,1578.2847298779106,9.899988071992993e-06,0.0,0.0,.bin,16384,-0.0,0.0,1.0,0.0,0.0,9,0.0,0.0,16384,0.99951171875,unknown,1.0,0.00390625,application,0.0,0.0,304.5234375,0.0,420.1025641025641,0.999755859375,1.0,1.0,zeros_16k,16384,True,repetitive,0.0,zeros,generated zero run,4fe7b59af6de3b665b67788cc2f99892ab827efae3a467342b3bb4e3bc8e5bfe,16384,validation,deflate|9|identity,0.0,identity,{},16384,1,0.0,1.0
0.05859375,1.0,-0.0,0.06237781024480981,lzma2,"{""container"": ""xz"", ""filter"": ""lzma2"", ""level"": 0}",120,59.86590181203687,0.0002609999937703833,0.0,226.7779365088752,6.890000076964498e-05,0.0,0.0,.bin,16384,-0.0,0.0,1.0,0.0,0.0,0,0.0,0.0,16384,0.99951171875,unknown,1.0,0.00390625,application,0.0,0.0,304.5234375,0.0,136.53333333333333,0.999755859375,1.0,1.0,zeros_16k,16384,True,repetitive,0.0,zeros,generated zero run,4fe7b59af6de3b665b67788cc2f99892ab827efae3a467342b3bb4e3bc8e5bfe,16384,validation,lzma2|0|identity,0.0,identity,{},16384,1,0.0,1.0
0.05859375,1.0,-0.0,0.06237781024480981,lzma2,"{""container"": ""xz"", ""filter"": ""lzma2"", ""level"": 3}",120,5.400221192732588,0.002893400000175461,0.0,128.07375768701863,0.00012200001219753176,0.0,0.0,.bin,16384,-0.0,0.0,1.0,0.0,0.0,3,0.0,0.0,16384,0.99951171875,unknown,1.0,0.00390625,application,0.0,0.0,304.5234375,0.0,136.53333333333333,0.999755859375,1.0,1.0,zeros_16k,16384,True,repetitive,0.0,zeros,generated zero run,4fe7b59af6de3b665b67788cc2f99892ab827efae3a467342b3bb4e3bc8e5bfe,16384,validation,lzma2|3|identity,0.0,identity,{},16384,1,0.0,1.0
0.05859375,1.0,-0.0,0.06237781024480981,lzma2,"{""container"": ""xz"", ""filter"": ""lzma2"", ""level"": 6}",120,2.749331363922245,0.0056831999972928315,0.0,54.49947675028274,0.00028670000028796494,0.0,0.0,.bin,16384,-0.0,0.0,1.0,0.0,0.0,6,0.0,0.0,16384,0.99951171875,unknown,1.0,0.00390625,application,0.0,0.0,304.5234375,0.0,136.53333333333333,0.999755859375,1.0,1.0,zeros_16k,16384,True,repetitive,0.0,zeros,generated zero run,4fe7b59af6de3b665b67788cc2f99892ab827efae3a467342b3bb4e3bc8e5bfe,16384,validation,lzma2|6|identity,0.0,identity,{},16384,1,0.0,1.0
0.0224609375,1.0,-0.0,0.06237781024480981,bzip2,"{""level"": 1}",46,31.37550147126289,0.0004980000085197389,0.0,102.25785384391509,0.00015279999934136868,0.0,0.0,.bin,16384,-0.0,0.0,1.0,0.0,0.0,1,0.0,0.0,16384,0.99951171875,unknown,1.0,0.00390625,application,0.0,0.0,304.5234375,0.0,356.17391304347825,0.999755859375,1.0,1.0,zeros_16k,16384,True,repetitive,0.0,zeros,generated zero run,4fe7b59af6de3b665b67788cc2f99892ab827efae3a467342b3bb4e3bc8e5bfe,16384,validation,bzip2|1|identity,0.0,identity,{},16384,1,0.0,1.0
0.0224609375,1.0,-0.0,0.06237781024480981,bzip2,"{""level"": 9}",46,25.93360979154291,0.0006025000038789585,0.0,65.51362364270602,0.00023850001161918044,0.0,0.0,.bin,16384,-0.0,0.0,1.0,0.0,0.0,9,0.0,0.0,16384,0.99951171875,unknown,1.0,0.00390625,application,0.0,0.0,304.5234375,0.0,356.17391304347825,0.999755859375,1.0,1.0,zeros_16k,16384,True,repetitive,0.0,zeros,generated zero run,4fe7b59af6de3b665b67788cc2f99892ab827efae3a467342b3bb4e3bc8e5bfe,16384,validation,bzip2|9|identity,0.0,identity,{},16384,1,0.0,1.0
0.1181640625,1.0,-0.0,0.06237781024480981,xai-static,"{""coder"": ""adaptive-arithmetic32-v1"", ""level"": null, ""original_size"": 16384}",242,0.01100681076785962,1.4195756000117399,0.0,0.01064582369949925,1.4677117000101134,0.0,0.0,.bin,16384,-0.0,0.0,1.0,0.0,0.0,,0.0,0.0,16384,0.99951171875,unknown,1.0,0.00390625,application,0.0,0.0,304.5234375,0.0,67.70247933884298,0.999755859375,1.0,1.0,zeros_16k,16384,True,repetitive,0.0,zeros,generated zero run,4fe7b59af6de3b665b67788cc2f99892ab827efae3a467342b3bb4e3bc8e5bfe,16384,validation,xai-static|default|identity,0.0,identity,{},16384,1,0.0,1.0
0.009765625,1.0,-0.0,0.06237781024480981,zstd,"{""level"": 3}",20,458.21117433537006,3.409999771974981e-05,0.0,250.40066136594456,6.239999493118376e-05,0.0,0.0,.bin,16384,-0.0,0.0,1.0,0.0,0.0,3,0.0,0.0,16384,0.99951171875,unknown,1.0,0.00390625,application,0.0,0.0,304.5234375,0.0,819.2,0.999755859375,1.0,1.0,zeros_16k,16384,True,repetitive,0.0,zeros,generated zero run,4fe7b59af6de3b665b67788cc2f99892ab827efae3a467342b3bb4e3bc8e5bfe,16384,validation,zstd|3|rle,0.0,rle,{},130,1,0.0,1.0
0.00927734375,1.0,-0.0,0.06237781024480981,zstd,"{""level"": 3}",19,544.4250822284611,2.8700000257231295e-05,0.0,7.153321431847967,0.002184299999498762,0.0,0.0,.bin,16384,-0.0,0.0,1.0,0.0,0.0,3,0.0,0.0,16384,0.99951171875,unknown,1.0,0.00390625,application,0.0,0.0,304.5234375,0.0,862.3157894736842,0.999755859375,1.0,1.0,zeros_16k,16384,True,repetitive,0.0,zeros,generated zero run,4fe7b59af6de3b665b67788cc2f99892ab827efae3a467342b3bb4e3bc8e5bfe,16384,validation,zstd|3|delta,0.0,delta,{},16384,1,0.0,1.0
0.00927734375,1.0,-0.0,0.06237781024480981,zstd,"{""level"": 3}",19,295.3685647330412,5.290000990498811e-05,0.0,271.26735151615287,5.7600002037361264e-05,0.0,0.0,.bin,16384,-0.0,0.0,1.0,0.0,0.0,3,0.0,0.0,16384,0.99951171875,unknown,1.0,0.00390625,application,0.0,0.0,304.5234375,0.0,862.3157894736842,0.999755859375,1.0,1.0,zeros_16k,16384,True,repetitive,0.0,zeros,generated zero run,4fe7b59af6de3b665b67788cc2f99892ab827efae3a467342b3bb4e3bc8e5bfe,16384,validation,zstd|3|byte-shuffle,0.0,byte-shuffle,"{""original_size"": 16384}",16384,1,0.0,1.0
0.00927734375,1.0,-0.0,0.06237781024480981,zstd,"{""level"": 3}",19,282.0397120191728,5.539999983739108e-05,0.0,207.779281475874,7.51999905332923e-05,0.0,0.0,.bin,16384,-0.0,0.0,1.0,0.0,0.0,3,0.0,0.0,16384,0.99951171875,unknown,1.0,0.00390625,application,0.0,0.0,304.5234375,0.0,862.3157894736842,0.999755859375,1.0,1.0,zeros_16k,16384,True,repetitive,0.0,zeros,generated zero run,4fe7b59af6de3b665b67788cc2f99892ab827efae3a467342b3bb4e3bc8e5bfe,16384,validation,zstd|3|zero-run,0.0,zero-run,{},130,1,0.0,1.0
0.00927734375,1.0,-0.0,0.06237781024480981,zstd,"{""level"": 3}",19,302.2243668861463,5.1700000767596066e-05,0.0,4.597887174787305,0.0033983000030275434,0.0,0.0,.bin,16384,-0.0,0.0,1.0,0.0,0.0,3,0.0,0.0,16384,0.99951171875,unknown,1.0,0.00390625,application,0.0,0.0,304.5234375,0.0,862.3157894736842,0.999755859375,1.0,1.0,zeros_16k,16384,True,repetitive,0.0,zeros,generated zero run,4fe7b59af6de3b665b67788cc2f99892ab827efae3a467342b3bb4e3bc8e5bfe,16384,validation,zstd|3|dictionary,0.0,dictionary,"{""dictionary"": ""structured-v1""}",16384,1,0.0,1.0
0.00634765625,1.0,-0.0,0.06237781024480981,brotli,"{""level"": 6}",13,162.08505141022238,9.640000644139946e-05,0.0,6.482595518791354,0.002410300003248267,0.0,0.0,.bin,16384,-0.0,0.0,1.0,0.0,0.0,6,0.0,0.0,16384,0.99951171875,unknown,1.0,0.00390625,application,0.0,0.0,304.5234375,0.0,1260.3076923076924,0.999755859375,1.0,1.0,zeros_16k,16384,True,repetitive,0.0,zeros,generated zero run,4fe7b59af6de3b665b67788cc2f99892ab827efae3a467342b3bb4e3bc8e5bfe,16384,validation,brotli|6|dictionary,0.0,dictionary,"{""dictionary"": ""structured-v1""}",16384,1,0.0,1.0
0.01904296875,1.0,-0.0,0.06237781024480981,deflate,"{""level"": 6, ""wrapper"": ""zlib""}",39,137.30229265565563,0.00011379999341443181,0.0,9.32001190922143,0.0016765000036684796,0.0,0.0,.bin,16384,-0.0,0.0,1.0,0.0,0.0,6,0.0,0.0,16384,0.99951171875,unknown,1.0,0.00390625,application,0.0,0.0,304.5234375,0.0,420.1025641025641,0.999755859375,1.0,1.0,zeros_16k,16384,True,repetitive,0.0,zeros,generated zero run,4fe7b59af6de3b665b67788cc2f99892ab827efae3a467342b3bb4e3bc8e5bfe,16384,validation,deflate|6|delta,0.0,delta,{},16384,1,0.0,1.0
0.05859375,1.0,-0.0,0.06237781024480981,lzma2,"{""container"": ""xz"", ""filter"": ""lzma2"", ""level"": 3}",120,7.0880965115968575,0.0022044000070309266,0.0,108.35644440416823,0.00014420000661630183,0.0,0.0,.bin,16384,-0.0,0.0,1.0,0.0,0.0,3,0.0,0.0,16384,0.99951171875,unknown,1.0,0.00390625,application,0.0,0.0,304.5234375,0.0,136.53333333333333,0.999755859375,1.0,1.0,zeros_16k,16384,True,repetitive,0.0,zeros,generated zero run,4fe7b59af6de3b665b67788cc2f99892ab827efae3a467342b3bb4e3bc8e5bfe,16384,validation,lzma2|3|byte-shuffle,0.0,byte-shuffle,"{""original_size"": 16384}",16384,1,0.0,1.0
8.0,0.5113952195664258,7.899301342151341,0.0014453511603096895,raw,"{""level"": null}",1799,553.4371241744159,3.100009053014219e-06,0.0,857.8297572013767,2.0000006770715117e-06,0.032795997776542525,0.0,.gz,1799,7.890159229020441,1.0,1.0,0.0,0.0,,7.899301342151341,0.0,5,0.0,gzip,0.010561423012784881,0.00390625,archive,0.005002779321845469,0.08613138686131387,304.5234375,0.3807670928293496,1.0,0.0,0.0,0.01500833796553641,gzip_text,1799,True,already_compressed,0.7,gzip-readme,gzip-compressed README,d31dbb38f72dc3dff72127311d1a1cf00ff9048824b24eb90838f6994d051dcc,1799,train,raw|default|identity,0.35,identity,{},1799,256,0.016120066703724293,0.010561423012784881
8.044469149527515,0.5113952195664258,7.899301342151341,0.0014453511603096895,zstd,"{""level"": 1}",1809,46.494866209102796,3.689998993650079e-05,0.0,263.94746987196567,6.50000583846122e-06,0.032795997776542525,0.0,.gz,1799,7.890159229020441,1.0,1.0,0.0,0.0,1,7.899301342151341,0.0,5,0.0,gzip,0.010561423012784881,0.00390625,archive,0.005002779321845469,0.08613138686131387,304.5234375,0.3807670928293496,0.9944720840243229,0.0,0.0,0.01500833796553641,gzip_text,1799,True,already_compressed,0.7,gzip-readme,gzip-compressed README,d31dbb38f72dc3dff72127311d1a1cf00ff9048824b24eb90838f6994d051dcc,1799,train,zstd|1|identity,0.35,identity,{},1799,256,0.016120066703724293,0.010561423012784881
8.044469149527515,0.5113952195664258,7.899301342151341,0.0014453511603096895,zstd,"{""level"": 3}",1809,92.73840684018846,1.8499995348975062e-05,0.0,536.1445734918282,3.1999952625483274e-06,0.032795997776542525,0.0,.gz,1799,7.890159229020441,1.0,1.0,0.0,0.0,3,7.899301342151341,0.0,5,0.0,gzip,0.010561423012784881,0.00390625,archive,0.005002779321845469,0.08613138686131387,304.5234375,0.3807670928293496,0.9944720840243229,0.0,0.0,0.01500833796553641,gzip_text,1799,True,already_compressed,0.7,gzip-readme,gzip-compressed README,d31dbb38f72dc3dff72127311d1a1cf00ff9048824b24eb90838f6994d051dcc,1799,train,zstd|3|identity,0.35,identity,{},1799,256,0.016120066703724293,0.010561423012784881
8.044469149527515,0.5113952195664258,7.899301342151341,0.0014453511603096895,zstd,"{""level"": 9}",1809,57.1886782202423,2.9999995604157448e-05,0.0,553.4371241744159,3.100009053014219e-06,0.032795997776542525,0.0,.gz,1799,7.890159229020441,1.0,1.0,0.0,0.0,9,7.899301342151341,0.0,5,0.0,gzip,0.010561423012784881,0.00390625,archive,0.005002779321845469,0.08613138686131387,304.5234375,0.3807670928293496,0.9944720840243229,0.0,0.0,0.01500833796553641,gzip_text,1799,True,already_compressed,0.7,gzip-readme,gzip-compressed README,d31dbb38f72dc3dff72127311d1a1cf00ff9048824b24eb90838f6994d051dcc,1799,train,zstd|9|identity,0.35,identity,{},1799,256,0.016120066703724293,0.010561423012784881
8.017787659811006,0.5113952195664258,7.899301342151341,0.0014453511603096895,brotli,"{""level"": 1}",1803,32.30998486162252,5.3099996875971556e-05,0.0,161.85460451081576,1.060000795405358e-05,0.032795997776542525,0.0,.gz,1799,7.890159229020441,1.0,1.0,0.0,0.0,1,7.899301342151341,0.0,5,0.0,gzip,0.010561423012784881,0.00390625,archive,0.005002779321845469,0.08613138686131387,304.5234375,0.3807670928293496,0.9977814753189129,0.0,0.0,0.01500833796553641,gzip_text,1799,True,already_compressed,0.7,gzip-readme,gzip-compressed README,d31dbb38f72dc3dff72127311d1a1cf00ff9048824b24eb90838f6994d051dcc,1799,train,brotli|1|identity,0.35,identity,{},1799,256,0.016120066703724293,0.010561423012784881
8.017787659811006,0.5113952195664258,7.899301342151341,0.0014453511603096895,brotli,"{""level"": 6}",1803,2.399524602159797,0.0007150000019464642,0.0,192.77090530949,8.899995009414852e-06,0.032795997776542525,0.0,.gz,1799,7.890159229020441,1.0,1.0,0.0,0.0,6,7.899301342151341,0.0,5,0.0,gzip,0.010561423012784881,0.00390625,archive,0.005002779321845469,0.08613138686131387,304.5234375,0.3807670928293496,0.9977814753189129,0.0,0.0,0.01500833796553641,gzip_text,1799,True,already_compressed,0.7,gzip-readme,gzip-compressed README,d31dbb38f72dc3dff72127311d1a1cf00ff9048824b24eb90838f6994d051dcc,1799,train,brotli|6|identity,0.35,identity,{},1799,256,0.016120066703724293,0.010561423012784881
8.017787659811006,0.5113952195664258,7.899301342151341,0.0014453511603096895,brotli,"{""level"": 9}",1803,0.7249778586751807,0.0023664999898755923,0.0,184.47961870844685,9.2999980552122e-06,0.032795997776542525,0.0,.gz,1799,7.890159229020441,1.0,1.0,0.0,0.0,9,7.899301342151341,0.0,5,0.0,gzip,0.010561423012784881,0.00390625,archive,0.005002779321845469,0.08613138686131387,304.5234375,0.3807670928293496,0.9977814753189129,0.0,0.0,0.01500833796553641,gzip_text,1799,True,already_compressed,0.7,gzip-readme,gzip-compressed README,d31dbb38f72dc3dff72127311d1a1cf00ff9048824b24eb90838f6994d051dcc,1799,train,brotli|9|identity,0.35,identity,{},1799,256,0.016120066703724293,0.010561423012784881
8.453585325180656,0.5113952195664258,7.899301342151341,0.0014453511603096895,deflate,"{""level"": 1, ""wrapper"": ""zlib""}",1901,39.17032286315252,4.3799998820759356e-05,0.0,128.99700536889108,1.3299999409355223e-05,0.032795997776542525,0.0,.gz,1799,7.890159229020441,1.0,1.0,0.0,0.0,1,7.899301342151341,0.0,5,0.0,gzip,0.010561423012784881,0.00390625,archive,0.005002779321845469,0.08613138686131387,304.5234375,0.3807670928293496,0.9463440294581799,0.0,0.0,0.01500833796553641,gzip_text,1799,True,already_compressed,0.7,gzip-readme,gzip-compressed README,d31dbb38f72dc3dff72127311d1a1cf00ff9048824b24eb90838f6994d051dcc,1799,train,deflate|1|identity,0.35,identity,{},1799,256,0.016120066703724293,0.010561423012784881
8.048916064480267,0.5113952195664258,7.899301342151341,0.0014453511603096895,deflate,"{""level"": 6, ""wrapper"": ""zlib""}",1810,15.900463287637535,0.00010790000669658184,0.0,408.49021904082156,4.2000028770416975e-06,0.032795997776542525,0.0,.gz,1799,7.890159229020441,1.0,1.0,0.0,0.0,6,7.899301342151341,0.0,5,0.0,gzip,0.010561423012784881,0.00390625,archive,0.005002779321845469,0.08613138686131387,304.5234375,0.3807670928293496,0.9939226519337017,0.0,0.0,0.01500833796553641,gzip_text,1799,True,already_compressed,0.7,gzip-readme,gzip-compressed README,d31dbb38f72dc3dff72127311d1a1cf00ff9048824b24eb90838f6994d051dcc,1799,train,deflate|6|identity,0.35,identity,{},1799,256,0.016120066703724293,0.010561423012784881
8.048916064480267,0.5113952195664258,7.899301342151341,0.0014453511603096895,deflate,"{""level"": 9, ""wrapper"": ""zlib""}",1810,21.717215043584826,7.900000491645187e-05,0.0,439.9127780721327,3.9000005926936865e-06,0.032795997776542525,0.0,.gz,1799,7.890159229020441,1.0,1.0,0.0,0.0,9,7.899301342151341,0.0,5,0.0,gzip,0.010561423012784881,0.00390625,archive,0.005002779321845469,0.08613138686131387,304.5234375,0.3807670928293496,0.9939226519337017,0.0,0.0,0.01500833796553641,gzip_text,1799,True,already_compressed,0.7,gzip-readme,gzip-compressed README,d31dbb38f72dc3dff72127311d1a1cf00ff9048824b24eb90838f6994d051dcc,1799,train,deflate|9|identity,0.35,identity,{},1799,256,0.016120066703724293,0.010561423012784881
8.271261812117844,0.5113952195664258,7.899301342151341,0.0014453511603096895,lzma2,"{""container"": ""xz"", ""filter"": ""lzma2"", ""level"": 0}",1860,4.951399921524651,0.0003465000045252964,0.0,85.78297572013766,2.0000006770715117e-05,0.032795997776542525,0.0,.gz,1799,7.890159229020441,1.0,1.0,0.0,0.0,0,7.899301342151341,0.0,5,0.0,gzip,0.010561423012784881,0.00390625,archive,0.005002779321845469,0.08613138686131387,304.5234375,0.3807670928293496,0.9672043010752688,0.0,0.0,0.01500833796553641,gzip_text,1799,True,already_compressed,0.7,gzip-readme,gzip-compressed README,d31dbb38f72dc3dff72127311d1a1cf00ff9048824b24eb90838f6994d051dcc,1799,train,lzma2|0|identity,0.35,identity,{},1799,256,0.016120066703724293,0.010561423012784881
8.271261812117844,0.5113952195664258,7.899301342151341,0.0014453511603096895,lzma2,"{""container"": ""xz"", ""filter"": ""lzma2"", ""level"": 3}",1860,0.5977909716156072,0.0028700000111712143,0.0,31.422341290866623,5.460000829771161e-05,0.032795997776542525,0.0,.gz,1799,7.890159229020441,1.0,1.0,0.0,0.0,3,7.899301342151341,0.0,5,0.0,gzip,0.010561423012784881,0.00390625,archive,0.005002779321845469,0.08613138686131387,304.5234375,0.3807670928293496,0.9672043010752688,0.0,0.0,0.01500833796553641,gzip_text,1799,True,already_compressed,0.7,gzip-readme,gzip-compressed README,d31dbb38f72dc3dff72127311d1a1cf00ff9048824b24eb90838f6994d051dcc,1799,train,lzma2|3|identity,0.35,identity,{},1799,256,0.016120066703724293,0.010561423012784881
8.271261812117844,0.5113952195664258,7.899301342151341,0.0014453511603096895,lzma2,"{""container"": ""xz"", ""filter"": ""lzma2"", ""level"": 6}",1860,0.3126145836382604,0.005488099996000528,0.0,23.247428520612356,7.37999944249168e-05,0.032795997776542525,0.0,.gz,1799,7.890159229020441,1.0,1.0,0.0,0.0,6,7.899301342151341,0.0,5,0.0,gzip,0.010561423012784881,0.00390625,archive,0.005002779321845469,0.08613138686131387,304.5234375,0.3807670928293496,0.9672043010752688,0.0,0.0,0.01500833796553641,gzip_text,1799,True,already_compressed,0.7,gzip-readme,gzip-compressed README,d31dbb38f72dc3dff72127311d1a1cf00ff9048824b24eb90838f6994d051dcc,1799,train,lzma2|6|identity,0.35,identity,{},1799,256,0.016120066703724293,0.010561423012784881
9.805447470817121,0.5113952195664258,7.899301342151341,0.0014453511603096895,bzip2,"{""level"": 1}",2205,1.582128465876,0.0010843999916687608,0.0,9.520866008519572,0.00018020000425167382,0.032795997776542525,0.0,.gz,1799,7.890159229020441,1.0,1.0,0.0,0.0,1,7.899301342151341,0.0,5,0.0,gzip,0.010561423012784881,0.00390625,archive,0.005002779321845469,0.08613138686131387,304.5234375,0.3807670928293496,0.8158730158730159,0.0,0.0,0.01500833796553641,gzip_text,1799,True,already_compressed,0.7,gzip-readme,gzip-compressed README,d31dbb38f72dc3dff72127311d1a1cf00ff9048824b24eb90838f6994d051dcc,1799,train,bzip2|1|identity,0.35,identity,{},1799,256,0.016120066703724293,0.010561423012784881
9.805447470817121,0.5113952195664258,7.899301342151341,0.0014453511603096895,bzip2,"{""level"": 9}",2205,1.5452220982294251,0.001110299999709241,0.0,8.197134030444026,0.00020929999300278723,0.032795997776542525,0.0,.gz,1799,7.890159229020441,1.0,1.0,0.0,0.0,9,7.899301342151341,0.0,5,0.0,gzip,0.010561423012784881,0.00390625,archive,0.005002779321845469,0.08613138686131387,304.5234375,0.3807670928293496,0.8158730158730159,0.0,0.0,0.01500833796553641,gzip_text,1799,True,already_compressed,0.7,gzip-readme,gzip-compressed README,d31dbb38f72dc3dff72127311d1a1cf00ff9048824b24eb90838f6994d051dcc,1799,train,bzip2|9|identity,0.35,identity,{},1799,256,0.016120066703724293,0.010561423012784881
8.155642023346303,0.5113952195664258,7.899301342151341,0.0014453511603096895,xai-static,"{""coder"": ""adaptive-arithmetic32-v1"", ""level"": null, ""original_size"": 1799}",1834,0.01035567625959266,0.16567339999892283,0.0,0.009530624281054001,0.1800154999946244,0.032795997776542525,0.0,.gz,1799,7.890159229020441,1.0,1.0,0.0,0.0,,7.899301342151341,0.0,5,0.0,gzip,0.010561423012784881,0.00390625,archive,0.005002779321845469,0.08613138686131387,304.5234375,0.3807670928293496,0.9809160305343512,0.0,0.0,0.01500833796553641,gzip_text,1799,True,already_compressed,0.7,gzip-readme,gzip-compressed README,d31dbb38f72dc3dff72127311d1a1cf00ff9048824b24eb90838f6994d051dcc,1799,train,xai-static|default|identity,0.35,identity,{},1799,256,0.016120066703724293,0.010561423012784881
10.290161200667038,0.5113952195664258,7.899301342151341,0.0014453511603096895,zstd,"{""level"": 3}",2314,18.77089572758054,9.140001202467829e-05,0.0,1.898904373655045,0.0009034999966388568,0.032795997776542525,0.0,.gz,1799,7.890159229020441,1.0,1.0,0.0,0.0,3,7.899301342151341,0.0,5,0.0,gzip,0.010561423012784881,0.00390625,archive,0.005002779321845469,0.08613138686131387,304.5234375,0.3807670928293496,0.7774416594641314,0.0,0.0,0.01500833796553641,gzip_text,1799,True,already_compressed,0.7,gzip-readme,gzip-compressed README,d31dbb38f72dc3dff72127311d1a1cf00ff9048824b24eb90838f6994d051dcc,1799,train,zstd|3|rle,0.35,rle,{},3568,256,0.016120066703724293,0.010561423012784881
8.044469149527515,0.5113952195664258,7.899301342151341,0.0014453511603096895,zstd,"{""level"": 3}",1809,60.41057104486345,2.8399997972883284e-05,0.0,5.715056922855508,0.00030020000122021884,0.032795997776542525,0.0,.gz,1799,7.890159229020441,1.0,1.0,0.0,0.0,3,7.899301342151341,0.0,5,0.0,gzip,0.010561423012784881,0.00390625,archive,0.005002779321845469,0.08613138686131387,304.5234375,0.3807670928293496,0.9944720840243229,0.0,0.0,0.01500833796553641,gzip_text,1799,True,already_compressed,0.7,gzip-readme,gzip-compressed README,d31dbb38f72dc3dff72127311d1a1cf00ff9048824b24eb90838f6994d051dcc,1799,train,zstd|3|delta,0.35,delta,{},1799,256,0.016120066703724293,0.010561423012784881
8.044469149527515,0.5113952195664258,7.899301342151341,0.0014453511603096895,zstd,"{""level"": 3}",1809,46.24419992524004,3.710000601131469e-05,0.0,98.60114625593471,1.7400001524947584e-05,0.032795997776542525,0.0,.gz,1799,7.890159229020441,1.0,1.0,0.0,0.0,3,7.899301342151341,0.0,5,0.0,gzip,0.010561423012784881,0.00390625,archive,0.005002779321845469,0.08613138686131387,304.5234375,0.3807670928293496,0.9944720840243229,0.0,0.0,0.01500833796553641,gzip_text,1799,True,already_compressed,0.7,gzip-readme,gzip-compressed README,d31dbb38f72dc3dff72127311d1a1cf00ff9048824b24eb90838f6994d051dcc,1799,train,zstd|3|byte-shuffle,0.35,byte-shuffle,"{""original_size"": 1799}",1799,256,0.016120066703724293,0.010561423012784881
8.084491384102279,0.5113952195664258,7.899301342151341,0.0014453511603096895,zstd,"{""level"": 3}",1818,43.65548020402307,3.929999365936965e-05,0.0,4.791008290040269,0.0003581000055419281,0.032795997776542525,0.0,.gz,1799,7.890159229020441,1.0,1.0,0.0,0.0,3,7.899301342151341,0.0,5,0.0,gzip,0.010561423012784881,0.00390625,archive,0.005002779321845469,0.08613138686131387,304.5234375,0.3807670928293496,0.9895489548954896,0.0,0.0,0.01500833796553641,gzip_text,1799,True,already_compressed,0.7,gzip-readme,gzip-compressed README,d31dbb38f72dc3dff72127311d1a1cf00ff9048824b24eb90838f6994d051dcc,1799,train,zstd|3|zero-run,0.35,zero-run,{},1808,256,0.016120066703724293,0.010561423012784881
8.11561978877154,0.5113952195664258,7.899301342151341,0.0014453511603096895,zstd,"{""level"": 3}",1825,38.0412364414734,4.510000871960074e-05,0.0,4.441263490469154,0.0003863000019919127,0.032795997776542525,0.0,.gz,1799,7.890159229020441,1.0,1.0,0.0,0.0,3,7.899301342151341,0.0,5,0.0,gzip,0.010561423012784881,0.00390625,archive,0.005002779321845469,0.08613138686131387,304.5234375,0.3807670928293496,0.9857534246575342,0.0,0.0,0.01500833796553641,gzip_text,1799,True,already_compressed,0.7,gzip-readme,gzip-compressed README,d31dbb38f72dc3dff72127311d1a1cf00ff9048824b24eb90838f6994d051dcc,1799,train,zstd|3|dictionary,0.35,dictionary,"{""dictionary"": ""structured-v1""}",1815,256,0.016120066703724293,0.010561423012784881
8.08893829905503,0.5113952195664258,7.899301342151341,0.0014453511603096895,brotli,"{""level"": 6}",1819,1.6560425605875873,0.0010360000014770776,0.0,4.232017975168848,0.0004054000019095838,0.032795997776542525,0.0,.gz,1799,7.890159229020441,1.0,1.0,0.0,0.0,6,7.899301342151341,0.0,5,0.0,gzip,0.010561423012784881,0.00390625,archive,0.005002779321845469,0.08613138686131387,304.5234375,0.3807670928293496,0.9890049477735019,0.0,0.0,0.01500833796553641,gzip_text,1799,True,already_compressed,0.7,gzip-readme,gzip-compressed README,d31dbb38f72dc3dff72127311d1a1cf00ff9048824b24eb90838f6994d051dcc,1799,train,brotli|6|dictionary,0.35,dictionary,"{""dictionary"": ""structured-v1""}",1815,256,0.016120066703724293,0.010561423012784881
8.048916064480267,0.5113952195664258,7.899301342151341,0.0014453511603096895,deflate,"{""level"": 6, ""wrapper"": ""zlib""}",1810,12.689792585713679,0.00013520001084543765,0.0,5.85150117502252,0.00029319999157451093,0.032795997776542525,0.0,.gz,1799,7.890159229020441,1.0,1.0,0.0,0.0,6,7.899301342151341,0.0,5,0.0,gzip,0.010561423012784881,0.00390625,archive,0.005002779321845469,0.08613138686131387,304.5234375,0.3807670928293496,0.9939226519337017,0.0,0.0,0.01500833796553641,gzip_text,1799,True,already_compressed,0.7,gzip-readme,gzip-compressed README,d31dbb38f72dc3dff72127311d1a1cf00ff9048824b24eb90838f6994d051dcc,1799,train,deflate|6|delta,0.35,delta,{},1799,256,0.016120066703724293,0.010561423012784881
8.271261812117844,0.5113952195664258,7.899301342151341,0.0014453511603096895,lzma2,"{""container"": ""xz"", ""filter"": ""lzma2"", ""level"": 3}",1860,0.5230830492650766,0.0032799000036902726,0.0,20.620912674349682,8.320000779349357e-05,0.032795997776542525,0.0,.gz,1799,7.890159229020441,1.0,1.0,0.0,0.0,3,7.899301342151341,0.0,5,0.0,gzip,0.010561423012784881,0.00390625,archive,0.005002779321845469,0.08613138686131387,304.5234375,0.3807670928293496,0.9672043010752688,0.0,0.0,0.01500833796553641,gzip_text,1799,True,already_compressed,0.7,gzip-readme,gzip-compressed README,d31dbb38f72dc3dff72127311d1a1cf00ff9048824b24eb90838f6994d051dcc,1799,train,lzma2|3|byte-shuffle,0.35,byte-shuffle,"{""original_size"": 1799}",1799,256,0.016120066703724293,0.010561423012784881
8.0,0.49832388614615714,7.989657771480291,0.0004660647640124529,raw,"{""level"": null}",16407,3401.5031223308342,4.6000059228390455e-06,0.0,4889.674273085284,3.1999952625483274e-06,0.0379715974888767,3.7328259004505124,.gz,16407,7.988152325319234,1.0,1.0,0.0,0.0,,7.211120026093798,1.4906294926591204,5,0.0,gzip,0.00536356433229719,0.00390625,archive,0.004083622843908088,0.09898315856371147,304.5234375,0.38361674894861947,1.0,0.0,0.0,0.008715792039982934,gzip_random,16407,True,already_compressed,1.0,gzip-random,gzip-compressed seeded random,749236cbdba6ecb45455f49a85bdfb8f8ff356aa64e940ee82abdcc1690b057d,16407,test,raw|default|identity,0.5,identity,{},16407,256,0.015664045834095204,0.003778874870482111
8.004875967574815,0.49832388614615714,7.989657771480291,0.0004660647640124529,zstd,"{""level"": 1}",16417,302.06436384956015,5.18000015290454e-05,0.0,1647.045810962954,9.499999578110874e-06,0.0379715974888767,3.7328259004505124,.gz,16407,7.988152325319234,1.0,1.0,0.0,0.0,1,7.211120026093798,1.4906294926591204,5,0.0,gzip,0.00536356433229719,0.00390625,archive,0.004083622843908088,0.09898315856371147,304.5234375,0.38361674894861947,0.9993908753121764,0.0,0.0,0.008715792039982934,gzip_random,16407,True,already_compressed,1.0,gzip-random,gzip-compressed seeded random,749236cbdba6ecb45455f49a85bdfb8f8ff356aa64e940ee82abdcc1690b057d,16407,test,zstd|1|identity,0.5,identity,{},16407,256,0.015664045834095204,0.003778874870482111
8.004875967574815,0.49832388614615714,7.989657771480291,0.0004660647640124529,zstd,"{""level"": 3}",16417,249.9510446578777,6.259999645408243e-05,0.0,2523.697667704859,6.200003554113209e-06,0.0379715974888767,3.7328259004505124,.gz,16407,7.988152325319234,1.0,1.0,0.0,0.0,3,7.211120026093798,1.4906294926591204,5,0.0,gzip,0.00536356433229719,0.00390625,archive,0.004083622843908088,0.09898315856371147,304.5234375,0.38361674894861947,0.9993908753121764,0.0,0.0,0.008715792039982934,gzip_random,16407,True,already_compressed,1.0,gzip-random,gzip-compressed seeded random,749236cbdba6ecb45455f49a85bdfb8f8ff356aa64e940ee82abdcc1690b057d,16407,test,zstd|3|identity,0.5,identity,{},16407,256,0.015664045834095204,0.003778874870482111
8.004875967574815,0.49832388614615714,7.989657771480291,0.0004660647640124529,zstd,"{""level"": 9}",16417,198.06244981661825,7.900000491645187e-05,0.0,2607.821535372056,6.000002031214535e-06,0.0379715974888767,3.7328259004505124,.gz,16407,7.988152325319234,1.0,1.0,0.0,0.0,9,7.211120026093798,1.4906294926591204,5,0.0,gzip,0.00536356433229719,0.00390625,archive,0.004083622843908088,0.09898315856371147,304.5234375,0.38361674894861947,0.9993908753121764,0.0,0.0,0.008715792039982934,gzip_random,16407,True,already_compressed,1.0,gzip-random,gzip-compressed seeded random,749236cbdba6ecb45455f49a85bdfb8f8ff356aa64e940ee82abdcc1690b057d,16407,test,zstd|9|identity,0.5,identity,{},16407,256,0.015664045834095204,0.003778874870482111
8.001950387029927,0.49832388614615714,7.989657771480291,0.0004660647640124529,brotli,"{""level"": 1}",16411,134.8873546376699,0.00011600001016631722,0.0,1372.5381758024616,1.1399999493733048e-05,0.0379715974888767,3.7328259004505124,.gz,16407,7.988152325319234,1.0,1.0,0.0,0.0,1,7.211120026093798,1.4906294926591204,5,0.0,gzip,0.00536356433229719,0.00390625,archive,0.004083622843908088,0.09898315856371147,304.5234375,0.38361674894861947,0.9997562610444214,0.0,0.0,0.008715792039982934,gzip_random,16407,True,already_compressed,1.0,gzip-random,gzip-compressed seeded random,749236cbdba6ecb45455f49a85bdfb8f8ff356aa64e940ee82abdcc1690b057d,16407,test,brotli|1|identity,0.5,identity,{},16407,256,0.015664045834095204,0.003778874870482111
8.001950387029927,0.49832388614615714,7.989657771480291,0.0004660647640124529,brotli,"{""level"": 6}",16411,10.33551389378684,0.001513900002464652,0.0,1086.592086794043,1.440000778529793e-05,0.0379715974888767,3.7328259004505124,.gz,16407,7.988152325319234,1.0,1.0,0.0,0.0,6,7.211120026093798,1.4906294926591204,5,0.0,gzip,0.00536356433229719,0.00390625,archive,0.004083622843908088,0.09898315856371147,304.5234375,0.38361674894861947,0.9997562610444214,0.0,0.0,0.008715792039982934,gzip_random,16407,True,already_compressed,1.0,gzip-random,gzip-compressed seeded random,749236cbdba6ecb45455f49a85bdfb8f8ff356aa64e940ee82abdcc1690b057d,16407,test,brotli|6|identity,0.5,identity,{},16407,256,0.015664045834095204,0.003778874870482111
8.001950387029927,0.49832388614615714,7.989657771480291,0.0004660647640124529,brotli,"{""level"": 9}",16411,1.7356170135939815,0.009015200004796498,0.0,814.9444768662452,1.920000067912042e-05,0.0379715974888767,3.7328259004505124,.gz,16407,7.988152325319234,1.0,1.0,0.0,0.0,9,7.211120026093798,1.4906294926591204,5,0.0,gzip,0.00536356433229719,0.00390625,archive,0.004083622843908088,0.09898315856371147,304.5234375,0.38361674894861947,0.9997562610444214,0.0,0.0,0.008715792039982934,gzip_random,16407,True,already_compressed,1.0,gzip-random,gzip-compressed seeded random,749236cbdba6ecb45455f49a85bdfb8f8ff356aa64e940ee82abdcc1690b057d,16407,test,brotli|9|identity,0.5,identity,{},16407,256,0.015664045834095204,0.003778874870482111
8.441275065520815,0.49832388614615714,7.989657771480291,0.0004660647640124529,deflate,"{""level"": 1, ""wrapper"": ""zlib""}",17312,85.22296111681995,0.0001835999864852056,0.0,222.25755397230012,7.040001219138503e-05,0.0379715974888767,3.7328259004505124,.gz,16407,7.988152325319234,1.0,1.0,0.0,0.0,1,7.211120026093798,1.4906294926591204,5,0.0,gzip,0.00536356433229719,0.00390625,archive,0.004083622843908088,0.09898315856371147,304.5234375,0.38361674894861947,0.9477241219963032,0.0,0.0,0.008715792039982934,gzip_random,16407,True,already_compressed,1.0,gzip-random,gzip-compressed seeded random,749236cbdba6ecb45455f49a85bdfb8f8ff356aa64e940ee82abdcc1690b057d,16407,test,deflate|1|identity,0.5,identity,{},16407,256,0.015664045834095204,0.003778874870482111
8.00633875784726,0.49832388614615714,7.989657771480291,0.0004660647640124529,deflate,"{""level"": 6, ""wrapper"": ""zlib""}",16420,37.531624917318666,0.0004169000021647662,0.0,1908.1617604259095,8.200004231184721e-06,0.0379715974888767,3.7328259004505124,.gz,16407,7.988152325319234,1.0,1.0,0.0,0.0,6,7.211120026093798,1.4906294926591204,5,0.0,gzip,0.00536356433229719,0.00390625,archive,0.004083622843908088,0.09898315856371147,304.5234375,0.38361674894861947,0.9992082825822168,0.0,0.0,0.008715792039982934,gzip_random,16407,True,already_compressed,1.0,gzip-random,gzip-compressed seeded random,749236cbdba6ecb45455f49a85bdfb8f8ff356aa64e940ee82abdcc1690b057d,16407,test,deflate|6|identity,0.5,identity,{},16407,256,0.015664045834095204,0.003778874870482111
8.00633875784726,0.49832388614615714,7.989657771480291,0.0004660647640124529,deflate,"{""level"": 9, ""wrapper"": ""zlib""}",16420,56.58927584353086,0.0002764999953797087,0.0,2173.181977480946,7.200011168606579e-06,0.0379715974888767,3.7328259004505124,.gz,16407,7.988152325319234,1.0,1.0,0.0,0.0,9,7.211120026093798,1.4906294926591204,5,0.0,gzip,0.00536356433229719,0.00390625,archive,0.004083622843908088,0.09898315856371147,304.5234375,0.38361674894861947,0.9992082825822168,0.0,0.0,0.008715792039982934,gzip_random,16407,True,already_compressed,1.0,gzip-random,gzip-compressed seeded random,749236cbdba6ecb45455f49a85bdfb8f8ff356aa64e940ee82abdcc1690b057d,16407,test,deflate|9|identity,0.5,identity,{},16407,256,0.015664045834095204,0.003778874870482111
8.029743402206375,0.49832388614615714,7.989657771480291,0.0004660647640124529,lzma2,"{""container"": ""xz"", ""filter"": ""lzma2"", ""level"": 0}",16468,6.545465184005574,0.0023904999980004504,0.0,400.17728472473436,3.91000066883862e-05,0.0379715974888767,3.7328259004505124,.gz,16407,7.988152325319234,1.0,1.0,0.0,0.0,0,7.211120026093798,1.4906294926591204,5,0.0,gzip,0.00536356433229719,0.00390625,archive,0.004083622843908088,0.09898315856371147,304.5234375,0.38361674894861947,0.9962958464901628,0.0,0.0,0.008715792039982934,gzip_random,16407,True,already_compressed,1.0,gzip-random,gzip-compressed seeded random,749236cbdba6ecb45455f49a85bdfb8f8ff356aa64e940ee82abdcc1690b057d,16407,test,lzma2|0|identity,0.5,identity,{},16407,256,0.015664045834095204,0.003778874870482111
8.029743402206375,0.49832388614615714,7.989657771480291,0.0004660647640124529,lzma2,"{""container"": ""xz"", ""filter"": ""lzma2"", ""level"": 3}",16468,2.866526426565957,0.005458500003442168,0.0,179.02668877536325,8.740001067053527e-05,0.0379715974888767,3.7328259004505124,.gz,16407,7.988152325319234,1.0,1.0,0.0,0.0,3,7.211120026093798,1.4906294926591204,5,0.0,gzip,0.00536356433229719,0.00390625,archive,0.004083622843908088,0.09898315856371147,304.5234375,0.38361674894861947,0.9962958464901628,0.0,0.0,0.008715792039982934,gzip_random,16407,True,already_compressed,1.0,gzip-random,gzip-compressed seeded random,749236cbdba6ecb45455f49a85bdfb8f8ff356aa64e940ee82abdcc1690b057d,16407,test,lzma2|3|identity,0.5,identity,{},16407,256,0.015664045834095204,0.003778874870482111
8.029743402206375,0.49832388614615714,7.989657771480291,0.0004660647640124529,lzma2,"{""container"": ""xz"", ""filter"": ""lzma2"", ""level"": 6}",16468,1.6174882683682692,0.009673599997768179,0.0,174.43628394372155,8.969999908003956e-05,0.0379715974888767,3.7328259004505124,.gz,16407,7.988152325319234,1.0,1.0,0.0,0.0,6,7.211120026093798,1.4906294926591204,5,0.0,gzip,0.00536356433229719,0.00390625,archive,0.004083622843908088,0.09898315856371147,304.5234375,0.38361674894861947,0.9962958464901628,0.0,0.0,0.008715792039982934,gzip_random,16407,True,already_compressed,1.0,gzip-random,gzip-compressed seeded random,749236cbdba6ecb45455f49a85bdfb8f8ff356aa64e940ee82abdcc1690b057d,16407,test,lzma2|6|identity,0.5,identity,{},16407,256,0.015664045834095204,0.003778874870482111
8.229170476016334,0.49832388614615714,7.989657771480291,0.0004660647640124529,bzip2,"{""level"": 1}",16877,3.8613430947301883,0.00405220000538975,0.0,15.242995109918562,0.0010265000018989667,0.0379715974888767,3.7328259004505124,.gz,16407,7.988152325319234,1.0,1.0,0.0,0.0,1,7.211120026093798,1.4906294926591204,5,0.0,gzip,0.00536356433229719,0.00390625,archive,0.004083622843908088,0.09898315856371147,304.5234375,0.38361674894861947,0.9721514487171891,0.0,0.0,0.008715792039982934,gzip_random,16407,True,already_compressed,1.0,gzip-random,gzip-compressed seeded random,749236cbdba6ecb45455f49a85bdfb8f8ff356aa64e940ee82abdcc1690b057d,16407,test,bzip2|1|identity,0.5,identity,{},16407,256,0.015664045834095204,0.003778874870482111
8.229170476016334,0.49832388614615714,7.989657771480291,0.0004660647640124529,bzip2,"{""level"": 9}",16877,3.5855392050318606,0.004363899992313236,0.0,3.5145065314176933,0.004452099994523451,0.0379715974888767,3.7328259004505124,.gz,16407,7.988152325319234,1.0,1.0,0.0,0.0,9,7.211120026093798,1.4906294926591204,5,0.0,gzip,0.00536356433229719,0.00390625,archive,0.004083622843908088,0.09898315856371147,304.5234375,0.38361674894861947,0.9721514487171891,0.0,0.0,0.008715792039982934,gzip_random,16407,True,already_compressed,1.0,gzip-random,gzip-compressed seeded random,749236cbdba6ecb45455f49a85bdfb8f8ff356aa64e940ee82abdcc1690b057d,16407,test,bzip2|9|identity,0.5,identity,{},16407,256,0.015664045834095204,0.003778874870482111
8.04047053087097,0.49832388614615714,7.989657771480291,0.0004660647640124529,xai-static,"{""coder"": ""adaptive-arithmetic32-v1"", ""level"": null, ""original_size"": 16407}",16490,0.009725965869916453,1.6087795000057667,0.0,0.009708265921139813,1.6117126000026474,0.0379715974888767,3.7328259004505124,.gz,16407,7.988152325319234,1.0,1.0,0.0,0.0,,7.211120026093798,1.4906294926591204,5,0.0,gzip,0.00536356433229719,0.00390625,archive,0.004083622843908088,0.09898315856371147,304.5234375,0.38361674894861947,0.9949666464523954,0.0,0.0,0.008715792039982934,gzip_random,16407,True,already_compressed,1.0,gzip-random,gzip-compressed seeded random,749236cbdba6ecb45455f49a85bdfb8f8ff356aa64e940ee82abdcc1690b057d,16407,test,xai-static|default|identity,0.5,identity,{},16407,256,0.015664045834095204,0.003778874870482111
9.926982385567136,0.49832388614615714,7.989657771480291,0.0004660647640124529,zstd,"{""level"": 3}",20359,25.680180865041486,0.0006093000120017678,0.0,2.2249146137001397,0.007032599998638034,0.0379715974888767,3.7328259004505124,.gz,16407,7.988152325319234,1.0,1.0,0.0,0.0,3,7.211120026093798,1.4906294926591204,5,0.0,gzip,0.00536356433229719,0.00390625,archive,0.004083622843908088,0.09898315856371147,304.5234375,0.38361674894861947,0.8058843754604843,0.0,0.0,0.008715792039982934,gzip_random,16407,True,already_compressed,1.0,gzip-random,gzip-compressed seeded random,749236cbdba6ecb45455f49a85bdfb8f8ff356aa64e940ee82abdcc1690b057d,16407,test,zstd|3|rle,0.5,rle,{},32668,256,0.015664045834095204,0.003778874870482111
8.004875967574815,0.49832388614615714,7.989657771480291,0.0004660647640124529,zstd,"{""level"": 3}",16417,233.88541835016085,6.690000009257346e-05,0.0,7.084548781619061,0.0022086000099079683,0.0379715974888767,3.7328259004505124,.gz,16407,7.988152325319234,1.0,1.0,0.0,0.0,3,7.211120026093798,1.4906294926591204,5,0.0,gzip,0.00536356433229719,0.00390625,archive,0.004083622843908088,0.09898315856371147,304.5234375,0.38361674894861947,0.9993908753121764,0.0,0.0,0.008715792039982934,gzip_random,16407,True,already_compressed,1.0,gzip-random,gzip-compressed seeded random,749236cbdba6ecb45455f49a85bdfb8f8ff356aa64e940ee82abdcc1690b057d,16407,test,zstd|3|delta,0.5,delta,{},16407,256,0.015664045834095204,0.003778874870482111
8.004875967574815,0.49832388614615714,7.989657771480291,0.0004660647640124529,zstd,"{""level"": 3}",16417,318.6748663209376,4.909999552182853e-05,0.0,429.8608301227838,3.640000068116933e-05,0.0379715974888767,3.7328259004505124,.gz,16407,7.988152325319234,1.0,1.0,0.0,0.0,3,7.211120026093798,1.4906294926591204,5,0.0,gzip,0.00536356433229719,0.00390625,archive,0.004083622843908088,0.09898315856371147,304.5234375,0.38361674894861947,0.9993908753121764,0.0,0.0,0.008715792039982934,gzip_random,16407,True,already_compressed,1.0,gzip-random,gzip-compressed seeded random,749236cbdba6ecb45455f49a85bdfb8f8ff356aa64e940ee82abdcc1690b057d,16407,test,zstd|3|byte-shuffle,0.5,byte-shuffle,"{""original_size"": 16407}",16407,256,0.015664045834095204,0.003778874870482111
8.030230998963857,0.49832388614615714,7.989657771480291,0.0004660647640124529,zstd,"{""level"": 3}",16469,308.6180793363637,5.0699993153102696e-05,0.0,5.49844836247232,0.002845700000762008,0.0379715974888767,3.7328259004505124,.gz,16407,7.988152325319234,1.0,1.0,0.0,0.0,3,7.211120026093798,1.4906294926591204,5,0.0,gzip,0.00536356433229719,0.00390625,archive,0.004083622843908088,0.09898315856371147,304.5234375,0.38361674894861947,0.9962353512660149,0.0,0.0,0.008715792039982934,gzip_random,16407,True,already_compressed,1.0,gzip-random,gzip-compressed seeded random,749236cbdba6ecb45455f49a85bdfb8f8ff356aa64e940ee82abdcc1690b057d,16407,test,zstd|3|zero-run,0.5,zero-run,{},16459,256,0.015664045834095204,0.003778874870482111
8.063387578472604,0.49832388614615714,7.989657771480291,0.0004660647640124529,zstd,"{""level"": 3}",16537,185.61013296618086,8.430000161752105e-05,0.0,5.710976910468946,0.002739799994742498,0.0379715974888767,3.7328259004505124,.gz,16407,7.988152325319234,1.0,1.0,0.0,0.0,3,7.211120026093798,1.4906294926591204,5,0.0,gzip,0.00536356433229719,0.00390625,archive,0.004083622843908088,0.09898315856371147,304.5234375,0.38361674894861947,0.9921388401765737,0.0,0.0,0.008715792039982934,gzip_random,16407,True,already_compressed,1.0,gzip-random,gzip-compressed seeded random,749236cbdba6ecb45455f49a85bdfb8f8ff356aa64e940ee82abdcc1690b057d,16407,test,zstd|3|dictionary,0.5,dictionary,"{""dictionary"": ""structured-v1""}",16527,256,0.015664045834095204,0.003778874870482111
8.058024014140306,0.49832388614615714,7.989657771480291,0.0004660647640124529,brotli,"{""level"": 6}",16526,11.550110380042167,0.0013546999980462715,0.0,5.099711409937545,0.0030681999924127012,0.0379715974888767,3.7328259004505124,.gz,16407,7.988152325319234,1.0,1.0,0.0,0.0,6,7.211120026093798,1.4906294926591204,5,0.0,gzip,0.00536356433229719,0.00390625,archive,0.004083622843908088,0.09898315856371147,304.5234375,0.38361674894861947,0.9927992254629069,0.0,0.0,0.008715792039982934,gzip_random,16407,True,already_compressed,1.0,gzip-random,gzip-compressed seeded random,749236cbdba6ecb45455f49a85bdfb8f8ff356aa64e940ee82abdcc1690b057d,16407,test,brotli|6|dictionary,0.5,dictionary,"{""dictionary"": ""structured-v1""}",16527,256,0.015664045834095204,0.003778874870482111
8.006826354604742,0.49832388614615714,7.989657771480291,0.0004660647640124529,deflate,"{""level"": 6, ""wrapper"": ""zlib""}",16421,33.65655921547993,0.00046490000386256725,0.0,7.219551747296729,0.002167300001019612,0.0379715974888767,3.7328259004505124,.gz,16407,7.988152325319234,1.0,1.0,0.0,0.0,6,7.211120026093798,1.4906294926591204,5,0.0,gzip,0.00536356433229719,0.00390625,archive,0.004083622843908088,0.09898315856371147,304.5234375,0.38361674894861947,0.9991474331648499,0.0,0.0,0.008715792039982934,gzip_random,16407,True,already_compressed,1.0,gzip-random,gzip-compressed seeded random,749236cbdba6ecb45455f49a85bdfb8f8ff356aa64e940ee82abdcc1690b057d,16407,test,deflate|6|delta,0.5,delta,{},16407,256,0.015664045834095204,0.003778874870482111
8.029743402206375,0.49832388614615714,7.989657771480291,0.0004660647640124529,lzma2,"{""container"": ""xz"", ""filter"": ""lzma2"", ""level"": 3}",16468,2.54989725287335,0.006136299998615868,0.0,97.24633717233205,0.00016089998825918883,0.0379715974888767,3.7328259004505124,.gz,16407,7.988152325319234,1.0,1.0,0.0,0.0,3,7.211120026093798,1.4906294926591204,5,0.0,gzip,0.00536356433229719,0.00390625,archive,0.004083622843908088,0.09898315856371147,304.5234375,0.38361674894861947,0.9962958464901628,0.0,0.0,0.008715792039982934,gzip_random,16407,True,already_compressed,1.0,gzip-random,gzip-compressed seeded random,749236cbdba6ecb45455f49a85bdfb8f8ff356aa64e940ee82abdcc1690b057d,16407,test,lzma2|3|byte-shuffle,0.5,byte-shuffle,"{""original_size"": 16407}",16407,256,0.015664045834095204,0.003778874870482111
8.0,1.0,3.392849283916771,0.02015306551121967,raw,"{""level"": null}",256,49.8246818620536,4.899993655271828e-06,0.0,61.035135587424236,4.0000013541430235e-06,0.0,0.0,.txt,256,4.141177325963168,0.0,0.0,1.0,0.0,,3.392849283916771,0.0,1,0.40625,unknown,0.16015625,0.00390625,text,0.0,0.0,304.5234375,1.0,1.0,0.703125,1.0,0.0,neural_text_256,256,True,neural_calibration,0.0,neural-text,generated neural calibration,81d62aa5ae5c25ec885d5a3f1e45ad377cd46acd3883591d4d7363d89e98526d,256,test,raw|default|identity,0.0,identity,{},256,12,0.15625,0.0
1.125,1.0,3.392849283916771,0.02015306551121967,zstd,"{""level"": 1}",36,8.11098519862158,3.0099996365606785e-05,0.0,27.43150142902924,8.90000956133008e-06,0.0,0.0,.txt,256,4.141177325963168,0.0,0.0,1.0,0.0,1,3.392849283916771,0.0,1,0.40625,unknown,0.16015625,0.00390625,text,0.0,0.0,304.5234375,1.0,7.111111111111111,0.703125,1.0,0.0,neural_text_256,256,True,neural_calibration,0.0,neural-text,generated neural calibration,81d62aa5ae5c25ec885d5a3f1e45ad377cd46acd3883591d4d7363d89e98526d,256,test,zstd|1|identity,0.0,identity,{},256,12,0.15625,0.0
1.125,1.0,3.392849283916771,0.02015306551121967,zstd,"{""level"": 3}",36,15.956903504633786,1.5300000086426735e-05,0.0,53.073980576381636,4.6000059228390455e-06,0.0,0.0,.txt,256,4.141177325963168,0.0,0.0,1.0,0.0,3,3.392849283916771,0.0,1,0.40625,unknown,0.16015625,0.00390625,text,0.0,0.0,304.5234375,1.0,7.111111111111111,0.703125,1.0,0.0,neural_text_256,256,True,neural_calibration,0.0,neural-text,generated neural calibration,81d62aa5ae5c25ec885d5a3f1e45ad377cd46acd3883591d4d7363d89e98526d,256,test,zstd|3|identity,0.0,identity,{},256,12,0.15625,0.0
1.125,1.0,3.392849283916771,0.02015306551121967,zstd,"{""level"": 9}",36,17.07277996678498,1.4299992471933365e-05,0.0,61.035135587424236,4.0000013541430235e-06,0.0,0.0,.txt,256,4.141177325963168,0.0,0.0,1.0,0.0,9,3.392849283916771,0.0,1,0.40625,unknown,0.16015625,0.00390625,text,0.0,0.0,304.5234375,1.0,7.111111111111111,0.703125,1.0,0.0,neural_text_256,256,True,neural_calibration,0.0,neural-text,generated neural calibration,81d62aa5ae5c25ec885d5a3f1e45ad377cd46acd3883591d4d7363d89e98526d,256,test,zstd|9|identity,0.0,identity,{},256,12,0.15625,0.0
1.40625,1.0,3.392849283916771,0.02015306551121967,brotli,"{""level"": 1}",45,9.804844209769653,2.4900000425986946e-05,0.0,10.258012880283555,2.379999205004424e-05,0.0,0.0,.txt,256,4.141177325963168,0.0,0.0,1.0,0.0,1,3.392849283916771,0.0,1,0.40625,unknown,0.16015625,0.00390625,text,0.0,0.0,304.5234375,1.0,5.688888888888889,0.703125,1.0,0.0,neural_text_256,256,True,neural_calibration,0.0,neural-text,generated neural calibration,81d62aa5ae5c25ec885d5a3f1e45ad377cd46acd3883591d4d7363d89e98526d,256,test,brotli|1|identity,0.0,identity,{},256,12,0.15625,0.0
0.875,1.0,3.392849283916771,0.02015306551121967,brotli,"{""level"": 6}",28,2.0725011531590383,0.00011779999476857483,0.0,16.061883936982547,1.5199999324977398e-05,0.0,0.0,.txt,256,4.141177325963168,0.0,0.0,1.0,0.0,6,3.392849283916771,0.0,1,0.40625,unknown,0.16015625,0.00390625,text,0.0,0.0,304.5234375,1.0,9.142857142857142,0.703125,1.0,0.0,neural_text_256,256,True,neural_calibration,0.0,neural-text,generated neural calibration,81d62aa5ae5c25ec885d5a3f1e45ad377cd46acd3883591d4d7363d89e98526d,256,test,brotli|6|identity,0.0,identity,{},256,12,0.15625,0.0
0.875,1.0,3.392849283916771,0.02015306551121967,brotli,"{""level"": 9}",28,1.455817711789811,0.00016769999638199806,0.0,18.084489491901053,1.3500000932253897e-05,0.0,0.0,.txt,256,4.141177325963168,0.0,0.0,1.0,0.0,9,3.392849283916771,0.0,1,0.40625,unknown,0.16015625,0.00390625,text,0.0,0.0,304.5234375,1.0,9.142857142857142,0.703125,1.0,0.0,neural_text_256,256,True,neural_calibration,0.0,neural-text,generated neural calibration,81d62aa5ae5c25ec885d5a3f1e45ad377cd46acd3883591d4d7363d89e98526d,256,test,brotli|9|identity,0.0,identity,{},256,12,0.15625,0.0
0.90625,1.0,3.392849283916771,0.02015306551121967,deflate,"{""level"": 1, ""wrapper"": ""zlib""}",29,13.71577314041952,1.7799990018829703e-05,0.0,46.064171064264414,5.3000112529844046e-06,0.0,0.0,.txt,256,4.141177325963168,0.0,0.0,1.0,0.0,1,3.392849283916771,0.0,1,0.40625,unknown,0.16015625,0.00390625,text,0.0,0.0,304.5234375,1.0,8.827586206896552,0.703125,1.0,0.0,neural_text_256,256,True,neural_calibration,0.0,neural-text,generated neural calibration,81d62aa5ae5c25ec885d5a3f1e45ad377cd46acd3883591d4d7363d89e98526d,256,test,deflate|1|identity,0.0,identity,{},256,12,0.15625,0.0
0.9375,1.0,3.392849283916771,0.02015306551121967,deflate,"{""level"": 6, ""wrapper"": ""zlib""}",30,16.061883936982547,1.5199999324977398e-05,0.0,71.80613406606575,3.3999967854470015e-06,0.0,0.0,.txt,256,4.141177325963168,0.0,0.0,1.0,0.0,6,3.392849283916771,0.0,1,0.40625,unknown,0.16015625,0.00390625,text,0.0,0.0,304.5234375,1.0,8.533333333333333,0.703125,1.0,0.0,neural_text_256,256,True,neural_calibration,0.0,neural-text,generated neural calibration,81d62aa5ae5c25ec885d5a3f1e45ad377cd46acd3883591d4d7363d89e98526d,256,test,deflate|6|identity,0.0,identity,{},256,12,0.15625,0.0
0.9375,1.0,3.392849283916771,0.02015306551121967,deflate,"{""level"": 9, ""wrapper"": ""zlib""}",30,15.751006429129363,1.550000160932541e-05,0.0,81.38037815655953,2.9999937396496534e-06,0.0,0.0,.txt,256,4.141177325963168,0.0,0.0,1.0,0.0,9,3.392849283916771,0.0,1,0.40625,unknown,0.16015625,0.00390625,text,0.0,0.0,304.5234375,1.0,8.533333333333333,0.703125,1.0,0.0,neural_text_256,256,True,neural_calibration,0.0,neural-text,generated neural calibration,81d62aa5ae5c25ec885d5a3f1e45ad377cd46acd3883591d4d7363d89e98526d,256,test,deflate|9|identity,0.0,identity,{},256,12,0.15625,0.0
2.875,1.0,3.392849283916771,0.02015306551121967,lzma2,"{""container"": ""xz"", ""filter"": ""lzma2"", ""level"": 0}",92,3.208155497832319,7.609999738633633e-05,0.0,12.91749448336077,1.889999839477241e-05,0.0,0.0,.txt,256,4.141177325963168,0.0,0.0,1.0,0.0,0,3.392849283916771,0.0,1,0.40625,unknown,0.16015625,0.00390625,text,0.0,0.0,304.5234375,1.0,2.782608695652174,0.703125,1.0,0.0,neural_text_256,256,True,neural_calibration,0.0,neural-text,generated neural calibration,81d62aa5ae5c25ec885d5a3f1e45ad377cd46acd3883591d4d7363d89e98526d,256,test,lzma2|0|identity,0.0,identity,{},256,12,0.15625,0.0
2.875,1.0,3.392849283916771,0.02015306551121967,lzma2,"{""container"": ""xz"", ""filter"": ""lzma2"", ""level"": 3}",92,0.09248801933935584,0.0026397000037832186,0.0,3.538269849022828,6.900000153109431e-05,0.0,0.0,.txt,256,4.141177325963168,0.0,0.0,1.0,0.0,3,3.392849283916771,0.0,1,0.40625,unknown,0.16015625,0.00390625,text,0.0,0.0,304.5234375,1.0,2.782608695652174,0.703125,1.0,0.0,neural_text_256,256,True,neural_calibration,0.0,neural-text,generated neural calibration,81d62aa5ae5c25ec885d5a3f1e45ad377cd46acd3883591d4d7363d89e98526d,256,test,lzma2|3|identity,0.0,identity,{},256,12,0.15625,0.0
2.875,1.0,3.392849283916771,0.02015306551121967,lzma2,"{""container"": ""xz"", ""filter"": ""lzma2"", ""level"": 6}",92,0.04542573724315673,0.005374500004108995,0.0,3.3861385459187536,7.210001058410853e-05,0.0,0.0,.txt,256,4.141177325963168,0.0,0.0,1.0,0.0,6,3.392849283916771,0.0,1,0.40625,unknown,0.16015625,0.00390625,text,0.0,0.0,304.5234375,1.0,2.782608695652174,0.703125,1.0,0.0,neural_text_256,256,True,neural_calibration,0.0,neural-text,generated neural calibration,81d62aa5ae5c25ec885d5a3f1e45ad377cd46acd3883591d4d7363d89e98526d,256,test,lzma2|6|identity,0.0,identity,{},256,12,0.15625,0.0
2.21875,1.0,3.392849283916771,0.02015306551121967,bzip2,"{""level"": 1}",71,3.522952547739939,6.930000381544232e-05,0.0,11.462000034159422,2.130000211764127e-05,0.0,0.0,.txt,256,4.141177325963168,0.0,0.0,1.0,0.0,1,3.392849283916771,0.0,1,0.40625,unknown,0.16015625,0.00390625,text,0.0,0.0,304.5234375,1.0,3.6056338028169015,0.703125,1.0,0.0,neural_text_256,256,True,neural_calibration,0.0,neural-text,generated neural calibration,81d62aa5ae5c25ec885d5a3f1e45ad377cd46acd3883591d4d7363d89e98526d,256,test,bzip2|1|identity,0.0,identity,{},256,12,0.15625,0.0
2.21875,1.0,3.392849283916771,0.02015306551121967,bzip2,"{""level"": 9}",71,2.162450155824072,0.000112900001113303,0.0,5.096881424374245,4.7900000936351717e-05,0.0,0.0,.txt,256,4.141177325963168,0.0,0.0,1.0,0.0,9,3.392849283916771,0.0,1,0.40625,unknown,0.16015625,0.00390625,text,0.0,0.0,304.5234375,1.0,3.6056338028169015,0.703125,1.0,0.0,neural_text_256,256,True,neural_calibration,0.0,neural-text,generated neural calibration,81d62aa5ae5c25ec885d5a3f1e45ad377cd46acd3883591d4d7363d89e98526d,256,test,bzip2|9|identity,0.0,identity,{},256,12,0.15625,0.0
5.375,1.0,3.392849283916771,0.02015306551121967,xai-static,"{""coder"": ""adaptive-arithmetic32-v1"", ""level"": null, ""original_size"": 256}",172,0.01329843371047796,0.018358599991188385,0.0,0.011961814063284589,0.020409999997355044,0.0,0.0,.txt,256,4.141177325963168,0.0,0.0,1.0,0.0,,3.392849283916771,0.0,1,0.40625,unknown,0.16015625,0.00390625,text,0.0,0.0,304.5234375,1.0,1.4883720930232558,0.703125,1.0,0.0,neural_text_256,256,True,neural_calibration,0.0,neural-text,generated neural calibration,81d62aa5ae5c25ec885d5a3f1e45ad377cd46acd3883591d4d7363d89e98526d,256,test,xai-static|default|identity,0.0,identity,{},256,12,0.15625,0.0
1.6875,1.0,3.392849283916771,0.02015306551121967,zstd,"{""level"": 3}",54,5.969207582507391,4.090000584255904e-05,0.0,1.973651033297771,0.00012369999603834003,0.0,0.0,.txt,256,4.141177325963168,0.0,0.0,1.0,0.0,3,3.392849283916771,0.0,1,0.40625,unknown,0.16015625,0.00390625,text,0.0,0.0,304.5234375,1.0,4.7407407407407405,0.703125,1.0,0.0,neural_text_256,256,True,neural_calibration,0.0,neural-text,generated neural calibration,81d62aa5ae5c25ec885d5a3f1e45ad377cd46acd3883591d4d7363d89e98526d,256,test,zstd|3|rle,0.0,rle,{},512,12,0.15625,0.0
1.15625,1.0,3.392849283916771,0.02015306551121967,zstd,"{""level"": 3}",37,12.649772371871528,1.930000144056976e-05,0.0,4.383134931779736,5.570000212173909e-05,0.0,0.0,.txt,256,4.141177325963168,0.0,0.0,1.0,0.0,3,3.392849283916771,0.0,1,0.40625,unknown,0.16015625,0.00390625,text,0.0,0.0,304.5234375,1.0,6.918918918918919,0.703125,1.0,0.0,neural_text_256,256,True,neural_calibration,0.0,neural-text,generated neural calibration,81d62aa5ae5c25ec885d5a3f1e45ad377cd46acd3883591d4d7363d89e98526d,256,test,zstd|3|delta,0.0,delta,{},256,12,0.15625,0.0
1.28125,1.0,3.392849283916771,0.02015306551121967,zstd,"{""level"": 3}",41,14.031069172606607,1.7400001524947584e-05,0.0,19.848844541667603,1.2299991794861853e-05,0.0,0.0,.txt,256,4.141177325963168,0.0,0.0,1.0,0.0,3,3.392849283916771,0.0,1,0.40625,unknown,0.16015625,0.00390625,text,0.0,0.0,304.5234375,1.0,6.2439024390243905,0.703125,1.0,0.0,neural_text_256,256,True,neural_calibration,0.0,neural-text,generated neural calibration,81d62aa5ae5c25ec885d5a3f1e45ad377cd46acd3883591d4d7363d89e98526d,256,test,zstd|3|byte-shuffle,0.0,byte-shuffle,"{""original_size"": 256}",256,12,0.15625,0.0
1.125,1.0,3.392849283916771,0.02015306551121967,zstd,"{""level"": 3}",36,15.853301445082062,1.5399986295960844e-05,0.0,5.307404773534243,4.600000102072954e-05,0.0,0.0,.txt,256,4.141177325963168,0.0,0.0,1.0,0.0,3,3.392849283916771,0.0,1,0.40625,unknown,0.16015625,0.00390625,text,0.0,0.0,304.5234375,1.0,7.111111111111111,0.703125,1.0,0.0,neural_text_256,256,True,neural_calibration,0.0,neural-text,generated neural calibration,81d62aa5ae5c25ec885d5a3f1e45ad377cd46acd3883591d4d7363d89e98526d,256,test,zstd|3|zero-run,0.0,zero-run,{},256,12,0.15625,0.0
1.125,1.0,3.392849283916771,0.02015306551121967,zstd,"{""level"": 3}",36,15.853286464829724,1.5400000847876072e-05,0.0,4.972314608286709,4.909999552182853e-05,0.0,0.0,.txt,256,4.141177325963168,0.0,0.0,1.0,0.0,3,3.392849283916771,0.0,1,0.40625,unknown,0.16015625,0.00390625,text,0.0,0.0,304.5234375,1.0,7.111111111111111,0.703125,1.0,0.0,neural_text_256,256,True,neural_calibration,0.0,neural-text,generated neural calibration,81d62aa5ae5c25ec885d5a3f1e45ad377cd46acd3883591d4d7363d89e98526d,256,test,zstd|3|dictionary,0.0,dictionary,"{""dictionary"": ""structured-v1""}",256,12,0.15625,0.0
0.875,1.0,3.392849283916771,0.02015306551121967,brotli,"{""level"": 6}",28,1.4169507935818877,0.0001723000023048371,0.0,3.654799812045021,6.679999933112413e-05,0.0,0.0,.txt,256,4.141177325963168,0.0,0.0,1.0,0.0,6,3.392849283916771,0.0,1,0.40625,unknown,0.16015625,0.00390625,text,0.0,0.0,304.5234375,1.0,9.142857142857142,0.703125,1.0,0.0,neural_text_256,256,True,neural_calibration,0.0,neural-text,generated neural calibration,81d62aa5ae5c25ec885d5a3f1e45ad377cd46acd3883591d4d7363d89e98526d,256,test,brotli|6|dictionary,0.0,dictionary,"{""dictionary"": ""structured-v1""}",256,12,0.15625,0.0
0.96875,1.0,3.392849283916771,0.02015306551121967,deflate,"{""level"": 6, ""wrapper"": ""zlib""}",31,8.68827980281893,2.8099995688535273e-05,0.0,5.295891877695734,4.610000178217888e-05,0.0,0.0,.txt,256,4.141177325963168,0.0,0.0,1.0,0.0,6,3.392849283916771,0.0,1,0.40625,unknown,0.16015625,0.00390625,text,0.0,0.0,304.5234375,1.0,8.258064516129032,0.703125,1.0,0.0,neural_text_256,256,True,neural_calibration,0.0,neural-text,generated neural calibration,81d62aa5ae5c25ec885d5a3f1e45ad377cd46acd3883591d4d7363d89e98526d,256,test,deflate|6|delta,0.0,delta,{},256,12,0.15625,0.0
3.0,1.0,3.392849283916771,0.02015306551121967,lzma2,"{""container"": ""xz"", ""filter"": ""lzma2"", ""level"": 3}",96,0.094708908828943,0.0025777999981073663,0.0,3.2336509698707867,7.54999928176403e-05,0.0,0.0,.txt,256,4.141177325963168,0.0,0.0,1.0,0.0,3,3.392849283916771,0.0,1,0.40625,unknown,0.16015625,0.00390625,text,0.0,0.0,304.5234375,1.0,2.6666666666666665,0.703125,1.0,0.0,neural_text_256,256,True,neural_calibration,0.0,neural-text,generated neural calibration,81d62aa5ae5c25ec885d5a3f1e45ad377cd46acd3883591d4d7363d89e98526d,256,test,lzma2|3|byte-shuffle,0.0,byte-shuffle,"{""original_size"": 256}",256,12,0.15625,0.0
4.5,1.0,3.392849283916771,0.02015306551121967,xai-gru,"{""architecture_id"": ""causal-byte-gru-v1"", ""checkpoint_cache"": ""warm"", ""checkpoint_load_seconds"": 0.0, ""coder"": ""rans14-v1"", ""level"": null, ""model_fingerprint"": ""65db5985137b2a12a0f399f637a2753900452fc43e7d8211867c40b2f5014239"", ""original_size"": 256}",144,0.001005176663025931,0.24288330000126734,0.0,0.0008786641955803848,0.2778543000022182,0.0,0.0,.txt,256,4.141177325963168,0.0,0.0,1.0,0.0,,3.392849283916771,0.0,1,0.40625,unknown,0.16015625,0.00390625,text,0.0,0.0,304.5234375,1.0,1.7777777777777777,0.703125,1.0,0.0,neural_text_256,256,True,neural_calibration,0.0,neural-text,generated neural calibration,81d62aa5ae5c25ec885d5a3f1e45ad377cd46acd3883591d4d7363d89e98526d,256,test,xai-gru|default|identity,0.0,identity,{},256,12,0.15625,0.0
5.875,1.0,3.392849283916771,0.02015306551121967,xai-transformer,"{""architecture_id"": ""causal-byte-transformer-v2"", ""checkpoint_cache"": ""warm"", ""checkpoint_load_seconds"": 0.0, ""coder"": ""rans14-v1"", ""level"": null, ""model_fingerprint"": ""f563a3935182cc92e38fb99cde230465dc53b8f90f09ad39218ea3372699f9a8"", ""original_size"": 256}",188,0.00018122942254519388,1.3471356999943964,0.0,0.00018448614460777902,1.3233547999989241,0.0,0.0,.txt,256,4.141177325963168,0.0,0.0,1.0,0.0,,3.392849283916771,0.0,1,0.40625,unknown,0.16015625,0.00390625,text,0.0,0.0,304.5234375,1.0,1.3617021276595744,0.703125,1.0,0.0,neural_text_256,256,True,neural_calibration,0.0,neural-text,generated neural calibration,81d62aa5ae5c25ec885d5a3f1e45ad377cd46acd3883591d4d7363d89e98526d,256,test,xai-transformer|default|identity,0.0,identity,{},256,12,0.15625,0.0
8.0,0.5,8.0,0.0,raw,"{""level"": null}",256,54.25340999489067,4.5000051613897085e-06,0.0,90.42273986482844,2.6999914553016424e-06,0.0390625,0.0,.bin,256,-0.0,0.0,1.0,0.0,0.0,,8.0,0.0,1,0.0,unknown,0.00390625,0.00390625,application,0.00390625,0.10204081632653061,304.5234375,0.3828125,1.0,0.0,0.0,0.0,neural_binary_256,256,True,neural_calibration,0.1,neural-binary,generated neural calibration,40aff2e9d2d8922e47afd4648e6967497158785fbd1da870e7110266bf944880,256,train,raw|default|identity,0.05,identity,{},256,256,0.015625,0.00390625
8.3125,0.5,8.0,0.0,zstd,"{""level"": 1}",266,6.707159901958472,3.640000068116933e-05,0.0,25.169133741086952,9.700001101009548e-06,0.0390625,0.0,.bin,256,-0.0,0.0,1.0,0.0,0.0,1,8.0,0.0,1,0.0,unknown,0.00390625,0.00390625,application,0.00390625,0.10204081632653061,304.5234375,0.3828125,0.9624060150375939,0.0,0.0,0.0,neural_binary_256,256,True,neural_calibration,0.1,neural-binary,generated neural calibration,40aff2e9d2d8922e47afd4648e6967497158785fbd1da870e7110266bf944880,256,train,zstd|1|identity,0.05,identity,{},256,256,0.015625,0.00390625
8.3125,0.5,8.0,0.0,zstd,"{""level"": 3}",266,6.975445517220734,3.500000457279384e-05,0.0,48.82817952426826,4.999994416721165e-06,0.0390625,0.0,.bin,256,-0.0,0.0,1.0,0.0,0.0,3,8.0,0.0,1,0.0,unknown,0.00390625,0.00390625,application,0.00390625,0.10204081632653061,304.5234375,0.3828125,0.9624060150375939,0.0,0.0,0.0,neural_binary_256,256,True,neural_calibration,0.1,neural-binary,generated neural calibration,40aff2e9d2d8922e47afd4648e6967497158785fbd1da870e7110266bf944880,256,train,zstd|3|identity,0.05,identity,{},256,256,0.015625,0.00390625
8.3125,0.5,8.0,0.0,zstd,"{""level"": 9}",266,9.075859293263816,2.6900001103058457e-05,0.0,40.02303495559282,6.100002792663872e-06,0.0390625,0.0,.bin,256,-0.0,0.0,1.0,0.0,0.0,9,8.0,0.0,1,0.0,unknown,0.00390625,0.00390625,application,0.00390625,0.10204081632653061,304.5234375,0.3828125,0.9624060150375939,0.0,0.0,0.0,neural_binary_256,256,True,neural_calibration,0.1,neural-binary,generated neural calibration,40aff2e9d2d8922e47afd4648e6967497158785fbd1da870e7110266bf944880,256,train,zstd|9|identity,0.05,identity,{},256,256,0.015625,0.00390625
8.125,0.5,8.0,0.0,brotli,"{""level"": 1}",260,4.863358686130287,5.020000389777124e-05,0.0,10.172528765809297,2.3999993572942913e-05,0.0390625,0.0,.bin,256,-0.0,0.0,1.0,0.0,0.0,1,8.0,0.0,1,0.0,unknown,0.00390625,0.00390625,application,0.00390625,0.10204081632653061,304.5234375,0.3828125,0.9846153846153847,0.0,0.0,0.0,neural_binary_256,256,True,neural_calibration,0.1,neural-binary,generated neural calibration,40aff2e9d2d8922e47afd4648e6967497158785fbd1da870e7110266bf944880,256,train,brotli|1|identity,0.05,identity,{},256,256,0.015625,0.00390625
7.90625,0.5,8.0,0.0,brotli,"{""level"": 6}",253,0.364824602669872,0.0006692000024486333,0.0,6.22807829674256,3.919999289792031e-05,0.0390625,0.0,.bin,256,-0.0,0.0,1.0,0.0,0.0,6,8.0,0.0,1,0.0,unknown,0.00390625,0.00390625,application,0.00390625,0.10204081632653061,304.5234375,0.3828125,1.0118577075098814,0.0,0.0,0.0,neural_binary_256,256,True,neural_calibration,0.1,neural-binary,generated neural calibration,40aff2e9d2d8922e47afd4648e6967497158785fbd1da870e7110266bf944880,256,train,brotli|6|identity,0.05,identity,{},256,256,0.015625,0.00390625
7.90625,0.5,8.0,0.0,brotli,"{""level"": 9}",253,0.20203626863794302,0.0012083999899914488,0.0,8.68827980281893,2.8099995688535273e-05,0.0390625,0.0,.bin,256,-0.0,0.0,1.0,0.0,0.0,9,8.0,0.0,1,0.0,unknown,0.00390625,0.00390625,application,0.00390625,0.10204081632653061,304.5234375,0.3828125,1.0118577075098814,0.0,0.0,0.0,neural_binary_256,256,True,neural_calibration,0.1,neural-binary,generated neural calibration,40aff2e9d2d8922e47afd4648e6967497158785fbd1da870e7110266bf944880,256,train,brotli|9|identity,0.05,identity,{},256,256,0.015625,0.00390625
8.6875,0.5,8.0,0.0,deflate,"{""level"": 1, ""wrapper"": ""zlib""}",278,6.935812009131325,3.5200006095692515e-05,0.0,25.43131420463933,9.60000033956021e-06,0.0390625,0.0,.bin,256,-0.0,0.0,1.0,0.0,0.0,1,8.0,0.0,1,0.0,unknown,0.00390625,0.00390625,application,0.00390625,0.10204081632653061,304.5234375,0.3828125,0.920863309352518,0.0,0.0,0.0,neural_binary_256,256,True,neural_calibration,0.1,neural-binary,generated neural calibration,40aff2e9d2d8922e47afd4648e6967497158785fbd1da870e7110266bf944880,256,train,deflate|1|identity,0.05,identity,{},256,256,0.015625,0.00390625
8.34375,0.5,8.0,0.0,deflate,"{""level"": 6, ""wrapper"": ""zlib""}",267,2.7933711194752253,8.739999611862004e-05,0.0,44.38921887939633,5.49999822396785e-06,0.0390625,0.0,.bin,256,-0.0,0.0,1.0,0.0,0.0,6,8.0,0.0,1,0.0,unknown,0.00390625,0.00390625,application,0.00390625,0.10204081632653061,304.5234375,0.3828125,0.9588014981273408,0.0,0.0,0.0,neural_binary_256,256,True,neural_calibration,0.1,neural-binary,generated neural calibration,40aff2e9d2d8922e47afd4648e6967497158785fbd1da870e7110266bf944880,256,train,deflate|6|identity,0.05,identity,{},256,256,0.015625,0.00390625
8.34375,0.5,8.0,0.0,deflate,"{""level"": 9, ""wrapper"": ""zlib""}",267,3.110071612105636,7.850000110920519e-05,0.0,46.064171064264414,5.3000112529844046e-06,0.0390625,0.0,.bin,256,-0.0,0.0,1.0,0.0,0.0,9,8.0,0.0,1,0.0,unknown,0.00390625,0.00390625,application,0.00390625,0.10204081632653061,304.5234375,0.3828125,0.9588014981273408,0.0,0.0,0.0,neural_binary_256,256,True,neural_calibration,0.1,neural-binary,generated neural calibration,40aff2e9d2d8922e47afd4648e6967497158785fbd1da870e7110266bf944880,256,train,deflate|9|identity,0.05,identity,{},256,256,0.015625,0.00390625
9.375,0.5,8.0,0.0,lzma2,"{""container"": ""xz"", ""filter"": ""lzma2"", ""level"": 0}",300,1.3793256083214596,0.00017699999443721026,0.0,4.546380231508229,5.370000144466758e-05,0.0390625,0.0,.bin,256,-0.0,0.0,1.0,0.0,0.0,0,8.0,0.0,1,0.0,unknown,0.00390625,0.00390625,application,0.00390625,0.10204081632653061,304.5234375,0.3828125,0.8533333333333334,0.0,0.0,0.0,neural_binary_256,256,True,neural_calibration,0.1,neural-binary,generated neural calibration,40aff2e9d2d8922e47afd4648e6967497158785fbd1da870e7110266bf944880,256,train,lzma2|0|identity,0.05,identity,{},256,256,0.015625,0.00390625
9.375,0.5,8.0,0.0,lzma2,"{""container"": ""xz"", ""filter"": ""lzma2"", ""level"": 3}",300,0.07595452356038966,0.0032142999989446253,0.0,2.154815675533145,0.00011330000415910035,0.0390625,0.0,.bin,256,-0.0,0.0,1.0,0.0,0.0,3,8.0,0.0,1,0.0,unknown,0.00390625,0.00390625,application,0.00390625,0.10204081632653061,304.5234375,0.3828125,0.8533333333333334,0.0,0.0,0.0,neural_binary_256,256,True,neural_calibration,0.1,neural-binary,generated neural calibration,40aff2e9d2d8922e47afd4648e6967497158785fbd1da870e7110266bf944880,256,train,lzma2|3|identity,0.05,identity,{},256,256,0.015625,0.00390625
9.375,0.5,8.0,0.0,lzma2,"{""container"": ""xz"", ""filter"": ""lzma2"", ""level"": 6}",300,0.037046573618731087,0.006590100005269051,0.0,2.011043154222501,0.00012139999307692051,0.0390625,0.0,.bin,256,-0.0,0.0,1.0,0.0,0.0,6,8.0,0.0,1,0.0,unknown,0.00390625,0.00390625,application,0.00390625,0.10204081632653061,304.5234375,0.3828125,0.8533333333333334,0.0,0.0,0.0,neural_binary_256,256,True,neural_calibration,0.1,neural-binary,generated neural calibration,40aff2e9d2d8922e47afd4648e6967497158785fbd1da870e7110266bf944880,256,train,lzma2|6|identity,0.05,identity,{},256,256,0.015625,0.00390625
13.28125,0.5,8.0,0.0,bzip2,"{""level"": 1}",425,0.5552436305668191,0.0004397000011522323,0.0,4.731407460676692,5.160000000614673e-05,0.0390625,0.0,.bin,256,-0.0,0.0,1.0,0.0,0.0,1,8.0,0.0,1,0.0,unknown,0.00390625,0.00390625,application,0.00390625,0.10204081632653061,304.5234375,0.3828125,0.6023529411764705,0.0,0.0,0.0,neural_binary_256,256,True,neural_calibration,0.1,neural-binary,generated neural calibration,40aff2e9d2d8922e47afd4648e6967497158785fbd1da870e7110266bf944880,256,train,bzip2|1|identity,0.05,identity,{},256,256,0.015625,0.00390625
13.28125,0.5,8.0,0.0,bzip2,"{""level"": 9}",425,0.5227850583055039,0.0004670000053010881,0.0,2.496325715350219,9.779998799785972e-05,0.0390625,0.0,.bin,256,-0.0,0.0,1.0,0.0,0.0,9,8.0,0.0,1,0.0,unknown,0.00390625,0.00390625,application,0.00390625,0.10204081632653061,304.5234375,0.3828125,0.6023529411764705,0.0,0.0,0.0,neural_binary_256,256,True,neural_calibration,0.1,neural-binary,generated neural calibration,40aff2e9d2d8922e47afd4648e6967497158785fbd1da870e7110266bf944880,256,train,bzip2|9|identity,0.05,identity,{},256,256,0.015625,0.00390625
8.6875,0.5,8.0,0.0,xai-static,"{""coder"": ""adaptive-arithmetic32-v1"", ""level"": null, ""original_size"": 256}",278,0.007563005525323567,0.03228089999174699,0.0,0.008407480586954058,0.02903849999711383,0.0390625,0.0,.bin,256,-0.0,0.0,1.0,0.0,0.0,,8.0,0.0,1,0.0,unknown,0.00390625,0.00390625,application,0.00390625,0.10204081632653061,304.5234375,0.3828125,0.920863309352518,0.0,0.0,0.0,neural_binary_256,256,True,neural_calibration,0.1,neural-binary,generated neural calibration,40aff2e9d2d8922e47afd4648e6967497158785fbd1da870e7110266bf944880,256,train,xai-static|default|identity,0.05,identity,{},256,256,0.015625,0.00390625
11.03125,0.5,8.0,0.0,zstd,"{""level"": 3}",353,4.529510418522778,5.390000296756625e-05,0.0,1.7898873997475393,0.00013639999087899923,0.0390625,0.0,.bin,256,-0.0,0.0,1.0,0.0,0.0,3,8.0,0.0,1,0.0,unknown,0.00390625,0.00390625,application,0.00390625,0.10204081632653061,304.5234375,0.3828125,0.7252124645892352,0.0,0.0,0.0,neural_binary_256,256,True,neural_calibration,0.1,neural-binary,generated neural calibration,40aff2e9d2d8922e47afd4648e6967497158785fbd1da870e7110266bf944880,256,train,zstd|3|rle,0.05,rle,{},512,256,0.015625,0.00390625
0.59375,0.5,8.0,0.0,zstd,"{""level"": 3}",19,11.570645408457077,2.1100000594742596e-05,0.0,5.498662305462376,4.440000338945538e-05,0.0390625,0.0,.bin,256,-0.0,0.0,1.0,0.0,0.0,3,8.0,0.0,1,0.0,unknown,0.00390625,0.00390625,application,0.00390625,0.10204081632653061,304.5234375,0.3828125,13.473684210526315,0.0,0.0,0.0,neural_binary_256,256,True,neural_calibration,0.1,neural-binary,generated neural calibration,40aff2e9d2d8922e47afd4648e6967497158785fbd1da870e7110266bf944880,256,train,zstd|3|delta,0.05,delta,{},256,256,0.015625,0.00390625
8.3125,0.5,8.0,0.0,zstd,"{""level"": 3}",266,13.79326402123101,1.7699989257380366e-05,0.0,20.689879021815536,1.1800002539530396e-05,0.0390625,0.0,.bin,256,-0.0,0.0,1.0,0.0,0.0,3,8.0,0.0,1,0.0,unknown,0.00390625,0.00390625,application,0.00390625,0.10204081632653061,304.5234375,0.3828125,0.9624060150375939,0.0,0.0,0.0,neural_binary_256,256,True,neural_calibration,0.1,neural-binary,generated neural calibration,40aff2e9d2d8922e47afd4648e6967497158785fbd1da870e7110266bf944880,256,train,zstd|3|byte-shuffle,0.05,byte-shuffle,"{""original_size"": 256}",256,256,0.015625,0.00390625
8.34375,0.5,8.0,0.0,zstd,"{""level"": 3}",267,14.619202432871651,1.6699996194802225e-05,0.0,4.815397593107156,5.0699993153102696e-05,0.0390625,0.0,.bin,256,-0.0,0.0,1.0,0.0,0.0,3,8.0,0.0,1,0.0,unknown,0.00390625,0.00390625,application,0.00390625,0.10204081632653061,304.5234375,0.3828125,0.9588014981273408,0.0,0.0,0.0,neural_binary_256,256,True,neural_calibration,0.1,neural-binary,generated neural calibration,40aff2e9d2d8922e47afd4648e6967497158785fbd1da870e7110266bf944880,256,train,zstd|3|zero-run,0.05,zero-run,{},257,256,0.015625,0.00390625
8.375,0.5,8.0,0.0,zstd,"{""level"": 3}",268,14.619202432871651,1.6699996194802225e-05,0.0,4.471440530499992,5.459999374579638e-05,0.0390625,0.0,.bin,256,-0.0,0.0,1.0,0.0,0.0,3,8.0,0.0,1,0.0,unknown,0.00390625,0.00390625,application,0.00390625,0.10204081632653061,304.5234375,0.3828125,0.9552238805970149,0.0,0.0,0.0,neural_binary_256,256,True,neural_calibration,0.1,neural-binary,generated neural calibration,40aff2e9d2d8922e47afd4648e6967497158785fbd1da870e7110266bf944880,256,train,zstd|3|dictionary,0.05,dictionary,"{""dictionary"": ""structured-v1""}",258,256,0.015625,0.00390625
8.1875,0.5,8.0,0.0,brotli,"{""level"": 6}",262,0.4604689339659766,0.0005301999917719513,0.0,3.0864804990552295,7.910000567790121e-05,0.0390625,0.0,.bin,256,-0.0,0.0,1.0,0.0,0.0,6,8.0,0.0,1,0.0,unknown,0.00390625,0.00390625,application,0.00390625,0.10204081632653061,304.5234375,0.3828125,0.9770992366412213,0.0,0.0,0.0,neural_binary_256,256,True,neural_calibration,0.1,neural-binary,generated neural calibration,40aff2e9d2d8922e47afd4648e6967497158785fbd1da870e7110266bf944880,256,train,brotli|6|dictionary,0.05,dictionary,"{""dictionary"": ""structured-v1""}",258,256,0.015625,0.00390625
0.375,0.5,8.0,0.0,deflate,"{""level"": 6, ""wrapper"": ""zlib""}",12,10.046941013232663,2.4299995857290924e-05,0.0,5.731000017079711,4.260000423528254e-05,0.0390625,0.0,.bin,256,-0.0,0.0,1.0,0.0,0.0,6,8.0,0.0,1,0.0,unknown,0.00390625,0.00390625,application,0.00390625,0.10204081632653061,304.5234375,0.3828125,21.333333333333332,0.0,0.0,0.0,neural_binary_256,256,True,neural_calibration,0.1,neural-binary,generated neural calibration,40aff2e9d2d8922e47afd4648e6967497158785fbd1da870e7110266bf944880,256,train,deflate|6|delta,0.05,delta,{},256,256,0.015625,0.00390625
9.5,0.5,8.0,0.0,lzma2,"{""container"": ""xz"", ""filter"": ""lzma2"", ""level"": 3}",304,0.05931069773250101,0.004116299998713657,0.0,1.561001462076722,0.00015639999764971435,0.0390625,0.0,.bin,256,-0.0,0.0,1.0,0.0,0.0,3,8.0,0.0,1,0.0,unknown,0.00390625,0.00390625,application,0.00390625,0.10204081632653061,304.5234375,0.3828125,0.8421052631578947,0.0,0.0,0.0,neural_binary_256,256,True,neural_calibration,0.1,neural-binary,generated neural calibration,40aff2e9d2d8922e47afd4648e6967497158785fbd1da870e7110266bf944880,256,train,lzma2|3|byte-shuffle,0.05,byte-shuffle,"{""original_size"": 256}",256,256,0.015625,0.00390625
8.875,0.5,8.0,0.0,xai-gru,"{""architecture_id"": ""causal-byte-gru-v1"", ""checkpoint_cache"": ""warm"", ""checkpoint_load_seconds"": 0.0, ""coder"": ""rans14-v1"", ""level"": null, ""model_fingerprint"": ""65db5985137b2a12a0f399f637a2753900452fc43e7d8211867c40b2f5014239"", ""original_size"": 256}",284,0.0008960531956043296,0.2724622000096133,0.0,0.001036019668761918,0.2356525000068359,0.0390625,0.0,.bin,256,-0.0,0.0,1.0,0.0,0.0,,8.0,0.0,1,0.0,unknown,0.00390625,0.00390625,application,0.00390625,0.10204081632653061,304.5234375,0.3828125,0.9014084507042254,0.0,0.0,0.0,neural_binary_256,256,True,neural_calibration,0.1,neural-binary,generated neural calibration,40aff2e9d2d8922e47afd4648e6967497158785fbd1da870e7110266bf944880,256,train,xai-gru|default|identity,0.05,identity,{},256,256,0.015625,0.00390625
8.09375,0.5,8.0,0.0,xai-transformer,"{""architecture_id"": ""causal-byte-transformer-v2"", ""checkpoint_cache"": ""warm"", ""checkpoint_load_seconds"": 0.0, ""coder"": ""rans14-v1"", ""level"": null, ""model_fingerprint"": ""f563a3935182cc92e38fb99cde230465dc53b8f90f09ad39218ea3372699f9a8"", ""original_size"": 256}",259,0.0001813433329164726,1.3462894999975106,0.0,0.0001830976047072805,1.3333906000043498,0.0390625,0.0,.bin,256,-0.0,0.0,1.0,0.0,0.0,,8.0,0.0,1,0.0,unknown,0.00390625,0.00390625,application,0.00390625,0.10204081632653061,304.5234375,0.3828125,0.9884169884169884,0.0,0.0,0.0,neural_binary_256,256,True,neural_calibration,0.1,neural-binary,generated neural calibration,40aff2e9d2d8922e47afd4648e6967497158785fbd1da870e7110266bf944880,256,train,xai-transformer|default|identity,0.05,identity,{},256,256,0.015625,0.00390625
