file,extension,bytes,category
data\train\archive\config.json,.json,788,source_text_configuration
data\train\archive\generation_config.json,.json,112,source_text_configuration
data\train\archive\logs\events.out.tfevents.1734400848.adb5537c5a76.23.0,.0,7456,other
data\train\archive\logs\events.out.tfevents.1734402410.adb5537c5a76.23.1,.1,10506,other
data\train\archive\logs\events.out.tfevents.1734403779.adb5537c5a76.23.2,.2,6014,other
data\train\archive\logs\events.out.tfevents.1734403824.adb5537c5a76.23.3,.3,8158,other
data\train\archive\logs\events.out.tfevents.1734404650.adb5537c5a76.23.4,.4,7446,other
data\train\archive\model.safetensors,.safetensors,1100445544,binary_model
data\train\archive\results\checkpoint-1000\config.json,.json,788,source_text_configuration
data\train\archive\results\checkpoint-1000\generation_config.json,.json,112,source_text_configuration
data\train\archive\results\checkpoint-1000\model.safetensors,.safetensors,1100445544,binary_model
data\train\archive\results\checkpoint-1000\optimizer.pt,.pt,2201061370,binary_model
data\train\archive\results\checkpoint-1000\rng_state.pth,.pth,14244,binary_model
data\train\archive\results\checkpoint-1000\scheduler.pt,.pt,1064,binary_model
data\train\archive\results\checkpoint-1000\special_tokens_map.json,.json,1451,source_text_configuration
data\train\archive\results\checkpoint-1000\spiece.model,.model,1102207,binary_model
data\train\archive\results\checkpoint-1000\tokenizer.json,.json,6408126,source_text_configuration
data\train\archive\results\checkpoint-1000\tokenizer_config.json,.json,10399,source_text_configuration
data\train\archive\results\checkpoint-1000\trainer_state.json,.json,1384,source_text_configuration
data\train\archive\results\checkpoint-1000\training_args.bin,.bin,5368,binary_model
data\train\archive\results\checkpoint-1290\config.json,.json,788,source_text_configuration
data\train\archive\results\checkpoint-1290\generation_config.json,.json,112,source_text_configuration
data\train\archive\results\checkpoint-1290\model.safetensors,.safetensors,1100445544,binary_model
data\train\archive\results\checkpoint-1290\optimizer.pt,.pt,2201061370,binary_model
data\train\archive\results\checkpoint-1290\rng_state.pth,.pth,14244,binary_model
data\train\archive\results\checkpoint-1290\scheduler.pt,.pt,1064,binary_model
data\train\archive\results\checkpoint-1290\special_tokens_map.json,.json,1451,source_text_configuration
data\train\archive\results\checkpoint-1290\spiece.model,.model,1102207,binary_model
data\train\archive\results\checkpoint-1290\tokenizer.json,.json,6408126,source_text_configuration
data\train\archive\results\checkpoint-1290\tokenizer_config.json,.json,10399,source_text_configuration
data\train\archive\results\checkpoint-1290\trainer_state.json,.json,4325,source_text_configuration
data\train\archive\results\checkpoint-1290\training_args.bin,.bin,5368,binary_model
data\train\archive\results\checkpoint-140\config.json,.json,788,source_text_configuration
data\train\archive\results\checkpoint-140\generation_config.json,.json,112,source_text_configuration
data\train\archive\results\checkpoint-140\model.safetensors,.safetensors,1100445544,binary_model
data\train\archive\results\checkpoint-140\optimizer.pt,.pt,2201061370,binary_model
data\train\archive\results\checkpoint-140\rng_state.pth,.pth,14244,binary_model
data\train\archive\results\checkpoint-140\scheduler.pt,.pt,1064,binary_model
data\train\archive\results\checkpoint-140\special_tokens_map.json,.json,1451,source_text_configuration
data\train\archive\results\checkpoint-140\spiece.model,.model,1102207,binary_model
data\train\archive\results\checkpoint-140\tokenizer.json,.json,6408126,source_text_configuration
data\train\archive\results\checkpoint-140\tokenizer_config.json,.json,10399,source_text_configuration
data\train\archive\results\checkpoint-140\trainer_state.json,.json,2606,source_text_configuration
data\train\archive\results\checkpoint-140\training_args.bin,.bin,5368,binary_model
data\train\archive\results\checkpoint-2000\config.json,.json,788,source_text_configuration
data\train\archive\results\checkpoint-2000\generation_config.json,.json,112,source_text_configuration
data\train\archive\results\checkpoint-2000\model.safetensors,.safetensors,1100445544,binary_model
data\train\archive\results\checkpoint-2000\optimizer.pt,.pt,2201061370,binary_model
data\train\archive\results\checkpoint-2000\rng_state.pth,.pth,14244,binary_model
data\train\archive\results\checkpoint-2000\scheduler.pt,.pt,1064,binary_model
data\train\archive\results\checkpoint-2000\special_tokens_map.json,.json,1451,source_text_configuration
data\train\archive\results\checkpoint-2000\spiece.model,.model,1102207,binary_model
data\train\archive\results\checkpoint-2000\tokenizer.json,.json,6408126,source_text_configuration
data\train\archive\results\checkpoint-2000\tokenizer_config.json,.json,10399,source_text_configuration
data\train\archive\results\checkpoint-2000\trainer_state.json,.json,2006,source_text_configuration
data\train\archive\results\checkpoint-2000\training_args.bin,.bin,5368,binary_model
data\train\archive\results\checkpoint-2709\config.json,.json,788,source_text_configuration
data\train\archive\results\checkpoint-2709\generation_config.json,.json,112,source_text_configuration
data\train\archive\results\checkpoint-2709\model.safetensors,.safetensors,1100445544,binary_model
data\train\archive\results\checkpoint-2709\optimizer.pt,.pt,2201061370,binary_model
data\train\archive\results\checkpoint-2709\rng_state.pth,.pth,14244,binary_model
data\train\archive\results\checkpoint-2709\scheduler.pt,.pt,1064,binary_model
data\train\archive\results\checkpoint-2709\special_tokens_map.json,.json,1451,source_text_configuration
data\train\archive\results\checkpoint-2709\spiece.model,.model,1102207,binary_model
data\train\archive\results\checkpoint-2709\tokenizer.json,.json,6408126,source_text_configuration
data\train\archive\results\checkpoint-2709\tokenizer_config.json,.json,10399,source_text_configuration
data\train\archive\results\checkpoint-2709\trainer_state.json,.json,2165,source_text_configuration
data\train\archive\results\checkpoint-2709\training_args.bin,.bin,5368,binary_model
data\train\archive\special_tokens_map.json,.json,1451,source_text_configuration
data\train\archive\spiece.model,.model,1102207,binary_model
data\train\archive\tokenizer.json,.json,6408126,source_text_configuration
data\train\archive\tokenizer_config.json,.json,10399,source_text_configuration
data\train\archive\training_args.bin,.bin,5368,binary_model
data\train\archive\wandb\run-20241217_020210-f69emzpa\files\output.log,.log,21338,source_text_configuration
data\train\archive\wandb\run-20241217_020210-f69emzpa\files\requirements.txt,.txt,14974,source_text_configuration
data\train\archive\wandb\run-20241217_020210-f69emzpa\files\wandb-metadata.json,.json,786,source_text_configuration
data\train\archive\wandb\run-20241217_020210-f69emzpa\logs\debug-internal.log,.log,11953,source_text_configuration
data\train\archive\wandb\run-20241217_020210-f69emzpa\logs\debug.log,.log,53431,source_text_configuration
data\train\archive\wandb\run-20241217_020210-f69emzpa\run-f69emzpa.wandb,.wandb,327680,other
data\train\archive (1)\FaceForensics++_C23\csv\DeepFakeDetection.csv,.csv,95114,source_text_configuration
data\train\archive (1)\FaceForensics++_C23\csv\Deepfakes.csv,.csv,53470,source_text_configuration
data\train\archive (1)\FaceForensics++_C23\csv\Face2Face.csv,.csv,53467,source_text_configuration
data\train\archive (1)\FaceForensics++_C23\csv\FaceShifter.csv,.csv,55455,source_text_configuration
data\train\archive (1)\FaceForensics++_C23\csv\FaceSwap.csv,.csv,52445,source_text_configuration
data\train\archive (1)\FaceForensics++_C23\csv\FF++_Metadata.csv,.csv,423139,source_text_configuration
data\train\archive (1)\FaceForensics++_C23\csv\FF++_Metadata_Shuffled.csv,.csv,423139,source_text_configuration
data\train\archive (1)\FaceForensics++_C23\csv\Mean_Data.csv,.csv,392,source_text_configuration
data\train\archive (1)\FaceForensics++_C23\csv\NeuralTextures.csv,.csv,58441,source_text_configuration
data\train\archive (1)\FaceForensics++_C23\csv\original.csv,.csv,48459,source_text_configuration
data\train\archive (1)\FaceForensics++_C23\DeepFakeDetection\01_02__meeting_serious__YVGY8LOK.mp4,.mp4,6745903,already_compressed_or_media
data\train\archive (1)\FaceForensics++_C23\DeepFakeDetection\01_02__outside_talking_still_laughing__YVGY8LOK.mp4,.mp4,5290755,already_compressed_or_media
data\train\archive (1)\FaceForensics++_C23\DeepFakeDetection\01_02__talking_against_wall__YVGY8LOK.mp4,.mp4,3471524,already_compressed_or_media
data\train\archive (1)\FaceForensics++_C23\DeepFakeDetection\01_02__walk_down_hall_angry__YVGY8LOK.mp4,.mp4,1164071,already_compressed_or_media
data\train\archive (1)\FaceForensics++_C23\DeepFakeDetection\01_02__walking_down_indoor_hall_disgust__YVGY8LOK.mp4,.mp4,12640206,already_compressed_or_media
data\train\archive (1)\FaceForensics++_C23\DeepFakeDetection\01_03__hugging_happy__ISF9SP4G.mp4,.mp4,9123749,already_compressed_or_media
data\train\archive (1)\FaceForensics++_C23\DeepFakeDetection\01_03__kitchen_pan__JZUXXFRB.mp4,.mp4,3485507,already_compressed_or_media
data\train\archive (1)\FaceForensics++_C23\DeepFakeDetection\01_03__podium_speech_happy__480LQD1C.mp4,.mp4,5056283,already_compressed_or_media
data\train\archive (1)\FaceForensics++_C23\DeepFakeDetection\01_03__talking_against_wall__JZUXXFRB.mp4,.mp4,3489591,already_compressed_or_media
data\train\archive (1)\FaceForensics++_C23\DeepFakeDetection\01_04__hugging_happy__GBC7ZGDP.mp4,.mp4,8246897,already_compressed_or_media
data\train\archive (1)\FaceForensics++_C23\DeepFakeDetection\01_04__meeting_serious__0XUW13RW.mp4,.mp4,6563740,already_compressed_or_media
data\train\archive (1)\FaceForensics++_C23\DeepFakeDetection\01_04__talking_angry_couch__0XUW13RW.mp4,.mp4,11514472,already_compressed_or_media
data\train\archive (1)\FaceForensics++_C23\DeepFakeDetection\01_04__walk_down_hall_angry__GBC7ZGDP.mp4,.mp4,1212172,already_compressed_or_media
data\train\archive (1)\FaceForensics++_C23\DeepFakeDetection\01_09__talking_angry_couch__P70H1JB0.mp4,.mp4,11673983,already_compressed_or_media
data\train\archive (1)\FaceForensics++_C23\DeepFakeDetection\01_11__hugging_happy__4OJNJLOO.mp4,.mp4,8847037,already_compressed_or_media
data\train\archive (1)\FaceForensics++_C23\DeepFakeDetection\01_11__meeting_serious__9OM3VE0Y.mp4,.mp4,6582803,already_compressed_or_media
data\train\archive (1)\FaceForensics++_C23\DeepFakeDetection\01_11__meeting_serious__FCNL2OVP.mp4,.mp4,6572942,already_compressed_or_media
data\train\archive (1)\FaceForensics++_C23\DeepFakeDetection\01_11__outside_talking_pan_laughing__WIZ7GKOD.mp4,.mp4,5053825,already_compressed_or_media
data\train\archive (1)\FaceForensics++_C23\DeepFakeDetection\01_11__secret_conversation__4OJNJLOO.mp4,.mp4,4886038,already_compressed_or_media
data\train\archive (1)\FaceForensics++_C23\DeepFakeDetection\01_11__talking_against_wall__4OJNJLOO.mp4,.mp4,3552800,already_compressed_or_media
data\train\archive (1)\FaceForensics++_C23\DeepFakeDetection\01_11__talking_against_wall__9229VVZ3.mp4,.mp4,3508550,already_compressed_or_media
data\train\archive (1)\FaceForensics++_C23\DeepFakeDetection\01_11__talking_against_wall__UQ0BOBNO.mp4,.mp4,3473674,already_compressed_or_media
data\train\archive (1)\FaceForensics++_C23\DeepFakeDetection\01_11__walking_outside_cafe_disgusted__FAFWDR4W.mp4,.mp4,2228323,already_compressed_or_media
data\train\archive (1)\FaceForensics++_C23\DeepFakeDetection\01_12__outside_talking_pan_laughing__TNI7KUZ6.mp4,.mp4,3066330,already_compressed_or_media
data\train\archive (1)\FaceForensics++_C23\DeepFakeDetection\01_12__outside_talking_still_laughing__TNI7KUZ6.mp4,.mp4,3091788,already_compressed_or_media
data\train\archive (1)\FaceForensics++_C23\DeepFakeDetection\01_15__exit_phone_room__02HILKYO.mp4,.mp4,1126449,already_compressed_or_media
data\train\archive (1)\FaceForensics++_C23\DeepFakeDetection\01_15__kitchen_still__02HILKYO.mp4,.mp4,4283458,already_compressed_or_media
data\train\archive (1)\FaceForensics++_C23\DeepFakeDetection\01_15__meeting_serious__02HILKYO.mp4,.mp4,6584368,already_compressed_or_media
data\train\archive (1)\FaceForensics++_C23\DeepFakeDetection\01_15__outside_talking_pan_laughing__02HILKYO.mp4,.mp4,5049510,already_compressed_or_media
data\train\archive (1)\FaceForensics++_C23\DeepFakeDetection\01_20__hugging_happy__FW94AIMJ.mp4,.mp4,8303400,already_compressed_or_media
data\train\archive (1)\FaceForensics++_C23\DeepFakeDetection\01_20__kitchen_pan__6UBMLXK3.mp4,.mp4,3594191,already_compressed_or_media
data\train\archive (1)\FaceForensics++_C23\DeepFakeDetection\01_20__outside_talking_pan_laughing__OTGHOG4Z.mp4,.mp4,5026186,already_compressed_or_media
data\train\archive (1)\FaceForensics++_C23\DeepFakeDetection\01_20__outside_talking_still_laughing__FW94AIMJ.mp4,.mp4,5337029,already_compressed_or_media
data\train\archive (1)\FaceForensics++_C23\DeepFakeDetection\01_20__walk_down_hall_angry__FW94AIMJ.mp4,.mp4,1217068,already_compressed_or_media
data\train\archive (1)\FaceForensics++_C23\DeepFakeDetection\01_21__talking_angry_couch__03X7CELV.mp4,.mp4,11622716,already_compressed_or_media
data\train\archive (1)\FaceForensics++_C23\DeepFakeDetection\01_21__walk_down_hall_angry__03X7CELV.mp4,.mp4,1212329,already_compressed_or_media
data\train\archive (1)\FaceForensics++_C23\DeepFakeDetection\01_26__outside_talking_pan_laughing__ZMEJ535O.mp4,.mp4,4649178,already_compressed_or_media
data\train\archive (1)\FaceForensics++_C23\DeepFakeDetection\01_27__hugging_happy__ZYCZ30C0.mp4,.mp4,9027446,already_compressed_or_media
data\train\archive (1)\FaceForensics++_C23\DeepFakeDetection\01_27__meeting_serious__ZYCZ30C0.mp4,.mp4,6576450,already_compressed_or_media
data\train\archive (1)\FaceForensics++_C23\DeepFakeDetection\01_27__outside_talking_pan_laughing__S2YCUY48.mp4,.mp4,5060635,already_compressed_or_media
data\train\archive (1)\FaceForensics++_C23\DeepFakeDetection\01_27__outside_talking_still_laughing__ZYCZ30C0.mp4,.mp4,5360914,already_compressed_or_media
data\train\archive (1)\FaceForensics++_C23\DeepFakeDetection\01_27__walking_outside_cafe_disgusted__ZYCZ30C0.mp4,.mp4,2140717,already_compressed_or_media
data\train\archive (1)\FaceForensics++_C23\DeepFakeDetection\02_01__outside_talking_still_laughing__YVGY8LOK.mp4,.mp4,6440583,already_compressed_or_media
data\train\archive (1)\FaceForensics++_C23\DeepFakeDetection\02_01__secret_conversation__YVGY8LOK.mp4,.mp4,5735828,already_compressed_or_media
data\train\archive (1)\FaceForensics++_C23\DeepFakeDetection\02_01__walking_down_indoor_hall_disgust__YVGY8LOK.mp4,.mp4,13390127,already_compressed_or_media
data\train\archive (1)\FaceForensics++_C23\DeepFakeDetection\02_01__walking_outside_cafe_disgusted__YVGY8LOK.mp4,.mp4,2857537,already_compressed_or_media
data\train\archive (1)\FaceForensics++_C23\DeepFakeDetection\02_03__walking_down_street_outside_angry__QH3Y0IG0.mp4,.mp4,3179383,already_compressed_or_media
data\train\archive (1)\FaceForensics++_C23\DeepFakeDetection\02_03__walking_outside_cafe_disgusted__QH3Y0IG0.mp4,.mp4,2850827,already_compressed_or_media
data\train\archive (1)\FaceForensics++_C23\DeepFakeDetection\02_04__podium_speech_happy__8CH7R4LW.mp4,.mp4,8292407,already_compressed_or_media
data\train\archive (1)\FaceForensics++_C23\DeepFakeDetection\02_06__exit_phone_room__HZAXM70B.mp4,.mp4,1664257,already_compressed_or_media
data\train\archive (1)\FaceForensics++_C23\DeepFakeDetection\02_06__podium_speech_happy__N8OSN8P6.mp4,.mp4,8335099,already_compressed_or_media
data\train\archive (1)\FaceForensics++_C23\DeepFakeDetection\02_06__podium_speech_happy__SU4OQCS9.mp4,.mp4,8380018,already_compressed_or_media
data\train\archive (1)\FaceForensics++_C23\DeepFakeDetection\02_06__talking_angry_couch__GH8TGTBS.mp4,.mp4,17215311,already_compressed_or_media
data\train\archive (1)\FaceForensics++_C23\DeepFakeDetection\02_06__talking_angry_couch__J1W9R0NG.mp4,.mp4,17202132,already_compressed_or_media
data\train\archive (1)\FaceForensics++_C23\DeepFakeDetection\02_06__talking_angry_couch__MKZTXQ2T.mp4,.mp4,17292475,already_compressed_or_media
data\train\archive (1)\FaceForensics++_C23\DeepFakeDetection\02_06__walk_down_hall_angry__0M6JNS5D.mp4,.mp4,1560103,already_compressed_or_media
data\train\archive (1)\FaceForensics++_C23\DeepFakeDetection\02_06__walking_and_outside_surprised__N8OSN8P6.mp4,.mp4,21212957,already_compressed_or_media
data\train\archive (1)\FaceForensics++_C23\DeepFakeDetection\02_06__walking_down_indoor_hall_disgust__U6MDWIHG.mp4,.mp4,13362615,already_compressed_or_media
data\train\archive (1)\FaceForensics++_C23\DeepFakeDetection\02_07__exit_phone_room__9NVRE2KQ.mp4,.mp4,1910177,already_compressed_or_media
data\train\archive (1)\FaceForensics++_C23\DeepFakeDetection\02_07__hugging_happy__1JCLEEBQ.mp4,.mp4,7721980,already_compressed_or_media
data\train\archive (1)\FaceForensics++_C23\DeepFakeDetection\02_07__meeting_serious__1JCLEEBQ.mp4,.mp4,6316866,already_compressed_or_media
data\train\archive (1)\FaceForensics++_C23\DeepFakeDetection\02_07__outside_talking_pan_laughing__O4SXNLRL.mp4,.mp4,6039376,already_compressed_or_media
data\train\archive (1)\FaceForensics++_C23\DeepFakeDetection\02_07__secret_conversation__0IYV5DQ5.mp4,.mp4,5813323,already_compressed_or_media
data\train\archive (1)\FaceForensics++_C23\DeepFakeDetection\02_07__walk_down_hall_angry__U7DEOZNV.mp4,.mp4,1472137,already_compressed_or_media
data\train\archive (1)\FaceForensics++_C23\DeepFakeDetection\02_07__walking_and_outside_surprised__1VMZUH1W.mp4,.mp4,26712461,already_compressed_or_media
data\train\archive (1)\FaceForensics++_C23\DeepFakeDetection\02_07__walking_down_street_outside_angry__O4SXNLRL.mp4,.mp4,3245504,already_compressed_or_media
data\train\archive (1)\FaceForensics++_C23\DeepFakeDetection\02_09__exit_phone_room__HIH8YA82.mp4,.mp4,1715372,already_compressed_or_media
data\train\archive (1)\FaceForensics++_C23\DeepFakeDetection\02_09__kitchen_pan__9TDCEK1Q.mp4,.mp4,6543258,already_compressed_or_media
data\train\archive (1)\FaceForensics++_C23\DeepFakeDetection\02_09__kitchen_pan__HIH8YA82.mp4,.mp4,6576790,already_compressed_or_media
data\train\archive (1)\FaceForensics++_C23\DeepFakeDetection\02_09__outside_talking_pan_laughing__6KUOFMZW.mp4,.mp4,5957047,already_compressed_or_media
data\train\archive (1)\FaceForensics++_C23\DeepFakeDetection\02_09__podium_speech_happy__9TDCEK1Q.mp4,.mp4,8017866,already_compressed_or_media
data\train\archive (1)\FaceForensics++_C23\DeepFakeDetection\02_09__talking_angry_couch__6KUOFMZW.mp4,.mp4,17229130,already_compressed_or_media
data\train\archive (1)\FaceForensics++_C23\DeepFakeDetection\02_09__walk_down_hall_angry__6KUOFMZW.mp4,.mp4,1471564,already_compressed_or_media
data\train\archive (1)\FaceForensics++_C23\DeepFakeDetection\02_09__walking_down_street_outside_angry__6KUOFMZW.mp4,.mp4,3177023,already_compressed_or_media
data\train\archive (1)\FaceForensics++_C23\DeepFakeDetection\02_11__meeting_serious__NZJ1YEWE.mp4,.mp4,6337219,already_compressed_or_media
data\train\archive (1)\FaceForensics++_C23\DeepFakeDetection\02_12__podium_speech_happy__9D2ZHEKW.mp4,.mp4,8007399,already_compressed_or_media
data\train\archive (1)\FaceForensics++_C23\DeepFakeDetection\02_12__walking_and_outside_surprised__9D2ZHEKW.mp4,.mp4,25325557,already_compressed_or_media
data\train\archive (1)\FaceForensics++_C23\DeepFakeDetection\02_13__exit_phone_room__CP5HFV3K.mp4,.mp4,1738388,already_compressed_or_media
data\train\archive (1)\FaceForensics++_C23\DeepFakeDetection\02_13__hugging_happy__PLNVLO74.mp4,.mp4,7802410,already_compressed_or_media
data\train\archive (1)\FaceForensics++_C23\DeepFakeDetection\02_13__kitchen_pan__2YSYT2N3.mp4,.mp4,6548550,already_compressed_or_media
data\train\archive (1)\FaceForensics++_C23\DeepFakeDetection\02_13__meeting_serious__CP5HFV3K.mp4,.mp4,6382424,already_compressed_or_media
data\train\archive (1)\FaceForensics++_C23\DeepFakeDetection\02_13__outside_talking_pan_laughing__2YSYT2N3.mp4,.mp4,6069839,already_compressed_or_media
data\train\archive (1)\FaceForensics++_C23\DeepFakeDetection\02_13__outside_talking_still_laughing__CP5HFV3K.mp4,.mp4,6533850,already_compressed_or_media
data\train\archive (1)\FaceForensics++_C23\DeepFakeDetection\02_13__podium_speech_happy__2YSYT2N3.mp4,.mp4,7799429,already_compressed_or_media
data\train\archive (1)\FaceForensics++_C23\DeepFakeDetection\02_13__secret_conversation__CP5HFV3K.mp4,.mp4,477826,already_compressed_or_media
data\train\archive (1)\FaceForensics++_C23\DeepFakeDetection\02_13__secret_conversation__PLNVLO74.mp4,.mp4,5760859,already_compressed_or_media
data\train\archive (1)\FaceForensics++_C23\DeepFakeDetection\02_13__walking_and_outside_surprised__CP5HFV3K.mp4,.mp4,21125435,already_compressed_or_media
data\train\archive (1)\FaceForensics++_C23\DeepFakeDetection\02_14__outside_talking_pan_laughing__3IUBEKCT.mp4,.mp4,6096412,already_compressed_or_media
data\train\archive (1)\FaceForensics++_C23\DeepFakeDetection\02_15__exit_phone_room__I8G2LWD1.mp4,.mp4,1678635,already_compressed_or_media
data\train\archive (1)\FaceForensics++_C23\DeepFakeDetection\02_15__exit_phone_room__MZWH8ATN.mp4,.mp4,1649189,already_compressed_or_media
data\train\archive (1)\FaceForensics++_C23\DeepFakeDetection\02_15__hugging_happy__MZWH8ATN.mp4,.mp4,7711977,already_compressed_or_media
data\train\archive (1)\FaceForensics++_C23\DeepFakeDetection\02_15__hugging_happy__XNJIS4S3.mp4,.mp4,7742810,already_compressed_or_media
data\train\archive (1)\FaceForensics++_C23\DeepFakeDetection\02_15__kitchen_still__XNJIS4S3.mp4,.mp4,7981599,already_compressed_or_media
data\train\archive (1)\FaceForensics++_C23\DeepFakeDetection\02_15__meeting_serious__MZWH8ATN.mp4,.mp4,6336228,already_compressed_or_media
data\train\archive (1)\FaceForensics++_C23\DeepFakeDetection\02_15__outside_talking_pan_laughing__I8G2LWD1.mp4,.mp4,6055513,already_compressed_or_media
data\train\archive (1)\FaceForensics++_C23\DeepFakeDetection\02_15__outside_talking_pan_laughing__SB6PMCO0.mp4,.mp4,6032996,already_compressed_or_media
data\train\archive (1)\FaceForensics++_C23\DeepFakeDetection\02_15__podium_speech_happy__MZWH8ATN.mp4,.mp4,8358551,already_compressed_or_media
data\train\archive (1)\FaceForensics++_C23\DeepFakeDetection\02_15__secret_conversation__MZWH8ATN.mp4,.mp4,511667,already_compressed_or_media
data\train\archive (1)\FaceForensics++_C23\DeepFakeDetection\02_15__talking_against_wall__HTG660F8.mp4,.mp4,5349471,already_compressed_or_media
data\train\archive (1)\FaceForensics++_C23\DeepFakeDetection\02_15__talking_angry_couch__HTG660F8.mp4,.mp4,17288858,already_compressed_or_media
data\train\archive (1)\FaceForensics++_C23\DeepFakeDetection\02_15__talking_angry_couch__I8G2LWD1.mp4,.mp4,17318040,already_compressed_or_media
data\train\archive (1)\FaceForensics++_C23\DeepFakeDetection\02_15__walk_down_hall_angry__TN2CWM3K.mp4,.mp4,1477738,already_compressed_or_media
data\train\archive (1)\FaceForensics++_C23\DeepFakeDetection\02_15__walking_and_outside_surprised__HTG660F8.mp4,.mp4,26943143,already_compressed_or_media
data\train\archive (1)\FaceForensics++_C23\DeepFakeDetection\02_15__walking_and_outside_surprised__I8G2LWD1.mp4,.mp4,26689020,already_compressed_or_media
data\train\archive (1)\FaceForensics++_C23\DeepFakeDetection\02_15__walking_and_outside_surprised__MZWH8ATN.mp4,.mp4,20762946,already_compressed_or_media
data\train\archive (1)\FaceForensics++_C23\DeepFakeDetection\02_15__walking_outside_cafe_disgusted__MZWH8ATN.mp4,.mp4,3012844,already_compressed_or_media
data\train\archive (1)\FaceForensics++_C23\DeepFakeDetection\02_18__exit_phone_room__OXMEEFUQ.mp4,.mp4,1647883,already_compressed_or_media
data\train\archive (1)\FaceForensics++_C23\DeepFakeDetection\02_18__outside_talking_pan_laughing__OXMEEFUQ.mp4,.mp4,6108579,already_compressed_or_media
data\train\archive (1)\FaceForensics++_C23\DeepFakeDetection\02_18__secret_conversation__B95S4G6F.mp4,.mp4,5674585,already_compressed_or_media
data\train\archive (1)\FaceForensics++_C23\DeepFakeDetection\02_18__walk_down_hall_angry__B95S4G6F.mp4,.mp4,1565664,already_compressed_or_media
data\train\archive (1)\FaceForensics++_C23\DeepFakeDetection\02_18__walking_down_street_outside_angry__21JTDDEL.mp4,.mp4,3187124,already_compressed_or_media
data\train\archive (1)\FaceForensics++_C23\DeepFakeDetection\02_21__kitchen_pan__Z0XHPQAR.mp4,.mp4,6477946,already_compressed_or_media
data\train\archive (1)\FaceForensics++_C23\DeepFakeDetection\02_21__talking_angry_couch__Z0XHPQAR.mp4,.mp4,17230472,already_compressed_or_media
data\train\archive (1)\FaceForensics++_C23\DeepFakeDetection\02_25__talking_against_wall__Z7FQ69VP.mp4,.mp4,5401786,already_compressed_or_media
data\train\archive (1)\FaceForensics++_C23\DeepFakeDetection\02_27__hugging_happy__GVFLSZD5.mp4,.mp4,7791282,already_compressed_or_media
data\train\archive (1)\FaceForensics++_C23\DeepFakeDetection\02_27__walk_down_hall_angry__78M8S6M6.mp4,.mp4,1473382,already_compressed_or_media
data\train\archive (1)\FaceForensics++_C23\DeepFakeDetection\02_27__walking_down_indoor_hall_disgust__YQX5Z8GN.mp4,.mp4,13381984,already_compressed_or_media
data\train\archive (1)\FaceForensics++_C23\DeepFakeDetection\02_27__walking_down_street_outside_angry__3L1MLH3D.mp4,.mp4,3660926,already_compressed_or_media
data\train\archive (1)\FaceForensics++_C23\DeepFakeDetection\03_01__meeting_serious__JZUXXFRB.mp4,.mp4,6051532,already_compressed_or_media
data\train\archive (1)\FaceForensics++_C23\DeepFakeDetection\03_01__outside_talking_still_laughing__JZUXXFRB.mp4,.mp4,6672595,already_compressed_or_media
data\train\archive (1)\FaceForensics++_C23\DeepFakeDetection\03_01__podium_speech_happy__JZUXXFRB.mp4,.mp4,7504294,already_compressed_or_media
data\train\archive (1)\FaceForensics++_C23\DeepFakeDetection\03_01__walking_and_outside_surprised__JZUXXFRB.mp4,.mp4,25829532,already_compressed_or_media
data\train\archive (1)\FaceForensics++_C23\DeepFakeDetection\03_02__secret_conversation__GYX5OFTD.mp4,.mp4,320030,already_compressed_or_media
data\train\archive (1)\FaceForensics++_C23\DeepFakeDetection\03_04__outside_talking_pan_laughing__T04P6ELC.mp4,.mp4,6761650,already_compressed_or_media
data\train\archive (1)\FaceForensics++_C23\DeepFakeDetection\03_04__talking_angry_couch__T04P6ELC.mp4,.mp4,19696911,already_compressed_or_media
data\train\archive (1)\FaceForensics++_C23\DeepFakeDetection\03_06__exit_phone_room__1IXGY2FK.mp4,.mp4,3875707,already_compressed_or_media
data\train\archive (1)\FaceForensics++_C23\DeepFakeDetection\03_06__hugging_happy__2XWC5JED.mp4,.mp4,16195666,already_compressed_or_media
data\train\archive (1)\FaceForensics++_C23\DeepFakeDetection\03_06__meeting_serious__83ABVHC3.mp4,.mp4,5836906,already_compressed_or_media
data\train\archive (1)\FaceForensics++_C23\DeepFakeDetection\03_06__podium_speech_happy__83ABVHC3.mp4,.mp4,7499037,already_compressed_or_media
data\train\archive (1)\FaceForensics++_C23\DeepFakeDetection\03_07__exit_phone_room__6PHZRQ4H.mp4,.mp4,3911253,already_compressed_or_media
data\train\archive (1)\FaceForensics++_C23\DeepFakeDetection\03_07__hugging_happy__BKLOCI1M.mp4,.mp4,16224853,already_compressed_or_media
data\train\archive (1)\FaceForensics++_C23\DeepFakeDetection\03_07__kitchen_pan__WPT3Z2KN.mp4,.mp4,5647022,already_compressed_or_media
data\train\archive (1)\FaceForensics++_C23\DeepFakeDetection\03_07__talking_against_wall__PWXXULHR.mp4,.mp4,5165033,already_compressed_or_media
data\train\archive (1)\FaceForensics++_C23\DeepFakeDetection\03_07__walk_down_hall_angry__6PHZRQ4H.mp4,.mp4,2634774,already_compressed_or_media
data\train\archive (1)\FaceForensics++_C23\DeepFakeDetection\03_07__walk_down_hall_angry__IFSURI9X.mp4,.mp4,2631790,already_compressed_or_media
data\train\archive (1)\FaceForensics++_C23\DeepFakeDetection\03_07__walking_down_indoor_hall_disgust__PWXXULHR.mp4,.mp4,18342563,already_compressed_or_media
data\train\archive (1)\FaceForensics++_C23\DeepFakeDetection\03_07__walking_outside_cafe_disgusted__CDSNLDQ8.mp4,.mp4,4819770,already_compressed_or_media
data\train\archive (1)\FaceForensics++_C23\DeepFakeDetection\03_07__walking_outside_cafe_disgusted__IFSURI9X.mp4,.mp4,4797226,already_compressed_or_media
data\train\archive (1)\FaceForensics++_C23\DeepFakeDetection\03_07__walking_outside_cafe_disgusted__PWXXULHR.mp4,.mp4,5016581,already_compressed_or_media
data\train\archive (1)\FaceForensics++_C23\DeepFakeDetection\03_09__kitchen_pan__8DTEGQ54.mp4,.mp4,5697246,already_compressed_or_media
data\train\archive (1)\FaceForensics++_C23\DeepFakeDetection\03_09__outside_talking_still_laughing__RCETIXYL.mp4,.mp4,6660529,already_compressed_or_media
data\train\archive (1)\FaceForensics++_C23\DeepFakeDetection\03_09__secret_conversation__RCETIXYL.mp4,.mp4,6927947,already_compressed_or_media
data\train\archive (1)\FaceForensics++_C23\DeepFakeDetection\03_11__exit_phone_room__P08VGHTA.mp4,.mp4,3953663,already_compressed_or_media
data\train\archive (1)\FaceForensics++_C23\DeepFakeDetection\03_11__talking_against_wall__P08VGHTA.mp4,.mp4,5289450,already_compressed_or_media
data\train\archive (1)\FaceForensics++_C23\DeepFakeDetection\03_11__walk_down_hall_angry__P08VGHTA.mp4,.mp4,2640287,already_compressed_or_media
data\train\archive (1)\FaceForensics++_C23\DeepFakeDetection\03_13__exit_phone_room__GBYWJW06.mp4,.mp4,3957638,already_compressed_or_media
data\train\archive (1)\FaceForensics++_C23\DeepFakeDetection\03_13__kitchen_pan__GBYWJW06.mp4,.mp4,5639821,already_compressed_or_media
data\train\archive (1)\FaceForensics++_C23\DeepFakeDetection\03_13__meeting_serious__GBYWJW06.mp4,.mp4,6001382,already_compressed_or_media
data\train\archive (1)\FaceForensics++_C23\DeepFakeDetection\03_13__meeting_serious__T3MZOI8X.mp4,.mp4,5852264,already_compressed_or_media
data\train\archive (1)\FaceForensics++_C23\DeepFakeDetection\03_13__outside_talking_still_laughing__GBYWJW06.mp4,.mp4,6674698,already_compressed_or_media
data\train\archive (1)\FaceForensics++_C23\DeepFakeDetection\03_13__talking_against_wall__GBYWJW06.mp4,.mp4,5206041,already_compressed_or_media
data\train\archive (1)\FaceForensics++_C23\DeepFakeDetection\03_14__exit_phone_room__H0VQHGS3.mp4,.mp4,3926871,already_compressed_or_media
data\train\archive (1)\FaceForensics++_C23\DeepFakeDetection\03_14__meeting_serious__KJ221YN0.mp4,.mp4,5850207,already_compressed_or_media
data\train\archive (1)\FaceForensics++_C23\DeepFakeDetection\03_14__meeting_serious__PLCQJM81.mp4,.mp4,5836185,already_compressed_or_media
data\train\archive (1)\FaceForensics++_C23\DeepFakeDetection\03_14__podium_speech_happy__Q9NSXM88.mp4,.mp4,7473557,already_compressed_or_media
data\train\archive (1)\FaceForensics++_C23\DeepFakeDetection\03_14__talking_against_wall__ZC2KYASW.mp4,.mp4,5159473,already_compressed_or_media
data\train\archive (1)\FaceForensics++_C23\DeepFakeDetection\03_14__walk_down_hall_angry__P1L5PF4I.mp4,.mp4,2695511,already_compressed_or_media
data\train\archive (1)\FaceForensics++_C23\DeepFakeDetection\03_14__walking_down_indoor_hall_disgust__KJ221YN0.mp4,.mp4,25087286,already_compressed_or_media
data\train\archive (1)\FaceForensics++_C23\DeepFakeDetection\03_14__walking_down_street_outside_angry__H0VQHGS3.mp4,.mp4,8617108,already_compressed_or_media
data\train\archive (1)\FaceForensics++_C23\DeepFakeDetection\03_15__kitchen_pan__AIOM1U5V.mp4,.mp4,5666226,already_compressed_or_media
data\train\archive (1)\FaceForensics++_C23\DeepFakeDetection\03_15__kitchen_pan__DNUJD8M2.mp4,.mp4,5624049,already_compressed_or_media
data\train\archive (1)\FaceForensics++_C23\DeepFakeDetection\03_15__meeting_serious__DNUJD8M2.mp4,.mp4,5848653,already_compressed_or_media
data\train\archive (1)\FaceForensics++_C23\DeepFakeDetection\03_15__meeting_serious__OY4I7ZU8.mp4,.mp4,5859580,already_compressed_or_media
data\train\archive (1)\FaceForensics++_C23\DeepFakeDetection\03_15__outside_talking_pan_laughing__Y11NT1YX.mp4,.mp4,6753180,already_compressed_or_media
data\train\archive (1)\FaceForensics++_C23\DeepFakeDetection\03_15__outside_talking_still_laughing__DNUJD8M2.mp4,.mp4,6725526,already_compressed_or_media
data\train\archive (1)\FaceForensics++_C23\DeepFakeDetection\03_15__podium_speech_happy__DG8ITQO3.mp4,.mp4,7509850,already_compressed_or_media
data\train\archive (1)\FaceForensics++_C23\DeepFakeDetection\03_18__kitchen_pan__22UBC0BS.mp4,.mp4,5609721,already_compressed_or_media
data\train\archive (1)\FaceForensics++_C23\DeepFakeDetection\03_18__walking_and_outside_surprised__8HNSXOBW.mp4,.mp4,17790284,already_compressed_or_media
data\train\archive (1)\FaceForensics++_C23\DeepFakeDetection\03_18__walking_outside_cafe_disgusted__22UBC0BS.mp4,.mp4,5153934,already_compressed_or_media
data\train\archive (1)\FaceForensics++_C23\DeepFakeDetection\03_20__kitchen_still__Z6V05FXO.mp4,.mp4,9168032,already_compressed_or_media
data\train\archive (1)\FaceForensics++_C23\DeepFakeDetection\03_20__walk_down_hall_angry__61SVZ2J7.mp4,.mp4,2707016,already_compressed_or_media
data\train\archive (1)\FaceForensics++_C23\DeepFakeDetection\03_21__exit_phone_room__YCSEBZO4.mp4,.mp4,3914952,already_compressed_or_media
data\train\archive (1)\FaceForensics++_C23\DeepFakeDetection\03_21__kitchen_pan__YCSEBZO4.mp4,.mp4,5680644,already_compressed_or_media
data\train\archive (1)\FaceForensics++_C23\DeepFakeDetection\03_21__meeting_serious__V53E3RVB.mp4,.mp4,5879816,already_compressed_or_media
data\train\archive (1)\FaceForensics++_C23\DeepFakeDetection\03_21__secret_conversation__YCSEBZO4.mp4,.mp4,6971524,already_compressed_or_media
data\train\archive (1)\FaceForensics++_C23\DeepFakeDetection\03_26__kitchen_pan__WBSXBL82.mp4,.mp4,5616481,already_compressed_or_media
data\train\archive (1)\FaceForensics++_C23\DeepFakeDetection\03_26__kitchen_still__WBSXBL82.mp4,.mp4,9151111,already_compressed_or_media
data\train\archive (1)\FaceForensics++_C23\DeepFakeDetection\03_26__talking_against_wall__WBSXBL82.mp4,.mp4,5191217,already_compressed_or_media
data\train\archive (1)\FaceForensics++_C23\DeepFakeDetection\03_26__walk_down_hall_angry__WBSXBL82.mp4,.mp4,2608782,already_compressed_or_media
data\train\archive (1)\FaceForensics++_C23\DeepFakeDetection\03_27__walk_down_hall_angry__IL675GCI.mp4,.mp4,2649347,already_compressed_or_media
data\train\archive (1)\FaceForensics++_C23\DeepFakeDetection\03_27__walking_and_outside_surprised__KWGI1LSZ.mp4,.mp4,26303104,already_compressed_or_media
data\train\archive (1)\FaceForensics++_C23\DeepFakeDetection\03_27__walking_down_indoor_hall_disgust__IL675GCI.mp4,.mp4,25158522,already_compressed_or_media
data\train\archive (1)\FaceForensics++_C23\DeepFakeDetection\04_01__exit_phone_room__0XUW13RW.mp4,.mp4,2829604,already_compressed_or_media
data\train\archive (1)\FaceForensics++_C23\DeepFakeDetection\04_01__kitchen_pan__GBC7ZGDP.mp4,.mp4,4570476,already_compressed_or_media
data\train\archive (1)\FaceForensics++_C23\DeepFakeDetection\04_01__kitchen_still__6I623VU9.mp4,.mp4,8060169,already_compressed_or_media
data\train\archive (1)\FaceForensics++_C23\DeepFakeDetection\04_01__kitchen_still__GBC7ZGDP.mp4,.mp4,8077765,already_compressed_or_media
data\train\archive (1)\FaceForensics++_C23\DeepFakeDetection\04_01__outside_talking_still_laughing__0XUW13RW.mp4,.mp4,6411444,already_compressed_or_media
data\train\archive (1)\FaceForensics++_C23\DeepFakeDetection\04_01__outside_talking_still_laughing__6I623VU9.mp4,.mp4,6433007,already_compressed_or_media
data\train\archive (1)\FaceForensics++_C23\DeepFakeDetection\04_01__secret_conversation__6I623VU9.mp4,.mp4,6363577,already_compressed_or_media
data\train\archive (1)\FaceForensics++_C23\DeepFakeDetection\04_01__walk_down_hall_angry__GBC7ZGDP.mp4,.mp4,1440899,already_compressed_or_media
data\train\archive (1)\FaceForensics++_C23\DeepFakeDetection\04_01__walking_down_street_outside_angry__GBC7ZGDP.mp4,.mp4,3133633,already_compressed_or_media
data\train\archive (1)\FaceForensics++_C23\DeepFakeDetection\04_06__kitchen_still__ZK95PQDE.mp4,.mp4,8036374,already_compressed_or_media
data\train\archive (1)\FaceForensics++_C23\DeepFakeDetection\04_07__exit_phone_room__ITC0C48B.mp4,.mp4,2467081,already_compressed_or_media
data\train\archive (1)\FaceForensics++_C23\DeepFakeDetection\04_07__kitchen_pan__XRK7FGZX.mp4,.mp4,4538188,already_compressed_or_media
data\train\archive (1)\FaceForensics++_C23\DeepFakeDetection\04_07__outside_talking_still_laughing__QKCCFKBT.mp4,.mp4,6475559,already_compressed_or_media
data\train\archive (1)\FaceForensics++_C23\DeepFakeDetection\04_07__outside_talking_still_laughing__XRK7FGZX.mp4,.mp4,6425345,already_compressed_or_media
data\train\archive (1)\FaceForensics++_C23\DeepFakeDetection\04_12__walking_down_street_outside_angry__96TQKDFJ.mp4,.mp4,3147358,already_compressed_or_media
data\train\archive (1)\FaceForensics++_C23\DeepFakeDetection\04_13__podium_speech_happy__00T3UYOR.mp4,.mp4,7022376,already_compressed_or_media
data\train\archive (1)\FaceForensics++_C23\DeepFakeDetection\04_13__secret_conversation__00T3UYOR.mp4,.mp4,6363350,already_compressed_or_media
data\train\archive (1)\FaceForensics++_C23\DeepFakeDetection\04_13__walking_down_street_outside_angry__00T3UYOR.mp4,.mp4,3111258,already_compressed_or_media
data\train\archive (1)\FaceForensics++_C23\DeepFakeDetection\04_13__walking_outside_cafe_disgusted__00T3UYOR.mp4,.mp4,3028698,already_compressed_or_media
data\train\archive (1)\FaceForensics++_C23\DeepFakeDetection\04_18__kitchen_still__NAXINA1N.mp4,.mp4,8072271,already_compressed_or_media
data\train\archive (1)\FaceForensics++_C23\DeepFakeDetection\04_21__outside_talking_still_laughing__5Y31RZP8.mp4,.mp4,6444794,already_compressed_or_media
data\train\archive (1)\FaceForensics++_C23\DeepFakeDetection\04_21__talking_angry_couch__5Y31RZP8.mp4,.mp4,20712959,already_compressed_or_media
data\train\archive (1)\FaceForensics++_C23\DeepFakeDetection\04_21__walking_down_street_outside_angry__5Y31RZP8.mp4,.mp4,3213733,already_compressed_or_media
data\train\archive (1)\FaceForensics++_C23\DeepFakeDetection\04_26__kitchen_pan__MS2MLJP1.mp4,.mp4,4609807,already_compressed_or_media
data\train\archive (1)\FaceForensics++_C23\DeepFakeDetection\04_26__outside_talking_pan_laughing__WX836VLY.mp4,.mp4,8032091,already_compressed_or_media
data\train\archive (1)\FaceForensics++_C23\DeepFakeDetection\04_26__outside_talking_still_laughing__WX836VLY.mp4,.mp4,6432282,already_compressed_or_media
data\train\archive (1)\FaceForensics++_C23\DeepFakeDetection\04_26__walking_outside_cafe_disgusted__MS2MLJP1.mp4,.mp4,3070827,already_compressed_or_media
data\train\archive (1)\FaceForensics++_C23\DeepFakeDetection\04_27__walking_outside_cafe_disgusted__2CCI2ND1.mp4,.mp4,3055237,already_compressed_or_media
data\train\archive (1)\FaceForensics++_C23\DeepFakeDetection\05_08__exit_phone_room__YN1Q9TER.mp4,.mp4,2912219,already_compressed_or_media
data\train\archive (1)\FaceForensics++_C23\DeepFakeDetection\05_08__talking_against_wall__PRBCE28Z.mp4,.mp4,4705888,already_compressed_or_media
data\train\archive (1)\FaceForensics++_C23\DeepFakeDetection\05_16__exit_phone_room__B62WCGUN.mp4,.mp4,2811457,already_compressed_or_media
data\train\archive (1)\FaceForensics++_C23\DeepFakeDetection\05_16__kitchen_still__053HPS1G.mp4,.mp4,6026233,already_compressed_or_media
data\train\archive (1)\FaceForensics++_C23\DeepFakeDetection\05_16__kitchen_still__B62WCGUN.mp4,.mp4,6093053,already_compressed_or_media
data\train\archive (1)\FaceForensics++_C23\DeepFakeDetection\05_16__walk_down_hall_angry__OSXCUOHX.mp4,.mp4,2648334,already_compressed_or_media
data\train\archive (1)\FaceForensics++_C23\DeepFakeDetection\05_16__walk_down_hall_angry__U9WZI5LK.mp4,.mp4,2645275,already_compressed_or_media
data\train\archive (1)\FaceForensics++_C23\DeepFakeDetection\05_16__walking_down_street_outside_angry__OSXCUOHX.mp4,.mp4,5589800,already_compressed_or_media
data\train\archive (1)\FaceForensics++_C23\DeepFakeDetection\05_17__hugging_happy__YTJYYDO9.mp4,.mp4,11097875,already_compressed_or_media
data\train\archive (1)\FaceForensics++_C23\DeepFakeDetection\05_17__walking_down_street_outside_angry__M3H96PDQ.mp4,.mp4,5713249,already_compressed_or_media
data\train\archive (1)\FaceForensics++_C23\DeepFakeDetection\05_17__walking_outside_cafe_disgusted__C4VHXZFY.mp4,.mp4,4699050,already_compressed_or_media
data\train\archive (1)\FaceForensics++_C23\DeepFakeDetection\05_28__exit_phone_room__U9LRLJ6N.mp4,.mp4,2797065,already_compressed_or_media
data\train\archive (1)\FaceForensics++_C23\DeepFakeDetection\05_28__hugging_happy__VR9127O1.mp4,.mp4,11034264,already_compressed_or_media
data\train\archive (1)\FaceForensics++_C23\DeepFakeDetection\05_28__kitchen_still__W3J028UG.mp4,.mp4,6057103,already_compressed_or_media
data\train\archive (1)\FaceForensics++_C23\DeepFakeDetection\05_28__walking_outside_cafe_disgusted__2DK5X0Y0.mp4,.mp4,4882821,already_compressed_or_media
data\train\archive (1)\FaceForensics++_C23\DeepFakeDetection\06_02__podium_speech_happy__N8OSN8P6.mp4,.mp4,9008973,already_compressed_or_media
data\train\archive (1)\FaceForensics++_C23\DeepFakeDetection\06_02__walk_down_hall_angry__37DH75GQ.mp4,.mp4,1973850,already_compressed_or_media
data\train\archive (1)\FaceForensics++_C23\DeepFakeDetection\06_02__walking_down_indoor_hall_disgust__GH8TGTBS.mp4,.mp4,20462066,already_compressed_or_media
data\train\archive (1)\FaceForensics++_C23\DeepFakeDetection\06_03__talking_against_wall__4I8LRXWF.mp4,.mp4,4090590,already_compressed_or_media
data\train\archive (1)\FaceForensics++_C23\DeepFakeDetection\06_04__outside_talking_still_laughing__ZK95PQDE.mp4,.mp4,4487090,already_compressed_or_media
data\train\archive (1)\FaceForensics++_C23\DeepFakeDetection\06_04__walking_outside_cafe_disgusted__ZK95PQDE.mp4,.mp4,3218255,already_compressed_or_media
data\train\archive (1)\FaceForensics++_C23\DeepFakeDetection\06_07__exit_phone_room__NMGYPBXE.mp4,.mp4,1895586,already_compressed_or_media
data\train\archive (1)\FaceForensics++_C23\DeepFakeDetection\06_07__kitchen_pan__NMGYPBXE.mp4,.mp4,5777870,already_compressed_or_media
data\train\archive (1)\FaceForensics++_C23\DeepFakeDetection\06_07__outside_talking_pan_laughing__NMGYPBXE.mp4,.mp4,4886355,already_compressed_or_media
data\train\archive (1)\FaceForensics++_C23\DeepFakeDetection\06_07__talking_against_wall__NMGYPBXE.mp4,.mp4,4195972,already_compressed_or_media
data\train\archive (1)\FaceForensics++_C23\DeepFakeDetection\06_07__walking_down_street_outside_angry__NMGYPBXE.mp4,.mp4,4245658,already_compressed_or_media
data\train\archive (1)\FaceForensics++_C23\DeepFakeDetection\06_07__walking_outside_cafe_disgusted__NMGYPBXE.mp4,.mp4,3535534,already_compressed_or_media
data\train\archive (1)\FaceForensics++_C23\DeepFakeDetection\06_11__kitchen_still__C8C4FW99.mp4,.mp4,7145005,already_compressed_or_media
data\train\archive (1)\FaceForensics++_C23\DeepFakeDetection\06_11__walking_and_outside_surprised__C8C4FW99.mp4,.mp4,16354785,already_compressed_or_media
data\train\archive (1)\FaceForensics++_C23\DeepFakeDetection\06_11__walking_outside_cafe_disgusted__MX659QU8.mp4,.mp4,3247212,already_compressed_or_media
data\train\archive (1)\FaceForensics++_C23\DeepFakeDetection\06_12__outside_talking_pan_laughing__3K21NFNM.mp4,.mp4,4653990,already_compressed_or_media
data\train\archive (1)\FaceForensics++_C23\DeepFakeDetection\06_12__outside_talking_still_laughing__3K21NFNM.mp4,.mp4,4557551,already_compressed_or_media
data\train\archive (1)\FaceForensics++_C23\DeepFakeDetection\06_12__podium_speech_happy__0VR4Y891.mp4,.mp4,9080893,already_compressed_or_media
data\train\archive (1)\FaceForensics++_C23\DeepFakeDetection\06_12__podium_speech_happy__3K21NFNM.mp4,.mp4,8905167,already_compressed_or_media
data\train\archive (1)\FaceForensics++_C23\DeepFakeDetection\06_12__walking_and_outside_surprised__3K21NFNM.mp4,.mp4,16481832,already_compressed_or_media
data\train\archive (1)\FaceForensics++_C23\DeepFakeDetection\06_14__outside_talking_pan_laughing__8U9ULZDT.mp4,.mp4,4892717,already_compressed_or_media
data\train\archive (1)\FaceForensics++_C23\DeepFakeDetection\06_14__walking_and_outside_surprised__8U9ULZDT.mp4,.mp4,16302081,already_compressed_or_media
data\train\archive (1)\FaceForensics++_C23\DeepFakeDetection\06_14__walking_down_indoor_hall_disgust__8U9ULZDT.mp4,.mp4,21451497,already_compressed_or_media
data\train\archive (1)\FaceForensics++_C23\DeepFakeDetection\06_15__exit_phone_room__QRCD27P8.mp4,.mp4,1879539,already_compressed_or_media
data\train\archive (1)\FaceForensics++_C23\DeepFakeDetection\06_15__kitchen_pan__E98QYYXO.mp4,.mp4,5786095,already_compressed_or_media
data\train\archive (1)\FaceForensics++_C23\DeepFakeDetection\06_15__kitchen_still__QRCD27P8.mp4,.mp4,7091708,already_compressed_or_media
data\train\archive (1)\FaceForensics++_C23\DeepFakeDetection\06_15__outside_talking_still_laughing__E98QYYXO.mp4,.mp4,4868535,already_compressed_or_media
data\train\archive (1)\FaceForensics++_C23\DeepFakeDetection\06_15__outside_talking_still_laughing__QRCD27P8.mp4,.mp4,4758664,already_compressed_or_media
data\train\archive (1)\FaceForensics++_C23\DeepFakeDetection\06_15__walking_and_outside_surprised__QRCD27P8.mp4,.mp4,16436368,already_compressed_or_media
data\train\archive (1)\FaceForensics++_C23\DeepFakeDetection\06_15__walking_down_indoor_hall_disgust__QRCD27P8.mp4,.mp4,21431921,already_compressed_or_media
data\train\archive (1)\FaceForensics++_C23\DeepFakeDetection\06_18__kitchen_still__XJ76YU5A.mp4,.mp4,7103035,already_compressed_or_media
data\train\archive (1)\FaceForensics++_C23\DeepFakeDetection\06_18__outside_talking_pan_laughing__DEA1TCLN.mp4,.mp4,4909956,already_compressed_or_media
data\train\archive (1)\FaceForensics++_C23\DeepFakeDetection\06_18__outside_talking_still_laughing__M36D0OJT.mp4,.mp4,4445703,already_compressed_or_media
data\train\archive (1)\FaceForensics++_C23\DeepFakeDetection\06_18__podium_speech_happy__5HNHMK6G.mp4,.mp4,9016310,already_compressed_or_media
data\train\archive (1)\FaceForensics++_C23\DeepFakeDetection\06_18__podium_speech_happy__DEA1TCLN.mp4,.mp4,9119167,already_compressed_or_media
data\train\archive (1)\FaceForensics++_C23\DeepFakeDetection\06_18__talking_angry_couch__DEA1TCLN.mp4,.mp4,13960472,already_compressed_or_media
data\train\archive (1)\FaceForensics++_C23\DeepFakeDetection\06_18__walk_down_hall_angry__LH0KWJKM.mp4,.mp4,1973897,already_compressed_or_media
data\train\archive (1)\FaceForensics++_C23\DeepFakeDetection\06_18__walking_down_indoor_hall_disgust__DEA1TCLN.mp4,.mp4,20393578,already_compressed_or_media
data\train\archive (1)\FaceForensics++_C23\DeepFakeDetection\06_18__walking_down_street_outside_angry__MVXBDKGB.mp4,.mp4,4223626,already_compressed_or_media
data\train\archive (1)\FaceForensics++_C23\DeepFakeDetection\06_20__kitchen_pan__6SUW7063.mp4,.mp4,5669421,already_compressed_or_media
data\train\archive (1)\FaceForensics++_C23\DeepFakeDetection\06_25__outside_talking_pan_laughing__MI9BDQ7M.mp4,.mp4,4740209,already_compressed_or_media
data\train\archive (1)\FaceForensics++_C23\DeepFakeDetection\06_25__talking_angry_couch__MI9BDQ7M.mp4,.mp4,14027249,already_compressed_or_media
data\train\archive (1)\FaceForensics++_C23\DeepFakeDetection\06_25__walking_and_outside_surprised__MI9BDQ7M.mp4,.mp4,16344815,already_compressed_or_media
data\train\archive (1)\FaceForensics++_C23\DeepFakeDetection\06_26__kitchen_pan__L5BVR5L9.mp4,.mp4,5776757,already_compressed_or_media
data\train\archive (1)\FaceForensics++_C23\DeepFakeDetection\06_26__kitchen_still__L5BVR5L9.mp4,.mp4,7133544,already_compressed_or_media
data\train\archive (1)\FaceForensics++_C23\DeepFakeDetection\06_26__talking_against_wall__L5BVR5L9.mp4,.mp4,4112380,already_compressed_or_media
data\train\archive (1)\FaceForensics++_C23\DeepFakeDetection\06_26__talking_angry_couch__L5BVR5L9.mp4,.mp4,13911472,already_compressed_or_media
data\train\archive (1)\FaceForensics++_C23\DeepFakeDetection\06_27__outside_talking_still_laughing__SZWVBWY4.mp4,.mp4,4885482,already_compressed_or_media
data\train\archive (1)\FaceForensics++_C23\DeepFakeDetection\06_27__talking_angry_couch__JOG5PB18.mp4,.mp4,14026025,already_compressed_or_media
data\train\archive (1)\FaceForensics++_C23\DeepFakeDetection\06_27__walking_and_outside_surprised__O7L5Z9U8.mp4,.mp4,16738168,already_compressed_or_media
data\train\archive (1)\FaceForensics++_C23\DeepFakeDetection\06_27__walking_and_outside_surprised__SZWVBWY4.mp4,.mp4,16735934,already_compressed_or_media
data\train\archive (1)\FaceForensics++_C23\DeepFakeDetection\06_27__walking_outside_cafe_disgusted__VN14WY2N.mp4,.mp4,3302377,already_compressed_or_media
data\train\archive (1)\FaceForensics++_C23\DeepFakeDetection\07_02__exit_phone_room__1KPVZAAP.mp4,.mp4,2145001,already_compressed_or_media
data\train\archive (1)\FaceForensics++_C23\DeepFakeDetection\07_02__hugging_happy__O4SXNLRL.mp4,.mp4,9267373,already_compressed_or_media
data\train\archive (1)\FaceForensics++_C23\DeepFakeDetection\07_02__kitchen_pan__O4SXNLRL.mp4,.mp4,5114974,already_compressed_or_media
data\train\archive (1)\FaceForensics++_C23\DeepFakeDetection\07_02__talking_against_wall__34PVT42V.mp4,.mp4,5974763,already_compressed_or_media
data\train\archive (1)\FaceForensics++_C23\DeepFakeDetection\07_02__talking_angry_couch__1H07DFQJ.mp4,.mp4,14374457,already_compressed_or_media
data\train\archive (1)\FaceForensics++_C23\DeepFakeDetection\07_02__walk_down_hall_angry__O4SXNLRL.mp4,.mp4,2568353,already_compressed_or_media
data\train\archive (1)\FaceForensics++_C23\DeepFakeDetection\07_02__walking_down_street_outside_angry__O4SXNLRL.mp4,.mp4,3311371,already_compressed_or_media
data\train\archive (1)\FaceForensics++_C23\DeepFakeDetection\07_03__hugging_happy__7NGMD8FT.mp4,.mp4,9840561,already_compressed_or_media
data\train\archive (1)\FaceForensics++_C23\DeepFakeDetection\07_03__hugging_happy__WPT3Z2KN.mp4,.mp4,10238536,already_compressed_or_media
data\train\archive (1)\FaceForensics++_C23\DeepFakeDetection\07_03__kitchen_pan__WPT3Z2KN.mp4,.mp4,5129243,already_compressed_or_media
data\train\archive (1)\FaceForensics++_C23\DeepFakeDetection\07_03__outside_talking_pan_laughing__6PHZRQ4H.mp4,.mp4,5995690,already_compressed_or_media
data\train\archive (1)\FaceForensics++_C23\DeepFakeDetection\07_03__outside_talking_pan_laughing__IFSURI9X.mp4,.mp4,6019193,already_compressed_or_media
data\train\archive (1)\FaceForensics++_C23\DeepFakeDetection\07_03__outside_talking_still_laughing__IFSURI9X.mp4,.mp4,5715115,already_compressed_or_media
data\train\archive (1)\FaceForensics++_C23\DeepFakeDetection\07_03__podium_speech_happy__6PHZRQ4H.mp4,.mp4,7714985,already_compressed_or_media
data\train\archive (1)\FaceForensics++_C23\DeepFakeDetection\07_03__secret_conversation__IFSURI9X.mp4,.mp4,4538746,already_compressed_or_media
data\train\archive (1)\FaceForensics++_C23\DeepFakeDetection\07_03__talking_against_wall__IFSURI9X.mp4,.mp4,6023407,already_compressed_or_media
data\train\archive (1)\FaceForensics++_C23\DeepFakeDetection\07_03__talking_angry_couch__WPT3Z2KN.mp4,.mp4,14136728,already_compressed_or_media
data\train\archive (1)\FaceForensics++_C23\DeepFakeDetection\07_03__walk_down_hall_angry__W3MXGEU9.mp4,.mp4,2622430,already_compressed_or_media
data\train\archive (1)\FaceForensics++_C23\DeepFakeDetection\07_03__walking_outside_cafe_disgusted__F0YYEA5W.mp4,.mp4,2958396,already_compressed_or_media
data\train\archive (1)\FaceForensics++_C23\DeepFakeDetection\07_04__exit_phone_room__QKCCFKBT.mp4,.mp4,2230171,already_compressed_or_media
data\train\archive (1)\FaceForensics++_C23\DeepFakeDetection\07_04__kitchen_pan__XRK7FGZX.mp4,.mp4,5134355,already_compressed_or_media
data\train\archive (1)\FaceForensics++_C23\DeepFakeDetection\07_04__kitchen_still__M2NBCLFR.mp4,.mp4,6141426,already_compressed_or_media
data\train\archive (1)\FaceForensics++_C23\DeepFakeDetection\07_04__outside_talking_still_laughing__XRK7FGZX.mp4,.mp4,5719098,already_compressed_or_media
data\train\archive (1)\FaceForensics++_C23\DeepFakeDetection\07_06__kitchen_pan__NMGYPBXE.mp4,.mp4,5042055,already_compressed_or_media
data\train\archive (1)\FaceForensics++_C23\DeepFakeDetection\07_06__outside_talking_still_laughing__NMGYPBXE.mp4,.mp4,5709852,already_compressed_or_media
data\train\archive (1)\FaceForensics++_C23\DeepFakeDetection\07_06__walking_down_street_outside_angry__NMGYPBXE.mp4,.mp4,3232016,already_compressed_or_media
data\train\archive (1)\FaceForensics++_C23\DeepFakeDetection\07_09__outside_talking_still_laughing__N9CWME71.mp4,.mp4,5731698,already_compressed_or_media
data\train\archive (1)\FaceForensics++_C23\DeepFakeDetection\07_09__secret_conversation__N9CWME71.mp4,.mp4,4279607,already_compressed_or_media
data\train\archive (1)\FaceForensics++_C23\DeepFakeDetection\07_09__walk_down_hall_angry__N9CWME71.mp4,.mp4,2556340,already_compressed_or_media
data\train\archive (1)\FaceForensics++_C23\DeepFakeDetection\07_12__outside_talking_pan_laughing__0VN0A2T3.mp4,.mp4,4813525,already_compressed_or_media
data\train\archive (1)\FaceForensics++_C23\DeepFakeDetection\07_12__outside_talking_still_laughing__0VN0A2T3.mp4,.mp4,4495158,already_compressed_or_media
data\train\archive (1)\FaceForensics++_C23\DeepFakeDetection\07_12__talking_against_wall__0VN0A2T3.mp4,.mp4,2976434,already_compressed_or_media
data\train\archive (1)\FaceForensics++_C23\DeepFakeDetection\07_13__walking_outside_cafe_disgusted__RVQCPCJF.mp4,.mp4,2698548,already_compressed_or_media
data\train\archive (1)\FaceForensics++_C23\DeepFakeDetection\07_14__exit_phone_room__P9QFO50U.mp4,.mp4,2149507,already_compressed_or_media
data\train\archive (1)\FaceForensics++_C23\DeepFakeDetection\07_14__outside_talking_pan_laughing__P9QFO50U.mp4,.mp4,6060900,already_compressed_or_media
data\train\archive (1)\FaceForensics++_C23\DeepFakeDetection\07_14__podium_speech_happy__VOX29AK0.mp4,.mp4,7650262,already_compressed_or_media
data\train\archive (1)\FaceForensics++_C23\DeepFakeDetection\07_14__talking_against_wall__P9QFO50U.mp4,.mp4,6218491,already_compressed_or_media
data\train\archive (1)\FaceForensics++_C23\DeepFakeDetection\07_14__walking_down_street_outside_angry__VOX29AK0.mp4,.mp4,3189772,already_compressed_or_media
data\train\archive (1)\FaceForensics++_C23\DeepFakeDetection\07_15__hugging_happy__9Z2MLKVX.mp4,.mp4,9756569,already_compressed_or_media
data\train\archive (1)\FaceForensics++_C23\DeepFakeDetection\07_15__outside_talking_still_laughing__KM6M2TBT.mp4,.mp4,5731955,already_compressed_or_media
data\train\archive (1)\FaceForensics++_C23\DeepFakeDetection\07_15__walking_down_street_outside_angry__NYPO7U50.mp4,.mp4,3228283,already_compressed_or_media
data\train\archive (1)\FaceForensics++_C23\DeepFakeDetection\07_20__outside_talking_pan_laughing__KV6Q7D6C.mp4,.mp4,6048403,already_compressed_or_media
data\train\archive (1)\FaceForensics++_C23\DeepFakeDetection\07_20__talking_against_wall__KV6Q7D6C.mp4,.mp4,6108180,already_compressed_or_media
data\train\archive (1)\FaceForensics++_C23\DeepFakeDetection\07_21__exit_phone_room__K7KXUHMU.mp4,.mp4,2212508,already_compressed_or_media
data\train\archive (1)\FaceForensics++_C23\DeepFakeDetection\07_21__outside_talking_still_laughing__K7KXUHMU.mp4,.mp4,5683941,already_compressed_or_media
data\train\archive (1)\FaceForensics++_C23\DeepFakeDetection\07_21__secret_conversation__CRGVSDBI.mp4,.mp4,2785710,already_compressed_or_media
data\train\archive (1)\FaceForensics++_C23\DeepFakeDetection\07_21__talking_against_wall__MKU99DVX.mp4,.mp4,5496200,already_compressed_or_media
data\train\archive (1)\FaceForensics++_C23\DeepFakeDetection\07_21__walking_down_street_outside_angry__K7KXUHMU.mp4,.mp4,3124603,already_compressed_or_media
data\train\archive (1)\FaceForensics++_C23\DeepFakeDetection\07_25__exit_phone_room__IKMKYKPG.mp4,.mp4,2217687,already_compressed_or_media
data\train\archive (1)\FaceForensics++_C23\DeepFakeDetection\07_25__walk_down_hall_angry__PAE9HCA8.mp4,.mp4,1926099,already_compressed_or_media
data\train\archive (1)\FaceForensics++_C23\DeepFakeDetection\07_25__walking_down_street_outside_angry__IKMKYKPG.mp4,.mp4,3224398,already_compressed_or_media
data\train\archive (1)\FaceForensics++_C23\DeepFakeDetection\07_26__walk_down_hall_angry__FGNGC2GT.mp4,.mp4,2479028,already_compressed_or_media
data\train\archive (1)\FaceForensics++_C23\DeepFakeDetection\07_26__walking_down_street_outside_angry__FGNGC2GT.mp4,.mp4,3171511,already_compressed_or_media
data\train\archive (1)\FaceForensics++_C23\DeepFakeDetection\07_27__walking_down_street_outside_angry__3RH5PR6S.mp4,.mp4,3267385,already_compressed_or_media
data\train\archive (1)\FaceForensics++_C23\DeepFakeDetection\08_05__kitchen_still__LVIZ2X8P.mp4,.mp4,6328395,already_compressed_or_media
data\train\archive (1)\FaceForensics++_C23\DeepFakeDetection\08_05__walk_down_hall_angry__FBICSP2C.mp4,.mp4,2144515,already_compressed_or_media
data\train\archive (1)\FaceForensics++_C23\DeepFakeDetection\08_05__walk_down_hall_angry__PRBCE28Z.mp4,.mp4,1809444,already_compressed_or_media
data\train\archive (1)\FaceForensics++_C23\DeepFakeDetection\08_16__podium_speech_happy__8Q7JCS95.mp4,.mp4,9292992,already_compressed_or_media
data\train\archive (1)\FaceForensics++_C23\DeepFakeDetection\08_16__talking_against_wall__8Q7JCS95.mp4,.mp4,5547953,already_compressed_or_media
data\train\archive (1)\FaceForensics++_C23\DeepFakeDetection\08_17__kitchen_pan__JZYRLJ8T.mp4,.mp4,5136550,already_compressed_or_media
data\train\archive (1)\FaceForensics++_C23\DeepFakeDetection\08_17__kitchen_still__ZCEYWYTC.mp4,.mp4,6522870,already_compressed_or_media
data\train\archive (1)\FaceForensics++_C23\DeepFakeDetection\08_17__walk_down_hall_angry__QOX5NWIJ.mp4,.mp4,1912189,already_compressed_or_media
data\train\archive (1)\FaceForensics++_C23\DeepFakeDetection\08_28__kitchen_pan__LVT0XNQG.mp4,.mp4,5105380,already_compressed_or_media
data\train\archive (1)\FaceForensics++_C23\DeepFakeDetection\08_28__outside_talking_pan_laughing__8BC35RFU.mp4,.mp4,7941562,already_compressed_or_media
data\train\archive (1)\FaceForensics++_C23\DeepFakeDetection\08_28__outside_talking_still_laughing__8BC35RFU.mp4,.mp4,6984401,already_compressed_or_media
data\train\archive (1)\FaceForensics++_C23\DeepFakeDetection\09_01__talking_against_wall__O8HNNX43.mp4,.mp4,4021090,already_compressed_or_media
data\train\archive (1)\FaceForensics++_C23\DeepFakeDetection\09_01__walk_down_hall_angry__6TSGVLHA.mp4,.mp4,2078306,already_compressed_or_media
data\train\archive (1)\FaceForensics++_C23\DeepFakeDetection\09_02__exit_phone_room__6KUOFMZW.mp4,.mp4,1779982,already_compressed_or_media
data\train\archive (1)\FaceForensics++_C23\DeepFakeDetection\09_02__walk_down_hall_angry__6KUOFMZW.mp4,.mp4,1891655,already_compressed_or_media
data\train\archive (1)\FaceForensics++_C23\DeepFakeDetection\09_02__walking_down_street_outside_angry__6KUOFMZW.mp4,.mp4,3034090,already_compressed_or_media
data\train\archive (1)\FaceForensics++_C23\DeepFakeDetection\09_02__walking_down_street_outside_angry__9TDCEK1Q.mp4,.mp4,3325513,already_compressed_or_media
data\train\archive (1)\FaceForensics++_C23\DeepFakeDetection\09_03__kitchen_pan__8DTEGQ54.mp4,.mp4,4969560,already_compressed_or_media
data\train\archive (1)\FaceForensics++_C23\DeepFakeDetection\09_03__talking_against_wall__8DTEGQ54.mp4,.mp4,4070644,already_compressed_or_media
data\train\archive (1)\FaceForensics++_C23\DeepFakeDetection\09_03__talking_angry_couch__RCETIXYL.mp4,.mp4,11660767,already_compressed_or_media
data\train\archive (1)\FaceForensics++_C23\DeepFakeDetection\09_07__kitchen_pan__N9CWME71.mp4,.mp4,4885419,already_compressed_or_media
data\train\archive (1)\FaceForensics++_C23\DeepFakeDetection\09_11__talking_against_wall__INNOT5UE.mp4,.mp4,4082638,already_compressed_or_media
data\train\archive (1)\FaceForensics++_C23\DeepFakeDetection\09_13__exit_phone_room__YP7MGDQ6.mp4,.mp4,1723782,already_compressed_or_media
data\train\archive (1)\FaceForensics++_C23\DeepFakeDetection\09_13__kitchen_pan__21H6XSPE.mp4,.mp4,4846699,already_compressed_or_media
data\train\archive (1)\FaceForensics++_C23\DeepFakeDetection\09_13__outside_talking_pan_laughing__6K90KFOQ.mp4,.mp4,6728476,already_compressed_or_media
data\train\archive (1)\FaceForensics++_C23\DeepFakeDetection\09_13__outside_talking_pan_laughing__LPT427RY.mp4,.mp4,6614170,already_compressed_or_media
data\train\archive (1)\FaceForensics++_C23\DeepFakeDetection\09_13__outside_talking_still_laughing__NDMHWBT1.mp4,.mp4,6385970,already_compressed_or_media
data\train\archive (1)\FaceForensics++_C23\DeepFakeDetection\09_13__walk_down_hall_angry__BVZGDFD8.mp4,.mp4,1905760,already_compressed_or_media
data\train\archive (1)\FaceForensics++_C23\DeepFakeDetection\09_13__walking_down_street_outside_angry__NDMHWBT1.mp4,.mp4,3132701,already_compressed_or_media
data\train\archive (1)\FaceForensics++_C23\DeepFakeDetection\09_14__outside_talking_still_laughing__FRY0IZ4R.mp4,.mp4,6568494,already_compressed_or_media
data\train\archive (1)\FaceForensics++_C23\DeepFakeDetection\09_14__talking_angry_couch__6TEK3ZX0.mp4,.mp4,11681462,already_compressed_or_media
data\train\archive (1)\FaceForensics++_C23\DeepFakeDetection\09_18__outside_talking_pan_laughing__3VP8836C.mp4,.mp4,6795007,already_compressed_or_media
data\train\archive (1)\FaceForensics++_C23\DeepFakeDetection\09_18__walking_down_street_outside_angry__3VP8836C.mp4,.mp4,3141414,already_compressed_or_media
data\train\archive (1)\FaceForensics++_C23\DeepFakeDetection\09_20__kitchen_pan__98NUQ3E6.mp4,.mp4,4945204,already_compressed_or_media
data\train\archive (1)\FaceForensics++_C23\DeepFakeDetection\09_20__outside_talking_still_laughing__MKEWB4SM.mp4,.mp4,6626230,already_compressed_or_media
data\train\archive (1)\FaceForensics++_C23\DeepFakeDetection\09_20__podium_speech_happy__O5X0AWR9.mp4,.mp4,6960076,already_compressed_or_media
data\train\archive (1)\FaceForensics++_C23\DeepFakeDetection\09_20__podium_speech_happy__RAGUKRMK.mp4,.mp4,6932598,already_compressed_or_media
data\train\archive (1)\FaceForensics++_C23\DeepFakeDetection\09_20__talking_angry_couch__0IRM5ADD.mp4,.mp4,11644293,already_compressed_or_media
data\train\archive (1)\FaceForensics++_C23\DeepFakeDetection\09_20__talking_angry_couch__98NUQ3E6.mp4,.mp4,11589419,already_compressed_or_media
data\train\archive (1)\FaceForensics++_C23\DeepFakeDetection\09_20__walk_down_hall_angry__MKEWB4SM.mp4,.mp4,1881262,already_compressed_or_media
data\train\archive (1)\FaceForensics++_C23\DeepFakeDetection\09_25__talking_angry_couch__5041ODBN.mp4,.mp4,11644398,already_compressed_or_media
data\train\archive (1)\FaceForensics++_C23\DeepFakeDetection\09_25__walking_down_street_outside_angry__5041ODBN.mp4,.mp4,3136695,already_compressed_or_media
data\train\archive (1)\FaceForensics++_C23\DeepFakeDetection\09_26__exit_phone_room__XXGYLT82.mp4,.mp4,1797067,already_compressed_or_media
data\train\archive (1)\FaceForensics++_C23\DeepFakeDetection\09_26__talking_against_wall__C3K20JOL.mp4,.mp4,4035455,already_compressed_or_media
data\train\archive (1)\FaceForensics++_C23\DeepFakeDetection\09_26__walk_down_hall_angry__QSE5A0GF.mp4,.mp4,2124259,already_compressed_or_media
data\train\archive (1)\FaceForensics++_C23\DeepFakeDetection\09_27__walking_down_street_outside_angry__RC9KATOO.mp4,.mp4,3038807,already_compressed_or_media
data\train\archive (1)\FaceForensics++_C23\DeepFakeDetection\10_19__kitchen_still__IDX76N5R.mp4,.mp4,6053120,already_compressed_or_media
data\train\archive (1)\FaceForensics++_C23\DeepFakeDetection\10_19__outside_talking_still_laughing__O2IKR6YM.mp4,.mp4,3899551,already_compressed_or_media
data\train\archive (1)\FaceForensics++_C23\DeepFakeDetection\10_19__walking_down_street_outside_angry__IDX76N5R.mp4,.mp4,5224924,already_compressed_or_media
data\train\archive (1)\FaceForensics++_C23\DeepFakeDetection\10_22__exit_phone_room__G48B2EQ2.mp4,.mp4,1347996,already_compressed_or_media
data\train\archive (1)\FaceForensics++_C23\DeepFakeDetection\10_22__kitchen_pan__EHARPYBT.mp4,.mp4,5079186,already_compressed_or_media
data\train\archive (1)\FaceForensics++_C23\DeepFakeDetection\10_22__kitchen_pan__PUJR4HJ1.mp4,.mp4,5064491,already_compressed_or_media
data\train\archive (1)\FaceForensics++_C23\DeepFakeDetection\10_22__kitchen_still__EHARPYBT.mp4,.mp4,6013520,already_compressed_or_media
data\train\archive (1)\FaceForensics++_C23\DeepFakeDetection\10_22__outside_talking_pan_laughing__8YQ2EUQP.mp4,.mp4,6475335,already_compressed_or_media
data\train\archive (1)\FaceForensics++_C23\DeepFakeDetection\10_22__outside_talking_pan_laughing__G48B2EQ2.mp4,.mp4,6437867,already_compressed_or_media
data\train\archive (1)\FaceForensics++_C23\DeepFakeDetection\10_22__podium_speech_happy__EHARPYBT.mp4,.mp4,6670510,already_compressed_or_media
data\train\archive (1)\FaceForensics++_C23\DeepFakeDetection\10_23__kitchen_pan__GYY4VANY.mp4,.mp4,5026970,already_compressed_or_media
data\train\archive (1)\FaceForensics++_C23\DeepFakeDetection\10_23__outside_talking_pan_laughing__CU6SNBFZ.mp4,.mp4,6440995,already_compressed_or_media
data\train\archive (1)\FaceForensics++_C23\DeepFakeDetection\10_23__outside_talking_pan_laughing__ZHJO34DY.mp4,.mp4,6451027,already_compressed_or_media
data\train\archive (1)\FaceForensics++_C23\DeepFakeDetection\10_23__talking_against_wall__W02WYPCX.mp4,.mp4,4832040,already_compressed_or_media
data\train\archive (1)\FaceForensics++_C23\DeepFakeDetection\10_24__exit_phone_room__356HPS7R.mp4,.mp4,1078484,already_compressed_or_media
data\train\archive (1)\FaceForensics++_C23\DeepFakeDetection\11_01__podium_speech_happy__WIZ7GKOD.mp4,.mp4,8768378,already_compressed_or_media
data\train\archive (1)\FaceForensics++_C23\DeepFakeDetection\11_01__secret_conversation__WIZ7GKOD.mp4,.mp4,626104,already_compressed_or_media
data\train\archive (1)\FaceForensics++_C23\DeepFakeDetection\11_01__talking_against_wall__4OJNJLOO.mp4,.mp4,3746989,already_compressed_or_media
data\train\archive (1)\FaceForensics++_C23\DeepFakeDetection\11_01__talking_against_wall__EKE2KNRE.mp4,.mp4,3720464,already_compressed_or_media
data\train\archive (1)\FaceForensics++_C23\DeepFakeDetection\11_01__talking_angry_couch__LL4RUKZA.mp4,.mp4,15292379,already_compressed_or_media
data\train\archive (1)\FaceForensics++_C23\DeepFakeDetection\11_03__outside_talking_pan_laughing__P08VGHTA.mp4,.mp4,8239665,already_compressed_or_media
data\train\archive (1)\FaceForensics++_C23\DeepFakeDetection\11_03__talking_against_wall__P08VGHTA.mp4,.mp4,3747073,already_compressed_or_media
data\train\archive (1)\FaceForensics++_C23\DeepFakeDetection\11_03__walking_outside_cafe_disgusted__P08VGHTA.mp4,.mp4,6344130,already_compressed_or_media
data\train\archive (1)\FaceForensics++_C23\DeepFakeDetection\11_04__talking_angry_couch__JRQWOV1G.mp4,.mp4,15221011,already_compressed_or_media
data\train\archive (1)\FaceForensics++_C23\DeepFakeDetection\11_06__outside_talking_pan_laughing__C8C4FW99.mp4,.mp4,8220130,already_compressed_or_media
data\train\archive (1)\FaceForensics++_C23\DeepFakeDetection\11_06__outside_talking_pan_laughing__MX659QU8.mp4,.mp4,8196724,already_compressed_or_media
data\train\archive (1)\FaceForensics++_C23\DeepFakeDetection\11_06__outside_talking_still_laughing__C8C4FW99.mp4,.mp4,7195496,already_compressed_or_media
data\train\archive (1)\FaceForensics++_C23\DeepFakeDetection\11_07__exit_phone_room__PGC20QSY.mp4,.mp4,4044984,already_compressed_or_media
data\train\archive (1)\FaceForensics++_C23\DeepFakeDetection\11_07__kitchen_still__R7R86Z62.mp4,.mp4,6719141,already_compressed_or_media
data\train\archive (1)\FaceForensics++_C23\DeepFakeDetection\11_13__outside_talking_still_laughing__61T622EK.mp4,.mp4,7185183,already_compressed_or_media
data\train\archive (1)\FaceForensics++_C23\DeepFakeDetection\11_13__talking_angry_couch__61T622EK.mp4,.mp4,14893851,already_compressed_or_media
data\train\archive (1)\FaceForensics++_C23\DeepFakeDetection\11_18__secret_conversation__PT4YKO2R.mp4,.mp4,615522,already_compressed_or_media
data\train\archive (1)\FaceForensics++_C23\DeepFakeDetection\11_18__walking_outside_cafe_disgusted__R1NMCHKG.mp4,.mp4,6643154,already_compressed_or_media
data\train\archive (1)\FaceForensics++_C23\DeepFakeDetection\11_21__kitchen_pan__T7DK03O1.mp4,.mp4,6785924,already_compressed_or_media
data\train\archive (1)\FaceForensics++_C23\DeepFakeDetection\11_21__kitchen_still__N6YQW2AP.mp4,.mp4,6606735,already_compressed_or_media
data\train\archive (1)\FaceForensics++_C23\DeepFakeDetection\11_21__podium_speech_happy__T7DK03O1.mp4,.mp4,8839389,already_compressed_or_media
data\train\archive (1)\FaceForensics++_C23\DeepFakeDetection\11_26__kitchen_still__7C0VKV43.mp4,.mp4,6770799,already_compressed_or_media
data\train\archive (1)\FaceForensics++_C23\DeepFakeDetection\11_26__walk_down_hall_angry__7C0VKV43.mp4,.mp4,3379941,already_compressed_or_media
data\train\archive (1)\FaceForensics++_C23\DeepFakeDetection\12_02__podium_speech_happy__9D2ZHEKW.mp4,.mp4,8723997,already_compressed_or_media
data\train\archive (1)\FaceForensics++_C23\DeepFakeDetection\12_06__hugging_happy__3K21NFNM.mp4,.mp4,13928095,already_compressed_or_media
data\train\archive (1)\FaceForensics++_C23\DeepFakeDetection\12_06__outside_talking_pan_laughing__0VR4Y891.mp4,.mp4,9955838,already_compressed_or_media
data\train\archive (1)\FaceForensics++_C23\DeepFakeDetection\12_06__outside_talking_still_laughing__3K21NFNM.mp4,.mp4,8190804,already_compressed_or_media
data\train\archive (1)\FaceForensics++_C23\DeepFakeDetection\12_06__podium_speech_happy__0VR4Y891.mp4,.mp4,8721534,already_compressed_or_media
data\train\archive (1)\FaceForensics++_C23\DeepFakeDetection\12_06__walk_down_hall_angry__3K21NFNM.mp4,.mp4,2126018,already_compressed_or_media
data\train\archive (1)\FaceForensics++_C23\DeepFakeDetection\12_06__walking_and_outside_surprised__3K21NFNM.mp4,.mp4,14410130,already_compressed_or_media
data\train\archive (1)\FaceForensics++_C23\DeepFakeDetection\12_06__walking_down_street_outside_angry__F3I4PDYF.mp4,.mp4,4159293,already_compressed_or_media
data\train\archive (1)\FaceForensics++_C23\DeepFakeDetection\12_07__outside_talking_pan_laughing__KAG65PEE.mp4,.mp4,9998023,already_compressed_or_media
data\train\archive (1)\FaceForensics++_C23\DeepFakeDetection\12_07__outside_talking_still_laughing__KAG65PEE.mp4,.mp4,8121575,already_compressed_or_media
data\train\archive (1)\FaceForensics++_C23\DeepFakeDetection\12_07__walking_down_indoor_hall_disgust__KAG65PEE.mp4,.mp4,24257087,already_compressed_or_media
data\train\archive (1)\FaceForensics++_C23\DeepFakeDetection\12_13__podium_speech_happy__BFH4F0N8.mp4,.mp4,8662571,already_compressed_or_media
data\train\archive (1)\FaceForensics++_C23\DeepFakeDetection\12_13__podium_speech_happy__N8IGC93J.mp4,.mp4,8700020,already_compressed_or_media
data\train\archive (1)\FaceForensics++_C23\DeepFakeDetection\12_13__secret_conversation__DJ7MF331.mp4,.mp4,4130414,already_compressed_or_media
data\train\archive (1)\FaceForensics++_C23\DeepFakeDetection\12_13__walk_down_hall_angry__6G44TDN4.mp4,.mp4,2269464,already_compressed_or_media
data\train\archive (1)\FaceForensics++_C23\DeepFakeDetection\12_13__walking_and_outside_surprised__DJ7MF331.mp4,.mp4,14226229,already_compressed_or_media
data\train\archive (1)\FaceForensics++_C23\DeepFakeDetection\12_14__outside_talking_pan_laughing__Z7EWFA0P.mp4,.mp4,9946805,already_compressed_or_media
data\train\archive (1)\FaceForensics++_C23\DeepFakeDetection\12_14__walk_down_hall_angry__Z7EWFA0P.mp4,.mp4,2264027,already_compressed_or_media
data\train\archive (1)\FaceForensics++_C23\DeepFakeDetection\12_15__hugging_happy__N0SRODQD.mp4,.mp4,13847752,already_compressed_or_media
data\train\archive (1)\FaceForensics++_C23\DeepFakeDetection\12_15__kitchen_pan__N0SRODQD.mp4,.mp4,6300202,already_compressed_or_media
data\train\archive (1)\FaceForensics++_C23\DeepFakeDetection\12_15__kitchen_still__RK17XFJ9.mp4,.mp4,5888016,already_compressed_or_media
data\train\archive (1)\FaceForensics++_C23\DeepFakeDetection\12_15__outside_talking_still_laughing__RK17XFJ9.mp4,.mp4,8198117,already_compressed_or_media
data\train\archive (1)\FaceForensics++_C23\DeepFakeDetection\12_15__talking_angry_couch__N0SRODQD.mp4,.mp4,15435138,already_compressed_or_media
data\train\archive (1)\FaceForensics++_C23\DeepFakeDetection\12_15__talking_angry_couch__RK17XFJ9.mp4,.mp4,15500549,already_compressed_or_media
data\train\archive (1)\FaceForensics++_C23\DeepFakeDetection\12_15__walking_and_outside_surprised__N0SRODQD.mp4,.mp4,14466770,already_compressed_or_media
data\train\archive (1)\FaceForensics++_C23\DeepFakeDetection\12_15__walking_down_street_outside_angry__N0SRODQD.mp4,.mp4,4379722,already_compressed_or_media
data\train\archive (1)\FaceForensics++_C23\DeepFakeDetection\12_18__outside_talking_pan_laughing__IKH1LBBY.mp4,.mp4,10001533,already_compressed_or_media
data\train\archive (1)\FaceForensics++_C23\DeepFakeDetection\12_18__talking_against_wall__IKH1LBBY.mp4,.mp4,4819551,already_compressed_or_media
data\train\archive (1)\FaceForensics++_C23\DeepFakeDetection\12_18__walking_outside_cafe_disgusted__IKH1LBBY.mp4,.mp4,3727391,already_compressed_or_media
data\train\archive (1)\FaceForensics++_C23\DeepFakeDetection\12_20__outside_talking_pan_laughing__GHPWDH3C.mp4,.mp4,10089049,already_compressed_or_media
data\train\archive (1)\FaceForensics++_C23\DeepFakeDetection\12_20__secret_conversation__B0X1CGG2.mp4,.mp4,155279,already_compressed_or_media
data\train\archive (1)\FaceForensics++_C23\DeepFakeDetection\12_20__talking_against_wall__GHPWDH3C.mp4,.mp4,4811642,already_compressed_or_media
data\train\archive (1)\FaceForensics++_C23\DeepFakeDetection\12_20__walking_outside_cafe_disgusted__B0X1CGG2.mp4,.mp4,4712478,already_compressed_or_media
data\train\archive (1)\FaceForensics++_C23\DeepFakeDetection\12_21__kitchen_pan__ME7E3R1D.mp4,.mp4,6127428,already_compressed_or_media
data\train\archive (1)\FaceForensics++_C23\DeepFakeDetection\12_21__outside_talking_still_laughing__J54W3PV1.mp4,.mp4,8202483,already_compressed_or_media
data\train\archive (1)\FaceForensics++_C23\DeepFakeDetection\12_21__talking_against_wall__J54W3PV1.mp4,.mp4,4911575,already_compressed_or_media
data\train\archive (1)\FaceForensics++_C23\DeepFakeDetection\12_25__walk_down_hall_angry__I2X1XTCC.mp4,.mp4,2190257,already_compressed_or_media
data\train\archive (1)\FaceForensics++_C23\DeepFakeDetection\12_25__walking_and_outside_surprised__FQE07ND1.mp4,.mp4,10795203,already_compressed_or_media
data\train\archive (1)\FaceForensics++_C23\DeepFakeDetection\12_25__walking_outside_cafe_disgusted__0SA36BZ5.mp4,.mp4,4943217,already_compressed_or_media
data\train\archive (1)\FaceForensics++_C23\DeepFakeDetection\12_25__walking_outside_cafe_disgusted__G26LG5N7.mp4,.mp4,4842771,already_compressed_or_media
data\train\archive (1)\FaceForensics++_C23\DeepFakeDetection\12_26__podium_speech_happy__BFBNM8FR.mp4,.mp4,8761190,already_compressed_or_media
data\train\archive (1)\FaceForensics++_C23\DeepFakeDetection\12_26__talking_angry_couch__LI63E4TS.mp4,.mp4,15481633,already_compressed_or_media
data\train\archive (1)\FaceForensics++_C23\DeepFakeDetection\12_26__walking_outside_cafe_disgusted__OTKIGGFE.mp4,.mp4,5084541,already_compressed_or_media
data\train\archive (1)\FaceForensics++_C23\DeepFakeDetection\12_26__walking_outside_cafe_disgusted__OVOQACG8.mp4,.mp4,5059729,already_compressed_or_media
data\train\archive (1)\FaceForensics++_C23\DeepFakeDetection\13_02__exit_phone_room__CP5HFV3K.mp4,.mp4,2680563,already_compressed_or_media
data\train\archive (1)\FaceForensics++_C23\DeepFakeDetection\13_02__kitchen_pan__2YSYT2N3.mp4,.mp4,5436102,already_compressed_or_media
data\train\archive (1)\FaceForensics++_C23\DeepFakeDetection\13_02__kitchen_pan__CP5HFV3K.mp4,.mp4,5444814,already_compressed_or_media
data\train\archive (1)\FaceForensics++_C23\DeepFakeDetection\13_02__outside_talking_still_laughing__CP5HFV3K.mp4,.mp4,5645977,already_compressed_or_media
data\train\archive (1)\FaceForensics++_C23\DeepFakeDetection\13_02__walking_and_outside_surprised__CP5HFV3K.mp4,.mp4,7595114,already_compressed_or_media
data\train\archive (1)\FaceForensics++_C23\DeepFakeDetection\13_02__walking_down_indoor_hall_disgust__AROBAY8R.mp4,.mp4,24168169,already_compressed_or_media
data\train\archive (1)\FaceForensics++_C23\DeepFakeDetection\13_02__walking_down_street_outside_angry__2YSYT2N3.mp4,.mp4,5216628,already_compressed_or_media
data\train\archive (1)\FaceForensics++_C23\DeepFakeDetection\13_03__exit_phone_room__GBYWJW06.mp4,.mp4,2371166,already_compressed_or_media
data\train\archive (1)\FaceForensics++_C23\DeepFakeDetection\13_03__outside_talking_still_laughing__GBYWJW06.mp4,.mp4,5705168,already_compressed_or_media
data\train\archive (1)\FaceForensics++_C23\DeepFakeDetection\13_03__talking_against_wall__GBYWJW06.mp4,.mp4,4302673,already_compressed_or_media
data\train\archive (1)\FaceForensics++_C23\DeepFakeDetection\13_03__walking_down_indoor_hall_disgust__GBYWJW06.mp4,.mp4,24263571,already_compressed_or_media
data\train\archive (1)\FaceForensics++_C23\DeepFakeDetection\13_04__talking_angry_couch__00T3UYOR.mp4,.mp4,13192395,already_compressed_or_media
data\train\archive (1)\FaceForensics++_C23\DeepFakeDetection\13_04__walking_outside_cafe_disgusted__00T3UYOR.mp4,.mp4,2833967,already_compressed_or_media
data\train\archive (1)\FaceForensics++_C23\DeepFakeDetection\13_07__exit_phone_room__RVQCPCJF.mp4,.mp4,2631564,already_compressed_or_media
data\train\archive (1)\FaceForensics++_C23\DeepFakeDetection\13_07__secret_conversation__RVQCPCJF.mp4,.mp4,823742,already_compressed_or_media
data\train\archive (1)\FaceForensics++_C23\DeepFakeDetection\13_09__hugging_happy__BVZGDFD8.mp4,.mp4,17478633,already_compressed_or_media
data\train\archive (1)\FaceForensics++_C23\DeepFakeDetection\13_09__hugging_happy__LPT427RY.mp4,.mp4,6257709,already_compressed_or_media
data\train\archive (1)\FaceForensics++_C23\DeepFakeDetection\13_09__outside_talking_still_laughing__30N46VHZ.mp4,.mp4,5549461,already_compressed_or_media
data\train\archive (1)\FaceForensics++_C23\DeepFakeDetection\13_09__walking_down_indoor_hall_disgust__3GQ49P2J.mp4,.mp4,24019032,already_compressed_or_media
data\train\archive (1)\FaceForensics++_C23\DeepFakeDetection\13_09__walking_down_indoor_hall_disgust__BVZGDFD8.mp4,.mp4,24292687,already_compressed_or_media
data\train\archive (1)\FaceForensics++_C23\DeepFakeDetection\13_09__walking_down_street_outside_angry__B41GFUV2.mp4,.mp4,5472985,already_compressed_or_media
data\train\archive (1)\FaceForensics++_C23\DeepFakeDetection\13_11__hugging_happy__61T622EK.mp4,.mp4,17465309,already_compressed_or_media
data\train\archive (1)\FaceForensics++_C23\DeepFakeDetection\13_11__outside_talking_still_laughing__61T622EK.mp4,.mp4,5649016,already_compressed_or_media
data\train\archive (1)\FaceForensics++_C23\DeepFakeDetection\13_11__podium_speech_happy__XXKQ4XM0.mp4,.mp4,6910128,already_compressed_or_media
data\train\archive (1)\FaceForensics++_C23\DeepFakeDetection\13_12__outside_talking_still_laughing__2TM4IFSF.mp4,.mp4,5247527,already_compressed_or_media
data\train\archive (1)\FaceForensics++_C23\DeepFakeDetection\13_12__podium_speech_happy__2TM4IFSF.mp4,.mp4,6645498,already_compressed_or_media
data\train\archive (1)\FaceForensics++_C23\DeepFakeDetection\13_12__secret_conversation__6G44TDN4.mp4,.mp4,1691494,already_compressed_or_media
data\train\archive (1)\FaceForensics++_C23\DeepFakeDetection\13_12__secret_conversation__DJ7MF331.mp4,.mp4,2375358,already_compressed_or_media
data\train\archive (1)\FaceForensics++_C23\DeepFakeDetection\13_12__talking_against_wall__2TM4IFSF.mp4,.mp4,4230242,already_compressed_or_media
data\train\archive (1)\FaceForensics++_C23\DeepFakeDetection\13_12__walk_down_hall_angry__Q442U52P.mp4,.mp4,2694817,already_compressed_or_media
data\train\archive (1)\FaceForensics++_C23\DeepFakeDetection\13_12__walking_down_street_outside_angry__2TM4IFSF.mp4,.mp4,5379066,already_compressed_or_media
data\train\archive (1)\FaceForensics++_C23\DeepFakeDetection\13_14__hugging_happy__KMQ3AW6A.mp4,.mp4,17657337,already_compressed_or_media
data\train\archive (1)\FaceForensics++_C23\DeepFakeDetection\13_14__outside_talking_pan_laughing__KMQ3AW6A.mp4,.mp4,5803974,already_compressed_or_media
data\train\archive (1)\FaceForensics++_C23\DeepFakeDetection\13_14__talking_against_wall__KMQ3AW6A.mp4,.mp4,4275324,already_compressed_or_media
data\train\archive (1)\FaceForensics++_C23\DeepFakeDetection\13_20__kitchen_still__LXLR1B6N.mp4,.mp4,5760533,already_compressed_or_media
data\train\archive (1)\FaceForensics++_C23\DeepFakeDetection\13_20__kitchen_still__NJEO6L5O.mp4,.mp4,5776441,already_compressed_or_media
data\train\archive (1)\FaceForensics++_C23\DeepFakeDetection\13_20__podium_speech_happy__C50CSOEX.mp4,.mp4,6826863,already_compressed_or_media
data\train\archive (1)\FaceForensics++_C23\DeepFakeDetection\13_20__walking_down_indoor_hall_disgust__NJEO6L5O.mp4,.mp4,19861586,already_compressed_or_media
data\train\archive (1)\FaceForensics++_C23\DeepFakeDetection\13_20__walking_down_indoor_hall_disgust__VO2YZXLN.mp4,.mp4,19790303,already_compressed_or_media
data\train\archive (1)\FaceForensics++_C23\DeepFakeDetection\13_25__exit_phone_room__7YMTAF29.mp4,.mp4,2472530,already_compressed_or_media
data\train\archive (1)\FaceForensics++_C23\DeepFakeDetection\13_25__hugging_happy__7YMTAF29.mp4,.mp4,17063895,already_compressed_or_media
data\train\archive (1)\FaceForensics++_C23\DeepFakeDetection\13_25__outside_talking_still_laughing__PBM86HKZ.mp4,.mp4,5507459,already_compressed_or_media
data\train\archive (1)\FaceForensics++_C23\DeepFakeDetection\13_25__walking_and_outside_surprised__PBM86HKZ.mp4,.mp4,12424724,already_compressed_or_media
data\train\archive (1)\FaceForensics++_C23\DeepFakeDetection\13_25__walking_down_street_outside_angry__IW9OFVMG.mp4,.mp4,4849528,already_compressed_or_media
data\train\archive (1)\FaceForensics++_C23\DeepFakeDetection\13_26__talking_against_wall__U5ELHUN5.mp4,.mp4,4330275,already_compressed_or_media
data\train\archive (1)\FaceForensics++_C23\DeepFakeDetection\13_26__walking_down_street_outside_angry__CJALTDKT.mp4,.mp4,4788755,already_compressed_or_media
data\train\archive (1)\FaceForensics++_C23\DeepFakeDetection\13_26__walking_outside_cafe_disgusted__SU8J9CBG.mp4,.mp4,2857259,already_compressed_or_media
data\train\archive (1)\FaceForensics++_C23\DeepFakeDetection\13_27__talking_against_wall__A1OSUJE9.mp4,.mp4,4357959,already_compressed_or_media
data\train\archive (1)\FaceForensics++_C23\DeepFakeDetection\13_27__walking_outside_cafe_disgusted__A1OSUJE9.mp4,.mp4,3082644,already_compressed_or_media
data\train\archive (1)\FaceForensics++_C23\DeepFakeDetection\14_01__hugging_happy__0S0NS5C6.mp4,.mp4,2368840,already_compressed_or_media
data\train\archive (1)\FaceForensics++_C23\DeepFakeDetection\14_01__kitchen_pan__0S0NS5C6.mp4,.mp4,5340137,already_compressed_or_media
data\train\archive (1)\FaceForensics++_C23\DeepFakeDetection\14_01__outside_talking_still_laughing__01YF7VQM.mp4,.mp4,9302561,already_compressed_or_media
data\train\archive (1)\FaceForensics++_C23\DeepFakeDetection\14_01__talking_angry_couch__0S0NS5C6.mp4,.mp4,17191048,already_compressed_or_media
data\train\archive (1)\FaceForensics++_C23\DeepFakeDetection\14_01__walking_and_outside_surprised__01YF7VQM.mp4,.mp4,11864334,already_compressed_or_media
data\train\archive (1)\FaceForensics++_C23\DeepFakeDetection\14_02__exit_phone_room__3IUBEKCT.mp4,.mp4,3292910,already_compressed_or_media
data\train\archive (1)\FaceForensics++_C23\DeepFakeDetection\14_02__outside_talking_pan_laughing__3IUBEKCT.mp4,.mp4,6752431,already_compressed_or_media
data\train\archive (1)\FaceForensics++_C23\DeepFakeDetection\14_02__podium_speech_happy__3IUBEKCT.mp4,.mp4,10464009,already_compressed_or_media
data\train\archive (1)\FaceForensics++_C23\DeepFakeDetection\14_03__exit_phone_room__0O9TTCJT.mp4,.mp4,3264519,already_compressed_or_media
data\train\archive (1)\FaceForensics++_C23\DeepFakeDetection\14_03__exit_phone_room__KJ221YN0.mp4,.mp4,3347497,already_compressed_or_media
data\train\archive (1)\FaceForensics++_C23\DeepFakeDetection\14_03__hugging_happy__PLCQJM81.mp4,.mp4,1985192,already_compressed_or_media
data\train\archive (1)\FaceForensics++_C23\DeepFakeDetection\14_03__kitchen_still__Q9NSXM88.mp4,.mp4,6172572,already_compressed_or_media
data\train\archive (1)\FaceForensics++_C23\DeepFakeDetection\14_03__outside_talking_still_laughing__KJ221YN0.mp4,.mp4,9206386,already_compressed_or_media
data\train\archive (1)\FaceForensics++_C23\DeepFakeDetection\14_03__talking_angry_couch__L0GHYIFS.mp4,.mp4,16987946,already_compressed_or_media
data\train\archive (1)\FaceForensics++_C23\DeepFakeDetection\14_03__walking_and_outside_surprised__P1L5PF4I.mp4,.mp4,11807062,already_compressed_or_media
data\train\archive (1)\FaceForensics++_C23\DeepFakeDetection\14_03__walking_down_indoor_hall_disgust__KJ221YN0.mp4,.mp4,18459383,already_compressed_or_media
data\train\archive (1)\FaceForensics++_C23\DeepFakeDetection\14_06__outside_talking_pan_laughing__8U9ULZDT.mp4,.mp4,6755838,already_compressed_or_media
data\train\archive (1)\FaceForensics++_C23\DeepFakeDetection\14_06__podium_speech_happy__8U9ULZDT.mp4,.mp4,10413079,already_compressed_or_media
data\train\archive (1)\FaceForensics++_C23\DeepFakeDetection\14_06__secret_conversation__8U9ULZDT.mp4,.mp4,5941837,already_compressed_or_media
data\train\archive (1)\FaceForensics++_C23\DeepFakeDetection\14_06__walking_and_outside_surprised__8U9ULZDT.mp4,.mp4,11797378,already_compressed_or_media
data\train\archive (1)\FaceForensics++_C23\DeepFakeDetection\14_07__walk_down_hall_angry__P9QFO50U.mp4,.mp4,2547485,already_compressed_or_media
data\train\archive (1)\FaceForensics++_C23\DeepFakeDetection\14_09__walking_down_indoor_hall_disgust__6TEK3ZX0.mp4,.mp4,17610331,already_compressed_or_media
data\train\archive (1)\FaceForensics++_C23\DeepFakeDetection\14_09__walking_down_street_outside_angry__6TEK3ZX0.mp4,.mp4,12464003,already_compressed_or_media
data\train\archive (1)\FaceForensics++_C23\DeepFakeDetection\14_12__podium_speech_happy__Z7EWFA0P.mp4,.mp4,9431986,already_compressed_or_media
data\train\archive (1)\FaceForensics++_C23\DeepFakeDetection\14_13__hugging_happy__KMQ3AW6A.mp4,.mp4,2337367,already_compressed_or_media
data\train\archive (1)\FaceForensics++_C23\DeepFakeDetection\14_13__kitchen_still__KMQ3AW6A.mp4,.mp4,6116811,already_compressed_or_media
data\train\archive (1)\FaceForensics++_C23\DeepFakeDetection\14_13__outside_talking_pan_laughing__KMQ3AW6A.mp4,.mp4,6752485,already_compressed_or_media
data\train\archive (1)\FaceForensics++_C23\DeepFakeDetection\14_13__talking_against_wall__KMQ3AW6A.mp4,.mp4,3764839,already_compressed_or_media
data\train\archive (1)\FaceForensics++_C23\DeepFakeDetection\14_13__talking_angry_couch__KMQ3AW6A.mp4,.mp4,16809740,already_compressed_or_media
data\train\archive (1)\FaceForensics++_C23\DeepFakeDetection\14_13__walk_down_hall_angry__KMQ3AW6A.mp4,.mp4,2510345,already_compressed_or_media
data\train\archive (1)\FaceForensics++_C23\DeepFakeDetection\14_15__hugging_happy__3FRJCJ0V.mp4,.mp4,2467126,already_compressed_or_media
data\train\archive (1)\FaceForensics++_C23\DeepFakeDetection\14_15__kitchen_pan__RF38N10R.mp4,.mp4,5308301,already_compressed_or_media
data\train\archive (1)\FaceForensics++_C23\DeepFakeDetection\14_15__talking_angry_couch__RF38N10R.mp4,.mp4,16961441,already_compressed_or_media
data\train\archive (1)\FaceForensics++_C23\DeepFakeDetection\14_15__walking_and_outside_surprised__OMLZILK3.mp4,.mp4,11431407,already_compressed_or_media
data\train\archive (1)\FaceForensics++_C23\DeepFakeDetection\14_15__walking_down_street_outside_angry__OMLZILK3.mp4,.mp4,12596710,already_compressed_or_media
data\train\archive (1)\FaceForensics++_C23\DeepFakeDetection\14_18__exit_phone_room__0YRBHIKG.mp4,.mp4,3191407,already_compressed_or_media
data\train\archive (1)\FaceForensics++_C23\DeepFakeDetection\14_18__hugging_happy__0YRBHIKG.mp4,.mp4,2030476,already_compressed_or_media
data\train\archive (1)\FaceForensics++_C23\DeepFakeDetection\14_18__kitchen_still__0YRBHIKG.mp4,.mp4,6162917,already_compressed_or_media
data\train\archive (1)\FaceForensics++_C23\DeepFakeDetection\14_18__kitchen_still__A5A1Q467.mp4,.mp4,6132498,already_compressed_or_media
data\train\archive (1)\FaceForensics++_C23\DeepFakeDetection\14_18__outside_talking_still_laughing__6SB2BR0A.mp4,.mp4,9307064,already_compressed_or_media
data\train\archive (1)\FaceForensics++_C23\DeepFakeDetection\14_18__podium_speech_happy__0YRBHIKG.mp4,.mp4,10482731,already_compressed_or_media
data\train\archive (1)\FaceForensics++_C23\DeepFakeDetection\14_18__talking_angry_couch__A5A1Q467.mp4,.mp4,16694514,already_compressed_or_media
data\train\archive (1)\FaceForensics++_C23\DeepFakeDetection\14_18__walking_down_indoor_hall_disgust__0YRBHIKG.mp4,.mp4,11342760,already_compressed_or_media
data\train\archive (1)\FaceForensics++_C23\DeepFakeDetection\14_20__hugging_happy__B014BKVO.mp4,.mp4,2061670,already_compressed_or_media
data\train\archive (1)\FaceForensics++_C23\DeepFakeDetection\14_20__kitchen_pan__R7SPX6OK.mp4,.mp4,5311818,already_compressed_or_media
data\train\archive (1)\FaceForensics++_C23\DeepFakeDetection\14_20__podium_speech_happy__R7SPX6OK.mp4,.mp4,10467055,already_compressed_or_media
data\train\archive (1)\FaceForensics++_C23\DeepFakeDetection\14_20__walking_and_outside_surprised__B014BKVO.mp4,.mp4,11863686,already_compressed_or_media
data\train\archive (1)\FaceForensics++_C23\DeepFakeDetection\14_20__walking_down_street_outside_angry__3HWOJRAM.mp4,.mp4,12126892,already_compressed_or_media
data\train\archive (1)\FaceForensics++_C23\DeepFakeDetection\14_20__walking_outside_cafe_disgusted__3HWOJRAM.mp4,.mp4,5770367,already_compressed_or_media
data\train\archive (1)\FaceForensics++_C23\DeepFakeDetection\14_21__exit_phone_room__IRKML4J0.mp4,.mp4,3349706,already_compressed_or_media
data\train\archive (1)\FaceForensics++_C23\DeepFakeDetection\14_21__podium_speech_happy__IRKML4J0.mp4,.mp4,10487168,already_compressed_or_media
data\train\archive (1)\FaceForensics++_C23\DeepFakeDetection\14_21__walk_down_hall_angry__N0WM4GSV.mp4,.mp4,2516322,already_compressed_or_media
data\train\archive (1)\FaceForensics++_C23\DeepFakeDetection\14_21__walking_and_outside_surprised__N0WM4GSV.mp4,.mp4,11687529,already_compressed_or_media
data\train\archive (1)\FaceForensics++_C23\DeepFakeDetection\14_21__walking_down_street_outside_angry__N0WM4GSV.mp4,.mp4,12104820,already_compressed_or_media
data\train\archive (1)\FaceForensics++_C23\DeepFakeDetection\14_26__kitchen_still__ILLP29ZH.mp4,.mp4,6176481,already_compressed_or_media
data\train\archive (1)\FaceForensics++_C23\DeepFakeDetection\14_26__outside_talking_still_laughing__ILLP29ZH.mp4,.mp4,9296338,already_compressed_or_media
data\train\archive (1)\FaceForensics++_C23\DeepFakeDetection\14_26__podium_speech_happy__ILLP29ZH.mp4,.mp4,10495162,already_compressed_or_media
data\train\archive (1)\FaceForensics++_C23\DeepFakeDetection\14_26__secret_conversation__SU8SAHTT.mp4,.mp4,5344257,already_compressed_or_media
data\train\archive (1)\FaceForensics++_C23\DeepFakeDetection\14_26__talking_angry_couch__ILLP29ZH.mp4,.mp4,17074160,already_compressed_or_media
data\train\archive (1)\FaceForensics++_C23\DeepFakeDetection\14_26__talking_angry_couch__SU8SAHTT.mp4,.mp4,16018306,already_compressed_or_media
data\train\archive (1)\FaceForensics++_C23\DeepFakeDetection\15_01__kitchen_still__02HILKYO.mp4,.mp4,5202648,already_compressed_or_media
data\train\archive (1)\FaceForensics++_C23\DeepFakeDetection\15_01__outside_talking_still_laughing__02HILKYO.mp4,.mp4,6917218,already_compressed_or_media
data\train\archive (1)\FaceForensics++_C23\DeepFakeDetection\15_02__hugging_happy__SB6PMCO0.mp4,.mp4,14123351,already_compressed_or_media
data\train\archive (1)\FaceForensics++_C23\DeepFakeDetection\15_02__kitchen_still__HTG660F8.mp4,.mp4,5264701,already_compressed_or_media
data\train\archive (1)\FaceForensics++_C23\DeepFakeDetection\15_02__kitchen_still__SB6PMCO0.mp4,.mp4,5214582,already_compressed_or_media
data\train\archive (1)\FaceForensics++_C23\DeepFakeDetection\15_02__outside_talking_pan_laughing__MCRFMYAE.mp4,.mp4,7511236,already_compressed_or_media
data\train\archive (1)\FaceForensics++_C23\DeepFakeDetection\15_02__talking_against_wall__HTG660F8.mp4,.mp4,5832406,already_compressed_or_media
data\train\archive (1)\FaceForensics++_C23\DeepFakeDetection\15_02__talking_against_wall__MZWH8ATN.mp4,.mp4,5792999,already_compressed_or_media
data\train\archive (1)\FaceForensics++_C23\DeepFakeDetection\15_02__talking_against_wall__TSRK8QS4.mp4,.mp4,5860077,already_compressed_or_media
data\train\archive (1)\FaceForensics++_C23\DeepFakeDetection\15_02__walking_down_indoor_hall_disgust__HTG660F8.mp4,.mp4,21093652,already_compressed_or_media
data\train\archive (1)\FaceForensics++_C23\DeepFakeDetection\15_02__walking_outside_cafe_disgusted__P2FAY3DR.mp4,.mp4,2840959,already_compressed_or_media
data\train\archive (1)\FaceForensics++_C23\DeepFakeDetection\15_03__exit_phone_room__GZNLO4X9.mp4,.mp4,1682301,already_compressed_or_media
data\train\archive (1)\FaceForensics++_C23\DeepFakeDetection\15_03__kitchen_pan__DG8ITQO3.mp4,.mp4,4719687,already_compressed_or_media
data\train\archive (1)\FaceForensics++_C23\DeepFakeDetection\15_03__podium_speech_happy__OY4I7ZU8.mp4,.mp4,9289184,already_compressed_or_media
data\train\archive (1)\FaceForensics++_C23\DeepFakeDetection\15_03__podium_speech_happy__Y11NT1YX.mp4,.mp4,9218951,already_compressed_or_media
data\train\archive (1)\FaceForensics++_C23\DeepFakeDetection\15_03__talking_angry_couch__5C1OMK8W.mp4,.mp4,14305812,already_compressed_or_media
data\train\archive (1)\FaceForensics++_C23\DeepFakeDetection\15_03__talking_angry_couch__DNUJD8M2.mp4,.mp4,14440241,already_compressed_or_media
data\train\archive (1)\FaceForensics++_C23\DeepFakeDetection\15_03__talking_angry_couch__T5SHH2UL.mp4,.mp4,14377758,already_compressed_or_media
data\train\archive (1)\FaceForensics++_C23\DeepFakeDetection\15_04__kitchen_pan__46TJ9IOJ.mp4,.mp4,4692391,already_compressed_or_media
data\train\archive (1)\FaceForensics++_C23\DeepFakeDetection\15_04__kitchen_still__46TJ9IOJ.mp4,.mp4,5231157,already_compressed_or_media
data\train\archive (1)\FaceForensics++_C23\DeepFakeDetection\15_04__outside_talking_pan_laughing__7NW4Z6WZ.mp4,.mp4,7466461,already_compressed_or_media
data\train\archive (1)\FaceForensics++_C23\DeepFakeDetection\15_04__talking_against_wall__46TJ9IOJ.mp4,.mp4,5958270,already_compressed_or_media
data\train\archive (1)\FaceForensics++_C23\DeepFakeDetection\15_04__walking_and_outside_surprised__46TJ9IOJ.mp4,.mp4,12691563,already_compressed_or_media
data\train\archive (1)\FaceForensics++_C23\DeepFakeDetection\15_06__exit_phone_room__E98QYYXO.mp4,.mp4,1684252,already_compressed_or_media
data\train\archive (1)\FaceForensics++_C23\DeepFakeDetection\15_06__kitchen_still__E98QYYXO.mp4,.mp4,5211823,already_compressed_or_media
data\train\archive (1)\FaceForensics++_C23\DeepFakeDetection\15_06__outside_talking_pan_laughing__QRCD27P8.mp4,.mp4,7518627,already_compressed_or_media
data\train\archive (1)\FaceForensics++_C23\DeepFakeDetection\15_06__talking_against_wall__QRCD27P8.mp4,.mp4,5863950,already_compressed_or_media
data\train\archive (1)\FaceForensics++_C23\DeepFakeDetection\15_06__walking_down_indoor_hall_disgust__QRCD27P8.mp4,.mp4,20951447,already_compressed_or_media
data\train\archive (1)\FaceForensics++_C23\DeepFakeDetection\15_06__walking_down_street_outside_angry__YDX3GHFS.mp4,.mp4,2767417,already_compressed_or_media
data\train\archive (1)\FaceForensics++_C23\DeepFakeDetection\15_06__walking_outside_cafe_disgusted__QRCD27P8.mp4,.mp4,2847876,already_compressed_or_media
data\train\archive (1)\FaceForensics++_C23\DeepFakeDetection\15_07__kitchen_still__9Z2MLKVX.mp4,.mp4,5183528,already_compressed_or_media
data\train\archive (1)\FaceForensics++_C23\DeepFakeDetection\15_07__podium_speech_happy__KM6M2TBT.mp4,.mp4,9234426,already_compressed_or_media
data\train\archive (1)\FaceForensics++_C23\DeepFakeDetection\15_07__walking_down_indoor_hall_disgust__NYPO7U50.mp4,.mp4,18175489,already_compressed_or_media
data\train\archive (1)\FaceForensics++_C23\DeepFakeDetection\15_12__hugging_happy__N0SRODQD.mp4,.mp4,12201773,already_compressed_or_media
data\train\archive (1)\FaceForensics++_C23\DeepFakeDetection\15_12__outside_talking_still_laughing__RK17XFJ9.mp4,.mp4,6603013,already_compressed_or_media
data\train\archive (1)\FaceForensics++_C23\DeepFakeDetection\15_12__talking_angry_couch__N0SRODQD.mp4,.mp4,11344748,already_compressed_or_media
data\train\archive (1)\FaceForensics++_C23\DeepFakeDetection\15_12__talking_angry_couch__RK17XFJ9.mp4,.mp4,13667685,already_compressed_or_media
data\train\archive (1)\FaceForensics++_C23\DeepFakeDetection\15_12__walking_down_indoor_hall_disgust__RK17XFJ9.mp4,.mp4,20979939,already_compressed_or_media
data\train\archive (1)\FaceForensics++_C23\DeepFakeDetection\15_12__walking_down_street_outside_angry__N0SRODQD.mp4,.mp4,2923899,already_compressed_or_media
data\train\archive (1)\FaceForensics++_C23\DeepFakeDetection\15_13__kitchen_pan__X0EIIJF7.mp4,.mp4,4657840,already_compressed_or_media
data\train\archive (1)\FaceForensics++_C23\DeepFakeDetection\15_14__exit_phone_room__OMLZILK3.mp4,.mp4,1819953,already_compressed_or_media
data\train\archive (1)\FaceForensics++_C23\DeepFakeDetection\15_14__exit_phone_room__RNHLLKSQ.mp4,.mp4,1805575,already_compressed_or_media
data\train\archive (1)\FaceForensics++_C23\DeepFakeDetection\15_14__talking_against_wall__4SO1CSAM.mp4,.mp4,5861553,already_compressed_or_media
data\train\archive (1)\FaceForensics++_C23\DeepFakeDetection\15_18__kitchen_still__V5VHLCOW.mp4,.mp4,5168127,already_compressed_or_media
data\train\archive (1)\FaceForensics++_C23\DeepFakeDetection\15_18__talking_angry_couch__V5VHLCOW.mp4,.mp4,14110829,already_compressed_or_media
data\train\archive (1)\FaceForensics++_C23\DeepFakeDetection\15_18__walking_down_indoor_hall_disgust__V5VHLCOW.mp4,.mp4,20918636,already_compressed_or_media
data\train\archive (1)\FaceForensics++_C23\DeepFakeDetection\15_20__kitchen_pan__99NHTFBM.mp4,.mp4,4717818,already_compressed_or_media
data\train\archive (1)\FaceForensics++_C23\DeepFakeDetection\15_20__outside_talking_pan_laughing__99NHTFBM.mp4,.mp4,7557679,already_compressed_or_media
data\train\archive (1)\FaceForensics++_C23\DeepFakeDetection\15_20__outside_talking_still_laughing__99NHTFBM.mp4,.mp4,6870475,already_compressed_or_media
data\train\archive (1)\FaceForensics++_C23\DeepFakeDetection\15_20__walking_down_indoor_hall_disgust__CYD62VPP.mp4,.mp4,18338612,already_compressed_or_media
data\train\archive (1)\FaceForensics++_C23\DeepFakeDetection\15_21__kitchen_pan__87WSBJP3.mp4,.mp4,4699320,already_compressed_or_media
data\train\archive (1)\FaceForensics++_C23\DeepFakeDetection\15_25__talking_angry_couch__FF95NMIQ.mp4,.mp4,14417072,already_compressed_or_media
data\train\archive (1)\FaceForensics++_C23\DeepFakeDetection\15_27__outside_talking_still_laughing__WZ4MLUAV.mp4,.mp4,6952090,already_compressed_or_media
data\train\archive (1)\FaceForensics++_C23\DeepFakeDetection\15_27__podium_speech_happy__2ERUWYH8.mp4,.mp4,9235462,already_compressed_or_media
data\train\archive (1)\FaceForensics++_C23\DeepFakeDetection\16_05__kitchen_still__053HPS1G.mp4,.mp4,5067980,already_compressed_or_media
data\train\archive (1)\FaceForensics++_C23\DeepFakeDetection\16_05__outside_talking_pan_laughing__053HPS1G.mp4,.mp4,7791217,already_compressed_or_media
data\train\archive (1)\FaceForensics++_C23\DeepFakeDetection\16_05__walking_down_street_outside_angry__BY646B4R.mp4,.mp4,6544349,already_compressed_or_media
data\train\archive (1)\FaceForensics++_C23\DeepFakeDetection\16_05__walking_outside_cafe_disgusted__053HPS1G.mp4,.mp4,8327817,already_compressed_or_media
data\train\archive (1)\FaceForensics++_C23\DeepFakeDetection\16_08__kitchen_still__8Q7JCS95.mp4,.mp4,5201875,already_compressed_or_media
data\train\archive (1)\FaceForensics++_C23\DeepFakeDetection\16_17__exit_phone_room__S7UMSIQV.mp4,.mp4,2862712,already_compressed_or_media
data\train\archive (1)\FaceForensics++_C23\DeepFakeDetection\16_17__walking_outside_cafe_disgusted__S7UMSIQV.mp4,.mp4,7863155,already_compressed_or_media
data\train\archive (1)\FaceForensics++_C23\DeepFakeDetection\16_28__hugging_happy__X5FNCYON.mp4,.mp4,9823304,already_compressed_or_media
data\train\archive (1)\FaceForensics++_C23\DeepFakeDetection\16_28__outside_talking_pan_laughing__X5FNCYON.mp4,.mp4,7881742,already_compressed_or_media
data\train\archive (1)\FaceForensics++_C23\DeepFakeDetection\17_05__walk_down_hall_angry__YTJYYDO9.mp4,.mp4,1473236,already_compressed_or_media
data\train\archive (1)\FaceForensics++_C23\DeepFakeDetection\17_08__exit_phone_room__CFIY1YEQ.mp4,.mp4,3948869,already_compressed_or_media
data\train\archive (1)\FaceForensics++_C23\DeepFakeDetection\17_08__hugging_happy__05AN86QA.mp4,.mp4,4801398,already_compressed_or_media
data\train\archive (1)\FaceForensics++_C23\DeepFakeDetection\17_08__outside_talking_still_laughing__PBVFRHF5.mp4,.mp4,3097129,already_compressed_or_media
data\train\archive (1)\FaceForensics++_C23\DeepFakeDetection\17_08__podium_speech_happy__ISS1V0B1.mp4,.mp4,10101286,already_compressed_or_media
data\train\archive (1)\FaceForensics++_C23\DeepFakeDetection\17_08__talking_against_wall__QOX5NWIJ.mp4,.mp4,5209091,already_compressed_or_media
data\train\archive (1)\FaceForensics++_C23\DeepFakeDetection\17_08__talking_angry_couch__05AN86QA.mp4,.mp4,18240294,already_compressed_or_media
data\train\archive (1)\FaceForensics++_C23\DeepFakeDetection\17_08__walking_down_indoor_hall_disgust__JZYRLJ8T.mp4,.mp4,16676480,already_compressed_or_media
data\train\archive (1)\FaceForensics++_C23\DeepFakeDetection\17_16__exit_phone_room__S7UMSIQV.mp4,.mp4,3769347,already_compressed_or_media
data\train\archive (1)\FaceForensics++_C23\DeepFakeDetection\17_16__hugging_happy__S7UMSIQV.mp4,.mp4,4859983,already_compressed_or_media
data\train\archive (1)\FaceForensics++_C23\DeepFakeDetection\17_16__podium_speech_happy__EWJJTZHY.mp4,.mp4,10012387,already_compressed_or_media
data\train\archive (1)\FaceForensics++_C23\DeepFakeDetection\17_16__walk_down_hall_angry__EWJJTZHY.mp4,.mp4,1214268,already_compressed_or_media
data\train\archive (1)\FaceForensics++_C23\DeepFakeDetection\17_16__walk_down_hall_angry__P141P1QH.mp4,.mp4,1444150,already_compressed_or_media
data\train\archive (1)\FaceForensics++_C23\DeepFakeDetection\17_16__walking_down_indoor_hall_disgust__S7UMSIQV.mp4,.mp4,16466138,already_compressed_or_media
data\train\archive (1)\FaceForensics++_C23\DeepFakeDetection\18_02__exit_phone_room__B95S4G6F.mp4,.mp4,2763559,already_compressed_or_media
data\train\archive (1)\FaceForensics++_C23\DeepFakeDetection\18_02__kitchen_still__B95S4G6F.mp4,.mp4,9576339,already_compressed_or_media
data\train\archive (1)\FaceForensics++_C23\DeepFakeDetection\18_02__secret_conversation__B95S4G6F.mp4,.mp4,10295087,already_compressed_or_media
data\train\archive (1)\FaceForensics++_C23\DeepFakeDetection\18_03__exit_phone_room__22UBC0BS.mp4,.mp4,2765700,already_compressed_or_media
data\train\archive (1)\FaceForensics++_C23\DeepFakeDetection\18_03__exit_phone_room__32DBR8L4.mp4,.mp4,2586013,already_compressed_or_media
data\train\archive (1)\FaceForensics++_C23\DeepFakeDetection\18_03__kitchen_still__22UBC0BS.mp4,.mp4,9556817,already_compressed_or_media
data\train\archive (1)\FaceForensics++_C23\DeepFakeDetection\18_03__secret_conversation__32DBR8L4.mp4,.mp4,2374003,already_compressed_or_media
data\train\archive (1)\FaceForensics++_C23\DeepFakeDetection\18_03__walking_down_street_outside_angry__22UBC0BS.mp4,.mp4,4564253,already_compressed_or_media
data\train\archive (1)\FaceForensics++_C23\DeepFakeDetection\18_04__talking_against_wall__6J3ZFEJQ.mp4,.mp4,8047993,already_compressed_or_media
data\train\archive (1)\FaceForensics++_C23\DeepFakeDetection\18_04__walking_outside_cafe_disgusted__6J3ZFEJQ.mp4,.mp4,3958758,already_compressed_or_media
data\train\archive (1)\FaceForensics++_C23\DeepFakeDetection\18_06__kitchen_pan__XJ76YU5A.mp4,.mp4,9215671,already_compressed_or_media
data\train\archive (1)\FaceForensics++_C23\DeepFakeDetection\18_06__outside_talking_pan_laughing__DEA1TCLN.mp4,.mp4,10727702,already_compressed_or_media
data\train\archive (1)\FaceForensics++_C23\DeepFakeDetection\18_06__podium_speech_happy__M36D0OJT.mp4,.mp4,10185044,already_compressed_or_media
data\train\archive (1)\FaceForensics++_C23\DeepFakeDetection\18_06__walking_down_street_outside_angry__MVXBDKGB.mp4,.mp4,4354590,already_compressed_or_media
data\train\archive (1)\FaceForensics++_C23\DeepFakeDetection\18_06__walking_outside_cafe_disgusted__OWJY9LQU.mp4,.mp4,3819350,already_compressed_or_media
data\train\archive (1)\FaceForensics++_C23\DeepFakeDetection\18_09__exit_phone_room__3VP8836C.mp4,.mp4,2638341,already_compressed_or_media
data\train\archive (1)\FaceForensics++_C23\DeepFakeDetection\18_09__kitchen_still__3VP8836C.mp4,.mp4,9445672,already_compressed_or_media
data\train\archive (1)\FaceForensics++_C23\DeepFakeDetection\18_09__walk_down_hall_angry__3VP8836C.mp4,.mp4,2237325,already_compressed_or_media
data\train\archive (1)\FaceForensics++_C23\DeepFakeDetection\18_09__walking_outside_cafe_disgusted__3VP8836C.mp4,.mp4,3817285,already_compressed_or_media
data\train\archive (1)\FaceForensics++_C23\DeepFakeDetection\18_11__secret_conversation__JJ1YREUN.mp4,.mp4,10253703,already_compressed_or_media
data\train\archive (1)\FaceForensics++_C23\DeepFakeDetection\18_11__secret_conversation__PT4YKO2R.mp4,.mp4,2391917,already_compressed_or_media
data\train\archive (1)\FaceForensics++_C23\DeepFakeDetection\18_11__walking_down_street_outside_angry__PT4YKO2R.mp4,.mp4,4278763,already_compressed_or_media
data\train\archive (1)\FaceForensics++_C23\DeepFakeDetection\18_11__walking_outside_cafe_disgusted__TRJUIS24.mp4,.mp4,3658248,already_compressed_or_media
data\train\archive (1)\FaceForensics++_C23\DeepFakeDetection\18_12__outside_talking_pan_laughing__IKH1LBBY.mp4,.mp4,9833065,already_compressed_or_media
data\train\archive (1)\FaceForensics++_C23\DeepFakeDetection\18_12__outside_talking_still_laughing__IKH1LBBY.mp4,.mp4,9383326,already_compressed_or_media
data\train\archive (1)\FaceForensics++_C23\DeepFakeDetection\18_14__exit_phone_room__0YRBHIKG.mp4,.mp4,2579629,already_compressed_or_media
data\train\archive (1)\FaceForensics++_C23\DeepFakeDetection\18_14__outside_talking_still_laughing__6SB2BR0A.mp4,.mp4,9915481,already_compressed_or_media
data\train\archive (1)\FaceForensics++_C23\DeepFakeDetection\18_14__podium_speech_happy__0YRBHIKG.mp4,.mp4,10218245,already_compressed_or_media
data\train\archive (1)\FaceForensics++_C23\DeepFakeDetection\18_14__secret_conversation__HYMNQ00Q.mp4,.mp4,10266007,already_compressed_or_media
data\train\archive (1)\FaceForensics++_C23\DeepFakeDetection\18_14__talking_against_wall__0YRBHIKG.mp4,.mp4,8029566,already_compressed_or_media
data\train\archive (1)\FaceForensics++_C23\DeepFakeDetection\18_15__kitchen_pan__V5VHLCOW.mp4,.mp4,9203000,already_compressed_or_media
data\train\archive (1)\FaceForensics++_C23\DeepFakeDetection\18_15__kitchen_still__V5VHLCOW.mp4,.mp4,9573778,already_compressed_or_media
data\train\archive (1)\FaceForensics++_C23\DeepFakeDetection\18_15__outside_talking_still_laughing__V5VHLCOW.mp4,.mp4,9815381,already_compressed_or_media
data\train\archive (1)\FaceForensics++_C23\DeepFakeDetection\18_15__walking_down_street_outside_angry__V5VHLCOW.mp4,.mp4,4630742,already_compressed_or_media
data\train\archive (1)\FaceForensics++_C23\DeepFakeDetection\18_25__exit_phone_room__AUC0HY5T.mp4,.mp4,2578405,already_compressed_or_media
data\train\archive (1)\FaceForensics++_C23\DeepFakeDetection\18_25__outside_talking_pan_laughing__AUC0HY5T.mp4,.mp4,10611438,already_compressed_or_media
data\train\archive (1)\FaceForensics++_C23\DeepFakeDetection\18_25__walk_down_hall_angry__AUC0HY5T.mp4,.mp4,2215376,already_compressed_or_media
data\train\archive (1)\FaceForensics++_C23\DeepFakeDetection\18_25__walking_outside_cafe_disgusted__SEGFKFJG.mp4,.mp4,3647433,already_compressed_or_media
data\train\archive (1)\FaceForensics++_C23\DeepFakeDetection\18_26__kitchen_still__UMEX6HWU.mp4,.mp4,9602331,already_compressed_or_media
data\train\archive (1)\FaceForensics++_C23\DeepFakeDetection\18_26__outside_talking_still_laughing__UMEX6HWU.mp4,.mp4,9717340,already_compressed_or_media
data\train\archive (1)\FaceForensics++_C23\DeepFakeDetection\18_26__secret_conversation__UMEX6HWU.mp4,.mp4,10356593,already_compressed_or_media
data\train\archive (1)\FaceForensics++_C23\DeepFakeDetection\18_26__walk_down_hall_angry__AI94QW74.mp4,.mp4,2302025,already_compressed_or_media
data\train\archive (1)\FaceForensics++_C23\DeepFakeDetection\18_26__walking_outside_cafe_disgusted__UMEX6HWU.mp4,.mp4,3951663,already_compressed_or_media
data\train\archive (1)\FaceForensics++_C23\DeepFakeDetection\18_27__kitchen_still__NYHE8D0J.mp4,.mp4,9566990,already_compressed_or_media
data\train\archive (1)\FaceForensics++_C23\DeepFakeDetection\18_27__outside_talking_still_laughing__G7OOOUCX.mp4,.mp4,9950481,already_compressed_or_media
data\train\archive (1)\FaceForensics++_C23\DeepFakeDetection\18_27__walking_outside_cafe_disgusted__NYHE8D0J.mp4,.mp4,3823173,already_compressed_or_media
data\train\archive (1)\FaceForensics++_C23\DeepFakeDetection\19_10__exit_phone_room__IDX76N5R.mp4,.mp4,1838015,already_compressed_or_media
data\train\archive (1)\FaceForensics++_C23\DeepFakeDetection\19_10__podium_speech_happy__FFXB67PI.mp4,.mp4,5992167,already_compressed_or_media
data\train\archive (1)\FaceForensics++_C23\DeepFakeDetection\19_10__talking_against_wall__O2IKR6YM.mp4,.mp4,5760967,already_compressed_or_media
data\train\archive (1)\FaceForensics++_C23\DeepFakeDetection\19_10__walk_down_hall_angry__BVVPN5D5.mp4,.mp4,2034783,already_compressed_or_media
data\train\archive (1)\FaceForensics++_C23\DeepFakeDetection\19_22__outside_talking_pan_laughing__VK6BF5NV.mp4,.mp4,6697872,already_compressed_or_media
data\train\archive (1)\FaceForensics++_C23\DeepFakeDetection\19_22__talking_against_wall__VK6BF5NV.mp4,.mp4,5410180,already_compressed_or_media
data\train\archive (1)\FaceForensics++_C23\DeepFakeDetection\19_23__kitchen_pan__H4SUVFTL.mp4,.mp4,6055191,already_compressed_or_media
data\train\archive (1)\FaceForensics++_C23\DeepFakeDetection\19_23__kitchen_pan__WHQ1229T.mp4,.mp4,6026258,already_compressed_or_media
data\train\archive (1)\FaceForensics++_C23\DeepFakeDetection\19_23__outside_talking_pan_laughing__H4SUVFTL.mp4,.mp4,6707944,already_compressed_or_media
data\train\archive (1)\FaceForensics++_C23\DeepFakeDetection\19_23__talking_angry_couch__F7U8UY7V.mp4,.mp4,15659240,already_compressed_or_media
data\train\archive (1)\FaceForensics++_C23\DeepFakeDetection\19_23__walk_down_hall_angry__F7U8UY7V.mp4,.mp4,2045731,already_compressed_or_media
data\train\archive (1)\FaceForensics++_C23\DeepFakeDetection\19_23__walking_outside_cafe_disgusted__F7U8UY7V.mp4,.mp4,2964449,already_compressed_or_media
data\train\archive (1)\FaceForensics++_C23\DeepFakeDetection\19_23__walking_outside_cafe_disgusted__WHQ1229T.mp4,.mp4,3097517,already_compressed_or_media
data\train\archive (1)\FaceForensics++_C23\DeepFakeDetection\19_24__kitchen_pan__NPZW2Z9L.mp4,.mp4,5935639,already_compressed_or_media
data\train\archive (1)\FaceForensics++_C23\DeepFakeDetection\19_24__kitchen_pan__QD5K7BP2.mp4,.mp4,5940056,already_compressed_or_media
data\train\archive (1)\FaceForensics++_C23\DeepFakeDetection\19_24__kitchen_still__GNHYZ84G.mp4,.mp4,5690812,already_compressed_or_media
data\train\archive (1)\FaceForensics++_C23\DeepFakeDetection\19_24__outside_talking_pan_laughing__59PN7WZ2.mp4,.mp4,6725647,already_compressed_or_media
data\train\archive (1)\FaceForensics++_C23\DeepFakeDetection\19_24__outside_talking_pan_laughing__OF8LF68K.mp4,.mp4,6730439,already_compressed_or_media
data\train\archive (1)\FaceForensics++_C23\DeepFakeDetection\19_24__outside_talking_still_laughing__59PN7WZ2.mp4,.mp4,6516042,already_compressed_or_media
data\train\archive (1)\FaceForensics++_C23\DeepFakeDetection\19_24__outside_talking_still_laughing__DL7X7M6I.mp4,.mp4,6479164,already_compressed_or_media
data\train\archive (1)\FaceForensics++_C23\DeepFakeDetection\19_24__secret_conversation__59PN7WZ2.mp4,.mp4,1192380,already_compressed_or_media
data\train\archive (1)\FaceForensics++_C23\DeepFakeDetection\19_24__talking_angry_couch__W1DEM0XM.mp4,.mp4,15270293,already_compressed_or_media
data\train\archive (1)\FaceForensics++_C23\DeepFakeDetection\19_24__walk_down_hall_angry__59PN7WZ2.mp4,.mp4,2051993,already_compressed_or_media
data\train\archive (1)\FaceForensics++_C23\DeepFakeDetection\19_24__walk_down_hall_angry__OF8LF68K.mp4,.mp4,1979718,already_compressed_or_media
data\train\archive (1)\FaceForensics++_C23\DeepFakeDetection\19_24__walk_down_hall_angry__RKQTC50P.mp4,.mp4,1995758,already_compressed_or_media
data\train\archive (1)\FaceForensics++_C23\DeepFakeDetection\19_24__walk_down_hall_angry__W1DEM0XM.mp4,.mp4,2003423,already_compressed_or_media
data\train\archive (1)\FaceForensics++_C23\DeepFakeDetection\20_01__kitchen_pan__6UBMLXK3.mp4,.mp4,4409394,already_compressed_or_media
data\train\archive (1)\FaceForensics++_C23\DeepFakeDetection\20_01__kitchen_still__FW94AIMJ.mp4,.mp4,5588571,already_compressed_or_media
data\train\archive (1)\FaceForensics++_C23\DeepFakeDetection\20_01__outside_talking_still_laughing__FW94AIMJ.mp4,.mp4,5815860,already_compressed_or_media
data\train\archive (1)\FaceForensics++_C23\DeepFakeDetection\20_01__talking_angry_couch__FW94AIMJ.mp4,.mp4,17915572,already_compressed_or_media
data\train\archive (1)\FaceForensics++_C23\DeepFakeDetection\20_01__walking_and_outside_surprised__6UBMLXK3.mp4,.mp4,16130112,already_compressed_or_media
data\train\archive (1)\FaceForensics++_C23\DeepFakeDetection\20_03__hugging_happy__Z6V05FXO.mp4,.mp4,9989496,already_compressed_or_media
data\train\archive (1)\FaceForensics++_C23\DeepFakeDetection\20_03__talking_angry_couch__61SVZ2J7.mp4,.mp4,17918676,already_compressed_or_media
data\train\archive (1)\FaceForensics++_C23\DeepFakeDetection\20_03__walk_down_hall_angry__61SVZ2J7.mp4,.mp4,2561857,already_compressed_or_media
data\train\archive (1)\FaceForensics++_C23\DeepFakeDetection\20_06__outside_talking_pan_laughing__6SUW7063.mp4,.mp4,7068859,already_compressed_or_media
data\train\archive (1)\FaceForensics++_C23\DeepFakeDetection\20_06__podium_speech_happy__6SUW7063.mp4,.mp4,6603127,already_compressed_or_media
data\train\archive (1)\FaceForensics++_C23\DeepFakeDetection\20_07__outside_talking_pan_laughing__5VT4USF9.mp4,.mp4,7080137,already_compressed_or_media
data\train\archive (1)\FaceForensics++_C23\DeepFakeDetection\20_09__kitchen_pan__HG1S0KHA.mp4,.mp4,4446994,already_compressed_or_media
data\train\archive (1)\FaceForensics++_C23\DeepFakeDetection\20_09__kitchen_pan__MKEWB4SM.mp4,.mp4,4490276,already_compressed_or_media
data\train\archive (1)\FaceForensics++_C23\DeepFakeDetection\20_09__outside_talking_pan_laughing__MKEWB4SM.mp4,.mp4,7112901,already_compressed_or_media
data\train\archive (1)\FaceForensics++_C23\DeepFakeDetection\20_09__outside_talking_still_laughing__98NUQ3E6.mp4,.mp4,5766368,already_compressed_or_media
data\train\archive (1)\FaceForensics++_C23\DeepFakeDetection\20_09__podium_speech_happy__RAGUKRMK.mp4,.mp4,6570653,already_compressed_or_media
data\train\archive (1)\FaceForensics++_C23\DeepFakeDetection\20_09__walk_down_hall_angry__RAGUKRMK.mp4,.mp4,2395804,already_compressed_or_media
data\train\archive (1)\FaceForensics++_C23\DeepFakeDetection\20_09__walking_down_indoor_hall_disgust__0IRM5ADD.mp4,.mp4,18634174,already_compressed_or_media
data\train\archive (1)\FaceForensics++_C23\DeepFakeDetection\20_09__walking_down_indoor_hall_disgust__RAGUKRMK.mp4,.mp4,18480270,already_compressed_or_media
data\train\archive (1)\FaceForensics++_C23\DeepFakeDetection\20_12__kitchen_still__VD7BCF1U.mp4,.mp4,5572206,already_compressed_or_media
data\train\archive (1)\FaceForensics++_C23\DeepFakeDetection\20_12__outside_talking_pan_laughing__VD7BCF1U.mp4,.mp4,7114846,already_compressed_or_media
data\train\archive (1)\FaceForensics++_C23\DeepFakeDetection\20_12__walk_down_hall_angry__B0X1CGG2.mp4,.mp4,2371190,already_compressed_or_media
data\train\archive (1)\FaceForensics++_C23\DeepFakeDetection\20_13__hugging_happy__C50CSOEX.mp4,.mp4,9754244,already_compressed_or_media
data\train\archive (1)\FaceForensics++_C23\DeepFakeDetection\20_13__hugging_happy__HQHYKNGK.mp4,.mp4,9296052,already_compressed_or_media
data\train\archive (1)\FaceForensics++_C23\DeepFakeDetection\20_13__kitchen_pan__4SAX54BT.mp4,.mp4,4574418,already_compressed_or_media
data\train\archive (1)\FaceForensics++_C23\DeepFakeDetection\20_13__kitchen_still__NJEO6L5O.mp4,.mp4,5577246,already_compressed_or_media
data\train\archive (1)\FaceForensics++_C23\DeepFakeDetection\20_13__outside_talking_still_laughing__LXLR1B6N.mp4,.mp4,5738816,already_compressed_or_media
data\train\archive (1)\FaceForensics++_C23\DeepFakeDetection\20_13__walk_down_hall_angry__4SAX54BT.mp4,.mp4,2571890,already_compressed_or_media
data\train\archive (1)\FaceForensics++_C23\DeepFakeDetection\20_13__walk_down_hall_angry__HQHYKNGK.mp4,.mp4,2372146,already_compressed_or_media
data\train\archive (1)\FaceForensics++_C23\DeepFakeDetection\20_13__walking_down_indoor_hall_disgust__NJEO6L5O.mp4,.mp4,13291630,already_compressed_or_media
data\train\archive (1)\FaceForensics++_C23\DeepFakeDetection\20_13__walking_down_indoor_hall_disgust__VO2YZXLN.mp4,.mp4,13341232,already_compressed_or_media
data\train\archive (1)\FaceForensics++_C23\DeepFakeDetection\20_14__outside_talking_pan_laughing__R7SPX6OK.mp4,.mp4,7091197,already_compressed_or_media
data\train\archive (1)\FaceForensics++_C23\DeepFakeDetection\20_14__podium_speech_happy__B014BKVO.mp4,.mp4,6625670,already_compressed_or_media
data\train\archive (1)\FaceForensics++_C23\DeepFakeDetection\20_14__talking_angry_couch__R7SPX6OK.mp4,.mp4,17979063,already_compressed_or_media
data\train\archive (1)\FaceForensics++_C23\DeepFakeDetection\20_15__outside_talking_pan_laughing__99NHTFBM.mp4,.mp4,7069319,already_compressed_or_media
data\train\archive (1)\FaceForensics++_C23\DeepFakeDetection\20_15__podium_speech_happy__99NHTFBM.mp4,.mp4,6557839,already_compressed_or_media
data\train\archive (1)\FaceForensics++_C23\DeepFakeDetection\20_15__secret_conversation__99NHTFBM.mp4,.mp4,5875735,already_compressed_or_media
data\train\archive (1)\FaceForensics++_C23\DeepFakeDetection\20_15__walking_down_indoor_hall_disgust__99NHTFBM.mp4,.mp4,18621446,already_compressed_or_media
data\train\archive (1)\FaceForensics++_C23\DeepFakeDetection\20_15__walking_down_indoor_hall_disgust__CYD62VPP.mp4,.mp4,13401433,already_compressed_or_media
data\train\archive (1)\FaceForensics++_C23\DeepFakeDetection\20_15__walking_outside_cafe_disgusted__99NHTFBM.mp4,.mp4,6514611,already_compressed_or_media
data\train\archive (1)\FaceForensics++_C23\DeepFakeDetection\20_18__outside_talking_pan_laughing__8BMQOD7S.mp4,.mp4,7058296,already_compressed_or_media
data\train\archive (1)\FaceForensics++_C23\DeepFakeDetection\20_18__walking_down_indoor_hall_disgust__8BMQOD7S.mp4,.mp4,18673757,already_compressed_or_media
data\train\archive (1)\FaceForensics++_C23\DeepFakeDetection\20_21__kitchen_still__ZCB5OMEW.mp4,.mp4,4386580,already_compressed_or_media
data\train\archive (1)\FaceForensics++_C23\DeepFakeDetection\20_21__secret_conversation__ZCB5OMEW.mp4,.mp4,337891,already_compressed_or_media
data\train\archive (1)\FaceForensics++_C23\DeepFakeDetection\20_21__walking_down_indoor_hall_disgust__ZCB5OMEW.mp4,.mp4,13541518,already_compressed_or_media
data\train\archive (1)\FaceForensics++_C23\DeepFakeDetection\20_21__walking_down_street_outside_angry__ZCB5OMEW.mp4,.mp4,7404017,already_compressed_or_media
data\train\archive (1)\FaceForensics++_C23\DeepFakeDetection\20_25__exit_phone_room__M86GQTHK.mp4,.mp4,2817537,already_compressed_or_media
data\train\archive (1)\FaceForensics++_C23\DeepFakeDetection\20_25__exit_phone_room__MUS0X71T.mp4,.mp4,2940767,already_compressed_or_media
data\train\archive (1)\FaceForensics++_C23\DeepFakeDetection\20_25__outside_talking_pan_laughing__M86GQTHK.mp4,.mp4,7079217,already_compressed_or_media
data\train\archive (1)\FaceForensics++_C23\DeepFakeDetection\20_25__outside_talking_still_laughing__DW2L6D2V.mp4,.mp4,5753523,already_compressed_or_media
data\train\archive (1)\FaceForensics++_C23\DeepFakeDetection\20_25__outside_talking_still_laughing__M786RTSM.mp4,.mp4,5741834,already_compressed_or_media
data\train\archive (1)\FaceForensics++_C23\DeepFakeDetection\20_25__outside_talking_still_laughing__RSCD7KXO.mp4,.mp4,5640338,already_compressed_or_media
data\train\archive (1)\FaceForensics++_C23\DeepFakeDetection\20_25__talking_against_wall__AMY6M1KL.mp4,.mp4,5366649,already_compressed_or_media
data\train\archive (1)\FaceForensics++_C23\DeepFakeDetection\20_25__walk_down_hall_angry__DW2L6D2V.mp4,.mp4,2310107,already_compressed_or_media
data\train\archive (1)\FaceForensics++_C23\DeepFakeDetection\20_25__walking_and_outside_surprised__RSCD7KXO.mp4,.mp4,16214175,already_compressed_or_media
data\train\archive (1)\FaceForensics++_C23\DeepFakeDetection\20_25__walking_down_street_outside_angry__ZG0SRZOA.mp4,.mp4,6876963,already_compressed_or_media
data\train\archive (1)\FaceForensics++_C23\DeepFakeDetection\20_26__outside_talking_pan_laughing__2VS0S1P5.mp4,.mp4,7069485,already_compressed_or_media
data\train\archive (1)\FaceForensics++_C23\DeepFakeDetection\20_26__outside_talking_pan_laughing__KGFLR0PH.mp4,.mp4,7155508,already_compressed_or_media
data\train\archive (1)\FaceForensics++_C23\DeepFakeDetection\20_26__talking_angry_couch__01OJA93K.mp4,.mp4,17936776,already_compressed_or_media
data\train\archive (1)\FaceForensics++_C23\DeepFakeDetection\20_26__talking_angry_couch__34DJQS3E.mp4,.mp4,17868846,already_compressed_or_media
data\train\archive (1)\FaceForensics++_C23\DeepFakeDetection\20_27__kitchen_pan__LM907ECA.mp4,.mp4,4504646,already_compressed_or_media
data\train\archive (1)\FaceForensics++_C23\DeepFakeDetection\21_01__kitchen_pan__03X7CELV.mp4,.mp4,4624316,already_compressed_or_media
data\train\archive (1)\FaceForensics++_C23\DeepFakeDetection\21_01__walk_down_hall_angry__03X7CELV.mp4,.mp4,2133740,already_compressed_or_media
data\train\archive (1)\FaceForensics++_C23\DeepFakeDetection\21_02__kitchen_pan__Z0XHPQAR.mp4,.mp4,4581566,already_compressed_or_media
data\train\archive (1)\FaceForensics++_C23\DeepFakeDetection\21_02__talking_angry_couch__Z0XHPQAR.mp4,.mp4,11003333,already_compressed_or_media
data\train\archive (1)\FaceForensics++_C23\DeepFakeDetection\21_03__hugging_happy__TEV3HIHZ.mp4,.mp4,8979434,already_compressed_or_media
data\train\archive (1)\FaceForensics++_C23\DeepFakeDetection\21_03__kitchen_still__V53E3RVB.mp4,.mp4,5284788,already_compressed_or_media
data\train\archive (1)\FaceForensics++_C23\DeepFakeDetection\21_03__outside_talking_still_laughing__V53E3RVB.mp4,.mp4,6123968,already_compressed_or_media
data\train\archive (1)\FaceForensics++_C23\DeepFakeDetection\21_03__walk_down_hall_angry__TEV3HIHZ.mp4,.mp4,2128998,already_compressed_or_media
data\train\archive (1)\FaceForensics++_C23\DeepFakeDetection\21_03__walking_down_street_outside_angry__YCSEBZO4.mp4,.mp4,3929884,already_compressed_or_media
data\train\archive (1)\FaceForensics++_C23\DeepFakeDetection\21_04__talking_angry_couch__HY1VWEJK.mp4,.mp4,10909401,already_compressed_or_media
data\train\archive (1)\FaceForensics++_C23\DeepFakeDetection\21_06__walking_down_indoor_hall_disgust__058I9NIZ.mp4,.mp4,15608965,already_compressed_or_media
data\train\archive (1)\FaceForensics++_C23\DeepFakeDetection\21_06__walking_outside_cafe_disgusted__058I9NIZ.mp4,.mp4,2472882,already_compressed_or_media
data\train\archive (1)\FaceForensics++_C23\DeepFakeDetection\21_07__exit_phone_room__K7KXUHMU.mp4,.mp4,2641936,already_compressed_or_media
data\train\archive (1)\FaceForensics++_C23\DeepFakeDetection\21_07__exit_phone_room__MKU99DVX.mp4,.mp4,3121820,already_compressed_or_media
data\train\archive (1)\FaceForensics++_C23\DeepFakeDetection\21_07__kitchen_pan__K7KXUHMU.mp4,.mp4,4565426,already_compressed_or_media
data\train\archive (1)\FaceForensics++_C23\DeepFakeDetection\21_07__kitchen_still__K7KXUHMU.mp4,.mp4,5209632,already_compressed_or_media
data\train\archive (1)\FaceForensics++_C23\DeepFakeDetection\21_07__talking_against_wall__CRGVSDBI.mp4,.mp4,3883916,already_compressed_or_media
data\train\archive (1)\FaceForensics++_C23\DeepFakeDetection\21_07__talking_angry_couch__MKU99DVX.mp4,.mp4,10977460,already_compressed_or_media
data\train\archive (1)\FaceForensics++_C23\DeepFakeDetection\21_07__walking_down_street_outside_angry__MKU99DVX.mp4,.mp4,4171341,already_compressed_or_media
data\train\archive (1)\FaceForensics++_C23\DeepFakeDetection\21_09__hugging_happy__O9ER29Z6.mp4,.mp4,8986939,already_compressed_or_media
data\train\archive (1)\FaceForensics++_C23\DeepFakeDetection\21_09__kitchen_pan__Z8H2TRCI.mp4,.mp4,4594089,already_compressed_or_media
data\train\archive (1)\FaceForensics++_C23\DeepFakeDetection\21_09__kitchen_still__LBQF8ZN1.mp4,.mp4,5327599,already_compressed_or_media
data\train\archive (1)\FaceForensics++_C23\DeepFakeDetection\21_09__outside_talking_still_laughing__O9ER29Z6.mp4,.mp4,5894513,already_compressed_or_media
data\train\archive (1)\FaceForensics++_C23\DeepFakeDetection\21_09__talking_against_wall__JEELOMN2.mp4,.mp4,3796228,already_compressed_or_media
data\train\archive (1)\FaceForensics++_C23\DeepFakeDetection\21_09__talking_against_wall__LBQF8ZN1.mp4,.mp4,3936900,already_compressed_or_media
data\train\archive (1)\FaceForensics++_C23\DeepFakeDetection\21_09__walking_down_street_outside_angry__JEELOMN2.mp4,.mp4,3936496,already_compressed_or_media
data\train\archive (1)\FaceForensics++_C23\DeepFakeDetection\21_09__walking_outside_cafe_disgusted__J7SQKGUR.mp4,.mp4,2459791,already_compressed_or_media
data\train\archive (1)\FaceForensics++_C23\DeepFakeDetection\21_09__walking_outside_cafe_disgusted__JEELOMN2.mp4,.mp4,2649180,already_compressed_or_media
data\train\archive (1)\FaceForensics++_C23\DeepFakeDetection\21_09__walking_outside_cafe_disgusted__Z8H2TRCI.mp4,.mp4,2448493,already_compressed_or_media
data\train\archive (1)\FaceForensics++_C23\DeepFakeDetection\21_11__podium_speech_happy__T7DK03O1.mp4,.mp4,10032327,already_compressed_or_media
data\train\archive (1)\FaceForensics++_C23\DeepFakeDetection\21_11__walking_down_indoor_hall_disgust__T7DK03O1.mp4,.mp4,13717722,already_compressed_or_media
data\train\archive (1)\FaceForensics++_C23\DeepFakeDetection\21_11__walking_down_street_outside_angry__USLHUQDI.mp4,.mp4,3812228,already_compressed_or_media
data\train\archive (1)\FaceForensics++_C23\DeepFakeDetection\21_11__walking_outside_cafe_disgusted__T7DK03O1.mp4,.mp4,2646943,already_compressed_or_media
data\train\archive (1)\FaceForensics++_C23\DeepFakeDetection\21_14__exit_phone_room__IRKML4J0.mp4,.mp4,3074821,already_compressed_or_media
data\train\archive (1)\FaceForensics++_C23\DeepFakeDetection\21_14__hugging_happy__N0WM4GSV.mp4,.mp4,9155194,already_compressed_or_media
data\train\archive (1)\FaceForensics++_C23\DeepFakeDetection\21_14__kitchen_still__IRKML4J0.mp4,.mp4,5211418,already_compressed_or_media
data\train\archive (1)\FaceForensics++_C23\DeepFakeDetection\21_14__podium_speech_happy__N0WM4GSV.mp4,.mp4,9966259,already_compressed_or_media
data\train\archive (1)\FaceForensics++_C23\DeepFakeDetection\21_15__kitchen_pan__87WSBJP3.mp4,.mp4,4579031,already_compressed_or_media
data\train\archive (1)\FaceForensics++_C23\DeepFakeDetection\21_15__outside_talking_pan_laughing__87WSBJP3.mp4,.mp4,4931416,already_compressed_or_media
data\train\archive (1)\FaceForensics++_C23\DeepFakeDetection\21_15__walking_down_indoor_hall_disgust__87WSBJP3.mp4,.mp4,13147814,already_compressed_or_media
data\train\archive (1)\FaceForensics++_C23\DeepFakeDetection\21_15__walking_outside_cafe_disgusted__87WSBJP3.mp4,.mp4,2646367,already_compressed_or_media
data\train\archive (1)\FaceForensics++_C23\DeepFakeDetection\21_18__walking_down_indoor_hall_disgust__PQFTWVRQ.mp4,.mp4,15410306,already_compressed_or_media
data\train\archive (1)\FaceForensics++_C23\DeepFakeDetection\21_25__walk_down_hall_angry__NFBISHIN.mp4,.mp4,2073588,already_compressed_or_media
data\train\archive (1)\FaceForensics++_C23\DeepFakeDetection\21_25__walking_down_street_outside_angry__NFBISHIN.mp4,.mp4,3937210,already_compressed_or_media
data\train\archive (1)\FaceForensics++_C23\DeepFakeDetection\22_10__exit_phone_room__8YQ2EUQP.mp4,.mp4,3782098,already_compressed_or_media
data\train\archive (1)\FaceForensics++_C23\DeepFakeDetection\22_10__outside_talking_pan_laughing__8YQ2EUQP.mp4,.mp4,5845085,already_compressed_or_media
data\train\archive (1)\FaceForensics++_C23\DeepFakeDetection\22_10__walk_down_hall_angry__FY7YI0AJ.mp4,.mp4,2592963,already_compressed_or_media
data\train\archive (1)\FaceForensics++_C23\DeepFakeDetection\22_10__walking_and_outside_surprised__C1U7OY5M.mp4,.mp4,12297995,already_compressed_or_media
data\train\archive (1)\FaceForensics++_C23\DeepFakeDetection\22_19__walk_down_hall_angry__VK6BF5NV.mp4,.mp4,2447988,already_compressed_or_media
data\train\archive (1)\FaceForensics++_C23\DeepFakeDetection\22_23__exit_phone_room__X2ZN5Q31.mp4,.mp4,3743361,already_compressed_or_media
data\train\archive (1)\FaceForensics++_C23\DeepFakeDetection\22_23__kitchen_pan__TU7RHG0S.mp4,.mp4,4903541,already_compressed_or_media
data\train\archive (1)\FaceForensics++_C23\DeepFakeDetection\22_23__outside_talking_pan_laughing__J671JKCH.mp4,.mp4,5773791,already_compressed_or_media
data\train\archive (1)\FaceForensics++_C23\DeepFakeDetection\22_23__outside_talking_pan_laughing__TU7RHG0S.mp4,.mp4,5882784,already_compressed_or_media
data\train\archive (1)\FaceForensics++_C23\DeepFakeDetection\22_23__outside_talking_still_laughing__10R2HRAU.mp4,.mp4,3439021,already_compressed_or_media
data\train\archive (1)\FaceForensics++_C23\DeepFakeDetection\22_23__outside_talking_still_laughing__W9MT3Q5K.mp4,.mp4,3570343,already_compressed_or_media
data\train\archive (1)\FaceForensics++_C23\DeepFakeDetection\22_23__walking_and_outside_surprised__NUTQ0HJ5.mp4,.mp4,14339305,already_compressed_or_media
data\train\archive (1)\FaceForensics++_C23\DeepFakeDetection\22_24__kitchen_pan__XL557XC6.mp4,.mp4,5066258,already_compressed_or_media
data\train\archive (1)\FaceForensics++_C23\DeepFakeDetection\22_24__outside_talking_still_laughing__XL557XC6.mp4,.mp4,3533031,already_compressed_or_media
data\train\archive (1)\FaceForensics++_C23\DeepFakeDetection\22_24__walking_and_outside_surprised__7E3GY85F.mp4,.mp4,14037891,already_compressed_or_media
data\train\archive (1)\FaceForensics++_C23\DeepFakeDetection\22_24__walking_and_outside_surprised__XL557XC6.mp4,.mp4,14041261,already_compressed_or_media
data\train\archive (1)\FaceForensics++_C23\DeepFakeDetection\22_24__walking_down_street_outside_angry__7E3GY85F.mp4,.mp4,5845265,already_compressed_or_media
data\train\archive (1)\FaceForensics++_C23\DeepFakeDetection\22_24__walking_down_street_outside_angry__XL557XC6.mp4,.mp4,5515831,already_compressed_or_media
data\train\archive (1)\FaceForensics++_C23\DeepFakeDetection\23_10__outside_talking_pan_laughing__ZHJO34DY.mp4,.mp4,6455578,already_compressed_or_media
data\train\archive (1)\FaceForensics++_C23\DeepFakeDetection\23_19__hugging_happy__H4SUVFTL.mp4,.mp4,16127777,already_compressed_or_media
data\train\archive (1)\FaceForensics++_C23\DeepFakeDetection\23_19__secret_conversation__H4SUVFTL.mp4,.mp4,5948702,already_compressed_or_media
data\train\archive (1)\FaceForensics++_C23\DeepFakeDetection\23_19__talking_angry_couch__WHQ1229T.mp4,.mp4,11238816,already_compressed_or_media
data\train\archive (1)\FaceForensics++_C23\DeepFakeDetection\23_19__walk_down_hall_angry__H4SUVFTL.mp4,.mp4,2581982,already_compressed_or_media
data\train\archive (1)\FaceForensics++_C23\DeepFakeDetection\23_19__walking_and_outside_surprised__F7U8UY7V.mp4,.mp4,14772557,already_compressed_or_media
data\train\archive (1)\FaceForensics++_C23\DeepFakeDetection\23_19__walking_and_outside_surprised__H4SUVFTL.mp4,.mp4,19241234,already_compressed_or_media
data\train\archive (1)\FaceForensics++_C23\DeepFakeDetection\23_19__walking_down_indoor_hall_disgust__H4SUVFTL.mp4,.mp4,19688377,already_compressed_or_media
data\train\archive (1)\FaceForensics++_C23\DeepFakeDetection\23_19__walking_outside_cafe_disgusted__WHQ1229T.mp4,.mp4,4015603,already_compressed_or_media
data\train\archive (1)\FaceForensics++_C23\DeepFakeDetection\23_22__kitchen_still__X2ZN5Q31.mp4,.mp4,7762895,already_compressed_or_media
data\train\archive (1)\FaceForensics++_C23\DeepFakeDetection\23_22__talking_against_wall__AKZRL2QD.mp4,.mp4,4786007,already_compressed_or_media
data\train\archive (1)\FaceForensics++_C23\DeepFakeDetection\23_22__walking_and_outside_surprised__J671JKCH.mp4,.mp4,14775959,already_compressed_or_media
data\train\archive (1)\FaceForensics++_C23\DeepFakeDetection\23_24__kitchen_pan__YR5OVD4S.mp4,.mp4,5998011,already_compressed_or_media
data\train\archive (1)\FaceForensics++_C23\DeepFakeDetection\23_24__kitchen_still__YR5OVD4S.mp4,.mp4,7723604,already_compressed_or_media
data\train\archive (1)\FaceForensics++_C23\DeepFakeDetection\23_24__talking_angry_couch__MDSDXSNU.mp4,.mp4,11260823,already_compressed_or_media
data\train\archive (1)\FaceForensics++_C23\DeepFakeDetection\23_24__talking_angry_couch__YR5OVD4S.mp4,.mp4,11227828,already_compressed_or_media
data\train\archive (1)\FaceForensics++_C23\DeepFakeDetection\24_10__walking_down_street_outside_angry__356HPS7R.mp4,.mp4,8116174,already_compressed_or_media
data\train\archive (1)\FaceForensics++_C23\DeepFakeDetection\24_19__exit_phone_room__0ZFOV5ZE.mp4,.mp4,2931552,already_compressed_or_media
data\train\archive (1)\FaceForensics++_C23\DeepFakeDetection\24_19__exit_phone_room__QD5K7BP2.mp4,.mp4,3236823,already_compressed_or_media
data\train\archive (1)\FaceForensics++_C23\DeepFakeDetection\24_19__kitchen_pan__QD5K7BP2.mp4,.mp4,5321581,already_compressed_or_media
data\train\archive (1)\FaceForensics++_C23\DeepFakeDetection\24_19__outside_talking_pan_laughing__LVZNRK9S.mp4,.mp4,6132941,already_compressed_or_media
data\train\archive (1)\FaceForensics++_C23\DeepFakeDetection\24_19__outside_talking_still_laughing__NPZW2Z9L.mp4,.mp4,5374567,already_compressed_or_media
data\train\archive (1)\FaceForensics++_C23\DeepFakeDetection\24_19__outside_talking_still_laughing__RKQTC50P.mp4,.mp4,5419633,already_compressed_or_media
data\train\archive (1)\FaceForensics++_C23\DeepFakeDetection\24_19__secret_conversation__LVZNRK9S.mp4,.mp4,2815696,already_compressed_or_media
data\train\archive (1)\FaceForensics++_C23\DeepFakeDetection\24_19__secret_conversation__NPZW2Z9L.mp4,.mp4,177492,already_compressed_or_media
data\train\archive (1)\FaceForensics++_C23\DeepFakeDetection\24_19__secret_conversation__QD5K7BP2.mp4,.mp4,193824,already_compressed_or_media
data\train\archive (1)\FaceForensics++_C23\DeepFakeDetection\24_19__talking_against_wall__QD5K7BP2.mp4,.mp4,5056974,already_compressed_or_media
data\train\archive (1)\FaceForensics++_C23\DeepFakeDetection\24_19__walk_down_hall_angry__OF8LF68K.mp4,.mp4,2148813,already_compressed_or_media
data\train\archive (1)\FaceForensics++_C23\DeepFakeDetection\24_19__walk_down_hall_angry__QD5K7BP2.mp4,.mp4,2178868,already_compressed_or_media
data\train\archive (1)\FaceForensics++_C23\DeepFakeDetection\24_19__walking_down_street_outside_angry__GNHYZ84G.mp4,.mp4,7999924,already_compressed_or_media
data\train\archive (1)\FaceForensics++_C23\DeepFakeDetection\24_19__walking_down_street_outside_angry__QD5K7BP2.mp4,.mp4,8009284,already_compressed_or_media
data\train\archive (1)\FaceForensics++_C23\DeepFakeDetection\24_19__walking_outside_cafe_disgusted__GNHYZ84G.mp4,.mp4,4932012,already_compressed_or_media
data\train\archive (1)\FaceForensics++_C23\DeepFakeDetection\24_19__walking_outside_cafe_disgusted__NPZW2Z9L.mp4,.mp4,5050417,already_compressed_or_media
data\train\archive (1)\FaceForensics++_C23\DeepFakeDetection\24_22__kitchen_pan__XL557XC6.mp4,.mp4,5414346,already_compressed_or_media
data\train\archive (1)\FaceForensics++_C23\DeepFakeDetection\24_22__walk_down_hall_angry__7E3GY85F.mp4,.mp4,2187458,already_compressed_or_media
data\train\archive (1)\FaceForensics++_C23\DeepFakeDetection\24_22__walking_outside_cafe_disgusted__XL557XC6.mp4,.mp4,4875064,already_compressed_or_media
data\train\archive (1)\FaceForensics++_C23\DeepFakeDetection\24_23__kitchen_still__YR5OVD4S.mp4,.mp4,6380583,already_compressed_or_media
data\train\archive (1)\FaceForensics++_C23\DeepFakeDetection\24_23__outside_talking_still_laughing__YR5OVD4S.mp4,.mp4,5458718,already_compressed_or_media
data\train\archive (1)\FaceForensics++_C23\DeepFakeDetection\24_23__podium_speech_happy__YR5OVD4S.mp4,.mp4,8699837,already_compressed_or_media
data\train\archive (1)\FaceForensics++_C23\DeepFakeDetection\24_23__walking_down_street_outside_angry__YR5OVD4S.mp4,.mp4,7842131,already_compressed_or_media
data\train\archive (1)\FaceForensics++_C23\DeepFakeDetection\25_02__talking_against_wall__Z7FQ69VP.mp4,.mp4,1973402,already_compressed_or_media
data\train\archive (1)\FaceForensics++_C23\DeepFakeDetection\25_02__walking_outside_cafe_disgusted__Z7FQ69VP.mp4,.mp4,2370611,already_compressed_or_media
data\train\archive (1)\FaceForensics++_C23\DeepFakeDetection\25_06__outside_talking_pan_laughing__MI9BDQ7M.mp4,.mp4,3199796,already_compressed_or_media
data\train\archive (1)\FaceForensics++_C23\DeepFakeDetection\25_06__outside_talking_still_laughing__MI9BDQ7M.mp4,.mp4,3059570,already_compressed_or_media
data\train\archive (1)\FaceForensics++_C23\DeepFakeDetection\25_09__outside_talking_still_laughing__ODAQ7BZL.mp4,.mp4,2785440,already_compressed_or_media
data\train\archive (1)\FaceForensics++_C23\DeepFakeDetection\25_09__secret_conversation__ODAQ7BZL.mp4,.mp4,4248193,already_compressed_or_media
data\train\archive (1)\FaceForensics++_C23\DeepFakeDetection\25_09__talking_against_wall__ODAQ7BZL.mp4,.mp4,1852727,already_compressed_or_media
data\train\archive (1)\FaceForensics++_C23\DeepFakeDetection\25_12__secret_conversation__0SA36BZ5.mp4,.mp4,632316,already_compressed_or_media
data\train\archive (1)\FaceForensics++_C23\DeepFakeDetection\25_12__secret_conversation__MA71PDNV.mp4,.mp4,1385952,already_compressed_or_media
data\train\archive (1)\FaceForensics++_C23\DeepFakeDetection\25_12__walking_down_street_outside_angry__MA71PDNV.mp4,.mp4,1999888,already_compressed_or_media
data\train\archive (1)\FaceForensics++_C23\DeepFakeDetection\25_15__walk_down_hall_angry__BXVA6VQB.mp4,.mp4,2739121,already_compressed_or_media
data\train\archive (1)\FaceForensics++_C23\DeepFakeDetection\25_15__walking_down_street_outside_angry__FF95NMIQ.mp4,.mp4,2969439,already_compressed_or_media
data\train\archive (1)\FaceForensics++_C23\DeepFakeDetection\25_18__outside_talking_pan_laughing__SEGFKFJG.mp4,.mp4,3228483,already_compressed_or_media
data\train\archive (1)\FaceForensics++_C23\DeepFakeDetection\25_18__talking_against_wall__SEGFKFJG.mp4,.mp4,1938787,already_compressed_or_media
data\train\archive (1)\FaceForensics++_C23\DeepFakeDetection\25_18__walk_down_hall_angry__AUC0HY5T.mp4,.mp4,2630082,already_compressed_or_media
data\train\archive (1)\FaceForensics++_C23\DeepFakeDetection\25_20__outside_talking_still_laughing__NPM0ENKD.mp4,.mp4,2964298,already_compressed_or_media
data\train\archive (1)\FaceForensics++_C23\DeepFakeDetection\25_20__talking_against_wall__CYKLS79C.mp4,.mp4,1772729,already_compressed_or_media
data\train\archive (1)\FaceForensics++_C23\DeepFakeDetection\25_20__talking_against_wall__MUS0X71T.mp4,.mp4,1979723,already_compressed_or_media
data\train\archive (1)\FaceForensics++_C23\DeepFakeDetection\25_20__talking_against_wall__ZG0SRZOA.mp4,.mp4,1911773,already_compressed_or_media
data\train\archive (1)\FaceForensics++_C23\DeepFakeDetection\25_20__walking_outside_cafe_disgusted__AMY6M1KL.mp4,.mp4,2121174,already_compressed_or_media
data\train\archive (1)\FaceForensics++_C23\DeepFakeDetection\25_20__walking_outside_cafe_disgusted__RSCD7KXO.mp4,.mp4,2278379,already_compressed_or_media
data\train\archive (1)\FaceForensics++_C23\DeepFakeDetection\25_21__outside_talking_pan_laughing__2R46UX3R.mp4,.mp4,3190392,already_compressed_or_media
data\train\archive (1)\FaceForensics++_C23\DeepFakeDetection\25_21__talking_against_wall__NFBISHIN.mp4,.mp4,1774286,already_compressed_or_media
data\train\archive (1)\FaceForensics++_C23\DeepFakeDetection\25_21__walking_outside_cafe_disgusted__2R46UX3R.mp4,.mp4,2357753,already_compressed_or_media
data\train\archive (1)\FaceForensics++_C23\DeepFakeDetection\25_26__exit_phone_room__7ZRKCFMS.mp4,.mp4,2156894,already_compressed_or_media
data\train\archive (1)\FaceForensics++_C23\DeepFakeDetection\25_26__outside_talking_still_laughing__0UFFR3U1.mp4,.mp4,2971117,already_compressed_or_media
data\train\archive (1)\FaceForensics++_C23\DeepFakeDetection\25_26__podium_speech_happy__PQ41U3IJ.mp4,.mp4,11369278,already_compressed_or_media
data\train\archive (1)\FaceForensics++_C23\DeepFakeDetection\25_26__walking_outside_cafe_disgusted__7ZRKCFMS.mp4,.mp4,2110526,already_compressed_or_media
data\train\archive (1)\FaceForensics++_C23\DeepFakeDetection\25_27__outside_talking_pan_laughing__1KU29EUL.mp4,.mp4,3189945,already_compressed_or_media
data\train\archive (1)\FaceForensics++_C23\DeepFakeDetection\25_27__outside_talking_pan_laughing__GNIMW95Z.mp4,.mp4,3191384,already_compressed_or_media
data\train\archive (1)\FaceForensics++_C23\DeepFakeDetection\25_27__talking_against_wall__ZTV6TUQ9.mp4,.mp4,1924006,already_compressed_or_media
data\train\archive (1)\FaceForensics++_C23\DeepFakeDetection\25_27__walk_down_hall_angry__1KU29EUL.mp4,.mp4,2560449,already_compressed_or_media
data\train\archive (1)\FaceForensics++_C23\DeepFakeDetection\26_01__secret_conversation__BTVMWLG6.mp4,.mp4,8768642,already_compressed_or_media
data\train\archive (1)\FaceForensics++_C23\DeepFakeDetection\26_03__kitchen_pan__WBSXBL82.mp4,.mp4,5550422,already_compressed_or_media
data\train\archive (1)\FaceForensics++_C23\DeepFakeDetection\26_03__talking_angry_couch__WBSXBL82.mp4,.mp4,18404027,already_compressed_or_media
data\train\archive (1)\FaceForensics++_C23\DeepFakeDetection\26_03__walk_down_hall_angry__WBSXBL82.mp4,.mp4,1990577,already_compressed_or_media
data\train\archive (1)\FaceForensics++_C23\DeepFakeDetection\26_04__kitchen_still__WX836VLY.mp4,.mp4,5491676,already_compressed_or_media
data\train\archive (1)\FaceForensics++_C23\DeepFakeDetection\26_04__outside_talking_still_laughing__WX836VLY.mp4,.mp4,5403178,already_compressed_or_media
data\train\archive (1)\FaceForensics++_C23\DeepFakeDetection\26_04__talking_against_wall__WX836VLY.mp4,.mp4,9380111,already_compressed_or_media
data\train\archive (1)\FaceForensics++_C23\DeepFakeDetection\26_04__walking_down_street_outside_angry__WX836VLY.mp4,.mp4,2829289,already_compressed_or_media
data\train\archive (1)\FaceForensics++_C23\DeepFakeDetection\26_04__walking_outside_cafe_disgusted__MS2MLJP1.mp4,.mp4,3054821,already_compressed_or_media
data\train\archive (1)\FaceForensics++_C23\DeepFakeDetection\26_06__kitchen_still__L5BVR5L9.mp4,.mp4,5543617,already_compressed_or_media
data\train\archive (1)\FaceForensics++_C23\DeepFakeDetection\26_06__podium_speech_happy__L5BVR5L9.mp4,.mp4,7761987,already_compressed_or_media
data\train\archive (1)\FaceForensics++_C23\DeepFakeDetection\26_06__walk_down_hall_angry__L5BVR5L9.mp4,.mp4,2054982,already_compressed_or_media
data\train\archive (1)\FaceForensics++_C23\DeepFakeDetection\26_07__kitchen_pan__FGNGC2GT.mp4,.mp4,5682584,already_compressed_or_media
data\train\archive (1)\FaceForensics++_C23\DeepFakeDetection\26_09__talking_against_wall__C3K20JOL.mp4,.mp4,9396477,already_compressed_or_media
data\train\archive (1)\FaceForensics++_C23\DeepFakeDetection\26_09__walk_down_hall_angry__XXGYLT82.mp4,.mp4,1937128,already_compressed_or_media
data\train\archive (1)\FaceForensics++_C23\DeepFakeDetection\26_11__outside_talking_pan_laughing__ALJ0OHNM.mp4,.mp4,4399638,already_compressed_or_media
data\train\archive (1)\FaceForensics++_C23\DeepFakeDetection\26_12__exit_phone_room__HEKDCIHW.mp4,.mp4,1673432,already_compressed_or_media
data\train\archive (1)\FaceForensics++_C23\DeepFakeDetection\26_12__outside_talking_still_laughing__FWFQ5YB8.mp4,.mp4,4356023,already_compressed_or_media
data\train\archive (1)\FaceForensics++_C23\DeepFakeDetection\26_12__podium_speech_happy__BFBNM8FR.mp4,.mp4,7672136,already_compressed_or_media
data\train\archive (1)\FaceForensics++_C23\DeepFakeDetection\26_12__walking_down_street_outside_angry__OVOQACG8.mp4,.mp4,2913810,already_compressed_or_media
data\train\archive (1)\FaceForensics++_C23\DeepFakeDetection\26_13__outside_talking_pan_laughing__WK3NZ3UV.mp4,.mp4,4749212,already_compressed_or_media
data\train\archive (1)\FaceForensics++_C23\DeepFakeDetection\26_13__podium_speech_happy__U5ELHUN5.mp4,.mp4,7796307,already_compressed_or_media
data\train\archive (1)\FaceForensics++_C23\DeepFakeDetection\26_13__secret_conversation__XRS5W2NC.mp4,.mp4,8682960,already_compressed_or_media
data\train\archive (1)\FaceForensics++_C23\DeepFakeDetection\26_14__kitchen_pan__SU8SAHTT.mp4,.mp4,5686242,already_compressed_or_media
data\train\archive (1)\FaceForensics++_C23\DeepFakeDetection\26_15__walk_down_hall_angry__JHMUZFIJ.mp4,.mp4,1993241,already_compressed_or_media
data\train\archive (1)\FaceForensics++_C23\DeepFakeDetection\26_18__kitchen_pan__C9VUQS9O.mp4,.mp4,5845754,already_compressed_or_media
data\train\archive (1)\FaceForensics++_C23\DeepFakeDetection\26_18__outside_talking_still_laughing__AI94QW74.mp4,.mp4,5033509,already_compressed_or_media
data\train\archive (1)\FaceForensics++_C23\DeepFakeDetection\26_18__walk_down_hall_angry__UMEX6HWU.mp4,.mp4,2128955,already_compressed_or_media
data\train\archive (1)\FaceForensics++_C23\DeepFakeDetection\26_20__kitchen_pan__C8GN41DU.mp4,.mp4,5818210,already_compressed_or_media
data\train\archive (1)\FaceForensics++_C23\DeepFakeDetection\26_20__outside_talking_pan_laughing__01OJA93K.mp4,.mp4,4985964,already_compressed_or_media
data\train\archive (1)\FaceForensics++_C23\DeepFakeDetection\26_20__secret_conversation__34DJQS3E.mp4,.mp4,6147203,already_compressed_or_media
data\train\archive (1)\FaceForensics++_C23\DeepFakeDetection\26_20__talking_angry_couch__2VS0S1P5.mp4,.mp4,18493054,already_compressed_or_media
data\train\archive (1)\FaceForensics++_C23\DeepFakeDetection\26_20__talking_angry_couch__34DJQS3E.mp4,.mp4,18502546,already_compressed_or_media
data\train\archive (1)\FaceForensics++_C23\DeepFakeDetection\26_20__walk_down_hall_angry__XWMKFMF6.mp4,.mp4,2044748,already_compressed_or_media
data\train\archive (1)\FaceForensics++_C23\DeepFakeDetection\26_25__exit_phone_room__7ZRKCFMS.mp4,.mp4,1691701,already_compressed_or_media
data\train\archive (1)\FaceForensics++_C23\DeepFakeDetection\26_25__outside_talking_pan_laughing__157Z8P8P.mp4,.mp4,4187794,already_compressed_or_media
data\train\archive (1)\FaceForensics++_C23\DeepFakeDetection\26_25__outside_talking_pan_laughing__GJT740J9.mp4,.mp4,4395086,already_compressed_or_media
data\train\archive (1)\FaceForensics++_C23\DeepFakeDetection\26_25__outside_talking_still_laughing__7ZRKCFMS.mp4,.mp4,4543007,already_compressed_or_media
data\train\archive (1)\FaceForensics++_C23\DeepFakeDetection\26_25__secret_conversation__0UFFR3U1.mp4,.mp4,5684352,already_compressed_or_media
data\train\archive (1)\FaceForensics++_C23\DeepFakeDetection\26_25__talking_against_wall__PQ41U3IJ.mp4,.mp4,9440821,already_compressed_or_media
data\train\archive (1)\FaceForensics++_C23\DeepFakeDetection\26_25__walk_down_hall_angry__XKQAYTLI.mp4,.mp4,1998815,already_compressed_or_media
data\train\archive (1)\FaceForensics++_C23\DeepFakeDetection\26_25__walking_down_street_outside_angry__PQ41U3IJ.mp4,.mp4,2791914,already_compressed_or_media
data\train\archive (1)\FaceForensics++_C23\DeepFakeDetection\26_25__walking_outside_cafe_disgusted__0UFFR3U1.mp4,.mp4,2995930,already_compressed_or_media
data\train\archive (1)\FaceForensics++_C23\DeepFakeDetection\26_27__outside_talking_still_laughing__IE9N0ZI9.mp4,.mp4,5398623,already_compressed_or_media
data\train\archive (1)\FaceForensics++_C23\DeepFakeDetection\26_27__talking_against_wall__IE9N0ZI9.mp4,.mp4,9377988,already_compressed_or_media
data\train\archive (1)\FaceForensics++_C23\DeepFakeDetection\26_27__talking_angry_couch__IE9N0ZI9.mp4,.mp4,18424086,already_compressed_or_media
data\train\archive (1)\FaceForensics++_C23\DeepFakeDetection\27_01__hugging_happy__ZYCZ30C0.mp4,.mp4,16025611,already_compressed_or_media
data\train\archive (1)\FaceForensics++_C23\DeepFakeDetection\27_01__meeting_serious__ZYCZ30C0.mp4,.mp4,6390175,already_compressed_or_media
data\train\archive (1)\FaceForensics++_C23\DeepFakeDetection\27_01__talking_against_wall__ZYCZ30C0.mp4,.mp4,5920002,already_compressed_or_media
data\train\archive (1)\FaceForensics++_C23\DeepFakeDetection\27_01__walking_and_outside_surprised__S2YCUY48.mp4,.mp4,26903752,already_compressed_or_media
data\train\archive (1)\FaceForensics++_C23\DeepFakeDetection\27_01__walking_outside_cafe_disgusted__S2YCUY48.mp4,.mp4,1894638,already_compressed_or_media
data\train\archive (1)\FaceForensics++_C23\DeepFakeDetection\27_01__walking_outside_cafe_disgusted__ZYCZ30C0.mp4,.mp4,1898106,already_compressed_or_media
data\train\archive (1)\FaceForensics++_C23\DeepFakeDetection\27_02__kitchen_pan__3L1MLH3D.mp4,.mp4,4637674,already_compressed_or_media
data\train\archive (1)\FaceForensics++_C23\DeepFakeDetection\27_02__podium_speech_happy__XFSH3BW7.mp4,.mp4,6282529,already_compressed_or_media
data\train\archive (1)\FaceForensics++_C23\DeepFakeDetection\27_02__talking_angry_couch__FV8M8O2C.mp4,.mp4,16285071,already_compressed_or_media
data\train\archive (1)\FaceForensics++_C23\DeepFakeDetection\27_02__walk_down_hall_angry__FV8M8O2C.mp4,.mp4,1837907,already_compressed_or_media
data\train\archive (1)\FaceForensics++_C23\DeepFakeDetection\27_02__walking_down_street_outside_angry__78M8S6M6.mp4,.mp4,2188879,already_compressed_or_media
data\train\archive (1)\FaceForensics++_C23\DeepFakeDetection\27_03__podium_speech_happy__72BPN7A1.mp4,.mp4,6236928,already_compressed_or_media
data\train\archive (1)\FaceForensics++_C23\DeepFakeDetection\27_03__walking_and_outside_surprised__KWGI1LSZ.mp4,.mp4,26869471,already_compressed_or_media
data\train\archive (1)\FaceForensics++_C23\DeepFakeDetection\27_13__kitchen_still__A1OSUJE9.mp4,.mp4,6454531,already_compressed_or_media
data\train\archive (1)\FaceForensics++_C23\DeepFakeDetection\27_13__outside_talking_pan_laughing__A1OSUJE9.mp4,.mp4,6582086,already_compressed_or_media
data\train\archive (1)\FaceForensics++_C23\DeepFakeDetection\27_14__kitchen_pan__0KSONKQ2.mp4,.mp4,4611240,already_compressed_or_media
data\train\archive (1)\FaceForensics++_C23\DeepFakeDetection\27_18__kitchen_pan__BSOLX3SI.mp4,.mp4,4654705,already_compressed_or_media
data\train\archive (1)\FaceForensics++_C23\DeepFakeDetection\27_18__kitchen_still__NYHE8D0J.mp4,.mp4,6498685,already_compressed_or_media
data\train\archive (1)\FaceForensics++_C23\DeepFakeDetection\27_18__outside_talking_pan_laughing__NYHE8D0J.mp4,.mp4,6635661,already_compressed_or_media
data\train\archive (1)\FaceForensics++_C23\DeepFakeDetection\27_18__talking_against_wall__3GLHD5MH.mp4,.mp4,5919094,already_compressed_or_media
data\train\archive (1)\FaceForensics++_C23\DeepFakeDetection\27_25__exit_phone_room__1KU29EUL.mp4,.mp4,2452920,already_compressed_or_media
data\train\archive (1)\FaceForensics++_C23\DeepFakeDetection\27_25__meeting_serious__GNIMW95Z.mp4,.mp4,6373366,already_compressed_or_media
data\train\archive (1)\FaceForensics++_C23\DeepFakeDetection\27_25__outside_talking_pan_laughing__1KU29EUL.mp4,.mp4,6603936,already_compressed_or_media
data\train\archive (1)\FaceForensics++_C23\DeepFakeDetection\27_25__walk_down_hall_angry__1KU29EUL.mp4,.mp4,1586920,already_compressed_or_media
data\train\archive (1)\FaceForensics++_C23\DeepFakeDetection\27_25__walking_outside_cafe_disgusted__1KU29EUL.mp4,.mp4,1679667,already_compressed_or_media
data\train\archive (1)\FaceForensics++_C23\DeepFakeDetection\27_26__meeting_serious__IE9N0ZI9.mp4,.mp4,6379892,already_compressed_or_media
data\train\archive (1)\FaceForensics++_C23\DeepFakeDetection\27_26__outside_talking_still_laughing__IE9N0ZI9.mp4,.mp4,5822786,already_compressed_or_media
data\train\archive (1)\FaceForensics++_C23\DeepFakeDetection\27_26__talking_against_wall__IE9N0ZI9.mp4,.mp4,5888565,already_compressed_or_media
data\train\archive (1)\FaceForensics++_C23\DeepFakeDetection\28_05__kitchen_pan__W3J028UG.mp4,.mp4,5350222,already_compressed_or_media
data\train\archive (1)\FaceForensics++_C23\DeepFakeDetection\28_05__talking_angry_couch__V20UNLJ5.mp4,.mp4,15474297,already_compressed_or_media
data\train\archive (1)\FaceForensics++_C23\DeepFakeDetection\28_05__walking_down_street_outside_angry__W3J028UG.mp4,.mp4,4948497,already_compressed_or_media
data\train\archive (1)\FaceForensics++_C23\DeepFakeDetection\28_05__walking_outside_cafe_disgusted__U9LRLJ6N.mp4,.mp4,2621643,already_compressed_or_media
data\train\archive (1)\FaceForensics++_C23\DeepFakeDetection\28_08__exit_phone_room__5DCAESDA.mp4,.mp4,3131363,already_compressed_or_media
data\train\archive (1)\FaceForensics++_C23\DeepFakeDetection\28_08__exit_phone_room__KXO8S7OP.mp4,.mp4,2842027,already_compressed_or_media
data\train\archive (1)\FaceForensics++_C23\DeepFakeDetection\28_08__kitchen_pan__GQN9WHLD.mp4,.mp4,5516021,already_compressed_or_media
data\train\archive (1)\FaceForensics++_C23\DeepFakeDetection\28_08__kitchen_still__8BC35RFU.mp4,.mp4,7347743,already_compressed_or_media
data\train\archive (1)\FaceForensics++_C23\DeepFakeDetection\28_08__outside_talking_pan_laughing__GGCUYQA4.mp4,.mp4,5008787,already_compressed_or_media
data\train\archive (1)\FaceForensics++_C23\DeepFakeDetection\28_08__podium_speech_happy__KXO8S7OP.mp4,.mp4,7613829,already_compressed_or_media
data\train\archive (1)\FaceForensics++_C23\DeepFakeDetection\28_08__talking_angry_couch__KXO8S7OP.mp4,.mp4,16546567,already_compressed_or_media
data\train\archive (1)\FaceForensics++_C23\DeepFakeDetection\28_16__podium_speech_happy__6DWLCU6T.mp4,.mp4,7642992,already_compressed_or_media
data\train\archive (1)\FaceForensics++_C23\DeepFakeDetection\28_16__walking_down_street_outside_angry__6DWLCU6T.mp4,.mp4,5301349,already_compressed_or_media
data\train\archive (1)\FaceForensics++_C23\DeepFakeDetection\28_16__walking_down_street_outside_angry__U757192N.mp4,.mp4,4956385,already_compressed_or_media
data\train\archive (1)\FaceForensics++_C23\Deepfakes\000_003.mp4,.mp4,891837,already_compressed_or_media
data\train\archive (1)\FaceForensics++_C23\Deepfakes\001_870.mp4,.mp4,2872324,already_compressed_or_media
data\train\archive (1)\FaceForensics++_C23\Deepfakes\002_006.mp4,.mp4,2080286,already_compressed_or_media
data\train\archive (1)\FaceForensics++_C23\Deepfakes\003_000.mp4,.mp4,599692,already_compressed_or_media
data\train\archive (1)\FaceForensics++_C23\Deepfakes\004_982.mp4,.mp4,1250278,already_compressed_or_media
data\train\archive (1)\FaceForensics++_C23\Deepfakes\005_010.mp4,.mp4,1568869,already_compressed_or_media
data\train\archive (1)\FaceForensics++_C23\Deepfakes\006_002.mp4,.mp4,878421,already_compressed_or_media
data\train\archive (1)\FaceForensics++_C23\Deepfakes\007_132.mp4,.mp4,1059489,already_compressed_or_media
data\train\archive (1)\FaceForensics++_C23\Deepfakes\008_990.mp4,.mp4,1022852,already_compressed_or_media
data\train\archive (1)\FaceForensics++_C23\Deepfakes\009_027.mp4,.mp4,778296,already_compressed_or_media
data\train\archive (1)\FaceForensics++_C23\Deepfakes\010_005.mp4,.mp4,1472468,already_compressed_or_media
data\train\archive (1)\FaceForensics++_C23\Deepfakes\011_805.mp4,.mp4,3411911,already_compressed_or_media
data\train\archive (1)\FaceForensics++_C23\Deepfakes\012_026.mp4,.mp4,725526,already_compressed_or_media
data\train\archive (1)\FaceForensics++_C23\Deepfakes\013_883.mp4,.mp4,612435,already_compressed_or_media
data\train\archive (1)\FaceForensics++_C23\Deepfakes\014_790.mp4,.mp4,3449490,already_compressed_or_media
data\train\archive (1)\FaceForensics++_C23\Deepfakes\015_919.mp4,.mp4,873793,already_compressed_or_media
data\train\archive (1)\FaceForensics++_C23\Deepfakes\016_209.mp4,.mp4,1547025,already_compressed_or_media
data\train\archive (1)\FaceForensics++_C23\Deepfakes\017_803.mp4,.mp4,1909942,already_compressed_or_media
data\train\archive (1)\FaceForensics++_C23\Deepfakes\018_019.mp4,.mp4,420976,already_compressed_or_media
data\train\archive (1)\FaceForensics++_C23\Deepfakes\019_018.mp4,.mp4,2388514,already_compressed_or_media
data\train\archive (1)\FaceForensics++_C23\Deepfakes\020_344.mp4,.mp4,1760750,already_compressed_or_media
data\train\archive (1)\FaceForensics++_C23\Deepfakes\021_312.mp4,.mp4,516510,already_compressed_or_media
data\train\archive (1)\FaceForensics++_C23\Deepfakes\022_489.mp4,.mp4,1224668,already_compressed_or_media
data\train\archive (1)\FaceForensics++_C23\Deepfakes\023_923.mp4,.mp4,1824655,already_compressed_or_media
data\train\archive (1)\FaceForensics++_C23\Deepfakes\024_073.mp4,.mp4,543560,already_compressed_or_media
data\train\archive (1)\FaceForensics++_C23\Deepfakes\025_067.mp4,.mp4,3476372,already_compressed_or_media
data\train\archive (1)\FaceForensics++_C23\Deepfakes\026_012.mp4,.mp4,512084,already_compressed_or_media
data\train\archive (1)\FaceForensics++_C23\Deepfakes\027_009.mp4,.mp4,876898,already_compressed_or_media
data\train\archive (1)\FaceForensics++_C23\Deepfakes\028_068.mp4,.mp4,874488,already_compressed_or_media
data\train\archive (1)\FaceForensics++_C23\Deepfakes\029_048.mp4,.mp4,513353,already_compressed_or_media
data\train\archive (1)\FaceForensics++_C23\Deepfakes\030_193.mp4,.mp4,3681268,already_compressed_or_media
data\train\archive (1)\FaceForensics++_C23\Deepfakes\031_163.mp4,.mp4,1585923,already_compressed_or_media
data\train\archive (1)\FaceForensics++_C23\Deepfakes\032_944.mp4,.mp4,1687684,already_compressed_or_media
data\train\archive (1)\FaceForensics++_C23\Deepfakes\033_097.mp4,.mp4,1851221,already_compressed_or_media
data\train\archive (1)\FaceForensics++_C23\Deepfakes\034_590.mp4,.mp4,1199410,already_compressed_or_media
data\train\archive (1)\FaceForensics++_C23\Deepfakes\035_036.mp4,.mp4,590492,already_compressed_or_media
data\train\archive (1)\FaceForensics++_C23\Deepfakes\036_035.mp4,.mp4,957649,already_compressed_or_media
data\train\archive (1)\FaceForensics++_C23\Deepfakes\037_072.mp4,.mp4,789506,already_compressed_or_media
data\train\archive (1)\FaceForensics++_C23\Deepfakes\038_125.mp4,.mp4,565795,already_compressed_or_media
data\train\archive (1)\FaceForensics++_C23\Deepfakes\039_058.mp4,.mp4,1081562,already_compressed_or_media
data\train\archive (1)\FaceForensics++_C23\Deepfakes\040_997.mp4,.mp4,2922381,already_compressed_or_media
data\train\archive (1)\FaceForensics++_C23\Deepfakes\041_063.mp4,.mp4,715833,already_compressed_or_media
data\train\archive (1)\FaceForensics++_C23\Deepfakes\042_084.mp4,.mp4,946564,already_compressed_or_media
data\train\archive (1)\FaceForensics++_C23\Deepfakes\043_110.mp4,.mp4,1612224,already_compressed_or_media
data\train\archive (1)\FaceForensics++_C23\Deepfakes\044_945.mp4,.mp4,1827106,already_compressed_or_media
data\train\archive (1)\FaceForensics++_C23\Deepfakes\045_889.mp4,.mp4,4772232,already_compressed_or_media
data\train\archive (1)\FaceForensics++_C23\Deepfakes\046_904.mp4,.mp4,2336708,already_compressed_or_media
data\train\archive (1)\FaceForensics++_C23\Deepfakes\047_862.mp4,.mp4,533489,already_compressed_or_media
data\train\archive (1)\FaceForensics++_C23\Deepfakes\048_029.mp4,.mp4,1177790,already_compressed_or_media
data\train\archive (1)\FaceForensics++_C23\Deepfakes\049_946.mp4,.mp4,472606,already_compressed_or_media
data\train\archive (1)\FaceForensics++_C23\Deepfakes\050_059.mp4,.mp4,604622,already_compressed_or_media
data\train\archive (1)\FaceForensics++_C23\Deepfakes\051_332.mp4,.mp4,2681950,already_compressed_or_media
data\train\archive (1)\FaceForensics++_C23\Deepfakes\052_108.mp4,.mp4,2984726,already_compressed_or_media
data\train\archive (1)\FaceForensics++_C23\Deepfakes\053_095.mp4,.mp4,636325,already_compressed_or_media
data\train\archive (1)\FaceForensics++_C23\Deepfakes\054_071.mp4,.mp4,724433,already_compressed_or_media
data\train\archive (1)\FaceForensics++_C23\Deepfakes\055_147.mp4,.mp4,600823,already_compressed_or_media
data\train\archive (1)\FaceForensics++_C23\Deepfakes\056_996.mp4,.mp4,1137682,already_compressed_or_media
data\train\archive (1)\FaceForensics++_C23\Deepfakes\057_070.mp4,.mp4,1307782,already_compressed_or_media
data\train\archive (1)\FaceForensics++_C23\Deepfakes\058_039.mp4,.mp4,1208606,already_compressed_or_media
data\train\archive (1)\FaceForensics++_C23\Deepfakes\059_050.mp4,.mp4,1527001,already_compressed_or_media
data\train\archive (1)\FaceForensics++_C23\Deepfakes\060_088.mp4,.mp4,4254739,already_compressed_or_media
data\train\archive (1)\FaceForensics++_C23\Deepfakes\061_080.mp4,.mp4,721546,already_compressed_or_media
data\train\archive (1)\FaceForensics++_C23\Deepfakes\062_066.mp4,.mp4,680016,already_compressed_or_media
data\train\archive (1)\FaceForensics++_C23\Deepfakes\063_041.mp4,.mp4,2043091,already_compressed_or_media
data\train\archive (1)\FaceForensics++_C23\Deepfakes\064_991.mp4,.mp4,885194,already_compressed_or_media
data\train\archive (1)\FaceForensics++_C23\Deepfakes\065_089.mp4,.mp4,3444631,already_compressed_or_media
data\train\archive (1)\FaceForensics++_C23\Deepfakes\066_062.mp4,.mp4,1552329,already_compressed_or_media
data\train\archive (1)\FaceForensics++_C23\Deepfakes\067_025.mp4,.mp4,2187844,already_compressed_or_media
data\train\archive (1)\FaceForensics++_C23\Deepfakes\068_028.mp4,.mp4,768520,already_compressed_or_media
data\train\archive (1)\FaceForensics++_C23\Deepfakes\069_961.mp4,.mp4,4084527,already_compressed_or_media
data\train\archive (1)\FaceForensics++_C23\Deepfakes\070_057.mp4,.mp4,843811,already_compressed_or_media
data\train\archive (1)\FaceForensics++_C23\Deepfakes\071_054.mp4,.mp4,1411542,already_compressed_or_media
data\train\archive (1)\FaceForensics++_C23\Deepfakes\072_037.mp4,.mp4,881974,already_compressed_or_media
data\train\archive (1)\FaceForensics++_C23\Deepfakes\073_024.mp4,.mp4,2852672,already_compressed_or_media
data\train\archive (1)\FaceForensics++_C23\Deepfakes\074_825.mp4,.mp4,2997052,already_compressed_or_media
data\train\archive (1)\FaceForensics++_C23\Deepfakes\075_977.mp4,.mp4,3297971,already_compressed_or_media
data\train\archive (1)\FaceForensics++_C23\Deepfakes\076_079.mp4,.mp4,1310289,already_compressed_or_media
data\train\archive (1)\FaceForensics++_C23\Deepfakes\077_100.mp4,.mp4,890044,already_compressed_or_media
data\train\archive (1)\FaceForensics++_C23\Deepfakes\078_955.mp4,.mp4,2020327,already_compressed_or_media
data\train\archive (1)\FaceForensics++_C23\Deepfakes\079_076.mp4,.mp4,1637743,already_compressed_or_media
data\train\archive (1)\FaceForensics++_C23\Deepfakes\080_061.mp4,.mp4,593622,already_compressed_or_media
data\train\archive (1)\FaceForensics++_C23\Deepfakes\081_087.mp4,.mp4,2266615,already_compressed_or_media
data\train\archive (1)\FaceForensics++_C23\Deepfakes\082_103.mp4,.mp4,639586,already_compressed_or_media
data\train\archive (1)\FaceForensics++_C23\Deepfakes\083_213.mp4,.mp4,5560647,already_compressed_or_media
data\train\archive (1)\FaceForensics++_C23\Deepfakes\084_042.mp4,.mp4,5757251,already_compressed_or_media
data\train\archive (1)\FaceForensics++_C23\Deepfakes\085_124.mp4,.mp4,1867292,already_compressed_or_media
data\train\archive (1)\FaceForensics++_C23\Deepfakes\086_090.mp4,.mp4,2702839,already_compressed_or_media
data\train\archive (1)\FaceForensics++_C23\Deepfakes\087_081.mp4,.mp4,387291,already_compressed_or_media
data\train\archive (1)\FaceForensics++_C23\Deepfakes\088_060.mp4,.mp4,2173553,already_compressed_or_media
data\train\archive (1)\FaceForensics++_C23\Deepfakes\089_065.mp4,.mp4,3207220,already_compressed_or_media
data\train\archive (1)\FaceForensics++_C23\Deepfakes\090_086.mp4,.mp4,4664888,already_compressed_or_media
data\train\archive (1)\FaceForensics++_C23\Deepfakes\091_116.mp4,.mp4,1607477,already_compressed_or_media
data\train\archive (1)\FaceForensics++_C23\Deepfakes\092_098.mp4,.mp4,991521,already_compressed_or_media
data\train\archive (1)\FaceForensics++_C23\Deepfakes\093_121.mp4,.mp4,2328759,already_compressed_or_media
data\train\archive (1)\FaceForensics++_C23\Deepfakes\094_111.mp4,.mp4,2510761,already_compressed_or_media
data\train\archive (1)\FaceForensics++_C23\Deepfakes\095_053.mp4,.mp4,2177387,already_compressed_or_media
data\train\archive (1)\FaceForensics++_C23\Deepfakes\096_101.mp4,.mp4,5308182,already_compressed_or_media
data\train\archive (1)\FaceForensics++_C23\Deepfakes\097_033.mp4,.mp4,1028307,already_compressed_or_media
data\train\archive (1)\FaceForensics++_C23\Deepfakes\098_092.mp4,.mp4,409611,already_compressed_or_media
data\train\archive (1)\FaceForensics++_C23\Deepfakes\099_295.mp4,.mp4,10443598,already_compressed_or_media
data\train\archive (1)\FaceForensics++_C23\Deepfakes\100_077.mp4,.mp4,906537,already_compressed_or_media
data\train\archive (1)\FaceForensics++_C23\Deepfakes\101_096.mp4,.mp4,2423258,already_compressed_or_media
data\train\archive (1)\FaceForensics++_C23\Deepfakes\102_114.mp4,.mp4,989315,already_compressed_or_media
data\train\archive (1)\FaceForensics++_C23\Deepfakes\103_082.mp4,.mp4,1804017,already_compressed_or_media
data\train\archive (1)\FaceForensics++_C23\Deepfakes\104_126.mp4,.mp4,1296658,already_compressed_or_media
data\train\archive (1)\FaceForensics++_C23\Deepfakes\105_180.mp4,.mp4,1129436,already_compressed_or_media
data\train\archive (1)\FaceForensics++_C23\Deepfakes\106_198.mp4,.mp4,476231,already_compressed_or_media
data\train\archive (1)\FaceForensics++_C23\Deepfakes\107_109.mp4,.mp4,1133086,already_compressed_or_media
data\train\archive (1)\FaceForensics++_C23\Deepfakes\108_052.mp4,.mp4,3847383,already_compressed_or_media
data\train\archive (1)\FaceForensics++_C23\Deepfakes\109_107.mp4,.mp4,1030830,already_compressed_or_media
data\train\archive (1)\FaceForensics++_C23\Deepfakes\110_043.mp4,.mp4,1226334,already_compressed_or_media
data\train\archive (1)\FaceForensics++_C23\Deepfakes\111_094.mp4,.mp4,933475,already_compressed_or_media
data\train\archive (1)\FaceForensics++_C23\Deepfakes\112_892.mp4,.mp4,5974172,already_compressed_or_media
data\train\archive (1)\FaceForensics++_C23\Deepfakes\113_983.mp4,.mp4,4224965,already_compressed_or_media
data\train\archive (1)\FaceForensics++_C23\Deepfakes\114_102.mp4,.mp4,2637936,already_compressed_or_media
data\train\archive (1)\FaceForensics++_C23\Deepfakes\115_939.mp4,.mp4,1380236,already_compressed_or_media
data\train\archive (1)\FaceForensics++_C23\Deepfakes\116_091.mp4,.mp4,679948,already_compressed_or_media
data\train\archive (1)\FaceForensics++_C23\Deepfakes\117_217.mp4,.mp4,3922672,already_compressed_or_media
data\train\archive (1)\FaceForensics++_C23\Deepfakes\118_120.mp4,.mp4,995718,already_compressed_or_media
data\train\archive (1)\FaceForensics++_C23\Deepfakes\119_123.mp4,.mp4,859781,already_compressed_or_media
data\train\archive (1)\FaceForensics++_C23\Deepfakes\120_118.mp4,.mp4,1119495,already_compressed_or_media
data\train\archive (1)\FaceForensics++_C23\Deepfakes\121_093.mp4,.mp4,4304016,already_compressed_or_media
data\train\archive (1)\FaceForensics++_C23\Deepfakes\122_144.mp4,.mp4,1625938,already_compressed_or_media
data\train\archive (1)\FaceForensics++_C23\Deepfakes\123_119.mp4,.mp4,1199983,already_compressed_or_media
data\train\archive (1)\FaceForensics++_C23\Deepfakes\124_085.mp4,.mp4,726959,already_compressed_or_media
data\train\archive (1)\FaceForensics++_C23\Deepfakes\125_038.mp4,.mp4,2436412,already_compressed_or_media
data\train\archive (1)\FaceForensics++_C23\Deepfakes\126_104.mp4,.mp4,708530,already_compressed_or_media
data\train\archive (1)\FaceForensics++_C23\Deepfakes\127_129.mp4,.mp4,3042295,already_compressed_or_media
data\train\archive (1)\FaceForensics++_C23\Deepfakes\128_896.mp4,.mp4,1294850,already_compressed_or_media
data\train\archive (1)\FaceForensics++_C23\Deepfakes\129_127.mp4,.mp4,1693485,already_compressed_or_media
data\train\archive (1)\FaceForensics++_C23\Deepfakes\130_139.mp4,.mp4,2274290,already_compressed_or_media
data\train\archive (1)\FaceForensics++_C23\Deepfakes\131_518.mp4,.mp4,527885,already_compressed_or_media
data\train\archive (1)\FaceForensics++_C23\Deepfakes\132_007.mp4,.mp4,404955,already_compressed_or_media
data\train\archive (1)\FaceForensics++_C23\Deepfakes\133_148.mp4,.mp4,1117364,already_compressed_or_media
data\train\archive (1)\FaceForensics++_C23\Deepfakes\134_192.mp4,.mp4,2090960,already_compressed_or_media
data\train\archive (1)\FaceForensics++_C23\Deepfakes\135_880.mp4,.mp4,1228868,already_compressed_or_media
data\train\archive (1)\FaceForensics++_C23\Deepfakes\136_285.mp4,.mp4,3721765,already_compressed_or_media
data\train\archive (1)\FaceForensics++_C23\Deepfakes\137_165.mp4,.mp4,2218862,already_compressed_or_media
data\train\archive (1)\FaceForensics++_C23\Deepfakes\138_142.mp4,.mp4,453236,already_compressed_or_media
data\train\archive (1)\FaceForensics++_C23\Deepfakes\139_130.mp4,.mp4,559257,already_compressed_or_media
data\train\archive (1)\FaceForensics++_C23\Deepfakes\140_143.mp4,.mp4,2386114,already_compressed_or_media
data\train\archive (1)\FaceForensics++_C23\Deepfakes\141_161.mp4,.mp4,1199134,already_compressed_or_media
data\train\archive (1)\FaceForensics++_C23\Deepfakes\142_138.mp4,.mp4,1413852,already_compressed_or_media
data\train\archive (1)\FaceForensics++_C23\Deepfakes\143_140.mp4,.mp4,705398,already_compressed_or_media
data\train\archive (1)\FaceForensics++_C23\Deepfakes\144_122.mp4,.mp4,1112258,already_compressed_or_media
data\train\archive (1)\FaceForensics++_C23\Deepfakes\145_299.mp4,.mp4,599604,already_compressed_or_media
data\train\archive (1)\FaceForensics++_C23\Deepfakes\146_256.mp4,.mp4,6757647,already_compressed_or_media
data\train\archive (1)\FaceForensics++_C23\Deepfakes\147_055.mp4,.mp4,1331545,already_compressed_or_media
data\train\archive (1)\FaceForensics++_C23\Deepfakes\148_133.mp4,.mp4,777366,already_compressed_or_media
data\train\archive (1)\FaceForensics++_C23\Deepfakes\149_152.mp4,.mp4,924612,already_compressed_or_media
data\train\archive (1)\FaceForensics++_C23\Deepfakes\150_153.mp4,.mp4,606333,already_compressed_or_media
data\train\archive (1)\FaceForensics++_C23\Deepfakes\151_225.mp4,.mp4,2184609,already_compressed_or_media
data\train\archive (1)\FaceForensics++_C23\Deepfakes\152_149.mp4,.mp4,703609,already_compressed_or_media
data\train\archive (1)\FaceForensics++_C23\Deepfakes\153_150.mp4,.mp4,2115552,already_compressed_or_media
data\train\archive (1)\FaceForensics++_C23\Deepfakes\154_386.mp4,.mp4,2903126,already_compressed_or_media
data\train\archive (1)\FaceForensics++_C23\Deepfakes\155_576.mp4,.mp4,2103634,already_compressed_or_media
data\train\archive (1)\FaceForensics++_C23\Deepfakes\156_243.mp4,.mp4,1172717,already_compressed_or_media
data\train\archive (1)\FaceForensics++_C23\Deepfakes\157_245.mp4,.mp4,743481,already_compressed_or_media
data\train\archive (1)\FaceForensics++_C23\Deepfakes\158_379.mp4,.mp4,786477,already_compressed_or_media
data\train\archive (1)\FaceForensics++_C23\Deepfakes\159_175.mp4,.mp4,939860,already_compressed_or_media
data\train\archive (1)\FaceForensics++_C23\Deepfakes\160_928.mp4,.mp4,2225904,already_compressed_or_media
data\train\archive (1)\FaceForensics++_C23\Deepfakes\161_141.mp4,.mp4,656563,already_compressed_or_media
data\train\archive (1)\FaceForensics++_C23\Deepfakes\162_330.mp4,.mp4,2947042,already_compressed_or_media
data\train\archive (1)\FaceForensics++_C23\Deepfakes\163_031.mp4,.mp4,885690,already_compressed_or_media
data\train\archive (1)\FaceForensics++_C23\Deepfakes\164_216.mp4,.mp4,2737624,already_compressed_or_media
data\train\archive (1)\FaceForensics++_C23\Deepfakes\165_137.mp4,.mp4,696000,already_compressed_or_media
data\train\archive (1)\FaceForensics++_C23\Deepfakes\166_167.mp4,.mp4,1256629,already_compressed_or_media
data\train\archive (1)\FaceForensics++_C23\Deepfakes\167_166.mp4,.mp4,868595,already_compressed_or_media
data\train\archive (1)\FaceForensics++_C23\Deepfakes\168_222.mp4,.mp4,1659820,already_compressed_or_media
data\train\archive (1)\FaceForensics++_C23\Deepfakes\169_227.mp4,.mp4,950593,already_compressed_or_media
data\train\archive (1)\FaceForensics++_C23\Deepfakes\170_186.mp4,.mp4,4212756,already_compressed_or_media
data\train\archive (1)\FaceForensics++_C23\Deepfakes\171_173.mp4,.mp4,2663780,already_compressed_or_media
data\train\archive (1)\FaceForensics++_C23\Deepfakes\172_582.mp4,.mp4,1181891,already_compressed_or_media
data\train\archive (1)\FaceForensics++_C23\Deepfakes\173_171.mp4,.mp4,4020714,already_compressed_or_media
data\train\archive (1)\FaceForensics++_C23\Deepfakes\174_964.mp4,.mp4,1082557,already_compressed_or_media
data\train\archive (1)\FaceForensics++_C23\Deepfakes\175_159.mp4,.mp4,1156853,already_compressed_or_media
data\train\archive (1)\FaceForensics++_C23\Deepfakes\176_190.mp4,.mp4,4617610,already_compressed_or_media
data\train\archive (1)\FaceForensics++_C23\Deepfakes\177_211.mp4,.mp4,1144354,already_compressed_or_media
data\train\archive (1)\FaceForensics++_C23\Deepfakes\178_598.mp4,.mp4,541896,already_compressed_or_media
data\train\archive (1)\FaceForensics++_C23\Deepfakes\179_212.mp4,.mp4,1902669,already_compressed_or_media
data\train\archive (1)\FaceForensics++_C23\Deepfakes\180_105.mp4,.mp4,1296573,already_compressed_or_media
data\train\archive (1)\FaceForensics++_C23\Deepfakes\181_199.mp4,.mp4,738899,already_compressed_or_media
data\train\archive (1)\FaceForensics++_C23\Deepfakes\182_242.mp4,.mp4,2291977,already_compressed_or_media
data\train\archive (1)\FaceForensics++_C23\Deepfakes\183_253.mp4,.mp4,1430594,already_compressed_or_media
data\train\archive (1)\FaceForensics++_C23\Deepfakes\184_205.mp4,.mp4,1937730,already_compressed_or_media
data\train\archive (1)\FaceForensics++_C23\Deepfakes\185_276.mp4,.mp4,2351637,already_compressed_or_media
data\train\archive (1)\FaceForensics++_C23\Deepfakes\186_170.mp4,.mp4,5315785,already_compressed_or_media
data\train\archive (1)\FaceForensics++_C23\Deepfakes\187_234.mp4,.mp4,5831188,already_compressed_or_media
data\train\archive (1)\FaceForensics++_C23\Deepfakes\188_191.mp4,.mp4,1381662,already_compressed_or_media
data\train\archive (1)\FaceForensics++_C23\Deepfakes\189_200.mp4,.mp4,1653802,already_compressed_or_media
data\train\archive (1)\FaceForensics++_C23\Deepfakes\190_176.mp4,.mp4,2787995,already_compressed_or_media
data\train\archive (1)\FaceForensics++_C23\Deepfakes\191_188.mp4,.mp4,3997819,already_compressed_or_media
data\train\archive (1)\FaceForensics++_C23\Deepfakes\192_134.mp4,.mp4,936657,already_compressed_or_media
data\train\archive (1)\FaceForensics++_C23\Deepfakes\193_030.mp4,.mp4,4902762,already_compressed_or_media
data\train\archive (1)\FaceForensics++_C23\Deepfakes\194_235.mp4,.mp4,1005743,already_compressed_or_media
data\train\archive (1)\FaceForensics++_C23\Deepfakes\195_442.mp4,.mp4,1297303,already_compressed_or_media
data\train\archive (1)\FaceForensics++_C23\Deepfakes\196_310.mp4,.mp4,599116,already_compressed_or_media
data\train\archive (1)\FaceForensics++_C23\Deepfakes\197_224.mp4,.mp4,1600349,already_compressed_or_media
data\train\archive (1)\FaceForensics++_C23\Deepfakes\198_106.mp4,.mp4,662696,already_compressed_or_media
data\train\archive (1)\FaceForensics++_C23\Deepfakes\199_181.mp4,.mp4,1196395,already_compressed_or_media
data\train\archive (1)\FaceForensics++_C23\Deepfakes\200_189.mp4,.mp4,2734719,already_compressed_or_media
data\train\archive (1)\FaceForensics++_C23\Deepfakes\201_203.mp4,.mp4,1935680,already_compressed_or_media
data\train\archive (1)\FaceForensics++_C23\Deepfakes\202_348.mp4,.mp4,693525,already_compressed_or_media
data\train\archive (1)\FaceForensics++_C23\Deepfakes\203_201.mp4,.mp4,1411663,already_compressed_or_media
data\train\archive (1)\FaceForensics++_C23\Deepfakes\204_230.mp4,.mp4,2104705,already_compressed_or_media
data\train\archive (1)\FaceForensics++_C23\Deepfakes\205_184.mp4,.mp4,895664,already_compressed_or_media
data\train\archive (1)\FaceForensics++_C23\Deepfakes\206_221.mp4,.mp4,751297,already_compressed_or_media
data\train\archive (1)\FaceForensics++_C23\Deepfakes\207_908.mp4,.mp4,3088169,already_compressed_or_media
data\train\archive (1)\FaceForensics++_C23\Deepfakes\208_215.mp4,.mp4,1178045,already_compressed_or_media
data\train\archive (1)\FaceForensics++_C23\Deepfakes\209_016.mp4,.mp4,1286543,already_compressed_or_media
data\train\archive (1)\FaceForensics++_C23\Deepfakes\210_241.mp4,.mp4,1867397,already_compressed_or_media
data\train\archive (1)\FaceForensics++_C23\Deepfakes\211_177.mp4,.mp4,2703740,already_compressed_or_media
data\train\archive (1)\FaceForensics++_C23\Deepfakes\212_179.mp4,.mp4,691712,already_compressed_or_media
data\train\archive (1)\FaceForensics++_C23\Deepfakes\213_083.mp4,.mp4,1931479,already_compressed_or_media
data\train\archive (1)\FaceForensics++_C23\Deepfakes\214_255.mp4,.mp4,1529560,already_compressed_or_media
data\train\archive (1)\FaceForensics++_C23\Deepfakes\215_208.mp4,.mp4,1071849,already_compressed_or_media
data\train\archive (1)\FaceForensics++_C23\Deepfakes\216_164.mp4,.mp4,1015978,already_compressed_or_media
data\train\archive (1)\FaceForensics++_C23\Deepfakes\217_117.mp4,.mp4,7033630,already_compressed_or_media
data\train\archive (1)\FaceForensics++_C23\Deepfakes\218_239.mp4,.mp4,483304,already_compressed_or_media
data\train\archive (1)\FaceForensics++_C23\Deepfakes\219_220.mp4,.mp4,2098720,already_compressed_or_media
data\train\archive (1)\FaceForensics++_C23\Deepfakes\220_219.mp4,.mp4,795924,already_compressed_or_media
data\train\archive (1)\FaceForensics++_C23\Deepfakes\221_206.mp4,.mp4,2812730,already_compressed_or_media
data\train\archive (1)\FaceForensics++_C23\Deepfakes\222_168.mp4,.mp4,880025,already_compressed_or_media
data\train\archive (1)\FaceForensics++_C23\Deepfakes\223_586.mp4,.mp4,1895186,already_compressed_or_media
data\train\archive (1)\FaceForensics++_C23\Deepfakes\224_197.mp4,.mp4,1894181,already_compressed_or_media
data\train\archive (1)\FaceForensics++_C23\Deepfakes\225_151.mp4,.mp4,1234491,already_compressed_or_media
data\train\archive (1)\FaceForensics++_C23\Deepfakes\226_491.mp4,.mp4,1302678,already_compressed_or_media
data\train\archive (1)\FaceForensics++_C23\Deepfakes\227_169.mp4,.mp4,1440168,already_compressed_or_media
data\train\archive (1)\FaceForensics++_C23\Deepfakes\228_289.mp4,.mp4,758121,already_compressed_or_media
data\train\archive (1)\FaceForensics++_C23\Deepfakes\229_247.mp4,.mp4,715517,already_compressed_or_media
data\train\archive (1)\FaceForensics++_C23\Deepfakes\230_204.mp4,.mp4,1440171,already_compressed_or_media
data\train\archive (1)\FaceForensics++_C23\Deepfakes\231_663.mp4,.mp4,1012086,already_compressed_or_media
data\train\archive (1)\FaceForensics++_C23\Deepfakes\232_248.mp4,.mp4,1594913,already_compressed_or_media
data\train\archive (1)\FaceForensics++_C23\Deepfakes\233_995.mp4,.mp4,2737553,already_compressed_or_media
data\train\archive (1)\FaceForensics++_C23\Deepfakes\234_187.mp4,.mp4,1563549,already_compressed_or_media
data\train\archive (1)\FaceForensics++_C23\Deepfakes\235_194.mp4,.mp4,1376502,already_compressed_or_media
data\train\archive (1)\FaceForensics++_C23\Deepfakes\236_237.mp4,.mp4,1497114,already_compressed_or_media
data\train\archive (1)\FaceForensics++_C23\Deepfakes\237_236.mp4,.mp4,3266077,already_compressed_or_media
data\train\archive (1)\FaceForensics++_C23\Deepfakes\238_282.mp4,.mp4,911150,already_compressed_or_media
data\train\archive (1)\FaceForensics++_C23\Deepfakes\239_218.mp4,.mp4,1536942,already_compressed_or_media
data\train\archive (1)\FaceForensics++_C23\Deepfakes\240_290.mp4,.mp4,2338335,already_compressed_or_media
data\train\archive (1)\FaceForensics++_C23\Deepfakes\241_210.mp4,.mp4,618639,already_compressed_or_media
data\train\archive (1)\FaceForensics++_C23\Deepfakes\242_182.mp4,.mp4,531531,already_compressed_or_media
data\train\archive (1)\FaceForensics++_C23\Deepfakes\243_156.mp4,.mp4,2350209,already_compressed_or_media
data\train\archive (1)\FaceForensics++_C23\Deepfakes\244_822.mp4,.mp4,4860886,already_compressed_or_media
data\train\archive (1)\FaceForensics++_C23\Deepfakes\245_157.mp4,.mp4,701080,already_compressed_or_media
data\train\archive (1)\FaceForensics++_C23\Deepfakes\246_258.mp4,.mp4,1958956,already_compressed_or_media
data\train\archive (1)\FaceForensics++_C23\Deepfakes\247_229.mp4,.mp4,1246499,already_compressed_or_media
data\train\archive (1)\FaceForensics++_C23\Deepfakes\248_232.mp4,.mp4,2245563,already_compressed_or_media
data\train\archive (1)\FaceForensics++_C23\Deepfakes\249_280.mp4,.mp4,1589680,already_compressed_or_media
data\train\archive (1)\FaceForensics++_C23\Deepfakes\250_461.mp4,.mp4,2646489,already_compressed_or_media
data\train\archive (1)\FaceForensics++_C23\Deepfakes\251_375.mp4,.mp4,2583274,already_compressed_or_media
data\train\archive (1)\FaceForensics++_C23\Deepfakes\252_266.mp4,.mp4,1749658,already_compressed_or_media
data\train\archive (1)\FaceForensics++_C23\Deepfakes\253_183.mp4,.mp4,1624633,already_compressed_or_media
data\train\archive (1)\FaceForensics++_C23\Deepfakes\254_261.mp4,.mp4,1369411,already_compressed_or_media
data\train\archive (1)\FaceForensics++_C23\Deepfakes\255_214.mp4,.mp4,1975643,already_compressed_or_media
data\train\archive (1)\FaceForensics++_C23\Deepfakes\256_146.mp4,.mp4,2461053,already_compressed_or_media
data\train\archive (1)\FaceForensics++_C23\Deepfakes\257_420.mp4,.mp4,2294026,already_compressed_or_media
data\train\archive (1)\FaceForensics++_C23\Deepfakes\258_246.mp4,.mp4,3253920,already_compressed_or_media
data\train\archive (1)\FaceForensics++_C23\Deepfakes\259_345.mp4,.mp4,1152148,already_compressed_or_media
data\train\archive (1)\FaceForensics++_C23\Deepfakes\260_331.mp4,.mp4,497491,already_compressed_or_media
data\train\archive (1)\FaceForensics++_C23\Deepfakes\261_254.mp4,.mp4,748773,already_compressed_or_media
data\train\archive (1)\FaceForensics++_C23\Deepfakes\262_301.mp4,.mp4,735919,already_compressed_or_media
data\train\archive (1)\FaceForensics++_C23\Deepfakes\263_284.mp4,.mp4,1609876,already_compressed_or_media
data\train\archive (1)\FaceForensics++_C23\Deepfakes\264_271.mp4,.mp4,658333,already_compressed_or_media
data\train\archive (1)\FaceForensics++_C23\Deepfakes\265_475.mp4,.mp4,6532393,already_compressed_or_media
data\train\archive (1)\FaceForensics++_C23\Deepfakes\266_252.mp4,.mp4,1416239,already_compressed_or_media
data\train\archive (1)\FaceForensics++_C23\Deepfakes\267_286.mp4,.mp4,1713936,already_compressed_or_media
data\train\archive (1)\FaceForensics++_C23\Deepfakes\268_269.mp4,.mp4,3814827,already_compressed_or_media
data\train\archive (1)\FaceForensics++_C23\Deepfakes\269_268.mp4,.mp4,749166,already_compressed_or_media
data\train\archive (1)\FaceForensics++_C23\Deepfakes\270_297.mp4,.mp4,828709,already_compressed_or_media
data\train\archive (1)\FaceForensics++_C23\Deepfakes\271_264.mp4,.mp4,1396847,already_compressed_or_media
data\train\archive (1)\FaceForensics++_C23\Deepfakes\272_396.mp4,.mp4,1574373,already_compressed_or_media
data\train\archive (1)\FaceForensics++_C23\Deepfakes\273_807.mp4,.mp4,953363,already_compressed_or_media
data\train\archive (1)\FaceForensics++_C23\Deepfakes\274_412.mp4,.mp4,2389858,already_compressed_or_media
data\train\archive (1)\FaceForensics++_C23\Deepfakes\275_887.mp4,.mp4,884226,already_compressed_or_media
data\train\archive (1)\FaceForensics++_C23\Deepfakes\276_185.mp4,.mp4,870369,already_compressed_or_media
data\train\archive (1)\FaceForensics++_C23\Deepfakes\277_335.mp4,.mp4,3351852,already_compressed_or_media
data\train\archive (1)\FaceForensics++_C23\Deepfakes\278_306.mp4,.mp4,712261,already_compressed_or_media
data\train\archive (1)\FaceForensics++_C23\Deepfakes\279_298.mp4,.mp4,2568728,already_compressed_or_media
data\train\archive (1)\FaceForensics++_C23\Deepfakes\280_249.mp4,.mp4,1048567,already_compressed_or_media
data\train\archive (1)\FaceForensics++_C23\Deepfakes\281_474.mp4,.mp4,877488,already_compressed_or_media
data\train\archive (1)\FaceForensics++_C23\Deepfakes\282_238.mp4,.mp4,1257667,already_compressed_or_media
data\train\archive (1)\FaceForensics++_C23\Deepfakes\283_313.mp4,.mp4,1393798,already_compressed_or_media
data\train\archive (1)\FaceForensics++_C23\Deepfakes\284_263.mp4,.mp4,4720494,already_compressed_or_media
data\train\archive (1)\FaceForensics++_C23\Deepfakes\285_136.mp4,.mp4,1484702,already_compressed_or_media
data\train\archive (1)\FaceForensics++_C23\Deepfakes\286_267.mp4,.mp4,2554094,already_compressed_or_media
data\train\archive (1)\FaceForensics++_C23\Deepfakes\287_426.mp4,.mp4,3263624,already_compressed_or_media
data\train\archive (1)\FaceForensics++_C23\Deepfakes\288_321.mp4,.mp4,768066,already_compressed_or_media
data\train\archive (1)\FaceForensics++_C23\Deepfakes\289_228.mp4,.mp4,1193493,already_compressed_or_media
data\train\archive (1)\FaceForensics++_C23\Deepfakes\290_240.mp4,.mp4,1127624,already_compressed_or_media
data\train\archive (1)\FaceForensics++_C23\Deepfakes\291_874.mp4,.mp4,2603487,already_compressed_or_media
data\train\archive (1)\FaceForensics++_C23\Deepfakes\292_294.mp4,.mp4,2450311,already_compressed_or_media
data\train\archive (1)\FaceForensics++_C23\Deepfakes\293_296.mp4,.mp4,1984576,already_compressed_or_media
data\train\archive (1)\FaceForensics++_C23\Deepfakes\294_292.mp4,.mp4,3546081,already_compressed_or_media
data\train\archive (1)\FaceForensics++_C23\Deepfakes\295_099.mp4,.mp4,3756075,already_compressed_or_media
data\train\archive (1)\FaceForensics++_C23\Deepfakes\296_293.mp4,.mp4,675077,already_compressed_or_media
data\train\archive (1)\FaceForensics++_C23\Deepfakes\297_270.mp4,.mp4,498378,already_compressed_or_media
data\train\archive (1)\FaceForensics++_C23\Deepfakes\298_279.mp4,.mp4,1186621,already_compressed_or_media
data\train\archive (1)\FaceForensics++_C23\Deepfakes\299_145.mp4,.mp4,916020,already_compressed_or_media
data\train\archive (1)\FaceForensics++_C23\Deepfakes\300_304.mp4,.mp4,957578,already_compressed_or_media
data\train\archive (1)\FaceForensics++_C23\Deepfakes\301_262.mp4,.mp4,1309431,already_compressed_or_media
data\train\archive (1)\FaceForensics++_C23\Deepfakes\302_323.mp4,.mp4,1570925,already_compressed_or_media
data\train\archive (1)\FaceForensics++_C23\Deepfakes\303_309.mp4,.mp4,1830245,already_compressed_or_media
data\train\archive (1)\FaceForensics++_C23\Deepfakes\304_300.mp4,.mp4,958249,already_compressed_or_media
data\train\archive (1)\FaceForensics++_C23\Deepfakes\305_513.mp4,.mp4,3420310,already_compressed_or_media
data\train\archive (1)\FaceForensics++_C23\Deepfakes\306_278.mp4,.mp4,988626,already_compressed_or_media
data\train\archive (1)\FaceForensics++_C23\Deepfakes\307_365.mp4,.mp4,610471,already_compressed_or_media
data\train\archive (1)\FaceForensics++_C23\Deepfakes\308_388.mp4,.mp4,1433145,already_compressed_or_media
data\train\archive (1)\FaceForensics++_C23\Deepfakes\309_303.mp4,.mp4,1744784,already_compressed_or_media
data\train\archive (1)\FaceForensics++_C23\Deepfakes\310_196.mp4,.mp4,2180263,already_compressed_or_media
data\train\archive (1)\FaceForensics++_C23\Deepfakes\311_387.mp4,.mp4,1210252,already_compressed_or_media
data\train\archive (1)\FaceForensics++_C23\Deepfakes\312_021.mp4,.mp4,1147794,already_compressed_or_media
data\train\archive (1)\FaceForensics++_C23\Deepfakes\313_283.mp4,.mp4,745426,already_compressed_or_media
data\train\archive (1)\FaceForensics++_C23\Deepfakes\314_347.mp4,.mp4,915547,already_compressed_or_media
data\train\archive (1)\FaceForensics++_C23\Deepfakes\315_322.mp4,.mp4,651027,already_compressed_or_media
data\train\archive (1)\FaceForensics++_C23\Deepfakes\316_369.mp4,.mp4,710809,already_compressed_or_media
data\train\archive (1)\FaceForensics++_C23\Deepfakes\317_359.mp4,.mp4,1082864,already_compressed_or_media
data\train\archive (1)\FaceForensics++_C23\Deepfakes\318_334.mp4,.mp4,927298,already_compressed_or_media
data\train\archive (1)\FaceForensics++_C23\Deepfakes\319_352.mp4,.mp4,1427361,already_compressed_or_media
data\train\archive (1)\FaceForensics++_C23\Deepfakes\320_328.mp4,.mp4,2852042,already_compressed_or_media
data\train\archive (1)\FaceForensics++_C23\Deepfakes\321_288.mp4,.mp4,1244240,already_compressed_or_media
data\train\archive (1)\FaceForensics++_C23\Deepfakes\322_315.mp4,.mp4,1138335,already_compressed_or_media
data\train\archive (1)\FaceForensics++_C23\Deepfakes\323_302.mp4,.mp4,1258453,already_compressed_or_media
data\train\archive (1)\FaceForensics++_C23\Deepfakes\324_356.mp4,.mp4,2604321,already_compressed_or_media
data\train\archive (1)\FaceForensics++_C23\Deepfakes\325_492.mp4,.mp4,9643698,already_compressed_or_media
data\train\archive (1)\FaceForensics++_C23\Deepfakes\326_501.mp4,.mp4,1589625,already_compressed_or_media
data\train\archive (1)\FaceForensics++_C23\Deepfakes\327_329.mp4,.mp4,617828,already_compressed_or_media
data\train\archive (1)\FaceForensics++_C23\Deepfakes\328_320.mp4,.mp4,1567863,already_compressed_or_media
data\train\archive (1)\FaceForensics++_C23\Deepfakes\329_327.mp4,.mp4,475387,already_compressed_or_media
data\train\archive (1)\FaceForensics++_C23\Deepfakes\330_162.mp4,.mp4,1871666,already_compressed_or_media
data\train\archive (1)\FaceForensics++_C23\Deepfakes\331_260.mp4,.mp4,1483233,already_compressed_or_media
data\train\archive (1)\FaceForensics++_C23\Deepfakes\332_051.mp4,.mp4,5650750,already_compressed_or_media
data\train\archive (1)\FaceForensics++_C23\Deepfakes\333_377.mp4,.mp4,1096455,already_compressed_or_media
data\train\archive (1)\FaceForensics++_C23\Deepfakes\334_318.mp4,.mp4,3132270,already_compressed_or_media
data\train\archive (1)\FaceForensics++_C23\Deepfakes\335_277.mp4,.mp4,1486033,already_compressed_or_media
data\train\archive (1)\FaceForensics++_C23\Deepfakes\336_338.mp4,.mp4,864517,already_compressed_or_media
data\train\archive (1)\FaceForensics++_C23\Deepfakes\337_522.mp4,.mp4,859448,already_compressed_or_media
data\train\archive (1)\FaceForensics++_C23\Deepfakes\338_336.mp4,.mp4,1830857,already_compressed_or_media
data\train\archive (1)\FaceForensics++_C23\Deepfakes\339_392.mp4,.mp4,630921,already_compressed_or_media
data\train\archive (1)\FaceForensics++_C23\Deepfakes\340_341.mp4,.mp4,2552508,already_compressed_or_media
data\train\archive (1)\FaceForensics++_C23\Deepfakes\341_340.mp4,.mp4,6459094,already_compressed_or_media
data\train\archive (1)\FaceForensics++_C23\Deepfakes\342_416.mp4,.mp4,1257512,already_compressed_or_media
data\train\archive (1)\FaceForensics++_C23\Deepfakes\343_363.mp4,.mp4,399674,already_compressed_or_media
data\train\archive (1)\FaceForensics++_C23\Deepfakes\344_020.mp4,.mp4,3125648,already_compressed_or_media
data\train\archive (1)\FaceForensics++_C23\Deepfakes\345_259.mp4,.mp4,875269,already_compressed_or_media
data\train\archive (1)\FaceForensics++_C23\Deepfakes\346_351.mp4,.mp4,720319,already_compressed_or_media
data\train\archive (1)\FaceForensics++_C23\Deepfakes\347_314.mp4,.mp4,721862,already_compressed_or_media
data\train\archive (1)\FaceForensics++_C23\Deepfakes\348_202.mp4,.mp4,539337,already_compressed_or_media
data\train\archive (1)\FaceForensics++_C23\Deepfakes\349_350.mp4,.mp4,1674283,already_compressed_or_media
data\train\archive (1)\FaceForensics++_C23\Deepfakes\350_349.mp4,.mp4,1079304,already_compressed_or_media
data\train\archive (1)\FaceForensics++_C23\Deepfakes\351_346.mp4,.mp4,1046107,already_compressed_or_media
data\train\archive (1)\FaceForensics++_C23\Deepfakes\352_319.mp4,.mp4,1394471,already_compressed_or_media
data\train\archive (1)\FaceForensics++_C23\Deepfakes\353_383.mp4,.mp4,1682311,already_compressed_or_media
data\train\archive (1)\FaceForensics++_C23\Deepfakes\354_362.mp4,.mp4,2019216,already_compressed_or_media
data\train\archive (1)\FaceForensics++_C23\Deepfakes\355_748.mp4,.mp4,5547127,already_compressed_or_media
data\train\archive (1)\FaceForensics++_C23\Deepfakes\356_324.mp4,.mp4,3102172,already_compressed_or_media
data\train\archive (1)\FaceForensics++_C23\Deepfakes\357_432.mp4,.mp4,540578,already_compressed_or_media
data\train\archive (1)\FaceForensics++_C23\Deepfakes\358_380.mp4,.mp4,761768,already_compressed_or_media
data\train\archive (1)\FaceForensics++_C23\Deepfakes\359_317.mp4,.mp4,844489,already_compressed_or_media
data\train\archive (1)\FaceForensics++_C23\Deepfakes\360_437.mp4,.mp4,2261245,already_compressed_or_media
data\train\archive (1)\FaceForensics++_C23\Deepfakes\361_448.mp4,.mp4,3145397,already_compressed_or_media
data\train\archive (1)\FaceForensics++_C23\Deepfakes\362_354.mp4,.mp4,1946049,already_compressed_or_media
data\train\archive (1)\FaceForensics++_C23\Deepfakes\363_343.mp4,.mp4,955740,already_compressed_or_media
data\train\archive (1)\FaceForensics++_C23\Deepfakes\364_440.mp4,.mp4,2128122,already_compressed_or_media
data\train\archive (1)\FaceForensics++_C23\Deepfakes\365_307.mp4,.mp4,389445,already_compressed_or_media
data\train\archive (1)\FaceForensics++_C23\Deepfakes\366_473.mp4,.mp4,887598,already_compressed_or_media
data\train\archive (1)\FaceForensics++_C23\Deepfakes\367_371.mp4,.mp4,1003787,already_compressed_or_media
data\train\archive (1)\FaceForensics++_C23\Deepfakes\368_378.mp4,.mp4,1331081,already_compressed_or_media
data\train\archive (1)\FaceForensics++_C23\Deepfakes\369_316.mp4,.mp4,710488,already_compressed_or_media
data\train\archive (1)\FaceForensics++_C23\Deepfakes\370_483.mp4,.mp4,3980888,already_compressed_or_media
data\train\archive (1)\FaceForensics++_C23\Deepfakes\371_367.mp4,.mp4,1572412,already_compressed_or_media
data\train\archive (1)\FaceForensics++_C23\Deepfakes\372_413.mp4,.mp4,1083801,already_compressed_or_media
data\train\archive (1)\FaceForensics++_C23\Deepfakes\373_394.mp4,.mp4,2693080,already_compressed_or_media
data\train\archive (1)\FaceForensics++_C23\Deepfakes\374_407.mp4,.mp4,1643618,already_compressed_or_media
data\train\archive (1)\FaceForensics++_C23\Deepfakes\375_251.mp4,.mp4,1895594,already_compressed_or_media
data\train\archive (1)\FaceForensics++_C23\Deepfakes\376_381.mp4,.mp4,1808166,already_compressed_or_media
data\train\archive (1)\FaceForensics++_C23\Deepfakes\377_333.mp4,.mp4,733654,already_compressed_or_media
data\train\archive (1)\FaceForensics++_C23\Deepfakes\378_368.mp4,.mp4,4015781,already_compressed_or_media
data\train\archive (1)\FaceForensics++_C23\Deepfakes\379_158.mp4,.mp4,987967,already_compressed_or_media
data\train\archive (1)\FaceForensics++_C23\Deepfakes\380_358.mp4,.mp4,625545,already_compressed_or_media
data\train\archive (1)\FaceForensics++_C23\Deepfakes\381_376.mp4,.mp4,1608439,already_compressed_or_media
data\train\archive (1)\FaceForensics++_C23\Deepfakes\382_409.mp4,.mp4,724745,already_compressed_or_media
data\train\archive (1)\FaceForensics++_C23\Deepfakes\383_353.mp4,.mp4,2935164,already_compressed_or_media
data\train\archive (1)\FaceForensics++_C23\Deepfakes\384_932.mp4,.mp4,3489864,already_compressed_or_media
data\train\archive (1)\FaceForensics++_C23\Deepfakes\385_414.mp4,.mp4,1796627,already_compressed_or_media
data\train\archive (1)\FaceForensics++_C23\Deepfakes\386_154.mp4,.mp4,3659475,already_compressed_or_media
data\train\archive (1)\FaceForensics++_C23\Deepfakes\387_311.mp4,.mp4,1270562,already_compressed_or_media
data\train\archive (1)\FaceForensics++_C23\Deepfakes\388_308.mp4,.mp4,1063089,already_compressed_or_media
data\train\archive (1)\FaceForensics++_C23\Deepfakes\389_480.mp4,.mp4,3019142,already_compressed_or_media
data\train\archive (1)\FaceForensics++_C23\Deepfakes\390_709.mp4,.mp4,5899448,already_compressed_or_media
data\train\archive (1)\FaceForensics++_C23\Deepfakes\391_406.mp4,.mp4,723604,already_compressed_or_media
data\train\archive (1)\FaceForensics++_C23\Deepfakes\392_339.mp4,.mp4,7491519,already_compressed_or_media
data\train\archive (1)\FaceForensics++_C23\Deepfakes\393_405.mp4,.mp4,1180868,already_compressed_or_media
data\train\archive (1)\FaceForensics++_C23\Deepfakes\394_373.mp4,.mp4,1532628,already_compressed_or_media
data\train\archive (1)\FaceForensics++_C23\Deepfakes\395_401.mp4,.mp4,1257548,already_compressed_or_media
data\train\archive (1)\FaceForensics++_C23\Deepfakes\396_272.mp4,.mp4,1726196,already_compressed_or_media
data\train\archive (1)\FaceForensics++_C23\Deepfakes\397_602.mp4,.mp4,3774366,already_compressed_or_media
data\train\archive (1)\FaceForensics++_C23\Deepfakes\398_457.mp4,.mp4,1317888,already_compressed_or_media
data\train\archive (1)\FaceForensics++_C23\Deepfakes\399_488.mp4,.mp4,3624492,already_compressed_or_media
data\train\archive (1)\FaceForensics++_C23\Deepfakes\400_476.mp4,.mp4,1608431,already_compressed_or_media
data\train\archive (1)\FaceForensics++_C23\Deepfakes\401_395.mp4,.mp4,2083387,already_compressed_or_media
data\train\archive (1)\FaceForensics++_C23\Deepfakes\402_453.mp4,.mp4,5003723,already_compressed_or_media
data\train\archive (1)\FaceForensics++_C23\Deepfakes\403_497.mp4,.mp4,991418,already_compressed_or_media
data\train\archive (1)\FaceForensics++_C23\Deepfakes\404_429.mp4,.mp4,6775085,already_compressed_or_media
data\train\archive (1)\FaceForensics++_C23\Deepfakes\405_393.mp4,.mp4,1048453,already_compressed_or_media
data\train\archive (1)\FaceForensics++_C23\Deepfakes\406_391.mp4,.mp4,1484559,already_compressed_or_media
data\train\archive (1)\FaceForensics++_C23\Deepfakes\407_374.mp4,.mp4,1359395,already_compressed_or_media
data\train\archive (1)\FaceForensics++_C23\Deepfakes\408_424.mp4,.mp4,1579970,already_compressed_or_media
data\train\archive (1)\FaceForensics++_C23\Deepfakes\409_382.mp4,.mp4,502178,already_compressed_or_media
data\train\archive (1)\FaceForensics++_C23\Deepfakes\410_411.mp4,.mp4,5048847,already_compressed_or_media
data\train\archive (1)\FaceForensics++_C23\Deepfakes\411_410.mp4,.mp4,7180642,already_compressed_or_media
data\train\archive (1)\FaceForensics++_C23\Deepfakes\412_274.mp4,.mp4,1848310,already_compressed_or_media
data\train\archive (1)\FaceForensics++_C23\Deepfakes\413_372.mp4,.mp4,721396,already_compressed_or_media
data\train\archive (1)\FaceForensics++_C23\Deepfakes\414_385.mp4,.mp4,6703190,already_compressed_or_media
data\train\archive (1)\FaceForensics++_C23\Deepfakes\415_484.mp4,.mp4,691600,already_compressed_or_media
data\train\archive (1)\FaceForensics++_C23\Deepfakes\416_342.mp4,.mp4,1811583,already_compressed_or_media
data\train\archive (1)\FaceForensics++_C23\Deepfakes\417_496.mp4,.mp4,2206262,already_compressed_or_media
data\train\archive (1)\FaceForensics++_C23\Deepfakes\418_507.mp4,.mp4,1774590,already_compressed_or_media
data\train\archive (1)\FaceForensics++_C23\Deepfakes\419_824.mp4,.mp4,2115073,already_compressed_or_media
data\train\archive (1)\FaceForensics++_C23\Deepfakes\420_257.mp4,.mp4,1942279,already_compressed_or_media
data\train\archive (1)\FaceForensics++_C23\Deepfakes\421_423.mp4,.mp4,1833062,already_compressed_or_media
data\train\archive (1)\FaceForensics++_C23\Deepfakes\422_695.mp4,.mp4,4964080,already_compressed_or_media
data\train\archive (1)\FaceForensics++_C23\Deepfakes\423_421.mp4,.mp4,3590518,already_compressed_or_media
data\train\archive (1)\FaceForensics++_C23\Deepfakes\424_408.mp4,.mp4,587784,already_compressed_or_media
data\train\archive (1)\FaceForensics++_C23\Deepfakes\425_485.mp4,.mp4,796280,already_compressed_or_media
data\train\archive (1)\FaceForensics++_C23\Deepfakes\426_287.mp4,.mp4,4658894,already_compressed_or_media
data\train\archive (1)\FaceForensics++_C23\Deepfakes\427_637.mp4,.mp4,752587,already_compressed_or_media
data\train\archive (1)\FaceForensics++_C23\Deepfakes\428_466.mp4,.mp4,1912596,already_compressed_or_media
data\train\archive (1)\FaceForensics++_C23\Deepfakes\429_404.mp4,.mp4,1099701,already_compressed_or_media
data\train\archive (1)\FaceForensics++_C23\Deepfakes\430_459.mp4,.mp4,2810909,already_compressed_or_media
data\train\archive (1)\FaceForensics++_C23\Deepfakes\431_447.mp4,.mp4,2129465,already_compressed_or_media
data\train\archive (1)\FaceForensics++_C23\Deepfakes\432_357.mp4,.mp4,620490,already_compressed_or_media
data\train\archive (1)\FaceForensics++_C23\Deepfakes\433_498.mp4,.mp4,2547660,already_compressed_or_media
data\train\archive (1)\FaceForensics++_C23\Deepfakes\434_438.mp4,.mp4,505119,already_compressed_or_media
data\train\archive (1)\FaceForensics++_C23\Deepfakes\435_456.mp4,.mp4,1027392,already_compressed_or_media
data\train\archive (1)\FaceForensics++_C23\Deepfakes\436_526.mp4,.mp4,2576085,already_compressed_or_media
data\train\archive (1)\FaceForensics++_C23\Deepfakes\437_360.mp4,.mp4,4443820,already_compressed_or_media
data\train\archive (1)\FaceForensics++_C23\Deepfakes\438_434.mp4,.mp4,686266,already_compressed_or_media
data\train\archive (1)\FaceForensics++_C23\Deepfakes\439_441.mp4,.mp4,965078,already_compressed_or_media
data\train\archive (1)\FaceForensics++_C23\Deepfakes\440_364.mp4,.mp4,575008,already_compressed_or_media
data\train\archive (1)\FaceForensics++_C23\Deepfakes\441_439.mp4,.mp4,685478,already_compressed_or_media
data\train\archive (1)\FaceForensics++_C23\Deepfakes\442_195.mp4,.mp4,4070583,already_compressed_or_media
data\train\archive (1)\FaceForensics++_C23\Deepfakes\443_514.mp4,.mp4,1610916,already_compressed_or_media
data\train\archive (1)\FaceForensics++_C23\Deepfakes\444_655.mp4,.mp4,891684,already_compressed_or_media
data\train\archive (1)\FaceForensics++_C23\Deepfakes\445_494.mp4,.mp4,4079509,already_compressed_or_media
data\train\archive (1)\FaceForensics++_C23\Deepfakes\446_667.mp4,.mp4,4737089,already_compressed_or_media
data\train\archive (1)\FaceForensics++_C23\Deepfakes\447_431.mp4,.mp4,632625,already_compressed_or_media
data\train\archive (1)\FaceForensics++_C23\Deepfakes\448_361.mp4,.mp4,2274271,already_compressed_or_media
data\train\archive (1)\FaceForensics++_C23\Deepfakes\449_451.mp4,.mp4,1567429,already_compressed_or_media
data\train\archive (1)\FaceForensics++_C23\Deepfakes\450_533.mp4,.mp4,7075367,already_compressed_or_media
data\train\archive (1)\FaceForensics++_C23\Deepfakes\451_449.mp4,.mp4,1521485,already_compressed_or_media
data\train\archive (1)\FaceForensics++_C23\Deepfakes\452_550.mp4,.mp4,1078555,already_compressed_or_media
data\train\archive (1)\FaceForensics++_C23\Deepfakes\453_402.mp4,.mp4,2526071,already_compressed_or_media
data\train\archive (1)\FaceForensics++_C23\Deepfakes\454_527.mp4,.mp4,1160768,already_compressed_or_media
data\train\archive (1)\FaceForensics++_C23\Deepfakes\455_471.mp4,.mp4,1389364,already_compressed_or_media
data\train\archive (1)\FaceForensics++_C23\Deepfakes\456_435.mp4,.mp4,3667137,already_compressed_or_media
data\train\archive (1)\FaceForensics++_C23\Deepfakes\457_398.mp4,.mp4,1283215,already_compressed_or_media
data\train\archive (1)\FaceForensics++_C23\Deepfakes\458_722.mp4,.mp4,805763,already_compressed_or_media
data\train\archive (1)\FaceForensics++_C23\Deepfakes\459_430.mp4,.mp4,4662130,already_compressed_or_media
data\train\archive (1)\FaceForensics++_C23\Deepfakes\460_678.mp4,.mp4,2718654,already_compressed_or_media
data\train\archive (1)\FaceForensics++_C23\Deepfakes\461_250.mp4,.mp4,2179152,already_compressed_or_media
data\train\archive (1)\FaceForensics++_C23\Deepfakes\462_467.mp4,.mp4,1078232,already_compressed_or_media
data\train\archive (1)\FaceForensics++_C23\Deepfakes\463_464.mp4,.mp4,840858,already_compressed_or_media
data\train\archive (1)\FaceForensics++_C23\Deepfakes\464_463.mp4,.mp4,978316,already_compressed_or_media
data\train\archive (1)\FaceForensics++_C23\Deepfakes\465_482.mp4,.mp4,1594088,already_compressed_or_media
data\train\archive (1)\FaceForensics++_C23\Deepfakes\466_428.mp4,.mp4,1752849,already_compressed_or_media
data\train\archive (1)\FaceForensics++_C23\Deepfakes\467_462.mp4,.mp4,828822,already_compressed_or_media
data\train\archive (1)\FaceForensics++_C23\Deepfakes\468_470.mp4,.mp4,1284589,already_compressed_or_media
data\train\archive (1)\FaceForensics++_C23\Deepfakes\469_481.mp4,.mp4,993804,already_compressed_or_media
data\train\archive (1)\FaceForensics++_C23\Deepfakes\470_468.mp4,.mp4,1143054,already_compressed_or_media
data\train\archive (1)\FaceForensics++_C23\Deepfakes\471_455.mp4,.mp4,906054,already_compressed_or_media
data\train\archive (1)\FaceForensics++_C23\Deepfakes\472_511.mp4,.mp4,345007,already_compressed_or_media
data\train\archive (1)\FaceForensics++_C23\Deepfakes\473_366.mp4,.mp4,947665,already_compressed_or_media
data\train\archive (1)\FaceForensics++_C23\Deepfakes\474_281.mp4,.mp4,1299693,already_compressed_or_media
data\train\archive (1)\FaceForensics++_C23\Deepfakes\475_265.mp4,.mp4,1561528,already_compressed_or_media
data\train\archive (1)\FaceForensics++_C23\Deepfakes\476_400.mp4,.mp4,1193355,already_compressed_or_media
data\train\archive (1)\FaceForensics++_C23\Deepfakes\477_487.mp4,.mp4,1595330,already_compressed_or_media
data\train\archive (1)\FaceForensics++_C23\Deepfakes\478_506.mp4,.mp4,934447,already_compressed_or_media
data\train\archive (1)\FaceForensics++_C23\Deepfakes\479_706.mp4,.mp4,4806695,already_compressed_or_media
data\train\archive (1)\FaceForensics++_C23\Deepfakes\480_389.mp4,.mp4,2310075,already_compressed_or_media
data\train\archive (1)\FaceForensics++_C23\Deepfakes\481_469.mp4,.mp4,2632073,already_compressed_or_media
data\train\archive (1)\FaceForensics++_C23\Deepfakes\482_465.mp4,.mp4,1144638,already_compressed_or_media
data\train\archive (1)\FaceForensics++_C23\Deepfakes\483_370.mp4,.mp4,1178968,already_compressed_or_media
data\train\archive (1)\FaceForensics++_C23\Deepfakes\484_415.mp4,.mp4,420389,already_compressed_or_media
data\train\archive (1)\FaceForensics++_C23\Deepfakes\485_425.mp4,.mp4,1853862,already_compressed_or_media
data\train\archive (1)\FaceForensics++_C23\Deepfakes\486_680.mp4,.mp4,893075,already_compressed_or_media
data\train\archive (1)\FaceForensics++_C23\Deepfakes\487_477.mp4,.mp4,1857106,already_compressed_or_media
data\train\archive (1)\FaceForensics++_C23\Deepfakes\488_399.mp4,.mp4,1113556,already_compressed_or_media
data\train\archive (1)\FaceForensics++_C23\Deepfakes\489_022.mp4,.mp4,2675695,already_compressed_or_media
data\train\archive (1)\FaceForensics++_C23\Deepfakes\490_534.mp4,.mp4,5647563,already_compressed_or_media
data\train\archive (1)\FaceForensics++_C23\Deepfakes\491_226.mp4,.mp4,4370939,already_compressed_or_media
data\train\archive (1)\FaceForensics++_C23\Deepfakes\492_325.mp4,.mp4,1443462,already_compressed_or_media
data\train\archive (1)\FaceForensics++_C23\Deepfakes\493_538.mp4,.mp4,986890,already_compressed_or_media
data\train\archive (1)\FaceForensics++_C23\Deepfakes\494_445.mp4,.mp4,3642724,already_compressed_or_media
data\train\archive (1)\FaceForensics++_C23\Deepfakes\495_512.mp4,.mp4,1144292,already_compressed_or_media
data\train\archive (1)\FaceForensics++_C23\Deepfakes\496_417.mp4,.mp4,2145072,already_compressed_or_media
data\train\archive (1)\FaceForensics++_C23\Deepfakes\497_403.mp4,.mp4,1477310,already_compressed_or_media
data\train\archive (1)\FaceForensics++_C23\Deepfakes\498_433.mp4,.mp4,947252,already_compressed_or_media
data\train\archive (1)\FaceForensics++_C23\Deepfakes\499_539.mp4,.mp4,2364209,already_compressed_or_media
data\train\archive (1)\FaceForensics++_C23\Deepfakes\500_592.mp4,.mp4,2780921,already_compressed_or_media
data\train\archive (1)\FaceForensics++_C23\Deepfakes\501_326.mp4,.mp4,751379,already_compressed_or_media
data\train\archive (1)\FaceForensics++_C23\Deepfakes\502_504.mp4,.mp4,1770222,already_compressed_or_media
data\train\archive (1)\FaceForensics++_C23\Deepfakes\503_756.mp4,.mp4,866786,already_compressed_or_media
data\train\archive (1)\FaceForensics++_C23\Deepfakes\504_502.mp4,.mp4,1076055,already_compressed_or_media
data\train\archive (1)\FaceForensics++_C23\Deepfakes\505_600.mp4,.mp4,511619,already_compressed_or_media
data\train\archive (1)\FaceForensics++_C23\Deepfakes\506_478.mp4,.mp4,1372958,already_compressed_or_media
data\train\archive (1)\FaceForensics++_C23\Deepfakes\507_418.mp4,.mp4,8071450,already_compressed_or_media
data\train\archive (1)\FaceForensics++_C23\Deepfakes\508_831.mp4,.mp4,5019884,already_compressed_or_media
data\train\archive (1)\FaceForensics++_C23\Deepfakes\509_525.mp4,.mp4,2023801,already_compressed_or_media
data\train\archive (1)\FaceForensics++_C23\Deepfakes\510_528.mp4,.mp4,1484292,already_compressed_or_media
data\train\archive (1)\FaceForensics++_C23\Deepfakes\511_472.mp4,.mp4,1494183,already_compressed_or_media
data\train\archive (1)\FaceForensics++_C23\Deepfakes\512_495.mp4,.mp4,1633653,already_compressed_or_media
data\train\archive (1)\FaceForensics++_C23\Deepfakes\513_305.mp4,.mp4,2924593,already_compressed_or_media
data\train\archive (1)\FaceForensics++_C23\Deepfakes\514_443.mp4,.mp4,861779,already_compressed_or_media
data\train\archive (1)\FaceForensics++_C23\Deepfakes\515_519.mp4,.mp4,1961757,already_compressed_or_media
data\train\archive (1)\FaceForensics++_C23\Deepfakes\516_555.mp4,.mp4,3308982,already_compressed_or_media
data\train\archive (1)\FaceForensics++_C23\Deepfakes\517_521.mp4,.mp4,674153,already_compressed_or_media
data\train\archive (1)\FaceForensics++_C23\Deepfakes\518_131.mp4,.mp4,779747,already_compressed_or_media
data\train\archive (1)\FaceForensics++_C23\Deepfakes\519_515.mp4,.mp4,2313570,already_compressed_or_media
data\train\archive (1)\FaceForensics++_C23\Deepfakes\520_542.mp4,.mp4,1549561,already_compressed_or_media
data\train\archive (1)\FaceForensics++_C23\Deepfakes\521_517.mp4,.mp4,626780,already_compressed_or_media
data\train\archive (1)\FaceForensics++_C23\Deepfakes\522_337.mp4,.mp4,1072602,already_compressed_or_media
data\train\archive (1)\FaceForensics++_C23\Deepfakes\523_541.mp4,.mp4,900246,already_compressed_or_media
data\train\archive (1)\FaceForensics++_C23\Deepfakes\524_580.mp4,.mp4,943397,already_compressed_or_media
data\train\archive (1)\FaceForensics++_C23\Deepfakes\525_509.mp4,.mp4,665854,already_compressed_or_media
data\train\archive (1)\FaceForensics++_C23\Deepfakes\526_436.mp4,.mp4,3107757,already_compressed_or_media
data\train\archive (1)\FaceForensics++_C23\Deepfakes\527_454.mp4,.mp4,886143,already_compressed_or_media
data\train\archive (1)\FaceForensics++_C23\Deepfakes\528_510.mp4,.mp4,1293305,already_compressed_or_media
data\train\archive (1)\FaceForensics++_C23\Deepfakes\529_633.mp4,.mp4,3431135,already_compressed_or_media
data\train\archive (1)\FaceForensics++_C23\Deepfakes\530_594.mp4,.mp4,4015582,already_compressed_or_media
data\train\archive (1)\FaceForensics++_C23\Deepfakes\531_549.mp4,.mp4,870454,already_compressed_or_media
data\train\archive (1)\FaceForensics++_C23\Deepfakes\532_544.mp4,.mp4,1304317,already_compressed_or_media
data\train\archive (1)\FaceForensics++_C23\Deepfakes\533_450.mp4,.mp4,3828935,already_compressed_or_media
data\train\archive (1)\FaceForensics++_C23\Deepfakes\534_490.mp4,.mp4,1769987,already_compressed_or_media
data\train\archive (1)\FaceForensics++_C23\Deepfakes\535_587.mp4,.mp4,896190,already_compressed_or_media
data\train\archive (1)\FaceForensics++_C23\Deepfakes\536_540.mp4,.mp4,2149431,already_compressed_or_media
data\train\archive (1)\FaceForensics++_C23\Deepfakes\537_563.mp4,.mp4,2082276,already_compressed_or_media
data\train\archive (1)\FaceForensics++_C23\Deepfakes\538_493.mp4,.mp4,1189561,already_compressed_or_media
data\train\archive (1)\FaceForensics++_C23\Deepfakes\539_499.mp4,.mp4,451720,already_compressed_or_media
data\train\archive (1)\FaceForensics++_C23\Deepfakes\540_536.mp4,.mp4,2762843,already_compressed_or_media
data\train\archive (1)\FaceForensics++_C23\Deepfakes\541_523.mp4,.mp4,440568,already_compressed_or_media
data\train\archive (1)\FaceForensics++_C23\Deepfakes\542_520.mp4,.mp4,1253385,already_compressed_or_media
data\train\archive (1)\FaceForensics++_C23\Deepfakes\543_559.mp4,.mp4,1357558,already_compressed_or_media
data\train\archive (1)\FaceForensics++_C23\Deepfakes\544_532.mp4,.mp4,1641911,already_compressed_or_media
data\train\archive (1)\FaceForensics++_C23\Deepfakes\545_553.mp4,.mp4,999109,already_compressed_or_media
data\train\archive (1)\FaceForensics++_C23\Deepfakes\546_621.mp4,.mp4,1224719,already_compressed_or_media
data\train\archive (1)\FaceForensics++_C23\Deepfakes\547_574.mp4,.mp4,3837549,already_compressed_or_media
data\train\archive (1)\FaceForensics++_C23\Deepfakes\548_632.mp4,.mp4,2610647,already_compressed_or_media
data\train\archive (1)\FaceForensics++_C23\Deepfakes\549_531.mp4,.mp4,14098182,already_compressed_or_media
data\train\archive (1)\FaceForensics++_C23\Deepfakes\550_452.mp4,.mp4,640707,already_compressed_or_media
data\train\archive (1)\FaceForensics++_C23\Deepfakes\551_631.mp4,.mp4,5042341,already_compressed_or_media
data\train\archive (1)\FaceForensics++_C23\Deepfakes\552_851.mp4,.mp4,1350207,already_compressed_or_media
data\train\archive (1)\FaceForensics++_C23\Deepfakes\553_545.mp4,.mp4,557572,already_compressed_or_media
data\train\archive (1)\FaceForensics++_C23\Deepfakes\554_572.mp4,.mp4,2770836,already_compressed_or_media
data\train\archive (1)\FaceForensics++_C23\Deepfakes\555_516.mp4,.mp4,7397644,already_compressed_or_media
data\train\archive (1)\FaceForensics++_C23\Deepfakes\556_588.mp4,.mp4,561750,already_compressed_or_media
data\train\archive (1)\FaceForensics++_C23\Deepfakes\557_560.mp4,.mp4,978804,already_compressed_or_media
data\train\archive (1)\FaceForensics++_C23\Deepfakes\558_583.mp4,.mp4,3336695,already_compressed_or_media
data\train\archive (1)\FaceForensics++_C23\Deepfakes\559_543.mp4,.mp4,2395244,already_compressed_or_media
data\train\archive (1)\FaceForensics++_C23\Deepfakes\560_557.mp4,.mp4,428891,already_compressed_or_media
data\train\archive (1)\FaceForensics++_C23\Deepfakes\561_998.mp4,.mp4,3181190,already_compressed_or_media
data\train\archive (1)\FaceForensics++_C23\Deepfakes\562_626.mp4,.mp4,3161088,already_compressed_or_media
data\train\archive (1)\FaceForensics++_C23\Deepfakes\563_537.mp4,.mp4,638139,already_compressed_or_media
data\train\archive (1)\FaceForensics++_C23\Deepfakes\564_971.mp4,.mp4,4222199,already_compressed_or_media
data\train\archive (1)\FaceForensics++_C23\Deepfakes\565_589.mp4,.mp4,892142,already_compressed_or_media
data\train\archive (1)\FaceForensics++_C23\Deepfakes\566_617.mp4,.mp4,3064200,already_compressed_or_media
data\train\archive (1)\FaceForensics++_C23\Deepfakes\567_606.mp4,.mp4,674864,already_compressed_or_media
data\train\archive (1)\FaceForensics++_C23\Deepfakes\568_628.mp4,.mp4,1033438,already_compressed_or_media
data\train\archive (1)\FaceForensics++_C23\Deepfakes\569_921.mp4,.mp4,3431373,already_compressed_or_media
data\train\archive (1)\FaceForensics++_C23\Deepfakes\570_624.mp4,.mp4,1911918,already_compressed_or_media
data\train\archive (1)\FaceForensics++_C23\Deepfakes\571_746.mp4,.mp4,3023247,already_compressed_or_media
data\train\archive (1)\FaceForensics++_C23\Deepfakes\572_554.mp4,.mp4,1456186,already_compressed_or_media
data\train\archive (1)\FaceForensics++_C23\Deepfakes\573_757.mp4,.mp4,3091424,already_compressed_or_media
data\train\archive (1)\FaceForensics++_C23\Deepfakes\574_547.mp4,.mp4,940717,already_compressed_or_media
data\train\archive (1)\FaceForensics++_C23\Deepfakes\575_603.mp4,.mp4,3564954,already_compressed_or_media
data\train\archive (1)\FaceForensics++_C23\Deepfakes\576_155.mp4,.mp4,2983415,already_compressed_or_media
data\train\archive (1)\FaceForensics++_C23\Deepfakes\577_593.mp4,.mp4,2499194,already_compressed_or_media
data\train\archive (1)\FaceForensics++_C23\Deepfakes\578_636.mp4,.mp4,2064864,already_compressed_or_media
data\train\archive (1)\FaceForensics++_C23\Deepfakes\579_701.mp4,.mp4,3445252,already_compressed_or_media
data\train\archive (1)\FaceForensics++_C23\Deepfakes\580_524.mp4,.mp4,1126530,already_compressed_or_media
data\train\archive (1)\FaceForensics++_C23\Deepfakes\581_697.mp4,.mp4,4603456,already_compressed_or_media
data\train\archive (1)\FaceForensics++_C23\Deepfakes\582_172.mp4,.mp4,1894979,already_compressed_or_media
data\train\archive (1)\FaceForensics++_C23\Deepfakes\583_558.mp4,.mp4,1754396,already_compressed_or_media
data\train\archive (1)\FaceForensics++_C23\Deepfakes\584_823.mp4,.mp4,1969577,already_compressed_or_media
data\train\archive (1)\FaceForensics++_C23\Deepfakes\585_599.mp4,.mp4,1626830,already_compressed_or_media
data\train\archive (1)\FaceForensics++_C23\Deepfakes\586_223.mp4,.mp4,3945259,already_compressed_or_media
data\train\archive (1)\FaceForensics++_C23\Deepfakes\587_535.mp4,.mp4,958003,already_compressed_or_media
data\train\archive (1)\FaceForensics++_C23\Deepfakes\588_556.mp4,.mp4,1082391,already_compressed_or_media
data\train\archive (1)\FaceForensics++_C23\Deepfakes\589_565.mp4,.mp4,1565137,already_compressed_or_media
data\train\archive (1)\FaceForensics++_C23\Deepfakes\590_034.mp4,.mp4,6602026,already_compressed_or_media
data\train\archive (1)\FaceForensics++_C23\Deepfakes\591_605.mp4,.mp4,2857883,already_compressed_or_media
data\train\archive (1)\FaceForensics++_C23\Deepfakes\592_500.mp4,.mp4,556339,already_compressed_or_media
data\train\archive (1)\FaceForensics++_C23\Deepfakes\593_577.mp4,.mp4,4373532,already_compressed_or_media
data\train\archive (1)\FaceForensics++_C23\Deepfakes\594_530.mp4,.mp4,1140816,already_compressed_or_media
data\train\archive (1)\FaceForensics++_C23\Deepfakes\595_597.mp4,.mp4,2158531,already_compressed_or_media
data\train\archive (1)\FaceForensics++_C23\Deepfakes\596_609.mp4,.mp4,1200771,already_compressed_or_media
data\train\archive (1)\FaceForensics++_C23\Deepfakes\597_595.mp4,.mp4,504653,already_compressed_or_media
data\train\archive (1)\FaceForensics++_C23\Deepfakes\598_178.mp4,.mp4,670097,already_compressed_or_media
data\train\archive (1)\FaceForensics++_C23\Deepfakes\599_585.mp4,.mp4,2106704,already_compressed_or_media
data\train\archive (1)\FaceForensics++_C23\Deepfakes\600_505.mp4,.mp4,962024,already_compressed_or_media
data\train\archive (1)\FaceForensics++_C23\Deepfakes\601_653.mp4,.mp4,562271,already_compressed_or_media
data\train\archive (1)\FaceForensics++_C23\Deepfakes\602_397.mp4,.mp4,6962952,already_compressed_or_media
data\train\archive (1)\FaceForensics++_C23\Deepfakes\603_575.mp4,.mp4,1483615,already_compressed_or_media
data\train\archive (1)\FaceForensics++_C23\Deepfakes\604_703.mp4,.mp4,2851818,already_compressed_or_media
data\train\archive (1)\FaceForensics++_C23\Deepfakes\605_591.mp4,.mp4,1201472,already_compressed_or_media
data\train\archive (1)\FaceForensics++_C23\Deepfakes\606_567.mp4,.mp4,557055,already_compressed_or_media
data\train\archive (1)\FaceForensics++_C23\Deepfakes\607_683.mp4,.mp4,4767954,already_compressed_or_media
data\train\archive (1)\FaceForensics++_C23\Deepfakes\608_675.mp4,.mp4,1797708,already_compressed_or_media
data\train\archive (1)\FaceForensics++_C23\Deepfakes\609_596.mp4,.mp4,1710926,already_compressed_or_media
data\train\archive (1)\FaceForensics++_C23\Deepfakes\610_692.mp4,.mp4,2095578,already_compressed_or_media
data\train\archive (1)\FaceForensics++_C23\Deepfakes\611_760.mp4,.mp4,784796,already_compressed_or_media
data\train\archive (1)\FaceForensics++_C23\Deepfakes\612_702.mp4,.mp4,2162042,already_compressed_or_media
data\train\archive (1)\FaceForensics++_C23\Deepfakes\613_685.mp4,.mp4,1256643,already_compressed_or_media
data\train\archive (1)\FaceForensics++_C23\Deepfakes\614_616.mp4,.mp4,2128119,already_compressed_or_media
data\train\archive (1)\FaceForensics++_C23\Deepfakes\615_687.mp4,.mp4,1831748,already_compressed_or_media
data\train\archive (1)\FaceForensics++_C23\Deepfakes\616_614.mp4,.mp4,1538875,already_compressed_or_media
data\train\archive (1)\FaceForensics++_C23\Deepfakes\617_566.mp4,.mp4,646828,already_compressed_or_media
data\train\archive (1)\FaceForensics++_C23\Deepfakes\618_629.mp4,.mp4,2097781,already_compressed_or_media
data\train\archive (1)\FaceForensics++_C23\Deepfakes\619_620.mp4,.mp4,1060032,already_compressed_or_media
data\train\archive (1)\FaceForensics++_C23\Deepfakes\620_619.mp4,.mp4,4780192,already_compressed_or_media
data\train\archive (1)\FaceForensics++_C23\Deepfakes\621_546.mp4,.mp4,1771008,already_compressed_or_media
data\train\archive (1)\FaceForensics++_C23\Deepfakes\622_647.mp4,.mp4,1140359,already_compressed_or_media
data\train\archive (1)\FaceForensics++_C23\Deepfakes\623_630.mp4,.mp4,685389,already_compressed_or_media
data\train\archive (1)\FaceForensics++_C23\Deepfakes\624_570.mp4,.mp4,1436874,already_compressed_or_media
data\train\archive (1)\FaceForensics++_C23\Deepfakes\625_650.mp4,.mp4,652398,already_compressed_or_media
data\train\archive (1)\FaceForensics++_C23\Deepfakes\626_562.mp4,.mp4,1746578,already_compressed_or_media
data\train\archive (1)\FaceForensics++_C23\Deepfakes\627_658.mp4,.mp4,905404,already_compressed_or_media
data\train\archive (1)\FaceForensics++_C23\Deepfakes\628_568.mp4,.mp4,1365668,already_compressed_or_media
data\train\archive (1)\FaceForensics++_C23\Deepfakes\629_618.mp4,.mp4,3567000,already_compressed_or_media
data\train\archive (1)\FaceForensics++_C23\Deepfakes\630_623.mp4,.mp4,1352636,already_compressed_or_media
data\train\archive (1)\FaceForensics++_C23\Deepfakes\631_551.mp4,.mp4,1108161,already_compressed_or_media
data\train\archive (1)\FaceForensics++_C23\Deepfakes\632_548.mp4,.mp4,4235344,already_compressed_or_media
data\train\archive (1)\FaceForensics++_C23\Deepfakes\633_529.mp4,.mp4,2321902,already_compressed_or_media
data\train\archive (1)\FaceForensics++_C23\Deepfakes\634_660.mp4,.mp4,1543172,already_compressed_or_media
data\train\archive (1)\FaceForensics++_C23\Deepfakes\635_642.mp4,.mp4,1666892,already_compressed_or_media
data\train\archive (1)\FaceForensics++_C23\Deepfakes\636_578.mp4,.mp4,582968,already_compressed_or_media
data\train\archive (1)\FaceForensics++_C23\Deepfakes\637_427.mp4,.mp4,1279133,already_compressed_or_media
data\train\archive (1)\FaceForensics++_C23\Deepfakes\638_640.mp4,.mp4,3130127,already_compressed_or_media
data\train\archive (1)\FaceForensics++_C23\Deepfakes\639_841.mp4,.mp4,2681183,already_compressed_or_media
data\train\archive (1)\FaceForensics++_C23\Deepfakes\640_638.mp4,.mp4,1433712,already_compressed_or_media
data\train\archive (1)\FaceForensics++_C23\Deepfakes\641_662.mp4,.mp4,2558237,already_compressed_or_media
data\train\archive (1)\FaceForensics++_C23\Deepfakes\642_635.mp4,.mp4,1612696,already_compressed_or_media
data\train\archive (1)\FaceForensics++_C23\Deepfakes\643_646.mp4,.mp4,1537527,already_compressed_or_media
data\train\archive (1)\FaceForensics++_C23\Deepfakes\644_657.mp4,.mp4,915012,already_compressed_or_media
data\train\archive (1)\FaceForensics++_C23\Deepfakes\645_688.mp4,.mp4,6712385,already_compressed_or_media
data\train\archive (1)\FaceForensics++_C23\Deepfakes\646_643.mp4,.mp4,603386,already_compressed_or_media
data\train\archive (1)\FaceForensics++_C23\Deepfakes\647_622.mp4,.mp4,4975390,already_compressed_or_media
data\train\archive (1)\FaceForensics++_C23\Deepfakes\648_654.mp4,.mp4,1474618,already_compressed_or_media
data\train\archive (1)\FaceForensics++_C23\Deepfakes\649_816.mp4,.mp4,3731504,already_compressed_or_media
data\train\archive (1)\FaceForensics++_C23\Deepfakes\650_625.mp4,.mp4,926105,already_compressed_or_media
data\train\archive (1)\FaceForensics++_C23\Deepfakes\651_835.mp4,.mp4,2457247,already_compressed_or_media
data\train\archive (1)\FaceForensics++_C23\Deepfakes\652_773.mp4,.mp4,1948199,already_compressed_or_media
data\train\archive (1)\FaceForensics++_C23\Deepfakes\653_601.mp4,.mp4,1265315,already_compressed_or_media
data\train\archive (1)\FaceForensics++_C23\Deepfakes\654_648.mp4,.mp4,755587,already_compressed_or_media
data\train\archive (1)\FaceForensics++_C23\Deepfakes\655_444.mp4,.mp4,1886807,already_compressed_or_media
data\train\archive (1)\FaceForensics++_C23\Deepfakes\656_666.mp4,.mp4,779202,already_compressed_or_media
data\train\archive (1)\FaceForensics++_C23\Deepfakes\657_644.mp4,.mp4,1635269,already_compressed_or_media
data\train\archive (1)\FaceForensics++_C23\Deepfakes\658_627.mp4,.mp4,623862,already_compressed_or_media
data\train\archive (1)\FaceForensics++_C23\Deepfakes\659_749.mp4,.mp4,1520237,already_compressed_or_media
data\train\archive (1)\FaceForensics++_C23\Deepfakes\660_634.mp4,.mp4,3925062,already_compressed_or_media
data\train\archive (1)\FaceForensics++_C23\Deepfakes\661_670.mp4,.mp4,3339378,already_compressed_or_media
data\train\archive (1)\FaceForensics++_C23\Deepfakes\662_641.mp4,.mp4,3208604,already_compressed_or_media
data\train\archive (1)\FaceForensics++_C23\Deepfakes\663_231.mp4,.mp4,520869,already_compressed_or_media
data\train\archive (1)\FaceForensics++_C23\Deepfakes\664_668.mp4,.mp4,1260794,already_compressed_or_media
data\train\archive (1)\FaceForensics++_C23\Deepfakes\665_679.mp4,.mp4,389550,already_compressed_or_media
data\train\archive (1)\FaceForensics++_C23\Deepfakes\666_656.mp4,.mp4,612006,already_compressed_or_media
data\train\archive (1)\FaceForensics++_C23\Deepfakes\667_446.mp4,.mp4,6908072,already_compressed_or_media
data\train\archive (1)\FaceForensics++_C23\Deepfakes\668_664.mp4,.mp4,971926,already_compressed_or_media
data\train\archive (1)\FaceForensics++_C23\Deepfakes\669_682.mp4,.mp4,411448,already_compressed_or_media
data\train\archive (1)\FaceForensics++_C23\Deepfakes\670_661.mp4,.mp4,895248,already_compressed_or_media
data\train\archive (1)\FaceForensics++_C23\Deepfakes\671_677.mp4,.mp4,1715589,already_compressed_or_media
data\train\archive (1)\FaceForensics++_C23\Deepfakes\672_720.mp4,.mp4,1877886,already_compressed_or_media
data\train\archive (1)\FaceForensics++_C23\Deepfakes\673_728.mp4,.mp4,1166492,already_compressed_or_media
data\train\archive (1)\FaceForensics++_C23\Deepfakes\674_744.mp4,.mp4,877755,already_compressed_or_media
data\train\archive (1)\FaceForensics++_C23\Deepfakes\675_608.mp4,.mp4,1257657,already_compressed_or_media
data\train\archive (1)\FaceForensics++_C23\Deepfakes\676_776.mp4,.mp4,2034186,already_compressed_or_media
data\train\archive (1)\FaceForensics++_C23\Deepfakes\677_671.mp4,.mp4,1784406,already_compressed_or_media
data\train\archive (1)\FaceForensics++_C23\Deepfakes\678_460.mp4,.mp4,4980999,already_compressed_or_media
data\train\archive (1)\FaceForensics++_C23\Deepfakes\679_665.mp4,.mp4,663676,already_compressed_or_media
data\train\archive (1)\FaceForensics++_C23\Deepfakes\680_486.mp4,.mp4,496566,already_compressed_or_media
data\train\archive (1)\FaceForensics++_C23\Deepfakes\681_711.mp4,.mp4,3284808,already_compressed_or_media
data\train\archive (1)\FaceForensics++_C23\Deepfakes\682_669.mp4,.mp4,1554586,already_compressed_or_media
data\train\archive (1)\FaceForensics++_C23\Deepfakes\683_607.mp4,.mp4,2450143,already_compressed_or_media
data\train\archive (1)\FaceForensics++_C23\Deepfakes\684_717.mp4,.mp4,4633372,already_compressed_or_media
data\train\archive (1)\FaceForensics++_C23\Deepfakes\685_613.mp4,.mp4,2121598,already_compressed_or_media
data\train\archive (1)\FaceForensics++_C23\Deepfakes\686_696.mp4,.mp4,1107433,already_compressed_or_media
data\train\archive (1)\FaceForensics++_C23\Deepfakes\687_615.mp4,.mp4,1557916,already_compressed_or_media
data\train\archive (1)\FaceForensics++_C23\Deepfakes\688_645.mp4,.mp4,3140893,already_compressed_or_media
data\train\archive (1)\FaceForensics++_C23\Deepfakes\689_690.mp4,.mp4,756975,already_compressed_or_media
data\train\archive (1)\FaceForensics++_C23\Deepfakes\690_689.mp4,.mp4,724688,already_compressed_or_media
data\train\archive (1)\FaceForensics++_C23\Deepfakes\691_732.mp4,.mp4,1988499,already_compressed_or_media
data\train\archive (1)\FaceForensics++_C23\Deepfakes\692_610.mp4,.mp4,2520352,already_compressed_or_media
data\train\archive (1)\FaceForensics++_C23\Deepfakes\693_698.mp4,.mp4,1602192,already_compressed_or_media
data\train\archive (1)\FaceForensics++_C23\Deepfakes\694_767.mp4,.mp4,858682,already_compressed_or_media
data\train\archive (1)\FaceForensics++_C23\Deepfakes\695_422.mp4,.mp4,2933453,already_compressed_or_media
data\train\archive (1)\FaceForensics++_C23\Deepfakes\696_686.mp4,.mp4,709184,already_compressed_or_media
data\train\archive (1)\FaceForensics++_C23\Deepfakes\697_581.mp4,.mp4,2296456,already_compressed_or_media
data\train\archive (1)\FaceForensics++_C23\Deepfakes\698_693.mp4,.mp4,454144,already_compressed_or_media
data\train\archive (1)\FaceForensics++_C23\Deepfakes\699_734.mp4,.mp4,684264,already_compressed_or_media
data\train\archive (1)\FaceForensics++_C23\Deepfakes\700_813.mp4,.mp4,1559068,already_compressed_or_media
data\train\archive (1)\FaceForensics++_C23\Deepfakes\701_579.mp4,.mp4,3195911,already_compressed_or_media
data\train\archive (1)\FaceForensics++_C23\Deepfakes\702_612.mp4,.mp4,4437250,already_compressed_or_media
data\train\archive (1)\FaceForensics++_C23\Deepfakes\703_604.mp4,.mp4,1485516,already_compressed_or_media
data\train\archive (1)\FaceForensics++_C23\Deepfakes\704_723.mp4,.mp4,694441,already_compressed_or_media
data\train\archive (1)\FaceForensics++_C23\Deepfakes\705_707.mp4,.mp4,631255,already_compressed_or_media
data\train\archive (1)\FaceForensics++_C23\Deepfakes\706_479.mp4,.mp4,3154802,already_compressed_or_media
data\train\archive (1)\FaceForensics++_C23\Deepfakes\707_705.mp4,.mp4,2480585,already_compressed_or_media
data\train\archive (1)\FaceForensics++_C23\Deepfakes\708_772.mp4,.mp4,4907782,already_compressed_or_media
data\train\archive (1)\FaceForensics++_C23\Deepfakes\709_390.mp4,.mp4,4701056,already_compressed_or_media
data\train\archive (1)\FaceForensics++_C23\Deepfakes\710_788.mp4,.mp4,959432,already_compressed_or_media
data\train\archive (1)\FaceForensics++_C23\Deepfakes\711_681.mp4,.mp4,2455426,already_compressed_or_media
data\train\archive (1)\FaceForensics++_C23\Deepfakes\712_716.mp4,.mp4,2037531,already_compressed_or_media
data\train\archive (1)\FaceForensics++_C23\Deepfakes\713_726.mp4,.mp4,7229565,already_compressed_or_media
data\train\archive (1)\FaceForensics++_C23\Deepfakes\714_842.mp4,.mp4,2780649,already_compressed_or_media
data\train\archive (1)\FaceForensics++_C23\Deepfakes\715_721.mp4,.mp4,1223119,already_compressed_or_media
data\train\archive (1)\FaceForensics++_C23\Deepfakes\716_712.mp4,.mp4,1495768,already_compressed_or_media
data\train\archive (1)\FaceForensics++_C23\Deepfakes\717_684.mp4,.mp4,1655147,already_compressed_or_media
data\train\archive (1)\FaceForensics++_C23\Deepfakes\718_972.mp4,.mp4,6324253,already_compressed_or_media
data\train\archive (1)\FaceForensics++_C23\Deepfakes\719_737.mp4,.mp4,487250,already_compressed_or_media
data\train\archive (1)\FaceForensics++_C23\Deepfakes\720_672.mp4,.mp4,942494,already_compressed_or_media
data\train\archive (1)\FaceForensics++_C23\Deepfakes\721_715.mp4,.mp4,1092582,already_compressed_or_media
data\train\archive (1)\FaceForensics++_C23\Deepfakes\722_458.mp4,.mp4,4245933,already_compressed_or_media
data\train\archive (1)\FaceForensics++_C23\Deepfakes\723_704.mp4,.mp4,1303785,already_compressed_or_media
data\train\archive (1)\FaceForensics++_C23\Deepfakes\724_725.mp4,.mp4,9990683,already_compressed_or_media
data\train\archive (1)\FaceForensics++_C23\Deepfakes\725_724.mp4,.mp4,3294641,already_compressed_or_media
data\train\archive (1)\FaceForensics++_C23\Deepfakes\726_713.mp4,.mp4,4834477,already_compressed_or_media
data\train\archive (1)\FaceForensics++_C23\Deepfakes\727_729.mp4,.mp4,914480,already_compressed_or_media
data\train\archive (1)\FaceForensics++_C23\Deepfakes\728_673.mp4,.mp4,938505,already_compressed_or_media
data\train\archive (1)\FaceForensics++_C23\Deepfakes\729_727.mp4,.mp4,1094979,already_compressed_or_media
data\train\archive (1)\FaceForensics++_C23\Deepfakes\730_815.mp4,.mp4,2783909,already_compressed_or_media
data\train\archive (1)\FaceForensics++_C23\Deepfakes\731_741.mp4,.mp4,1278876,already_compressed_or_media
data\train\archive (1)\FaceForensics++_C23\Deepfakes\732_691.mp4,.mp4,1087041,already_compressed_or_media
data\train\archive (1)\FaceForensics++_C23\Deepfakes\733_935.mp4,.mp4,2503413,already_compressed_or_media
data\train\archive (1)\FaceForensics++_C23\Deepfakes\734_699.mp4,.mp4,1891500,already_compressed_or_media
data\train\archive (1)\FaceForensics++_C23\Deepfakes\735_774.mp4,.mp4,1513289,already_compressed_or_media
data\train\archive (1)\FaceForensics++_C23\Deepfakes\736_785.mp4,.mp4,956107,already_compressed_or_media
data\train\archive (1)\FaceForensics++_C23\Deepfakes\737_719.mp4,.mp4,1171731,already_compressed_or_media
data\train\archive (1)\FaceForensics++_C23\Deepfakes\738_804.mp4,.mp4,2236286,already_compressed_or_media
data\train\archive (1)\FaceForensics++_C23\Deepfakes\739_865.mp4,.mp4,878775,already_compressed_or_media
data\train\archive (1)\FaceForensics++_C23\Deepfakes\740_796.mp4,.mp4,1881791,already_compressed_or_media
data\train\archive (1)\FaceForensics++_C23\Deepfakes\741_731.mp4,.mp4,517555,already_compressed_or_media
data\train\archive (1)\FaceForensics++_C23\Deepfakes\742_775.mp4,.mp4,880241,already_compressed_or_media
data\train\archive (1)\FaceForensics++_C23\Deepfakes\743_750.mp4,.mp4,1629422,already_compressed_or_media
data\train\archive (1)\FaceForensics++_C23\Deepfakes\744_674.mp4,.mp4,1366516,already_compressed_or_media
data\train\archive (1)\FaceForensics++_C23\Deepfakes\745_777.mp4,.mp4,928184,already_compressed_or_media
data\train\archive (1)\FaceForensics++_C23\Deepfakes\746_571.mp4,.mp4,1872321,already_compressed_or_media
data\train\archive (1)\FaceForensics++_C23\Deepfakes\747_854.mp4,.mp4,2246065,already_compressed_or_media
data\train\archive (1)\FaceForensics++_C23\Deepfakes\748_355.mp4,.mp4,1832072,already_compressed_or_media
data\train\archive (1)\FaceForensics++_C23\Deepfakes\749_659.mp4,.mp4,1070952,already_compressed_or_media
data\train\archive (1)\FaceForensics++_C23\Deepfakes\750_743.mp4,.mp4,5522389,already_compressed_or_media
data\train\archive (1)\FaceForensics++_C23\Deepfakes\751_752.mp4,.mp4,818803,already_compressed_or_media
data\train\archive (1)\FaceForensics++_C23\Deepfakes\752_751.mp4,.mp4,6877577,already_compressed_or_media
data\train\archive (1)\FaceForensics++_C23\Deepfakes\753_789.mp4,.mp4,7294239,already_compressed_or_media
data\train\archive (1)\FaceForensics++_C23\Deepfakes\754_758.mp4,.mp4,1448020,already_compressed_or_media
data\train\archive (1)\FaceForensics++_C23\Deepfakes\755_759.mp4,.mp4,498533,already_compressed_or_media
data\train\archive (1)\FaceForensics++_C23\Deepfakes\756_503.mp4,.mp4,1466987,already_compressed_or_media
data\train\archive (1)\FaceForensics++_C23\Deepfakes\757_573.mp4,.mp4,1542702,already_compressed_or_media
data\train\archive (1)\FaceForensics++_C23\Deepfakes\758_754.mp4,.mp4,831594,already_compressed_or_media
data\train\archive (1)\FaceForensics++_C23\Deepfakes\759_755.mp4,.mp4,5266499,already_compressed_or_media
data\train\archive (1)\FaceForensics++_C23\Deepfakes\760_611.mp4,.mp4,909756,already_compressed_or_media
data\train\archive (1)\FaceForensics++_C23\Deepfakes\761_766.mp4,.mp4,805755,already_compressed_or_media
data\train\archive (1)\FaceForensics++_C23\Deepfakes\762_832.mp4,.mp4,901535,already_compressed_or_media
data\train\archive (1)\FaceForensics++_C23\Deepfakes\763_930.mp4,.mp4,2974963,already_compressed_or_media
data\train\archive (1)\FaceForensics++_C23\Deepfakes\764_850.mp4,.mp4,2359961,already_compressed_or_media
data\train\archive (1)\FaceForensics++_C23\Deepfakes\765_867.mp4,.mp4,736854,already_compressed_or_media
data\train\archive (1)\FaceForensics++_C23\Deepfakes\766_761.mp4,.mp4,1007985,already_compressed_or_media
data\train\archive (1)\FaceForensics++_C23\Deepfakes\767_694.mp4,.mp4,648060,already_compressed_or_media
data\train\archive (1)\FaceForensics++_C23\Deepfakes\768_793.mp4,.mp4,1042952,already_compressed_or_media
data\train\archive (1)\FaceForensics++_C23\Deepfakes\769_784.mp4,.mp4,2521192,already_compressed_or_media
data\train\archive (1)\FaceForensics++_C23\Deepfakes\770_791.mp4,.mp4,3025159,already_compressed_or_media
data\train\archive (1)\FaceForensics++_C23\Deepfakes\771_849.mp4,.mp4,748694,already_compressed_or_media
data\train\archive (1)\FaceForensics++_C23\Deepfakes\772_708.mp4,.mp4,1596880,already_compressed_or_media
data\train\archive (1)\FaceForensics++_C23\Deepfakes\773_652.mp4,.mp4,2078552,already_compressed_or_media
data\train\archive (1)\FaceForensics++_C23\Deepfakes\774_735.mp4,.mp4,674979,already_compressed_or_media
data\train\archive (1)\FaceForensics++_C23\Deepfakes\775_742.mp4,.mp4,811461,already_compressed_or_media
data\train\archive (1)\FaceForensics++_C23\Deepfakes\776_676.mp4,.mp4,6671578,already_compressed_or_media
data\train\archive (1)\FaceForensics++_C23\Deepfakes\777_745.mp4,.mp4,533421,already_compressed_or_media
data\train\archive (1)\FaceForensics++_C23\Deepfakes\778_798.mp4,.mp4,1694371,already_compressed_or_media
data\train\archive (1)\FaceForensics++_C23\Deepfakes\779_794.mp4,.mp4,1121511,already_compressed_or_media
data\train\archive (1)\FaceForensics++_C23\Deepfakes\780_869.mp4,.mp4,1428914,already_compressed_or_media
data\train\archive (1)\FaceForensics++_C23\Deepfakes\781_806.mp4,.mp4,864174,already_compressed_or_media
data\train\archive (1)\FaceForensics++_C23\Deepfakes\782_787.mp4,.mp4,1768938,already_compressed_or_media
data\train\archive (1)\FaceForensics++_C23\Deepfakes\783_916.mp4,.mp4,1555506,already_compressed_or_media
data\train\archive (1)\FaceForensics++_C23\Deepfakes\784_769.mp4,.mp4,1073558,already_compressed_or_media
data\train\archive (1)\FaceForensics++_C23\Deepfakes\785_736.mp4,.mp4,1236177,already_compressed_or_media
data\train\archive (1)\FaceForensics++_C23\Deepfakes\786_819.mp4,.mp4,12066385,already_compressed_or_media
data\train\archive (1)\FaceForensics++_C23\Deepfakes\787_782.mp4,.mp4,1127317,already_compressed_or_media
data\train\archive (1)\FaceForensics++_C23\Deepfakes\788_710.mp4,.mp4,2172571,already_compressed_or_media
data\train\archive (1)\FaceForensics++_C23\Deepfakes\789_753.mp4,.mp4,6589489,already_compressed_or_media
data\train\archive (1)\FaceForensics++_C23\Deepfakes\790_014.mp4,.mp4,3041819,already_compressed_or_media
data\train\archive (1)\FaceForensics++_C23\Deepfakes\791_770.mp4,.mp4,568398,already_compressed_or_media
data\train\archive (1)\FaceForensics++_C23\Deepfakes\792_903.mp4,.mp4,639310,already_compressed_or_media
data\train\archive (1)\FaceForensics++_C23\Deepfakes\793_768.mp4,.mp4,3689335,already_compressed_or_media
data\train\archive (1)\FaceForensics++_C23\Deepfakes\794_779.mp4,.mp4,5438437,already_compressed_or_media
data\train\archive (1)\FaceForensics++_C23\Deepfakes\795_907.mp4,.mp4,1702974,already_compressed_or_media
data\train\archive (1)\FaceForensics++_C23\Deepfakes\796_740.mp4,.mp4,5967746,already_compressed_or_media
data\train\archive (1)\FaceForensics++_C23\Deepfakes\797_844.mp4,.mp4,504334,already_compressed_or_media
data\train\archive (1)\FaceForensics++_C23\Deepfakes\798_778.mp4,.mp4,3611482,already_compressed_or_media
data\train\archive (1)\FaceForensics++_C23\Deepfakes\799_809.mp4,.mp4,8222863,already_compressed_or_media
data\train\archive (1)\FaceForensics++_C23\Deepfakes\800_840.mp4,.mp4,1491472,already_compressed_or_media
data\train\archive (1)\FaceForensics++_C23\Deepfakes\801_855.mp4,.mp4,949736,already_compressed_or_media
data\train\archive (1)\FaceForensics++_C23\Deepfakes\802_885.mp4,.mp4,456065,already_compressed_or_media
data\train\archive (1)\FaceForensics++_C23\Deepfakes\803_017.mp4,.mp4,672986,already_compressed_or_media
data\train\archive (1)\FaceForensics++_C23\Deepfakes\804_738.mp4,.mp4,745049,already_compressed_or_media
data\train\archive (1)\FaceForensics++_C23\Deepfakes\805_011.mp4,.mp4,2400424,already_compressed_or_media
data\train\archive (1)\FaceForensics++_C23\Deepfakes\806_781.mp4,.mp4,427826,already_compressed_or_media
data\train\archive (1)\FaceForensics++_C23\Deepfakes\807_273.mp4,.mp4,8262667,already_compressed_or_media
data\train\archive (1)\FaceForensics++_C23\Deepfakes\808_829.mp4,.mp4,2667509,already_compressed_or_media
data\train\archive (1)\FaceForensics++_C23\Deepfakes\809_799.mp4,.mp4,947027,already_compressed_or_media
data\train\archive (1)\FaceForensics++_C23\Deepfakes\810_838.mp4,.mp4,4502713,already_compressed_or_media
data\train\archive (1)\FaceForensics++_C23\Deepfakes\811_920.mp4,.mp4,2873114,already_compressed_or_media
data\train\archive (1)\FaceForensics++_C23\Deepfakes\812_821.mp4,.mp4,1141386,already_compressed_or_media
data\train\archive (1)\FaceForensics++_C23\Deepfakes\813_700.mp4,.mp4,2599378,already_compressed_or_media
data\train\archive (1)\FaceForensics++_C23\Deepfakes\814_871.mp4,.mp4,2496205,already_compressed_or_media
data\train\archive (1)\FaceForensics++_C23\Deepfakes\815_730.mp4,.mp4,1624044,already_compressed_or_media
data\train\archive (1)\FaceForensics++_C23\Deepfakes\816_649.mp4,.mp4,591423,already_compressed_or_media
data\train\archive (1)\FaceForensics++_C23\Deepfakes\817_827.mp4,.mp4,1977407,already_compressed_or_media
data\train\archive (1)\FaceForensics++_C23\Deepfakes\818_820.mp4,.mp4,2033167,already_compressed_or_media
data\train\archive (1)\FaceForensics++_C23\Deepfakes\819_786.mp4,.mp4,8979667,already_compressed_or_media
data\train\archive (1)\FaceForensics++_C23\Deepfakes\820_818.mp4,.mp4,2588527,already_compressed_or_media
data\train\archive (1)\FaceForensics++_C23\Deepfakes\821_812.mp4,.mp4,886446,already_compressed_or_media
data\train\archive (1)\FaceForensics++_C23\Deepfakes\822_244.mp4,.mp4,2030923,already_compressed_or_media
data\train\archive (1)\FaceForensics++_C23\Deepfakes\823_584.mp4,.mp4,4975374,already_compressed_or_media
data\train\archive (1)\FaceForensics++_C23\Deepfakes\824_419.mp4,.mp4,2706479,already_compressed_or_media
data\train\archive (1)\FaceForensics++_C23\Deepfakes\825_074.mp4,.mp4,993963,already_compressed_or_media
data\train\archive (1)\FaceForensics++_C23\Deepfakes\826_833.mp4,.mp4,1699494,already_compressed_or_media
data\train\archive (1)\FaceForensics++_C23\Deepfakes\827_817.mp4,.mp4,533389,already_compressed_or_media
data\train\archive (1)\FaceForensics++_C23\Deepfakes\828_830.mp4,.mp4,825390,already_compressed_or_media
data\train\archive (1)\FaceForensics++_C23\Deepfakes\829_808.mp4,.mp4,4227672,already_compressed_or_media
data\train\archive (1)\FaceForensics++_C23\Deepfakes\830_828.mp4,.mp4,930496,already_compressed_or_media
data\train\archive (1)\FaceForensics++_C23\Deepfakes\831_508.mp4,.mp4,4763445,already_compressed_or_media
data\train\archive (1)\FaceForensics++_C23\Deepfakes\832_762.mp4,.mp4,1405767,already_compressed_or_media
data\train\archive (1)\FaceForensics++_C23\Deepfakes\833_826.mp4,.mp4,9565330,already_compressed_or_media
data\train\archive (1)\FaceForensics++_C23\Deepfakes\834_852.mp4,.mp4,1047794,already_compressed_or_media
data\train\archive (1)\FaceForensics++_C23\Deepfakes\835_651.mp4,.mp4,3146662,already_compressed_or_media
data\train\archive (1)\FaceForensics++_C23\Deepfakes\836_950.mp4,.mp4,1372182,already_compressed_or_media
data\train\archive (1)\FaceForensics++_C23\Deepfakes\837_890.mp4,.mp4,3107118,already_compressed_or_media
data\train\archive (1)\FaceForensics++_C23\Deepfakes\838_810.mp4,.mp4,2770184,already_compressed_or_media
data\train\archive (1)\FaceForensics++_C23\Deepfakes\839_864.mp4,.mp4,642592,already_compressed_or_media
data\train\archive (1)\FaceForensics++_C23\Deepfakes\840_800.mp4,.mp4,1120156,already_compressed_or_media
data\train\archive (1)\FaceForensics++_C23\Deepfakes\841_639.mp4,.mp4,902045,already_compressed_or_media
data\train\archive (1)\FaceForensics++_C23\Deepfakes\842_714.mp4,.mp4,1496086,already_compressed_or_media
data\train\archive (1)\FaceForensics++_C23\Deepfakes\843_859.mp4,.mp4,449402,already_compressed_or_media
data\train\archive (1)\FaceForensics++_C23\Deepfakes\844_797.mp4,.mp4,1293346,already_compressed_or_media
data\train\archive (1)\FaceForensics++_C23\Deepfakes\845_846.mp4,.mp4,640818,already_compressed_or_media
data\train\archive (1)\FaceForensics++_C23\Deepfakes\846_845.mp4,.mp4,672203,already_compressed_or_media
data\train\archive (1)\FaceForensics++_C23\Deepfakes\847_906.mp4,.mp4,1694594,already_compressed_or_media
data\train\archive (1)\FaceForensics++_C23\Deepfakes\848_894.mp4,.mp4,5163980,already_compressed_or_media
data\train\archive (1)\FaceForensics++_C23\Deepfakes\849_771.mp4,.mp4,1980263,already_compressed_or_media
data\train\archive (1)\FaceForensics++_C23\Deepfakes\850_764.mp4,.mp4,1137750,already_compressed_or_media
data\train\archive (1)\FaceForensics++_C23\Deepfakes\851_552.mp4,.mp4,3969730,already_compressed_or_media
data\train\archive (1)\FaceForensics++_C23\Deepfakes\852_834.mp4,.mp4,508376,already_compressed_or_media
data\train\archive (1)\FaceForensics++_C23\Deepfakes\853_863.mp4,.mp4,2654056,already_compressed_or_media
data\train\archive (1)\FaceForensics++_C23\Deepfakes\854_747.mp4,.mp4,1129998,already_compressed_or_media
data\train\archive (1)\FaceForensics++_C23\Deepfakes\855_801.mp4,.mp4,1576387,already_compressed_or_media
data\train\archive (1)\FaceForensics++_C23\Deepfakes\856_881.mp4,.mp4,3903777,already_compressed_or_media
data\train\archive (1)\FaceForensics++_C23\Deepfakes\857_909.mp4,.mp4,1145448,already_compressed_or_media
data\train\archive (1)\FaceForensics++_C23\Deepfakes\858_861.mp4,.mp4,485255,already_compressed_or_media
data\train\archive (1)\FaceForensics++_C23\Deepfakes\859_843.mp4,.mp4,496293,already_compressed_or_media
data\train\archive (1)\FaceForensics++_C23\Deepfakes\860_905.mp4,.mp4,2607598,already_compressed_or_media
data\train\archive (1)\FaceForensics++_C23\Deepfakes\861_858.mp4,.mp4,1897510,already_compressed_or_media
data\train\archive (1)\FaceForensics++_C23\Deepfakes\862_047.mp4,.mp4,1616982,already_compressed_or_media
data\train\archive (1)\FaceForensics++_C23\Deepfakes\863_853.mp4,.mp4,2235465,already_compressed_or_media
data\train\archive (1)\FaceForensics++_C23\Deepfakes\864_839.mp4,.mp4,795990,already_compressed_or_media
data\train\archive (1)\FaceForensics++_C23\Deepfakes\865_739.mp4,.mp4,2949510,already_compressed_or_media
data\train\archive (1)\FaceForensics++_C23\Deepfakes\866_878.mp4,.mp4,5465124,already_compressed_or_media
data\train\archive (1)\FaceForensics++_C23\Deepfakes\867_765.mp4,.mp4,4783464,already_compressed_or_media
data\train\archive (1)\FaceForensics++_C23\Deepfakes\868_949.mp4,.mp4,665606,already_compressed_or_media
data\train\archive (1)\FaceForensics++_C23\Deepfakes\869_780.mp4,.mp4,4662597,already_compressed_or_media
data\train\archive (1)\FaceForensics++_C23\Deepfakes\870_001.mp4,.mp4,3176957,already_compressed_or_media
data\train\archive (1)\FaceForensics++_C23\Deepfakes\871_814.mp4,.mp4,1096631,already_compressed_or_media
data\train\archive (1)\FaceForensics++_C23\Deepfakes\872_873.mp4,.mp4,789004,already_compressed_or_media
data\train\archive (1)\FaceForensics++_C23\Deepfakes\873_872.mp4,.mp4,3145387,already_compressed_or_media
data\train\archive (1)\FaceForensics++_C23\Deepfakes\874_291.mp4,.mp4,3654494,already_compressed_or_media
data\train\archive (1)\FaceForensics++_C23\Deepfakes\875_979.mp4,.mp4,1307071,already_compressed_or_media
data\train\archive (1)\FaceForensics++_C23\Deepfakes\876_891.mp4,.mp4,956932,already_compressed_or_media
data\train\archive (1)\FaceForensics++_C23\Deepfakes\877_886.mp4,.mp4,1769021,already_compressed_or_media
data\train\archive (1)\FaceForensics++_C23\Deepfakes\878_866.mp4,.mp4,2401104,already_compressed_or_media
data\train\archive (1)\FaceForensics++_C23\Deepfakes\879_963.mp4,.mp4,1738034,already_compressed_or_media
data\train\archive (1)\FaceForensics++_C23\Deepfakes\880_135.mp4,.mp4,3530712,already_compressed_or_media
data\train\archive (1)\FaceForensics++_C23\Deepfakes\881_856.mp4,.mp4,1154393,already_compressed_or_media
data\train\archive (1)\FaceForensics++_C23\Deepfakes\882_952.mp4,.mp4,4765947,already_compressed_or_media
data\train\archive (1)\FaceForensics++_C23\Deepfakes\883_013.mp4,.mp4,2407608,already_compressed_or_media
data\train\archive (1)\FaceForensics++_C23\Deepfakes\884_968.mp4,.mp4,2015768,already_compressed_or_media
data\train\archive (1)\FaceForensics++_C23\Deepfakes\885_802.mp4,.mp4,581528,already_compressed_or_media
data\train\archive (1)\FaceForensics++_C23\Deepfakes\886_877.mp4,.mp4,919781,already_compressed_or_media
data\train\archive (1)\FaceForensics++_C23\Deepfakes\887_275.mp4,.mp4,837013,already_compressed_or_media
data\train\archive (1)\FaceForensics++_C23\Deepfakes\888_937.mp4,.mp4,540039,already_compressed_or_media
data\train\archive (1)\FaceForensics++_C23\Deepfakes\889_045.mp4,.mp4,7117275,already_compressed_or_media
data\train\archive (1)\FaceForensics++_C23\Deepfakes\890_837.mp4,.mp4,723250,already_compressed_or_media
data\train\archive (1)\FaceForensics++_C23\Deepfakes\891_876.mp4,.mp4,1353535,already_compressed_or_media
data\train\archive (1)\FaceForensics++_C23\Deepfakes\892_112.mp4,.mp4,3483212,already_compressed_or_media
data\train\archive (1)\FaceForensics++_C23\Deepfakes\893_913.mp4,.mp4,1111467,already_compressed_or_media
data\train\archive (1)\FaceForensics++_C23\Deepfakes\894_848.mp4,.mp4,3716444,already_compressed_or_media
data\train\archive (1)\FaceForensics++_C23\Deepfakes\895_915.mp4,.mp4,545303,already_compressed_or_media
data\train\archive (1)\FaceForensics++_C23\Deepfakes\896_128.mp4,.mp4,548788,already_compressed_or_media
data\train\archive (1)\FaceForensics++_C23\Deepfakes\897_969.mp4,.mp4,712913,already_compressed_or_media
data\train\archive (1)\FaceForensics++_C23\Deepfakes\898_922.mp4,.mp4,563258,already_compressed_or_media
data\train\archive (1)\FaceForensics++_C23\Deepfakes\899_914.mp4,.mp4,1039097,already_compressed_or_media
data\train\archive (1)\FaceForensics++_C23\Deepfakes\900_926.mp4,.mp4,853319,already_compressed_or_media
data\train\archive (1)\FaceForensics++_C23\Deepfakes\901_902.mp4,.mp4,1674940,already_compressed_or_media
data\train\archive (1)\FaceForensics++_C23\Deepfakes\902_901.mp4,.mp4,883284,already_compressed_or_media
data\train\archive (1)\FaceForensics++_C23\Deepfakes\903_792.mp4,.mp4,1405933,already_compressed_or_media
data\train\archive (1)\FaceForensics++_C23\Deepfakes\904_046.mp4,.mp4,4281671,already_compressed_or_media
data\train\archive (1)\FaceForensics++_C23\Deepfakes\905_860.mp4,.mp4,1496183,already_compressed_or_media
data\train\archive (1)\FaceForensics++_C23\Deepfakes\906_847.mp4,.mp4,2515794,already_compressed_or_media
data\train\archive (1)\FaceForensics++_C23\Deepfakes\907_795.mp4,.mp4,2018459,already_compressed_or_media
data\train\archive (1)\FaceForensics++_C23\Deepfakes\908_207.mp4,.mp4,6315209,already_compressed_or_media
data\train\archive (1)\FaceForensics++_C23\Deepfakes\909_857.mp4,.mp4,670128,already_compressed_or_media
data\train\archive (1)\FaceForensics++_C23\Deepfakes\910_911.mp4,.mp4,1119543,already_compressed_or_media
data\train\archive (1)\FaceForensics++_C23\Deepfakes\911_910.mp4,.mp4,1014616,already_compressed_or_media
data\train\archive (1)\FaceForensics++_C23\Deepfakes\912_927.mp4,.mp4,1338999,already_compressed_or_media
data\train\archive (1)\FaceForensics++_C23\Deepfakes\913_893.mp4,.mp4,974166,already_compressed_or_media
data\train\archive (1)\FaceForensics++_C23\Deepfakes\914_899.mp4,.mp4,525497,already_compressed_or_media
data\train\archive (1)\FaceForensics++_C23\Deepfakes\915_895.mp4,.mp4,1841612,already_compressed_or_media
data\train\archive (1)\FaceForensics++_C23\Deepfakes\916_783.mp4,.mp4,2563245,already_compressed_or_media
data\train\archive (1)\FaceForensics++_C23\Deepfakes\917_924.mp4,.mp4,1282944,already_compressed_or_media
data\train\archive (1)\FaceForensics++_C23\Deepfakes\918_934.mp4,.mp4,1462810,already_compressed_or_media
data\train\archive (1)\FaceForensics++_C23\Deepfakes\919_015.mp4,.mp4,676467,already_compressed_or_media
data\train\archive (1)\FaceForensics++_C23\Deepfakes\920_811.mp4,.mp4,3058483,already_compressed_or_media
data\train\archive (1)\FaceForensics++_C23\Deepfakes\921_569.mp4,.mp4,3815343,already_compressed_or_media
data\train\archive (1)\FaceForensics++_C23\Deepfakes\922_898.mp4,.mp4,1178871,already_compressed_or_media
data\train\archive (1)\FaceForensics++_C23\Deepfakes\923_023.mp4,.mp4,3671990,already_compressed_or_media
data\train\archive (1)\FaceForensics++_C23\Deepfakes\924_917.mp4,.mp4,2131081,already_compressed_or_media
data\train\archive (1)\FaceForensics++_C23\Deepfakes\925_933.mp4,.mp4,1465956,already_compressed_or_media
data\train\archive (1)\FaceForensics++_C23\Deepfakes\926_900.mp4,.mp4,614536,already_compressed_or_media
data\train\archive (1)\FaceForensics++_C23\Deepfakes\927_912.mp4,.mp4,996725,already_compressed_or_media
data\train\archive (1)\FaceForensics++_C23\Deepfakes\928_160.mp4,.mp4,1921983,already_compressed_or_media
data\train\archive (1)\FaceForensics++_C23\Deepfakes\929_962.mp4,.mp4,620159,already_compressed_or_media
data\train\archive (1)\FaceForensics++_C23\Deepfakes\930_763.mp4,.mp4,1665866,already_compressed_or_media
data\train\archive (1)\FaceForensics++_C23\Deepfakes\931_936.mp4,.mp4,779002,already_compressed_or_media
data\train\archive (1)\FaceForensics++_C23\Deepfakes\932_384.mp4,.mp4,3321942,already_compressed_or_media
data\train\archive (1)\FaceForensics++_C23\Deepfakes\933_925.mp4,.mp4,1798399,already_compressed_or_media
data\train\archive (1)\FaceForensics++_C23\Deepfakes\934_918.mp4,.mp4,1522681,already_compressed_or_media
data\train\archive (1)\FaceForensics++_C23\Deepfakes\935_733.mp4,.mp4,6287068,already_compressed_or_media
data\train\archive (1)\FaceForensics++_C23\Deepfakes\936_931.mp4,.mp4,940428,already_compressed_or_media
data\train\archive (1)\FaceForensics++_C23\Deepfakes\937_888.mp4,.mp4,1171002,already_compressed_or_media
data\train\archive (1)\FaceForensics++_C23\Deepfakes\938_987.mp4,.mp4,988682,already_compressed_or_media
data\train\archive (1)\FaceForensics++_C23\Deepfakes\939_115.mp4,.mp4,582157,already_compressed_or_media
data\train\archive (1)\FaceForensics++_C23\Deepfakes\940_941.mp4,.mp4,602895,already_compressed_or_media
data\train\archive (1)\FaceForensics++_C23\Deepfakes\941_940.mp4,.mp4,909887,already_compressed_or_media
data\train\archive (1)\FaceForensics++_C23\Deepfakes\942_943.mp4,.mp4,2434263,already_compressed_or_media
data\train\archive (1)\FaceForensics++_C23\Deepfakes\943_942.mp4,.mp4,1441927,already_compressed_or_media
data\train\archive (1)\FaceForensics++_C23\Deepfakes\944_032.mp4,.mp4,538511,already_compressed_or_media
data\train\archive (1)\FaceForensics++_C23\Deepfakes\945_044.mp4,.mp4,4018527,already_compressed_or_media
data\train\archive (1)\FaceForensics++_C23\Deepfakes\946_049.mp4,.mp4,1750228,already_compressed_or_media
data\train\archive (1)\FaceForensics++_C23\Deepfakes\947_951.mp4,.mp4,3207423,already_compressed_or_media
data\train\archive (1)\FaceForensics++_C23\Deepfakes\948_965.mp4,.mp4,6097571,already_compressed_or_media
data\train\archive (1)\FaceForensics++_C23\Deepfakes\949_868.mp4,.mp4,1015217,already_compressed_or_media
data\train\archive (1)\FaceForensics++_C23\Deepfakes\950_836.mp4,.mp4,8852195,already_compressed_or_media
data\train\archive (1)\FaceForensics++_C23\Deepfakes\951_947.mp4,.mp4,3686625,already_compressed_or_media
data\train\archive (1)\FaceForensics++_C23\Deepfakes\952_882.mp4,.mp4,3400261,already_compressed_or_media
data\train\archive (1)\FaceForensics++_C23\Deepfakes\953_974.mp4,.mp4,2789662,already_compressed_or_media
data\train\archive (1)\FaceForensics++_C23\Deepfakes\954_976.mp4,.mp4,877145,already_compressed_or_media
data\train\archive (1)\FaceForensics++_C23\Deepfakes\955_078.mp4,.mp4,1180627,already_compressed_or_media
data\train\archive (1)\FaceForensics++_C23\Deepfakes\956_958.mp4,.mp4,1215103,already_compressed_or_media
data\train\archive (1)\FaceForensics++_C23\Deepfakes\957_959.mp4,.mp4,5823618,already_compressed_or_media
data\train\archive (1)\FaceForensics++_C23\Deepfakes\958_956.mp4,.mp4,1204082,already_compressed_or_media
data\train\archive (1)\FaceForensics++_C23\Deepfakes\959_957.mp4,.mp4,5236421,already_compressed_or_media
data\train\archive (1)\FaceForensics++_C23\Deepfakes\960_999.mp4,.mp4,1557500,already_compressed_or_media
data\train\archive (1)\FaceForensics++_C23\Deepfakes\961_069.mp4,.mp4,1473273,already_compressed_or_media
data\train\archive (1)\FaceForensics++_C23\Deepfakes\962_929.mp4,.mp4,598581,already_compressed_or_media
data\train\archive (1)\FaceForensics++_C23\Deepfakes\963_879.mp4,.mp4,1219242,already_compressed_or_media
data\train\archive (1)\FaceForensics++_C23\Deepfakes\964_174.mp4,.mp4,675685,already_compressed_or_media
data\train\archive (1)\FaceForensics++_C23\Deepfakes\965_948.mp4,.mp4,3191679,already_compressed_or_media
data\train\archive (1)\FaceForensics++_C23\Deepfakes\966_988.mp4,.mp4,888085,already_compressed_or_media
data\train\archive (1)\FaceForensics++_C23\Deepfakes\967_984.mp4,.mp4,1919301,already_compressed_or_media
data\train\archive (1)\FaceForensics++_C23\Deepfakes\968_884.mp4,.mp4,1460850,already_compressed_or_media
data\train\archive (1)\FaceForensics++_C23\Deepfakes\969_897.mp4,.mp4,780151,already_compressed_or_media
data\train\archive (1)\FaceForensics++_C23\Deepfakes\970_973.mp4,.mp4,788346,already_compressed_or_media
data\train\archive (1)\FaceForensics++_C23\Deepfakes\971_564.mp4,.mp4,2989875,already_compressed_or_media
data\train\archive (1)\FaceForensics++_C23\Deepfakes\972_718.mp4,.mp4,5236461,already_compressed_or_media
data\train\archive (1)\FaceForensics++_C23\Deepfakes\973_970.mp4,.mp4,969524,already_compressed_or_media
data\train\archive (1)\FaceForensics++_C23\Deepfakes\974_953.mp4,.mp4,651947,already_compressed_or_media
data\train\archive (1)\FaceForensics++_C23\Deepfakes\975_978.mp4,.mp4,1118784,already_compressed_or_media
data\train\archive (1)\FaceForensics++_C23\Deepfakes\976_954.mp4,.mp4,1239534,already_compressed_or_media
data\train\archive (1)\FaceForensics++_C23\Deepfakes\977_075.mp4,.mp4,1687848,already_compressed_or_media
data\train\archive (1)\FaceForensics++_C23\Deepfakes\978_975.mp4,.mp4,3744521,already_compressed_or_media
data\train\archive (1)\FaceForensics++_C23\Deepfakes\979_875.mp4,.mp4,1304092,already_compressed_or_media
data\train\archive (1)\FaceForensics++_C23\Deepfakes\980_992.mp4,.mp4,790870,already_compressed_or_media
data\train\archive (1)\FaceForensics++_C23\Deepfakes\981_985.mp4,.mp4,723438,already_compressed_or_media
data\train\archive (1)\FaceForensics++_C23\Deepfakes\982_004.mp4,.mp4,1422776,already_compressed_or_media
data\train\archive (1)\FaceForensics++_C23\Deepfakes\983_113.mp4,.mp4,912942,already_compressed_or_media
data\train\archive (1)\FaceForensics++_C23\Deepfakes\984_967.mp4,.mp4,1699234,already_compressed_or_media
data\train\archive (1)\FaceForensics++_C23\Deepfakes\985_981.mp4,.mp4,930872,already_compressed_or_media
data\train\archive (1)\FaceForensics++_C23\Deepfakes\986_994.mp4,.mp4,2930064,already_compressed_or_media
data\train\archive (1)\FaceForensics++_C23\Deepfakes\987_938.mp4,.mp4,972370,already_compressed_or_media
data\train\archive (1)\FaceForensics++_C23\Deepfakes\988_966.mp4,.mp4,676486,already_compressed_or_media
data\train\archive (1)\FaceForensics++_C23\Deepfakes\989_993.mp4,.mp4,2510974,already_compressed_or_media
data\train\archive (1)\FaceForensics++_C23\Deepfakes\990_008.mp4,.mp4,871223,already_compressed_or_media
data\train\archive (1)\FaceForensics++_C23\Deepfakes\991_064.mp4,.mp4,545304,already_compressed_or_media
data\train\archive (1)\FaceForensics++_C23\Deepfakes\992_980.mp4,.mp4,2161034,already_compressed_or_media
data\train\archive (1)\FaceForensics++_C23\Deepfakes\993_989.mp4,.mp4,1277301,already_compressed_or_media
data\train\archive (1)\FaceForensics++_C23\Deepfakes\994_986.mp4,.mp4,1117453,already_compressed_or_media
data\train\archive (1)\FaceForensics++_C23\Deepfakes\995_233.mp4,.mp4,872542,already_compressed_or_media
data\train\archive (1)\FaceForensics++_C23\Deepfakes\996_056.mp4,.mp4,916047,already_compressed_or_media
data\train\archive (1)\FaceForensics++_C23\Deepfakes\997_040.mp4,.mp4,1101018,already_compressed_or_media
data\train\archive (1)\FaceForensics++_C23\Deepfakes\998_561.mp4,.mp4,1824157,already_compressed_or_media
data\train\archive (1)\FaceForensics++_C23\Deepfakes\999_960.mp4,.mp4,582547,already_compressed_or_media
data\train\archive (1)\FaceForensics++_C23\Face2Face\000_003.mp4,.mp4,668795,already_compressed_or_media
data\train\archive (1)\FaceForensics++_C23\Face2Face\001_870.mp4,.mp4,3675503,already_compressed_or_media
data\train\archive (1)\FaceForensics++_C23\Face2Face\002_006.mp4,.mp4,958332,already_compressed_or_media
data\train\archive (1)\FaceForensics++_C23\Face2Face\003_000.mp4,.mp4,788799,already_compressed_or_media
data\train\archive (1)\FaceForensics++_C23\Face2Face\004_982.mp4,.mp4,3356630,already_compressed_or_media
data\train\archive (1)\FaceForensics++_C23\Face2Face\005_010.mp4,.mp4,1964741,already_compressed_or_media
data\train\archive (1)\FaceForensics++_C23\Face2Face\006_002.mp4,.mp4,1874924,already_compressed_or_media
data\train\archive (1)\FaceForensics++_C23\Face2Face\007_132.mp4,.mp4,841475,already_compressed_or_media
data\train\archive (1)\FaceForensics++_C23\Face2Face\008_990.mp4,.mp4,511699,already_compressed_or_media
data\train\archive (1)\FaceForensics++_C23\Face2Face\009_027.mp4,.mp4,403824,already_compressed_or_media
data\train\archive (1)\FaceForensics++_C23\Face2Face\010_005.mp4,.mp4,1171202,already_compressed_or_media
data\train\archive (1)\FaceForensics++_C23\Face2Face\011_805.mp4,.mp4,2081754,already_compressed_or_media
data\train\archive (1)\FaceForensics++_C23\Face2Face\012_026.mp4,.mp4,637935,already_compressed_or_media
data\train\archive (1)\FaceForensics++_C23\Face2Face\013_883.mp4,.mp4,761237,already_compressed_or_media
data\train\archive (1)\FaceForensics++_C23\Face2Face\014_790.mp4,.mp4,3513790,already_compressed_or_media
data\train\archive (1)\FaceForensics++_C23\Face2Face\015_919.mp4,.mp4,1105999,already_compressed_or_media
data\train\archive (1)\FaceForensics++_C23\Face2Face\016_209.mp4,.mp4,832995,already_compressed_or_media
data\train\archive (1)\FaceForensics++_C23\Face2Face\017_803.mp4,.mp4,1403567,already_compressed_or_media
data\train\archive (1)\FaceForensics++_C23\Face2Face\018_019.mp4,.mp4,1323252,already_compressed_or_media
data\train\archive (1)\FaceForensics++_C23\Face2Face\019_018.mp4,.mp4,739435,already_compressed_or_media
data\train\archive (1)\FaceForensics++_C23\Face2Face\020_344.mp4,.mp4,2824842,already_compressed_or_media
data\train\archive (1)\FaceForensics++_C23\Face2Face\021_312.mp4,.mp4,481767,already_compressed_or_media
data\train\archive (1)\FaceForensics++_C23\Face2Face\022_489.mp4,.mp4,2082674,already_compressed_or_media
data\train\archive (1)\FaceForensics++_C23\Face2Face\023_923.mp4,.mp4,1842808,already_compressed_or_media
data\train\archive (1)\FaceForensics++_C23\Face2Face\024_073.mp4,.mp4,1200593,already_compressed_or_media
data\train\archive (1)\FaceForensics++_C23\Face2Face\025_067.mp4,.mp4,2519722,already_compressed_or_media
data\train\archive (1)\FaceForensics++_C23\Face2Face\026_012.mp4,.mp4,576359,already_compressed_or_media
data\train\archive (1)\FaceForensics++_C23\Face2Face\027_009.mp4,.mp4,1682224,already_compressed_or_media
data\train\archive (1)\FaceForensics++_C23\Face2Face\028_068.mp4,.mp4,783747,already_compressed_or_media
data\train\archive (1)\FaceForensics++_C23\Face2Face\029_048.mp4,.mp4,572506,already_compressed_or_media
data\train\archive (1)\FaceForensics++_C23\Face2Face\030_193.mp4,.mp4,4539532,already_compressed_or_media
data\train\archive (1)\FaceForensics++_C23\Face2Face\031_163.mp4,.mp4,1006413,already_compressed_or_media
data\train\archive (1)\FaceForensics++_C23\Face2Face\032_944.mp4,.mp4,1894817,already_compressed_or_media
data\train\archive (1)\FaceForensics++_C23\Face2Face\033_097.mp4,.mp4,1181130,already_compressed_or_media
data\train\archive (1)\FaceForensics++_C23\Face2Face\034_590.mp4,.mp4,1770850,already_compressed_or_media
data\train\archive (1)\FaceForensics++_C23\Face2Face\035_036.mp4,.mp4,455018,already_compressed_or_media
data\train\archive (1)\FaceForensics++_C23\Face2Face\036_035.mp4,.mp4,1185421,already_compressed_or_media
data\train\archive (1)\FaceForensics++_C23\Face2Face\037_072.mp4,.mp4,566859,already_compressed_or_media
data\train\archive (1)\FaceForensics++_C23\Face2Face\038_125.mp4,.mp4,873270,already_compressed_or_media
data\train\archive (1)\FaceForensics++_C23\Face2Face\039_058.mp4,.mp4,1148015,already_compressed_or_media
data\train\archive (1)\FaceForensics++_C23\Face2Face\040_997.mp4,.mp4,2493975,already_compressed_or_media
data\train\archive (1)\FaceForensics++_C23\Face2Face\041_063.mp4,.mp4,1843045,already_compressed_or_media
data\train\archive (1)\FaceForensics++_C23\Face2Face\042_084.mp4,.mp4,1030031,already_compressed_or_media
data\train\archive (1)\FaceForensics++_C23\Face2Face\043_110.mp4,.mp4,1850172,already_compressed_or_media
data\train\archive (1)\FaceForensics++_C23\Face2Face\044_945.mp4,.mp4,3996689,already_compressed_or_media
data\train\archive (1)\FaceForensics++_C23\Face2Face\045_889.mp4,.mp4,4276112,already_compressed_or_media
data\train\archive (1)\FaceForensics++_C23\Face2Face\046_904.mp4,.mp4,1599837,already_compressed_or_media
data\train\archive (1)\FaceForensics++_C23\Face2Face\047_862.mp4,.mp4,670261,already_compressed_or_media
data\train\archive (1)\FaceForensics++_C23\Face2Face\048_029.mp4,.mp4,1068934,already_compressed_or_media
data\train\archive (1)\FaceForensics++_C23\Face2Face\049_946.mp4,.mp4,583828,already_compressed_or_media
data\train\archive (1)\FaceForensics++_C23\Face2Face\050_059.mp4,.mp4,787146,already_compressed_or_media
data\train\archive (1)\FaceForensics++_C23\Face2Face\051_332.mp4,.mp4,2587401,already_compressed_or_media
data\train\archive (1)\FaceForensics++_C23\Face2Face\052_108.mp4,.mp4,2610695,already_compressed_or_media
data\train\archive (1)\FaceForensics++_C23\Face2Face\053_095.mp4,.mp4,1551538,already_compressed_or_media
data\train\archive (1)\FaceForensics++_C23\Face2Face\054_071.mp4,.mp4,876307,already_compressed_or_media
data\train\archive (1)\FaceForensics++_C23\Face2Face\055_147.mp4,.mp4,997035,already_compressed_or_media
data\train\archive (1)\FaceForensics++_C23\Face2Face\056_996.mp4,.mp4,957923,already_compressed_or_media
data\train\archive (1)\FaceForensics++_C23\Face2Face\057_070.mp4,.mp4,1104556,already_compressed_or_media
data\train\archive (1)\FaceForensics++_C23\Face2Face\058_039.mp4,.mp4,1075194,already_compressed_or_media
data\train\archive (1)\FaceForensics++_C23\Face2Face\059_050.mp4,.mp4,1148684,already_compressed_or_media
data\train\archive (1)\FaceForensics++_C23\Face2Face\060_088.mp4,.mp4,3286417,already_compressed_or_media
data\train\archive (1)\FaceForensics++_C23\Face2Face\061_080.mp4,.mp4,1051770,already_compressed_or_media
data\train\archive (1)\FaceForensics++_C23\Face2Face\062_066.mp4,.mp4,693194,already_compressed_or_media
data\train\archive (1)\FaceForensics++_C23\Face2Face\063_041.mp4,.mp4,781432,already_compressed_or_media
data\train\archive (1)\FaceForensics++_C23\Face2Face\064_991.mp4,.mp4,881510,already_compressed_or_media
data\train\archive (1)\FaceForensics++_C23\Face2Face\065_089.mp4,.mp4,5735265,already_compressed_or_media
data\train\archive (1)\FaceForensics++_C23\Face2Face\066_062.mp4,.mp4,1552791,already_compressed_or_media
data\train\archive (1)\FaceForensics++_C23\Face2Face\067_025.mp4,.mp4,2958005,already_compressed_or_media
data\train\archive (1)\FaceForensics++_C23\Face2Face\068_028.mp4,.mp4,816838,already_compressed_or_media
data\train\archive (1)\FaceForensics++_C23\Face2Face\069_961.mp4,.mp4,1695049,already_compressed_or_media
data\train\archive (1)\FaceForensics++_C23\Face2Face\070_057.mp4,.mp4,999283,already_compressed_or_media
data\train\archive (1)\FaceForensics++_C23\Face2Face\071_054.mp4,.mp4,1152480,already_compressed_or_media
data\train\archive (1)\FaceForensics++_C23\Face2Face\072_037.mp4,.mp4,1239624,already_compressed_or_media
data\train\archive (1)\FaceForensics++_C23\Face2Face\073_024.mp4,.mp4,1213846,already_compressed_or_media
data\train\archive (1)\FaceForensics++_C23\Face2Face\074_825.mp4,.mp4,4730933,already_compressed_or_media
data\train\archive (1)\FaceForensics++_C23\Face2Face\075_977.mp4,.mp4,3199704,already_compressed_or_media
data\train\archive (1)\FaceForensics++_C23\Face2Face\076_079.mp4,.mp4,1609967,already_compressed_or_media
data\train\archive (1)\FaceForensics++_C23\Face2Face\077_100.mp4,.mp4,584943,already_compressed_or_media
data\train\archive (1)\FaceForensics++_C23\Face2Face\078_955.mp4,.mp4,2030433,already_compressed_or_media
data\train\archive (1)\FaceForensics++_C23\Face2Face\079_076.mp4,.mp4,1270398,already_compressed_or_media
data\train\archive (1)\FaceForensics++_C23\Face2Face\080_061.mp4,.mp4,435310,already_compressed_or_media
data\train\archive (1)\FaceForensics++_C23\Face2Face\081_087.mp4,.mp4,638739,already_compressed_or_media
data\train\archive (1)\FaceForensics++_C23\Face2Face\082_103.mp4,.mp4,1208309,already_compressed_or_media
data\train\archive (1)\FaceForensics++_C23\Face2Face\083_213.mp4,.mp4,3660137,already_compressed_or_media
data\train\archive (1)\FaceForensics++_C23\Face2Face\084_042.mp4,.mp4,5161563,already_compressed_or_media
data\train\archive (1)\FaceForensics++_C23\Face2Face\085_124.mp4,.mp4,1809287,already_compressed_or_media
data\train\archive (1)\FaceForensics++_C23\Face2Face\086_090.mp4,.mp4,1979981,already_compressed_or_media
data\train\archive (1)\FaceForensics++_C23\Face2Face\087_081.mp4,.mp4,1391547,already_compressed_or_media
data\train\archive (1)\FaceForensics++_C23\Face2Face\088_060.mp4,.mp4,2627642,already_compressed_or_media
data\train\archive (1)\FaceForensics++_C23\Face2Face\089_065.mp4,.mp4,1892624,already_compressed_or_media
data\train\archive (1)\FaceForensics++_C23\Face2Face\090_086.mp4,.mp4,6418850,already_compressed_or_media
data\train\archive (1)\FaceForensics++_C23\Face2Face\091_116.mp4,.mp4,835666,already_compressed_or_media
data\train\archive (1)\FaceForensics++_C23\Face2Face\092_098.mp4,.mp4,650506,already_compressed_or_media
data\train\archive (1)\FaceForensics++_C23\Face2Face\093_121.mp4,.mp4,4006535,already_compressed_or_media
data\train\archive (1)\FaceForensics++_C23\Face2Face\094_111.mp4,.mp4,1922941,already_compressed_or_media
data\train\archive (1)\FaceForensics++_C23\Face2Face\095_053.mp4,.mp4,919721,already_compressed_or_media
data\train\archive (1)\FaceForensics++_C23\Face2Face\096_101.mp4,.mp4,12044616,already_compressed_or_media
data\train\archive (1)\FaceForensics++_C23\Face2Face\097_033.mp4,.mp4,1733228,already_compressed_or_media
data\train\archive (1)\FaceForensics++_C23\Face2Face\098_092.mp4,.mp4,590797,already_compressed_or_media
data\train\archive (1)\FaceForensics++_C23\Face2Face\099_295.mp4,.mp4,6957873,already_compressed_or_media
data\train\archive (1)\FaceForensics++_C23\Face2Face\100_077.mp4,.mp4,1298132,already_compressed_or_media
data\train\archive (1)\FaceForensics++_C23\Face2Face\101_096.mp4,.mp4,1097173,already_compressed_or_media
data\train\archive (1)\FaceForensics++_C23\Face2Face\102_114.mp4,.mp4,3154206,already_compressed_or_media
data\train\archive (1)\FaceForensics++_C23\Face2Face\103_082.mp4,.mp4,918812,already_compressed_or_media
data\train\archive (1)\FaceForensics++_C23\Face2Face\104_126.mp4,.mp4,884954,already_compressed_or_media
data\train\archive (1)\FaceForensics++_C23\Face2Face\105_180.mp4,.mp4,2177616,already_compressed_or_media
data\train\archive (1)\FaceForensics++_C23\Face2Face\106_198.mp4,.mp4,548548,already_compressed_or_media
data\train\archive (1)\FaceForensics++_C23\Face2Face\107_109.mp4,.mp4,601025,already_compressed_or_media
data\train\archive (1)\FaceForensics++_C23\Face2Face\108_052.mp4,.mp4,3945152,already_compressed_or_media
data\train\archive (1)\FaceForensics++_C23\Face2Face\109_107.mp4,.mp4,1929711,already_compressed_or_media
data\train\archive (1)\FaceForensics++_C23\Face2Face\110_043.mp4,.mp4,1002589,already_compressed_or_media
data\train\archive (1)\FaceForensics++_C23\Face2Face\111_094.mp4,.mp4,1191164,already_compressed_or_media
data\train\archive (1)\FaceForensics++_C23\Face2Face\112_892.mp4,.mp4,4329277,already_compressed_or_media
data\train\archive (1)\FaceForensics++_C23\Face2Face\113_983.mp4,.mp4,1953457,already_compressed_or_media
data\train\archive (1)\FaceForensics++_C23\Face2Face\114_102.mp4,.mp4,827545,already_compressed_or_media
data\train\archive (1)\FaceForensics++_C23\Face2Face\115_939.mp4,.mp4,2226516,already_compressed_or_media
data\train\archive (1)\FaceForensics++_C23\Face2Face\116_091.mp4,.mp4,1323192,already_compressed_or_media
data\train\archive (1)\FaceForensics++_C23\Face2Face\117_217.mp4,.mp4,4959639,already_compressed_or_media
data\train\archive (1)\FaceForensics++_C23\Face2Face\118_120.mp4,.mp4,1173028,already_compressed_or_media
data\train\archive (1)\FaceForensics++_C23\Face2Face\119_123.mp4,.mp4,889060,already_compressed_or_media
data\train\archive (1)\FaceForensics++_C23\Face2Face\120_118.mp4,.mp4,982569,already_compressed_or_media
data\train\archive (1)\FaceForensics++_C23\Face2Face\121_093.mp4,.mp4,2317292,already_compressed_or_media
data\train\archive (1)\FaceForensics++_C23\Face2Face\122_144.mp4,.mp4,1732077,already_compressed_or_media
data\train\archive (1)\FaceForensics++_C23\Face2Face\123_119.mp4,.mp4,1156151,already_compressed_or_media
data\train\archive (1)\FaceForensics++_C23\Face2Face\124_085.mp4,.mp4,695907,already_compressed_or_media
data\train\archive (1)\FaceForensics++_C23\Face2Face\125_038.mp4,.mp4,1525479,already_compressed_or_media
data\train\archive (1)\FaceForensics++_C23\Face2Face\126_104.mp4,.mp4,971875,already_compressed_or_media
data\train\archive (1)\FaceForensics++_C23\Face2Face\127_129.mp4,.mp4,1256740,already_compressed_or_media
data\train\archive (1)\FaceForensics++_C23\Face2Face\128_896.mp4,.mp4,961449,already_compressed_or_media
data\train\archive (1)\FaceForensics++_C23\Face2Face\129_127.mp4,.mp4,4332887,already_compressed_or_media
data\train\archive (1)\FaceForensics++_C23\Face2Face\130_139.mp4,.mp4,1262284,already_compressed_or_media
data\train\archive (1)\FaceForensics++_C23\Face2Face\131_518.mp4,.mp4,496691,already_compressed_or_media
data\train\archive (1)\FaceForensics++_C23\Face2Face\132_007.mp4,.mp4,538214,already_compressed_or_media
data\train\archive (1)\FaceForensics++_C23\Face2Face\133_148.mp4,.mp4,686494,already_compressed_or_media
data\train\archive (1)\FaceForensics++_C23\Face2Face\134_192.mp4,.mp4,1755427,already_compressed_or_media
data\train\archive (1)\FaceForensics++_C23\Face2Face\135_880.mp4,.mp4,1585533,already_compressed_or_media
data\train\archive (1)\FaceForensics++_C23\Face2Face\136_285.mp4,.mp4,2396800,already_compressed_or_media
data\train\archive (1)\FaceForensics++_C23\Face2Face\137_165.mp4,.mp4,1433077,already_compressed_or_media
data\train\archive (1)\FaceForensics++_C23\Face2Face\138_142.mp4,.mp4,1049605,already_compressed_or_media
data\train\archive (1)\FaceForensics++_C23\Face2Face\139_130.mp4,.mp4,908433,already_compressed_or_media
data\train\archive (1)\FaceForensics++_C23\Face2Face\140_143.mp4,.mp4,1970172,already_compressed_or_media
data\train\archive (1)\FaceForensics++_C23\Face2Face\141_161.mp4,.mp4,849027,already_compressed_or_media
data\train\archive (1)\FaceForensics++_C23\Face2Face\142_138.mp4,.mp4,547656,already_compressed_or_media
data\train\archive (1)\FaceForensics++_C23\Face2Face\143_140.mp4,.mp4,791695,already_compressed_or_media
data\train\archive (1)\FaceForensics++_C23\Face2Face\144_122.mp4,.mp4,942369,already_compressed_or_media
data\train\archive (1)\FaceForensics++_C23\Face2Face\145_299.mp4,.mp4,379526,already_compressed_or_media
data\train\archive (1)\FaceForensics++_C23\Face2Face\146_256.mp4,.mp4,3596386,already_compressed_or_media
data\train\archive (1)\FaceForensics++_C23\Face2Face\147_055.mp4,.mp4,799935,already_compressed_or_media
data\train\archive (1)\FaceForensics++_C23\Face2Face\148_133.mp4,.mp4,1245869,already_compressed_or_media
data\train\archive (1)\FaceForensics++_C23\Face2Face\149_152.mp4,.mp4,783863,already_compressed_or_media
data\train\archive (1)\FaceForensics++_C23\Face2Face\150_153.mp4,.mp4,900850,already_compressed_or_media
data\train\archive (1)\FaceForensics++_C23\Face2Face\151_225.mp4,.mp4,1907550,already_compressed_or_media
data\train\archive (1)\FaceForensics++_C23\Face2Face\152_149.mp4,.mp4,765619,already_compressed_or_media
data\train\archive (1)\FaceForensics++_C23\Face2Face\153_150.mp4,.mp4,1321407,already_compressed_or_media
data\train\archive (1)\FaceForensics++_C23\Face2Face\154_386.mp4,.mp4,2090678,already_compressed_or_media
data\train\archive (1)\FaceForensics++_C23\Face2Face\155_576.mp4,.mp4,1088776,already_compressed_or_media
data\train\archive (1)\FaceForensics++_C23\Face2Face\156_243.mp4,.mp4,855890,already_compressed_or_media
data\train\archive (1)\FaceForensics++_C23\Face2Face\157_245.mp4,.mp4,578156,already_compressed_or_media
data\train\archive (1)\FaceForensics++_C23\Face2Face\158_379.mp4,.mp4,657609,already_compressed_or_media
data\train\archive (1)\FaceForensics++_C23\Face2Face\159_175.mp4,.mp4,1444849,already_compressed_or_media
data\train\archive (1)\FaceForensics++_C23\Face2Face\160_928.mp4,.mp4,1614322,already_compressed_or_media
data\train\archive (1)\FaceForensics++_C23\Face2Face\161_141.mp4,.mp4,896829,already_compressed_or_media
data\train\archive (1)\FaceForensics++_C23\Face2Face\162_330.mp4,.mp4,1785533,already_compressed_or_media
data\train\archive (1)\FaceForensics++_C23\Face2Face\163_031.mp4,.mp4,1302395,already_compressed_or_media
data\train\archive (1)\FaceForensics++_C23\Face2Face\164_216.mp4,.mp4,1213357,already_compressed_or_media
data\train\archive (1)\FaceForensics++_C23\Face2Face\165_137.mp4,.mp4,1063455,already_compressed_or_media
data\train\archive (1)\FaceForensics++_C23\Face2Face\166_167.mp4,.mp4,574536,already_compressed_or_media
data\train\archive (1)\FaceForensics++_C23\Face2Face\167_166.mp4,.mp4,1937064,already_compressed_or_media
data\train\archive (1)\FaceForensics++_C23\Face2Face\168_222.mp4,.mp4,577653,already_compressed_or_media
data\train\archive (1)\FaceForensics++_C23\Face2Face\169_227.mp4,.mp4,602315,already_compressed_or_media
data\train\archive (1)\FaceForensics++_C23\Face2Face\170_186.mp4,.mp4,2830198,already_compressed_or_media
data\train\archive (1)\FaceForensics++_C23\Face2Face\171_173.mp4,.mp4,3378661,already_compressed_or_media
data\train\archive (1)\FaceForensics++_C23\Face2Face\172_582.mp4,.mp4,656465,already_compressed_or_media
data\train\archive (1)\FaceForensics++_C23\Face2Face\173_171.mp4,.mp4,2740049,already_compressed_or_media
data\train\archive (1)\FaceForensics++_C23\Face2Face\174_964.mp4,.mp4,1137765,already_compressed_or_media
data\train\archive (1)\FaceForensics++_C23\Face2Face\175_159.mp4,.mp4,714999,already_compressed_or_media
data\train\archive (1)\FaceForensics++_C23\Face2Face\176_190.mp4,.mp4,3989071,already_compressed_or_media
data\train\archive (1)\FaceForensics++_C23\Face2Face\177_211.mp4,.mp4,1395007,already_compressed_or_media
data\train\archive (1)\FaceForensics++_C23\Face2Face\178_598.mp4,.mp4,676791,already_compressed_or_media
data\train\archive (1)\FaceForensics++_C23\Face2Face\179_212.mp4,.mp4,638138,already_compressed_or_media
data\train\archive (1)\FaceForensics++_C23\Face2Face\180_105.mp4,.mp4,699137,already_compressed_or_media
data\train\archive (1)\FaceForensics++_C23\Face2Face\181_199.mp4,.mp4,555709,already_compressed_or_media
data\train\archive (1)\FaceForensics++_C23\Face2Face\182_242.mp4,.mp4,1271378,already_compressed_or_media
data\train\archive (1)\FaceForensics++_C23\Face2Face\183_253.mp4,.mp4,1796331,already_compressed_or_media
data\train\archive (1)\FaceForensics++_C23\Face2Face\184_205.mp4,.mp4,517881,already_compressed_or_media
data\train\archive (1)\FaceForensics++_C23\Face2Face\185_276.mp4,.mp4,887583,already_compressed_or_media
data\train\archive (1)\FaceForensics++_C23\Face2Face\186_170.mp4,.mp4,8110317,already_compressed_or_media
data\train\archive (1)\FaceForensics++_C23\Face2Face\187_234.mp4,.mp4,2969080,already_compressed_or_media
data\train\archive (1)\FaceForensics++_C23\Face2Face\188_191.mp4,.mp4,1618807,already_compressed_or_media
data\train\archive (1)\FaceForensics++_C23\Face2Face\189_200.mp4,.mp4,2294740,already_compressed_or_media
data\train\archive (1)\FaceForensics++_C23\Face2Face\190_176.mp4,.mp4,2876756,already_compressed_or_media
data\train\archive (1)\FaceForensics++_C23\Face2Face\191_188.mp4,.mp4,3390087,already_compressed_or_media
data\train\archive (1)\FaceForensics++_C23\Face2Face\192_134.mp4,.mp4,1049165,already_compressed_or_media
data\train\archive (1)\FaceForensics++_C23\Face2Face\193_030.mp4,.mp4,3696584,already_compressed_or_media
data\train\archive (1)\FaceForensics++_C23\Face2Face\194_235.mp4,.mp4,576964,already_compressed_or_media
data\train\archive (1)\FaceForensics++_C23\Face2Face\195_442.mp4,.mp4,1339556,already_compressed_or_media
data\train\archive (1)\FaceForensics++_C23\Face2Face\196_310.mp4,.mp4,517241,already_compressed_or_media
data\train\archive (1)\FaceForensics++_C23\Face2Face\197_224.mp4,.mp4,885864,already_compressed_or_media
data\train\archive (1)\FaceForensics++_C23\Face2Face\198_106.mp4,.mp4,654421,already_compressed_or_media
data\train\archive (1)\FaceForensics++_C23\Face2Face\199_181.mp4,.mp4,1461228,already_compressed_or_media
data\train\archive (1)\FaceForensics++_C23\Face2Face\200_189.mp4,.mp4,1889016,already_compressed_or_media
data\train\archive (1)\FaceForensics++_C23\Face2Face\201_203.mp4,.mp4,951240,already_compressed_or_media
data\train\archive (1)\FaceForensics++_C23\Face2Face\202_348.mp4,.mp4,854179,already_compressed_or_media
data\train\archive (1)\FaceForensics++_C23\Face2Face\203_201.mp4,.mp4,2771444,already_compressed_or_media
data\train\archive (1)\FaceForensics++_C23\Face2Face\204_230.mp4,.mp4,1355447,already_compressed_or_media
data\train\archive (1)\FaceForensics++_C23\Face2Face\205_184.mp4,.mp4,3402056,already_compressed_or_media
data\train\archive (1)\FaceForensics++_C23\Face2Face\206_221.mp4,.mp4,735420,already_compressed_or_media
data\train\archive (1)\FaceForensics++_C23\Face2Face\207_908.mp4,.mp4,5838879,already_compressed_or_media
data\train\archive (1)\FaceForensics++_C23\Face2Face\208_215.mp4,.mp4,1486334,already_compressed_or_media
data\train\archive (1)\FaceForensics++_C23\Face2Face\209_016.mp4,.mp4,2468406,already_compressed_or_media
data\train\archive (1)\FaceForensics++_C23\Face2Face\210_241.mp4,.mp4,639857,already_compressed_or_media
data\train\archive (1)\FaceForensics++_C23\Face2Face\211_177.mp4,.mp4,2041699,already_compressed_or_media
data\train\archive (1)\FaceForensics++_C23\Face2Face\212_179.mp4,.mp4,2189712,already_compressed_or_media
data\train\archive (1)\FaceForensics++_C23\Face2Face\213_083.mp4,.mp4,2690510,already_compressed_or_media
data\train\archive (1)\FaceForensics++_C23\Face2Face\214_255.mp4,.mp4,1513868,already_compressed_or_media
data\train\archive (1)\FaceForensics++_C23\Face2Face\215_208.mp4,.mp4,815487,already_compressed_or_media
data\train\archive (1)\FaceForensics++_C23\Face2Face\216_164.mp4,.mp4,2097253,already_compressed_or_media
data\train\archive (1)\FaceForensics++_C23\Face2Face\217_117.mp4,.mp4,5587032,already_compressed_or_media
data\train\archive (1)\FaceForensics++_C23\Face2Face\218_239.mp4,.mp4,752827,already_compressed_or_media
data\train\archive (1)\FaceForensics++_C23\Face2Face\219_220.mp4,.mp4,2134513,already_compressed_or_media
data\train\archive (1)\FaceForensics++_C23\Face2Face\220_219.mp4,.mp4,752031,already_compressed_or_media
data\train\archive (1)\FaceForensics++_C23\Face2Face\221_206.mp4,.mp4,2819440,already_compressed_or_media
data\train\archive (1)\FaceForensics++_C23\Face2Face\222_168.mp4,.mp4,2589676,already_compressed_or_media
data\train\archive (1)\FaceForensics++_C23\Face2Face\223_586.mp4,.mp4,2077141,already_compressed_or_media
data\train\archive (1)\FaceForensics++_C23\Face2Face\224_197.mp4,.mp4,3441229,already_compressed_or_media
data\train\archive (1)\FaceForensics++_C23\Face2Face\225_151.mp4,.mp4,1357771,already_compressed_or_media
data\train\archive (1)\FaceForensics++_C23\Face2Face\226_491.mp4,.mp4,1629793,already_compressed_or_media
data\train\archive (1)\FaceForensics++_C23\Face2Face\227_169.mp4,.mp4,2162471,already_compressed_or_media
data\train\archive (1)\FaceForensics++_C23\Face2Face\228_289.mp4,.mp4,765060,already_compressed_or_media
data\train\archive (1)\FaceForensics++_C23\Face2Face\229_247.mp4,.mp4,674549,already_compressed_or_media
data\train\archive (1)\FaceForensics++_C23\Face2Face\230_204.mp4,.mp4,1903597,already_compressed_or_media
data\train\archive (1)\FaceForensics++_C23\Face2Face\231_663.mp4,.mp4,573343,already_compressed_or_media
data\train\archive (1)\FaceForensics++_C23\Face2Face\232_248.mp4,.mp4,1287042,already_compressed_or_media
data\train\archive (1)\FaceForensics++_C23\Face2Face\233_995.mp4,.mp4,2338849,already_compressed_or_media
data\train\archive (1)\FaceForensics++_C23\Face2Face\234_187.mp4,.mp4,2764722,already_compressed_or_media
data\train\archive (1)\FaceForensics++_C23\Face2Face\235_194.mp4,.mp4,2667911,already_compressed_or_media
data\train\archive (1)\FaceForensics++_C23\Face2Face\236_237.mp4,.mp4,1740995,already_compressed_or_media
data\train\archive (1)\FaceForensics++_C23\Face2Face\237_236.mp4,.mp4,2723177,already_compressed_or_media
data\train\archive (1)\FaceForensics++_C23\Face2Face\238_282.mp4,.mp4,877455,already_compressed_or_media
data\train\archive (1)\FaceForensics++_C23\Face2Face\239_218.mp4,.mp4,950615,already_compressed_or_media
data\train\archive (1)\FaceForensics++_C23\Face2Face\240_290.mp4,.mp4,776189,already_compressed_or_media
data\train\archive (1)\FaceForensics++_C23\Face2Face\241_210.mp4,.mp4,1677661,already_compressed_or_media
data\train\archive (1)\FaceForensics++_C23\Face2Face\242_182.mp4,.mp4,1016687,already_compressed_or_media
data\train\archive (1)\FaceForensics++_C23\Face2Face\243_156.mp4,.mp4,3195599,already_compressed_or_media
data\train\archive (1)\FaceForensics++_C23\Face2Face\244_822.mp4,.mp4,2528256,already_compressed_or_media
data\train\archive (1)\FaceForensics++_C23\Face2Face\245_157.mp4,.mp4,972464,already_compressed_or_media
data\train\archive (1)\FaceForensics++_C23\Face2Face\246_258.mp4,.mp4,1912332,already_compressed_or_media
data\train\archive (1)\FaceForensics++_C23\Face2Face\247_229.mp4,.mp4,1220311,already_compressed_or_media
data\train\archive (1)\FaceForensics++_C23\Face2Face\248_232.mp4,.mp4,2628395,already_compressed_or_media
data\train\archive (1)\FaceForensics++_C23\Face2Face\249_280.mp4,.mp4,1542947,already_compressed_or_media
data\train\archive (1)\FaceForensics++_C23\Face2Face\250_461.mp4,.mp4,2806988,already_compressed_or_media
data\train\archive (1)\FaceForensics++_C23\Face2Face\251_375.mp4,.mp4,2609702,already_compressed_or_media
data\train\archive (1)\FaceForensics++_C23\Face2Face\252_266.mp4,.mp4,1484902,already_compressed_or_media
data\train\archive (1)\FaceForensics++_C23\Face2Face\253_183.mp4,.mp4,1205984,already_compressed_or_media
data\train\archive (1)\FaceForensics++_C23\Face2Face\254_261.mp4,.mp4,2174982,already_compressed_or_media
data\train\archive (1)\FaceForensics++_C23\Face2Face\255_214.mp4,.mp4,1873313,already_compressed_or_media
data\train\archive (1)\FaceForensics++_C23\Face2Face\256_146.mp4,.mp4,4403440,already_compressed_or_media
data\train\archive (1)\FaceForensics++_C23\Face2Face\257_420.mp4,.mp4,3889542,already_compressed_or_media
data\train\archive (1)\FaceForensics++_C23\Face2Face\258_246.mp4,.mp4,3230228,already_compressed_or_media
data\train\archive (1)\FaceForensics++_C23\Face2Face\259_345.mp4,.mp4,1118360,already_compressed_or_media
data\train\archive (1)\FaceForensics++_C23\Face2Face\260_331.mp4,.mp4,739708,already_compressed_or_media
data\train\archive (1)\FaceForensics++_C23\Face2Face\261_254.mp4,.mp4,458950,already_compressed_or_media
data\train\archive (1)\FaceForensics++_C23\Face2Face\262_301.mp4,.mp4,1329772,already_compressed_or_media
data\train\archive (1)\FaceForensics++_C23\Face2Face\263_284.mp4,.mp4,2467667,already_compressed_or_media
data\train\archive (1)\FaceForensics++_C23\Face2Face\264_271.mp4,.mp4,693359,already_compressed_or_media
data\train\archive (1)\FaceForensics++_C23\Face2Face\265_475.mp4,.mp4,3802093,already_compressed_or_media
data\train\archive (1)\FaceForensics++_C23\Face2Face\266_252.mp4,.mp4,1760559,already_compressed_or_media
data\train\archive (1)\FaceForensics++_C23\Face2Face\267_286.mp4,.mp4,3716295,already_compressed_or_media
data\train\archive (1)\FaceForensics++_C23\Face2Face\268_269.mp4,.mp4,925470,already_compressed_or_media
data\train\archive (1)\FaceForensics++_C23\Face2Face\269_268.mp4,.mp4,2755906,already_compressed_or_media
data\train\archive (1)\FaceForensics++_C23\Face2Face\270_297.mp4,.mp4,1005128,already_compressed_or_media
data\train\archive (1)\FaceForensics++_C23\Face2Face\271_264.mp4,.mp4,1290086,already_compressed_or_media
data\train\archive (1)\FaceForensics++_C23\Face2Face\272_396.mp4,.mp4,2581082,already_compressed_or_media
data\train\archive (1)\FaceForensics++_C23\Face2Face\273_807.mp4,.mp4,1853737,already_compressed_or_media
data\train\archive (1)\FaceForensics++_C23\Face2Face\274_412.mp4,.mp4,2906652,already_compressed_or_media
data\train\archive (1)\FaceForensics++_C23\Face2Face\275_887.mp4,.mp4,656273,already_compressed_or_media
data\train\archive (1)\FaceForensics++_C23\Face2Face\276_185.mp4,.mp4,2164642,already_compressed_or_media
data\train\archive (1)\FaceForensics++_C23\Face2Face\277_335.mp4,.mp4,1239597,already_compressed_or_media
data\train\archive (1)\FaceForensics++_C23\Face2Face\278_306.mp4,.mp4,1125134,already_compressed_or_media
data\train\archive (1)\FaceForensics++_C23\Face2Face\279_298.mp4,.mp4,1670782,already_compressed_or_media
data\train\archive (1)\FaceForensics++_C23\Face2Face\280_249.mp4,.mp4,1060456,already_compressed_or_media
data\train\archive (1)\FaceForensics++_C23\Face2Face\281_474.mp4,.mp4,855306,already_compressed_or_media
data\train\archive (1)\FaceForensics++_C23\Face2Face\282_238.mp4,.mp4,1225866,already_compressed_or_media
data\train\archive (1)\FaceForensics++_C23\Face2Face\283_313.mp4,.mp4,616015,already_compressed_or_media
data\train\archive (1)\FaceForensics++_C23\Face2Face\284_263.mp4,.mp4,2904710,already_compressed_or_media
data\train\archive (1)\FaceForensics++_C23\Face2Face\285_136.mp4,.mp4,2330688,already_compressed_or_media
data\train\archive (1)\FaceForensics++_C23\Face2Face\286_267.mp4,.mp4,1209003,already_compressed_or_media
data\train\archive (1)\FaceForensics++_C23\Face2Face\287_426.mp4,.mp4,2050738,already_compressed_or_media
data\train\archive (1)\FaceForensics++_C23\Face2Face\288_321.mp4,.mp4,790811,already_compressed_or_media
data\train\archive (1)\FaceForensics++_C23\Face2Face\289_228.mp4,.mp4,1072654,already_compressed_or_media
data\train\archive (1)\FaceForensics++_C23\Face2Face\290_240.mp4,.mp4,3411018,already_compressed_or_media
data\train\archive (1)\FaceForensics++_C23\Face2Face\291_874.mp4,.mp4,3386052,already_compressed_or_media
data\train\archive (1)\FaceForensics++_C23\Face2Face\292_294.mp4,.mp4,3422729,already_compressed_or_media
data\train\archive (1)\FaceForensics++_C23\Face2Face\293_296.mp4,.mp4,961844,already_compressed_or_media
data\train\archive (1)\FaceForensics++_C23\Face2Face\294_292.mp4,.mp4,2466726,already_compressed_or_media
data\train\archive (1)\FaceForensics++_C23\Face2Face\295_099.mp4,.mp4,5244031,already_compressed_or_media
data\train\archive (1)\FaceForensics++_C23\Face2Face\296_293.mp4,.mp4,1533944,already_compressed_or_media
data\train\archive (1)\FaceForensics++_C23\Face2Face\297_270.mp4,.mp4,415795,already_compressed_or_media
data\train\archive (1)\FaceForensics++_C23\Face2Face\298_279.mp4,.mp4,1803882,already_compressed_or_media
data\train\archive (1)\FaceForensics++_C23\Face2Face\299_145.mp4,.mp4,1362501,already_compressed_or_media
data\train\archive (1)\FaceForensics++_C23\Face2Face\300_304.mp4,.mp4,912183,already_compressed_or_media
data\train\archive (1)\FaceForensics++_C23\Face2Face\301_262.mp4,.mp4,676017,already_compressed_or_media
data\train\archive (1)\FaceForensics++_C23\Face2Face\302_323.mp4,.mp4,775257,already_compressed_or_media
data\train\archive (1)\FaceForensics++_C23\Face2Face\303_309.mp4,.mp4,2600952,already_compressed_or_media
data\train\archive (1)\FaceForensics++_C23\Face2Face\304_300.mp4,.mp4,966715,already_compressed_or_media
data\train\archive (1)\FaceForensics++_C23\Face2Face\305_513.mp4,.mp4,1839266,already_compressed_or_media
data\train\archive (1)\FaceForensics++_C23\Face2Face\306_278.mp4,.mp4,582689,already_compressed_or_media
data\train\archive (1)\FaceForensics++_C23\Face2Face\307_365.mp4,.mp4,581428,already_compressed_or_media
data\train\archive (1)\FaceForensics++_C23\Face2Face\308_388.mp4,.mp4,1778858,already_compressed_or_media
data\train\archive (1)\FaceForensics++_C23\Face2Face\309_303.mp4,.mp4,1174410,already_compressed_or_media
data\train\archive (1)\FaceForensics++_C23\Face2Face\310_196.mp4,.mp4,2418377,already_compressed_or_media
data\train\archive (1)\FaceForensics++_C23\Face2Face\311_387.mp4,.mp4,1737427,already_compressed_or_media
data\train\archive (1)\FaceForensics++_C23\Face2Face\312_021.mp4,.mp4,1166962,already_compressed_or_media
data\train\archive (1)\FaceForensics++_C23\Face2Face\313_283.mp4,.mp4,1489095,already_compressed_or_media
data\train\archive (1)\FaceForensics++_C23\Face2Face\314_347.mp4,.mp4,989037,already_compressed_or_media
data\train\archive (1)\FaceForensics++_C23\Face2Face\315_322.mp4,.mp4,615505,already_compressed_or_media
data\train\archive (1)\FaceForensics++_C23\Face2Face\316_369.mp4,.mp4,396310,already_compressed_or_media
data\train\archive (1)\FaceForensics++_C23\Face2Face\317_359.mp4,.mp4,719652,already_compressed_or_media
data\train\archive (1)\FaceForensics++_C23\Face2Face\318_334.mp4,.mp4,2589423,already_compressed_or_media
data\train\archive (1)\FaceForensics++_C23\Face2Face\319_352.mp4,.mp4,813666,already_compressed_or_media
data\train\archive (1)\FaceForensics++_C23\Face2Face\320_328.mp4,.mp4,1669432,already_compressed_or_media
data\train\archive (1)\FaceForensics++_C23\Face2Face\321_288.mp4,.mp4,1183718,already_compressed_or_media
data\train\archive (1)\FaceForensics++_C23\Face2Face\322_315.mp4,.mp4,1096000,already_compressed_or_media
data\train\archive (1)\FaceForensics++_C23\Face2Face\323_302.mp4,.mp4,2410381,already_compressed_or_media
data\train\archive (1)\FaceForensics++_C23\Face2Face\324_356.mp4,.mp4,1196211,already_compressed_or_media
data\train\archive (1)\FaceForensics++_C23\Face2Face\325_492.mp4,.mp4,2686212,already_compressed_or_media
data\train\archive (1)\FaceForensics++_C23\Face2Face\326_501.mp4,.mp4,905106,already_compressed_or_media
data\train\archive (1)\FaceForensics++_C23\Face2Face\327_329.mp4,.mp4,528168,already_compressed_or_media
data\train\archive (1)\FaceForensics++_C23\Face2Face\328_320.mp4,.mp4,2377393,already_compressed_or_media
data\train\archive (1)\FaceForensics++_C23\Face2Face\329_327.mp4,.mp4,537204,already_compressed_or_media
data\train\archive (1)\FaceForensics++_C23\Face2Face\330_162.mp4,.mp4,3032858,already_compressed_or_media
data\train\archive (1)\FaceForensics++_C23\Face2Face\331_260.mp4,.mp4,1023919,already_compressed_or_media
data\train\archive (1)\FaceForensics++_C23\Face2Face\332_051.mp4,.mp4,5730367,already_compressed_or_media
data\train\archive (1)\FaceForensics++_C23\Face2Face\333_377.mp4,.mp4,1029160,already_compressed_or_media
data\train\archive (1)\FaceForensics++_C23\Face2Face\334_318.mp4,.mp4,1010474,already_compressed_or_media
data\train\archive (1)\FaceForensics++_C23\Face2Face\335_277.mp4,.mp4,3641677,already_compressed_or_media
data\train\archive (1)\FaceForensics++_C23\Face2Face\336_338.mp4,.mp4,1503415,already_compressed_or_media
data\train\archive (1)\FaceForensics++_C23\Face2Face\337_522.mp4,.mp4,1864398,already_compressed_or_media
data\train\archive (1)\FaceForensics++_C23\Face2Face\338_336.mp4,.mp4,1063189,already_compressed_or_media
data\train\archive (1)\FaceForensics++_C23\Face2Face\339_392.mp4,.mp4,2032898,already_compressed_or_media
data\train\archive (1)\FaceForensics++_C23\Face2Face\340_341.mp4,.mp4,6856010,already_compressed_or_media
data\train\archive (1)\FaceForensics++_C23\Face2Face\341_340.mp4,.mp4,2219843,already_compressed_or_media
data\train\archive (1)\FaceForensics++_C23\Face2Face\342_416.mp4,.mp4,1283530,already_compressed_or_media
data\train\archive (1)\FaceForensics++_C23\Face2Face\343_363.mp4,.mp4,586315,already_compressed_or_media
data\train\archive (1)\FaceForensics++_C23\Face2Face\344_020.mp4,.mp4,1900549,already_compressed_or_media
data\train\archive (1)\FaceForensics++_C23\Face2Face\345_259.mp4,.mp4,894994,already_compressed_or_media
data\train\archive (1)\FaceForensics++_C23\Face2Face\346_351.mp4,.mp4,765459,already_compressed_or_media
data\train\archive (1)\FaceForensics++_C23\Face2Face\347_314.mp4,.mp4,639392,already_compressed_or_media
data\train\archive (1)\FaceForensics++_C23\Face2Face\348_202.mp4,.mp4,413655,already_compressed_or_media
data\train\archive (1)\FaceForensics++_C23\Face2Face\349_350.mp4,.mp4,1432886,already_compressed_or_media
data\train\archive (1)\FaceForensics++_C23\Face2Face\350_349.mp4,.mp4,1160963,already_compressed_or_media
data\train\archive (1)\FaceForensics++_C23\Face2Face\351_346.mp4,.mp4,924930,already_compressed_or_media
data\train\archive (1)\FaceForensics++_C23\Face2Face\352_319.mp4,.mp4,2291798,already_compressed_or_media
data\train\archive (1)\FaceForensics++_C23\Face2Face\353_383.mp4,.mp4,2209066,already_compressed_or_media
data\train\archive (1)\FaceForensics++_C23\Face2Face\354_362.mp4,.mp4,1956580,already_compressed_or_media
data\train\archive (1)\FaceForensics++_C23\Face2Face\355_748.mp4,.mp4,3341952,already_compressed_or_media
data\train\archive (1)\FaceForensics++_C23\Face2Face\356_324.mp4,.mp4,6750782,already_compressed_or_media
data\train\archive (1)\FaceForensics++_C23\Face2Face\357_432.mp4,.mp4,494364,already_compressed_or_media
data\train\archive (1)\FaceForensics++_C23\Face2Face\358_380.mp4,.mp4,625049,already_compressed_or_media
data\train\archive (1)\FaceForensics++_C23\Face2Face\359_317.mp4,.mp4,1285122,already_compressed_or_media
data\train\archive (1)\FaceForensics++_C23\Face2Face\360_437.mp4,.mp4,3369066,already_compressed_or_media
data\train\archive (1)\FaceForensics++_C23\Face2Face\361_448.mp4,.mp4,3651342,already_compressed_or_media
data\train\archive (1)\FaceForensics++_C23\Face2Face\362_354.mp4,.mp4,1907096,already_compressed_or_media
data\train\archive (1)\FaceForensics++_C23\Face2Face\363_343.mp4,.mp4,625296,already_compressed_or_media
data\train\archive (1)\FaceForensics++_C23\Face2Face\364_440.mp4,.mp4,1335113,already_compressed_or_media
data\train\archive (1)\FaceForensics++_C23\Face2Face\365_307.mp4,.mp4,383337,already_compressed_or_media
data\train\archive (1)\FaceForensics++_C23\Face2Face\366_473.mp4,.mp4,1239918,already_compressed_or_media
data\train\archive (1)\FaceForensics++_C23\Face2Face\367_371.mp4,.mp4,1060168,already_compressed_or_media
data\train\archive (1)\FaceForensics++_C23\Face2Face\368_378.mp4,.mp4,1219202,already_compressed_or_media
data\train\archive (1)\FaceForensics++_C23\Face2Face\369_316.mp4,.mp4,1214651,already_compressed_or_media
data\train\archive (1)\FaceForensics++_C23\Face2Face\370_483.mp4,.mp4,3741372,already_compressed_or_media
data\train\archive (1)\FaceForensics++_C23\Face2Face\371_367.mp4,.mp4,1359398,already_compressed_or_media
data\train\archive (1)\FaceForensics++_C23\Face2Face\372_413.mp4,.mp4,774161,already_compressed_or_media
data\train\archive (1)\FaceForensics++_C23\Face2Face\373_394.mp4,.mp4,1809708,already_compressed_or_media
data\train\archive (1)\FaceForensics++_C23\Face2Face\374_407.mp4,.mp4,1386051,already_compressed_or_media
data\train\archive (1)\FaceForensics++_C23\Face2Face\375_251.mp4,.mp4,1830199,already_compressed_or_media
data\train\archive (1)\FaceForensics++_C23\Face2Face\376_381.mp4,.mp4,2022576,already_compressed_or_media
data\train\archive (1)\FaceForensics++_C23\Face2Face\377_333.mp4,.mp4,783500,already_compressed_or_media
data\train\archive (1)\FaceForensics++_C23\Face2Face\378_368.mp4,.mp4,3894309,already_compressed_or_media
data\train\archive (1)\FaceForensics++_C23\Face2Face\379_158.mp4,.mp4,1261397,already_compressed_or_media
data\train\archive (1)\FaceForensics++_C23\Face2Face\380_358.mp4,.mp4,740912,already_compressed_or_media
data\train\archive (1)\FaceForensics++_C23\Face2Face\381_376.mp4,.mp4,1405620,already_compressed_or_media
data\train\archive (1)\FaceForensics++_C23\Face2Face\382_409.mp4,.mp4,830715,already_compressed_or_media
data\train\archive (1)\FaceForensics++_C23\Face2Face\383_353.mp4,.mp4,2320814,already_compressed_or_media
data\train\archive (1)\FaceForensics++_C23\Face2Face\384_932.mp4,.mp4,3438126,already_compressed_or_media
data\train\archive (1)\FaceForensics++_C23\Face2Face\385_414.mp4,.mp4,2860461,already_compressed_or_media
data\train\archive (1)\FaceForensics++_C23\Face2Face\386_154.mp4,.mp4,4798533,already_compressed_or_media
data\train\archive (1)\FaceForensics++_C23\Face2Face\387_311.mp4,.mp4,846760,already_compressed_or_media
data\train\archive (1)\FaceForensics++_C23\Face2Face\388_308.mp4,.mp4,818359,already_compressed_or_media
data\train\archive (1)\FaceForensics++_C23\Face2Face\389_480.mp4,.mp4,4500214,already_compressed_or_media
data\train\archive (1)\FaceForensics++_C23\Face2Face\390_709.mp4,.mp4,2230552,already_compressed_or_media
data\train\archive (1)\FaceForensics++_C23\Face2Face\391_406.mp4,.mp4,673003,already_compressed_or_media
data\train\archive (1)\FaceForensics++_C23\Face2Face\392_339.mp4,.mp4,2363148,already_compressed_or_media
data\train\archive (1)\FaceForensics++_C23\Face2Face\393_405.mp4,.mp4,1101244,already_compressed_or_media
data\train\archive (1)\FaceForensics++_C23\Face2Face\394_373.mp4,.mp4,2115242,already_compressed_or_media
data\train\archive (1)\FaceForensics++_C23\Face2Face\395_401.mp4,.mp4,1360278,already_compressed_or_media
data\train\archive (1)\FaceForensics++_C23\Face2Face\396_272.mp4,.mp4,1062772,already_compressed_or_media
data\train\archive (1)\FaceForensics++_C23\Face2Face\397_602.mp4,.mp4,7147934,already_compressed_or_media
data\train\archive (1)\FaceForensics++_C23\Face2Face\398_457.mp4,.mp4,1180122,already_compressed_or_media
data\train\archive (1)\FaceForensics++_C23\Face2Face\399_488.mp4,.mp4,2181864,already_compressed_or_media
data\train\archive (1)\FaceForensics++_C23\Face2Face\400_476.mp4,.mp4,1382926,already_compressed_or_media
data\train\archive (1)\FaceForensics++_C23\Face2Face\401_395.mp4,.mp4,1858446,already_compressed_or_media
data\train\archive (1)\FaceForensics++_C23\Face2Face\402_453.mp4,.mp4,7645317,already_compressed_or_media
data\train\archive (1)\FaceForensics++_C23\Face2Face\403_497.mp4,.mp4,778748,already_compressed_or_media
data\train\archive (1)\FaceForensics++_C23\Face2Face\404_429.mp4,.mp4,3969687,already_compressed_or_media
data\train\archive (1)\FaceForensics++_C23\Face2Face\405_393.mp4,.mp4,1130745,already_compressed_or_media
data\train\archive (1)\FaceForensics++_C23\Face2Face\406_391.mp4,.mp4,1546741,already_compressed_or_media
data\train\archive (1)\FaceForensics++_C23\Face2Face\407_374.mp4,.mp4,1470907,already_compressed_or_media
data\train\archive (1)\FaceForensics++_C23\Face2Face\408_424.mp4,.mp4,1578912,already_compressed_or_media
data\train\archive (1)\FaceForensics++_C23\Face2Face\409_382.mp4,.mp4,456045,already_compressed_or_media
data\train\archive (1)\FaceForensics++_C23\Face2Face\410_411.mp4,.mp4,5725291,already_compressed_or_media
data\train\archive (1)\FaceForensics++_C23\Face2Face\411_410.mp4,.mp4,5900972,already_compressed_or_media
data\train\archive (1)\FaceForensics++_C23\Face2Face\412_274.mp4,.mp4,1432806,already_compressed_or_media
data\train\archive (1)\FaceForensics++_C23\Face2Face\413_372.mp4,.mp4,887827,already_compressed_or_media
data\train\archive (1)\FaceForensics++_C23\Face2Face\414_385.mp4,.mp4,3827204,already_compressed_or_media
data\train\archive (1)\FaceForensics++_C23\Face2Face\415_484.mp4,.mp4,403236,already_compressed_or_media
data\train\archive (1)\FaceForensics++_C23\Face2Face\416_342.mp4,.mp4,1660573,already_compressed_or_media
data\train\archive (1)\FaceForensics++_C23\Face2Face\417_496.mp4,.mp4,3975883,already_compressed_or_media
data\train\archive (1)\FaceForensics++_C23\Face2Face\418_507.mp4,.mp4,2547245,already_compressed_or_media
data\train\archive (1)\FaceForensics++_C23\Face2Face\419_824.mp4,.mp4,2441395,already_compressed_or_media
data\train\archive (1)\FaceForensics++_C23\Face2Face\420_257.mp4,.mp4,1250625,already_compressed_or_media
data\train\archive (1)\FaceForensics++_C23\Face2Face\421_423.mp4,.mp4,3140158,already_compressed_or_media
data\train\archive (1)\FaceForensics++_C23\Face2Face\422_695.mp4,.mp4,4731368,already_compressed_or_media
data\train\archive (1)\FaceForensics++_C23\Face2Face\423_421.mp4,.mp4,1950871,already_compressed_or_media
data\train\archive (1)\FaceForensics++_C23\Face2Face\424_408.mp4,.mp4,573316,already_compressed_or_media
data\train\archive (1)\FaceForensics++_C23\Face2Face\425_485.mp4,.mp4,1745437,already_compressed_or_media
data\train\archive (1)\FaceForensics++_C23\Face2Face\426_287.mp4,.mp4,6687012,already_compressed_or_media
data\train\archive (1)\FaceForensics++_C23\Face2Face\427_637.mp4,.mp4,844843,already_compressed_or_media
data\train\archive (1)\FaceForensics++_C23\Face2Face\428_466.mp4,.mp4,1115130,already_compressed_or_media
data\train\archive (1)\FaceForensics++_C23\Face2Face\429_404.mp4,.mp4,1937875,already_compressed_or_media
data\train\archive (1)\FaceForensics++_C23\Face2Face\430_459.mp4,.mp4,3901171,already_compressed_or_media
data\train\archive (1)\FaceForensics++_C23\Face2Face\431_447.mp4,.mp4,1084551,already_compressed_or_media
data\train\archive (1)\FaceForensics++_C23\Face2Face\432_357.mp4,.mp4,593204,already_compressed_or_media
data\train\archive (1)\FaceForensics++_C23\Face2Face\433_498.mp4,.mp4,1555168,already_compressed_or_media
data\train\archive (1)\FaceForensics++_C23\Face2Face\434_438.mp4,.mp4,798535,already_compressed_or_media
data\train\archive (1)\FaceForensics++_C23\Face2Face\435_456.mp4,.mp4,1282821,already_compressed_or_media
data\train\archive (1)\FaceForensics++_C23\Face2Face\436_526.mp4,.mp4,4256711,already_compressed_or_media
data\train\archive (1)\FaceForensics++_C23\Face2Face\437_360.mp4,.mp4,2810993,already_compressed_or_media
data\train\archive (1)\FaceForensics++_C23\Face2Face\438_434.mp4,.mp4,426549,already_compressed_or_media
data\train\archive (1)\FaceForensics++_C23\Face2Face\439_441.mp4,.mp4,595323,already_compressed_or_media
data\train\archive (1)\FaceForensics++_C23\Face2Face\440_364.mp4,.mp4,847070,already_compressed_or_media
data\train\archive (1)\FaceForensics++_C23\Face2Face\441_439.mp4,.mp4,1053642,already_compressed_or_media
data\train\archive (1)\FaceForensics++_C23\Face2Face\442_195.mp4,.mp4,3892632,already_compressed_or_media
data\train\archive (1)\FaceForensics++_C23\Face2Face\443_514.mp4,.mp4,510728,already_compressed_or_media
data\train\archive (1)\FaceForensics++_C23\Face2Face\444_655.mp4,.mp4,1274751,already_compressed_or_media
data\train\archive (1)\FaceForensics++_C23\Face2Face\445_494.mp4,.mp4,3014217,already_compressed_or_media
data\train\archive (1)\FaceForensics++_C23\Face2Face\446_667.mp4,.mp4,5111776,already_compressed_or_media
data\train\archive (1)\FaceForensics++_C23\Face2Face\447_431.mp4,.mp4,1113030,already_compressed_or_media
data\train\archive (1)\FaceForensics++_C23\Face2Face\448_361.mp4,.mp4,1888626,already_compressed_or_media
data\train\archive (1)\FaceForensics++_C23\Face2Face\449_451.mp4,.mp4,1884155,already_compressed_or_media
data\train\archive (1)\FaceForensics++_C23\Face2Face\450_533.mp4,.mp4,4923003,already_compressed_or_media
data\train\archive (1)\FaceForensics++_C23\Face2Face\451_449.mp4,.mp4,1203921,already_compressed_or_media
data\train\archive (1)\FaceForensics++_C23\Face2Face\452_550.mp4,.mp4,784372,already_compressed_or_media
data\train\archive (1)\FaceForensics++_C23\Face2Face\453_402.mp4,.mp4,1639932,already_compressed_or_media
data\train\archive (1)\FaceForensics++_C23\Face2Face\454_527.mp4,.mp4,998619,already_compressed_or_media
data\train\archive (1)\FaceForensics++_C23\Face2Face\455_471.mp4,.mp4,1987313,already_compressed_or_media
data\train\archive (1)\FaceForensics++_C23\Face2Face\456_435.mp4,.mp4,2728455,already_compressed_or_media
data\train\archive (1)\FaceForensics++_C23\Face2Face\457_398.mp4,.mp4,1382181,already_compressed_or_media
data\train\archive (1)\FaceForensics++_C23\Face2Face\458_722.mp4,.mp4,847924,already_compressed_or_media
data\train\archive (1)\FaceForensics++_C23\Face2Face\459_430.mp4,.mp4,3140827,already_compressed_or_media
data\train\archive (1)\FaceForensics++_C23\Face2Face\460_678.mp4,.mp4,1717587,already_compressed_or_media
data\train\archive (1)\FaceForensics++_C23\Face2Face\461_250.mp4,.mp4,2014640,already_compressed_or_media
data\train\archive (1)\FaceForensics++_C23\Face2Face\462_467.mp4,.mp4,751061,already_compressed_or_media
data\train\archive (1)\FaceForensics++_C23\Face2Face\463_464.mp4,.mp4,1022580,already_compressed_or_media
data\train\archive (1)\FaceForensics++_C23\Face2Face\464_463.mp4,.mp4,821007,already_compressed_or_media
data\train\archive (1)\FaceForensics++_C23\Face2Face\465_482.mp4,.mp4,1623433,already_compressed_or_media
data\train\archive (1)\FaceForensics++_C23\Face2Face\466_428.mp4,.mp4,2663267,already_compressed_or_media
data\train\archive (1)\FaceForensics++_C23\Face2Face\467_462.mp4,.mp4,1123157,already_compressed_or_media
data\train\archive (1)\FaceForensics++_C23\Face2Face\468_470.mp4,.mp4,1874131,already_compressed_or_media
data\train\archive (1)\FaceForensics++_C23\Face2Face\469_481.mp4,.mp4,918844,already_compressed_or_media
data\train\archive (1)\FaceForensics++_C23\Face2Face\470_468.mp4,.mp4,717232,already_compressed_or_media
data\train\archive (1)\FaceForensics++_C23\Face2Face\471_455.mp4,.mp4,635152,already_compressed_or_media
data\train\archive (1)\FaceForensics++_C23\Face2Face\472_511.mp4,.mp4,576724,already_compressed_or_media
data\train\archive (1)\FaceForensics++_C23\Face2Face\473_366.mp4,.mp4,658203,already_compressed_or_media
data\train\archive (1)\FaceForensics++_C23\Face2Face\474_281.mp4,.mp4,1355210,already_compressed_or_media
data\train\archive (1)\FaceForensics++_C23\Face2Face\475_265.mp4,.mp4,2416341,already_compressed_or_media
data\train\archive (1)\FaceForensics++_C23\Face2Face\476_400.mp4,.mp4,1358517,already_compressed_or_media
data\train\archive (1)\FaceForensics++_C23\Face2Face\477_487.mp4,.mp4,1299965,already_compressed_or_media
data\train\archive (1)\FaceForensics++_C23\Face2Face\478_506.mp4,.mp4,818577,already_compressed_or_media
data\train\archive (1)\FaceForensics++_C23\Face2Face\479_706.mp4,.mp4,2932821,already_compressed_or_media
data\train\archive (1)\FaceForensics++_C23\Face2Face\480_389.mp4,.mp4,1550734,already_compressed_or_media
data\train\archive (1)\FaceForensics++_C23\Face2Face\481_469.mp4,.mp4,2625252,already_compressed_or_media
data\train\archive (1)\FaceForensics++_C23\Face2Face\482_465.mp4,.mp4,1059413,already_compressed_or_media
data\train\archive (1)\FaceForensics++_C23\Face2Face\483_370.mp4,.mp4,1226952,already_compressed_or_media
data\train\archive (1)\FaceForensics++_C23\Face2Face\484_415.mp4,.mp4,677088,already_compressed_or_media
data\train\archive (1)\FaceForensics++_C23\Face2Face\485_425.mp4,.mp4,695679,already_compressed_or_media
data\train\archive (1)\FaceForensics++_C23\Face2Face\486_680.mp4,.mp4,487636,already_compressed_or_media
data\train\archive (1)\FaceForensics++_C23\Face2Face\487_477.mp4,.mp4,2015371,already_compressed_or_media
data\train\archive (1)\FaceForensics++_C23\Face2Face\488_399.mp4,.mp4,1655226,already_compressed_or_media
data\train\archive (1)\FaceForensics++_C23\Face2Face\489_022.mp4,.mp4,1814422,already_compressed_or_media
data\train\archive (1)\FaceForensics++_C23\Face2Face\490_534.mp4,.mp4,3429010,already_compressed_or_media
data\train\archive (1)\FaceForensics++_C23\Face2Face\491_226.mp4,.mp4,3440167,already_compressed_or_media
data\train\archive (1)\FaceForensics++_C23\Face2Face\492_325.mp4,.mp4,5779147,already_compressed_or_media
data\train\archive (1)\FaceForensics++_C23\Face2Face\493_538.mp4,.mp4,1529865,already_compressed_or_media
data\train\archive (1)\FaceForensics++_C23\Face2Face\494_445.mp4,.mp4,4617019,already_compressed_or_media
data\train\archive (1)\FaceForensics++_C23\Face2Face\495_512.mp4,.mp4,1480324,already_compressed_or_media
data\train\archive (1)\FaceForensics++_C23\Face2Face\496_417.mp4,.mp4,1249290,already_compressed_or_media
data\train\archive (1)\FaceForensics++_C23\Face2Face\497_403.mp4,.mp4,1570441,already_compressed_or_media
data\train\archive (1)\FaceForensics++_C23\Face2Face\498_433.mp4,.mp4,1522642,already_compressed_or_media
data\train\archive (1)\FaceForensics++_C23\Face2Face\499_539.mp4,.mp4,1571625,already_compressed_or_media
data\train\archive (1)\FaceForensics++_C23\Face2Face\500_592.mp4,.mp4,3629531,already_compressed_or_media
data\train\archive (1)\FaceForensics++_C23\Face2Face\501_326.mp4,.mp4,1248319,already_compressed_or_media
data\train\archive (1)\FaceForensics++_C23\Face2Face\502_504.mp4,.mp4,1747866,already_compressed_or_media
data\train\archive (1)\FaceForensics++_C23\Face2Face\503_756.mp4,.mp4,781151,already_compressed_or_media
data\train\archive (1)\FaceForensics++_C23\Face2Face\504_502.mp4,.mp4,1054876,already_compressed_or_media
data\train\archive (1)\FaceForensics++_C23\Face2Face\505_600.mp4,.mp4,350527,already_compressed_or_media
data\train\archive (1)\FaceForensics++_C23\Face2Face\506_478.mp4,.mp4,1453558,already_compressed_or_media
data\train\archive (1)\FaceForensics++_C23\Face2Face\507_418.mp4,.mp4,5171198,already_compressed_or_media
data\train\archive (1)\FaceForensics++_C23\Face2Face\508_831.mp4,.mp4,2486299,already_compressed_or_media
data\train\archive (1)\FaceForensics++_C23\Face2Face\509_525.mp4,.mp4,1899278,already_compressed_or_media
data\train\archive (1)\FaceForensics++_C23\Face2Face\510_528.mp4,.mp4,1653893,already_compressed_or_media
data\train\archive (1)\FaceForensics++_C23\Face2Face\511_472.mp4,.mp4,878091,already_compressed_or_media
data\train\archive (1)\FaceForensics++_C23\Face2Face\512_495.mp4,.mp4,1194786,already_compressed_or_media
data\train\archive (1)\FaceForensics++_C23\Face2Face\513_305.mp4,.mp4,4902791,already_compressed_or_media
data\train\archive (1)\FaceForensics++_C23\Face2Face\514_443.mp4,.mp4,2648862,already_compressed_or_media
data\train\archive (1)\FaceForensics++_C23\Face2Face\515_519.mp4,.mp4,1919560,already_compressed_or_media
data\train\archive (1)\FaceForensics++_C23\Face2Face\516_555.mp4,.mp4,5183898,already_compressed_or_media
data\train\archive (1)\FaceForensics++_C23\Face2Face\517_521.mp4,.mp4,535548,already_compressed_or_media
data\train\archive (1)\FaceForensics++_C23\Face2Face\518_131.mp4,.mp4,783319,already_compressed_or_media
data\train\archive (1)\FaceForensics++_C23\Face2Face\519_515.mp4,.mp4,2363619,already_compressed_or_media
data\train\archive (1)\FaceForensics++_C23\Face2Face\520_542.mp4,.mp4,1411230,already_compressed_or_media
data\train\archive (1)\FaceForensics++_C23\Face2Face\521_517.mp4,.mp4,753646,already_compressed_or_media
data\train\archive (1)\FaceForensics++_C23\Face2Face\522_337.mp4,.mp4,508934,already_compressed_or_media
data\train\archive (1)\FaceForensics++_C23\Face2Face\523_541.mp4,.mp4,905487,already_compressed_or_media
data\train\archive (1)\FaceForensics++_C23\Face2Face\524_580.mp4,.mp4,503240,already_compressed_or_media
data\train\archive (1)\FaceForensics++_C23\Face2Face\525_509.mp4,.mp4,652873,already_compressed_or_media
data\train\archive (1)\FaceForensics++_C23\Face2Face\526_436.mp4,.mp4,1933121,already_compressed_or_media
data\train\archive (1)\FaceForensics++_C23\Face2Face\527_454.mp4,.mp4,972770,already_compressed_or_media
data\train\archive (1)\FaceForensics++_C23\Face2Face\528_510.mp4,.mp4,1180161,already_compressed_or_media
data\train\archive (1)\FaceForensics++_C23\Face2Face\529_633.mp4,.mp4,4983974,already_compressed_or_media
data\train\archive (1)\FaceForensics++_C23\Face2Face\530_594.mp4,.mp4,1640206,already_compressed_or_media
data\train\archive (1)\FaceForensics++_C23\Face2Face\531_549.mp4,.mp4,1660209,already_compressed_or_media
data\train\archive (1)\FaceForensics++_C23\Face2Face\532_544.mp4,.mp4,1170158,already_compressed_or_media
data\train\archive (1)\FaceForensics++_C23\Face2Face\533_450.mp4,.mp4,5171169,already_compressed_or_media
data\train\archive (1)\FaceForensics++_C23\Face2Face\534_490.mp4,.mp4,2801847,already_compressed_or_media
data\train\archive (1)\FaceForensics++_C23\Face2Face\535_587.mp4,.mp4,847103,already_compressed_or_media
data\train\archive (1)\FaceForensics++_C23\Face2Face\536_540.mp4,.mp4,3331305,already_compressed_or_media
data\train\archive (1)\FaceForensics++_C23\Face2Face\537_563.mp4,.mp4,2094856,already_compressed_or_media
data\train\archive (1)\FaceForensics++_C23\Face2Face\538_493.mp4,.mp4,757709,already_compressed_or_media
data\train\archive (1)\FaceForensics++_C23\Face2Face\539_499.mp4,.mp4,712217,already_compressed_or_media
data\train\archive (1)\FaceForensics++_C23\Face2Face\540_536.mp4,.mp4,1681392,already_compressed_or_media
data\train\archive (1)\FaceForensics++_C23\Face2Face\541_523.mp4,.mp4,407400,already_compressed_or_media
data\train\archive (1)\FaceForensics++_C23\Face2Face\542_520.mp4,.mp4,1298148,already_compressed_or_media
data\train\archive (1)\FaceForensics++_C23\Face2Face\543_559.mp4,.mp4,624020,already_compressed_or_media
data\train\archive (1)\FaceForensics++_C23\Face2Face\544_532.mp4,.mp4,1786226,already_compressed_or_media
data\train\archive (1)\FaceForensics++_C23\Face2Face\545_553.mp4,.mp4,846872,already_compressed_or_media
data\train\archive (1)\FaceForensics++_C23\Face2Face\546_621.mp4,.mp4,588397,already_compressed_or_media
data\train\archive (1)\FaceForensics++_C23\Face2Face\547_574.mp4,.mp4,3975688,already_compressed_or_media
data\train\archive (1)\FaceForensics++_C23\Face2Face\548_632.mp4,.mp4,1921585,already_compressed_or_media
data\train\archive (1)\FaceForensics++_C23\Face2Face\549_531.mp4,.mp4,7242963,already_compressed_or_media
data\train\archive (1)\FaceForensics++_C23\Face2Face\550_452.mp4,.mp4,856646,already_compressed_or_media
data\train\archive (1)\FaceForensics++_C23\Face2Face\551_631.mp4,.mp4,3036340,already_compressed_or_media
data\train\archive (1)\FaceForensics++_C23\Face2Face\552_851.mp4,.mp4,3586098,already_compressed_or_media
data\train\archive (1)\FaceForensics++_C23\Face2Face\553_545.mp4,.mp4,637050,already_compressed_or_media
data\train\archive (1)\FaceForensics++_C23\Face2Face\554_572.mp4,.mp4,1156225,already_compressed_or_media
data\train\archive (1)\FaceForensics++_C23\Face2Face\555_516.mp4,.mp4,4400788,already_compressed_or_media
data\train\archive (1)\FaceForensics++_C23\Face2Face\556_588.mp4,.mp4,779057,already_compressed_or_media
data\train\archive (1)\FaceForensics++_C23\Face2Face\557_560.mp4,.mp4,600289,already_compressed_or_media
data\train\archive (1)\FaceForensics++_C23\Face2Face\558_583.mp4,.mp4,3038189,already_compressed_or_media
data\train\archive (1)\FaceForensics++_C23\Face2Face\559_543.mp4,.mp4,4961632,already_compressed_or_media
data\train\archive (1)\FaceForensics++_C23\Face2Face\560_557.mp4,.mp4,606495,already_compressed_or_media
data\train\archive (1)\FaceForensics++_C23\Face2Face\561_998.mp4,.mp4,2653399,already_compressed_or_media
data\train\archive (1)\FaceForensics++_C23\Face2Face\562_626.mp4,.mp4,6594492,already_compressed_or_media
data\train\archive (1)\FaceForensics++_C23\Face2Face\563_537.mp4,.mp4,614646,already_compressed_or_media
data\train\archive (1)\FaceForensics++_C23\Face2Face\564_971.mp4,.mp4,2277763,already_compressed_or_media
data\train\archive (1)\FaceForensics++_C23\Face2Face\565_589.mp4,.mp4,1359871,already_compressed_or_media
data\train\archive (1)\FaceForensics++_C23\Face2Face\566_617.mp4,.mp4,1470177,already_compressed_or_media
data\train\archive (1)\FaceForensics++_C23\Face2Face\567_606.mp4,.mp4,716946,already_compressed_or_media
data\train\archive (1)\FaceForensics++_C23\Face2Face\568_628.mp4,.mp4,1569529,already_compressed_or_media
data\train\archive (1)\FaceForensics++_C23\Face2Face\569_921.mp4,.mp4,2854991,already_compressed_or_media
data\train\archive (1)\FaceForensics++_C23\Face2Face\570_624.mp4,.mp4,1548543,already_compressed_or_media
data\train\archive (1)\FaceForensics++_C23\Face2Face\571_746.mp4,.mp4,2603365,already_compressed_or_media
data\train\archive (1)\FaceForensics++_C23\Face2Face\572_554.mp4,.mp4,3462889,already_compressed_or_media
data\train\archive (1)\FaceForensics++_C23\Face2Face\573_757.mp4,.mp4,2195382,already_compressed_or_media
data\train\archive (1)\FaceForensics++_C23\Face2Face\574_547.mp4,.mp4,903310,already_compressed_or_media
data\train\archive (1)\FaceForensics++_C23\Face2Face\575_603.mp4,.mp4,1808147,already_compressed_or_media
data\train\archive (1)\FaceForensics++_C23\Face2Face\576_155.mp4,.mp4,5455342,already_compressed_or_media
data\train\archive (1)\FaceForensics++_C23\Face2Face\577_593.mp4,.mp4,3751940,already_compressed_or_media
data\train\archive (1)\FaceForensics++_C23\Face2Face\578_636.mp4,.mp4,1094601,already_compressed_or_media
data\train\archive (1)\FaceForensics++_C23\Face2Face\579_701.mp4,.mp4,2869508,already_compressed_or_media
data\train\archive (1)\FaceForensics++_C23\Face2Face\580_524.mp4,.mp4,1967338,already_compressed_or_media
data\train\archive (1)\FaceForensics++_C23\Face2Face\581_697.mp4,.mp4,5575702,already_compressed_or_media
data\train\archive (1)\FaceForensics++_C23\Face2Face\582_172.mp4,.mp4,3271972,already_compressed_or_media
data\train\archive (1)\FaceForensics++_C23\Face2Face\583_558.mp4,.mp4,1959666,already_compressed_or_media
data\train\archive (1)\FaceForensics++_C23\Face2Face\584_823.mp4,.mp4,2796176,already_compressed_or_media
data\train\archive (1)\FaceForensics++_C23\Face2Face\585_599.mp4,.mp4,1768211,already_compressed_or_media
data\train\archive (1)\FaceForensics++_C23\Face2Face\586_223.mp4,.mp4,3214812,already_compressed_or_media
data\train\archive (1)\FaceForensics++_C23\Face2Face\587_535.mp4,.mp4,987841,already_compressed_or_media
data\train\archive (1)\FaceForensics++_C23\Face2Face\588_556.mp4,.mp4,644485,already_compressed_or_media
data\train\archive (1)\FaceForensics++_C23\Face2Face\589_565.mp4,.mp4,965094,already_compressed_or_media
data\train\archive (1)\FaceForensics++_C23\Face2Face\590_034.mp4,.mp4,4439055,already_compressed_or_media
data\train\archive (1)\FaceForensics++_C23\Face2Face\591_605.mp4,.mp4,3412007,already_compressed_or_media
data\train\archive (1)\FaceForensics++_C23\Face2Face\592_500.mp4,.mp4,410157,already_compressed_or_media
data\train\archive (1)\FaceForensics++_C23\Face2Face\593_577.mp4,.mp4,2684859,already_compressed_or_media
data\train\archive (1)\FaceForensics++_C23\Face2Face\594_530.mp4,.mp4,2688852,already_compressed_or_media
data\train\archive (1)\FaceForensics++_C23\Face2Face\595_597.mp4,.mp4,1119367,already_compressed_or_media
data\train\archive (1)\FaceForensics++_C23\Face2Face\596_609.mp4,.mp4,978296,already_compressed_or_media
data\train\archive (1)\FaceForensics++_C23\Face2Face\597_595.mp4,.mp4,943682,already_compressed_or_media
data\train\archive (1)\FaceForensics++_C23\Face2Face\598_178.mp4,.mp4,514315,already_compressed_or_media
data\train\archive (1)\FaceForensics++_C23\Face2Face\599_585.mp4,.mp4,1864792,already_compressed_or_media
data\train\archive (1)\FaceForensics++_C23\Face2Face\600_505.mp4,.mp4,1369724,already_compressed_or_media
data\train\archive (1)\FaceForensics++_C23\Face2Face\601_653.mp4,.mp4,1023489,already_compressed_or_media
data\train\archive (1)\FaceForensics++_C23\Face2Face\602_397.mp4,.mp4,3441335,already_compressed_or_media
data\train\archive (1)\FaceForensics++_C23\Face2Face\603_575.mp4,.mp4,2603781,already_compressed_or_media
data\train\archive (1)\FaceForensics++_C23\Face2Face\604_703.mp4,.mp4,1194032,already_compressed_or_media
data\train\archive (1)\FaceForensics++_C23\Face2Face\605_591.mp4,.mp4,892938,already_compressed_or_media
data\train\archive (1)\FaceForensics++_C23\Face2Face\606_567.mp4,.mp4,506421,already_compressed_or_media
data\train\archive (1)\FaceForensics++_C23\Face2Face\607_683.mp4,.mp4,2647071,already_compressed_or_media
data\train\archive (1)\FaceForensics++_C23\Face2Face\608_675.mp4,.mp4,621923,already_compressed_or_media
data\train\archive (1)\FaceForensics++_C23\Face2Face\609_596.mp4,.mp4,1769260,already_compressed_or_media
data\train\archive (1)\FaceForensics++_C23\Face2Face\610_692.mp4,.mp4,1800127,already_compressed_or_media
data\train\archive (1)\FaceForensics++_C23\Face2Face\611_760.mp4,.mp4,397408,already_compressed_or_media
data\train\archive (1)\FaceForensics++_C23\Face2Face\612_702.mp4,.mp4,3811651,already_compressed_or_media
data\train\archive (1)\FaceForensics++_C23\Face2Face\613_685.mp4,.mp4,1517932,already_compressed_or_media
data\train\archive (1)\FaceForensics++_C23\Face2Face\614_616.mp4,.mp4,2726445,already_compressed_or_media
data\train\archive (1)\FaceForensics++_C23\Face2Face\615_687.mp4,.mp4,1863505,already_compressed_or_media
data\train\archive (1)\FaceForensics++_C23\Face2Face\616_614.mp4,.mp4,1182309,already_compressed_or_media
data\train\archive (1)\FaceForensics++_C23\Face2Face\617_566.mp4,.mp4,1361618,already_compressed_or_media
data\train\archive (1)\FaceForensics++_C23\Face2Face\618_629.mp4,.mp4,5714712,already_compressed_or_media
data\train\archive (1)\FaceForensics++_C23\Face2Face\619_620.mp4,.mp4,2083612,already_compressed_or_media
data\train\archive (1)\FaceForensics++_C23\Face2Face\620_619.mp4,.mp4,2378674,already_compressed_or_media
data\train\archive (1)\FaceForensics++_C23\Face2Face\621_546.mp4,.mp4,3324790,already_compressed_or_media
data\train\archive (1)\FaceForensics++_C23\Face2Face\622_647.mp4,.mp4,2095996,already_compressed_or_media
data\train\archive (1)\FaceForensics++_C23\Face2Face\623_630.mp4,.mp4,796943,already_compressed_or_media
data\train\archive (1)\FaceForensics++_C23\Face2Face\624_570.mp4,.mp4,1721231,already_compressed_or_media
data\train\archive (1)\FaceForensics++_C23\Face2Face\625_650.mp4,.mp4,1305858,already_compressed_or_media
data\train\archive (1)\FaceForensics++_C23\Face2Face\626_562.mp4,.mp4,923723,already_compressed_or_media
data\train\archive (1)\FaceForensics++_C23\Face2Face\627_658.mp4,.mp4,926826,already_compressed_or_media
data\train\archive (1)\FaceForensics++_C23\Face2Face\628_568.mp4,.mp4,868530,already_compressed_or_media
data\train\archive (1)\FaceForensics++_C23\Face2Face\629_618.mp4,.mp4,1537897,already_compressed_or_media
data\train\archive (1)\FaceForensics++_C23\Face2Face\630_623.mp4,.mp4,1158273,already_compressed_or_media
data\train\archive (1)\FaceForensics++_C23\Face2Face\631_551.mp4,.mp4,1860287,already_compressed_or_media
data\train\archive (1)\FaceForensics++_C23\Face2Face\632_548.mp4,.mp4,5582520,already_compressed_or_media
data\train\archive (1)\FaceForensics++_C23\Face2Face\633_529.mp4,.mp4,1495533,already_compressed_or_media
data\train\archive (1)\FaceForensics++_C23\Face2Face\634_660.mp4,.mp4,1517791,already_compressed_or_media
data\train\archive (1)\FaceForensics++_C23\Face2Face\635_642.mp4,.mp4,1206501,already_compressed_or_media
data\train\archive (1)\FaceForensics++_C23\Face2Face\636_578.mp4,.mp4,965331,already_compressed_or_media
data\train\archive (1)\FaceForensics++_C23\Face2Face\637_427.mp4,.mp4,1148180,already_compressed_or_media
data\train\archive (1)\FaceForensics++_C23\Face2Face\638_640.mp4,.mp4,1319529,already_compressed_or_media
data\train\archive (1)\FaceForensics++_C23\Face2Face\639_841.mp4,.mp4,2116781,already_compressed_or_media
data\train\archive (1)\FaceForensics++_C23\Face2Face\640_638.mp4,.mp4,3050639,already_compressed_or_media
data\train\archive (1)\FaceForensics++_C23\Face2Face\641_662.mp4,.mp4,3529448,already_compressed_or_media
data\train\archive (1)\FaceForensics++_C23\Face2Face\642_635.mp4,.mp4,2139398,already_compressed_or_media
data\train\archive (1)\FaceForensics++_C23\Face2Face\643_646.mp4,.mp4,1766963,already_compressed_or_media
data\train\archive (1)\FaceForensics++_C23\Face2Face\644_657.mp4,.mp4,1237365,already_compressed_or_media
data\train\archive (1)\FaceForensics++_C23\Face2Face\645_688.mp4,.mp4,6804372,already_compressed_or_media
data\train\archive (1)\FaceForensics++_C23\Face2Face\646_643.mp4,.mp4,490785,already_compressed_or_media
data\train\archive (1)\FaceForensics++_C23\Face2Face\647_622.mp4,.mp4,2678199,already_compressed_or_media
data\train\archive (1)\FaceForensics++_C23\Face2Face\648_654.mp4,.mp4,1217278,already_compressed_or_media
data\train\archive (1)\FaceForensics++_C23\Face2Face\649_816.mp4,.mp4,1523891,already_compressed_or_media
data\train\archive (1)\FaceForensics++_C23\Face2Face\650_625.mp4,.mp4,434769,already_compressed_or_media
data\train\archive (1)\FaceForensics++_C23\Face2Face\651_835.mp4,.mp4,2730767,already_compressed_or_media
data\train\archive (1)\FaceForensics++_C23\Face2Face\652_773.mp4,.mp4,2429792,already_compressed_or_media
data\train\archive (1)\FaceForensics++_C23\Face2Face\653_601.mp4,.mp4,707362,already_compressed_or_media
data\train\archive (1)\FaceForensics++_C23\Face2Face\654_648.mp4,.mp4,870379,already_compressed_or_media
data\train\archive (1)\FaceForensics++_C23\Face2Face\655_444.mp4,.mp4,1204709,already_compressed_or_media
data\train\archive (1)\FaceForensics++_C23\Face2Face\656_666.mp4,.mp4,556445,already_compressed_or_media
data\train\archive (1)\FaceForensics++_C23\Face2Face\657_644.mp4,.mp4,1217915,already_compressed_or_media
data\train\archive (1)\FaceForensics++_C23\Face2Face\658_627.mp4,.mp4,575242,already_compressed_or_media
data\train\archive (1)\FaceForensics++_C23\Face2Face\659_749.mp4,.mp4,1048913,already_compressed_or_media
data\train\archive (1)\FaceForensics++_C23\Face2Face\660_634.mp4,.mp4,3911409,already_compressed_or_media
data\train\archive (1)\FaceForensics++_C23\Face2Face\661_670.mp4,.mp4,3041196,already_compressed_or_media
data\train\archive (1)\FaceForensics++_C23\Face2Face\662_641.mp4,.mp4,2211239,already_compressed_or_media
data\train\archive (1)\FaceForensics++_C23\Face2Face\663_231.mp4,.mp4,935667,already_compressed_or_media
data\train\archive (1)\FaceForensics++_C23\Face2Face\664_668.mp4,.mp4,1658587,already_compressed_or_media
data\train\archive (1)\FaceForensics++_C23\Face2Face\665_679.mp4,.mp4,430558,already_compressed_or_media
data\train\archive (1)\FaceForensics++_C23\Face2Face\666_656.mp4,.mp4,803539,already_compressed_or_media
data\train\archive (1)\FaceForensics++_C23\Face2Face\667_446.mp4,.mp4,6118268,already_compressed_or_media
data\train\archive (1)\FaceForensics++_C23\Face2Face\668_664.mp4,.mp4,717632,already_compressed_or_media
data\train\archive (1)\FaceForensics++_C23\Face2Face\669_682.mp4,.mp4,810049,already_compressed_or_media
data\train\archive (1)\FaceForensics++_C23\Face2Face\670_661.mp4,.mp4,973221,already_compressed_or_media
data\train\archive (1)\FaceForensics++_C23\Face2Face\671_677.mp4,.mp4,1513711,already_compressed_or_media
data\train\archive (1)\FaceForensics++_C23\Face2Face\672_720.mp4,.mp4,1922173,already_compressed_or_media
data\train\archive (1)\FaceForensics++_C23\Face2Face\673_728.mp4,.mp4,1100067,already_compressed_or_media
data\train\archive (1)\FaceForensics++_C23\Face2Face\674_744.mp4,.mp4,718939,already_compressed_or_media
data\train\archive (1)\FaceForensics++_C23\Face2Face\675_608.mp4,.mp4,3507677,already_compressed_or_media
data\train\archive (1)\FaceForensics++_C23\Face2Face\676_776.mp4,.mp4,1333919,already_compressed_or_media
data\train\archive (1)\FaceForensics++_C23\Face2Face\677_671.mp4,.mp4,1833365,already_compressed_or_media
data\train\archive (1)\FaceForensics++_C23\Face2Face\678_460.mp4,.mp4,7562924,already_compressed_or_media
data\train\archive (1)\FaceForensics++_C23\Face2Face\679_665.mp4,.mp4,507319,already_compressed_or_media
data\train\archive (1)\FaceForensics++_C23\Face2Face\680_486.mp4,.mp4,899938,already_compressed_or_media
data\train\archive (1)\FaceForensics++_C23\Face2Face\681_711.mp4,.mp4,1178022,already_compressed_or_media
data\train\archive (1)\FaceForensics++_C23\Face2Face\682_669.mp4,.mp4,737773,already_compressed_or_media
data\train\archive (1)\FaceForensics++_C23\Face2Face\683_607.mp4,.mp4,3481669,already_compressed_or_media
data\train\archive (1)\FaceForensics++_C23\Face2Face\684_717.mp4,.mp4,3453588,already_compressed_or_media
data\train\archive (1)\FaceForensics++_C23\Face2Face\685_613.mp4,.mp4,1615772,already_compressed_or_media
data\train\archive (1)\FaceForensics++_C23\Face2Face\686_696.mp4,.mp4,1264633,already_compressed_or_media
data\train\archive (1)\FaceForensics++_C23\Face2Face\687_615.mp4,.mp4,1477903,already_compressed_or_media
data\train\archive (1)\FaceForensics++_C23\Face2Face\688_645.mp4,.mp4,2969480,already_compressed_or_media
data\train\archive (1)\FaceForensics++_C23\Face2Face\689_690.mp4,.mp4,582758,already_compressed_or_media
data\train\archive (1)\FaceForensics++_C23\Face2Face\690_689.mp4,.mp4,914415,already_compressed_or_media
data\train\archive (1)\FaceForensics++_C23\Face2Face\691_732.mp4,.mp4,1531574,already_compressed_or_media
data\train\archive (1)\FaceForensics++_C23\Face2Face\692_610.mp4,.mp4,2746894,already_compressed_or_media
data\train\archive (1)\FaceForensics++_C23\Face2Face\693_698.mp4,.mp4,826683,already_compressed_or_media
data\train\archive (1)\FaceForensics++_C23\Face2Face\694_767.mp4,.mp4,1099471,already_compressed_or_media
data\train\archive (1)\FaceForensics++_C23\Face2Face\695_422.mp4,.mp4,2871669,already_compressed_or_media
data\train\archive (1)\FaceForensics++_C23\Face2Face\696_686.mp4,.mp4,619673,already_compressed_or_media
data\train\archive (1)\FaceForensics++_C23\Face2Face\697_581.mp4,.mp4,1811236,already_compressed_or_media
data\train\archive (1)\FaceForensics++_C23\Face2Face\698_693.mp4,.mp4,833804,already_compressed_or_media
data\train\archive (1)\FaceForensics++_C23\Face2Face\699_734.mp4,.mp4,1311486,already_compressed_or_media
data\train\archive (1)\FaceForensics++_C23\Face2Face\700_813.mp4,.mp4,1524785,already_compressed_or_media
data\train\archive (1)\FaceForensics++_C23\Face2Face\701_579.mp4,.mp4,3744181,already_compressed_or_media
data\train\archive (1)\FaceForensics++_C23\Face2Face\702_612.mp4,.mp4,2632916,already_compressed_or_media
data\train\archive (1)\FaceForensics++_C23\Face2Face\703_604.mp4,.mp4,3237914,already_compressed_or_media
data\train\archive (1)\FaceForensics++_C23\Face2Face\704_723.mp4,.mp4,1088602,already_compressed_or_media
data\train\archive (1)\FaceForensics++_C23\Face2Face\705_707.mp4,.mp4,1419516,already_compressed_or_media
data\train\archive (1)\FaceForensics++_C23\Face2Face\706_479.mp4,.mp4,4296532,already_compressed_or_media
data\train\archive (1)\FaceForensics++_C23\Face2Face\707_705.mp4,.mp4,1118913,already_compressed_or_media
data\train\archive (1)\FaceForensics++_C23\Face2Face\708_772.mp4,.mp4,3012556,already_compressed_or_media
data\train\archive (1)\FaceForensics++_C23\Face2Face\709_390.mp4,.mp4,12328114,already_compressed_or_media
data\train\archive (1)\FaceForensics++_C23\Face2Face\710_788.mp4,.mp4,1264222,already_compressed_or_media
data\train\archive (1)\FaceForensics++_C23\Face2Face\711_681.mp4,.mp4,6829136,already_compressed_or_media
data\train\archive (1)\FaceForensics++_C23\Face2Face\712_716.mp4,.mp4,2311846,already_compressed_or_media
data\train\archive (1)\FaceForensics++_C23\Face2Face\713_726.mp4,.mp4,5537042,already_compressed_or_media
data\train\archive (1)\FaceForensics++_C23\Face2Face\714_842.mp4,.mp4,2131836,already_compressed_or_media
data\train\archive (1)\FaceForensics++_C23\Face2Face\715_721.mp4,.mp4,831176,already_compressed_or_media
data\train\archive (1)\FaceForensics++_C23\Face2Face\716_712.mp4,.mp4,1258536,already_compressed_or_media
data\train\archive (1)\FaceForensics++_C23\Face2Face\717_684.mp4,.mp4,2100432,already_compressed_or_media
data\train\archive (1)\FaceForensics++_C23\Face2Face\718_972.mp4,.mp4,3294035,already_compressed_or_media
data\train\archive (1)\FaceForensics++_C23\Face2Face\719_737.mp4,.mp4,425346,already_compressed_or_media
data\train\archive (1)\FaceForensics++_C23\Face2Face\720_672.mp4,.mp4,882482,already_compressed_or_media
data\train\archive (1)\FaceForensics++_C23\Face2Face\721_715.mp4,.mp4,1500503,already_compressed_or_media
data\train\archive (1)\FaceForensics++_C23\Face2Face\722_458.mp4,.mp4,3984404,already_compressed_or_media
data\train\archive (1)\FaceForensics++_C23\Face2Face\723_704.mp4,.mp4,773645,already_compressed_or_media
data\train\archive (1)\FaceForensics++_C23\Face2Face\724_725.mp4,.mp4,11040620,already_compressed_or_media
data\train\archive (1)\FaceForensics++_C23\Face2Face\725_724.mp4,.mp4,2821236,already_compressed_or_media
data\train\archive (1)\FaceForensics++_C23\Face2Face\726_713.mp4,.mp4,5944123,already_compressed_or_media
data\train\archive (1)\FaceForensics++_C23\Face2Face\727_729.mp4,.mp4,1006795,already_compressed_or_media
data\train\archive (1)\FaceForensics++_C23\Face2Face\728_673.mp4,.mp4,993908,already_compressed_or_media
data\train\archive (1)\FaceForensics++_C23\Face2Face\729_727.mp4,.mp4,958170,already_compressed_or_media
data\train\archive (1)\FaceForensics++_C23\Face2Face\730_815.mp4,.mp4,1734188,already_compressed_or_media
data\train\archive (1)\FaceForensics++_C23\Face2Face\731_741.mp4,.mp4,586629,already_compressed_or_media
data\train\archive (1)\FaceForensics++_C23\Face2Face\732_691.mp4,.mp4,1311562,already_compressed_or_media
data\train\archive (1)\FaceForensics++_C23\Face2Face\733_935.mp4,.mp4,2447161,already_compressed_or_media
data\train\archive (1)\FaceForensics++_C23\Face2Face\734_699.mp4,.mp4,917761,already_compressed_or_media
data\train\archive (1)\FaceForensics++_C23\Face2Face\735_774.mp4,.mp4,603087,already_compressed_or_media
data\train\archive (1)\FaceForensics++_C23\Face2Face\736_785.mp4,.mp4,947079,already_compressed_or_media
data\train\archive (1)\FaceForensics++_C23\Face2Face\737_719.mp4,.mp4,1275355,already_compressed_or_media
data\train\archive (1)\FaceForensics++_C23\Face2Face\738_804.mp4,.mp4,2002443,already_compressed_or_media
data\train\archive (1)\FaceForensics++_C23\Face2Face\739_865.mp4,.mp4,941114,already_compressed_or_media
data\train\archive (1)\FaceForensics++_C23\Face2Face\740_796.mp4,.mp4,5264556,already_compressed_or_media
data\train\archive (1)\FaceForensics++_C23\Face2Face\741_731.mp4,.mp4,1059722,already_compressed_or_media
data\train\archive (1)\FaceForensics++_C23\Face2Face\742_775.mp4,.mp4,792030,already_compressed_or_media
data\train\archive (1)\FaceForensics++_C23\Face2Face\743_750.mp4,.mp4,2209884,already_compressed_or_media
data\train\archive (1)\FaceForensics++_C23\Face2Face\744_674.mp4,.mp4,1639626,already_compressed_or_media
data\train\archive (1)\FaceForensics++_C23\Face2Face\745_777.mp4,.mp4,495015,already_compressed_or_media
data\train\archive (1)\FaceForensics++_C23\Face2Face\746_571.mp4,.mp4,2218052,already_compressed_or_media
data\train\archive (1)\FaceForensics++_C23\Face2Face\747_854.mp4,.mp4,1344941,already_compressed_or_media
data\train\archive (1)\FaceForensics++_C23\Face2Face\748_355.mp4,.mp4,2745235,already_compressed_or_media
data\train\archive (1)\FaceForensics++_C23\Face2Face\749_659.mp4,.mp4,1388803,already_compressed_or_media
data\train\archive (1)\FaceForensics++_C23\Face2Face\750_743.mp4,.mp4,3803823,already_compressed_or_media
data\train\archive (1)\FaceForensics++_C23\Face2Face\751_752.mp4,.mp4,2318716,already_compressed_or_media
data\train\archive (1)\FaceForensics++_C23\Face2Face\752_751.mp4,.mp4,2266875,already_compressed_or_media
data\train\archive (1)\FaceForensics++_C23\Face2Face\753_789.mp4,.mp4,5998551,already_compressed_or_media
data\train\archive (1)\FaceForensics++_C23\Face2Face\754_758.mp4,.mp4,1370173,already_compressed_or_media
data\train\archive (1)\FaceForensics++_C23\Face2Face\755_759.mp4,.mp4,549180,already_compressed_or_media
data\train\archive (1)\FaceForensics++_C23\Face2Face\756_503.mp4,.mp4,1662209,already_compressed_or_media
data\train\archive (1)\FaceForensics++_C23\Face2Face\757_573.mp4,.mp4,2113265,already_compressed_or_media
data\train\archive (1)\FaceForensics++_C23\Face2Face\758_754.mp4,.mp4,810057,already_compressed_or_media
data\train\archive (1)\FaceForensics++_C23\Face2Face\759_755.mp4,.mp4,4051731,already_compressed_or_media
data\train\archive (1)\FaceForensics++_C23\Face2Face\760_611.mp4,.mp4,1831969,already_compressed_or_media
data\train\archive (1)\FaceForensics++_C23\Face2Face\761_766.mp4,.mp4,1962412,already_compressed_or_media
data\train\archive (1)\FaceForensics++_C23\Face2Face\762_832.mp4,.mp4,1193770,already_compressed_or_media
data\train\archive (1)\FaceForensics++_C23\Face2Face\763_930.mp4,.mp4,1572856,already_compressed_or_media
data\train\archive (1)\FaceForensics++_C23\Face2Face\764_850.mp4,.mp4,3925087,already_compressed_or_media
data\train\archive (1)\FaceForensics++_C23\Face2Face\765_867.mp4,.mp4,2708814,already_compressed_or_media
data\train\archive (1)\FaceForensics++_C23\Face2Face\766_761.mp4,.mp4,402558,already_compressed_or_media
data\train\archive (1)\FaceForensics++_C23\Face2Face\767_694.mp4,.mp4,470052,already_compressed_or_media
data\train\archive (1)\FaceForensics++_C23\Face2Face\768_793.mp4,.mp4,1803386,already_compressed_or_media
data\train\archive (1)\FaceForensics++_C23\Face2Face\769_784.mp4,.mp4,2933754,already_compressed_or_media
data\train\archive (1)\FaceForensics++_C23\Face2Face\770_791.mp4,.mp4,1685721,already_compressed_or_media
data\train\archive (1)\FaceForensics++_C23\Face2Face\771_849.mp4,.mp4,393882,already_compressed_or_media
data\train\archive (1)\FaceForensics++_C23\Face2Face\772_708.mp4,.mp4,2525078,already_compressed_or_media
data\train\archive (1)\FaceForensics++_C23\Face2Face\773_652.mp4,.mp4,1468598,already_compressed_or_media
data\train\archive (1)\FaceForensics++_C23\Face2Face\774_735.mp4,.mp4,1654699,already_compressed_or_media
data\train\archive (1)\FaceForensics++_C23\Face2Face\775_742.mp4,.mp4,877973,already_compressed_or_media
data\train\archive (1)\FaceForensics++_C23\Face2Face\776_676.mp4,.mp4,9872964,already_compressed_or_media
data\train\archive (1)\FaceForensics++_C23\Face2Face\777_745.mp4,.mp4,905195,already_compressed_or_media
data\train\archive (1)\FaceForensics++_C23\Face2Face\778_798.mp4,.mp4,1828298,already_compressed_or_media
data\train\archive (1)\FaceForensics++_C23\Face2Face\779_794.mp4,.mp4,3012708,already_compressed_or_media
data\train\archive (1)\FaceForensics++_C23\Face2Face\780_869.mp4,.mp4,1187686,already_compressed_or_media
data\train\archive (1)\FaceForensics++_C23\Face2Face\781_806.mp4,.mp4,568036,already_compressed_or_media
data\train\archive (1)\FaceForensics++_C23\Face2Face\782_787.mp4,.mp4,1534529,already_compressed_or_media
data\train\archive (1)\FaceForensics++_C23\Face2Face\783_916.mp4,.mp4,1704396,already_compressed_or_media
data\train\archive (1)\FaceForensics++_C23\Face2Face\784_769.mp4,.mp4,877752,already_compressed_or_media
data\train\archive (1)\FaceForensics++_C23\Face2Face\785_736.mp4,.mp4,1249269,already_compressed_or_media
data\train\archive (1)\FaceForensics++_C23\Face2Face\786_819.mp4,.mp4,20962842,already_compressed_or_media
data\train\archive (1)\FaceForensics++_C23\Face2Face\787_782.mp4,.mp4,1231772,already_compressed_or_media
data\train\archive (1)\FaceForensics++_C23\Face2Face\788_710.mp4,.mp4,1403316,already_compressed_or_media
data\train\archive (1)\FaceForensics++_C23\Face2Face\789_753.mp4,.mp4,7844582,already_compressed_or_media
data\train\archive (1)\FaceForensics++_C23\Face2Face\790_014.mp4,.mp4,2949270,already_compressed_or_media
data\train\archive (1)\FaceForensics++_C23\Face2Face\791_770.mp4,.mp4,1078073,already_compressed_or_media
data\train\archive (1)\FaceForensics++_C23\Face2Face\792_903.mp4,.mp4,910526,already_compressed_or_media
data\train\archive (1)\FaceForensics++_C23\Face2Face\793_768.mp4,.mp4,2110393,already_compressed_or_media
data\train\archive (1)\FaceForensics++_C23\Face2Face\794_779.mp4,.mp4,1922354,already_compressed_or_media
data\train\archive (1)\FaceForensics++_C23\Face2Face\795_907.mp4,.mp4,1576449,already_compressed_or_media
data\train\archive (1)\FaceForensics++_C23\Face2Face\796_740.mp4,.mp4,2023692,already_compressed_or_media
data\train\archive (1)\FaceForensics++_C23\Face2Face\797_844.mp4,.mp4,989907,already_compressed_or_media
data\train\archive (1)\FaceForensics++_C23\Face2Face\798_778.mp4,.mp4,3158289,already_compressed_or_media
data\train\archive (1)\FaceForensics++_C23\Face2Face\799_809.mp4,.mp4,2090373,already_compressed_or_media
data\train\archive (1)\FaceForensics++_C23\Face2Face\800_840.mp4,.mp4,3667854,already_compressed_or_media
data\train\archive (1)\FaceForensics++_C23\Face2Face\801_855.mp4,.mp4,1345047,already_compressed_or_media
data\train\archive (1)\FaceForensics++_C23\Face2Face\802_885.mp4,.mp4,432641,already_compressed_or_media
data\train\archive (1)\FaceForensics++_C23\Face2Face\803_017.mp4,.mp4,848327,already_compressed_or_media
data\train\archive (1)\FaceForensics++_C23\Face2Face\804_738.mp4,.mp4,798102,already_compressed_or_media
data\train\archive (1)\FaceForensics++_C23\Face2Face\805_011.mp4,.mp4,3653357,already_compressed_or_media
data\train\archive (1)\FaceForensics++_C23\Face2Face\806_781.mp4,.mp4,640013,already_compressed_or_media
data\train\archive (1)\FaceForensics++_C23\Face2Face\807_273.mp4,.mp4,3909916,already_compressed_or_media
data\train\archive (1)\FaceForensics++_C23\Face2Face\808_829.mp4,.mp4,3193172,already_compressed_or_media
data\train\archive (1)\FaceForensics++_C23\Face2Face\809_799.mp4,.mp4,3016456,already_compressed_or_media
data\train\archive (1)\FaceForensics++_C23\Face2Face\810_838.mp4,.mp4,1860573,already_compressed_or_media
data\train\archive (1)\FaceForensics++_C23\Face2Face\811_920.mp4,.mp4,1907164,already_compressed_or_media
data\train\archive (1)\FaceForensics++_C23\Face2Face\812_821.mp4,.mp4,1048521,already_compressed_or_media
data\train\archive (1)\FaceForensics++_C23\Face2Face\813_700.mp4,.mp4,2281238,already_compressed_or_media
data\train\archive (1)\FaceForensics++_C23\Face2Face\814_871.mp4,.mp4,1475830,already_compressed_or_media
data\train\archive (1)\FaceForensics++_C23\Face2Face\815_730.mp4,.mp4,2552698,already_compressed_or_media
data\train\archive (1)\FaceForensics++_C23\Face2Face\816_649.mp4,.mp4,1324752,already_compressed_or_media
data\train\archive (1)\FaceForensics++_C23\Face2Face\817_827.mp4,.mp4,1499128,already_compressed_or_media
data\train\archive (1)\FaceForensics++_C23\Face2Face\818_820.mp4,.mp4,2749894,already_compressed_or_media
data\train\archive (1)\FaceForensics++_C23\Face2Face\819_786.mp4,.mp4,4968674,already_compressed_or_media
data\train\archive (1)\FaceForensics++_C23\Face2Face\820_818.mp4,.mp4,1759867,already_compressed_or_media
data\train\archive (1)\FaceForensics++_C23\Face2Face\821_812.mp4,.mp4,875450,already_compressed_or_media
data\train\archive (1)\FaceForensics++_C23\Face2Face\822_244.mp4,.mp4,3637730,already_compressed_or_media
data\train\archive (1)\FaceForensics++_C23\Face2Face\823_584.mp4,.mp4,3263149,already_compressed_or_media
data\train\archive (1)\FaceForensics++_C23\Face2Face\824_419.mp4,.mp4,2333228,already_compressed_or_media
data\train\archive (1)\FaceForensics++_C23\Face2Face\825_074.mp4,.mp4,582486,already_compressed_or_media
data\train\archive (1)\FaceForensics++_C23\Face2Face\826_833.mp4,.mp4,2779199,already_compressed_or_media
data\train\archive (1)\FaceForensics++_C23\Face2Face\827_817.mp4,.mp4,679364,already_compressed_or_media
data\train\archive (1)\FaceForensics++_C23\Face2Face\828_830.mp4,.mp4,1300124,already_compressed_or_media
data\train\archive (1)\FaceForensics++_C23\Face2Face\829_808.mp4,.mp4,3225093,already_compressed_or_media
data\train\archive (1)\FaceForensics++_C23\Face2Face\830_828.mp4,.mp4,589392,already_compressed_or_media
data\train\archive (1)\FaceForensics++_C23\Face2Face\831_508.mp4,.mp4,8209611,already_compressed_or_media
data\train\archive (1)\FaceForensics++_C23\Face2Face\832_762.mp4,.mp4,1047789,already_compressed_or_media
data\train\archive (1)\FaceForensics++_C23\Face2Face\833_826.mp4,.mp4,5500536,already_compressed_or_media
data\train\archive (1)\FaceForensics++_C23\Face2Face\834_852.mp4,.mp4,1460043,already_compressed_or_media
data\train\archive (1)\FaceForensics++_C23\Face2Face\835_651.mp4,.mp4,2729006,already_compressed_or_media
data\train\archive (1)\FaceForensics++_C23\Face2Face\836_950.mp4,.mp4,2863955,already_compressed_or_media
data\train\archive (1)\FaceForensics++_C23\Face2Face\837_890.mp4,.mp4,2348914,already_compressed_or_media
data\train\archive (1)\FaceForensics++_C23\Face2Face\838_810.mp4,.mp4,6208080,already_compressed_or_media
data\train\archive (1)\FaceForensics++_C23\Face2Face\839_864.mp4,.mp4,574234,already_compressed_or_media
data\train\archive (1)\FaceForensics++_C23\Face2Face\840_800.mp4,.mp4,495287,already_compressed_or_media
data\train\archive (1)\FaceForensics++_C23\Face2Face\841_639.mp4,.mp4,1066542,already_compressed_or_media
data\train\archive (1)\FaceForensics++_C23\Face2Face\842_714.mp4,.mp4,1910192,already_compressed_or_media
data\train\archive (1)\FaceForensics++_C23\Face2Face\843_859.mp4,.mp4,433878,already_compressed_or_media
data\train\archive (1)\FaceForensics++_C23\Face2Face\844_797.mp4,.mp4,655653,already_compressed_or_media
data\train\archive (1)\FaceForensics++_C23\Face2Face\845_846.mp4,.mp4,601476,already_compressed_or_media
data\train\archive (1)\FaceForensics++_C23\Face2Face\846_845.mp4,.mp4,651930,already_compressed_or_media
data\train\archive (1)\FaceForensics++_C23\Face2Face\847_906.mp4,.mp4,2018480,already_compressed_or_media
data\train\archive (1)\FaceForensics++_C23\Face2Face\848_894.mp4,.mp4,4590435,already_compressed_or_media
data\train\archive (1)\FaceForensics++_C23\Face2Face\849_771.mp4,.mp4,3975686,already_compressed_or_media
data\train\archive (1)\FaceForensics++_C23\Face2Face\850_764.mp4,.mp4,603235,already_compressed_or_media
data\train\archive (1)\FaceForensics++_C23\Face2Face\851_552.mp4,.mp4,1341460,already_compressed_or_media
data\train\archive (1)\FaceForensics++_C23\Face2Face\852_834.mp4,.mp4,384302,already_compressed_or_media
data\train\archive (1)\FaceForensics++_C23\Face2Face\853_863.mp4,.mp4,2155787,already_compressed_or_media
data\train\archive (1)\FaceForensics++_C23\Face2Face\854_747.mp4,.mp4,1740465,already_compressed_or_media
data\train\archive (1)\FaceForensics++_C23\Face2Face\855_801.mp4,.mp4,1103222,already_compressed_or_media
data\train\archive (1)\FaceForensics++_C23\Face2Face\856_881.mp4,.mp4,2287091,already_compressed_or_media
data\train\archive (1)\FaceForensics++_C23\Face2Face\857_909.mp4,.mp4,1137422,already_compressed_or_media
data\train\archive (1)\FaceForensics++_C23\Face2Face\858_861.mp4,.mp4,567670,already_compressed_or_media
data\train\archive (1)\FaceForensics++_C23\Face2Face\859_843.mp4,.mp4,466514,already_compressed_or_media
data\train\archive (1)\FaceForensics++_C23\Face2Face\860_905.mp4,.mp4,2302101,already_compressed_or_media
data\train\archive (1)\FaceForensics++_C23\Face2Face\861_858.mp4,.mp4,1578216,already_compressed_or_media
data\train\archive (1)\FaceForensics++_C23\Face2Face\862_047.mp4,.mp4,1153391,already_compressed_or_media
data\train\archive (1)\FaceForensics++_C23\Face2Face\863_853.mp4,.mp4,2574749,already_compressed_or_media
data\train\archive (1)\FaceForensics++_C23\Face2Face\864_839.mp4,.mp4,866729,already_compressed_or_media
data\train\archive (1)\FaceForensics++_C23\Face2Face\865_739.mp4,.mp4,2519687,already_compressed_or_media
data\train\archive (1)\FaceForensics++_C23\Face2Face\866_878.mp4,.mp4,7726005,already_compressed_or_media
data\train\archive (1)\FaceForensics++_C23\Face2Face\867_765.mp4,.mp4,1233192,already_compressed_or_media
data\train\archive (1)\FaceForensics++_C23\Face2Face\868_949.mp4,.mp4,1003621,already_compressed_or_media
data\train\archive (1)\FaceForensics++_C23\Face2Face\869_780.mp4,.mp4,5663919,already_compressed_or_media
data\train\archive (1)\FaceForensics++_C23\Face2Face\870_001.mp4,.mp4,2323109,already_compressed_or_media
data\train\archive (1)\FaceForensics++_C23\Face2Face\871_814.mp4,.mp4,1604844,already_compressed_or_media
data\train\archive (1)\FaceForensics++_C23\Face2Face\872_873.mp4,.mp4,1478729,already_compressed_or_media
data\train\archive (1)\FaceForensics++_C23\Face2Face\873_872.mp4,.mp4,1670834,already_compressed_or_media
data\train\archive (1)\FaceForensics++_C23\Face2Face\874_291.mp4,.mp4,2543355,already_compressed_or_media
data\train\archive (1)\FaceForensics++_C23\Face2Face\875_979.mp4,.mp4,1023618,already_compressed_or_media
data\train\archive (1)\FaceForensics++_C23\Face2Face\876_891.mp4,.mp4,915006,already_compressed_or_media
data\train\archive (1)\FaceForensics++_C23\Face2Face\877_886.mp4,.mp4,1667905,already_compressed_or_media
data\train\archive (1)\FaceForensics++_C23\Face2Face\878_866.mp4,.mp4,1646401,already_compressed_or_media
data\train\archive (1)\FaceForensics++_C23\Face2Face\879_963.mp4,.mp4,1405337,already_compressed_or_media
data\train\archive (1)\FaceForensics++_C23\Face2Face\880_135.mp4,.mp4,2689876,already_compressed_or_media
data\train\archive (1)\FaceForensics++_C23\Face2Face\881_856.mp4,.mp4,1979746,already_compressed_or_media
data\train\archive (1)\FaceForensics++_C23\Face2Face\882_952.mp4,.mp4,9839997,already_compressed_or_media
data\train\archive (1)\FaceForensics++_C23\Face2Face\883_013.mp4,.mp4,1917003,already_compressed_or_media
data\train\archive (1)\FaceForensics++_C23\Face2Face\884_968.mp4,.mp4,1783494,already_compressed_or_media
data\train\archive (1)\FaceForensics++_C23\Face2Face\885_802.mp4,.mp4,618589,already_compressed_or_media
data\train\archive (1)\FaceForensics++_C23\Face2Face\886_877.mp4,.mp4,986153,already_compressed_or_media
data\train\archive (1)\FaceForensics++_C23\Face2Face\887_275.mp4,.mp4,890719,already_compressed_or_media
data\train\archive (1)\FaceForensics++_C23\Face2Face\888_937.mp4,.mp4,722340,already_compressed_or_media
data\train\archive (1)\FaceForensics++_C23\Face2Face\889_045.mp4,.mp4,6984435,already_compressed_or_media
data\train\archive (1)\FaceForensics++_C23\Face2Face\890_837.mp4,.mp4,815532,already_compressed_or_media
data\train\archive (1)\FaceForensics++_C23\Face2Face\891_876.mp4,.mp4,1380913,already_compressed_or_media
data\train\archive (1)\FaceForensics++_C23\Face2Face\892_112.mp4,.mp4,4426878,already_compressed_or_media
data\train\archive (1)\FaceForensics++_C23\Face2Face\893_913.mp4,.mp4,1284674,already_compressed_or_media
data\train\archive (1)\FaceForensics++_C23\Face2Face\894_848.mp4,.mp4,3623443,already_compressed_or_media
data\train\archive (1)\FaceForensics++_C23\Face2Face\895_915.mp4,.mp4,550996,already_compressed_or_media
data\train\archive (1)\FaceForensics++_C23\Face2Face\896_128.mp4,.mp4,718640,already_compressed_or_media
data\train\archive (1)\FaceForensics++_C23\Face2Face\897_969.mp4,.mp4,732626,already_compressed_or_media
data\train\archive (1)\FaceForensics++_C23\Face2Face\898_922.mp4,.mp4,977306,already_compressed_or_media
data\train\archive (1)\FaceForensics++_C23\Face2Face\899_914.mp4,.mp4,594121,already_compressed_or_media
data\train\archive (1)\FaceForensics++_C23\Face2Face\900_926.mp4,.mp4,833060,already_compressed_or_media
data\train\archive (1)\FaceForensics++_C23\Face2Face\901_902.mp4,.mp4,947637,already_compressed_or_media
data\train\archive (1)\FaceForensics++_C23\Face2Face\902_901.mp4,.mp4,1407327,already_compressed_or_media
data\train\archive (1)\FaceForensics++_C23\Face2Face\903_792.mp4,.mp4,907418,already_compressed_or_media
data\train\archive (1)\FaceForensics++_C23\Face2Face\904_046.mp4,.mp4,5597079,already_compressed_or_media
data\train\archive (1)\FaceForensics++_C23\Face2Face\905_860.mp4,.mp4,1786206,already_compressed_or_media
data\train\archive (1)\FaceForensics++_C23\Face2Face\906_847.mp4,.mp4,1916279,already_compressed_or_media
data\train\archive (1)\FaceForensics++_C23\Face2Face\907_795.mp4,.mp4,2083211,already_compressed_or_media
data\train\archive (1)\FaceForensics++_C23\Face2Face\908_207.mp4,.mp4,3347394,already_compressed_or_media
data\train\archive (1)\FaceForensics++_C23\Face2Face\909_857.mp4,.mp4,655004,already_compressed_or_media
data\train\archive (1)\FaceForensics++_C23\Face2Face\910_911.mp4,.mp4,1192584,already_compressed_or_media
data\train\archive (1)\FaceForensics++_C23\Face2Face\911_910.mp4,.mp4,890872,already_compressed_or_media
data\train\archive (1)\FaceForensics++_C23\Face2Face\912_927.mp4,.mp4,1399398,already_compressed_or_media
data\train\archive (1)\FaceForensics++_C23\Face2Face\913_893.mp4,.mp4,822337,already_compressed_or_media
data\train\archive (1)\FaceForensics++_C23\Face2Face\914_899.mp4,.mp4,929319,already_compressed_or_media
data\train\archive (1)\FaceForensics++_C23\Face2Face\915_895.mp4,.mp4,1594956,already_compressed_or_media
data\train\archive (1)\FaceForensics++_C23\Face2Face\916_783.mp4,.mp4,2136162,already_compressed_or_media
data\train\archive (1)\FaceForensics++_C23\Face2Face\917_924.mp4,.mp4,3553229,already_compressed_or_media
data\train\archive (1)\FaceForensics++_C23\Face2Face\918_934.mp4,.mp4,1098354,already_compressed_or_media
data\train\archive (1)\FaceForensics++_C23\Face2Face\919_015.mp4,.mp4,554905,already_compressed_or_media
data\train\archive (1)\FaceForensics++_C23\Face2Face\920_811.mp4,.mp4,4224755,already_compressed_or_media
data\train\archive (1)\FaceForensics++_C23\Face2Face\921_569.mp4,.mp4,4165863,already_compressed_or_media
data\train\archive (1)\FaceForensics++_C23\Face2Face\922_898.mp4,.mp4,659099,already_compressed_or_media
data\train\archive (1)\FaceForensics++_C23\Face2Face\923_023.mp4,.mp4,3359713,already_compressed_or_media
data\train\archive (1)\FaceForensics++_C23\Face2Face\924_917.mp4,.mp4,767376,already_compressed_or_media
data\train\archive (1)\FaceForensics++_C23\Face2Face\925_933.mp4,.mp4,1978132,already_compressed_or_media
data\train\archive (1)\FaceForensics++_C23\Face2Face\926_900.mp4,.mp4,628103,already_compressed_or_media
data\train\archive (1)\FaceForensics++_C23\Face2Face\927_912.mp4,.mp4,886536,already_compressed_or_media
data\train\archive (1)\FaceForensics++_C23\Face2Face\928_160.mp4,.mp4,2480762,already_compressed_or_media
data\train\archive (1)\FaceForensics++_C23\Face2Face\929_962.mp4,.mp4,578894,already_compressed_or_media
data\train\archive (1)\FaceForensics++_C23\Face2Face\930_763.mp4,.mp4,3082604,already_compressed_or_media
data\train\archive (1)\FaceForensics++_C23\Face2Face\931_936.mp4,.mp4,736056,already_compressed_or_media
data\train\archive (1)\FaceForensics++_C23\Face2Face\932_384.mp4,.mp4,3054767,already_compressed_or_media
data\train\archive (1)\FaceForensics++_C23\Face2Face\933_925.mp4,.mp4,1330731,already_compressed_or_media
data\train\archive (1)\FaceForensics++_C23\Face2Face\934_918.mp4,.mp4,1838177,already_compressed_or_media
data\train\archive (1)\FaceForensics++_C23\Face2Face\935_733.mp4,.mp4,5779385,already_compressed_or_media
data\train\archive (1)\FaceForensics++_C23\Face2Face\936_931.mp4,.mp4,982030,already_compressed_or_media
data\train\archive (1)\FaceForensics++_C23\Face2Face\937_888.mp4,.mp4,811361,already_compressed_or_media
data\train\archive (1)\FaceForensics++_C23\Face2Face\938_987.mp4,.mp4,1527063,already_compressed_or_media
data\train\archive (1)\FaceForensics++_C23\Face2Face\939_115.mp4,.mp4,369724,already_compressed_or_media
data\train\archive (1)\FaceForensics++_C23\Face2Face\940_941.mp4,.mp4,922572,already_compressed_or_media
data\train\archive (1)\FaceForensics++_C23\Face2Face\941_940.mp4,.mp4,566307,already_compressed_or_media
data\train\archive (1)\FaceForensics++_C23\Face2Face\942_943.mp4,.mp4,2275147,already_compressed_or_media
data\train\archive (1)\FaceForensics++_C23\Face2Face\943_942.mp4,.mp4,1449372,already_compressed_or_media
data\train\archive (1)\FaceForensics++_C23\Face2Face\944_032.mp4,.mp4,479906,already_compressed_or_media
data\train\archive (1)\FaceForensics++_C23\Face2Face\945_044.mp4,.mp4,1754304,already_compressed_or_media
data\train\archive (1)\FaceForensics++_C23\Face2Face\946_049.mp4,.mp4,1345439,already_compressed_or_media
data\train\archive (1)\FaceForensics++_C23\Face2Face\947_951.mp4,.mp4,5797813,already_compressed_or_media
data\train\archive (1)\FaceForensics++_C23\Face2Face\948_965.mp4,.mp4,4688550,already_compressed_or_media
data\train\archive (1)\FaceForensics++_C23\Face2Face\949_868.mp4,.mp4,649882,already_compressed_or_media
data\train\archive (1)\FaceForensics++_C23\Face2Face\950_836.mp4,.mp4,3772583,already_compressed_or_media
data\train\archive (1)\FaceForensics++_C23\Face2Face\951_947.mp4,.mp4,2029948,already_compressed_or_media
data\train\archive (1)\FaceForensics++_C23\Face2Face\952_882.mp4,.mp4,1597881,already_compressed_or_media
data\train\archive (1)\FaceForensics++_C23\Face2Face\953_974.mp4,.mp4,2506744,already_compressed_or_media
data\train\archive (1)\FaceForensics++_C23\Face2Face\954_976.mp4,.mp4,770281,already_compressed_or_media
data\train\archive (1)\FaceForensics++_C23\Face2Face\955_078.mp4,.mp4,1105392,already_compressed_or_media
data\train\archive (1)\FaceForensics++_C23\Face2Face\956_958.mp4,.mp4,905758,already_compressed_or_media
data\train\archive (1)\FaceForensics++_C23\Face2Face\957_959.mp4,.mp4,6901107,already_compressed_or_media
data\train\archive (1)\FaceForensics++_C23\Face2Face\958_956.mp4,.mp4,1665394,already_compressed_or_media
data\train\archive (1)\FaceForensics++_C23\Face2Face\959_957.mp4,.mp4,4554405,already_compressed_or_media
data\train\archive (1)\FaceForensics++_C23\Face2Face\960_999.mp4,.mp4,1486662,already_compressed_or_media
data\train\archive (1)\FaceForensics++_C23\Face2Face\961_069.mp4,.mp4,3296790,already_compressed_or_media
data\train\archive (1)\FaceForensics++_C23\Face2Face\962_929.mp4,.mp4,576103,already_compressed_or_media
data\train\archive (1)\FaceForensics++_C23\Face2Face\963_879.mp4,.mp4,1419372,already_compressed_or_media
data\train\archive (1)\FaceForensics++_C23\Face2Face\964_174.mp4,.mp4,595625,already_compressed_or_media
data\train\archive (1)\FaceForensics++_C23\Face2Face\965_948.mp4,.mp4,3881060,already_compressed_or_media
data\train\archive (1)\FaceForensics++_C23\Face2Face\966_988.mp4,.mp4,1069301,already_compressed_or_media
data\train\archive (1)\FaceForensics++_C23\Face2Face\967_984.mp4,.mp4,1498928,already_compressed_or_media
data\train\archive (1)\FaceForensics++_C23\Face2Face\968_884.mp4,.mp4,1555502,already_compressed_or_media
data\train\archive (1)\FaceForensics++_C23\Face2Face\969_897.mp4,.mp4,716950,already_compressed_or_media
data\train\archive (1)\FaceForensics++_C23\Face2Face\970_973.mp4,.mp4,881425,already_compressed_or_media
data\train\archive (1)\FaceForensics++_C23\Face2Face\971_564.mp4,.mp4,5341917,already_compressed_or_media
data\train\archive (1)\FaceForensics++_C23\Face2Face\972_718.mp4,.mp4,9787678,already_compressed_or_media
data\train\archive (1)\FaceForensics++_C23\Face2Face\973_970.mp4,.mp4,817745,already_compressed_or_media
data\train\archive (1)\FaceForensics++_C23\Face2Face\974_953.mp4,.mp4,698786,already_compressed_or_media
data\train\archive (1)\FaceForensics++_C23\Face2Face\975_978.mp4,.mp4,2728604,already_compressed_or_media
data\train\archive (1)\FaceForensics++_C23\Face2Face\976_954.mp4,.mp4,1385904,already_compressed_or_media
data\train\archive (1)\FaceForensics++_C23\Face2Face\977_075.mp4,.mp4,1470575,already_compressed_or_media
data\train\archive (1)\FaceForensics++_C23\Face2Face\978_975.mp4,.mp4,1468873,already_compressed_or_media
data\train\archive (1)\FaceForensics++_C23\Face2Face\979_875.mp4,.mp4,1582154,already_compressed_or_media
data\train\archive (1)\FaceForensics++_C23\Face2Face\980_992.mp4,.mp4,1430944,already_compressed_or_media
data\train\archive (1)\FaceForensics++_C23\Face2Face\981_985.mp4,.mp4,689630,already_compressed_or_media
data\train\archive (1)\FaceForensics++_C23\Face2Face\982_004.mp4,.mp4,480272,already_compressed_or_media
data\train\archive (1)\FaceForensics++_C23\Face2Face\983_113.mp4,.mp4,1637882,already_compressed_or_media
data\train\archive (1)\FaceForensics++_C23\Face2Face\984_967.mp4,.mp4,2044717,already_compressed_or_media
data\train\archive (1)\FaceForensics++_C23\Face2Face\985_981.mp4,.mp4,972398,already_compressed_or_media
data\train\archive (1)\FaceForensics++_C23\Face2Face\986_994.mp4,.mp4,1143561,already_compressed_or_media
data\train\archive (1)\FaceForensics++_C23\Face2Face\987_938.mp4,.mp4,567807,already_compressed_or_media
data\train\archive (1)\FaceForensics++_C23\Face2Face\988_966.mp4,.mp4,550280,already_compressed_or_media
data\train\archive (1)\FaceForensics++_C23\Face2Face\989_993.mp4,.mp4,1052112,already_compressed_or_media
data\train\archive (1)\FaceForensics++_C23\Face2Face\990_008.mp4,.mp4,1727099,already_compressed_or_media
data\train\archive (1)\FaceForensics++_C23\Face2Face\991_064.mp4,.mp4,529669,already_compressed_or_media
data\train\archive (1)\FaceForensics++_C23\Face2Face\992_980.mp4,.mp4,1099362,already_compressed_or_media
data\train\archive (1)\FaceForensics++_C23\Face2Face\993_989.mp4,.mp4,3020363,already_compressed_or_media
data\train\archive (1)\FaceForensics++_C23\Face2Face\994_986.mp4,.mp4,2944870,already_compressed_or_media
data\train\archive (1)\FaceForensics++_C23\Face2Face\995_233.mp4,.mp4,1087659,already_compressed_or_media
data\train\archive (1)\FaceForensics++_C23\Face2Face\996_056.mp4,.mp4,1086712,already_compressed_or_media
data\train\archive (1)\FaceForensics++_C23\Face2Face\997_040.mp4,.mp4,1399871,already_compressed_or_media
data\train\archive (1)\FaceForensics++_C23\Face2Face\998_561.mp4,.mp4,2138899,already_compressed_or_media
data\train\archive (1)\FaceForensics++_C23\Face2Face\999_960.mp4,.mp4,595455,already_compressed_or_media
data\train\archive (1)\FaceForensics++_C23\FaceShifter\000_003.mp4,.mp4,887840,already_compressed_or_media
data\train\archive (1)\FaceForensics++_C23\FaceShifter\001_870.mp4,.mp4,2879769,already_compressed_or_media
data\train\archive (1)\FaceForensics++_C23\FaceShifter\002_006.mp4,.mp4,2205743,already_compressed_or_media
data\train\archive (1)\FaceForensics++_C23\FaceShifter\003_000.mp4,.mp4,598837,already_compressed_or_media
data\train\archive (1)\FaceForensics++_C23\FaceShifter\004_982.mp4,.mp4,1267624,already_compressed_or_media
data\train\archive (1)\FaceForensics++_C23\FaceShifter\005_010.mp4,.mp4,1575561,already_compressed_or_media
data\train\archive (1)\FaceForensics++_C23\FaceShifter\006_002.mp4,.mp4,892323,already_compressed_or_media
data\train\archive (1)\FaceForensics++_C23\FaceShifter\007_132.mp4,.mp4,1054836,already_compressed_or_media
data\train\archive (1)\FaceForensics++_C23\FaceShifter\008_990.mp4,.mp4,1020104,already_compressed_or_media
data\train\archive (1)\FaceForensics++_C23\FaceShifter\009_027.mp4,.mp4,755328,already_compressed_or_media
data\train\archive (1)\FaceForensics++_C23\FaceShifter\010_005.mp4,.mp4,1469522,already_compressed_or_media
data\train\archive (1)\FaceForensics++_C23\FaceShifter\011_805.mp4,.mp4,3724288,already_compressed_or_media
data\train\archive (1)\FaceForensics++_C23\FaceShifter\012_026.mp4,.mp4,704994,already_compressed_or_media
data\train\archive (1)\FaceForensics++_C23\FaceShifter\013_883.mp4,.mp4,631126,already_compressed_or_media
data\train\archive (1)\FaceForensics++_C23\FaceShifter\014_790.mp4,.mp4,3471905,already_compressed_or_media
data\train\archive (1)\FaceForensics++_C23\FaceShifter\015_919.mp4,.mp4,870330,already_compressed_or_media
data\train\archive (1)\FaceForensics++_C23\FaceShifter\016_209.mp4,.mp4,1544926,already_compressed_or_media
data\train\archive (1)\FaceForensics++_C23\FaceShifter\017_803.mp4,.mp4,1727774,already_compressed_or_media
data\train\archive (1)\FaceForensics++_C23\FaceShifter\018_019.mp4,.mp4,411765,already_compressed_or_media
data\train\archive (1)\FaceForensics++_C23\FaceShifter\019_018.mp4,.mp4,2394686,already_compressed_or_media
data\train\archive (1)\FaceForensics++_C23\FaceShifter\020_344.mp4,.mp4,1870498,already_compressed_or_media
data\train\archive (1)\FaceForensics++_C23\FaceShifter\021_312.mp4,.mp4,503274,already_compressed_or_media
data\train\archive (1)\FaceForensics++_C23\FaceShifter\022_489.mp4,.mp4,1224440,already_compressed_or_media
data\train\archive (1)\FaceForensics++_C23\FaceShifter\023_923.mp4,.mp4,1805121,already_compressed_or_media
data\train\archive (1)\FaceForensics++_C23\FaceShifter\024_073.mp4,.mp4,538010,already_compressed_or_media
data\train\archive (1)\FaceForensics++_C23\FaceShifter\025_067.mp4,.mp4,3404191,already_compressed_or_media
data\train\archive (1)\FaceForensics++_C23\FaceShifter\026_012.mp4,.mp4,504590,already_compressed_or_media
data\train\archive (1)\FaceForensics++_C23\FaceShifter\027_009.mp4,.mp4,891352,already_compressed_or_media
data\train\archive (1)\FaceForensics++_C23\FaceShifter\028_068.mp4,.mp4,860146,already_compressed_or_media
data\train\archive (1)\FaceForensics++_C23\FaceShifter\029_048.mp4,.mp4,485307,already_compressed_or_media
data\train\archive (1)\FaceForensics++_C23\FaceShifter\030_193.mp4,.mp4,3826946,already_compressed_or_media
data\train\archive (1)\FaceForensics++_C23\FaceShifter\031_163.mp4,.mp4,1606705,already_compressed_or_media
data\train\archive (1)\FaceForensics++_C23\FaceShifter\032_944.mp4,.mp4,1746626,already_compressed_or_media
data\train\archive (1)\FaceForensics++_C23\FaceShifter\033_097.mp4,.mp4,1855322,already_compressed_or_media
data\train\archive (1)\FaceForensics++_C23\FaceShifter\034_590.mp4,.mp4,1234068,already_compressed_or_media
data\train\archive (1)\FaceForensics++_C23\FaceShifter\035_036.mp4,.mp4,576423,already_compressed_or_media
data\train\archive (1)\FaceForensics++_C23\FaceShifter\036_035.mp4,.mp4,960174,already_compressed_or_media
data\train\archive (1)\FaceForensics++_C23\FaceShifter\037_072.mp4,.mp4,777970,already_compressed_or_media
data\train\archive (1)\FaceForensics++_C23\FaceShifter\038_125.mp4,.mp4,572330,already_compressed_or_media
data\train\archive (1)\FaceForensics++_C23\FaceShifter\039_058.mp4,.mp4,1101858,already_compressed_or_media
data\train\archive (1)\FaceForensics++_C23\FaceShifter\040_997.mp4,.mp4,2930987,already_compressed_or_media
data\train\archive (1)\FaceForensics++_C23\FaceShifter\041_063.mp4,.mp4,697359,already_compressed_or_media
data\train\archive (1)\FaceForensics++_C23\FaceShifter\042_084.mp4,.mp4,1198290,already_compressed_or_media
data\train\archive (1)\FaceForensics++_C23\FaceShifter\043_110.mp4,.mp4,1633992,already_compressed_or_media
data\train\archive (1)\FaceForensics++_C23\FaceShifter\044_945.mp4,.mp4,1875846,already_compressed_or_media
data\train\archive (1)\FaceForensics++_C23\FaceShifter\045_889.mp4,.mp4,4974236,already_compressed_or_media
data\train\archive (1)\FaceForensics++_C23\FaceShifter\046_904.mp4,.mp4,2312654,already_compressed_or_media
data\train\archive (1)\FaceForensics++_C23\FaceShifter\047_862.mp4,.mp4,519896,already_compressed_or_media
data\train\archive (1)\FaceForensics++_C23\FaceShifter\048_029.mp4,.mp4,1161136,already_compressed_or_media
data\train\archive (1)\FaceForensics++_C23\FaceShifter\049_946.mp4,.mp4,472209,already_compressed_or_media
data\train\archive (1)\FaceForensics++_C23\FaceShifter\050_059.mp4,.mp4,603277,already_compressed_or_media
data\train\archive (1)\FaceForensics++_C23\FaceShifter\051_332.mp4,.mp4,2625339,already_compressed_or_media
data\train\archive (1)\FaceForensics++_C23\FaceShifter\052_108.mp4,.mp4,3138556,already_compressed_or_media
data\train\archive (1)\FaceForensics++_C23\FaceShifter\053_095.mp4,.mp4,631974,already_compressed_or_media
data\train\archive (1)\FaceForensics++_C23\FaceShifter\054_071.mp4,.mp4,720040,already_compressed_or_media
data\train\archive (1)\FaceForensics++_C23\FaceShifter\055_147.mp4,.mp4,589363,already_compressed_or_media
data\train\archive (1)\FaceForensics++_C23\FaceShifter\056_996.mp4,.mp4,1166279,already_compressed_or_media
data\train\archive (1)\FaceForensics++_C23\FaceShifter\057_070.mp4,.mp4,1303301,already_compressed_or_media
data\train\archive (1)\FaceForensics++_C23\FaceShifter\058_039.mp4,.mp4,1200525,already_compressed_or_media
data\train\archive (1)\FaceForensics++_C23\FaceShifter\059_050.mp4,.mp4,1557471,already_compressed_or_media
data\train\archive (1)\FaceForensics++_C23\FaceShifter\060_088.mp4,.mp4,4255405,already_compressed_or_media
data\train\archive (1)\FaceForensics++_C23\FaceShifter\061_080.mp4,.mp4,723627,already_compressed_or_media
data\train\archive (1)\FaceForensics++_C23\FaceShifter\062_066.mp4,.mp4,674122,already_compressed_or_media
data\train\archive (1)\FaceForensics++_C23\FaceShifter\063_041.mp4,.mp4,2111579,already_compressed_or_media
data\train\archive (1)\FaceForensics++_C23\FaceShifter\064_991.mp4,.mp4,900594,already_compressed_or_media
data\train\archive (1)\FaceForensics++_C23\FaceShifter\065_089.mp4,.mp4,3492143,already_compressed_or_media
data\train\archive (1)\FaceForensics++_C23\FaceShifter\066_062.mp4,.mp4,1564812,already_compressed_or_media
data\train\archive (1)\FaceForensics++_C23\FaceShifter\067_025.mp4,.mp4,2192563,already_compressed_or_media
data\train\archive (1)\FaceForensics++_C23\FaceShifter\068_028.mp4,.mp4,782314,already_compressed_or_media
data\train\archive (1)\FaceForensics++_C23\FaceShifter\069_961.mp4,.mp4,4692559,already_compressed_or_media
data\train\archive (1)\FaceForensics++_C23\FaceShifter\070_057.mp4,.mp4,840189,already_compressed_or_media
data\train\archive (1)\FaceForensics++_C23\FaceShifter\071_054.mp4,.mp4,1386904,already_compressed_or_media
data\train\archive (1)\FaceForensics++_C23\FaceShifter\072_037.mp4,.mp4,869746,already_compressed_or_media
data\train\archive (1)\FaceForensics++_C23\FaceShifter\073_024.mp4,.mp4,2867591,already_compressed_or_media
data\train\archive (1)\FaceForensics++_C23\FaceShifter\074_825.mp4,.mp4,2982950,already_compressed_or_media
data\train\archive (1)\FaceForensics++_C23\FaceShifter\075_977.mp4,.mp4,3267608,already_compressed_or_media
data\train\archive (1)\FaceForensics++_C23\FaceShifter\076_079.mp4,.mp4,1324651,already_compressed_or_media
data\train\archive (1)\FaceForensics++_C23\FaceShifter\077_100.mp4,.mp4,900663,already_compressed_or_media
data\train\archive (1)\FaceForensics++_C23\FaceShifter\078_955.mp4,.mp4,2319239,already_compressed_or_media
data\train\archive (1)\FaceForensics++_C23\FaceShifter\079_076.mp4,.mp4,1762724,already_compressed_or_media
data\train\archive (1)\FaceForensics++_C23\FaceShifter\080_061.mp4,.mp4,567349,already_compressed_or_media
data\train\archive (1)\FaceForensics++_C23\FaceShifter\081_087.mp4,.mp4,2268191,already_compressed_or_media
data\train\archive (1)\FaceForensics++_C23\FaceShifter\082_103.mp4,.mp4,626199,already_compressed_or_media
data\train\archive (1)\FaceForensics++_C23\FaceShifter\083_213.mp4,.mp4,5478378,already_compressed_or_media
data\train\archive (1)\FaceForensics++_C23\FaceShifter\084_042.mp4,.mp4,4822642,already_compressed_or_media
data\train\archive (1)\FaceForensics++_C23\FaceShifter\085_124.mp4,.mp4,1858621,already_compressed_or_media
data\train\archive (1)\FaceForensics++_C23\FaceShifter\086_090.mp4,.mp4,2752644,already_compressed_or_media
data\train\archive (1)\FaceForensics++_C23\FaceShifter\087_081.mp4,.mp4,385580,already_compressed_or_media
data\train\archive (1)\FaceForensics++_C23\FaceShifter\088_060.mp4,.mp4,2156112,already_compressed_or_media
data\train\archive (1)\FaceForensics++_C23\FaceShifter\089_065.mp4,.mp4,3237755,already_compressed_or_media
data\train\archive (1)\FaceForensics++_C23\FaceShifter\090_086.mp4,.mp4,4682710,already_compressed_or_media
data\train\archive (1)\FaceForensics++_C23\FaceShifter\091_116.mp4,.mp4,1601824,already_compressed_or_media
data\train\archive (1)\FaceForensics++_C23\FaceShifter\092_098.mp4,.mp4,992335,already_compressed_or_media
data\train\archive (1)\FaceForensics++_C23\FaceShifter\093_121.mp4,.mp4,2410875,already_compressed_or_media
data\train\archive (1)\FaceForensics++_C23\FaceShifter\094_111.mp4,.mp4,2566940,already_compressed_or_media
data\train\archive (1)\FaceForensics++_C23\FaceShifter\095_053.mp4,.mp4,2170889,already_compressed_or_media
data\train\archive (1)\FaceForensics++_C23\FaceShifter\096_101.mp4,.mp4,5297552,already_compressed_or_media
data\train\archive (1)\FaceForensics++_C23\FaceShifter\097_033.mp4,.mp4,1022282,already_compressed_or_media
data\train\archive (1)\FaceForensics++_C23\FaceShifter\098_092.mp4,.mp4,405292,already_compressed_or_media
data\train\archive (1)\FaceForensics++_C23\FaceShifter\099_295.mp4,.mp4,10607159,already_compressed_or_media
data\train\archive (1)\FaceForensics++_C23\FaceShifter\100_077.mp4,.mp4,898203,already_compressed_or_media
data\train\archive (1)\FaceForensics++_C23\FaceShifter\101_096.mp4,.mp4,2363617,already_compressed_or_media
data\train\archive (1)\FaceForensics++_C23\FaceShifter\102_114.mp4,.mp4,996205,already_compressed_or_media
data\train\archive (1)\FaceForensics++_C23\FaceShifter\103_082.mp4,.mp4,1778289,already_compressed_or_media
data\train\archive (1)\FaceForensics++_C23\FaceShifter\104_126.mp4,.mp4,1278254,already_compressed_or_media
data\train\archive (1)\FaceForensics++_C23\FaceShifter\105_180.mp4,.mp4,1159717,already_compressed_or_media
data\train\archive (1)\FaceForensics++_C23\FaceShifter\106_198.mp4,.mp4,488242,already_compressed_or_media
data\train\archive (1)\FaceForensics++_C23\FaceShifter\107_109.mp4,.mp4,1118187,already_compressed_or_media
data\train\archive (1)\FaceForensics++_C23\FaceShifter\108_052.mp4,.mp4,3881271,already_compressed_or_media
data\train\archive (1)\FaceForensics++_C23\FaceShifter\109_107.mp4,.mp4,1010086,already_compressed_or_media
data\train\archive (1)\FaceForensics++_C23\FaceShifter\110_043.mp4,.mp4,1278447,already_compressed_or_media
data\train\archive (1)\FaceForensics++_C23\FaceShifter\111_094.mp4,.mp4,917474,already_compressed_or_media
data\train\archive (1)\FaceForensics++_C23\FaceShifter\112_892.mp4,.mp4,6359048,already_compressed_or_media
data\train\archive (1)\FaceForensics++_C23\FaceShifter\113_983.mp4,.mp4,4249863,already_compressed_or_media
data\train\archive (1)\FaceForensics++_C23\FaceShifter\114_102.mp4,.mp4,2648727,already_compressed_or_media
data\train\archive (1)\FaceForensics++_C23\FaceShifter\115_939.mp4,.mp4,1361065,already_compressed_or_media
data\train\archive (1)\FaceForensics++_C23\FaceShifter\116_091.mp4,.mp4,666227,already_compressed_or_media
data\train\archive (1)\FaceForensics++_C23\FaceShifter\117_217.mp4,.mp4,4051297,already_compressed_or_media
data\train\archive (1)\FaceForensics++_C23\FaceShifter\118_120.mp4,.mp4,988711,already_compressed_or_media
data\train\archive (1)\FaceForensics++_C23\FaceShifter\119_123.mp4,.mp4,839427,already_compressed_or_media
data\train\archive (1)\FaceForensics++_C23\FaceShifter\120_118.mp4,.mp4,1095779,already_compressed_or_media
data\train\archive (1)\FaceForensics++_C23\FaceShifter\121_093.mp4,.mp4,4512700,already_compressed_or_media
data\train\archive (1)\FaceForensics++_C23\FaceShifter\122_144.mp4,.mp4,1758097,already_compressed_or_media
data\train\archive (1)\FaceForensics++_C23\FaceShifter\123_119.mp4,.mp4,1182989,already_compressed_or_media
data\train\archive (1)\FaceForensics++_C23\FaceShifter\124_085.mp4,.mp4,707559,already_compressed_or_media
data\train\archive (1)\FaceForensics++_C23\FaceShifter\125_038.mp4,.mp4,2438950,already_compressed_or_media
data\train\archive (1)\FaceForensics++_C23\FaceShifter\126_104.mp4,.mp4,704403,already_compressed_or_media
data\train\archive (1)\FaceForensics++_C23\FaceShifter\127_129.mp4,.mp4,3083872,already_compressed_or_media
data\train\archive (1)\FaceForensics++_C23\FaceShifter\128_896.mp4,.mp4,1289984,already_compressed_or_media
data\train\archive (1)\FaceForensics++_C23\FaceShifter\129_127.mp4,.mp4,1726459,already_compressed_or_media
data\train\archive (1)\FaceForensics++_C23\FaceShifter\130_139.mp4,.mp4,2234853,already_compressed_or_media
data\train\archive (1)\FaceForensics++_C23\FaceShifter\131_518.mp4,.mp4,567952,already_compressed_or_media
data\train\archive (1)\FaceForensics++_C23\FaceShifter\132_007.mp4,.mp4,402855,already_compressed_or_media
data\train\archive (1)\FaceForensics++_C23\FaceShifter\133_148.mp4,.mp4,1117091,already_compressed_or_media
data\train\archive (1)\FaceForensics++_C23\FaceShifter\134_192.mp4,.mp4,2047408,already_compressed_or_media
data\train\archive (1)\FaceForensics++_C23\FaceShifter\135_880.mp4,.mp4,1311489,already_compressed_or_media
data\train\archive (1)\FaceForensics++_C23\FaceShifter\136_285.mp4,.mp4,3708709,already_compressed_or_media
data\train\archive (1)\FaceForensics++_C23\FaceShifter\137_165.mp4,.mp4,2174653,already_compressed_or_media
data\train\archive (1)\FaceForensics++_C23\FaceShifter\138_142.mp4,.mp4,438884,already_compressed_or_media
data\train\archive (1)\FaceForensics++_C23\FaceShifter\139_130.mp4,.mp4,551990,already_compressed_or_media
data\train\archive (1)\FaceForensics++_C23\FaceShifter\140_143.mp4,.mp4,2326588,already_compressed_or_media
data\train\archive (1)\FaceForensics++_C23\FaceShifter\141_161.mp4,.mp4,1212779,already_compressed_or_media
data\train\archive (1)\FaceForensics++_C23\FaceShifter\142_138.mp4,.mp4,1398382,already_compressed_or_media
data\train\archive (1)\FaceForensics++_C23\FaceShifter\143_140.mp4,.mp4,694691,already_compressed_or_media
data\train\archive (1)\FaceForensics++_C23\FaceShifter\144_122.mp4,.mp4,1251826,already_compressed_or_media
data\train\archive (1)\FaceForensics++_C23\FaceShifter\145_299.mp4,.mp4,580719,already_compressed_or_media
data\train\archive (1)\FaceForensics++_C23\FaceShifter\146_256.mp4,.mp4,6843277,already_compressed_or_media
data\train\archive (1)\FaceForensics++_C23\FaceShifter\147_055.mp4,.mp4,1336751,already_compressed_or_media
data\train\archive (1)\FaceForensics++_C23\FaceShifter\148_133.mp4,.mp4,758671,already_compressed_or_media
data\train\archive (1)\FaceForensics++_C23\FaceShifter\149_152.mp4,.mp4,889185,already_compressed_or_media
data\train\archive (1)\FaceForensics++_C23\FaceShifter\150_153.mp4,.mp4,592210,already_compressed_or_media
data\train\archive (1)\FaceForensics++_C23\FaceShifter\151_225.mp4,.mp4,2130887,already_compressed_or_media
data\train\archive (1)\FaceForensics++_C23\FaceShifter\152_149.mp4,.mp4,704496,already_compressed_or_media
data\train\archive (1)\FaceForensics++_C23\FaceShifter\153_150.mp4,.mp4,2121030,already_compressed_or_media
data\train\archive (1)\FaceForensics++_C23\FaceShifter\154_386.mp4,.mp4,3042071,already_compressed_or_media
data\train\archive (1)\FaceForensics++_C23\FaceShifter\155_576.mp4,.mp4,2071983,already_compressed_or_media
data\train\archive (1)\FaceForensics++_C23\FaceShifter\156_243.mp4,.mp4,1171794,already_compressed_or_media
data\train\archive (1)\FaceForensics++_C23\FaceShifter\157_245.mp4,.mp4,736750,already_compressed_or_media
data\train\archive (1)\FaceForensics++_C23\FaceShifter\158_379.mp4,.mp4,777843,already_compressed_or_media
data\train\archive (1)\FaceForensics++_C23\FaceShifter\159_175.mp4,.mp4,952214,already_compressed_or_media
data\train\archive (1)\FaceForensics++_C23\FaceShifter\160_928.mp4,.mp4,2353040,already_compressed_or_media
data\train\archive (1)\FaceForensics++_C23\FaceShifter\161_141.mp4,.mp4,648853,already_compressed_or_media
data\train\archive (1)\FaceForensics++_C23\FaceShifter\162_330.mp4,.mp4,3010825,already_compressed_or_media
data\train\archive (1)\FaceForensics++_C23\FaceShifter\163_031.mp4,.mp4,879043,already_compressed_or_media
data\train\archive (1)\FaceForensics++_C23\FaceShifter\164_216.mp4,.mp4,2748696,already_compressed_or_media
data\train\archive (1)\FaceForensics++_C23\FaceShifter\165_137.mp4,.mp4,695409,already_compressed_or_media
data\train\archive (1)\FaceForensics++_C23\FaceShifter\166_167.mp4,.mp4,1248252,already_compressed_or_media
data\train\archive (1)\FaceForensics++_C23\FaceShifter\167_166.mp4,.mp4,851423,already_compressed_or_media
data\train\archive (1)\FaceForensics++_C23\FaceShifter\168_222.mp4,.mp4,1607454,already_compressed_or_media
data\train\archive (1)\FaceForensics++_C23\FaceShifter\169_227.mp4,.mp4,922680,already_compressed_or_media
data\train\archive (1)\FaceForensics++_C23\FaceShifter\170_186.mp4,.mp4,4624190,already_compressed_or_media
data\train\archive (1)\FaceForensics++_C23\FaceShifter\171_173.mp4,.mp4,2742551,already_compressed_or_media
data\train\archive (1)\FaceForensics++_C23\FaceShifter\172_582.mp4,.mp4,1157975,already_compressed_or_media
data\train\archive (1)\FaceForensics++_C23\FaceShifter\173_171.mp4,.mp4,4299697,already_compressed_or_media
data\train\archive (1)\FaceForensics++_C23\FaceShifter\174_964.mp4,.mp4,742299,already_compressed_or_media
data\train\archive (1)\FaceForensics++_C23\FaceShifter\175_159.mp4,.mp4,1161571,already_compressed_or_media
data\train\archive (1)\FaceForensics++_C23\FaceShifter\176_190.mp4,.mp4,4788925,already_compressed_or_media
data\train\archive (1)\FaceForensics++_C23\FaceShifter\177_211.mp4,.mp4,1200758,already_compressed_or_media
data\train\archive (1)\FaceForensics++_C23\FaceShifter\178_598.mp4,.mp4,535116,already_compressed_or_media
data\train\archive (1)\FaceForensics++_C23\FaceShifter\179_212.mp4,.mp4,1849846,already_compressed_or_media
data\train\archive (1)\FaceForensics++_C23\FaceShifter\180_105.mp4,.mp4,1307674,already_compressed_or_media
data\train\archive (1)\FaceForensics++_C23\FaceShifter\181_199.mp4,.mp4,712196,already_compressed_or_media
data\train\archive (1)\FaceForensics++_C23\FaceShifter\182_242.mp4,.mp4,2279924,already_compressed_or_media
data\train\archive (1)\FaceForensics++_C23\FaceShifter\183_253.mp4,.mp4,1411504,already_compressed_or_media
data\train\archive (1)\FaceForensics++_C23\FaceShifter\184_205.mp4,.mp4,1919179,already_compressed_or_media
data\train\archive (1)\FaceForensics++_C23\FaceShifter\185_276.mp4,.mp4,2342849,already_compressed_or_media
data\train\archive (1)\FaceForensics++_C23\FaceShifter\186_170.mp4,.mp4,5151133,already_compressed_or_media
data\train\archive (1)\FaceForensics++_C23\FaceShifter\187_234.mp4,.mp4,5994142,already_compressed_or_media
data\train\archive (1)\FaceForensics++_C23\FaceShifter\188_191.mp4,.mp4,1396354,already_compressed_or_media
data\train\archive (1)\FaceForensics++_C23\FaceShifter\189_200.mp4,.mp4,1630629,already_compressed_or_media
data\train\archive (1)\FaceForensics++_C23\FaceShifter\190_176.mp4,.mp4,2949504,already_compressed_or_media
data\train\archive (1)\FaceForensics++_C23\FaceShifter\191_188.mp4,.mp4,3976096,already_compressed_or_media
data\train\archive (1)\FaceForensics++_C23\FaceShifter\192_134.mp4,.mp4,951964,already_compressed_or_media
data\train\archive (1)\FaceForensics++_C23\FaceShifter\193_030.mp4,.mp4,4907523,already_compressed_or_media
data\train\archive (1)\FaceForensics++_C23\FaceShifter\194_235.mp4,.mp4,986328,already_compressed_or_media
data\train\archive (1)\FaceForensics++_C23\FaceShifter\195_442.mp4,.mp4,1294577,already_compressed_or_media
data\train\archive (1)\FaceForensics++_C23\FaceShifter\196_310.mp4,.mp4,617907,already_compressed_or_media
data\train\archive (1)\FaceForensics++_C23\FaceShifter\197_224.mp4,.mp4,1609034,already_compressed_or_media
data\train\archive (1)\FaceForensics++_C23\FaceShifter\198_106.mp4,.mp4,644733,already_compressed_or_media
data\train\archive (1)\FaceForensics++_C23\FaceShifter\199_181.mp4,.mp4,1198291,already_compressed_or_media
data\train\archive (1)\FaceForensics++_C23\FaceShifter\200_189.mp4,.mp4,2720496,already_compressed_or_media
data\train\archive (1)\FaceForensics++_C23\FaceShifter\201_203.mp4,.mp4,1887556,already_compressed_or_media
data\train\archive (1)\FaceForensics++_C23\FaceShifter\202_348.mp4,.mp4,692516,already_compressed_or_media
data\train\archive (1)\FaceForensics++_C23\FaceShifter\203_201.mp4,.mp4,1382851,already_compressed_or_media
data\train\archive (1)\FaceForensics++_C23\FaceShifter\204_230.mp4,.mp4,2071236,already_compressed_or_media
data\train\archive (1)\FaceForensics++_C23\FaceShifter\205_184.mp4,.mp4,898944,already_compressed_or_media
data\train\archive (1)\FaceForensics++_C23\FaceShifter\206_221.mp4,.mp4,749446,already_compressed_or_media
data\train\archive (1)\FaceForensics++_C23\FaceShifter\207_908.mp4,.mp4,3227816,already_compressed_or_media
data\train\archive (1)\FaceForensics++_C23\FaceShifter\208_215.mp4,.mp4,1161936,already_compressed_or_media
data\train\archive (1)\FaceForensics++_C23\FaceShifter\209_016.mp4,.mp4,1283927,already_compressed_or_media
data\train\archive (1)\FaceForensics++_C23\FaceShifter\210_241.mp4,.mp4,1869155,already_compressed_or_media
data\train\archive (1)\FaceForensics++_C23\FaceShifter\211_177.mp4,.mp4,2698679,already_compressed_or_media
data\train\archive (1)\FaceForensics++_C23\FaceShifter\212_179.mp4,.mp4,691358,already_compressed_or_media
data\train\archive (1)\FaceForensics++_C23\FaceShifter\213_083.mp4,.mp4,1971623,already_compressed_or_media
data\train\archive (1)\FaceForensics++_C23\FaceShifter\214_255.mp4,.mp4,1422786,already_compressed_or_media
data\train\archive (1)\FaceForensics++_C23\FaceShifter\215_208.mp4,.mp4,1056437,already_compressed_or_media
data\train\archive (1)\FaceForensics++_C23\FaceShifter\216_164.mp4,.mp4,1034791,already_compressed_or_media
data\train\archive (1)\FaceForensics++_C23\FaceShifter\217_117.mp4,.mp4,7531738,already_compressed_or_media
data\train\archive (1)\FaceForensics++_C23\FaceShifter\218_239.mp4,.mp4,455900,already_compressed_or_media
data\train\archive (1)\FaceForensics++_C23\FaceShifter\219_220.mp4,.mp4,2115736,already_compressed_or_media
data\train\archive (1)\FaceForensics++_C23\FaceShifter\220_219.mp4,.mp4,776925,already_compressed_or_media
data\train\archive (1)\FaceForensics++_C23\FaceShifter\221_206.mp4,.mp4,2788725,already_compressed_or_media
data\train\archive (1)\FaceForensics++_C23\FaceShifter\222_168.mp4,.mp4,869548,already_compressed_or_media
data\train\archive (1)\FaceForensics++_C23\FaceShifter\223_586.mp4,.mp4,1929196,already_compressed_or_media
data\train\archive (1)\FaceForensics++_C23\FaceShifter\224_197.mp4,.mp4,1891630,already_compressed_or_media
data\train\archive (1)\FaceForensics++_C23\FaceShifter\225_151.mp4,.mp4,1199069,already_compressed_or_media
data\train\archive (1)\FaceForensics++_C23\FaceShifter\226_491.mp4,.mp4,1311226,already_compressed_or_media
data\train\archive (1)\FaceForensics++_C23\FaceShifter\227_169.mp4,.mp4,1452519,already_compressed_or_media
data\train\archive (1)\FaceForensics++_C23\FaceShifter\228_289.mp4,.mp4,779996,already_compressed_or_media
data\train\archive (1)\FaceForensics++_C23\FaceShifter\229_247.mp4,.mp4,710959,already_compressed_or_media
data\train\archive (1)\FaceForensics++_C23\FaceShifter\230_204.mp4,.mp4,1506788,already_compressed_or_media
data\train\archive (1)\FaceForensics++_C23\FaceShifter\231_663.mp4,.mp4,996070,already_compressed_or_media
data\train\archive (1)\FaceForensics++_C23\FaceShifter\232_248.mp4,.mp4,1564105,already_compressed_or_media
data\train\archive (1)\FaceForensics++_C23\FaceShifter\233_995.mp4,.mp4,2747629,already_compressed_or_media
data\train\archive (1)\FaceForensics++_C23\FaceShifter\234_187.mp4,.mp4,1552572,already_compressed_or_media
data\train\archive (1)\FaceForensics++_C23\FaceShifter\235_194.mp4,.mp4,1382898,already_compressed_or_media
data\train\archive (1)\FaceForensics++_C23\FaceShifter\236_237.mp4,.mp4,1472824,already_compressed_or_media
data\train\archive (1)\FaceForensics++_C23\FaceShifter\237_236.mp4,.mp4,3222554,already_compressed_or_media
data\train\archive (1)\FaceForensics++_C23\FaceShifter\238_282.mp4,.mp4,886309,already_compressed_or_media
data\train\archive (1)\FaceForensics++_C23\FaceShifter\239_218.mp4,.mp4,1510201,already_compressed_or_media
data\train\archive (1)\FaceForensics++_C23\FaceShifter\240_290.mp4,.mp4,2355701,already_compressed_or_media
data\train\archive (1)\FaceForensics++_C23\FaceShifter\241_210.mp4,.mp4,614158,already_compressed_or_media
data\train\archive (1)\FaceForensics++_C23\FaceShifter\242_182.mp4,.mp4,530126,already_compressed_or_media
data\train\archive (1)\FaceForensics++_C23\FaceShifter\243_156.mp4,.mp4,2351092,already_compressed_or_media
data\train\archive (1)\FaceForensics++_C23\FaceShifter\244_822.mp4,.mp4,4868539,already_compressed_or_media
data\train\archive (1)\FaceForensics++_C23\FaceShifter\245_157.mp4,.mp4,693813,already_compressed_or_media
data\train\archive (1)\FaceForensics++_C23\FaceShifter\246_258.mp4,.mp4,1917930,already_compressed_or_media
data\train\archive (1)\FaceForensics++_C23\FaceShifter\247_229.mp4,.mp4,1248882,already_compressed_or_media
data\train\archive (1)\FaceForensics++_C23\FaceShifter\248_232.mp4,.mp4,2233037,already_compressed_or_media
data\train\archive (1)\FaceForensics++_C23\FaceShifter\249_280.mp4,.mp4,1610665,already_compressed_or_media
data\train\archive (1)\FaceForensics++_C23\FaceShifter\250_461.mp4,.mp4,2629667,already_compressed_or_media
data\train\archive (1)\FaceForensics++_C23\FaceShifter\251_375.mp4,.mp4,2586884,already_compressed_or_media
data\train\archive (1)\FaceForensics++_C23\FaceShifter\252_266.mp4,.mp4,1761797,already_compressed_or_media
data\train\archive (1)\FaceForensics++_C23\FaceShifter\253_183.mp4,.mp4,1702795,already_compressed_or_media
data\train\archive (1)\FaceForensics++_C23\FaceShifter\254_261.mp4,.mp4,1364322,already_compressed_or_media
data\train\archive (1)\FaceForensics++_C23\FaceShifter\255_214.mp4,.mp4,1979839,already_compressed_or_media
data\train\archive (1)\FaceForensics++_C23\FaceShifter\256_146.mp4,.mp4,2527203,already_compressed_or_media
data\train\archive (1)\FaceForensics++_C23\FaceShifter\257_420.mp4,.mp4,2295877,already_compressed_or_media
data\train\archive (1)\FaceForensics++_C23\FaceShifter\258_246.mp4,.mp4,3280885,already_compressed_or_media
data\train\archive (1)\FaceForensics++_C23\FaceShifter\259_345.mp4,.mp4,1136604,already_compressed_or_media
data\train\archive (1)\FaceForensics++_C23\FaceShifter\260_331.mp4,.mp4,483218,already_compressed_or_media
data\train\archive (1)\FaceForensics++_C23\FaceShifter\261_254.mp4,.mp4,728605,already_compressed_or_media
data\train\archive (1)\FaceForensics++_C23\FaceShifter\262_301.mp4,.mp4,724723,already_compressed_or_media
data\train\archive (1)\FaceForensics++_C23\FaceShifter\263_284.mp4,.mp4,1630254,already_compressed_or_media
data\train\archive (1)\FaceForensics++_C23\FaceShifter\264_271.mp4,.mp4,643808,already_compressed_or_media
data\train\archive (1)\FaceForensics++_C23\FaceShifter\265_475.mp4,.mp4,6602272,already_compressed_or_media
data\train\archive (1)\FaceForensics++_C23\FaceShifter\266_252.mp4,.mp4,1403185,already_compressed_or_media
data\train\archive (1)\FaceForensics++_C23\FaceShifter\267_286.mp4,.mp4,1745555,already_compressed_or_media
data\train\archive (1)\FaceForensics++_C23\FaceShifter\268_269.mp4,.mp4,3785431,already_compressed_or_media
data\train\archive (1)\FaceForensics++_C23\FaceShifter\269_268.mp4,.mp4,744406,already_compressed_or_media
data\train\archive (1)\FaceForensics++_C23\FaceShifter\270_297.mp4,.mp4,827441,already_compressed_or_media
data\train\archive (1)\FaceForensics++_C23\FaceShifter\271_264.mp4,.mp4,1387357,already_compressed_or_media
data\train\archive (1)\FaceForensics++_C23\FaceShifter\272_396.mp4,.mp4,1572552,already_compressed_or_media
data\train\archive (1)\FaceForensics++_C23\FaceShifter\273_807.mp4,.mp4,985423,already_compressed_or_media
data\train\archive (1)\FaceForensics++_C23\FaceShifter\274_412.mp4,.mp4,2396664,already_compressed_or_media
data\train\archive (1)\FaceForensics++_C23\FaceShifter\275_887.mp4,.mp4,984576,already_compressed_or_media
data\train\archive (1)\FaceForensics++_C23\FaceShifter\276_185.mp4,.mp4,864368,already_compressed_or_media
data\train\archive (1)\FaceForensics++_C23\FaceShifter\277_335.mp4,.mp4,3377339,already_compressed_or_media
data\train\archive (1)\FaceForensics++_C23\FaceShifter\278_306.mp4,.mp4,701870,already_compressed_or_media
data\train\archive (1)\FaceForensics++_C23\FaceShifter\279_298.mp4,.mp4,2544968,already_compressed_or_media
data\train\archive (1)\FaceForensics++_C23\FaceShifter\280_249.mp4,.mp4,1051676,already_compressed_or_media
data\train\archive (1)\FaceForensics++_C23\FaceShifter\281_474.mp4,.mp4,878675,already_compressed_or_media
data\train\archive (1)\FaceForensics++_C23\FaceShifter\282_238.mp4,.mp4,1247939,already_compressed_or_media
data\train\archive (1)\FaceForensics++_C23\FaceShifter\283_313.mp4,.mp4,1382662,already_compressed_or_media
data\train\archive (1)\FaceForensics++_C23\FaceShifter\284_263.mp4,.mp4,4962542,already_compressed_or_media
data\train\archive (1)\FaceForensics++_C23\FaceShifter\285_136.mp4,.mp4,1482521,already_compressed_or_media
data\train\archive (1)\FaceForensics++_C23\FaceShifter\286_267.mp4,.mp4,2526697,already_compressed_or_media
data\train\archive (1)\FaceForensics++_C23\FaceShifter\287_426.mp4,.mp4,3358558,already_compressed_or_media
data\train\archive (1)\FaceForensics++_C23\FaceShifter\288_321.mp4,.mp4,742087,already_compressed_or_media
data\train\archive (1)\FaceForensics++_C23\FaceShifter\289_228.mp4,.mp4,1176726,already_compressed_or_media
data\train\archive (1)\FaceForensics++_C23\FaceShifter\290_240.mp4,.mp4,1112907,already_compressed_or_media
data\train\archive (1)\FaceForensics++_C23\FaceShifter\291_874.mp4,.mp4,2835217,already_compressed_or_media
data\train\archive (1)\FaceForensics++_C23\FaceShifter\292_294.mp4,.mp4,2422860,already_compressed_or_media
data\train\archive (1)\FaceForensics++_C23\FaceShifter\293_296.mp4,.mp4,1960276,already_compressed_or_media
data\train\archive (1)\FaceForensics++_C23\FaceShifter\294_292.mp4,.mp4,3583978,already_compressed_or_media
data\train\archive (1)\FaceForensics++_C23\FaceShifter\295_099.mp4,.mp4,3949828,already_compressed_or_media
data\train\archive (1)\FaceForensics++_C23\FaceShifter\296_293.mp4,.mp4,649377,already_compressed_or_media
data\train\archive (1)\FaceForensics++_C23\FaceShifter\297_270.mp4,.mp4,496842,already_compressed_or_media
data\train\archive (1)\FaceForensics++_C23\FaceShifter\298_279.mp4,.mp4,1165462,already_compressed_or_media
data\train\archive (1)\FaceForensics++_C23\FaceShifter\299_145.mp4,.mp4,914803,already_compressed_or_media
data\train\archive (1)\FaceForensics++_C23\FaceShifter\300_304.mp4,.mp4,934473,already_compressed_or_media
data\train\archive (1)\FaceForensics++_C23\FaceShifter\301_262.mp4,.mp4,1291568,already_compressed_or_media
data\train\archive (1)\FaceForensics++_C23\FaceShifter\302_323.mp4,.mp4,1582278,already_compressed_or_media
data\train\archive (1)\FaceForensics++_C23\FaceShifter\303_309.mp4,.mp4,1828770,already_compressed_or_media
data\train\archive (1)\FaceForensics++_C23\FaceShifter\304_300.mp4,.mp4,953437,already_compressed_or_media
data\train\archive (1)\FaceForensics++_C23\FaceShifter\305_513.mp4,.mp4,3311339,already_compressed_or_media
data\train\archive (1)\FaceForensics++_C23\FaceShifter\306_278.mp4,.mp4,971876,already_compressed_or_media
data\train\archive (1)\FaceForensics++_C23\FaceShifter\307_365.mp4,.mp4,608652,already_compressed_or_media
data\train\archive (1)\FaceForensics++_C23\FaceShifter\308_388.mp4,.mp4,1429373,already_compressed_or_media
data\train\archive (1)\FaceForensics++_C23\FaceShifter\309_303.mp4,.mp4,1727586,already_compressed_or_media
data\train\archive (1)\FaceForensics++_C23\FaceShifter\310_196.mp4,.mp4,2203827,already_compressed_or_media
data\train\archive (1)\FaceForensics++_C23\FaceShifter\311_387.mp4,.mp4,1253744,already_compressed_or_media
data\train\archive (1)\FaceForensics++_C23\FaceShifter\312_021.mp4,.mp4,1139044,already_compressed_or_media
data\train\archive (1)\FaceForensics++_C23\FaceShifter\313_283.mp4,.mp4,748476,already_compressed_or_media
data\train\archive (1)\FaceForensics++_C23\FaceShifter\314_347.mp4,.mp4,919647,already_compressed_or_media
data\train\archive (1)\FaceForensics++_C23\FaceShifter\315_322.mp4,.mp4,677447,already_compressed_or_media
data\train\archive (1)\FaceForensics++_C23\FaceShifter\316_369.mp4,.mp4,701425,already_compressed_or_media
data\train\archive (1)\FaceForensics++_C23\FaceShifter\317_359.mp4,.mp4,1051389,already_compressed_or_media
data\train\archive (1)\FaceForensics++_C23\FaceShifter\318_334.mp4,.mp4,891769,already_compressed_or_media
data\train\archive (1)\FaceForensics++_C23\FaceShifter\319_352.mp4,.mp4,1434653,already_compressed_or_media
data\train\archive (1)\FaceForensics++_C23\FaceShifter\320_328.mp4,.mp4,2944938,already_compressed_or_media
data\train\archive (1)\FaceForensics++_C23\FaceShifter\321_288.mp4,.mp4,1213694,already_compressed_or_media
data\train\archive (1)\FaceForensics++_C23\FaceShifter\322_315.mp4,.mp4,1161891,already_compressed_or_media
data\train\archive (1)\FaceForensics++_C23\FaceShifter\323_302.mp4,.mp4,1259761,already_compressed_or_media
data\train\archive (1)\FaceForensics++_C23\FaceShifter\324_356.mp4,.mp4,2563026,already_compressed_or_media
data\train\archive (1)\FaceForensics++_C23\FaceShifter\325_492.mp4,.mp4,9723330,already_compressed_or_media
data\train\archive (1)\FaceForensics++_C23\FaceShifter\326_501.mp4,.mp4,1560637,already_compressed_or_media
data\train\archive (1)\FaceForensics++_C23\FaceShifter\327_329.mp4,.mp4,608470,already_compressed_or_media
data\train\archive (1)\FaceForensics++_C23\FaceShifter\328_320.mp4,.mp4,1676502,already_compressed_or_media
data\train\archive (1)\FaceForensics++_C23\FaceShifter\329_327.mp4,.mp4,471358,already_compressed_or_media
data\train\archive (1)\FaceForensics++_C23\FaceShifter\330_162.mp4,.mp4,1927204,already_compressed_or_media
data\train\archive (1)\FaceForensics++_C23\FaceShifter\331_260.mp4,.mp4,1509625,already_compressed_or_media
data\train\archive (1)\FaceForensics++_C23\FaceShifter\332_051.mp4,.mp4,5686424,already_compressed_or_media
data\train\archive (1)\FaceForensics++_C23\FaceShifter\333_377.mp4,.mp4,1089736,already_compressed_or_media
data\train\archive (1)\FaceForensics++_C23\FaceShifter\334_318.mp4,.mp4,3096577,already_compressed_or_media
data\train\archive (1)\FaceForensics++_C23\FaceShifter\335_277.mp4,.mp4,1581228,already_compressed_or_media
data\train\archive (1)\FaceForensics++_C23\FaceShifter\336_338.mp4,.mp4,849590,already_compressed_or_media
data\train\archive (1)\FaceForensics++_C23\FaceShifter\337_522.mp4,.mp4,853536,already_compressed_or_media
data\train\archive (1)\FaceForensics++_C23\FaceShifter\338_336.mp4,.mp4,1815576,already_compressed_or_media
data\train\archive (1)\FaceForensics++_C23\FaceShifter\339_392.mp4,.mp4,580569,already_compressed_or_media
data\train\archive (1)\FaceForensics++_C23\FaceShifter\340_341.mp4,.mp4,2576822,already_compressed_or_media
data\train\archive (1)\FaceForensics++_C23\FaceShifter\341_340.mp4,.mp4,6493899,already_compressed_or_media
data\train\archive (1)\FaceForensics++_C23\FaceShifter\342_416.mp4,.mp4,1274169,already_compressed_or_media
data\train\archive (1)\FaceForensics++_C23\FaceShifter\343_363.mp4,.mp4,394802,already_compressed_or_media
data\train\archive (1)\FaceForensics++_C23\FaceShifter\344_020.mp4,.mp4,3077152,already_compressed_or_media
data\train\archive (1)\FaceForensics++_C23\FaceShifter\345_259.mp4,.mp4,885272,already_compressed_or_media
data\train\archive (1)\FaceForensics++_C23\FaceShifter\346_351.mp4,.mp4,709155,already_compressed_or_media
data\train\archive (1)\FaceForensics++_C23\FaceShifter\347_314.mp4,.mp4,728429,already_compressed_or_media
data\train\archive (1)\FaceForensics++_C23\FaceShifter\348_202.mp4,.mp4,537470,already_compressed_or_media
data\train\archive (1)\FaceForensics++_C23\FaceShifter\349_350.mp4,.mp4,1689662,already_compressed_or_media
data\train\archive (1)\FaceForensics++_C23\FaceShifter\350_349.mp4,.mp4,1082503,already_compressed_or_media
data\train\archive (1)\FaceForensics++_C23\FaceShifter\351_346.mp4,.mp4,1028268,already_compressed_or_media
data\train\archive (1)\FaceForensics++_C23\FaceShifter\352_319.mp4,.mp4,1387617,already_compressed_or_media
data\train\archive (1)\FaceForensics++_C23\FaceShifter\353_383.mp4,.mp4,1686053,already_compressed_or_media
data\train\archive (1)\FaceForensics++_C23\FaceShifter\354_362.mp4,.mp4,1993512,already_compressed_or_media
data\train\archive (1)\FaceForensics++_C23\FaceShifter\355_748.mp4,.mp4,5669657,already_compressed_or_media
data\train\archive (1)\FaceForensics++_C23\FaceShifter\356_324.mp4,.mp4,3083904,already_compressed_or_media
data\train\archive (1)\FaceForensics++_C23\FaceShifter\357_432.mp4,.mp4,548099,already_compressed_or_media
data\train\archive (1)\FaceForensics++_C23\FaceShifter\358_380.mp4,.mp4,759455,already_compressed_or_media
data\train\archive (1)\FaceForensics++_C23\FaceShifter\359_317.mp4,.mp4,845767,already_compressed_or_media
data\train\archive (1)\FaceForensics++_C23\FaceShifter\360_437.mp4,.mp4,2299954,already_compressed_or_media
data\train\archive (1)\FaceForensics++_C23\FaceShifter\361_448.mp4,.mp4,3266776,already_compressed_or_media
data\train\archive (1)\FaceForensics++_C23\FaceShifter\362_354.mp4,.mp4,1930709,already_compressed_or_media
data\train\archive (1)\FaceForensics++_C23\FaceShifter\363_343.mp4,.mp4,971398,already_compressed_or_media
data\train\archive (1)\FaceForensics++_C23\FaceShifter\364_440.mp4,.mp4,2136797,already_compressed_or_media
data\train\archive (1)\FaceForensics++_C23\FaceShifter\365_307.mp4,.mp4,393516,already_compressed_or_media
data\train\archive (1)\FaceForensics++_C23\FaceShifter\366_473.mp4,.mp4,886705,already_compressed_or_media
data\train\archive (1)\FaceForensics++_C23\FaceShifter\367_371.mp4,.mp4,980656,already_compressed_or_media
data\train\archive (1)\FaceForensics++_C23\FaceShifter\368_378.mp4,.mp4,1265969,already_compressed_or_media
data\train\archive (1)\FaceForensics++_C23\FaceShifter\369_316.mp4,.mp4,705705,already_compressed_or_media
data\train\archive (1)\FaceForensics++_C23\FaceShifter\370_483.mp4,.mp4,3924580,already_compressed_or_media
data\train\archive (1)\FaceForensics++_C23\FaceShifter\371_367.mp4,.mp4,1548952,already_compressed_or_media
data\train\archive (1)\FaceForensics++_C23\FaceShifter\372_413.mp4,.mp4,1079426,already_compressed_or_media
data\train\archive (1)\FaceForensics++_C23\FaceShifter\373_394.mp4,.mp4,3134882,already_compressed_or_media
data\train\archive (1)\FaceForensics++_C23\FaceShifter\374_407.mp4,.mp4,1686267,already_compressed_or_media
data\train\archive (1)\FaceForensics++_C23\FaceShifter\375_251.mp4,.mp4,1869839,already_compressed_or_media
data\train\archive (1)\FaceForensics++_C23\FaceShifter\376_381.mp4,.mp4,1809106,already_compressed_or_media
data\train\archive (1)\FaceForensics++_C23\FaceShifter\377_333.mp4,.mp4,730684,already_compressed_or_media
data\train\archive (1)\FaceForensics++_C23\FaceShifter\378_368.mp4,.mp4,4038708,already_compressed_or_media
data\train\archive (1)\FaceForensics++_C23\FaceShifter\379_158.mp4,.mp4,982918,already_compressed_or_media
data\train\archive (1)\FaceForensics++_C23\FaceShifter\380_358.mp4,.mp4,613286,already_compressed_or_media
data\train\archive (1)\FaceForensics++_C23\FaceShifter\381_376.mp4,.mp4,1609369,already_compressed_or_media
data\train\archive (1)\FaceForensics++_C23\FaceShifter\382_409.mp4,.mp4,721669,already_compressed_or_media
data\train\archive (1)\FaceForensics++_C23\FaceShifter\383_353.mp4,.mp4,2970450,already_compressed_or_media
data\train\archive (1)\FaceForensics++_C23\FaceShifter\384_932.mp4,.mp4,3521093,already_compressed_or_media
data\train\archive (1)\FaceForensics++_C23\FaceShifter\385_414.mp4,.mp4,1802544,already_compressed_or_media
data\train\archive (1)\FaceForensics++_C23\FaceShifter\386_154.mp4,.mp4,4091710,already_compressed_or_media
data\train\archive (1)\FaceForensics++_C23\FaceShifter\387_311.mp4,.mp4,1295947,already_compressed_or_media
data\train\archive (1)\FaceForensics++_C23\FaceShifter\388_308.mp4,.mp4,1051655,already_compressed_or_media
data\train\archive (1)\FaceForensics++_C23\FaceShifter\389_480.mp4,.mp4,3048236,already_compressed_or_media
data\train\archive (1)\FaceForensics++_C23\FaceShifter\390_709.mp4,.mp4,5896154,already_compressed_or_media
data\train\archive (1)\FaceForensics++_C23\FaceShifter\391_406.mp4,.mp4,706223,already_compressed_or_media
data\train\archive (1)\FaceForensics++_C23\FaceShifter\392_339.mp4,.mp4,7391445,already_compressed_or_media
data\train\archive (1)\FaceForensics++_C23\FaceShifter\393_405.mp4,.mp4,1160044,already_compressed_or_media
data\train\archive (1)\FaceForensics++_C23\FaceShifter\394_373.mp4,.mp4,1650472,already_compressed_or_media
data\train\archive (1)\FaceForensics++_C23\FaceShifter\395_401.mp4,.mp4,1270840,already_compressed_or_media
data\train\archive (1)\FaceForensics++_C23\FaceShifter\396_272.mp4,.mp4,1711000,already_compressed_or_media
data\train\archive (1)\FaceForensics++_C23\FaceShifter\397_602.mp4,.mp4,4432094,already_compressed_or_media
data\train\archive (1)\FaceForensics++_C23\FaceShifter\398_457.mp4,.mp4,1292066,already_compressed_or_media
data\train\archive (1)\FaceForensics++_C23\FaceShifter\399_488.mp4,.mp4,3672813,already_compressed_or_media
data\train\archive (1)\FaceForensics++_C23\FaceShifter\400_476.mp4,.mp4,1562988,already_compressed_or_media
data\train\archive (1)\FaceForensics++_C23\FaceShifter\401_395.mp4,.mp4,2052825,already_compressed_or_media
data\train\archive (1)\FaceForensics++_C23\FaceShifter\402_453.mp4,.mp4,5075069,already_compressed_or_media
data\train\archive (1)\FaceForensics++_C23\FaceShifter\403_497.mp4,.mp4,902666,already_compressed_or_media
data\train\archive (1)\FaceForensics++_C23\FaceShifter\404_429.mp4,.mp4,6834714,already_compressed_or_media
data\train\archive (1)\FaceForensics++_C23\FaceShifter\405_393.mp4,.mp4,1042101,already_compressed_or_media
data\train\archive (1)\FaceForensics++_C23\FaceShifter\406_391.mp4,.mp4,1453605,already_compressed_or_media
data\train\archive (1)\FaceForensics++_C23\FaceShifter\407_374.mp4,.mp4,1360127,already_compressed_or_media
data\train\archive (1)\FaceForensics++_C23\FaceShifter\408_424.mp4,.mp4,1577643,already_compressed_or_media
data\train\archive (1)\FaceForensics++_C23\FaceShifter\409_382.mp4,.mp4,492726,already_compressed_or_media
data\train\archive (1)\FaceForensics++_C23\FaceShifter\410_411.mp4,.mp4,5174675,already_compressed_or_media
data\train\archive (1)\FaceForensics++_C23\FaceShifter\411_410.mp4,.mp4,7470060,already_compressed_or_media
data\train\archive (1)\FaceForensics++_C23\FaceShifter\412_274.mp4,.mp4,1895905,already_compressed_or_media
data\train\archive (1)\FaceForensics++_C23\FaceShifter\413_372.mp4,.mp4,708575,already_compressed_or_media
data\train\archive (1)\FaceForensics++_C23\FaceShifter\414_385.mp4,.mp4,6882861,already_compressed_or_media
data\train\archive (1)\FaceForensics++_C23\FaceShifter\415_484.mp4,.mp4,671679,already_compressed_or_media
data\train\archive (1)\FaceForensics++_C23\FaceShifter\416_342.mp4,.mp4,1783886,already_compressed_or_media
data\train\archive (1)\FaceForensics++_C23\FaceShifter\417_496.mp4,.mp4,2193324,already_compressed_or_media
data\train\archive (1)\FaceForensics++_C23\FaceShifter\418_507.mp4,.mp4,2033232,already_compressed_or_media
data\train\archive (1)\FaceForensics++_C23\FaceShifter\419_824.mp4,.mp4,2151929,already_compressed_or_media
data\train\archive (1)\FaceForensics++_C23\FaceShifter\420_257.mp4,.mp4,1937933,already_compressed_or_media
data\train\archive (1)\FaceForensics++_C23\FaceShifter\421_423.mp4,.mp4,1801133,already_compressed_or_media
data\train\archive (1)\FaceForensics++_C23\FaceShifter\422_695.mp4,.mp4,5071414,already_compressed_or_media
data\train\archive (1)\FaceForensics++_C23\FaceShifter\423_421.mp4,.mp4,3455896,already_compressed_or_media
data\train\archive (1)\FaceForensics++_C23\FaceShifter\424_408.mp4,.mp4,580780,already_compressed_or_media
data\train\archive (1)\FaceForensics++_C23\FaceShifter\425_485.mp4,.mp4,787908,already_compressed_or_media
data\train\archive (1)\FaceForensics++_C23\FaceShifter\426_287.mp4,.mp4,4856807,already_compressed_or_media
data\train\archive (1)\FaceForensics++_C23\FaceShifter\427_637.mp4,.mp4,837523,already_compressed_or_media
data\train\archive (1)\FaceForensics++_C23\FaceShifter\428_466.mp4,.mp4,2189755,already_compressed_or_media
data\train\archive (1)\FaceForensics++_C23\FaceShifter\429_404.mp4,.mp4,1120857,already_compressed_or_media
data\train\archive (1)\FaceForensics++_C23\FaceShifter\430_459.mp4,.mp4,3246873,already_compressed_or_media
data\train\archive (1)\FaceForensics++_C23\FaceShifter\431_447.mp4,.mp4,2098247,already_compressed_or_media
data\train\archive (1)\FaceForensics++_C23\FaceShifter\432_357.mp4,.mp4,622908,already_compressed_or_media
data\train\archive (1)\FaceForensics++_C23\FaceShifter\433_498.mp4,.mp4,2541917,already_compressed_or_media
data\train\archive (1)\FaceForensics++_C23\FaceShifter\434_438.mp4,.mp4,505508,already_compressed_or_media
data\train\archive (1)\FaceForensics++_C23\FaceShifter\435_456.mp4,.mp4,1030157,already_compressed_or_media
data\train\archive (1)\FaceForensics++_C23\FaceShifter\436_526.mp4,.mp4,2582796,already_compressed_or_media
data\train\archive (1)\FaceForensics++_C23\FaceShifter\437_360.mp4,.mp4,4406298,already_compressed_or_media
data\train\archive (1)\FaceForensics++_C23\FaceShifter\438_434.mp4,.mp4,686671,already_compressed_or_media
data\train\archive (1)\FaceForensics++_C23\FaceShifter\439_441.mp4,.mp4,936247,already_compressed_or_media
data\train\archive (1)\FaceForensics++_C23\FaceShifter\440_364.mp4,.mp4,572841,already_compressed_or_media
data\train\archive (1)\FaceForensics++_C23\FaceShifter\441_439.mp4,.mp4,662051,already_compressed_or_media
data\train\archive (1)\FaceForensics++_C23\FaceShifter\442_195.mp4,.mp4,4140068,already_compressed_or_media
data\train\archive (1)\FaceForensics++_C23\FaceShifter\443_514.mp4,.mp4,1644221,already_compressed_or_media
data\train\archive (1)\FaceForensics++_C23\FaceShifter\444_655.mp4,.mp4,887511,already_compressed_or_media
data\train\archive (1)\FaceForensics++_C23\FaceShifter\445_494.mp4,.mp4,4139367,already_compressed_or_media
data\train\archive (1)\FaceForensics++_C23\FaceShifter\446_667.mp4,.mp4,4870863,already_compressed_or_media
data\train\archive (1)\FaceForensics++_C23\FaceShifter\447_431.mp4,.mp4,635011,already_compressed_or_media
data\train\archive (1)\FaceForensics++_C23\FaceShifter\448_361.mp4,.mp4,2241359,already_compressed_or_media
data\train\archive (1)\FaceForensics++_C23\FaceShifter\449_451.mp4,.mp4,1554501,already_compressed_or_media
data\train\archive (1)\FaceForensics++_C23\FaceShifter\450_533.mp4,.mp4,7623372,already_compressed_or_media
data\train\archive (1)\FaceForensics++_C23\FaceShifter\451_449.mp4,.mp4,1552674,already_compressed_or_media
data\train\archive (1)\FaceForensics++_C23\FaceShifter\452_550.mp4,.mp4,1080384,already_compressed_or_media
data\train\archive (1)\FaceForensics++_C23\FaceShifter\453_402.mp4,.mp4,2697426,already_compressed_or_media
data\train\archive (1)\FaceForensics++_C23\FaceShifter\454_527.mp4,.mp4,1167957,already_compressed_or_media
data\train\archive (1)\FaceForensics++_C23\FaceShifter\455_471.mp4,.mp4,1402931,already_compressed_or_media
data\train\archive (1)\FaceForensics++_C23\FaceShifter\456_435.mp4,.mp4,3668328,already_compressed_or_media
data\train\archive (1)\FaceForensics++_C23\FaceShifter\457_398.mp4,.mp4,1252084,already_compressed_or_media
data\train\archive (1)\FaceForensics++_C23\FaceShifter\458_722.mp4,.mp4,833858,already_compressed_or_media
data\train\archive (1)\FaceForensics++_C23\FaceShifter\459_430.mp4,.mp4,4974811,already_compressed_or_media
data\train\archive (1)\FaceForensics++_C23\FaceShifter\460_678.mp4,.mp4,3017005,already_compressed_or_media
data\train\archive (1)\FaceForensics++_C23\FaceShifter\461_250.mp4,.mp4,2164406,already_compressed_or_media
data\train\archive (1)\FaceForensics++_C23\FaceShifter\462_467.mp4,.mp4,1107465,already_compressed_or_media
data\train\archive (1)\FaceForensics++_C23\FaceShifter\463_464.mp4,.mp4,841851,already_compressed_or_media
data\train\archive (1)\FaceForensics++_C23\FaceShifter\464_463.mp4,.mp4,967750,already_compressed_or_media
data\train\archive (1)\FaceForensics++_C23\FaceShifter\465_482.mp4,.mp4,1595805,already_compressed_or_media
data\train\archive (1)\FaceForensics++_C23\FaceShifter\466_428.mp4,.mp4,1721038,already_compressed_or_media
data\train\archive (1)\FaceForensics++_C23\FaceShifter\467_462.mp4,.mp4,803458,already_compressed_or_media
data\train\archive (1)\FaceForensics++_C23\FaceShifter\468_470.mp4,.mp4,1282805,already_compressed_or_media
data\train\archive (1)\FaceForensics++_C23\FaceShifter\469_481.mp4,.mp4,998789,already_compressed_or_media
data\train\archive (1)\FaceForensics++_C23\FaceShifter\470_468.mp4,.mp4,1045011,already_compressed_or_media
data\train\archive (1)\FaceForensics++_C23\FaceShifter\471_455.mp4,.mp4,837708,already_compressed_or_media
data\train\archive (1)\FaceForensics++_C23\FaceShifter\472_511.mp4,.mp4,319635,already_compressed_or_media
data\train\archive (1)\FaceForensics++_C23\FaceShifter\473_366.mp4,.mp4,874314,already_compressed_or_media
data\train\archive (1)\FaceForensics++_C23\FaceShifter\474_281.mp4,.mp4,1219020,already_compressed_or_media
data\train\archive (1)\FaceForensics++_C23\FaceShifter\475_265.mp4,.mp4,1587051,already_compressed_or_media
data\train\archive (1)\FaceForensics++_C23\FaceShifter\476_400.mp4,.mp4,1149723,already_compressed_or_media
data\train\archive (1)\FaceForensics++_C23\FaceShifter\477_487.mp4,.mp4,1525434,already_compressed_or_media
data\train\archive (1)\FaceForensics++_C23\FaceShifter\478_506.mp4,.mp4,862897,already_compressed_or_media
data\train\archive (1)\FaceForensics++_C23\FaceShifter\479_706.mp4,.mp4,4204896,already_compressed_or_media
data\train\archive (1)\FaceForensics++_C23\FaceShifter\480_389.mp4,.mp4,2135752,already_compressed_or_media
data\train\archive (1)\FaceForensics++_C23\FaceShifter\481_469.mp4,.mp4,2330857,already_compressed_or_media
data\train\archive (1)\FaceForensics++_C23\FaceShifter\482_465.mp4,.mp4,1077033,already_compressed_or_media
data\train\archive (1)\FaceForensics++_C23\FaceShifter\483_370.mp4,.mp4,1092674,already_compressed_or_media
data\train\archive (1)\FaceForensics++_C23\FaceShifter\484_415.mp4,.mp4,389428,already_compressed_or_media
data\train\archive (1)\FaceForensics++_C23\FaceShifter\485_425.mp4,.mp4,1740264,already_compressed_or_media
data\train\archive (1)\FaceForensics++_C23\FaceShifter\486_680.mp4,.mp4,860196,already_compressed_or_media
data\train\archive (1)\FaceForensics++_C23\FaceShifter\487_477.mp4,.mp4,1724090,already_compressed_or_media
data\train\archive (1)\FaceForensics++_C23\FaceShifter\488_399.mp4,.mp4,1022439,already_compressed_or_media
data\train\archive (1)\FaceForensics++_C23\FaceShifter\489_022.mp4,.mp4,2479380,already_compressed_or_media
data\train\archive (1)\FaceForensics++_C23\FaceShifter\490_534.mp4,.mp4,5091888,already_compressed_or_media
data\train\archive (1)\FaceForensics++_C23\FaceShifter\491_226.mp4,.mp4,3956706,already_compressed_or_media
data\train\archive (1)\FaceForensics++_C23\FaceShifter\492_325.mp4,.mp4,1340075,already_compressed_or_media
data\train\archive (1)\FaceForensics++_C23\FaceShifter\493_538.mp4,.mp4,924830,already_compressed_or_media
data\train\archive (1)\FaceForensics++_C23\FaceShifter\494_445.mp4,.mp4,3220391,already_compressed_or_media
data\train\archive (1)\FaceForensics++_C23\FaceShifter\495_512.mp4,.mp4,1002650,already_compressed_or_media
data\train\archive (1)\FaceForensics++_C23\FaceShifter\496_417.mp4,.mp4,2032016,already_compressed_or_media
data\train\archive (1)\FaceForensics++_C23\FaceShifter\497_403.mp4,.mp4,1382306,already_compressed_or_media
data\train\archive (1)\FaceForensics++_C23\FaceShifter\498_433.mp4,.mp4,850314,already_compressed_or_media
data\train\archive (1)\FaceForensics++_C23\FaceShifter\499_539.mp4,.mp4,2360119,already_compressed_or_media
data\train\archive (1)\FaceForensics++_C23\FaceShifter\500_592.mp4,.mp4,2412810,already_compressed_or_media
data\train\archive (1)\FaceForensics++_C23\FaceShifter\501_326.mp4,.mp4,724943,already_compressed_or_media
data\train\archive (1)\FaceForensics++_C23\FaceShifter\502_504.mp4,.mp4,1699301,already_compressed_or_media
data\train\archive (1)\FaceForensics++_C23\FaceShifter\503_756.mp4,.mp4,789746,already_compressed_or_media
data\train\archive (1)\FaceForensics++_C23\FaceShifter\504_502.mp4,.mp4,1001901,already_compressed_or_media
data\train\archive (1)\FaceForensics++_C23\FaceShifter\505_600.mp4,.mp4,482863,already_compressed_or_media
data\train\archive (1)\FaceForensics++_C23\FaceShifter\506_478.mp4,.mp4,1299921,already_compressed_or_media
data\train\archive (1)\FaceForensics++_C23\FaceShifter\507_418.mp4,.mp4,7967097,already_compressed_or_media
data\train\archive (1)\FaceForensics++_C23\FaceShifter\508_831.mp4,.mp4,5174236,already_compressed_or_media
data\train\archive (1)\FaceForensics++_C23\FaceShifter\509_525.mp4,.mp4,1788366,already_compressed_or_media
data\train\archive (1)\FaceForensics++_C23\FaceShifter\510_528.mp4,.mp4,1405752,already_compressed_or_media
data\train\archive (1)\FaceForensics++_C23\FaceShifter\511_472.mp4,.mp4,1406086,already_compressed_or_media
data\train\archive (1)\FaceForensics++_C23\FaceShifter\512_495.mp4,.mp4,1506833,already_compressed_or_media
data\train\archive (1)\FaceForensics++_C23\FaceShifter\513_305.mp4,.mp4,2615162,already_compressed_or_media
data\train\archive (1)\FaceForensics++_C23\FaceShifter\514_443.mp4,.mp4,801630,already_compressed_or_media
data\train\archive (1)\FaceForensics++_C23\FaceShifter\515_519.mp4,.mp4,1866421,already_compressed_or_media
data\train\archive (1)\FaceForensics++_C23\FaceShifter\516_555.mp4,.mp4,3202137,already_compressed_or_media
data\train\archive (1)\FaceForensics++_C23\FaceShifter\517_521.mp4,.mp4,615982,already_compressed_or_media
data\train\archive (1)\FaceForensics++_C23\FaceShifter\518_131.mp4,.mp4,662951,already_compressed_or_media
data\train\archive (1)\FaceForensics++_C23\FaceShifter\519_515.mp4,.mp4,2173121,already_compressed_or_media
data\train\archive (1)\FaceForensics++_C23\FaceShifter\520_542.mp4,.mp4,1398900,already_compressed_or_media
data\train\archive (1)\FaceForensics++_C23\FaceShifter\521_517.mp4,.mp4,591135,already_compressed_or_media
data\train\archive (1)\FaceForensics++_C23\FaceShifter\522_337.mp4,.mp4,1015744,already_compressed_or_media
data\train\archive (1)\FaceForensics++_C23\FaceShifter\523_541.mp4,.mp4,824671,already_compressed_or_media
data\train\archive (1)\FaceForensics++_C23\FaceShifter\524_580.mp4,.mp4,854375,already_compressed_or_media
data\train\archive (1)\FaceForensics++_C23\FaceShifter\525_509.mp4,.mp4,596120,already_compressed_or_media
data\train\archive (1)\FaceForensics++_C23\FaceShifter\526_436.mp4,.mp4,2855465,already_compressed_or_media
data\train\archive (1)\FaceForensics++_C23\FaceShifter\527_454.mp4,.mp4,793838,already_compressed_or_media
data\train\archive (1)\FaceForensics++_C23\FaceShifter\528_510.mp4,.mp4,1254013,already_compressed_or_media
data\train\archive (1)\FaceForensics++_C23\FaceShifter\529_633.mp4,.mp4,3081675,already_compressed_or_media
data\train\archive (1)\FaceForensics++_C23\FaceShifter\530_594.mp4,.mp4,3559068,already_compressed_or_media
data\train\archive (1)\FaceForensics++_C23\FaceShifter\531_549.mp4,.mp4,789236,already_compressed_or_media
data\train\archive (1)\FaceForensics++_C23\FaceShifter\532_544.mp4,.mp4,1097951,already_compressed_or_media
data\train\archive (1)\FaceForensics++_C23\FaceShifter\533_450.mp4,.mp4,3474673,already_compressed_or_media
data\train\archive (1)\FaceForensics++_C23\FaceShifter\534_490.mp4,.mp4,1624586,already_compressed_or_media
data\train\archive (1)\FaceForensics++_C23\FaceShifter\535_587.mp4,.mp4,831507,already_compressed_or_media
data\train\archive (1)\FaceForensics++_C23\FaceShifter\536_540.mp4,.mp4,1973286,already_compressed_or_media
data\train\archive (1)\FaceForensics++_C23\FaceShifter\537_563.mp4,.mp4,1919491,already_compressed_or_media
data\train\archive (1)\FaceForensics++_C23\FaceShifter\538_493.mp4,.mp4,1098845,already_compressed_or_media
data\train\archive (1)\FaceForensics++_C23\FaceShifter\539_499.mp4,.mp4,402543,already_compressed_or_media
data\train\archive (1)\FaceForensics++_C23\FaceShifter\540_536.mp4,.mp4,2431056,already_compressed_or_media
data\train\archive (1)\FaceForensics++_C23\FaceShifter\541_523.mp4,.mp4,398596,already_compressed_or_media
data\train\archive (1)\FaceForensics++_C23\FaceShifter\542_520.mp4,.mp4,1117753,already_compressed_or_media
data\train\archive (1)\FaceForensics++_C23\FaceShifter\543_559.mp4,.mp4,1265695,already_compressed_or_media
data\train\archive (1)\FaceForensics++_C23\FaceShifter\544_532.mp4,.mp4,1528113,already_compressed_or_media
data\train\archive (1)\FaceForensics++_C23\FaceShifter\545_553.mp4,.mp4,937856,already_compressed_or_media
data\train\archive (1)\FaceForensics++_C23\FaceShifter\546_621.mp4,.mp4,1116257,already_compressed_or_media
data\train\archive (1)\FaceForensics++_C23\FaceShifter\547_574.mp4,.mp4,3406281,already_compressed_or_media
data\train\archive (1)\FaceForensics++_C23\FaceShifter\548_632.mp4,.mp4,2647982,already_compressed_or_media
data\train\archive (1)\FaceForensics++_C23\FaceShifter\549_531.mp4,.mp4,13091564,already_compressed_or_media
data\train\archive (1)\FaceForensics++_C23\FaceShifter\550_452.mp4,.mp4,628420,already_compressed_or_media
data\train\archive (1)\FaceForensics++_C23\FaceShifter\551_631.mp4,.mp4,4693033,already_compressed_or_media
data\train\archive (1)\FaceForensics++_C23\FaceShifter\552_851.mp4,.mp4,1212340,already_compressed_or_media
data\train\archive (1)\FaceForensics++_C23\FaceShifter\553_545.mp4,.mp4,520720,already_compressed_or_media
data\train\archive (1)\FaceForensics++_C23\FaceShifter\554_572.mp4,.mp4,2623697,already_compressed_or_media
data\train\archive (1)\FaceForensics++_C23\FaceShifter\555_516.mp4,.mp4,6821095,already_compressed_or_media
data\train\archive (1)\FaceForensics++_C23\FaceShifter\556_588.mp4,.mp4,504129,already_compressed_or_media
data\train\archive (1)\FaceForensics++_C23\FaceShifter\557_560.mp4,.mp4,899523,already_compressed_or_media
data\train\archive (1)\FaceForensics++_C23\FaceShifter\558_583.mp4,.mp4,3098042,already_compressed_or_media
data\train\archive (1)\FaceForensics++_C23\FaceShifter\559_543.mp4,.mp4,2309233,already_compressed_or_media
data\train\archive (1)\FaceForensics++_C23\FaceShifter\560_557.mp4,.mp4,398675,already_compressed_or_media
data\train\archive (1)\FaceForensics++_C23\FaceShifter\561_998.mp4,.mp4,2866137,already_compressed_or_media
data\train\archive (1)\FaceForensics++_C23\FaceShifter\562_626.mp4,.mp4,2942869,already_compressed_or_media
data\train\archive (1)\FaceForensics++_C23\FaceShifter\563_537.mp4,.mp4,594408,already_compressed_or_media
data\train\archive (1)\FaceForensics++_C23\FaceShifter\564_971.mp4,.mp4,3524929,already_compressed_or_media
data\train\archive (1)\FaceForensics++_C23\FaceShifter\565_589.mp4,.mp4,812025,already_compressed_or_media
data\train\archive (1)\FaceForensics++_C23\FaceShifter\566_617.mp4,.mp4,2871031,already_compressed_or_media
data\train\archive (1)\FaceForensics++_C23\FaceShifter\567_606.mp4,.mp4,633019,already_compressed_or_media
data\train\archive (1)\FaceForensics++_C23\FaceShifter\568_628.mp4,.mp4,958482,already_compressed_or_media
data\train\archive (1)\FaceForensics++_C23\FaceShifter\569_921.mp4,.mp4,2761481,already_compressed_or_media
data\train\archive (1)\FaceForensics++_C23\FaceShifter\570_624.mp4,.mp4,1853415,already_compressed_or_media
data\train\archive (1)\FaceForensics++_C23\FaceShifter\571_746.mp4,.mp4,2827522,already_compressed_or_media
data\train\archive (1)\FaceForensics++_C23\FaceShifter\572_554.mp4,.mp4,1356615,already_compressed_or_media
data\train\archive (1)\FaceForensics++_C23\FaceShifter\573_757.mp4,.mp4,2731330,already_compressed_or_media
data\train\archive (1)\FaceForensics++_C23\FaceShifter\574_547.mp4,.mp4,839797,already_compressed_or_media
data\train\archive (1)\FaceForensics++_C23\FaceShifter\575_603.mp4,.mp4,3477209,already_compressed_or_media
data\train\archive (1)\FaceForensics++_C23\FaceShifter\576_155.mp4,.mp4,2760948,already_compressed_or_media
data\train\archive (1)\FaceForensics++_C23\FaceShifter\577_593.mp4,.mp4,2167347,already_compressed_or_media
data\train\archive (1)\FaceForensics++_C23\FaceShifter\578_636.mp4,.mp4,1856772,already_compressed_or_media
data\train\archive (1)\FaceForensics++_C23\FaceShifter\579_701.mp4,.mp4,3169530,already_compressed_or_media
data\train\archive (1)\FaceForensics++_C23\FaceShifter\580_524.mp4,.mp4,1042146,already_compressed_or_media
data\train\archive (1)\FaceForensics++_C23\FaceShifter\581_697.mp4,.mp4,4374960,already_compressed_or_media
data\train\archive (1)\FaceForensics++_C23\FaceShifter\582_172.mp4,.mp4,1726683,already_compressed_or_media
data\train\archive (1)\FaceForensics++_C23\FaceShifter\583_558.mp4,.mp4,1575225,already_compressed_or_media
data\train\archive (1)\FaceForensics++_C23\FaceShifter\584_823.mp4,.mp4,1992739,already_compressed_or_media
data\train\archive (1)\FaceForensics++_C23\FaceShifter\585_599.mp4,.mp4,1470612,already_compressed_or_media
data\train\archive (1)\FaceForensics++_C23\FaceShifter\586_223.mp4,.mp4,3545695,already_compressed_or_media
data\train\archive (1)\FaceForensics++_C23\FaceShifter\587_535.mp4,.mp4,851210,already_compressed_or_media
data\train\archive (1)\FaceForensics++_C23\FaceShifter\588_556.mp4,.mp4,973471,already_compressed_or_media
data\train\archive (1)\FaceForensics++_C23\FaceShifter\589_565.mp4,.mp4,1446185,already_compressed_or_media
data\train\archive (1)\FaceForensics++_C23\FaceShifter\590_034.mp4,.mp4,6311148,already_compressed_or_media
data\train\archive (1)\FaceForensics++_C23\FaceShifter\591_605.mp4,.mp4,2730745,already_compressed_or_media
data\train\archive (1)\FaceForensics++_C23\FaceShifter\592_500.mp4,.mp4,529663,already_compressed_or_media
data\train\archive (1)\FaceForensics++_C23\FaceShifter\593_577.mp4,.mp4,4267513,already_compressed_or_media
data\train\archive (1)\FaceForensics++_C23\FaceShifter\594_530.mp4,.mp4,1050694,already_compressed_or_media
data\train\archive (1)\FaceForensics++_C23\FaceShifter\595_597.mp4,.mp4,2068062,already_compressed_or_media
data\train\archive (1)\FaceForensics++_C23\FaceShifter\596_609.mp4,.mp4,1159019,already_compressed_or_media
data\train\archive (1)\FaceForensics++_C23\FaceShifter\597_595.mp4,.mp4,449984,already_compressed_or_media
data\train\archive (1)\FaceForensics++_C23\FaceShifter\598_178.mp4,.mp4,599034,already_compressed_or_media
data\train\archive (1)\FaceForensics++_C23\FaceShifter\599_585.mp4,.mp4,1989701,already_compressed_or_media
data\train\archive (1)\FaceForensics++_C23\FaceShifter\600_505.mp4,.mp4,909630,already_compressed_or_media
data\train\archive (1)\FaceForensics++_C23\FaceShifter\601_653.mp4,.mp4,529261,already_compressed_or_media
data\train\archive (1)\FaceForensics++_C23\FaceShifter\602_397.mp4,.mp4,6510233,already_compressed_or_media
data\train\archive (1)\FaceForensics++_C23\FaceShifter\603_575.mp4,.mp4,1361070,already_compressed_or_media
data\train\archive (1)\FaceForensics++_C23\FaceShifter\604_703.mp4,.mp4,2602634,already_compressed_or_media
data\train\archive (1)\FaceForensics++_C23\FaceShifter\605_591.mp4,.mp4,1053748,already_compressed_or_media
data\train\archive (1)\FaceForensics++_C23\FaceShifter\606_567.mp4,.mp4,517605,already_compressed_or_media
data\train\archive (1)\FaceForensics++_C23\FaceShifter\607_683.mp4,.mp4,4244263,already_compressed_or_media
data\train\archive (1)\FaceForensics++_C23\FaceShifter\608_675.mp4,.mp4,1655844,already_compressed_or_media
data\train\archive (1)\FaceForensics++_C23\FaceShifter\609_596.mp4,.mp4,1576577,already_compressed_or_media
data\train\archive (1)\FaceForensics++_C23\FaceShifter\610_692.mp4,.mp4,1944849,already_compressed_or_media
data\train\archive (1)\FaceForensics++_C23\FaceShifter\611_760.mp4,.mp4,754307,already_compressed_or_media
data\train\archive (1)\FaceForensics++_C23\FaceShifter\612_702.mp4,.mp4,1982153,already_compressed_or_media
data\train\archive (1)\FaceForensics++_C23\FaceShifter\613_685.mp4,.mp4,1213200,already_compressed_or_media
data\train\archive (1)\FaceForensics++_C23\FaceShifter\614_616.mp4,.mp4,2071573,already_compressed_or_media
data\train\archive (1)\FaceForensics++_C23\FaceShifter\615_687.mp4,.mp4,1716804,already_compressed_or_media
data\train\archive (1)\FaceForensics++_C23\FaceShifter\616_614.mp4,.mp4,1410704,already_compressed_or_media
data\train\archive (1)\FaceForensics++_C23\FaceShifter\617_566.mp4,.mp4,624820,already_compressed_or_media
data\train\archive (1)\FaceForensics++_C23\FaceShifter\618_629.mp4,.mp4,1738838,already_compressed_or_media
data\train\archive (1)\FaceForensics++_C23\FaceShifter\619_620.mp4,.mp4,883370,already_compressed_or_media
data\train\archive (1)\FaceForensics++_C23\FaceShifter\620_619.mp4,.mp4,4266849,already_compressed_or_media
data\train\archive (1)\FaceForensics++_C23\FaceShifter\621_546.mp4,.mp4,1596451,already_compressed_or_media
data\train\archive (1)\FaceForensics++_C23\FaceShifter\622_647.mp4,.mp4,1049532,already_compressed_or_media
data\train\archive (1)\FaceForensics++_C23\FaceShifter\623_630.mp4,.mp4,664292,already_compressed_or_media
data\train\archive (1)\FaceForensics++_C23\FaceShifter\624_570.mp4,.mp4,1319653,already_compressed_or_media
data\train\archive (1)\FaceForensics++_C23\FaceShifter\625_650.mp4,.mp4,588017,already_compressed_or_media
data\train\archive (1)\FaceForensics++_C23\FaceShifter\626_562.mp4,.mp4,1651431,already_compressed_or_media
data\train\archive (1)\FaceForensics++_C23\FaceShifter\627_658.mp4,.mp4,826876,already_compressed_or_media
data\train\archive (1)\FaceForensics++_C23\FaceShifter\628_568.mp4,.mp4,1288201,already_compressed_or_media
data\train\archive (1)\FaceForensics++_C23\FaceShifter\629_618.mp4,.mp4,3296727,already_compressed_or_media
data\train\archive (1)\FaceForensics++_C23\FaceShifter\630_623.mp4,.mp4,1260040,already_compressed_or_media
data\train\archive (1)\FaceForensics++_C23\FaceShifter\631_551.mp4,.mp4,1007808,already_compressed_or_media
data\train\archive (1)\FaceForensics++_C23\FaceShifter\632_548.mp4,.mp4,4277170,already_compressed_or_media
data\train\archive (1)\FaceForensics++_C23\FaceShifter\633_529.mp4,.mp4,2181373,already_compressed_or_media
data\train\archive (1)\FaceForensics++_C23\FaceShifter\634_660.mp4,.mp4,1438108,already_compressed_or_media
data\train\archive (1)\FaceForensics++_C23\FaceShifter\635_642.mp4,.mp4,1543047,already_compressed_or_media
data\train\archive (1)\FaceForensics++_C23\FaceShifter\636_578.mp4,.mp4,554118,already_compressed_or_media
data\train\archive (1)\FaceForensics++_C23\FaceShifter\637_427.mp4,.mp4,989572,already_compressed_or_media
data\train\archive (1)\FaceForensics++_C23\FaceShifter\638_640.mp4,.mp4,2618407,already_compressed_or_media
data\train\archive (1)\FaceForensics++_C23\FaceShifter\639_841.mp4,.mp4,2251529,already_compressed_or_media
data\train\archive (1)\FaceForensics++_C23\FaceShifter\640_638.mp4,.mp4,1324960,already_compressed_or_media
data\train\archive (1)\FaceForensics++_C23\FaceShifter\641_662.mp4,.mp4,2545939,already_compressed_or_media
data\train\archive (1)\FaceForensics++_C23\FaceShifter\642_635.mp4,.mp4,1447587,already_compressed_or_media
data\train\archive (1)\FaceForensics++_C23\FaceShifter\643_646.mp4,.mp4,1325857,already_compressed_or_media
data\train\archive (1)\FaceForensics++_C23\FaceShifter\644_657.mp4,.mp4,872999,already_compressed_or_media
data\train\archive (1)\FaceForensics++_C23\FaceShifter\645_688.mp4,.mp4,6327809,already_compressed_or_media
data\train\archive (1)\FaceForensics++_C23\FaceShifter\646_643.mp4,.mp4,504153,already_compressed_or_media
data\train\archive (1)\FaceForensics++_C23\FaceShifter\647_622.mp4,.mp4,4363068,already_compressed_or_media
data\train\archive (1)\FaceForensics++_C23\FaceShifter\648_654.mp4,.mp4,1409900,already_compressed_or_media
data\train\archive (1)\FaceForensics++_C23\FaceShifter\649_816.mp4,.mp4,3429063,already_compressed_or_media
data\train\archive (1)\FaceForensics++_C23\FaceShifter\650_625.mp4,.mp4,833685,already_compressed_or_media
data\train\archive (1)\FaceForensics++_C23\FaceShifter\651_835.mp4,.mp4,2327106,already_compressed_or_media
data\train\archive (1)\FaceForensics++_C23\FaceShifter\652_773.mp4,.mp4,1911981,already_compressed_or_media
data\train\archive (1)\FaceForensics++_C23\FaceShifter\653_601.mp4,.mp4,1161422,already_compressed_or_media
data\train\archive (1)\FaceForensics++_C23\FaceShifter\654_648.mp4,.mp4,706871,already_compressed_or_media
data\train\archive (1)\FaceForensics++_C23\FaceShifter\655_444.mp4,.mp4,1820213,already_compressed_or_media
data\train\archive (1)\FaceForensics++_C23\FaceShifter\656_666.mp4,.mp4,716894,already_compressed_or_media
data\train\archive (1)\FaceForensics++_C23\FaceShifter\657_644.mp4,.mp4,1484470,already_compressed_or_media
data\train\archive (1)\FaceForensics++_C23\FaceShifter\658_627.mp4,.mp4,572983,already_compressed_or_media
data\train\archive (1)\FaceForensics++_C23\FaceShifter\659_749.mp4,.mp4,1426621,already_compressed_or_media
data\train\archive (1)\FaceForensics++_C23\FaceShifter\660_634.mp4,.mp4,3687107,already_compressed_or_media
data\train\archive (1)\FaceForensics++_C23\FaceShifter\661_670.mp4,.mp4,3185113,already_compressed_or_media
data\train\archive (1)\FaceForensics++_C23\FaceShifter\662_641.mp4,.mp4,2817532,already_compressed_or_media
data\train\archive (1)\FaceForensics++_C23\FaceShifter\663_231.mp4,.mp4,488451,already_compressed_or_media
data\train\archive (1)\FaceForensics++_C23\FaceShifter\664_668.mp4,.mp4,1204538,already_compressed_or_media
data\train\archive (1)\FaceForensics++_C23\FaceShifter\665_679.mp4,.mp4,348133,already_compressed_or_media
data\train\archive (1)\FaceForensics++_C23\FaceShifter\666_656.mp4,.mp4,563041,already_compressed_or_media
data\train\archive (1)\FaceForensics++_C23\FaceShifter\667_446.mp4,.mp4,6378880,already_compressed_or_media
data\train\archive (1)\FaceForensics++_C23\FaceShifter\668_664.mp4,.mp4,883296,already_compressed_or_media
data\train\archive (1)\FaceForensics++_C23\FaceShifter\669_682.mp4,.mp4,393363,already_compressed_or_media
data\train\archive (1)\FaceForensics++_C23\FaceShifter\670_661.mp4,.mp4,851892,already_compressed_or_media
data\train\archive (1)\FaceForensics++_C23\FaceShifter\671_677.mp4,.mp4,1648288,already_compressed_or_media
data\train\archive (1)\FaceForensics++_C23\FaceShifter\672_720.mp4,.mp4,1641906,already_compressed_or_media
data\train\archive (1)\FaceForensics++_C23\FaceShifter\673_728.mp4,.mp4,1075707,already_compressed_or_media
data\train\archive (1)\FaceForensics++_C23\FaceShifter\674_744.mp4,.mp4,793062,already_compressed_or_media
data\train\archive (1)\FaceForensics++_C23\FaceShifter\675_608.mp4,.mp4,1207044,already_compressed_or_media
data\train\archive (1)\FaceForensics++_C23\FaceShifter\676_776.mp4,.mp4,1965042,already_compressed_or_media
data\train\archive (1)\FaceForensics++_C23\FaceShifter\677_671.mp4,.mp4,1574057,already_compressed_or_media
data\train\archive (1)\FaceForensics++_C23\FaceShifter\678_460.mp4,.mp4,4856276,already_compressed_or_media
data\train\archive (1)\FaceForensics++_C23\FaceShifter\679_665.mp4,.mp4,616809,already_compressed_or_media
data\train\archive (1)\FaceForensics++_C23\FaceShifter\680_486.mp4,.mp4,480592,already_compressed_or_media
data\train\archive (1)\FaceForensics++_C23\FaceShifter\681_711.mp4,.mp4,2819616,already_compressed_or_media
data\train\archive (1)\FaceForensics++_C23\FaceShifter\682_669.mp4,.mp4,1441766,already_compressed_or_media
data\train\archive (1)\FaceForensics++_C23\FaceShifter\683_607.mp4,.mp4,2497092,already_compressed_or_media
data\train\archive (1)\FaceForensics++_C23\FaceShifter\684_717.mp4,.mp4,3996300,already_compressed_or_media
data\train\archive (1)\FaceForensics++_C23\FaceShifter\685_613.mp4,.mp4,2106341,already_compressed_or_media
data\train\archive (1)\FaceForensics++_C23\FaceShifter\686_696.mp4,.mp4,1079031,already_compressed_or_media
data\train\archive (1)\FaceForensics++_C23\FaceShifter\687_615.mp4,.mp4,1474357,already_compressed_or_media
data\train\archive (1)\FaceForensics++_C23\FaceShifter\688_645.mp4,.mp4,2857651,already_compressed_or_media
data\train\archive (1)\FaceForensics++_C23\FaceShifter\689_690.mp4,.mp4,668786,already_compressed_or_media
data\train\archive (1)\FaceForensics++_C23\FaceShifter\690_689.mp4,.mp4,692208,already_compressed_or_media
data\train\archive (1)\FaceForensics++_C23\FaceShifter\691_732.mp4,.mp4,1776249,already_compressed_or_media
data\train\archive (1)\FaceForensics++_C23\FaceShifter\692_610.mp4,.mp4,2194120,already_compressed_or_media
data\train\archive (1)\FaceForensics++_C23\FaceShifter\693_698.mp4,.mp4,1426621,already_compressed_or_media
data\train\archive (1)\FaceForensics++_C23\FaceShifter\694_767.mp4,.mp4,761831,already_compressed_or_media
data\train\archive (1)\FaceForensics++_C23\FaceShifter\695_422.mp4,.mp4,2851500,already_compressed_or_media
data\train\archive (1)\FaceForensics++_C23\FaceShifter\696_686.mp4,.mp4,677195,already_compressed_or_media
data\train\archive (1)\FaceForensics++_C23\FaceShifter\697_581.mp4,.mp4,2090459,already_compressed_or_media
data\train\archive (1)\FaceForensics++_C23\FaceShifter\698_693.mp4,.mp4,402320,already_compressed_or_media
data\train\archive (1)\FaceForensics++_C23\FaceShifter\699_734.mp4,.mp4,604760,already_compressed_or_media
data\train\archive (1)\FaceForensics++_C23\FaceShifter\700_813.mp4,.mp4,1388280,already_compressed_or_media
data\train\archive (1)\FaceForensics++_C23\FaceShifter\701_579.mp4,.mp4,2866754,already_compressed_or_media
data\train\archive (1)\FaceForensics++_C23\FaceShifter\702_612.mp4,.mp4,4068651,already_compressed_or_media
data\train\archive (1)\FaceForensics++_C23\FaceShifter\703_604.mp4,.mp4,1337532,already_compressed_or_media
data\train\archive (1)\FaceForensics++_C23\FaceShifter\704_723.mp4,.mp4,652057,already_compressed_or_media
data\train\archive (1)\FaceForensics++_C23\FaceShifter\705_707.mp4,.mp4,595766,already_compressed_or_media
data\train\archive (1)\FaceForensics++_C23\FaceShifter\706_479.mp4,.mp4,3052533,already_compressed_or_media
data\train\archive (1)\FaceForensics++_C23\FaceShifter\707_705.mp4,.mp4,2413099,already_compressed_or_media
data\train\archive (1)\FaceForensics++_C23\FaceShifter\708_772.mp4,.mp4,4522618,already_compressed_or_media
data\train\archive (1)\FaceForensics++_C23\FaceShifter\709_390.mp4,.mp4,4475136,already_compressed_or_media
data\train\archive (1)\FaceForensics++_C23\FaceShifter\710_788.mp4,.mp4,904204,already_compressed_or_media
data\train\archive (1)\FaceForensics++_C23\FaceShifter\711_681.mp4,.mp4,2253743,already_compressed_or_media
data\train\archive (1)\FaceForensics++_C23\FaceShifter\712_716.mp4,.mp4,1921417,already_compressed_or_media
data\train\archive (1)\FaceForensics++_C23\FaceShifter\713_726.mp4,.mp4,7118528,already_compressed_or_media
data\train\archive (1)\FaceForensics++_C23\FaceShifter\714_842.mp4,.mp4,2507271,already_compressed_or_media
data\train\archive (1)\FaceForensics++_C23\FaceShifter\715_721.mp4,.mp4,1127140,already_compressed_or_media
data\train\archive (1)\FaceForensics++_C23\FaceShifter\716_712.mp4,.mp4,1424847,already_compressed_or_media
data\train\archive (1)\FaceForensics++_C23\FaceShifter\717_684.mp4,.mp4,1412435,already_compressed_or_media
data\train\archive (1)\FaceForensics++_C23\FaceShifter\718_972.mp4,.mp4,6013782,already_compressed_or_media
data\train\archive (1)\FaceForensics++_C23\FaceShifter\719_737.mp4,.mp4,446612,already_compressed_or_media
data\train\archive (1)\FaceForensics++_C23\FaceShifter\720_672.mp4,.mp4,862851,already_compressed_or_media
data\train\archive (1)\FaceForensics++_C23\FaceShifter\721_715.mp4,.mp4,1019498,already_compressed_or_media
data\train\archive (1)\FaceForensics++_C23\FaceShifter\722_458.mp4,.mp4,4102429,already_compressed_or_media
data\train\archive (1)\FaceForensics++_C23\FaceShifter\723_704.mp4,.mp4,1256437,already_compressed_or_media
data\train\archive (1)\FaceForensics++_C23\FaceShifter\724_725.mp4,.mp4,7944929,already_compressed_or_media
data\train\archive (1)\FaceForensics++_C23\FaceShifter\725_724.mp4,.mp4,2827439,already_compressed_or_media
data\train\archive (1)\FaceForensics++_C23\FaceShifter\726_713.mp4,.mp4,4515328,already_compressed_or_media
data\train\archive (1)\FaceForensics++_C23\FaceShifter\727_729.mp4,.mp4,849762,already_compressed_or_media
data\train\archive (1)\FaceForensics++_C23\FaceShifter\728_673.mp4,.mp4,828846,already_compressed_or_media
data\train\archive (1)\FaceForensics++_C23\FaceShifter\729_727.mp4,.mp4,1006264,already_compressed_or_media
data\train\archive (1)\FaceForensics++_C23\FaceShifter\730_815.mp4,.mp4,2607672,already_compressed_or_media
data\train\archive (1)\FaceForensics++_C23\FaceShifter\731_741.mp4,.mp4,1180267,already_compressed_or_media
data\train\archive (1)\FaceForensics++_C23\FaceShifter\732_691.mp4,.mp4,1042483,already_compressed_or_media
data\train\archive (1)\FaceForensics++_C23\FaceShifter\733_935.mp4,.mp4,2666055,already_compressed_or_media
data\train\archive (1)\FaceForensics++_C23\FaceShifter\734_699.mp4,.mp4,1866074,already_compressed_or_media
data\train\archive (1)\FaceForensics++_C23\FaceShifter\735_774.mp4,.mp4,1349432,already_compressed_or_media
data\train\archive (1)\FaceForensics++_C23\FaceShifter\736_785.mp4,.mp4,842526,already_compressed_or_media
data\train\archive (1)\FaceForensics++_C23\FaceShifter\737_719.mp4,.mp4,1106428,already_compressed_or_media
data\train\archive (1)\FaceForensics++_C23\FaceShifter\738_804.mp4,.mp4,2220983,already_compressed_or_media
data\train\archive (1)\FaceForensics++_C23\FaceShifter\739_865.mp4,.mp4,746109,already_compressed_or_media
data\train\archive (1)\FaceForensics++_C23\FaceShifter\740_796.mp4,.mp4,1760910,already_compressed_or_media
data\train\archive (1)\FaceForensics++_C23\FaceShifter\741_731.mp4,.mp4,461757,already_compressed_or_media
data\train\archive (1)\FaceForensics++_C23\FaceShifter\742_775.mp4,.mp4,806287,already_compressed_or_media
data\train\archive (1)\FaceForensics++_C23\FaceShifter\743_750.mp4,.mp4,1394043,already_compressed_or_media
data\train\archive (1)\FaceForensics++_C23\FaceShifter\744_674.mp4,.mp4,1295532,already_compressed_or_media
data\train\archive (1)\FaceForensics++_C23\FaceShifter\745_777.mp4,.mp4,829633,already_compressed_or_media
data\train\archive (1)\FaceForensics++_C23\FaceShifter\746_571.mp4,.mp4,1705185,already_compressed_or_media
data\train\archive (1)\FaceForensics++_C23\FaceShifter\747_854.mp4,.mp4,2056397,already_compressed_or_media
data\train\archive (1)\FaceForensics++_C23\FaceShifter\748_355.mp4,.mp4,1811336,already_compressed_or_media
data\train\archive (1)\FaceForensics++_C23\FaceShifter\749_659.mp4,.mp4,936338,already_compressed_or_media
data\train\archive (1)\FaceForensics++_C23\FaceShifter\750_743.mp4,.mp4,5399854,already_compressed_or_media
data\train\archive (1)\FaceForensics++_C23\FaceShifter\751_752.mp4,.mp4,769603,already_compressed_or_media
data\train\archive (1)\FaceForensics++_C23\FaceShifter\752_751.mp4,.mp4,6454085,already_compressed_or_media
data\train\archive (1)\FaceForensics++_C23\FaceShifter\753_789.mp4,.mp4,6732759,already_compressed_or_media
data\train\archive (1)\FaceForensics++_C23\FaceShifter\754_758.mp4,.mp4,1277174,already_compressed_or_media
data\train\archive (1)\FaceForensics++_C23\FaceShifter\755_759.mp4,.mp4,462437,already_compressed_or_media
data\train\archive (1)\FaceForensics++_C23\FaceShifter\756_503.mp4,.mp4,1390277,already_compressed_or_media
data\train\archive (1)\FaceForensics++_C23\FaceShifter\757_573.mp4,.mp4,1456003,already_compressed_or_media
data\train\archive (1)\FaceForensics++_C23\FaceShifter\758_754.mp4,.mp4,720380,already_compressed_or_media
data\train\archive (1)\FaceForensics++_C23\FaceShifter\759_755.mp4,.mp4,4758797,already_compressed_or_media
data\train\archive (1)\FaceForensics++_C23\FaceShifter\760_611.mp4,.mp4,860065,already_compressed_or_media
data\train\archive (1)\FaceForensics++_C23\FaceShifter\761_766.mp4,.mp4,720636,already_compressed_or_media
data\train\archive (1)\FaceForensics++_C23\FaceShifter\762_832.mp4,.mp4,930309,already_compressed_or_media
data\train\archive (1)\FaceForensics++_C23\FaceShifter\763_930.mp4,.mp4,2817125,already_compressed_or_media
data\train\archive (1)\FaceForensics++_C23\FaceShifter\764_850.mp4,.mp4,2123287,already_compressed_or_media
data\train\archive (1)\FaceForensics++_C23\FaceShifter\765_867.mp4,.mp4,670866,already_compressed_or_media
data\train\archive (1)\FaceForensics++_C23\FaceShifter\766_761.mp4,.mp4,904747,already_compressed_or_media
data\train\archive (1)\FaceForensics++_C23\FaceShifter\767_694.mp4,.mp4,563120,already_compressed_or_media
data\train\archive (1)\FaceForensics++_C23\FaceShifter\768_793.mp4,.mp4,985245,already_compressed_or_media
data\train\archive (1)\FaceForensics++_C23\FaceShifter\769_784.mp4,.mp4,2273665,already_compressed_or_media
data\train\archive (1)\FaceForensics++_C23\FaceShifter\770_791.mp4,.mp4,2714240,already_compressed_or_media
data\train\archive (1)\FaceForensics++_C23\FaceShifter\771_849.mp4,.mp4,698672,already_compressed_or_media
data\train\archive (1)\FaceForensics++_C23\FaceShifter\772_708.mp4,.mp4,1564545,already_compressed_or_media
data\train\archive (1)\FaceForensics++_C23\FaceShifter\773_652.mp4,.mp4,1961430,already_compressed_or_media
data\train\archive (1)\FaceForensics++_C23\FaceShifter\774_735.mp4,.mp4,628631,already_compressed_or_media
data\train\archive (1)\FaceForensics++_C23\FaceShifter\775_742.mp4,.mp4,720187,already_compressed_or_media
data\train\archive (1)\FaceForensics++_C23\FaceShifter\776_676.mp4,.mp4,6707268,already_compressed_or_media
data\train\archive (1)\FaceForensics++_C23\FaceShifter\777_745.mp4,.mp4,477001,already_compressed_or_media
data\train\archive (1)\FaceForensics++_C23\FaceShifter\778_798.mp4,.mp4,1486621,already_compressed_or_media
data\train\archive (1)\FaceForensics++_C23\FaceShifter\779_794.mp4,.mp4,1033077,already_compressed_or_media
data\train\archive (1)\FaceForensics++_C23\FaceShifter\780_869.mp4,.mp4,1351053,already_compressed_or_media
data\train\archive (1)\FaceForensics++_C23\FaceShifter\781_806.mp4,.mp4,762288,already_compressed_or_media
data\train\archive (1)\FaceForensics++_C23\FaceShifter\782_787.mp4,.mp4,1668687,already_compressed_or_media
data\train\archive (1)\FaceForensics++_C23\FaceShifter\783_916.mp4,.mp4,1370010,already_compressed_or_media
data\train\archive (1)\FaceForensics++_C23\FaceShifter\784_769.mp4,.mp4,959228,already_compressed_or_media
data\train\archive (1)\FaceForensics++_C23\FaceShifter\785_736.mp4,.mp4,1144779,already_compressed_or_media
data\train\archive (1)\FaceForensics++_C23\FaceShifter\786_819.mp4,.mp4,11428821,already_compressed_or_media
data\train\archive (1)\FaceForensics++_C23\FaceShifter\787_782.mp4,.mp4,1049370,already_compressed_or_media
data\train\archive (1)\FaceForensics++_C23\FaceShifter\788_710.mp4,.mp4,1931844,already_compressed_or_media
data\train\archive (1)\FaceForensics++_C23\FaceShifter\789_753.mp4,.mp4,6087814,already_compressed_or_media
data\train\archive (1)\FaceForensics++_C23\FaceShifter\790_014.mp4,.mp4,2705760,already_compressed_or_media
data\train\archive (1)\FaceForensics++_C23\FaceShifter\791_770.mp4,.mp4,518114,already_compressed_or_media
data\train\archive (1)\FaceForensics++_C23\FaceShifter\792_903.mp4,.mp4,583266,already_compressed_or_media
data\train\archive (1)\FaceForensics++_C23\FaceShifter\793_768.mp4,.mp4,3261643,already_compressed_or_media
data\train\archive (1)\FaceForensics++_C23\FaceShifter\794_779.mp4,.mp4,5225672,already_compressed_or_media
data\train\archive (1)\FaceForensics++_C23\FaceShifter\795_907.mp4,.mp4,1551766,already_compressed_or_media
data\train\archive (1)\FaceForensics++_C23\FaceShifter\796_740.mp4,.mp4,5699321,already_compressed_or_media
data\train\archive (1)\FaceForensics++_C23\FaceShifter\797_844.mp4,.mp4,455751,already_compressed_or_media
data\train\archive (1)\FaceForensics++_C23\FaceShifter\798_778.mp4,.mp4,2991434,already_compressed_or_media
data\train\archive (1)\FaceForensics++_C23\FaceShifter\799_809.mp4,.mp4,7417580,already_compressed_or_media
data\train\archive (1)\FaceForensics++_C23\FaceShifter\800_840.mp4,.mp4,1354188,already_compressed_or_media
data\train\archive (1)\FaceForensics++_C23\FaceShifter\801_855.mp4,.mp4,916797,already_compressed_or_media
data\train\archive (1)\FaceForensics++_C23\FaceShifter\802_885.mp4,.mp4,426679,already_compressed_or_media
data\train\archive (1)\FaceForensics++_C23\FaceShifter\803_017.mp4,.mp4,739243,already_compressed_or_media
data\train\archive (1)\FaceForensics++_C23\FaceShifter\804_738.mp4,.mp4,689769,already_compressed_or_media
data\train\archive (1)\FaceForensics++_C23\FaceShifter\805_011.mp4,.mp4,2309501,already_compressed_or_media
data\train\archive (1)\FaceForensics++_C23\FaceShifter\806_781.mp4,.mp4,371239,already_compressed_or_media
data\train\archive (1)\FaceForensics++_C23\FaceShifter\807_273.mp4,.mp4,7926401,already_compressed_or_media
data\train\archive (1)\FaceForensics++_C23\FaceShifter\808_829.mp4,.mp4,2513664,already_compressed_or_media
data\train\archive (1)\FaceForensics++_C23\FaceShifter\809_799.mp4,.mp4,901150,already_compressed_or_media
data\train\archive (1)\FaceForensics++_C23\FaceShifter\810_838.mp4,.mp4,3972998,already_compressed_or_media
data\train\archive (1)\FaceForensics++_C23\FaceShifter\811_920.mp4,.mp4,2556413,already_compressed_or_media
data\train\archive (1)\FaceForensics++_C23\FaceShifter\812_821.mp4,.mp4,983914,already_compressed_or_media
data\train\archive (1)\FaceForensics++_C23\FaceShifter\813_700.mp4,.mp4,2806877,already_compressed_or_media
data\train\archive (1)\FaceForensics++_C23\FaceShifter\814_871.mp4,.mp4,2387445,already_compressed_or_media
data\train\archive (1)\FaceForensics++_C23\FaceShifter\815_730.mp4,.mp4,1472289,already_compressed_or_media
data\train\archive (1)\FaceForensics++_C23\FaceShifter\816_649.mp4,.mp4,555294,already_compressed_or_media
data\train\archive (1)\FaceForensics++_C23\FaceShifter\817_827.mp4,.mp4,1763150,already_compressed_or_media
data\train\archive (1)\FaceForensics++_C23\FaceShifter\818_820.mp4,.mp4,1865527,already_compressed_or_media
data\train\archive (1)\FaceForensics++_C23\FaceShifter\819_786.mp4,.mp4,7702311,already_compressed_or_media
data\train\archive (1)\FaceForensics++_C23\FaceShifter\820_818.mp4,.mp4,2551111,already_compressed_or_media
data\train\archive (1)\FaceForensics++_C23\FaceShifter\821_812.mp4,.mp4,845979,already_compressed_or_media
data\train\archive (1)\FaceForensics++_C23\FaceShifter\822_244.mp4,.mp4,1876485,already_compressed_or_media
data\train\archive (1)\FaceForensics++_C23\FaceShifter\823_584.mp4,.mp4,4652490,already_compressed_or_media
data\train\archive (1)\FaceForensics++_C23\FaceShifter\824_419.mp4,.mp4,2490061,already_compressed_or_media
data\train\archive (1)\FaceForensics++_C23\FaceShifter\825_074.mp4,.mp4,992130,already_compressed_or_media
data\train\archive (1)\FaceForensics++_C23\FaceShifter\826_833.mp4,.mp4,1576757,already_compressed_or_media
data\train\archive (1)\FaceForensics++_C23\FaceShifter\827_817.mp4,.mp4,493060,already_compressed_or_media
data\train\archive (1)\FaceForensics++_C23\FaceShifter\828_830.mp4,.mp4,774450,already_compressed_or_media
data\train\archive (1)\FaceForensics++_C23\FaceShifter\829_808.mp4,.mp4,3915538,already_compressed_or_media
data\train\archive (1)\FaceForensics++_C23\FaceShifter\830_828.mp4,.mp4,923200,already_compressed_or_media
data\train\archive (1)\FaceForensics++_C23\FaceShifter\831_508.mp4,.mp4,4292542,already_compressed_or_media
data\train\archive (1)\FaceForensics++_C23\FaceShifter\832_762.mp4,.mp4,1333459,already_compressed_or_media
data\train\archive (1)\FaceForensics++_C23\FaceShifter\833_826.mp4,.mp4,9023309,already_compressed_or_media
data\train\archive (1)\FaceForensics++_C23\FaceShifter\834_852.mp4,.mp4,1006912,already_compressed_or_media
data\train\archive (1)\FaceForensics++_C23\FaceShifter\835_651.mp4,.mp4,2971229,already_compressed_or_media
data\train\archive (1)\FaceForensics++_C23\FaceShifter\836_950.mp4,.mp4,1193359,already_compressed_or_media
data\train\archive (1)\FaceForensics++_C23\FaceShifter\837_890.mp4,.mp4,2632665,already_compressed_or_media
data\train\archive (1)\FaceForensics++_C23\FaceShifter\838_810.mp4,.mp4,2392251,already_compressed_or_media
data\train\archive (1)\FaceForensics++_C23\FaceShifter\839_864.mp4,.mp4,578506,already_compressed_or_media
data\train\archive (1)\FaceForensics++_C23\FaceShifter\840_800.mp4,.mp4,986175,already_compressed_or_media
data\train\archive (1)\FaceForensics++_C23\FaceShifter\841_639.mp4,.mp4,814734,already_compressed_or_media
data\train\archive (1)\FaceForensics++_C23\FaceShifter\842_714.mp4,.mp4,1348676,already_compressed_or_media
data\train\archive (1)\FaceForensics++_C23\FaceShifter\843_859.mp4,.mp4,420242,already_compressed_or_media
data\train\archive (1)\FaceForensics++_C23\FaceShifter\844_797.mp4,.mp4,1180571,already_compressed_or_media
data\train\archive (1)\FaceForensics++_C23\FaceShifter\845_846.mp4,.mp4,587774,already_compressed_or_media
data\train\archive (1)\FaceForensics++_C23\FaceShifter\846_845.mp4,.mp4,637327,already_compressed_or_media
data\train\archive (1)\FaceForensics++_C23\FaceShifter\847_906.mp4,.mp4,1597687,already_compressed_or_media
data\train\archive (1)\FaceForensics++_C23\FaceShifter\848_894.mp4,.mp4,4578615,already_compressed_or_media
data\train\archive (1)\FaceForensics++_C23\FaceShifter\849_771.mp4,.mp4,1758475,already_compressed_or_media
data\train\archive (1)\FaceForensics++_C23\FaceShifter\850_764.mp4,.mp4,988740,already_compressed_or_media
data\train\archive (1)\FaceForensics++_C23\FaceShifter\851_552.mp4,.mp4,3610778,already_compressed_or_media
data\train\archive (1)\FaceForensics++_C23\FaceShifter\852_834.mp4,.mp4,465019,already_compressed_or_media
data\train\archive (1)\FaceForensics++_C23\FaceShifter\853_863.mp4,.mp4,2420105,already_compressed_or_media
data\train\archive (1)\FaceForensics++_C23\FaceShifter\854_747.mp4,.mp4,1093567,already_compressed_or_media
data\train\archive (1)\FaceForensics++_C23\FaceShifter\855_801.mp4,.mp4,1449603,already_compressed_or_media
data\train\archive (1)\FaceForensics++_C23\FaceShifter\856_881.mp4,.mp4,3584202,already_compressed_or_media
data\train\archive (1)\FaceForensics++_C23\FaceShifter\857_909.mp4,.mp4,1079389,already_compressed_or_media
data\train\archive (1)\FaceForensics++_C23\FaceShifter\858_861.mp4,.mp4,420854,already_compressed_or_media
data\train\archive (1)\FaceForensics++_C23\FaceShifter\859_843.mp4,.mp4,465526,already_compressed_or_media
data\train\archive (1)\FaceForensics++_C23\FaceShifter\860_905.mp4,.mp4,2358180,already_compressed_or_media
data\train\archive (1)\FaceForensics++_C23\FaceShifter\861_858.mp4,.mp4,1836084,already_compressed_or_media
data\train\archive (1)\FaceForensics++_C23\FaceShifter\862_047.mp4,.mp4,1491354,already_compressed_or_media
data\train\archive (1)\FaceForensics++_C23\FaceShifter\863_853.mp4,.mp4,2012397,already_compressed_or_media
data\train\archive (1)\FaceForensics++_C23\FaceShifter\864_839.mp4,.mp4,752520,already_compressed_or_media
data\train\archive (1)\FaceForensics++_C23\FaceShifter\865_739.mp4,.mp4,2607772,already_compressed_or_media
data\train\archive (1)\FaceForensics++_C23\FaceShifter\866_878.mp4,.mp4,4879742,already_compressed_or_media
data\train\archive (1)\FaceForensics++_C23\FaceShifter\867_765.mp4,.mp4,4390328,already_compressed_or_media
data\train\archive (1)\FaceForensics++_C23\FaceShifter\868_949.mp4,.mp4,639909,already_compressed_or_media
data\train\archive (1)\FaceForensics++_C23\FaceShifter\869_780.mp4,.mp4,4257207,already_compressed_or_media
data\train\archive (1)\FaceForensics++_C23\FaceShifter\870_001.mp4,.mp4,2897167,already_compressed_or_media
data\train\archive (1)\FaceForensics++_C23\FaceShifter\871_814.mp4,.mp4,1042620,already_compressed_or_media
data\train\archive (1)\FaceForensics++_C23\FaceShifter\872_873.mp4,.mp4,734999,already_compressed_or_media
data\train\archive (1)\FaceForensics++_C23\FaceShifter\873_872.mp4,.mp4,2984412,already_compressed_or_media
data\train\archive (1)\FaceForensics++_C23\FaceShifter\874_291.mp4,.mp4,3456295,already_compressed_or_media
data\train\archive (1)\FaceForensics++_C23\FaceShifter\875_979.mp4,.mp4,1178720,already_compressed_or_media
data\train\archive (1)\FaceForensics++_C23\FaceShifter\876_891.mp4,.mp4,907295,already_compressed_or_media
data\train\archive (1)\FaceForensics++_C23\FaceShifter\877_886.mp4,.mp4,1725335,already_compressed_or_media
data\train\archive (1)\FaceForensics++_C23\FaceShifter\878_866.mp4,.mp4,2253306,already_compressed_or_media
data\train\archive (1)\FaceForensics++_C23\FaceShifter\879_963.mp4,.mp4,1607566,already_compressed_or_media
data\train\archive (1)\FaceForensics++_C23\FaceShifter\880_135.mp4,.mp4,3070071,already_compressed_or_media
data\train\archive (1)\FaceForensics++_C23\FaceShifter\881_856.mp4,.mp4,1094245,already_compressed_or_media
data\train\archive (1)\FaceForensics++_C23\FaceShifter\882_952.mp4,.mp4,4644418,already_compressed_or_media
data\train\archive (1)\FaceForensics++_C23\FaceShifter\883_013.mp4,.mp4,2319287,already_compressed_or_media
data\train\archive (1)\FaceForensics++_C23\FaceShifter\884_968.mp4,.mp4,1911784,already_compressed_or_media
data\train\archive (1)\FaceForensics++_C23\FaceShifter\885_802.mp4,.mp4,555869,already_compressed_or_media
data\train\archive (1)\FaceForensics++_C23\FaceShifter\886_877.mp4,.mp4,834376,already_compressed_or_media
data\train\archive (1)\FaceForensics++_C23\FaceShifter\887_275.mp4,.mp4,707632,already_compressed_or_media
data\train\archive (1)\FaceForensics++_C23\FaceShifter\888_937.mp4,.mp4,502028,already_compressed_or_media
data\train\archive (1)\FaceForensics++_C23\FaceShifter\889_045.mp4,.mp4,6281680,already_compressed_or_media
data\train\archive (1)\FaceForensics++_C23\FaceShifter\890_837.mp4,.mp4,723498,already_compressed_or_media
data\train\archive (1)\FaceForensics++_C23\FaceShifter\891_876.mp4,.mp4,1250384,already_compressed_or_media
data\train\archive (1)\FaceForensics++_C23\FaceShifter\892_112.mp4,.mp4,3200389,already_compressed_or_media
data\train\archive (1)\FaceForensics++_C23\FaceShifter\893_913.mp4,.mp4,1048671,already_compressed_or_media
data\train\archive (1)\FaceForensics++_C23\FaceShifter\894_848.mp4,.mp4,2972120,already_compressed_or_media
data\train\archive (1)\FaceForensics++_C23\FaceShifter\895_915.mp4,.mp4,503312,already_compressed_or_media
data\train\archive (1)\FaceForensics++_C23\FaceShifter\896_128.mp4,.mp4,499244,already_compressed_or_media
data\train\archive (1)\FaceForensics++_C23\FaceShifter\897_969.mp4,.mp4,675769,already_compressed_or_media
data\train\archive (1)\FaceForensics++_C23\FaceShifter\898_922.mp4,.mp4,492943,already_compressed_or_media
data\train\archive (1)\FaceForensics++_C23\FaceShifter\899_914.mp4,.mp4,965350,already_compressed_or_media
data\train\archive (1)\FaceForensics++_C23\FaceShifter\900_926.mp4,.mp4,795158,already_compressed_or_media
data\train\archive (1)\FaceForensics++_C23\FaceShifter\901_902.mp4,.mp4,1511299,already_compressed_or_media
data\train\archive (1)\FaceForensics++_C23\FaceShifter\902_901.mp4,.mp4,827015,already_compressed_or_media
data\train\archive (1)\FaceForensics++_C23\FaceShifter\903_792.mp4,.mp4,1338824,already_compressed_or_media
data\train\archive (1)\FaceForensics++_C23\FaceShifter\904_046.mp4,.mp4,3745032,already_compressed_or_media
data\train\archive (1)\FaceForensics++_C23\FaceShifter\905_860.mp4,.mp4,1466622,already_compressed_or_media
data\train\archive (1)\FaceForensics++_C23\FaceShifter\906_847.mp4,.mp4,2263350,already_compressed_or_media
data\train\archive (1)\FaceForensics++_C23\FaceShifter\907_795.mp4,.mp4,1958159,already_compressed_or_media
data\train\archive (1)\FaceForensics++_C23\FaceShifter\908_207.mp4,.mp4,5743753,already_compressed_or_media
data\train\archive (1)\FaceForensics++_C23\FaceShifter\909_857.mp4,.mp4,609550,already_compressed_or_media
data\train\archive (1)\FaceForensics++_C23\FaceShifter\910_911.mp4,.mp4,1069444,already_compressed_or_media
data\train\archive (1)\FaceForensics++_C23\FaceShifter\911_910.mp4,.mp4,949693,already_compressed_or_media
data\train\archive (1)\FaceForensics++_C23\FaceShifter\912_927.mp4,.mp4,1130754,already_compressed_or_media
data\train\archive (1)\FaceForensics++_C23\FaceShifter\913_893.mp4,.mp4,920642,already_compressed_or_media
data\train\archive (1)\FaceForensics++_C23\FaceShifter\914_899.mp4,.mp4,486546,already_compressed_or_media
data\train\archive (1)\FaceForensics++_C23\FaceShifter\915_895.mp4,.mp4,1660200,already_compressed_or_media
data\train\archive (1)\FaceForensics++_C23\FaceShifter\916_783.mp4,.mp4,2371741,already_compressed_or_media
data\train\archive (1)\FaceForensics++_C23\FaceShifter\917_924.mp4,.mp4,1095275,already_compressed_or_media
data\train\archive (1)\FaceForensics++_C23\FaceShifter\918_934.mp4,.mp4,1381066,already_compressed_or_media
data\train\archive (1)\FaceForensics++_C23\FaceShifter\919_015.mp4,.mp4,620976,already_compressed_or_media
data\train\archive (1)\FaceForensics++_C23\FaceShifter\920_811.mp4,.mp4,2837448,already_compressed_or_media
data\train\archive (1)\FaceForensics++_C23\FaceShifter\921_569.mp4,.mp4,3574474,already_compressed_or_media
data\train\archive (1)\FaceForensics++_C23\FaceShifter\922_898.mp4,.mp4,1128459,already_compressed_or_media
data\train\archive (1)\FaceForensics++_C23\FaceShifter\923_023.mp4,.mp4,4113858,already_compressed_or_media
data\train\archive (1)\FaceForensics++_C23\FaceShifter\924_917.mp4,.mp4,1968996,already_compressed_or_media
data\train\archive (1)\FaceForensics++_C23\FaceShifter\925_933.mp4,.mp4,1373834,already_compressed_or_media
data\train\archive (1)\FaceForensics++_C23\FaceShifter\926_900.mp4,.mp4,555102,already_compressed_or_media
data\train\archive (1)\FaceForensics++_C23\FaceShifter\927_912.mp4,.mp4,915595,already_compressed_or_media
data\train\archive (1)\FaceForensics++_C23\FaceShifter\928_160.mp4,.mp4,1832823,already_compressed_or_media
data\train\archive (1)\FaceForensics++_C23\FaceShifter\929_962.mp4,.mp4,520417,already_compressed_or_media
data\train\archive (1)\FaceForensics++_C23\FaceShifter\930_763.mp4,.mp4,1520563,already_compressed_or_media
data\train\archive (1)\FaceForensics++_C23\FaceShifter\931_936.mp4,.mp4,745239,already_compressed_or_media
data\train\archive (1)\FaceForensics++_C23\FaceShifter\932_384.mp4,.mp4,3135827,already_compressed_or_media
data\train\archive (1)\FaceForensics++_C23\FaceShifter\933_925.mp4,.mp4,1610593,already_compressed_or_media
data\train\archive (1)\FaceForensics++_C23\FaceShifter\934_918.mp4,.mp4,1392892,already_compressed_or_media
data\train\archive (1)\FaceForensics++_C23\FaceShifter\935_733.mp4,.mp4,5872612,already_compressed_or_media
data\train\archive (1)\FaceForensics++_C23\FaceShifter\936_931.mp4,.mp4,829819,already_compressed_or_media
data\train\archive (1)\FaceForensics++_C23\FaceShifter\937_888.mp4,.mp4,1091965,already_compressed_or_media
data\train\archive (1)\FaceForensics++_C23\FaceShifter\938_987.mp4,.mp4,946690,already_compressed_or_media
data\train\archive (1)\FaceForensics++_C23\FaceShifter\939_115.mp4,.mp4,525158,already_compressed_or_media
data\train\archive (1)\FaceForensics++_C23\FaceShifter\940_941.mp4,.mp4,555115,already_compressed_or_media
data\train\archive (1)\FaceForensics++_C23\FaceShifter\941_940.mp4,.mp4,858228,already_compressed_or_media
data\train\archive (1)\FaceForensics++_C23\FaceShifter\942_943.mp4,.mp4,2171366,already_compressed_or_media
data\train\archive (1)\FaceForensics++_C23\FaceShifter\943_942.mp4,.mp4,1268056,already_compressed_or_media
data\train\archive (1)\FaceForensics++_C23\FaceShifter\944_032.mp4,.mp4,536577,already_compressed_or_media
data\train\archive (1)\FaceForensics++_C23\FaceShifter\945_044.mp4,.mp4,3705102,already_compressed_or_media
data\train\archive (1)\FaceForensics++_C23\FaceShifter\946_049.mp4,.mp4,1599308,already_compressed_or_media
data\train\archive (1)\FaceForensics++_C23\FaceShifter\947_951.mp4,.mp4,2853782,already_compressed_or_media
data\train\archive (1)\FaceForensics++_C23\FaceShifter\948_965.mp4,.mp4,5372942,already_compressed_or_media
data\train\archive (1)\FaceForensics++_C23\FaceShifter\949_868.mp4,.mp4,955848,already_compressed_or_media
data\train\archive (1)\FaceForensics++_C23\FaceShifter\950_836.mp4,.mp4,7790839,already_compressed_or_media
data\train\archive (1)\FaceForensics++_C23\FaceShifter\951_947.mp4,.mp4,3232118,already_compressed_or_media
data\train\archive (1)\FaceForensics++_C23\FaceShifter\952_882.mp4,.mp4,2964525,already_compressed_or_media
data\train\archive (1)\FaceForensics++_C23\FaceShifter\953_974.mp4,.mp4,2640129,already_compressed_or_media
data\train\archive (1)\FaceForensics++_C23\FaceShifter\954_976.mp4,.mp4,820341,already_compressed_or_media
data\train\archive (1)\FaceForensics++_C23\FaceShifter\955_078.mp4,.mp4,1123087,already_compressed_or_media
data\train\archive (1)\FaceForensics++_C23\FaceShifter\956_958.mp4,.mp4,1181451,already_compressed_or_media
data\train\archive (1)\FaceForensics++_C23\FaceShifter\957_959.mp4,.mp4,5443899,already_compressed_or_media
data\train\archive (1)\FaceForensics++_C23\FaceShifter\958_956.mp4,.mp4,1163573,already_compressed_or_media
data\train\archive (1)\FaceForensics++_C23\FaceShifter\959_957.mp4,.mp4,5032559,already_compressed_or_media
data\train\archive (1)\FaceForensics++_C23\FaceShifter\960_999.mp4,.mp4,1438306,already_compressed_or_media
data\train\archive (1)\FaceForensics++_C23\FaceShifter\961_069.mp4,.mp4,1251923,already_compressed_or_media
data\train\archive (1)\FaceForensics++_C23\FaceShifter\962_929.mp4,.mp4,523562,already_compressed_or_media
data\train\archive (1)\FaceForensics++_C23\FaceShifter\963_879.mp4,.mp4,1145036,already_compressed_or_media
data\train\archive (1)\FaceForensics++_C23\FaceShifter\964_174.mp4,.mp4,840520,already_compressed_or_media
data\train\archive (1)\FaceForensics++_C23\FaceShifter\965_948.mp4,.mp4,3101612,already_compressed_or_media
data\train\archive (1)\FaceForensics++_C23\FaceShifter\966_988.mp4,.mp4,853928,already_compressed_or_media
data\train\archive (1)\FaceForensics++_C23\FaceShifter\967_984.mp4,.mp4,1785293,already_compressed_or_media
data\train\archive (1)\FaceForensics++_C23\FaceShifter\968_884.mp4,.mp4,1375055,already_compressed_or_media
data\train\archive (1)\FaceForensics++_C23\FaceShifter\969_897.mp4,.mp4,757188,already_compressed_or_media
data\train\archive (1)\FaceForensics++_C23\FaceShifter\970_973.mp4,.mp4,730819,already_compressed_or_media
data\train\archive (1)\FaceForensics++_C23\FaceShifter\971_564.mp4,.mp4,2690480,already_compressed_or_media
data\train\archive (1)\FaceForensics++_C23\FaceShifter\972_718.mp4,.mp4,4483997,already_compressed_or_media
data\train\archive (1)\FaceForensics++_C23\FaceShifter\973_970.mp4,.mp4,900423,already_compressed_or_media
data\train\archive (1)\FaceForensics++_C23\FaceShifter\974_953.mp4,.mp4,623834,already_compressed_or_media
data\train\archive (1)\FaceForensics++_C23\FaceShifter\975_978.mp4,.mp4,1013257,already_compressed_or_media
data\train\archive (1)\FaceForensics++_C23\FaceShifter\976_954.mp4,.mp4,1155362,already_compressed_or_media
data\train\archive (1)\FaceForensics++_C23\FaceShifter\977_075.mp4,.mp4,1508386,already_compressed_or_media
data\train\archive (1)\FaceForensics++_C23\FaceShifter\978_975.mp4,.mp4,3401150,already_compressed_or_media
data\train\archive (1)\FaceForensics++_C23\FaceShifter\979_875.mp4,.mp4,1202923,already_compressed_or_media
data\train\archive (1)\FaceForensics++_C23\FaceShifter\980_992.mp4,.mp4,723912,already_compressed_or_media
data\train\archive (1)\FaceForensics++_C23\FaceShifter\981_985.mp4,.mp4,687397,already_compressed_or_media
data\train\archive (1)\FaceForensics++_C23\FaceShifter\982_004.mp4,.mp4,1247122,already_compressed_or_media
data\train\archive (1)\FaceForensics++_C23\FaceShifter\983_113.mp4,.mp4,759239,already_compressed_or_media
data\train\archive (1)\FaceForensics++_C23\FaceShifter\984_967.mp4,.mp4,1398374,already_compressed_or_media
data\train\archive (1)\FaceForensics++_C23\FaceShifter\985_981.mp4,.mp4,879203,already_compressed_or_media
data\train\archive (1)\FaceForensics++_C23\FaceShifter\986_994.mp4,.mp4,2776225,already_compressed_or_media
data\train\archive (1)\FaceForensics++_C23\FaceShifter\987_938.mp4,.mp4,897332,already_compressed_or_media
data\train\archive (1)\FaceForensics++_C23\FaceShifter\988_966.mp4,.mp4,634034,already_compressed_or_media
data\train\archive (1)\FaceForensics++_C23\FaceShifter\989_993.mp4,.mp4,2337637,already_compressed_or_media
data\train\archive (1)\FaceForensics++_C23\FaceShifter\990_008.mp4,.mp4,843540,already_compressed_or_media
data\train\archive (1)\FaceForensics++_C23\FaceShifter\991_064.mp4,.mp4,469327,already_compressed_or_media
data\train\archive (1)\FaceForensics++_C23\FaceShifter\992_980.mp4,.mp4,2012222,already_compressed_or_media
data\train\archive (1)\FaceForensics++_C23\FaceShifter\993_989.mp4,.mp4,1194520,already_compressed_or_media
data\train\archive (1)\FaceForensics++_C23\FaceShifter\994_986.mp4,.mp4,1032398,already_compressed_or_media
data\train\archive (1)\FaceForensics++_C23\FaceShifter\995_233.mp4,.mp4,824567,already_compressed_or_media
data\train\archive (1)\FaceForensics++_C23\FaceShifter\996_056.mp4,.mp4,863780,already_compressed_or_media
data\train\archive (1)\FaceForensics++_C23\FaceShifter\997_040.mp4,.mp4,1046545,already_compressed_or_media
data\train\archive (1)\FaceForensics++_C23\FaceShifter\998_561.mp4,.mp4,1660655,already_compressed_or_media
data\train\archive (1)\FaceForensics++_C23\FaceShifter\999_960.mp4,.mp4,470517,already_compressed_or_media
data\train\archive (1)\FaceForensics++_C23\FaceSwap\000_003.mp4,.mp4,721092,already_compressed_or_media
data\train\archive (1)\FaceForensics++_C23\FaceSwap\001_870.mp4,.mp4,2907355,already_compressed_or_media
data\train\archive (1)\FaceForensics++_C23\FaceSwap\002_006.mp4,.mp4,1004116,already_compressed_or_media
data\train\archive (1)\FaceForensics++_C23\FaceSwap\003_000.mp4,.mp4,646464,already_compressed_or_media
data\train\archive (1)\FaceForensics++_C23\FaceSwap\004_982.mp4,.mp4,1263723,already_compressed_or_media
data\train\archive (1)\FaceForensics++_C23\FaceSwap\005_010.mp4,.mp4,1621644,already_compressed_or_media
data\train\archive (1)\FaceForensics++_C23\FaceSwap\006_002.mp4,.mp4,928443,already_compressed_or_media
data\train\archive (1)\FaceForensics++_C23\FaceSwap\007_132.mp4,.mp4,866198,already_compressed_or_media
data\train\archive (1)\FaceForensics++_C23\FaceSwap\008_990.mp4,.mp4,534203,already_compressed_or_media
data\train\archive (1)\FaceForensics++_C23\FaceSwap\009_027.mp4,.mp4,465941,already_compressed_or_media
data\train\archive (1)\FaceForensics++_C23\FaceSwap\010_005.mp4,.mp4,1226887,already_compressed_or_media
data\train\archive (1)\FaceForensics++_C23\FaceSwap\011_805.mp4,.mp4,2331988,already_compressed_or_media
data\train\archive (1)\FaceForensics++_C23\FaceSwap\012_026.mp4,.mp4,665438,already_compressed_or_media
data\train\archive (1)\FaceForensics++_C23\FaceSwap\013_883.mp4,.mp4,669447,already_compressed_or_media
data\train\archive (1)\FaceForensics++_C23\FaceSwap\014_790.mp4,.mp4,3458190,already_compressed_or_media
data\train\archive (1)\FaceForensics++_C23\FaceSwap\015_919.mp4,.mp4,893627,already_compressed_or_media
data\train\archive (1)\FaceForensics++_C23\FaceSwap\016_209.mp4,.mp4,840522,already_compressed_or_media
data\train\archive (1)\FaceForensics++_C23\FaceSwap\017_803.mp4,.mp4,1513569,already_compressed_or_media
data\train\archive (1)\FaceForensics++_C23\FaceSwap\018_019.mp4,.mp4,462761,already_compressed_or_media
data\train\archive (1)\FaceForensics++_C23\FaceSwap\019_018.mp4,.mp4,746767,already_compressed_or_media
data\train\archive (1)\FaceForensics++_C23\FaceSwap\020_344.mp4,.mp4,1773080,already_compressed_or_media
data\train\archive (1)\FaceForensics++_C23\FaceSwap\021_312.mp4,.mp4,541306,already_compressed_or_media
data\train\archive (1)\FaceForensics++_C23\FaceSwap\022_489.mp4,.mp4,1239939,already_compressed_or_media
data\train\archive (1)\FaceForensics++_C23\FaceSwap\023_923.mp4,.mp4,1867971,already_compressed_or_media
data\train\archive (1)\FaceForensics++_C23\FaceSwap\024_073.mp4,.mp4,570892,already_compressed_or_media
data\train\archive (1)\FaceForensics++_C23\FaceSwap\025_067.mp4,.mp4,2574652,already_compressed_or_media
data\train\archive (1)\FaceForensics++_C23\FaceSwap\026_012.mp4,.mp4,529452,already_compressed_or_media
data\train\archive (1)\FaceForensics++_C23\FaceSwap\027_009.mp4,.mp4,891652,already_compressed_or_media
data\train\archive (1)\FaceForensics++_C23\FaceSwap\028_068.mp4,.mp4,839284,already_compressed_or_media
data\train\archive (1)\FaceForensics++_C23\FaceSwap\029_048.mp4,.mp4,580795,already_compressed_or_media
data\train\archive (1)\FaceForensics++_C23\FaceSwap\030_193.mp4,.mp4,3753936,already_compressed_or_media
data\train\archive (1)\FaceForensics++_C23\FaceSwap\031_163.mp4,.mp4,1030407,already_compressed_or_media
data\train\archive (1)\FaceForensics++_C23\FaceSwap\032_944.mp4,.mp4,1745692,already_compressed_or_media
data\train\archive (1)\FaceForensics++_C23\FaceSwap\033_097.mp4,.mp4,1163590,already_compressed_or_media
data\train\archive (1)\FaceForensics++_C23\FaceSwap\034_590.mp4,.mp4,1252616,already_compressed_or_media
data\train\archive (1)\FaceForensics++_C23\FaceSwap\035_036.mp4,.mp4,479078,already_compressed_or_media
data\train\archive (1)\FaceForensics++_C23\FaceSwap\036_035.mp4,.mp4,970252,already_compressed_or_media
data\train\archive (1)\FaceForensics++_C23\FaceSwap\037_072.mp4,.mp4,597111,already_compressed_or_media
data\train\archive (1)\FaceForensics++_C23\FaceSwap\038_125.mp4,.mp4,595039,already_compressed_or_media
data\train\archive (1)\FaceForensics++_C23\FaceSwap\039_058.mp4,.mp4,1103009,already_compressed_or_media
data\train\archive (1)\FaceForensics++_C23\FaceSwap\040_997.mp4,.mp4,2576834,already_compressed_or_media
data\train\archive (1)\FaceForensics++_C23\FaceSwap\041_063.mp4,.mp4,730881,already_compressed_or_media
data\train\archive (1)\FaceForensics++_C23\FaceSwap\042_084.mp4,.mp4,997377,already_compressed_or_media
data\train\archive (1)\FaceForensics++_C23\FaceSwap\043_110.mp4,.mp4,1675054,already_compressed_or_media
data\train\archive (1)\FaceForensics++_C23\FaceSwap\044_945.mp4,.mp4,1858596,already_compressed_or_media
data\train\archive (1)\FaceForensics++_C23\FaceSwap\045_889.mp4,.mp4,4689394,already_compressed_or_media
data\train\archive (1)\FaceForensics++_C23\FaceSwap\046_904.mp4,.mp4,1655198,already_compressed_or_media
data\train\archive (1)\FaceForensics++_C23\FaceSwap\047_862.mp4,.mp4,552325,already_compressed_or_media
data\train\archive (1)\FaceForensics++_C23\FaceSwap\048_029.mp4,.mp4,1083101,already_compressed_or_media
data\train\archive (1)\FaceForensics++_C23\FaceSwap\049_946.mp4,.mp4,507926,already_compressed_or_media
data\train\archive (1)\FaceForensics++_C23\FaceSwap\050_059.mp4,.mp4,686706,already_compressed_or_media
data\train\archive (1)\FaceForensics++_C23\FaceSwap\051_332.mp4,.mp4,2643265,already_compressed_or_media
data\train\archive (1)\FaceForensics++_C23\FaceSwap\052_108.mp4,.mp4,2897729,already_compressed_or_media
data\train\archive (1)\FaceForensics++_C23\FaceSwap\053_095.mp4,.mp4,647171,already_compressed_or_media
data\train\archive (1)\FaceForensics++_C23\FaceSwap\054_071.mp4,.mp4,731058,already_compressed_or_media
data\train\archive (1)\FaceForensics++_C23\FaceSwap\055_147.mp4,.mp4,650917,already_compressed_or_media
data\train\archive (1)\FaceForensics++_C23\FaceSwap\056_996.mp4,.mp4,1033696,already_compressed_or_media
data\train\archive (1)\FaceForensics++_C23\FaceSwap\057_070.mp4,.mp4,1151520,already_compressed_or_media
data\train\archive (1)\FaceForensics++_C23\FaceSwap\058_039.mp4,.mp4,1154176,already_compressed_or_media
data\train\archive (1)\FaceForensics++_C23\FaceSwap\059_050.mp4,.mp4,1192656,already_compressed_or_media
data\train\archive (1)\FaceForensics++_C23\FaceSwap\060_088.mp4,.mp4,3293912,already_compressed_or_media
data\train\archive (1)\FaceForensics++_C23\FaceSwap\061_080.mp4,.mp4,737027,already_compressed_or_media
data\train\archive (1)\FaceForensics++_C23\FaceSwap\062_066.mp4,.mp4,702038,already_compressed_or_media
data\train\archive (1)\FaceForensics++_C23\FaceSwap\063_041.mp4,.mp4,821144,already_compressed_or_media
data\train\archive (1)\FaceForensics++_C23\FaceSwap\064_991.mp4,.mp4,911620,already_compressed_or_media
data\train\archive (1)\FaceForensics++_C23\FaceSwap\065_089.mp4,.mp4,3451500,already_compressed_or_media
data\train\archive (1)\FaceForensics++_C23\FaceSwap\066_062.mp4,.mp4,1529454,already_compressed_or_media
data\train\archive (1)\FaceForensics++_C23\FaceSwap\067_025.mp4,.mp4,2212070,already_compressed_or_media
data\train\archive (1)\FaceForensics++_C23\FaceSwap\068_028.mp4,.mp4,790118,already_compressed_or_media
data\train\archive (1)\FaceForensics++_C23\FaceSwap\069_961.mp4,.mp4,1766841,already_compressed_or_media
data\train\archive (1)\FaceForensics++_C23\FaceSwap\070_057.mp4,.mp4,880814,already_compressed_or_media
data\train\archive (1)\FaceForensics++_C23\FaceSwap\071_054.mp4,.mp4,1194046,already_compressed_or_media
data\train\archive (1)\FaceForensics++_C23\FaceSwap\072_037.mp4,.mp4,907758,already_compressed_or_media
data\train\archive (1)\FaceForensics++_C23\FaceSwap\073_024.mp4,.mp4,1333290,already_compressed_or_media
data\train\archive (1)\FaceForensics++_C23\FaceSwap\074_825.mp4,.mp4,3046333,already_compressed_or_media
data\train\archive (1)\FaceForensics++_C23\FaceSwap\075_977.mp4,.mp4,3081297,already_compressed_or_media
data\train\archive (1)\FaceForensics++_C23\FaceSwap\076_079.mp4,.mp4,1372195,already_compressed_or_media
data\train\archive (1)\FaceForensics++_C23\FaceSwap\077_100.mp4,.mp4,640442,already_compressed_or_media
data\train\archive (1)\FaceForensics++_C23\FaceSwap\078_955.mp4,.mp4,2163591,already_compressed_or_media
data\train\archive (1)\FaceForensics++_C23\FaceSwap\079_076.mp4,.mp4,1310229,already_compressed_or_media
data\train\archive (1)\FaceForensics++_C23\FaceSwap\080_061.mp4,.mp4,477512,already_compressed_or_media
data\train\archive (1)\FaceForensics++_C23\FaceSwap\081_087.mp4,.mp4,675851,already_compressed_or_media
data\train\archive (1)\FaceForensics++_C23\FaceSwap\082_103.mp4,.mp4,656283,already_compressed_or_media
data\train\archive (1)\FaceForensics++_C23\FaceSwap\083_213.mp4,.mp4,3704918,already_compressed_or_media
data\train\archive (1)\FaceForensics++_C23\FaceSwap\084_042.mp4,.mp4,5300420,already_compressed_or_media
data\train\archive (1)\FaceForensics++_C23\FaceSwap\085_124.mp4,.mp4,1837201,already_compressed_or_media
data\train\archive (1)\FaceForensics++_C23\FaceSwap\086_090.mp4,.mp4,2197454,already_compressed_or_media
data\train\archive (1)\FaceForensics++_C23\FaceSwap\087_081.mp4,.mp4,434228,already_compressed_or_media
data\train\archive (1)\FaceForensics++_C23\FaceSwap\088_060.mp4,.mp4,2229543,already_compressed_or_media
data\train\archive (1)\FaceForensics++_C23\FaceSwap\089_065.mp4,.mp4,1944756,already_compressed_or_media
data\train\archive (1)\FaceForensics++_C23\FaceSwap\090_086.mp4,.mp4,4697625,already_compressed_or_media
data\train\archive (1)\FaceForensics++_C23\FaceSwap\091_116.mp4,.mp4,787577,already_compressed_or_media
data\train\archive (1)\FaceForensics++_C23\FaceSwap\092_098.mp4,.mp4,694600,already_compressed_or_media
data\train\archive (1)\FaceForensics++_C23\FaceSwap\093_121.mp4,.mp4,2351858,already_compressed_or_media
data\train\archive (1)\FaceForensics++_C23\FaceSwap\094_111.mp4,.mp4,1956393,already_compressed_or_media
data\train\archive (1)\FaceForensics++_C23\FaceSwap\095_053.mp4,.mp4,964570,already_compressed_or_media
data\train\archive (1)\FaceForensics++_C23\FaceSwap\096_101.mp4,.mp4,5356669,already_compressed_or_media
data\train\archive (1)\FaceForensics++_C23\FaceSwap\097_033.mp4,.mp4,1070607,already_compressed_or_media
data\train\archive (1)\FaceForensics++_C23\FaceSwap\098_092.mp4,.mp4,424832,already_compressed_or_media
data\train\archive (1)\FaceForensics++_C23\FaceSwap\099_295.mp4,.mp4,6994525,already_compressed_or_media
data\train\archive (1)\FaceForensics++_C23\FaceSwap\100_077.mp4,.mp4,930768,already_compressed_or_media
data\train\archive (1)\FaceForensics++_C23\FaceSwap\101_096.mp4,.mp4,1131111,already_compressed_or_media
data\train\archive (1)\FaceForensics++_C23\FaceSwap\102_114.mp4,.mp4,1015758,already_compressed_or_media
data\train\archive (1)\FaceForensics++_C23\FaceSwap\103_082.mp4,.mp4,975496,already_compressed_or_media
data\train\archive (1)\FaceForensics++_C23\FaceSwap\104_126.mp4,.mp4,915652,already_compressed_or_media
data\train\archive (1)\FaceForensics++_C23\FaceSwap\105_180.mp4,.mp4,1143639,already_compressed_or_media
data\train\archive (1)\FaceForensics++_C23\FaceSwap\106_198.mp4,.mp4,497794,already_compressed_or_media
data\train\archive (1)\FaceForensics++_C23\FaceSwap\107_109.mp4,.mp4,607764,already_compressed_or_media
data\train\archive (1)\FaceForensics++_C23\FaceSwap\108_052.mp4,.mp4,3734831,already_compressed_or_media
data\train\archive (1)\FaceForensics++_C23\FaceSwap\109_107.mp4,.mp4,1039684,already_compressed_or_media
data\train\archive (1)\FaceForensics++_C23\FaceSwap\110_043.mp4,.mp4,1104013,already_compressed_or_media
data\train\archive (1)\FaceForensics++_C23\FaceSwap\111_094.mp4,.mp4,957228,already_compressed_or_media
data\train\archive (1)\FaceForensics++_C23\FaceSwap\112_892.mp4,.mp4,4507318,already_compressed_or_media
data\train\archive (1)\FaceForensics++_C23\FaceSwap\113_983.mp4,.mp4,1949979,already_compressed_or_media
data\train\archive (1)\FaceForensics++_C23\FaceSwap\114_102.mp4,.mp4,874511,already_compressed_or_media
data\train\archive (1)\FaceForensics++_C23\FaceSwap\115_939.mp4,.mp4,1393692,already_compressed_or_media
data\train\archive (1)\FaceForensics++_C23\FaceSwap\116_091.mp4,.mp4,702244,already_compressed_or_media
data\train\archive (1)\FaceForensics++_C23\FaceSwap\117_217.mp4,.mp4,4035367,already_compressed_or_media
data\train\archive (1)\FaceForensics++_C23\FaceSwap\118_120.mp4,.mp4,1065230,already_compressed_or_media
data\train\archive (1)\FaceForensics++_C23\FaceSwap\119_123.mp4,.mp4,900498,already_compressed_or_media
data\train\archive (1)\FaceForensics++_C23\FaceSwap\120_118.mp4,.mp4,1034539,already_compressed_or_media
data\train\archive (1)\FaceForensics++_C23\FaceSwap\121_093.mp4,.mp4,2381891,already_compressed_or_media
data\train\archive (1)\FaceForensics++_C23\FaceSwap\122_144.mp4,.mp4,1627863,already_compressed_or_media
data\train\archive (1)\FaceForensics++_C23\FaceSwap\123_119.mp4,.mp4,1224323,already_compressed_or_media
data\train\archive (1)\FaceForensics++_C23\FaceSwap\124_085.mp4,.mp4,770041,already_compressed_or_media
data\train\archive (1)\FaceForensics++_C23\FaceSwap\125_038.mp4,.mp4,1548725,already_compressed_or_media
data\train\archive (1)\FaceForensics++_C23\FaceSwap\126_104.mp4,.mp4,729695,already_compressed_or_media
data\train\archive (1)\FaceForensics++_C23\FaceSwap\127_129.mp4,.mp4,1361885,already_compressed_or_media
data\train\archive (1)\FaceForensics++_C23\FaceSwap\128_896.mp4,.mp4,974693,already_compressed_or_media
data\train\archive (1)\FaceForensics++_C23\FaceSwap\129_127.mp4,.mp4,1727125,already_compressed_or_media
data\train\archive (1)\FaceForensics++_C23\FaceSwap\130_139.mp4,.mp4,1342310,already_compressed_or_media
data\train\archive (1)\FaceForensics++_C23\FaceSwap\131_518.mp4,.mp4,518713,already_compressed_or_media
data\train\archive (1)\FaceForensics++_C23\FaceSwap\132_007.mp4,.mp4,443710,already_compressed_or_media
data\train\archive (1)\FaceForensics++_C23\FaceSwap\133_148.mp4,.mp4,715691,already_compressed_or_media
data\train\archive (1)\FaceForensics++_C23\FaceSwap\134_192.mp4,.mp4,1807271,already_compressed_or_media
data\train\archive (1)\FaceForensics++_C23\FaceSwap\135_880.mp4,.mp4,1253585,already_compressed_or_media
data\train\archive (1)\FaceForensics++_C23\FaceSwap\136_285.mp4,.mp4,2427532,already_compressed_or_media
data\train\archive (1)\FaceForensics++_C23\FaceSwap\137_165.mp4,.mp4,1464871,already_compressed_or_media
data\train\archive (1)\FaceForensics++_C23\FaceSwap\138_142.mp4,.mp4,489744,already_compressed_or_media
data\train\archive (1)\FaceForensics++_C23\FaceSwap\139_130.mp4,.mp4,602490,already_compressed_or_media
data\train\archive (1)\FaceForensics++_C23\FaceSwap\140_143.mp4,.mp4,2016269,already_compressed_or_media
data\train\archive (1)\FaceForensics++_C23\FaceSwap\141_161.mp4,.mp4,910173,already_compressed_or_media
data\train\archive (1)\FaceForensics++_C23\FaceSwap\142_138.mp4,.mp4,618153,already_compressed_or_media
data\train\archive (1)\FaceForensics++_C23\FaceSwap\143_140.mp4,.mp4,736617,already_compressed_or_media
data\train\archive (1)\FaceForensics++_C23\FaceSwap\144_122.mp4,.mp4,1050024,already_compressed_or_media
data\train\archive (1)\FaceForensics++_C23\FaceSwap\145_299.mp4,.mp4,434833,already_compressed_or_media
data\train\archive (1)\FaceForensics++_C23\FaceSwap\146_256.mp4,.mp4,3737065,already_compressed_or_media
data\train\archive (1)\FaceForensics++_C23\FaceSwap\147_055.mp4,.mp4,833227,already_compressed_or_media
data\train\archive (1)\FaceForensics++_C23\FaceSwap\148_133.mp4,.mp4,814990,already_compressed_or_media
data\train\archive (1)\FaceForensics++_C23\FaceSwap\149_152.mp4,.mp4,816790,already_compressed_or_media
data\train\archive (1)\FaceForensics++_C23\FaceSwap\150_153.mp4,.mp4,650415,already_compressed_or_media
data\train\archive (1)\FaceForensics++_C23\FaceSwap\151_225.mp4,.mp4,1982549,already_compressed_or_media
data\train\archive (1)\FaceForensics++_C23\FaceSwap\152_149.mp4,.mp4,712046,already_compressed_or_media
data\train\archive (1)\FaceForensics++_C23\FaceSwap\153_150.mp4,.mp4,1332960,already_compressed_or_media
data\train\archive (1)\FaceForensics++_C23\FaceSwap\154_386.mp4,.mp4,2255684,already_compressed_or_media
data\train\archive (1)\FaceForensics++_C23\FaceSwap\155_576.mp4,.mp4,1233749,already_compressed_or_media
data\train\archive (1)\FaceForensics++_C23\FaceSwap\156_243.mp4,.mp4,857594,already_compressed_or_media
data\train\archive (1)\FaceForensics++_C23\FaceSwap\157_245.mp4,.mp4,606276,already_compressed_or_media
data\train\archive (1)\FaceForensics++_C23\FaceSwap\158_379.mp4,.mp4,672251,already_compressed_or_media
data\train\archive (1)\FaceForensics++_C23\FaceSwap\159_175.mp4,.mp4,968554,already_compressed_or_media
data\train\archive (1)\FaceForensics++_C23\FaceSwap\160_928.mp4,.mp4,1695330,already_compressed_or_media
data\train\archive (1)\FaceForensics++_C23\FaceSwap\161_141.mp4,.mp4,683693,already_compressed_or_media
data\train\archive (1)\FaceForensics++_C23\FaceSwap\162_330.mp4,.mp4,1840212,already_compressed_or_media
data\train\archive (1)\FaceForensics++_C23\FaceSwap\163_031.mp4,.mp4,916486,already_compressed_or_media
data\train\archive (1)\FaceForensics++_C23\FaceSwap\164_216.mp4,.mp4,1297518,already_compressed_or_media
data\train\archive (1)\FaceForensics++_C23\FaceSwap\165_137.mp4,.mp4,748368,already_compressed_or_media
data\train\archive (1)\FaceForensics++_C23\FaceSwap\166_167.mp4,.mp4,602648,already_compressed_or_media
data\train\archive (1)\FaceForensics++_C23\FaceSwap\167_166.mp4,.mp4,909930,already_compressed_or_media
data\train\archive (1)\FaceForensics++_C23\FaceSwap\168_222.mp4,.mp4,593049,already_compressed_or_media
data\train\archive (1)\FaceForensics++_C23\FaceSwap\169_227.mp4,.mp4,716246,already_compressed_or_media
data\train\archive (1)\FaceForensics++_C23\FaceSwap\170_186.mp4,.mp4,3023815,already_compressed_or_media
data\train\archive (1)\FaceForensics++_C23\FaceSwap\171_173.mp4,.mp4,2715053,already_compressed_or_media
data\train\archive (1)\FaceForensics++_C23\FaceSwap\172_582.mp4,.mp4,681317,already_compressed_or_media
data\train\archive (1)\FaceForensics++_C23\FaceSwap\173_171.mp4,.mp4,2888032,already_compressed_or_media
data\train\archive (1)\FaceForensics++_C23\FaceSwap\174_964.mp4,.mp4,1127825,already_compressed_or_media
data\train\archive (1)\FaceForensics++_C23\FaceSwap\175_159.mp4,.mp4,747504,already_compressed_or_media
data\train\archive (1)\FaceForensics++_C23\FaceSwap\176_190.mp4,.mp4,4005194,already_compressed_or_media
data\train\archive (1)\FaceForensics++_C23\FaceSwap\177_211.mp4,.mp4,1288395,already_compressed_or_media
data\train\archive (1)\FaceForensics++_C23\FaceSwap\178_598.mp4,.mp4,575668,already_compressed_or_media
data\train\archive (1)\FaceForensics++_C23\FaceSwap\179_212.mp4,.mp4,683302,already_compressed_or_media
data\train\archive (1)\FaceForensics++_C23\FaceSwap\180_105.mp4,.mp4,718757,already_compressed_or_media
data\train\archive (1)\FaceForensics++_C23\FaceSwap\181_199.mp4,.mp4,607353,already_compressed_or_media
data\train\archive (1)\FaceForensics++_C23\FaceSwap\182_242.mp4,.mp4,1327886,already_compressed_or_media
data\train\archive (1)\FaceForensics++_C23\FaceSwap\183_253.mp4,.mp4,1473159,already_compressed_or_media
data\train\archive (1)\FaceForensics++_C23\FaceSwap\184_205.mp4,.mp4,545467,already_compressed_or_media
data\train\archive (1)\FaceForensics++_C23\FaceSwap\185_276.mp4,.mp4,885545,already_compressed_or_media
data\train\archive (1)\FaceForensics++_C23\FaceSwap\186_170.mp4,.mp4,5466919,already_compressed_or_media
data\train\archive (1)\FaceForensics++_C23\FaceSwap\187_234.mp4,.mp4,2999230,already_compressed_or_media
data\train\archive (1)\FaceForensics++_C23\FaceSwap\188_191.mp4,.mp4,1465637,already_compressed_or_media
data\train\archive (1)\FaceForensics++_C23\FaceSwap\189_200.mp4,.mp4,1688172,already_compressed_or_media
data\train\archive (1)\FaceForensics++_C23\FaceSwap\190_176.mp4,.mp4,2785749,already_compressed_or_media
data\train\archive (1)\FaceForensics++_C23\FaceSwap\191_188.mp4,.mp4,3416418,already_compressed_or_media
data\train\archive (1)\FaceForensics++_C23\FaceSwap\192_134.mp4,.mp4,979028,already_compressed_or_media
data\train\archive (1)\FaceForensics++_C23\FaceSwap\193_030.mp4,.mp4,3929658,already_compressed_or_media
data\train\archive (1)\FaceForensics++_C23\FaceSwap\194_235.mp4,.mp4,606945,already_compressed_or_media
data\train\archive (1)\FaceForensics++_C23\FaceSwap\195_442.mp4,.mp4,1320234,already_compressed_or_media
data\train\archive (1)\FaceForensics++_C23\FaceSwap\196_310.mp4,.mp4,598989,already_compressed_or_media
data\train\archive (1)\FaceForensics++_C23\FaceSwap\197_224.mp4,.mp4,930618,already_compressed_or_media
data\train\archive (1)\FaceForensics++_C23\FaceSwap\198_106.mp4,.mp4,610103,already_compressed_or_media
data\train\archive (1)\FaceForensics++_C23\FaceSwap\199_181.mp4,.mp4,1213397,already_compressed_or_media
data\train\archive (1)\FaceForensics++_C23\FaceSwap\200_189.mp4,.mp4,2003803,already_compressed_or_media
data\train\archive (1)\FaceForensics++_C23\FaceSwap\201_203.mp4,.mp4,1012938,already_compressed_or_media
data\train\archive (1)\FaceForensics++_C23\FaceSwap\202_348.mp4,.mp4,711131,already_compressed_or_media
data\train\archive (1)\FaceForensics++_C23\FaceSwap\203_201.mp4,.mp4,1491343,already_compressed_or_media
data\train\archive (1)\FaceForensics++_C23\FaceSwap\204_230.mp4,.mp4,1587010,already_compressed_or_media
data\train\archive (1)\FaceForensics++_C23\FaceSwap\205_184.mp4,.mp4,925052,already_compressed_or_media
data\train\archive (1)\FaceForensics++_C23\FaceSwap\206_221.mp4,.mp4,792258,already_compressed_or_media
data\train\archive (1)\FaceForensics++_C23\FaceSwap\207_908.mp4,.mp4,3156011,already_compressed_or_media
data\train\archive (1)\FaceForensics++_C23\FaceSwap\208_215.mp4,.mp4,1217002,already_compressed_or_media
data\train\archive (1)\FaceForensics++_C23\FaceSwap\209_016.mp4,.mp4,1321687,already_compressed_or_media
data\train\archive (1)\FaceForensics++_C23\FaceSwap\210_241.mp4,.mp4,691241,already_compressed_or_media
data\train\archive (1)\FaceForensics++_C23\FaceSwap\211_177.mp4,.mp4,2156277,already_compressed_or_media
data\train\archive (1)\FaceForensics++_C23\FaceSwap\212_179.mp4,.mp4,702200,already_compressed_or_media
data\train\archive (1)\FaceForensics++_C23\FaceSwap\213_083.mp4,.mp4,2050466,already_compressed_or_media
data\train\archive (1)\FaceForensics++_C23\FaceSwap\214_255.mp4,.mp4,1543362,already_compressed_or_media
data\train\archive (1)\FaceForensics++_C23\FaceSwap\215_208.mp4,.mp4,844356,already_compressed_or_media
data\train\archive (1)\FaceForensics++_C23\FaceSwap\216_164.mp4,.mp4,1051177,already_compressed_or_media
data\train\archive (1)\FaceForensics++_C23\FaceSwap\217_117.mp4,.mp4,5809576,already_compressed_or_media
data\train\archive (1)\FaceForensics++_C23\FaceSwap\218_239.mp4,.mp4,539640,already_compressed_or_media
data\train\archive (1)\FaceForensics++_C23\FaceSwap\219_220.mp4,.mp4,2113428,already_compressed_or_media
data\train\archive (1)\FaceForensics++_C23\FaceSwap\220_219.mp4,.mp4,802864,already_compressed_or_media
data\train\archive (1)\FaceForensics++_C23\FaceSwap\221_206.mp4,.mp4,2858601,already_compressed_or_media
data\train\archive (1)\FaceForensics++_C23\FaceSwap\222_168.mp4,.mp4,907964,already_compressed_or_media
data\train\archive (1)\FaceForensics++_C23\FaceSwap\223_586.mp4,.mp4,1968863,already_compressed_or_media
data\train\archive (1)\FaceForensics++_C23\FaceSwap\224_197.mp4,.mp4,1945749,already_compressed_or_media
data\train\archive (1)\FaceForensics++_C23\FaceSwap\225_151.mp4,.mp4,1265772,already_compressed_or_media
data\train\archive (1)\FaceForensics++_C23\FaceSwap\226_491.mp4,.mp4,1351334,already_compressed_or_media
data\train\archive (1)\FaceForensics++_C23\FaceSwap\227_169.mp4,.mp4,1481376,already_compressed_or_media
data\train\archive (1)\FaceForensics++_C23\FaceSwap\228_289.mp4,.mp4,803264,already_compressed_or_media
data\train\archive (1)\FaceForensics++_C23\FaceSwap\229_247.mp4,.mp4,778090,already_compressed_or_media
data\train\archive (1)\FaceForensics++_C23\FaceSwap\230_204.mp4,.mp4,1467866,already_compressed_or_media
data\train\archive (1)\FaceForensics++_C23\FaceSwap\231_663.mp4,.mp4,603266,already_compressed_or_media
data\train\archive (1)\FaceForensics++_C23\FaceSwap\232_248.mp4,.mp4,1362966,already_compressed_or_media
data\train\archive (1)\FaceForensics++_C23\FaceSwap\233_995.mp4,.mp4,2370320,already_compressed_or_media
data\train\archive (1)\FaceForensics++_C23\FaceSwap\234_187.mp4,.mp4,1633015,already_compressed_or_media
data\train\archive (1)\FaceForensics++_C23\FaceSwap\235_194.mp4,.mp4,1404025,already_compressed_or_media
data\train\archive (1)\FaceForensics++_C23\FaceSwap\236_237.mp4,.mp4,1552038,already_compressed_or_media
data\train\archive (1)\FaceForensics++_C23\FaceSwap\237_236.mp4,.mp4,2780577,already_compressed_or_media
data\train\archive (1)\FaceForensics++_C23\FaceSwap\238_282.mp4,.mp4,925653,already_compressed_or_media
data\train\archive (1)\FaceForensics++_C23\FaceSwap\239_218.mp4,.mp4,952225,already_compressed_or_media
data\train\archive (1)\FaceForensics++_C23\FaceSwap\240_290.mp4,.mp4,779677,already_compressed_or_media
data\train\archive (1)\FaceForensics++_C23\FaceSwap\241_210.mp4,.mp4,630477,already_compressed_or_media
data\train\archive (1)\FaceForensics++_C23\FaceSwap\242_182.mp4,.mp4,550521,already_compressed_or_media
data\train\archive (1)\FaceForensics++_C23\FaceSwap\243_156.mp4,.mp4,2401759,already_compressed_or_media
data\train\archive (1)\FaceForensics++_C23\FaceSwap\244_822.mp4,.mp4,2598792,already_compressed_or_media
data\train\archive (1)\FaceForensics++_C23\FaceSwap\245_157.mp4,.mp4,711788,already_compressed_or_media
data\train\archive (1)\FaceForensics++_C23\FaceSwap\246_258.mp4,.mp4,2034160,already_compressed_or_media
data\train\archive (1)\FaceForensics++_C23\FaceSwap\247_229.mp4,.mp4,1263598,already_compressed_or_media
data\train\archive (1)\FaceForensics++_C23\FaceSwap\248_232.mp4,.mp4,2296826,already_compressed_or_media
data\train\archive (1)\FaceForensics++_C23\FaceSwap\249_280.mp4,.mp4,1513259,already_compressed_or_media
data\train\archive (1)\FaceForensics++_C23\FaceSwap\250_461.mp4,.mp4,2680397,already_compressed_or_media
data\train\archive (1)\FaceForensics++_C23\FaceSwap\251_375.mp4,.mp4,2651122,already_compressed_or_media
data\train\archive (1)\FaceForensics++_C23\FaceSwap\252_266.mp4,.mp4,1500232,already_compressed_or_media
data\train\archive (1)\FaceForensics++_C23\FaceSwap\253_183.mp4,.mp4,1292407,already_compressed_or_media
data\train\archive (1)\FaceForensics++_C23\FaceSwap\254_261.mp4,.mp4,1418007,already_compressed_or_media
data\train\archive (1)\FaceForensics++_C23\FaceSwap\255_214.mp4,.mp4,2008165,already_compressed_or_media
data\train\archive (1)\FaceForensics++_C23\FaceSwap\256_146.mp4,.mp4,2467760,already_compressed_or_media
data\train\archive (1)\FaceForensics++_C23\FaceSwap\257_420.mp4,.mp4,2324020,already_compressed_or_media
data\train\archive (1)\FaceForensics++_C23\FaceSwap\258_246.mp4,.mp4,3263919,already_compressed_or_media
data\train\archive (1)\FaceForensics++_C23\FaceSwap\259_345.mp4,.mp4,1115309,already_compressed_or_media
data\train\archive (1)\FaceForensics++_C23\FaceSwap\260_331.mp4,.mp4,538407,already_compressed_or_media
data\train\archive (1)\FaceForensics++_C23\FaceSwap\261_254.mp4,.mp4,498426,already_compressed_or_media
data\train\archive (1)\FaceForensics++_C23\FaceSwap\262_301.mp4,.mp4,761385,already_compressed_or_media
data\train\archive (1)\FaceForensics++_C23\FaceSwap\263_284.mp4,.mp4,1632449,already_compressed_or_media
data\train\archive (1)\FaceForensics++_C23\FaceSwap\264_271.mp4,.mp4,709444,already_compressed_or_media
data\train\archive (1)\FaceForensics++_C23\FaceSwap\265_475.mp4,.mp4,3962295,already_compressed_or_media
data\train\archive (1)\FaceForensics++_C23\FaceSwap\266_252.mp4,.mp4,1466235,already_compressed_or_media
data\train\archive (1)\FaceForensics++_C23\FaceSwap\267_286.mp4,.mp4,1747953,already_compressed_or_media
data\train\archive (1)\FaceForensics++_C23\FaceSwap\268_269.mp4,.mp4,952965,already_compressed_or_media
data\train\archive (1)\FaceForensics++_C23\FaceSwap\269_268.mp4,.mp4,772713,already_compressed_or_media
data\train\archive (1)\FaceForensics++_C23\FaceSwap\270_297.mp4,.mp4,837208,already_compressed_or_media
data\train\archive (1)\FaceForensics++_C23\FaceSwap\271_264.mp4,.mp4,1314087,already_compressed_or_media
data\train\archive (1)\FaceForensics++_C23\FaceSwap\272_396.mp4,.mp4,1582808,already_compressed_or_media
data\train\archive (1)\FaceForensics++_C23\FaceSwap\273_807.mp4,.mp4,998781,already_compressed_or_media
data\train\archive (1)\FaceForensics++_C23\FaceSwap\274_412.mp4,.mp4,2408899,already_compressed_or_media
data\train\archive (1)\FaceForensics++_C23\FaceSwap\275_887.mp4,.mp4,757324,already_compressed_or_media
data\train\archive (1)\FaceForensics++_C23\FaceSwap\276_185.mp4,.mp4,906214,already_compressed_or_media
data\train\archive (1)\FaceForensics++_C23\FaceSwap\277_335.mp4,.mp4,1310438,already_compressed_or_media
data\train\archive (1)\FaceForensics++_C23\FaceSwap\278_306.mp4,.mp4,725710,already_compressed_or_media
data\train\archive (1)\FaceForensics++_C23\FaceSwap\279_298.mp4,.mp4,1665984,already_compressed_or_media
data\train\archive (1)\FaceForensics++_C23\FaceSwap\280_249.mp4,.mp4,1099748,already_compressed_or_media
data\train\archive (1)\FaceForensics++_C23\FaceSwap\281_474.mp4,.mp4,892479,already_compressed_or_media
data\train\archive (1)\FaceForensics++_C23\FaceSwap\282_238.mp4,.mp4,1299148,already_compressed_or_media
data\train\archive (1)\FaceForensics++_C23\FaceSwap\283_313.mp4,.mp4,651217,already_compressed_or_media
data\train\archive (1)\FaceForensics++_C23\FaceSwap\284_263.mp4,.mp4,2930938,already_compressed_or_media
data\train\archive (1)\FaceForensics++_C23\FaceSwap\285_136.mp4,.mp4,1505657,already_compressed_or_media
data\train\archive (1)\FaceForensics++_C23\FaceSwap\286_267.mp4,.mp4,1301197,already_compressed_or_media
data\train\archive (1)\FaceForensics++_C23\FaceSwap\287_426.mp4,.mp4,2347489,already_compressed_or_media
data\train\archive (1)\FaceForensics++_C23\FaceSwap\288_321.mp4,.mp4,808890,already_compressed_or_media
data\train\archive (1)\FaceForensics++_C23\FaceSwap\289_228.mp4,.mp4,1161146,already_compressed_or_media
data\train\archive (1)\FaceForensics++_C23\FaceSwap\290_240.mp4,.mp4,1166278,already_compressed_or_media
data\train\archive (1)\FaceForensics++_C23\FaceSwap\291_874.mp4,.mp4,2739028,already_compressed_or_media
data\train\archive (1)\FaceForensics++_C23\FaceSwap\292_294.mp4,.mp4,2474503,already_compressed_or_media
data\train\archive (1)\FaceForensics++_C23\FaceSwap\293_296.mp4,.mp4,988308,already_compressed_or_media
data\train\archive (1)\FaceForensics++_C23\FaceSwap\294_292.mp4,.mp4,2545465,already_compressed_or_media
data\train\archive (1)\FaceForensics++_C23\FaceSwap\295_099.mp4,.mp4,3825347,already_compressed_or_media
data\train\archive (1)\FaceForensics++_C23\FaceSwap\296_293.mp4,.mp4,690799,already_compressed_or_media
data\train\archive (1)\FaceForensics++_C23\FaceSwap\297_270.mp4,.mp4,446960,already_compressed_or_media
data\train\archive (1)\FaceForensics++_C23\FaceSwap\298_279.mp4,.mp4,1285833,already_compressed_or_media
data\train\archive (1)\FaceForensics++_C23\FaceSwap\299_145.mp4,.mp4,960154,already_compressed_or_media
data\train\archive (1)\FaceForensics++_C23\FaceSwap\300_304.mp4,.mp4,1008062,already_compressed_or_media
data\train\archive (1)\FaceForensics++_C23\FaceSwap\301_262.mp4,.mp4,715430,already_compressed_or_media
data\train\archive (1)\FaceForensics++_C23\FaceSwap\302_323.mp4,.mp4,891631,already_compressed_or_media
data\train\archive (1)\FaceForensics++_C23\FaceSwap\303_309.mp4,.mp4,1896383,already_compressed_or_media
data\train\archive (1)\FaceForensics++_C23\FaceSwap\304_300.mp4,.mp4,963906,already_compressed_or_media
data\train\archive (1)\FaceForensics++_C23\FaceSwap\305_513.mp4,.mp4,1873086,already_compressed_or_media
data\train\archive (1)\FaceForensics++_C23\FaceSwap\306_278.mp4,.mp4,649430,already_compressed_or_media
data\train\archive (1)\FaceForensics++_C23\FaceSwap\307_365.mp4,.mp4,647234,already_compressed_or_media
data\train\archive (1)\FaceForensics++_C23\FaceSwap\308_388.mp4,.mp4,1435323,already_compressed_or_media
data\train\archive (1)\FaceForensics++_C23\FaceSwap\309_303.mp4,.mp4,1295980,already_compressed_or_media
data\train\archive (1)\FaceForensics++_C23\FaceSwap\310_196.mp4,.mp4,2222163,already_compressed_or_media
data\train\archive (1)\FaceForensics++_C23\FaceSwap\311_387.mp4,.mp4,1212893,already_compressed_or_media
data\train\archive (1)\FaceForensics++_C23\FaceSwap\312_021.mp4,.mp4,1167856,already_compressed_or_media
data\train\archive (1)\FaceForensics++_C23\FaceSwap\313_283.mp4,.mp4,745157,already_compressed_or_media
data\train\archive (1)\FaceForensics++_C23\FaceSwap\314_347.mp4,.mp4,942449,already_compressed_or_media
data\train\archive (1)\FaceForensics++_C23\FaceSwap\315_322.mp4,.mp4,693876,already_compressed_or_media
data\train\archive (1)\FaceForensics++_C23\FaceSwap\316_369.mp4,.mp4,428119,already_compressed_or_media
data\train\archive (1)\FaceForensics++_C23\FaceSwap\317_359.mp4,.mp4,762252,already_compressed_or_media
data\train\archive (1)\FaceForensics++_C23\FaceSwap\318_334.mp4,.mp4,975759,already_compressed_or_media
data\train\archive (1)\FaceForensics++_C23\FaceSwap\319_352.mp4,.mp4,878428,already_compressed_or_media
data\train\archive (1)\FaceForensics++_C23\FaceSwap\320_328.mp4,.mp4,1789966,already_compressed_or_media
data\train\archive (1)\FaceForensics++_C23\FaceSwap\321_288.mp4,.mp4,1220043,already_compressed_or_media
data\train\archive (1)\FaceForensics++_C23\FaceSwap\322_315.mp4,.mp4,1134220,already_compressed_or_media
data\train\archive (1)\FaceForensics++_C23\FaceSwap\323_302.mp4,.mp4,1308513,already_compressed_or_media
data\train\archive (1)\FaceForensics++_C23\FaceSwap\324_356.mp4,.mp4,1206707,already_compressed_or_media
data\train\archive (1)\FaceForensics++_C23\FaceSwap\325_492.mp4,.mp4,2726104,already_compressed_or_media
data\train\archive (1)\FaceForensics++_C23\FaceSwap\326_501.mp4,.mp4,964042,already_compressed_or_media
data\train\archive (1)\FaceForensics++_C23\FaceSwap\327_329.mp4,.mp4,543229,already_compressed_or_media
data\train\archive (1)\FaceForensics++_C23\FaceSwap\328_320.mp4,.mp4,1615601,already_compressed_or_media
data\train\archive (1)\FaceForensics++_C23\FaceSwap\329_327.mp4,.mp4,509287,already_compressed_or_media
data\train\archive (1)\FaceForensics++_C23\FaceSwap\330_162.mp4,.mp4,1909091,already_compressed_or_media
data\train\archive (1)\FaceForensics++_C23\FaceSwap\331_260.mp4,.mp4,1054287,already_compressed_or_media
data\train\archive (1)\FaceForensics++_C23\FaceSwap\332_051.mp4,.mp4,5722779,already_compressed_or_media
data\train\archive (1)\FaceForensics++_C23\FaceSwap\333_377.mp4,.mp4,1037951,already_compressed_or_media
data\train\archive (1)\FaceForensics++_C23\FaceSwap\334_318.mp4,.mp4,1049020,already_compressed_or_media
data\train\archive (1)\FaceForensics++_C23\FaceSwap\335_277.mp4,.mp4,1520250,already_compressed_or_media
data\train\archive (1)\FaceForensics++_C23\FaceSwap\336_338.mp4,.mp4,894139,already_compressed_or_media
data\train\archive (1)\FaceForensics++_C23\FaceSwap\337_522.mp4,.mp4,880841,already_compressed_or_media
data\train\archive (1)\FaceForensics++_C23\FaceSwap\338_336.mp4,.mp4,1086279,already_compressed_or_media
data\train\archive (1)\FaceForensics++_C23\FaceSwap\339_392.mp4,.mp4,713668,already_compressed_or_media
data\train\archive (1)\FaceForensics++_C23\FaceSwap\340_341.mp4,.mp4,2574158,already_compressed_or_media
data\train\archive (1)\FaceForensics++_C23\FaceSwap\341_340.mp4,.mp4,2252189,already_compressed_or_media
data\train\archive (1)\FaceForensics++_C23\FaceSwap\342_416.mp4,.mp4,1297876,already_compressed_or_media
data\train\archive (1)\FaceForensics++_C23\FaceSwap\343_363.mp4,.mp4,413473,already_compressed_or_media
data\train\archive (1)\FaceForensics++_C23\FaceSwap\344_020.mp4,.mp4,2083045,already_compressed_or_media
data\train\archive (1)\FaceForensics++_C23\FaceSwap\345_259.mp4,.mp4,894564,already_compressed_or_media
data\train\archive (1)\FaceForensics++_C23\FaceSwap\346_351.mp4,.mp4,804983,already_compressed_or_media
data\train\archive (1)\FaceForensics++_C23\FaceSwap\347_314.mp4,.mp4,671543,already_compressed_or_media
data\train\archive (1)\FaceForensics++_C23\FaceSwap\348_202.mp4,.mp4,464402,already_compressed_or_media
data\train\archive (1)\FaceForensics++_C23\FaceSwap\349_350.mp4,.mp4,1460676,already_compressed_or_media
data\train\archive (1)\FaceForensics++_C23\FaceSwap\350_349.mp4,.mp4,1144214,already_compressed_or_media
data\train\archive (1)\FaceForensics++_C23\FaceSwap\351_346.mp4,.mp4,993133,already_compressed_or_media
data\train\archive (1)\FaceForensics++_C23\FaceSwap\352_319.mp4,.mp4,1415260,already_compressed_or_media
data\train\archive (1)\FaceForensics++_C23\FaceSwap\353_383.mp4,.mp4,1704205,already_compressed_or_media
data\train\archive (1)\FaceForensics++_C23\FaceSwap\354_362.mp4,.mp4,2017287,already_compressed_or_media
data\train\archive (1)\FaceForensics++_C23\FaceSwap\355_748.mp4,.mp4,3606240,already_compressed_or_media
data\train\archive (1)\FaceForensics++_C23\FaceSwap\356_324.mp4,.mp4,3147847,already_compressed_or_media
data\train\archive (1)\FaceForensics++_C23\FaceSwap\357_432.mp4,.mp4,572699,already_compressed_or_media
data\train\archive (1)\FaceForensics++_C23\FaceSwap\358_380.mp4,.mp4,652290,already_compressed_or_media
data\train\archive (1)\FaceForensics++_C23\FaceSwap\359_317.mp4,.mp4,886093,already_compressed_or_media
data\train\archive (1)\FaceForensics++_C23\FaceSwap\360_437.mp4,.mp4,2374685,already_compressed_or_media
data\train\archive (1)\FaceForensics++_C23\FaceSwap\361_448.mp4,.mp4,3212741,already_compressed_or_media
data\train\archive (1)\FaceForensics++_C23\FaceSwap\362_354.mp4,.mp4,1967078,already_compressed_or_media
data\train\archive (1)\FaceForensics++_C23\FaceSwap\363_343.mp4,.mp4,633428,already_compressed_or_media
data\train\archive (1)\FaceForensics++_C23\FaceSwap\364_440.mp4,.mp4,1447051,already_compressed_or_media
data\train\archive (1)\FaceForensics++_C23\FaceSwap\365_307.mp4,.mp4,409404,already_compressed_or_media
data\train\archive (1)\FaceForensics++_C23\FaceSwap\366_473.mp4,.mp4,930982,already_compressed_or_media
data\train\archive (1)\FaceForensics++_C23\FaceSwap\367_371.mp4,.mp4,1036083,already_compressed_or_media
data\train\archive (1)\FaceForensics++_C23\FaceSwap\368_378.mp4,.mp4,1333344,already_compressed_or_media
data\train\archive (1)\FaceForensics++_C23\FaceSwap\369_316.mp4,.mp4,718887,already_compressed_or_media
data\train\archive (1)\FaceForensics++_C23\FaceSwap\370_483.mp4,.mp4,3800290,already_compressed_or_media
data\train\archive (1)\FaceForensics++_C23\FaceSwap\371_367.mp4,.mp4,1483079,already_compressed_or_media
data\train\archive (1)\FaceForensics++_C23\FaceSwap\372_413.mp4,.mp4,861971,already_compressed_or_media
data\train\archive (1)\FaceForensics++_C23\FaceSwap\373_394.mp4,.mp4,1977432,already_compressed_or_media
data\train\archive (1)\FaceForensics++_C23\FaceSwap\374_407.mp4,.mp4,1439637,already_compressed_or_media
data\train\archive (1)\FaceForensics++_C23\FaceSwap\375_251.mp4,.mp4,1889414,already_compressed_or_media
data\train\archive (1)\FaceForensics++_C23\FaceSwap\376_381.mp4,.mp4,1883738,already_compressed_or_media
data\train\archive (1)\FaceForensics++_C23\FaceSwap\377_333.mp4,.mp4,761561,already_compressed_or_media
data\train\archive (1)\FaceForensics++_C23\FaceSwap\378_368.mp4,.mp4,4016509,already_compressed_or_media
data\train\archive (1)\FaceForensics++_C23\FaceSwap\379_158.mp4,.mp4,996733,already_compressed_or_media
data\train\archive (1)\FaceForensics++_C23\FaceSwap\380_358.mp4,.mp4,649104,already_compressed_or_media
data\train\archive (1)\FaceForensics++_C23\FaceSwap\381_376.mp4,.mp4,1466782,already_compressed_or_media
data\train\archive (1)\FaceForensics++_C23\FaceSwap\382_409.mp4,.mp4,733467,already_compressed_or_media
data\train\archive (1)\FaceForensics++_C23\FaceSwap\383_353.mp4,.mp4,2368719,already_compressed_or_media
data\train\archive (1)\FaceForensics++_C23\FaceSwap\384_932.mp4,.mp4,3645795,already_compressed_or_media
data\train\archive (1)\FaceForensics++_C23\FaceSwap\385_414.mp4,.mp4,1809889,already_compressed_or_media
data\train\archive (1)\FaceForensics++_C23\FaceSwap\386_154.mp4,.mp4,3832850,already_compressed_or_media
data\train\archive (1)\FaceForensics++_C23\FaceSwap\387_311.mp4,.mp4,913781,already_compressed_or_media
data\train\archive (1)\FaceForensics++_C23\FaceSwap\388_308.mp4,.mp4,859006,already_compressed_or_media
data\train\archive (1)\FaceForensics++_C23\FaceSwap\389_480.mp4,.mp4,3076547,already_compressed_or_media
data\train\archive (1)\FaceForensics++_C23\FaceSwap\390_709.mp4,.mp4,2270114,already_compressed_or_media
data\train\archive (1)\FaceForensics++_C23\FaceSwap\391_406.mp4,.mp4,725361,already_compressed_or_media
data\train\archive (1)\FaceForensics++_C23\FaceSwap\392_339.mp4,.mp4,2434375,already_compressed_or_media
data\train\archive (1)\FaceForensics++_C23\FaceSwap\393_405.mp4,.mp4,1129019,already_compressed_or_media
data\train\archive (1)\FaceForensics++_C23\FaceSwap\394_373.mp4,.mp4,1583304,already_compressed_or_media
data\train\archive (1)\FaceForensics++_C23\FaceSwap\395_401.mp4,.mp4,1290875,already_compressed_or_media
data\train\archive (1)\FaceForensics++_C23\FaceSwap\396_272.mp4,.mp4,1108839,already_compressed_or_media
data\train\archive (1)\FaceForensics++_C23\FaceSwap\397_602.mp4,.mp4,3839212,already_compressed_or_media
data\train\archive (1)\FaceForensics++_C23\FaceSwap\398_457.mp4,.mp4,1245827,already_compressed_or_media
data\train\archive (1)\FaceForensics++_C23\FaceSwap\399_488.mp4,.mp4,2269380,already_compressed_or_media
data\train\archive (1)\FaceForensics++_C23\FaceSwap\400_476.mp4,.mp4,1474267,already_compressed_or_media
data\train\archive (1)\FaceForensics++_C23\FaceSwap\401_395.mp4,.mp4,1939145,already_compressed_or_media
data\train\archive (1)\FaceForensics++_C23\FaceSwap\402_453.mp4,.mp4,4982822,already_compressed_or_media
data\train\archive (1)\FaceForensics++_C23\FaceSwap\403_497.mp4,.mp4,985184,already_compressed_or_media
data\train\archive (1)\FaceForensics++_C23\FaceSwap\404_429.mp4,.mp4,3995774,already_compressed_or_media
data\train\archive (1)\FaceForensics++_C23\FaceSwap\405_393.mp4,.mp4,1099743,already_compressed_or_media
data\train\archive (1)\FaceForensics++_C23\FaceSwap\406_391.mp4,.mp4,1501300,already_compressed_or_media
data\train\archive (1)\FaceForensics++_C23\FaceSwap\407_374.mp4,.mp4,1422483,already_compressed_or_media
data\train\archive (1)\FaceForensics++_C23\FaceSwap\408_424.mp4,.mp4,1595032,already_compressed_or_media
data\train\archive (1)\FaceForensics++_C23\FaceSwap\409_382.mp4,.mp4,463056,already_compressed_or_media
data\train\archive (1)\FaceForensics++_C23\FaceSwap\410_411.mp4,.mp4,5194546,already_compressed_or_media
data\train\archive (1)\FaceForensics++_C23\FaceSwap\411_410.mp4,.mp4,5959684,already_compressed_or_media
data\train\archive (1)\FaceForensics++_C23\FaceSwap\412_274.mp4,.mp4,1515025,already_compressed_or_media
data\train\archive (1)\FaceForensics++_C23\FaceSwap\413_372.mp4,.mp4,771413,already_compressed_or_media
data\train\archive (1)\FaceForensics++_C23\FaceSwap\414_385.mp4,.mp4,3974604,already_compressed_or_media
data\train\archive (1)\FaceForensics++_C23\FaceSwap\415_484.mp4,.mp4,418294,already_compressed_or_media
data\train\archive (1)\FaceForensics++_C23\FaceSwap\416_342.mp4,.mp4,1745309,already_compressed_or_media
data\train\archive (1)\FaceForensics++_C23\FaceSwap\417_496.mp4,.mp4,2270032,already_compressed_or_media
data\train\archive (1)\FaceForensics++_C23\FaceSwap\418_507.mp4,.mp4,1979458,already_compressed_or_media
data\train\archive (1)\FaceForensics++_C23\FaceSwap\419_824.mp4,.mp4,2230135,already_compressed_or_media
data\train\archive (1)\FaceForensics++_C23\FaceSwap\420_257.mp4,.mp4,1382800,already_compressed_or_media
data\train\archive (1)\FaceForensics++_C23\FaceSwap\421_423.mp4,.mp4,1859888,already_compressed_or_media
data\train\archive (1)\FaceForensics++_C23\FaceSwap\422_695.mp4,.mp4,4866014,already_compressed_or_media
data\train\archive (1)\FaceForensics++_C23\FaceSwap\423_421.mp4,.mp4,2158170,already_compressed_or_media
data\train\archive (1)\FaceForensics++_C23\FaceSwap\424_408.mp4,.mp4,627446,already_compressed_or_media
data\train\archive (1)\FaceForensics++_C23\FaceSwap\425_485.mp4,.mp4,812965,already_compressed_or_media
data\train\archive (1)\FaceForensics++_C23\FaceSwap\426_287.mp4,.mp4,4693383,already_compressed_or_media
data\train\archive (1)\FaceForensics++_C23\FaceSwap\427_637.mp4,.mp4,760538,already_compressed_or_media
data\train\archive (1)\FaceForensics++_C23\FaceSwap\428_466.mp4,.mp4,1196612,already_compressed_or_media
data\train\archive (1)\FaceForensics++_C23\FaceSwap\429_404.mp4,.mp4,1120522,already_compressed_or_media
data\train\archive (1)\FaceForensics++_C23\FaceSwap\430_459.mp4,.mp4,2837255,already_compressed_or_media
data\train\archive (1)\FaceForensics++_C23\FaceSwap\431_447.mp4,.mp4,1106922,already_compressed_or_media
data\train\archive (1)\FaceForensics++_C23\FaceSwap\432_357.mp4,.mp4,614404,already_compressed_or_media
data\train\archive (1)\FaceForensics++_C23\FaceSwap\433_498.mp4,.mp4,1599532,already_compressed_or_media
data\train\archive (1)\FaceForensics++_C23\FaceSwap\434_438.mp4,.mp4,517775,already_compressed_or_media
data\train\archive (1)\FaceForensics++_C23\FaceSwap\435_456.mp4,.mp4,1052052,already_compressed_or_media
data\train\archive (1)\FaceForensics++_C23\FaceSwap\436_526.mp4,.mp4,2621471,already_compressed_or_media
data\train\archive (1)\FaceForensics++_C23\FaceSwap\437_360.mp4,.mp4,2875657,already_compressed_or_media
data\train\archive (1)\FaceForensics++_C23\FaceSwap\438_434.mp4,.mp4,464149,already_compressed_or_media
data\train\archive (1)\FaceForensics++_C23\FaceSwap\439_441.mp4,.mp4,677445,already_compressed_or_media
data\train\archive (1)\FaceForensics++_C23\FaceSwap\440_364.mp4,.mp4,623815,already_compressed_or_media
data\train\archive (1)\FaceForensics++_C23\FaceSwap\441_439.mp4,.mp4,692202,already_compressed_or_media
data\train\archive (1)\FaceForensics++_C23\FaceSwap\442_195.mp4,.mp4,3948223,already_compressed_or_media
data\train\archive (1)\FaceForensics++_C23\FaceSwap\443_514.mp4,.mp4,520362,already_compressed_or_media
data\train\archive (1)\FaceForensics++_C23\FaceSwap\444_655.mp4,.mp4,918722,already_compressed_or_media
data\train\archive (1)\FaceForensics++_C23\FaceSwap\445_494.mp4,.mp4,3183870,already_compressed_or_media
data\train\archive (1)\FaceForensics++_C23\FaceSwap\446_667.mp4,.mp4,4678075,already_compressed_or_media
data\train\archive (1)\FaceForensics++_C23\FaceSwap\447_431.mp4,.mp4,656091,already_compressed_or_media
data\train\archive (1)\FaceForensics++_C23\FaceSwap\448_361.mp4,.mp4,1978684,already_compressed_or_media
data\train\archive (1)\FaceForensics++_C23\FaceSwap\449_451.mp4,.mp4,1590383,already_compressed_or_media
data\train\archive (1)\FaceForensics++_C23\FaceSwap\450_533.mp4,.mp4,4995000,already_compressed_or_media
data\train\archive (1)\FaceForensics++_C23\FaceSwap\451_449.mp4,.mp4,1256984,already_compressed_or_media
data\train\archive (1)\FaceForensics++_C23\FaceSwap\452_550.mp4,.mp4,810550,already_compressed_or_media
data\train\archive (1)\FaceForensics++_C23\FaceSwap\453_402.mp4,.mp4,1727812,already_compressed_or_media
data\train\archive (1)\FaceForensics++_C23\FaceSwap\454_527.mp4,.mp4,1041965,already_compressed_or_media
data\train\archive (1)\FaceForensics++_C23\FaceSwap\455_471.mp4,.mp4,1431775,already_compressed_or_media
data\train\archive (1)\FaceForensics++_C23\FaceSwap\456_435.mp4,.mp4,2754255,already_compressed_or_media
data\train\archive (1)\FaceForensics++_C23\FaceSwap\457_398.mp4,.mp4,1328312,already_compressed_or_media
data\train\archive (1)\FaceForensics++_C23\FaceSwap\458_722.mp4,.mp4,838270,already_compressed_or_media
data\train\archive (1)\FaceForensics++_C23\FaceSwap\459_430.mp4,.mp4,3293537,already_compressed_or_media
data\train\archive (1)\FaceForensics++_C23\FaceSwap\460_678.mp4,.mp4,1861481,already_compressed_or_media
data\train\archive (1)\FaceForensics++_C23\FaceSwap\461_250.mp4,.mp4,2112715,already_compressed_or_media
data\train\archive (1)\FaceForensics++_C23\FaceSwap\462_467.mp4,.mp4,763199,already_compressed_or_media
data\train\archive (1)\FaceForensics++_C23\FaceSwap\463_464.mp4,.mp4,869317,already_compressed_or_media
data\train\archive (1)\FaceForensics++_C23\FaceSwap\464_463.mp4,.mp4,858028,already_compressed_or_media
data\train\archive (1)\FaceForensics++_C23\FaceSwap\465_482.mp4,.mp4,1635793,already_compressed_or_media
data\train\archive (1)\FaceForensics++_C23\FaceSwap\466_428.mp4,.mp4,1734581,already_compressed_or_media
data\train\archive (1)\FaceForensics++_C23\FaceSwap\467_462.mp4,.mp4,848720,already_compressed_or_media
data\train\archive (1)\FaceForensics++_C23\FaceSwap\468_470.mp4,.mp4,1326634,already_compressed_or_media
data\train\archive (1)\FaceForensics++_C23\FaceSwap\469_481.mp4,.mp4,1074074,already_compressed_or_media
data\train\archive (1)\FaceForensics++_C23\FaceSwap\470_468.mp4,.mp4,787361,already_compressed_or_media
data\train\archive (1)\FaceForensics++_C23\FaceSwap\471_455.mp4,.mp4,662407,already_compressed_or_media
data\train\archive (1)\FaceForensics++_C23\FaceSwap\472_511.mp4,.mp4,422271,already_compressed_or_media
data\train\archive (1)\FaceForensics++_C23\FaceSwap\473_366.mp4,.mp4,690969,already_compressed_or_media
data\train\archive (1)\FaceForensics++_C23\FaceSwap\474_281.mp4,.mp4,1319282,already_compressed_or_media
data\train\archive (1)\FaceForensics++_C23\FaceSwap\475_265.mp4,.mp4,1570911,already_compressed_or_media
data\train\archive (1)\FaceForensics++_C23\FaceSwap\476_400.mp4,.mp4,1226140,already_compressed_or_media
data\train\archive (1)\FaceForensics++_C23\FaceSwap\477_487.mp4,.mp4,1346024,already_compressed_or_media
data\train\archive (1)\FaceForensics++_C23\FaceSwap\478_506.mp4,.mp4,858042,already_compressed_or_media
data\train\archive (1)\FaceForensics++_C23\FaceSwap\479_706.mp4,.mp4,3158536,already_compressed_or_media
data\train\archive (1)\FaceForensics++_C23\FaceSwap\480_389.mp4,.mp4,1656633,already_compressed_or_media
data\train\archive (1)\FaceForensics++_C23\FaceSwap\481_469.mp4,.mp4,2652033,already_compressed_or_media
data\train\archive (1)\FaceForensics++_C23\FaceSwap\482_465.mp4,.mp4,1050675,already_compressed_or_media
data\train\archive (1)\FaceForensics++_C23\FaceSwap\483_370.mp4,.mp4,1222396,already_compressed_or_media
data\train\archive (1)\FaceForensics++_C23\FaceSwap\484_415.mp4,.mp4,460833,already_compressed_or_media
data\train\archive (1)\FaceForensics++_C23\FaceSwap\485_425.mp4,.mp4,783180,already_compressed_or_media
data\train\archive (1)\FaceForensics++_C23\FaceSwap\486_680.mp4,.mp4,509812,already_compressed_or_media
data\train\archive (1)\FaceForensics++_C23\FaceSwap\487_477.mp4,.mp4,1867143,already_compressed_or_media
data\train\archive (1)\FaceForensics++_C23\FaceSwap\488_399.mp4,.mp4,1217624,already_compressed_or_media
data\train\archive (1)\FaceForensics++_C23\FaceSwap\489_022.mp4,.mp4,1831009,already_compressed_or_media
data\train\archive (1)\FaceForensics++_C23\FaceSwap\490_534.mp4,.mp4,3536811,already_compressed_or_media
data\train\archive (1)\FaceForensics++_C23\FaceSwap\491_226.mp4,.mp4,3450734,already_compressed_or_media
data\train\archive (1)\FaceForensics++_C23\FaceSwap\492_325.mp4,.mp4,1475331,already_compressed_or_media
data\train\archive (1)\FaceForensics++_C23\FaceSwap\493_538.mp4,.mp4,1027003,already_compressed_or_media
data\train\archive (1)\FaceForensics++_C23\FaceSwap\494_445.mp4,.mp4,3710959,already_compressed_or_media
data\train\archive (1)\FaceForensics++_C23\FaceSwap\495_512.mp4,.mp4,1188913,already_compressed_or_media
data\train\archive (1)\FaceForensics++_C23\FaceSwap\496_417.mp4,.mp4,1272498,already_compressed_or_media
data\train\archive (1)\FaceForensics++_C23\FaceSwap\497_403.mp4,.mp4,1519856,already_compressed_or_media
data\train\archive (1)\FaceForensics++_C23\FaceSwap\498_433.mp4,.mp4,967384,already_compressed_or_media
data\train\archive (1)\FaceForensics++_C23\FaceSwap\499_539.mp4,.mp4,1616667,already_compressed_or_media
data\train\archive (1)\FaceForensics++_C23\FaceSwap\500_592.mp4,.mp4,2783475,already_compressed_or_media
data\train\archive (1)\FaceForensics++_C23\FaceSwap\501_326.mp4,.mp4,775518,already_compressed_or_media
data\train\archive (1)\FaceForensics++_C23\FaceSwap\502_504.mp4,.mp4,1803265,already_compressed_or_media
data\train\archive (1)\FaceForensics++_C23\FaceSwap\503_756.mp4,.mp4,782465,already_compressed_or_media
data\train\archive (1)\FaceForensics++_C23\FaceSwap\504_502.mp4,.mp4,1105715,already_compressed_or_media
data\train\archive (1)\FaceForensics++_C23\FaceSwap\505_600.mp4,.mp4,376102,already_compressed_or_media
data\train\archive (1)\FaceForensics++_C23\FaceSwap\506_478.mp4,.mp4,1424089,already_compressed_or_media
data\train\archive (1)\FaceForensics++_C23\FaceSwap\507_418.mp4,.mp4,5503936,already_compressed_or_media
data\train\archive (1)\FaceForensics++_C23\FaceSwap\508_831.mp4,.mp4,2711231,already_compressed_or_media
data\train\archive (1)\FaceForensics++_C23\FaceSwap\509_525.mp4,.mp4,1940895,already_compressed_or_media
data\train\archive (1)\FaceForensics++_C23\FaceSwap\510_528.mp4,.mp4,1497400,already_compressed_or_media
data\train\archive (1)\FaceForensics++_C23\FaceSwap\511_472.mp4,.mp4,915686,already_compressed_or_media
data\train\archive (1)\FaceForensics++_C23\FaceSwap\512_495.mp4,.mp4,1267424,already_compressed_or_media
data\train\archive (1)\FaceForensics++_C23\FaceSwap\513_305.mp4,.mp4,2868445,already_compressed_or_media
data\train\archive (1)\FaceForensics++_C23\FaceSwap\514_443.mp4,.mp4,916816,already_compressed_or_media
data\train\archive (1)\FaceForensics++_C23\FaceSwap\515_519.mp4,.mp4,1961212,already_compressed_or_media
data\train\archive (1)\FaceForensics++_C23\FaceSwap\516_555.mp4,.mp4,3334337,already_compressed_or_media
data\train\archive (1)\FaceForensics++_C23\FaceSwap\517_521.mp4,.mp4,614371,already_compressed_or_media
data\train\archive (1)\FaceForensics++_C23\FaceSwap\518_131.mp4,.mp4,816440,already_compressed_or_media
data\train\archive (1)\FaceForensics++_C23\FaceSwap\519_515.mp4,.mp4,2343509,already_compressed_or_media
data\train\archive (1)\FaceForensics++_C23\FaceSwap\520_542.mp4,.mp4,1420039,already_compressed_or_media
data\train\archive (1)\FaceForensics++_C23\FaceSwap\521_517.mp4,.mp4,629023,already_compressed_or_media
data\train\archive (1)\FaceForensics++_C23\FaceSwap\522_337.mp4,.mp4,536800,already_compressed_or_media
data\train\archive (1)\FaceForensics++_C23\FaceSwap\523_541.mp4,.mp4,920713,already_compressed_or_media
data\train\archive (1)\FaceForensics++_C23\FaceSwap\524_580.mp4,.mp4,557791,already_compressed_or_media
data\train\archive (1)\FaceForensics++_C23\FaceSwap\525_509.mp4,.mp4,693384,already_compressed_or_media
data\train\archive (1)\FaceForensics++_C23\FaceSwap\526_436.mp4,.mp4,1983572,already_compressed_or_media
data\train\archive (1)\FaceForensics++_C23\FaceSwap\527_454.mp4,.mp4,984513,already_compressed_or_media
data\train\archive (1)\FaceForensics++_C23\FaceSwap\528_510.mp4,.mp4,1186660,already_compressed_or_media
data\train\archive (1)\FaceForensics++_C23\FaceSwap\529_633.mp4,.mp4,3439911,already_compressed_or_media
data\train\archive (1)\FaceForensics++_C23\FaceSwap\530_594.mp4,.mp4,1711019,already_compressed_or_media
data\train\archive (1)\FaceForensics++_C23\FaceSwap\531_549.mp4,.mp4,901604,already_compressed_or_media
data\train\archive (1)\FaceForensics++_C23\FaceSwap\532_544.mp4,.mp4,1223194,already_compressed_or_media
data\train\archive (1)\FaceForensics++_C23\FaceSwap\533_450.mp4,.mp4,3763801,already_compressed_or_media
data\train\archive (1)\FaceForensics++_C23\FaceSwap\534_490.mp4,.mp4,1813051,already_compressed_or_media
data\train\archive (1)\FaceForensics++_C23\FaceSwap\535_587.mp4,.mp4,872060,already_compressed_or_media
data\train\archive (1)\FaceForensics++_C23\FaceSwap\536_540.mp4,.mp4,2161322,already_compressed_or_media
data\train\archive (1)\FaceForensics++_C23\FaceSwap\537_563.mp4,.mp4,2099790,already_compressed_or_media
data\train\archive (1)\FaceForensics++_C23\FaceSwap\538_493.mp4,.mp4,821669,already_compressed_or_media
data\train\archive (1)\FaceForensics++_C23\FaceSwap\539_499.mp4,.mp4,483784,already_compressed_or_media
data\train\archive (1)\FaceForensics++_C23\FaceSwap\540_536.mp4,.mp4,1812950,already_compressed_or_media
data\train\archive (1)\FaceForensics++_C23\FaceSwap\541_523.mp4,.mp4,449195,already_compressed_or_media
data\train\archive (1)\FaceForensics++_C23\FaceSwap\542_520.mp4,.mp4,1263723,already_compressed_or_media
data\train\archive (1)\FaceForensics++_C23\FaceSwap\543_559.mp4,.mp4,686351,already_compressed_or_media
data\train\archive (1)\FaceForensics++_C23\FaceSwap\544_532.mp4,.mp4,1690855,already_compressed_or_media
data\train\archive (1)\FaceForensics++_C23\FaceSwap\545_553.mp4,.mp4,882923,already_compressed_or_media
data\train\archive (1)\FaceForensics++_C23\FaceSwap\546_621.mp4,.mp4,714055,already_compressed_or_media
data\train\archive (1)\FaceForensics++_C23\FaceSwap\547_574.mp4,.mp4,3872613,already_compressed_or_media
data\train\archive (1)\FaceForensics++_C23\FaceSwap\548_632.mp4,.mp4,2028794,already_compressed_or_media
data\train\archive (1)\FaceForensics++_C23\FaceSwap\549_531.mp4,.mp4,7243956,already_compressed_or_media
data\train\archive (1)\FaceForensics++_C23\FaceSwap\550_452.mp4,.mp4,650139,already_compressed_or_media
data\train\archive (1)\FaceForensics++_C23\FaceSwap\551_631.mp4,.mp4,3101075,already_compressed_or_media
data\train\archive (1)\FaceForensics++_C23\FaceSwap\552_851.mp4,.mp4,1377150,already_compressed_or_media
data\train\archive (1)\FaceForensics++_C23\FaceSwap\553_545.mp4,.mp4,621870,already_compressed_or_media
data\train\archive (1)\FaceForensics++_C23\FaceSwap\554_572.mp4,.mp4,1204666,already_compressed_or_media
data\train\archive (1)\FaceForensics++_C23\FaceSwap\555_516.mp4,.mp4,4494356,already_compressed_or_media
data\train\archive (1)\FaceForensics++_C23\FaceSwap\556_588.mp4,.mp4,572278,already_compressed_or_media
data\train\archive (1)\FaceForensics++_C23\FaceSwap\557_560.mp4,.mp4,658752,already_compressed_or_media
data\train\archive (1)\FaceForensics++_C23\FaceSwap\558_583.mp4,.mp4,3103184,already_compressed_or_media
data\train\archive (1)\FaceForensics++_C23\FaceSwap\559_543.mp4,.mp4,2419054,already_compressed_or_media
data\train\archive (1)\FaceForensics++_C23\FaceSwap\560_557.mp4,.mp4,438459,already_compressed_or_media
data\train\archive (1)\FaceForensics++_C23\FaceSwap\561_998.mp4,.mp4,2698171,already_compressed_or_media
data\train\archive (1)\FaceForensics++_C23\FaceSwap\562_626.mp4,.mp4,3223780,already_compressed_or_media
data\train\archive (1)\FaceForensics++_C23\FaceSwap\563_537.mp4,.mp4,652108,already_compressed_or_media
data\train\archive (1)\FaceForensics++_C23\FaceSwap\564_971.mp4,.mp4,2368221,already_compressed_or_media
data\train\archive (1)\FaceForensics++_C23\FaceSwap\565_589.mp4,.mp4,920422,already_compressed_or_media
data\train\archive (1)\FaceForensics++_C23\FaceSwap\566_617.mp4,.mp4,1488807,already_compressed_or_media
data\train\archive (1)\FaceForensics++_C23\FaceSwap\567_606.mp4,.mp4,688286,already_compressed_or_media
data\train\archive (1)\FaceForensics++_C23\FaceSwap\568_628.mp4,.mp4,1085656,already_compressed_or_media
data\train\archive (1)\FaceForensics++_C23\FaceSwap\569_921.mp4,.mp4,2953785,already_compressed_or_media
data\train\archive (1)\FaceForensics++_C23\FaceSwap\570_624.mp4,.mp4,1685474,already_compressed_or_media
data\train\archive (1)\FaceForensics++_C23\FaceSwap\571_746.mp4,.mp4,2648388,already_compressed_or_media
data\train\archive (1)\FaceForensics++_C23\FaceSwap\572_554.mp4,.mp4,1486797,already_compressed_or_media
data\train\archive (1)\FaceForensics++_C23\FaceSwap\573_757.mp4,.mp4,2341462,already_compressed_or_media
data\train\archive (1)\FaceForensics++_C23\FaceSwap\574_547.mp4,.mp4,982455,already_compressed_or_media
data\train\archive (1)\FaceForensics++_C23\FaceSwap\575_603.mp4,.mp4,1907796,already_compressed_or_media
data\train\archive (1)\FaceForensics++_C23\FaceSwap\576_155.mp4,.mp4,3040420,already_compressed_or_media
data\train\archive (1)\FaceForensics++_C23\FaceSwap\577_593.mp4,.mp4,2526377,already_compressed_or_media
data\train\archive (1)\FaceForensics++_C23\FaceSwap\578_636.mp4,.mp4,1135313,already_compressed_or_media
data\train\archive (1)\FaceForensics++_C23\FaceSwap\579_701.mp4,.mp4,2953313,already_compressed_or_media
data\train\archive (1)\FaceForensics++_C23\FaceSwap\580_524.mp4,.mp4,1151950,already_compressed_or_media
data\train\archive (1)\FaceForensics++_C23\FaceSwap\581_697.mp4,.mp4,4655641,already_compressed_or_media
data\train\archive (1)\FaceForensics++_C23\FaceSwap\582_172.mp4,.mp4,1914099,already_compressed_or_media
data\train\archive (1)\FaceForensics++_C23\FaceSwap\583_558.mp4,.mp4,1858679,already_compressed_or_media
data\train\archive (1)\FaceForensics++_C23\FaceSwap\584_823.mp4,.mp4,2042141,already_compressed_or_media
data\train\archive (1)\FaceForensics++_C23\FaceSwap\585_599.mp4,.mp4,1648721,already_compressed_or_media
data\train\archive (1)\FaceForensics++_C23\FaceSwap\586_223.mp4,.mp4,3318014,already_compressed_or_media
data\train\archive (1)\FaceForensics++_C23\FaceSwap\587_535.mp4,.mp4,996247,already_compressed_or_media
data\train\archive (1)\FaceForensics++_C23\FaceSwap\588_556.mp4,.mp4,731635,already_compressed_or_media
data\train\archive (1)\FaceForensics++_C23\FaceSwap\589_565.mp4,.mp4,990876,already_compressed_or_media
data\train\archive (1)\FaceForensics++_C23\FaceSwap\590_034.mp4,.mp4,4519514,already_compressed_or_media
data\train\archive (1)\FaceForensics++_C23\FaceSwap\591_605.mp4,.mp4,2896737,already_compressed_or_media
data\train\archive (1)\FaceForensics++_C23\FaceSwap\592_500.mp4,.mp4,485771,already_compressed_or_media
data\train\archive (1)\FaceForensics++_C23\FaceSwap\593_577.mp4,.mp4,2798902,already_compressed_or_media
data\train\archive (1)\FaceForensics++_C23\FaceSwap\594_530.mp4,.mp4,1172890,already_compressed_or_media
data\train\archive (1)\FaceForensics++_C23\FaceSwap\595_597.mp4,.mp4,1141041,already_compressed_or_media
data\train\archive (1)\FaceForensics++_C23\FaceSwap\596_609.mp4,.mp4,1053325,already_compressed_or_media
data\train\archive (1)\FaceForensics++_C23\FaceSwap\597_595.mp4,.mp4,515239,already_compressed_or_media
data\train\archive (1)\FaceForensics++_C23\FaceSwap\598_178.mp4,.mp4,534764,already_compressed_or_media
data\train\archive (1)\FaceForensics++_C23\FaceSwap\599_585.mp4,.mp4,1962950,already_compressed_or_media
data\train\archive (1)\FaceForensics++_C23\FaceSwap\600_505.mp4,.mp4,979182,already_compressed_or_media
data\train\archive (1)\FaceForensics++_C23\FaceSwap\601_653.mp4,.mp4,589945,already_compressed_or_media
data\train\archive (1)\FaceForensics++_C23\FaceSwap\602_397.mp4,.mp4,3984021,already_compressed_or_media
data\train\archive (1)\FaceForensics++_C23\FaceSwap\603_575.mp4,.mp4,1509128,already_compressed_or_media
data\train\archive (1)\FaceForensics++_C23\FaceSwap\604_703.mp4,.mp4,1444096,already_compressed_or_media
data\train\archive (1)\FaceForensics++_C23\FaceSwap\605_591.mp4,.mp4,1039344,already_compressed_or_media
data\train\archive (1)\FaceForensics++_C23\FaceSwap\606_567.mp4,.mp4,535497,already_compressed_or_media
data\train\archive (1)\FaceForensics++_C23\FaceSwap\607_683.mp4,.mp4,3039114,already_compressed_or_media
data\train\archive (1)\FaceForensics++_C23\FaceSwap\608_675.mp4,.mp4,715293,already_compressed_or_media
data\train\archive (1)\FaceForensics++_C23\FaceSwap\609_596.mp4,.mp4,1764055,already_compressed_or_media
data\train\archive (1)\FaceForensics++_C23\FaceSwap\610_692.mp4,.mp4,1904622,already_compressed_or_media
data\train\archive (1)\FaceForensics++_C23\FaceSwap\611_760.mp4,.mp4,403095,already_compressed_or_media
data\train\archive (1)\FaceForensics++_C23\FaceSwap\612_702.mp4,.mp4,2217597,already_compressed_or_media
data\train\archive (1)\FaceForensics++_C23\FaceSwap\613_685.mp4,.mp4,1336888,already_compressed_or_media
data\train\archive (1)\FaceForensics++_C23\FaceSwap\614_616.mp4,.mp4,2156128,already_compressed_or_media
data\train\archive (1)\FaceForensics++_C23\FaceSwap\615_687.mp4,.mp4,1862662,already_compressed_or_media
data\train\archive (1)\FaceForensics++_C23\FaceSwap\616_614.mp4,.mp4,1220167,already_compressed_or_media
data\train\archive (1)\FaceForensics++_C23\FaceSwap\617_566.mp4,.mp4,671029,already_compressed_or_media
data\train\archive (1)\FaceForensics++_C23\FaceSwap\618_629.mp4,.mp4,2114993,already_compressed_or_media
data\train\archive (1)\FaceForensics++_C23\FaceSwap\619_620.mp4,.mp4,1118226,already_compressed_or_media
data\train\archive (1)\FaceForensics++_C23\FaceSwap\620_619.mp4,.mp4,2479200,already_compressed_or_media
data\train\archive (1)\FaceForensics++_C23\FaceSwap\621_546.mp4,.mp4,1769221,already_compressed_or_media
data\train\archive (1)\FaceForensics++_C23\FaceSwap\622_647.mp4,.mp4,1174279,already_compressed_or_media
data\train\archive (1)\FaceForensics++_C23\FaceSwap\623_630.mp4,.mp4,708606,already_compressed_or_media
data\train\archive (1)\FaceForensics++_C23\FaceSwap\624_570.mp4,.mp4,1459481,already_compressed_or_media
data\train\archive (1)\FaceForensics++_C23\FaceSwap\625_650.mp4,.mp4,682970,already_compressed_or_media
data\train\archive (1)\FaceForensics++_C23\FaceSwap\626_562.mp4,.mp4,957920,already_compressed_or_media
data\train\archive (1)\FaceForensics++_C23\FaceSwap\627_658.mp4,.mp4,925214,already_compressed_or_media
data\train\archive (1)\FaceForensics++_C23\FaceSwap\628_568.mp4,.mp4,939676,already_compressed_or_media
data\train\archive (1)\FaceForensics++_C23\FaceSwap\629_618.mp4,.mp4,1607595,already_compressed_or_media
data\train\archive (1)\FaceForensics++_C23\FaceSwap\630_623.mp4,.mp4,1192441,already_compressed_or_media
data\train\archive (1)\FaceForensics++_C23\FaceSwap\631_551.mp4,.mp4,1155143,already_compressed_or_media
data\train\archive (1)\FaceForensics++_C23\FaceSwap\632_548.mp4,.mp4,4439096,already_compressed_or_media
data\train\archive (1)\FaceForensics++_C23\FaceSwap\633_529.mp4,.mp4,1537291,already_compressed_or_media
data\train\archive (1)\FaceForensics++_C23\FaceSwap\634_660.mp4,.mp4,1614198,already_compressed_or_media
data\train\archive (1)\FaceForensics++_C23\FaceSwap\635_642.mp4,.mp4,1322955,already_compressed_or_media
data\train\archive (1)\FaceForensics++_C23\FaceSwap\636_578.mp4,.mp4,637222,already_compressed_or_media
data\train\archive (1)\FaceForensics++_C23\FaceSwap\637_427.mp4,.mp4,1207300,already_compressed_or_media
data\train\archive (1)\FaceForensics++_C23\FaceSwap\638_640.mp4,.mp4,1418242,already_compressed_or_media
data\train\archive (1)\FaceForensics++_C23\FaceSwap\639_841.mp4,.mp4,2188910,already_compressed_or_media
data\train\archive (1)\FaceForensics++_C23\FaceSwap\640_638.mp4,.mp4,1448996,already_compressed_or_media
data\train\archive (1)\FaceForensics++_C23\FaceSwap\641_662.mp4,.mp4,2653518,already_compressed_or_media
data\train\archive (1)\FaceForensics++_C23\FaceSwap\642_635.mp4,.mp4,1658921,already_compressed_or_media
data\train\archive (1)\FaceForensics++_C23\FaceSwap\643_646.mp4,.mp4,1530434,already_compressed_or_media
data\train\archive (1)\FaceForensics++_C23\FaceSwap\644_657.mp4,.mp4,944289,already_compressed_or_media
data\train\archive (1)\FaceForensics++_C23\FaceSwap\645_688.mp4,.mp4,6803457,already_compressed_or_media
data\train\archive (1)\FaceForensics++_C23\FaceSwap\646_643.mp4,.mp4,533121,already_compressed_or_media
data\train\archive (1)\FaceForensics++_C23\FaceSwap\647_622.mp4,.mp4,2700403,already_compressed_or_media
data\train\archive (1)\FaceForensics++_C23\FaceSwap\648_654.mp4,.mp4,1268933,already_compressed_or_media
data\train\archive (1)\FaceForensics++_C23\FaceSwap\649_816.mp4,.mp4,1559743,already_compressed_or_media
data\train\archive (1)\FaceForensics++_C23\FaceSwap\650_625.mp4,.mp4,470750,already_compressed_or_media
data\train\archive (1)\FaceForensics++_C23\FaceSwap\651_835.mp4,.mp4,2515421,already_compressed_or_media
data\train\archive (1)\FaceForensics++_C23\FaceSwap\652_773.mp4,.mp4,2040354,already_compressed_or_media
data\train\archive (1)\FaceForensics++_C23\FaceSwap\653_601.mp4,.mp4,747572,already_compressed_or_media
data\train\archive (1)\FaceForensics++_C23\FaceSwap\654_648.mp4,.mp4,782010,already_compressed_or_media
data\train\archive (1)\FaceForensics++_C23\FaceSwap\655_444.mp4,.mp4,1229183,already_compressed_or_media
data\train\archive (1)\FaceForensics++_C23\FaceSwap\656_666.mp4,.mp4,619577,already_compressed_or_media
data\train\archive (1)\FaceForensics++_C23\FaceSwap\657_644.mp4,.mp4,1243703,already_compressed_or_media
data\train\archive (1)\FaceForensics++_C23\FaceSwap\658_627.mp4,.mp4,618712,already_compressed_or_media
data\train\archive (1)\FaceForensics++_C23\FaceSwap\659_749.mp4,.mp4,1151387,already_compressed_or_media
data\train\archive (1)\FaceForensics++_C23\FaceSwap\660_634.mp4,.mp4,3935133,already_compressed_or_media
data\train\archive (1)\FaceForensics++_C23\FaceSwap\661_670.mp4,.mp4,3142545,already_compressed_or_media
data\train\archive (1)\FaceForensics++_C23\FaceSwap\662_641.mp4,.mp4,2346773,already_compressed_or_media
data\train\archive (1)\FaceForensics++_C23\FaceSwap\663_231.mp4,.mp4,533756,already_compressed_or_media
data\train\archive (1)\FaceForensics++_C23\FaceSwap\664_668.mp4,.mp4,1295071,already_compressed_or_media
data\train\archive (1)\FaceForensics++_C23\FaceSwap\665_679.mp4,.mp4,407972,already_compressed_or_media
data\train\archive (1)\FaceForensics++_C23\FaceSwap\666_656.mp4,.mp4,636867,already_compressed_or_media
data\train\archive (1)\FaceForensics++_C23\FaceSwap\667_446.mp4,.mp4,6373333,already_compressed_or_media
data\train\archive (1)\FaceForensics++_C23\FaceSwap\668_664.mp4,.mp4,779441,already_compressed_or_media
data\train\archive (1)\FaceForensics++_C23\FaceSwap\669_682.mp4,.mp4,463414,already_compressed_or_media
data\train\archive (1)\FaceForensics++_C23\FaceSwap\670_661.mp4,.mp4,924800,already_compressed_or_media
data\train\archive (1)\FaceForensics++_C23\FaceSwap\671_677.mp4,.mp4,1636921,already_compressed_or_media
data\train\archive (1)\FaceForensics++_C23\FaceSwap\672_720.mp4,.mp4,1909348,already_compressed_or_media
data\train\archive (1)\FaceForensics++_C23\FaceSwap\673_728.mp4,.mp4,1169648,already_compressed_or_media
data\train\archive (1)\FaceForensics++_C23\FaceSwap\674_744.mp4,.mp4,746429,already_compressed_or_media
data\train\archive (1)\FaceForensics++_C23\FaceSwap\675_608.mp4,.mp4,1271771,already_compressed_or_media
data\train\archive (1)\FaceForensics++_C23\FaceSwap\676_776.mp4,.mp4,1352166,already_compressed_or_media
data\train\archive (1)\FaceForensics++_C23\FaceSwap\677_671.mp4,.mp4,1816562,already_compressed_or_media
data\train\archive (1)\FaceForensics++_C23\FaceSwap\678_460.mp4,.mp4,4919087,already_compressed_or_media
data\train\archive (1)\FaceForensics++_C23\FaceSwap\679_665.mp4,.mp4,536486,already_compressed_or_media
data\train\archive (1)\FaceForensics++_C23\FaceSwap\680_486.mp4,.mp4,505804,already_compressed_or_media
data\train\archive (1)\FaceForensics++_C23\FaceSwap\681_711.mp4,.mp4,1292039,already_compressed_or_media
data\train\archive (1)\FaceForensics++_C23\FaceSwap\682_669.mp4,.mp4,803979,already_compressed_or_media
data\train\archive (1)\FaceForensics++_C23\FaceSwap\683_607.mp4,.mp4,2421410,already_compressed_or_media
data\train\archive (1)\FaceForensics++_C23\FaceSwap\684_717.mp4,.mp4,3527088,already_compressed_or_media
data\train\archive (1)\FaceForensics++_C23\FaceSwap\685_613.mp4,.mp4,1743242,already_compressed_or_media
data\train\archive (1)\FaceForensics++_C23\FaceSwap\686_696.mp4,.mp4,1133779,already_compressed_or_media
data\train\archive (1)\FaceForensics++_C23\FaceSwap\687_615.mp4,.mp4,1556264,already_compressed_or_media
data\train\archive (1)\FaceForensics++_C23\FaceSwap\688_645.mp4,.mp4,3073307,already_compressed_or_media
data\train\archive (1)\FaceForensics++_C23\FaceSwap\689_690.mp4,.mp4,607646,already_compressed_or_media
data\train\archive (1)\FaceForensics++_C23\FaceSwap\690_689.mp4,.mp4,757698,already_compressed_or_media
data\train\archive (1)\FaceForensics++_C23\FaceSwap\691_732.mp4,.mp4,1589155,already_compressed_or_media
data\train\archive (1)\FaceForensics++_C23\FaceSwap\692_610.mp4,.mp4,2540377,already_compressed_or_media
data\train\archive (1)\FaceForensics++_C23\FaceSwap\693_698.mp4,.mp4,870422,already_compressed_or_media
data\train\archive (1)\FaceForensics++_C23\FaceSwap\694_767.mp4,.mp4,866722,already_compressed_or_media
data\train\archive (1)\FaceForensics++_C23\FaceSwap\695_422.mp4,.mp4,3028912,already_compressed_or_media
data\train\archive (1)\FaceForensics++_C23\FaceSwap\696_686.mp4,.mp4,643312,already_compressed_or_media
data\train\archive (1)\FaceForensics++_C23\FaceSwap\697_581.mp4,.mp4,1901136,already_compressed_or_media
data\train\archive (1)\FaceForensics++_C23\FaceSwap\698_693.mp4,.mp4,492111,already_compressed_or_media
data\train\archive (1)\FaceForensics++_C23\FaceSwap\699_734.mp4,.mp4,712112,already_compressed_or_media
data\train\archive (1)\FaceForensics++_C23\FaceSwap\700_813.mp4,.mp4,1669270,already_compressed_or_media
data\train\archive (1)\FaceForensics++_C23\FaceSwap\701_579.mp4,.mp4,3282986,already_compressed_or_media
data\train\archive (1)\FaceForensics++_C23\FaceSwap\702_612.mp4,.mp4,2659918,already_compressed_or_media
data\train\archive (1)\FaceForensics++_C23\FaceSwap\703_604.mp4,.mp4,1986009,already_compressed_or_media
data\train\archive (1)\FaceForensics++_C23\FaceSwap\704_723.mp4,.mp4,704218,already_compressed_or_media
data\train\archive (1)\FaceForensics++_C23\FaceSwap\705_707.mp4,.mp4,687595,already_compressed_or_media
data\train\archive (1)\FaceForensics++_C23\FaceSwap\706_479.mp4,.mp4,3152808,already_compressed_or_media
data\train\archive (1)\FaceForensics++_C23\FaceSwap\707_705.mp4,.mp4,1101493,already_compressed_or_media
data\train\archive (1)\FaceForensics++_C23\FaceSwap\708_772.mp4,.mp4,3070494,already_compressed_or_media
data\train\archive (1)\FaceForensics++_C23\FaceSwap\709_390.mp4,.mp4,4750426,already_compressed_or_media
data\train\archive (1)\FaceForensics++_C23\FaceSwap\710_788.mp4,.mp4,987147,already_compressed_or_media
data\train\archive (1)\FaceForensics++_C23\FaceSwap\711_681.mp4,.mp4,2461315,already_compressed_or_media
data\train\archive (1)\FaceForensics++_C23\FaceSwap\712_716.mp4,.mp4,2090439,already_compressed_or_media
data\train\archive (1)\FaceForensics++_C23\FaceSwap\713_726.mp4,.mp4,5687504,already_compressed_or_media
data\train\archive (1)\FaceForensics++_C23\FaceSwap\714_842.mp4,.mp4,2289905,already_compressed_or_media
data\train\archive (1)\FaceForensics++_C23\FaceSwap\715_721.mp4,.mp4,886329,already_compressed_or_media
data\train\archive (1)\FaceForensics++_C23\FaceSwap\716_712.mp4,.mp4,1381507,already_compressed_or_media
data\train\archive (1)\FaceForensics++_C23\FaceSwap\717_684.mp4,.mp4,1721273,already_compressed_or_media
data\train\archive (1)\FaceForensics++_C23\FaceSwap\718_972.mp4,.mp4,3506114,already_compressed_or_media
data\train\archive (1)\FaceForensics++_C23\FaceSwap\719_737.mp4,.mp4,510699,already_compressed_or_media
data\train\archive (1)\FaceForensics++_C23\FaceSwap\720_672.mp4,.mp4,957241,already_compressed_or_media
data\train\archive (1)\FaceForensics++_C23\FaceSwap\721_715.mp4,.mp4,1133074,already_compressed_or_media
data\train\archive (1)\FaceForensics++_C23\FaceSwap\722_458.mp4,.mp4,4008399,already_compressed_or_media
data\train\archive (1)\FaceForensics++_C23\FaceSwap\723_704.mp4,.mp4,835327,already_compressed_or_media
data\train\archive (1)\FaceForensics++_C23\FaceSwap\724_725.mp4,.mp4,9883090,already_compressed_or_media
data\train\archive (1)\FaceForensics++_C23\FaceSwap\725_724.mp4,.mp4,2973184,already_compressed_or_media
data\train\archive (1)\FaceForensics++_C23\FaceSwap\726_713.mp4,.mp4,4887169,already_compressed_or_media
data\train\archive (1)\FaceForensics++_C23\FaceSwap\727_729.mp4,.mp4,956815,already_compressed_or_media
data\train\archive (1)\FaceForensics++_C23\FaceSwap\728_673.mp4,.mp4,975517,already_compressed_or_media
data\train\archive (1)\FaceForensics++_C23\FaceSwap\729_727.mp4,.mp4,1002450,already_compressed_or_media
data\train\archive (1)\FaceForensics++_C23\FaceSwap\730_815.mp4,.mp4,1804251,already_compressed_or_media
data\train\archive (1)\FaceForensics++_C23\FaceSwap\731_741.mp4,.mp4,635822,already_compressed_or_media
data\train\archive (1)\FaceForensics++_C23\FaceSwap\732_691.mp4,.mp4,1145395,already_compressed_or_media
data\train\archive (1)\FaceForensics++_C23\FaceSwap\733_935.mp4,.mp4,2519940,already_compressed_or_media
data\train\archive (1)\FaceForensics++_C23\FaceSwap\734_699.mp4,.mp4,971137,already_compressed_or_media
data\train\archive (1)\FaceForensics++_C23\FaceSwap\735_774.mp4,.mp4,625053,already_compressed_or_media
data\train\archive (1)\FaceForensics++_C23\FaceSwap\736_785.mp4,.mp4,1005295,already_compressed_or_media
data\train\archive (1)\FaceForensics++_C23\FaceSwap\737_719.mp4,.mp4,1205154,already_compressed_or_media
data\train\archive (1)\FaceForensics++_C23\FaceSwap\738_804.mp4,.mp4,2032720,already_compressed_or_media
data\train\archive (1)\FaceForensics++_C23\FaceSwap\739_865.mp4,.mp4,875210,already_compressed_or_media
data\train\archive (1)\FaceForensics++_C23\FaceSwap\740_796.mp4,.mp4,1916161,already_compressed_or_media
data\train\archive (1)\FaceForensics++_C23\FaceSwap\741_731.mp4,.mp4,548409,already_compressed_or_media
data\train\archive (1)\FaceForensics++_C23\FaceSwap\742_775.mp4,.mp4,831970,already_compressed_or_media
data\train\archive (1)\FaceForensics++_C23\FaceSwap\743_750.mp4,.mp4,1660552,already_compressed_or_media
data\train\archive (1)\FaceForensics++_C23\FaceSwap\744_674.mp4,.mp4,1372817,already_compressed_or_media
data\train\archive (1)\FaceForensics++_C23\FaceSwap\745_777.mp4,.mp4,523564,already_compressed_or_media
data\train\archive (1)\FaceForensics++_C23\FaceSwap\746_571.mp4,.mp4,1907305,already_compressed_or_media
data\train\archive (1)\FaceForensics++_C23\FaceSwap\747_854.mp4,.mp4,1556327,already_compressed_or_media
data\train\archive (1)\FaceForensics++_C23\FaceSwap\748_355.mp4,.mp4,1936651,already_compressed_or_media
data\train\archive (1)\FaceForensics++_C23\FaceSwap\749_659.mp4,.mp4,1076732,already_compressed_or_media
data\train\archive (1)\FaceForensics++_C23\FaceSwap\750_743.mp4,.mp4,3881188,already_compressed_or_media
data\train\archive (1)\FaceForensics++_C23\FaceSwap\751_752.mp4,.mp4,814520,already_compressed_or_media
data\train\archive (1)\FaceForensics++_C23\FaceSwap\752_751.mp4,.mp4,2349194,already_compressed_or_media
data\train\archive (1)\FaceForensics++_C23\FaceSwap\753_789.mp4,.mp4,6151632,already_compressed_or_media
data\train\archive (1)\FaceForensics++_C23\FaceSwap\754_758.mp4,.mp4,1452398,already_compressed_or_media
data\train\archive (1)\FaceForensics++_C23\FaceSwap\755_759.mp4,.mp4,510518,already_compressed_or_media
data\train\archive (1)\FaceForensics++_C23\FaceSwap\756_503.mp4,.mp4,1510189,already_compressed_or_media
data\train\archive (1)\FaceForensics++_C23\FaceSwap\757_573.mp4,.mp4,1572980,already_compressed_or_media
data\train\archive (1)\FaceForensics++_C23\FaceSwap\758_754.mp4,.mp4,830620,already_compressed_or_media
data\train\archive (1)\FaceForensics++_C23\FaceSwap\759_755.mp4,.mp4,4090129,already_compressed_or_media
data\train\archive (1)\FaceForensics++_C23\FaceSwap\760_611.mp4,.mp4,933631,already_compressed_or_media
data\train\archive (1)\FaceForensics++_C23\FaceSwap\761_766.mp4,.mp4,821990,already_compressed_or_media
data\train\archive (1)\FaceForensics++_C23\FaceSwap\762_832.mp4,.mp4,969095,already_compressed_or_media
data\train\archive (1)\FaceForensics++_C23\FaceSwap\763_930.mp4,.mp4,1632095,already_compressed_or_media
data\train\archive (1)\FaceForensics++_C23\FaceSwap\764_850.mp4,.mp4,2374782,already_compressed_or_media
data\train\archive (1)\FaceForensics++_C23\FaceSwap\765_867.mp4,.mp4,765494,already_compressed_or_media
data\train\archive (1)\FaceForensics++_C23\FaceSwap\766_761.mp4,.mp4,414191,already_compressed_or_media
data\train\archive (1)\FaceForensics++_C23\FaceSwap\767_694.mp4,.mp4,516698,already_compressed_or_media
data\train\archive (1)\FaceForensics++_C23\FaceSwap\768_793.mp4,.mp4,1111794,already_compressed_or_media
data\train\archive (1)\FaceForensics++_C23\FaceSwap\769_784.mp4,.mp4,2578105,already_compressed_or_media
data\train\archive (1)\FaceForensics++_C23\FaceSwap\770_791.mp4,.mp4,1710372,already_compressed_or_media
data\train\archive (1)\FaceForensics++_C23\FaceSwap\771_849.mp4,.mp4,423699,already_compressed_or_media
data\train\archive (1)\FaceForensics++_C23\FaceSwap\772_708.mp4,.mp4,1679927,already_compressed_or_media
data\train\archive (1)\FaceForensics++_C23\FaceSwap\773_652.mp4,.mp4,1645066,already_compressed_or_media
data\train\archive (1)\FaceForensics++_C23\FaceSwap\774_735.mp4,.mp4,682376,already_compressed_or_media
data\train\archive (1)\FaceForensics++_C23\FaceSwap\775_742.mp4,.mp4,855419,already_compressed_or_media
data\train\archive (1)\FaceForensics++_C23\FaceSwap\776_676.mp4,.mp4,6686080,already_compressed_or_media
data\train\archive (1)\FaceForensics++_C23\FaceSwap\777_745.mp4,.mp4,549704,already_compressed_or_media
data\train\archive (1)\FaceForensics++_C23\FaceSwap\778_798.mp4,.mp4,1765396,already_compressed_or_media
data\train\archive (1)\FaceForensics++_C23\FaceSwap\779_794.mp4,.mp4,1153244,already_compressed_or_media
data\train\archive (1)\FaceForensics++_C23\FaceSwap\780_869.mp4,.mp4,1244306,already_compressed_or_media
data\train\archive (1)\FaceForensics++_C23\FaceSwap\781_806.mp4,.mp4,589002,already_compressed_or_media
data\train\archive (1)\FaceForensics++_C23\FaceSwap\782_787.mp4,.mp4,1625076,already_compressed_or_media
data\train\archive (1)\FaceForensics++_C23\FaceSwap\783_916.mp4,.mp4,1599757,already_compressed_or_media
data\train\archive (1)\FaceForensics++_C23\FaceSwap\784_769.mp4,.mp4,1000032,already_compressed_or_media
data\train\archive (1)\FaceForensics++_C23\FaceSwap\785_736.mp4,.mp4,1259461,already_compressed_or_media
data\train\archive (1)\FaceForensics++_C23\FaceSwap\786_819.mp4,.mp4,11913157,already_compressed_or_media
data\train\archive (1)\FaceForensics++_C23\FaceSwap\787_782.mp4,.mp4,1184543,already_compressed_or_media
data\train\archive (1)\FaceForensics++_C23\FaceSwap\788_710.mp4,.mp4,1486011,already_compressed_or_media
data\train\archive (1)\FaceForensics++_C23\FaceSwap\789_753.mp4,.mp4,6760230,already_compressed_or_media
data\train\archive (1)\FaceForensics++_C23\FaceSwap\790_014.mp4,.mp4,3066936,already_compressed_or_media
data\train\archive (1)\FaceForensics++_C23\FaceSwap\791_770.mp4,.mp4,623210,already_compressed_or_media
data\train\archive (1)\FaceForensics++_C23\FaceSwap\792_903.mp4,.mp4,682329,already_compressed_or_media
data\train\archive (1)\FaceForensics++_C23\FaceSwap\793_768.mp4,.mp4,2172780,already_compressed_or_media
data\train\archive (1)\FaceForensics++_C23\FaceSwap\794_779.mp4,.mp4,1939342,already_compressed_or_media
data\train\archive (1)\FaceForensics++_C23\FaceSwap\795_907.mp4,.mp4,1640861,already_compressed_or_media
data\train\archive (1)\FaceForensics++_C23\FaceSwap\796_740.mp4,.mp4,2120989,already_compressed_or_media
data\train\archive (1)\FaceForensics++_C23\FaceSwap\797_844.mp4,.mp4,518416,already_compressed_or_media
data\train\archive (1)\FaceForensics++_C23\FaceSwap\798_778.mp4,.mp4,3201901,already_compressed_or_media
data\train\archive (1)\FaceForensics++_C23\FaceSwap\799_809.mp4,.mp4,2148649,already_compressed_or_media
data\train\archive (1)\FaceForensics++_C23\FaceSwap\800_840.mp4,.mp4,1511065,already_compressed_or_media
data\train\archive (1)\FaceForensics++_C23\FaceSwap\801_855.mp4,.mp4,979844,already_compressed_or_media
data\train\archive (1)\FaceForensics++_C23\FaceSwap\802_885.mp4,.mp4,467905,already_compressed_or_media
data\train\archive (1)\FaceForensics++_C23\FaceSwap\803_017.mp4,.mp4,684401,already_compressed_or_media
data\train\archive (1)\FaceForensics++_C23\FaceSwap\804_738.mp4,.mp4,761954,already_compressed_or_media
data\train\archive (1)\FaceForensics++_C23\FaceSwap\805_011.mp4,.mp4,2461735,already_compressed_or_media
data\train\archive (1)\FaceForensics++_C23\FaceSwap\806_781.mp4,.mp4,451817,already_compressed_or_media
data\train\archive (1)\FaceForensics++_C23\FaceSwap\807_273.mp4,.mp4,3951298,already_compressed_or_media
data\train\archive (1)\FaceForensics++_C23\FaceSwap\808_829.mp4,.mp4,2735607,already_compressed_or_media
data\train\archive (1)\FaceForensics++_C23\FaceSwap\809_799.mp4,.mp4,960134,already_compressed_or_media
data\train\archive (1)\FaceForensics++_C23\FaceSwap\810_838.mp4,.mp4,2086850,already_compressed_or_media
data\train\archive (1)\FaceForensics++_C23\FaceSwap\811_920.mp4,.mp4,1973787,already_compressed_or_media
data\train\archive (1)\FaceForensics++_C23\FaceSwap\812_821.mp4,.mp4,1144887,already_compressed_or_media
data\train\archive (1)\FaceForensics++_C23\FaceSwap\813_700.mp4,.mp4,2353573,already_compressed_or_media
data\train\archive (1)\FaceForensics++_C23\FaceSwap\814_871.mp4,.mp4,1614257,already_compressed_or_media
data\train\archive (1)\FaceForensics++_C23\FaceSwap\815_730.mp4,.mp4,1683050,already_compressed_or_media
data\train\archive (1)\FaceForensics++_C23\FaceSwap\816_649.mp4,.mp4,626395,already_compressed_or_media
data\train\archive (1)\FaceForensics++_C23\FaceSwap\817_827.mp4,.mp4,1526397,already_compressed_or_media
data\train\archive (1)\FaceForensics++_C23\FaceSwap\818_820.mp4,.mp4,2105568,already_compressed_or_media
data\train\archive (1)\FaceForensics++_C23\FaceSwap\819_786.mp4,.mp4,5259732,already_compressed_or_media
data\train\archive (1)\FaceForensics++_C23\FaceSwap\820_818.mp4,.mp4,2007060,already_compressed_or_media
data\train\archive (1)\FaceForensics++_C23\FaceSwap\821_812.mp4,.mp4,941374,already_compressed_or_media
data\train\archive (1)\FaceForensics++_C23\FaceSwap\822_244.mp4,.mp4,2065976,already_compressed_or_media
data\train\archive (1)\FaceForensics++_C23\FaceSwap\823_584.mp4,.mp4,3362387,already_compressed_or_media
data\train\archive (1)\FaceForensics++_C23\FaceSwap\824_419.mp4,.mp4,2336528,already_compressed_or_media
data\train\archive (1)\FaceForensics++_C23\FaceSwap\825_074.mp4,.mp4,724079,already_compressed_or_media
data\train\archive (1)\FaceForensics++_C23\FaceSwap\826_833.mp4,.mp4,1752808,already_compressed_or_media
data\train\archive (1)\FaceForensics++_C23\FaceSwap\827_817.mp4,.mp4,544278,already_compressed_or_media
data\train\archive (1)\FaceForensics++_C23\FaceSwap\828_830.mp4,.mp4,856445,already_compressed_or_media
data\train\archive (1)\FaceForensics++_C23\FaceSwap\829_808.mp4,.mp4,3324389,already_compressed_or_media
data\train\archive (1)\FaceForensics++_C23\FaceSwap\830_828.mp4,.mp4,605590,already_compressed_or_media
data\train\archive (1)\FaceForensics++_C23\FaceSwap\831_508.mp4,.mp4,4783373,already_compressed_or_media
data\train\archive (1)\FaceForensics++_C23\FaceSwap\832_762.mp4,.mp4,1090227,already_compressed_or_media
data\train\archive (1)\FaceForensics++_C23\FaceSwap\833_826.mp4,.mp4,5571949,already_compressed_or_media
data\train\archive (1)\FaceForensics++_C23\FaceSwap\834_852.mp4,.mp4,1069441,already_compressed_or_media
data\train\archive (1)\FaceForensics++_C23\FaceSwap\835_651.mp4,.mp4,2826191,already_compressed_or_media
data\train\archive (1)\FaceForensics++_C23\FaceSwap\836_950.mp4,.mp4,1411802,already_compressed_or_media
data\train\archive (1)\FaceForensics++_C23\FaceSwap\837_890.mp4,.mp4,2397944,already_compressed_or_media
data\train\archive (1)\FaceForensics++_C23\FaceSwap\838_810.mp4,.mp4,2767491,already_compressed_or_media
data\train\archive (1)\FaceForensics++_C23\FaceSwap\839_864.mp4,.mp4,580162,already_compressed_or_media
data\train\archive (1)\FaceForensics++_C23\FaceSwap\840_800.mp4,.mp4,550576,already_compressed_or_media
data\train\archive (1)\FaceForensics++_C23\FaceSwap\841_639.mp4,.mp4,933909,already_compressed_or_media
data\train\archive (1)\FaceForensics++_C23\FaceSwap\842_714.mp4,.mp4,1569121,already_compressed_or_media
data\train\archive (1)\FaceForensics++_C23\FaceSwap\843_859.mp4,.mp4,461374,already_compressed_or_media
data\train\archive (1)\FaceForensics++_C23\FaceSwap\844_797.mp4,.mp4,706408,already_compressed_or_media
data\train\archive (1)\FaceForensics++_C23\FaceSwap\845_846.mp4,.mp4,667981,already_compressed_or_media
data\train\archive (1)\FaceForensics++_C23\FaceSwap\846_845.mp4,.mp4,697497,already_compressed_or_media
data\train\archive (1)\FaceForensics++_C23\FaceSwap\847_906.mp4,.mp4,1729328,already_compressed_or_media
data\train\archive (1)\FaceForensics++_C23\FaceSwap\848_894.mp4,.mp4,4684994,already_compressed_or_media
data\train\archive (1)\FaceForensics++_C23\FaceSwap\849_771.mp4,.mp4,2000301,already_compressed_or_media
data\train\archive (1)\FaceForensics++_C23\FaceSwap\850_764.mp4,.mp4,741010,already_compressed_or_media
data\train\archive (1)\FaceForensics++_C23\FaceSwap\851_552.mp4,.mp4,1372841,already_compressed_or_media
data\train\archive (1)\FaceForensics++_C23\FaceSwap\852_834.mp4,.mp4,389839,already_compressed_or_media
data\train\archive (1)\FaceForensics++_C23\FaceSwap\853_863.mp4,.mp4,2213922,already_compressed_or_media
data\train\archive (1)\FaceForensics++_C23\FaceSwap\854_747.mp4,.mp4,1164719,already_compressed_or_media
data\train\archive (1)\FaceForensics++_C23\FaceSwap\855_801.mp4,.mp4,1148452,already_compressed_or_media
data\train\archive (1)\FaceForensics++_C23\FaceSwap\856_881.mp4,.mp4,2319450,already_compressed_or_media
data\train\archive (1)\FaceForensics++_C23\FaceSwap\857_909.mp4,.mp4,1168488,already_compressed_or_media
data\train\archive (1)\FaceForensics++_C23\FaceSwap\858_861.mp4,.mp4,516220,already_compressed_or_media
data\train\archive (1)\FaceForensics++_C23\FaceSwap\859_843.mp4,.mp4,491917,already_compressed_or_media
data\train\archive (1)\FaceForensics++_C23\FaceSwap\860_905.mp4,.mp4,2405247,already_compressed_or_media
data\train\archive (1)\FaceForensics++_C23\FaceSwap\861_858.mp4,.mp4,1569812,already_compressed_or_media
data\train\archive (1)\FaceForensics++_C23\FaceSwap\862_047.mp4,.mp4,1155385,already_compressed_or_media
data\train\archive (1)\FaceForensics++_C23\FaceSwap\863_853.mp4,.mp4,2302236,already_compressed_or_media
data\train\archive (1)\FaceForensics++_C23\FaceSwap\864_839.mp4,.mp4,816160,already_compressed_or_media
data\train\archive (1)\FaceForensics++_C23\FaceSwap\865_739.mp4,.mp4,2600069,already_compressed_or_media
data\train\archive (1)\FaceForensics++_C23\FaceSwap\866_878.mp4,.mp4,5552115,already_compressed_or_media
data\train\archive (1)\FaceForensics++_C23\FaceSwap\867_765.mp4,.mp4,1314554,already_compressed_or_media
data\train\archive (1)\FaceForensics++_C23\FaceSwap\868_949.mp4,.mp4,686427,already_compressed_or_media
data\train\archive (1)\FaceForensics++_C23\FaceSwap\869_780.mp4,.mp4,4680479,already_compressed_or_media
data\train\archive (1)\FaceForensics++_C23\FaceSwap\870_001.mp4,.mp4,2422238,already_compressed_or_media
data\train\archive (1)\FaceForensics++_C23\FaceSwap\871_814.mp4,.mp4,1127641,already_compressed_or_media
data\train\archive (1)\FaceForensics++_C23\FaceSwap\872_873.mp4,.mp4,807553,already_compressed_or_media
data\train\archive (1)\FaceForensics++_C23\FaceSwap\873_872.mp4,.mp4,1744706,already_compressed_or_media
data\train\archive (1)\FaceForensics++_C23\FaceSwap\874_291.mp4,.mp4,2689566,already_compressed_or_media
data\train\archive (1)\FaceForensics++_C23\FaceSwap\875_979.mp4,.mp4,1076957,already_compressed_or_media
data\train\archive (1)\FaceForensics++_C23\FaceSwap\876_891.mp4,.mp4,955045,already_compressed_or_media
data\train\archive (1)\FaceForensics++_C23\FaceSwap\877_886.mp4,.mp4,1713172,already_compressed_or_media
data\train\archive (1)\FaceForensics++_C23\FaceSwap\878_866.mp4,.mp4,1711418,already_compressed_or_media
data\train\archive (1)\FaceForensics++_C23\FaceSwap\879_963.mp4,.mp4,1475249,already_compressed_or_media
data\train\archive (1)\FaceForensics++_C23\FaceSwap\880_135.mp4,.mp4,2825263,already_compressed_or_media
data\train\archive (1)\FaceForensics++_C23\FaceSwap\881_856.mp4,.mp4,1233659,already_compressed_or_media
data\train\archive (1)\FaceForensics++_C23\FaceSwap\882_952.mp4,.mp4,4769763,already_compressed_or_media
data\train\archive (1)\FaceForensics++_C23\FaceSwap\883_013.mp4,.mp4,1939275,already_compressed_or_media
data\train\archive (1)\FaceForensics++_C23\FaceSwap\884_968.mp4,.mp4,1814128,already_compressed_or_media
data\train\archive (1)\FaceForensics++_C23\FaceSwap\885_802.mp4,.mp4,610162,already_compressed_or_media
data\train\archive (1)\FaceForensics++_C23\FaceSwap\886_877.mp4,.mp4,977404,already_compressed_or_media
data\train\archive (1)\FaceForensics++_C23\FaceSwap\887_275.mp4,.mp4,842404,already_compressed_or_media
data\train\archive (1)\FaceForensics++_C23\FaceSwap\888_937.mp4,.mp4,537123,already_compressed_or_media
data\train\archive (1)\FaceForensics++_C23\FaceSwap\889_045.mp4,.mp4,6974835,already_compressed_or_media
data\train\archive (1)\FaceForensics++_C23\FaceSwap\890_837.mp4,.mp4,767663,already_compressed_or_media
data\train\archive (1)\FaceForensics++_C23\FaceSwap\891_876.mp4,.mp4,1382728,already_compressed_or_media
data\train\archive (1)\FaceForensics++_C23\FaceSwap\892_112.mp4,.mp4,3625476,already_compressed_or_media
data\train\archive (1)\FaceForensics++_C23\FaceSwap\893_913.mp4,.mp4,1165158,already_compressed_or_media
data\train\archive (1)\FaceForensics++_C23\FaceSwap\894_848.mp4,.mp4,3484080,already_compressed_or_media
data\train\archive (1)\FaceForensics++_C23\FaceSwap\895_915.mp4,.mp4,585260,already_compressed_or_media
data\train\archive (1)\FaceForensics++_C23\FaceSwap\896_128.mp4,.mp4,583910,already_compressed_or_media
data\train\archive (1)\FaceForensics++_C23\FaceSwap\897_969.mp4,.mp4,730708,already_compressed_or_media
data\train\archive (1)\FaceForensics++_C23\FaceSwap\898_922.mp4,.mp4,583925,already_compressed_or_media
data\train\archive (1)\FaceForensics++_C23\FaceSwap\899_914.mp4,.mp4,626354,already_compressed_or_media
data\train\archive (1)\FaceForensics++_C23\FaceSwap\900_926.mp4,.mp4,870685,already_compressed_or_media
data\train\archive (1)\FaceForensics++_C23\FaceSwap\901_902.mp4,.mp4,976992,already_compressed_or_media
data\train\archive (1)\FaceForensics++_C23\FaceSwap\902_901.mp4,.mp4,893240,already_compressed_or_media
data\train\archive (1)\FaceForensics++_C23\FaceSwap\903_792.mp4,.mp4,976796,already_compressed_or_media
data\train\archive (1)\FaceForensics++_C23\FaceSwap\904_046.mp4,.mp4,4296353,already_compressed_or_media
data\train\archive (1)\FaceForensics++_C23\FaceSwap\905_860.mp4,.mp4,1511794,already_compressed_or_media
data\train\archive (1)\FaceForensics++_C23\FaceSwap\906_847.mp4,.mp4,1983020,already_compressed_or_media
data\train\archive (1)\FaceForensics++_C23\FaceSwap\907_795.mp4,.mp4,2061739,already_compressed_or_media
data\train\archive (1)\FaceForensics++_C23\FaceSwap\908_207.mp4,.mp4,3293198,already_compressed_or_media
data\train\archive (1)\FaceForensics++_C23\FaceSwap\909_857.mp4,.mp4,745667,already_compressed_or_media
data\train\archive (1)\FaceForensics++_C23\FaceSwap\910_911.mp4,.mp4,1158796,already_compressed_or_media
data\train\archive (1)\FaceForensics++_C23\FaceSwap\911_910.mp4,.mp4,954075,already_compressed_or_media
data\train\archive (1)\FaceForensics++_C23\FaceSwap\912_927.mp4,.mp4,1385460,already_compressed_or_media
data\train\archive (1)\FaceForensics++_C23\FaceSwap\913_893.mp4,.mp4,884520,already_compressed_or_media
data\train\archive (1)\FaceForensics++_C23\FaceSwap\914_899.mp4,.mp4,544678,already_compressed_or_media
data\train\archive (1)\FaceForensics++_C23\FaceSwap\915_895.mp4,.mp4,1606792,already_compressed_or_media
data\train\archive (1)\FaceForensics++_C23\FaceSwap\916_783.mp4,.mp4,2186029,already_compressed_or_media
data\train\archive (1)\FaceForensics++_C23\FaceSwap\917_924.mp4,.mp4,1325510,already_compressed_or_media
data\train\archive (1)\FaceForensics++_C23\FaceSwap\918_934.mp4,.mp4,1220809,already_compressed_or_media
data\train\archive (1)\FaceForensics++_C23\FaceSwap\919_015.mp4,.mp4,572268,already_compressed_or_media
data\train\archive (1)\FaceForensics++_C23\FaceSwap\920_811.mp4,.mp4,3093698,already_compressed_or_media
data\train\archive (1)\FaceForensics++_C23\FaceSwap\921_569.mp4,.mp4,3858301,already_compressed_or_media
data\train\archive (1)\FaceForensics++_C23\FaceSwap\922_898.mp4,.mp4,669014,already_compressed_or_media
data\train\archive (1)\FaceForensics++_C23\FaceSwap\923_023.mp4,.mp4,3385241,already_compressed_or_media
data\train\archive (1)\FaceForensics++_C23\FaceSwap\924_917.mp4,.mp4,835671,already_compressed_or_media
data\train\archive (1)\FaceForensics++_C23\FaceSwap\925_933.mp4,.mp4,1482771,already_compressed_or_media
data\train\archive (1)\FaceForensics++_C23\FaceSwap\926_900.mp4,.mp4,648928,already_compressed_or_media
data\train\archive (1)\FaceForensics++_C23\FaceSwap\927_912.mp4,.mp4,939774,already_compressed_or_media
data\train\archive (1)\FaceForensics++_C23\FaceSwap\928_160.mp4,.mp4,1951803,already_compressed_or_media
data\train\archive (1)\FaceForensics++_C23\FaceSwap\929_962.mp4,.mp4,655348,already_compressed_or_media
data\train\archive (1)\FaceForensics++_C23\FaceSwap\930_763.mp4,.mp4,1696865,already_compressed_or_media
data\train\archive (1)\FaceForensics++_C23\FaceSwap\931_936.mp4,.mp4,768425,already_compressed_or_media
data\train\archive (1)\FaceForensics++_C23\FaceSwap\932_384.mp4,.mp4,3125379,already_compressed_or_media
data\train\archive (1)\FaceForensics++_C23\FaceSwap\933_925.mp4,.mp4,1387708,already_compressed_or_media
data\train\archive (1)\FaceForensics++_C23\FaceSwap\934_918.mp4,.mp4,1545993,already_compressed_or_media
data\train\archive (1)\FaceForensics++_C23\FaceSwap\935_733.mp4,.mp4,6191235,already_compressed_or_media
data\train\archive (1)\FaceForensics++_C23\FaceSwap\936_931.mp4,.mp4,971150,already_compressed_or_media
data\train\archive (1)\FaceForensics++_C23\FaceSwap\937_888.mp4,.mp4,851205,already_compressed_or_media
data\train\archive (1)\FaceForensics++_C23\FaceSwap\938_987.mp4,.mp4,1067848,already_compressed_or_media
data\train\archive (1)\FaceForensics++_C23\FaceSwap\939_115.mp4,.mp4,382097,already_compressed_or_media
data\train\archive (1)\FaceForensics++_C23\FaceSwap\940_941.mp4,.mp4,623364,already_compressed_or_media
data\train\archive (1)\FaceForensics++_C23\FaceSwap\941_940.mp4,.mp4,594654,already_compressed_or_media
data\train\archive (1)\FaceForensics++_C23\FaceSwap\942_943.mp4,.mp4,2419953,already_compressed_or_media
data\train\archive (1)\FaceForensics++_C23\FaceSwap\943_942.mp4,.mp4,1516363,already_compressed_or_media
data\train\archive (1)\FaceForensics++_C23\FaceSwap\944_032.mp4,.mp4,539682,already_compressed_or_media
data\train\archive (1)\FaceForensics++_C23\FaceSwap\945_044.mp4,.mp4,1758528,already_compressed_or_media
data\train\archive (1)\FaceForensics++_C23\FaceSwap\946_049.mp4,.mp4,1410666,already_compressed_or_media
data\train\archive (1)\FaceForensics++_C23\FaceSwap\947_951.mp4,.mp4,3258831,already_compressed_or_media
data\train\archive (1)\FaceForensics++_C23\FaceSwap\948_965.mp4,.mp4,4982133,already_compressed_or_media
data\train\archive (1)\FaceForensics++_C23\FaceSwap\949_868.mp4,.mp4,690907,already_compressed_or_media
data\train\archive (1)\FaceForensics++_C23\FaceSwap\950_836.mp4,.mp4,3848995,already_compressed_or_media
data\train\archive (1)\FaceForensics++_C23\FaceSwap\951_947.mp4,.mp4,2090898,already_compressed_or_media
data\train\archive (1)\FaceForensics++_C23\FaceSwap\952_882.mp4,.mp4,1776175,already_compressed_or_media
data\train\archive (1)\FaceForensics++_C23\FaceSwap\953_974.mp4,.mp4,2558435,already_compressed_or_media
data\train\archive (1)\FaceForensics++_C23\FaceSwap\954_976.mp4,.mp4,785864,already_compressed_or_media
data\train\archive (1)\FaceForensics++_C23\FaceSwap\955_078.mp4,.mp4,1220400,already_compressed_or_media
data\train\archive (1)\FaceForensics++_C23\FaceSwap\956_958.mp4,.mp4,927065,already_compressed_or_media
data\train\archive (1)\FaceForensics++_C23\FaceSwap\957_959.mp4,.mp4,5893756,already_compressed_or_media
data\train\archive (1)\FaceForensics++_C23\FaceSwap\958_956.mp4,.mp4,1239721,already_compressed_or_media
data\train\archive (1)\FaceForensics++_C23\FaceSwap\959_957.mp4,.mp4,4646631,already_compressed_or_media
data\train\archive (1)\FaceForensics++_C23\FaceSwap\960_999.mp4,.mp4,1513818,already_compressed_or_media
data\train\archive (1)\FaceForensics++_C23\FaceSwap\961_069.mp4,.mp4,1534469,already_compressed_or_media
data\train\archive (1)\FaceForensics++_C23\FaceSwap\962_929.mp4,.mp4,601893,already_compressed_or_media
data\train\archive (1)\FaceForensics++_C23\FaceSwap\963_879.mp4,.mp4,1276013,already_compressed_or_media
data\train\archive (1)\FaceForensics++_C23\FaceSwap\964_174.mp4,.mp4,630115,already_compressed_or_media
data\train\archive (1)\FaceForensics++_C23\FaceSwap\965_948.mp4,.mp4,3347852,already_compressed_or_media
data\train\archive (1)\FaceForensics++_C23\FaceSwap\966_988.mp4,.mp4,930446,already_compressed_or_media
data\train\archive (1)\FaceForensics++_C23\FaceSwap\967_984.mp4,.mp4,1558597,already_compressed_or_media
data\train\archive (1)\FaceForensics++_C23\FaceSwap\968_884.mp4,.mp4,1559297,already_compressed_or_media
data\train\archive (1)\FaceForensics++_C23\FaceSwap\969_897.mp4,.mp4,752110,already_compressed_or_media
data\train\archive (1)\FaceForensics++_C23\FaceSwap\970_973.mp4,.mp4,838986,already_compressed_or_media
data\train\archive (1)\FaceForensics++_C23\FaceSwap\971_564.mp4,.mp4,3009202,already_compressed_or_media
data\train\archive (1)\FaceForensics++_C23\FaceSwap\972_718.mp4,.mp4,5313592,already_compressed_or_media
data\train\archive (1)\FaceForensics++_C23\FaceSwap\973_970.mp4,.mp4,871070,already_compressed_or_media
data\train\archive (1)\FaceForensics++_C23\FaceSwap\974_953.mp4,.mp4,679307,already_compressed_or_media
data\train\archive (1)\FaceForensics++_C23\FaceSwap\975_978.mp4,.mp4,1159368,already_compressed_or_media
data\train\archive (1)\FaceForensics++_C23\FaceSwap\976_954.mp4,.mp4,1267647,already_compressed_or_media
data\train\archive (1)\FaceForensics++_C23\FaceSwap\977_075.mp4,.mp4,1664559,already_compressed_or_media
data\train\archive (1)\FaceForensics++_C23\FaceSwap\978_975.mp4,.mp4,1519183,already_compressed_or_media
data\train\archive (1)\FaceForensics++_C23\FaceSwap\979_875.mp4,.mp4,1327164,already_compressed_or_media
data\train\archive (1)\FaceForensics++_C23\FaceSwap\980_992.mp4,.mp4,817642,already_compressed_or_media
data\train\archive (1)\FaceForensics++_C23\FaceSwap\981_985.mp4,.mp4,688054,already_compressed_or_media
data\train\archive (1)\FaceForensics++_C23\FaceSwap\982_004.mp4,.mp4,571969,already_compressed_or_media
data\train\archive (1)\FaceForensics++_C23\FaceSwap\983_113.mp4,.mp4,947018,already_compressed_or_media
data\train\archive (1)\FaceForensics++_C23\FaceSwap\984_967.mp4,.mp4,1737381,already_compressed_or_media
data\train\archive (1)\FaceForensics++_C23\FaceSwap\985_981.mp4,.mp4,975367,already_compressed_or_media
data\train\archive (1)\FaceForensics++_C23\FaceSwap\986_994.mp4,.mp4,1181666,already_compressed_or_media
data\train\archive (1)\FaceForensics++_C23\FaceSwap\987_938.mp4,.mp4,636921,already_compressed_or_media
data\train\archive (1)\FaceForensics++_C23\FaceSwap\988_966.mp4,.mp4,611233,already_compressed_or_media
data\train\archive (1)\FaceForensics++_C23\FaceSwap\989_993.mp4,.mp4,1088249,already_compressed_or_media
data\train\archive (1)\FaceForensics++_C23\FaceSwap\990_008.mp4,.mp4,883139,already_compressed_or_media
data\train\archive (1)\FaceForensics++_C23\FaceSwap\991_064.mp4,.mp4,551910,already_compressed_or_media
data\train\archive (1)\FaceForensics++_C23\FaceSwap\992_980.mp4,.mp4,1205282,already_compressed_or_media
data\train\archive (1)\FaceForensics++_C23\FaceSwap\993_989.mp4,.mp4,1311438,already_compressed_or_media
data\train\archive (1)\FaceForensics++_C23\FaceSwap\994_986.mp4,.mp4,1136605,already_compressed_or_media
data\train\archive (1)\FaceForensics++_C23\FaceSwap\995_233.mp4,.mp4,936942,already_compressed_or_media
data\train\archive (1)\FaceForensics++_C23\FaceSwap\996_056.mp4,.mp4,929315,already_compressed_or_media
data\train\archive (1)\FaceForensics++_C23\FaceSwap\997_040.mp4,.mp4,1137072,already_compressed_or_media
data\train\archive (1)\FaceForensics++_C23\FaceSwap\998_561.mp4,.mp4,1864436,already_compressed_or_media
data\train\archive (1)\FaceForensics++_C23\FaceSwap\999_960.mp4,.mp4,599702,already_compressed_or_media
data\train\archive (1)\FaceForensics++_C23\NeuralTextures\000_003.mp4,.mp4,651742,already_compressed_or_media
data\train\archive (1)\FaceForensics++_C23\NeuralTextures\001_870.mp4,.mp4,2842831,already_compressed_or_media
data\train\archive (1)\FaceForensics++_C23\NeuralTextures\002_006.mp4,.mp4,949495,already_compressed_or_media
data\train\archive (1)\FaceForensics++_C23\NeuralTextures\003_000.mp4,.mp4,599503,already_compressed_or_media
data\train\archive (1)\FaceForensics++_C23\NeuralTextures\004_982.mp4,.mp4,1245631,already_compressed_or_media
data\train\archive (1)\FaceForensics++_C23\NeuralTextures\005_010.mp4,.mp4,1562867,already_compressed_or_media
data\train\archive (1)\FaceForensics++_C23\NeuralTextures\006_002.mp4,.mp4,837332,already_compressed_or_media
data\train\archive (1)\FaceForensics++_C23\NeuralTextures\007_132.mp4,.mp4,823759,already_compressed_or_media
data\train\archive (1)\FaceForensics++_C23\NeuralTextures\008_990.mp4,.mp4,507656,already_compressed_or_media
data\train\archive (1)\FaceForensics++_C23\NeuralTextures\009_027.mp4,.mp4,397487,already_compressed_or_media
data\train\archive (1)\FaceForensics++_C23\NeuralTextures\010_005.mp4,.mp4,1144006,already_compressed_or_media
data\train\archive (1)\FaceForensics++_C23\NeuralTextures\011_805.mp4,.mp4,1995397,already_compressed_or_media
data\train\archive (1)\FaceForensics++_C23\NeuralTextures\012_026.mp4,.mp4,625956,already_compressed_or_media
data\train\archive (1)\FaceForensics++_C23\NeuralTextures\013_883.mp4,.mp4,595957,already_compressed_or_media
data\train\archive (1)\FaceForensics++_C23\NeuralTextures\014_790.mp4,.mp4,3427720,already_compressed_or_media
data\train\archive (1)\FaceForensics++_C23\NeuralTextures\015_919.mp4,.mp4,860496,already_compressed_or_media
data\train\archive (1)\FaceForensics++_C23\NeuralTextures\016_209.mp4,.mp4,830085,already_compressed_or_media
data\train\archive (1)\FaceForensics++_C23\NeuralTextures\017_803.mp4,.mp4,1374350,already_compressed_or_media
data\train\archive (1)\FaceForensics++_C23\NeuralTextures\018_019.mp4,.mp4,392558,already_compressed_or_media
data\train\archive (1)\FaceForensics++_C23\NeuralTextures\019_018.mp4,.mp4,722722,already_compressed_or_media
data\train\archive (1)\FaceForensics++_C23\NeuralTextures\020_344.mp4,.mp4,1703684,already_compressed_or_media
data\train\archive (1)\FaceForensics++_C23\NeuralTextures\021_312.mp4,.mp4,481984,already_compressed_or_media
data\train\archive (1)\FaceForensics++_C23\NeuralTextures\022_489.mp4,.mp4,1212939,already_compressed_or_media
data\train\archive (1)\FaceForensics++_C23\NeuralTextures\023_923.mp4,.mp4,1683664,already_compressed_or_media
data\train\archive (1)\FaceForensics++_C23\NeuralTextures\024_073.mp4,.mp4,490287,already_compressed_or_media
data\train\archive (1)\FaceForensics++_C23\NeuralTextures\025_067.mp4,.mp4,2496219,already_compressed_or_media
data\train\archive (1)\FaceForensics++_C23\NeuralTextures\026_012.mp4,.mp4,500695,already_compressed_or_media
data\train\archive (1)\FaceForensics++_C23\NeuralTextures\027_009.mp4,.mp4,848542,already_compressed_or_media
data\train\archive (1)\FaceForensics++_C23\NeuralTextures\028_068.mp4,.mp4,763653,already_compressed_or_media
data\train\archive (1)\FaceForensics++_C23\NeuralTextures\029_048.mp4,.mp4,479656,already_compressed_or_media
data\train\archive (1)\FaceForensics++_C23\NeuralTextures\030_193.mp4,.mp4,3379181,already_compressed_or_media
data\train\archive (1)\FaceForensics++_C23\NeuralTextures\031_163.mp4,.mp4,983164,already_compressed_or_media
data\train\archive (1)\FaceForensics++_C23\NeuralTextures\032_944.mp4,.mp4,1602570,already_compressed_or_media
data\train\archive (1)\FaceForensics++_C23\NeuralTextures\033_097.mp4,.mp4,1166064,already_compressed_or_media
data\train\archive (1)\FaceForensics++_C23\NeuralTextures\034_590.mp4,.mp4,1139996,already_compressed_or_media
data\train\archive (1)\FaceForensics++_C23\NeuralTextures\035_036.mp4,.mp4,445362,already_compressed_or_media
data\train\archive (1)\FaceForensics++_C23\NeuralTextures\036_035.mp4,.mp4,950979,already_compressed_or_media
data\train\archive (1)\FaceForensics++_C23\NeuralTextures\037_072.mp4,.mp4,556215,already_compressed_or_media
data\train\archive (1)\FaceForensics++_C23\NeuralTextures\038_125.mp4,.mp4,516137,already_compressed_or_media
data\train\archive (1)\FaceForensics++_C23\NeuralTextures\039_058.mp4,.mp4,1057387,already_compressed_or_media
data\train\archive (1)\FaceForensics++_C23\NeuralTextures\040_997.mp4,.mp4,2466874,already_compressed_or_media
data\train\archive (1)\FaceForensics++_C23\NeuralTextures\041_063.mp4,.mp4,676500,already_compressed_or_media
data\train\archive (1)\FaceForensics++_C23\NeuralTextures\042_084.mp4,.mp4,874412,already_compressed_or_media
data\train\archive (1)\FaceForensics++_C23\NeuralTextures\043_110.mp4,.mp4,1575541,already_compressed_or_media
data\train\archive (1)\FaceForensics++_C23\NeuralTextures\044_945.mp4,.mp4,1721619,already_compressed_or_media
data\train\archive (1)\FaceForensics++_C23\NeuralTextures\045_889.mp4,.mp4,3831946,already_compressed_or_media
data\train\archive (1)\FaceForensics++_C23\NeuralTextures\046_904.mp4,.mp4,1529215,already_compressed_or_media
data\train\archive (1)\FaceForensics++_C23\NeuralTextures\047_862.mp4,.mp4,513634,already_compressed_or_media
data\train\archive (1)\FaceForensics++_C23\NeuralTextures\048_029.mp4,.mp4,1047188,already_compressed_or_media
data\train\archive (1)\FaceForensics++_C23\NeuralTextures\049_946.mp4,.mp4,429481,already_compressed_or_media
data\train\archive (1)\FaceForensics++_C23\NeuralTextures\050_059.mp4,.mp4,575948,already_compressed_or_media
data\train\archive (1)\FaceForensics++_C23\NeuralTextures\051_332.mp4,.mp4,2505150,already_compressed_or_media
data\train\archive (1)\FaceForensics++_C23\NeuralTextures\052_108.mp4,.mp4,2412780,already_compressed_or_media
data\train\archive (1)\FaceForensics++_C23\NeuralTextures\053_095.mp4,.mp4,629111,already_compressed_or_media
data\train\archive (1)\FaceForensics++_C23\NeuralTextures\054_071.mp4,.mp4,704508,already_compressed_or_media
data\train\archive (1)\FaceForensics++_C23\NeuralTextures\055_147.mp4,.mp4,559554,already_compressed_or_media
data\train\archive (1)\FaceForensics++_C23\NeuralTextures\056_996.mp4,.mp4,937584,already_compressed_or_media
data\train\archive (1)\FaceForensics++_C23\NeuralTextures\057_070.mp4,.mp4,1086570,already_compressed_or_media
data\train\archive (1)\FaceForensics++_C23\NeuralTextures\058_039.mp4,.mp4,1038231,already_compressed_or_media
data\train\archive (1)\FaceForensics++_C23\NeuralTextures\059_050.mp4,.mp4,1110408,already_compressed_or_media
data\train\archive (1)\FaceForensics++_C23\NeuralTextures\060_088.mp4,.mp4,3234010,already_compressed_or_media
data\train\archive (1)\FaceForensics++_C23\NeuralTextures\061_080.mp4,.mp4,724892,already_compressed_or_media
data\train\archive (1)\FaceForensics++_C23\NeuralTextures\062_066.mp4,.mp4,662390,already_compressed_or_media
data\train\archive (1)\FaceForensics++_C23\NeuralTextures\063_041.mp4,.mp4,764269,already_compressed_or_media
data\train\archive (1)\FaceForensics++_C23\NeuralTextures\064_991.mp4,.mp4,851462,already_compressed_or_media
data\train\archive (1)\FaceForensics++_C23\NeuralTextures\065_089.mp4,.mp4,3326800,already_compressed_or_media
data\train\archive (1)\FaceForensics++_C23\NeuralTextures\066_062.mp4,.mp4,1530763,already_compressed_or_media
data\train\archive (1)\FaceForensics++_C23\NeuralTextures\067_025.mp4,.mp4,2075621,already_compressed_or_media
data\train\archive (1)\FaceForensics++_C23\NeuralTextures\068_028.mp4,.mp4,729983,already_compressed_or_media
data\train\archive (1)\FaceForensics++_C23\NeuralTextures\069_961.mp4,.mp4,1599344,already_compressed_or_media
data\train\archive (1)\FaceForensics++_C23\NeuralTextures\070_057.mp4,.mp4,823363,already_compressed_or_media
data\train\archive (1)\FaceForensics++_C23\NeuralTextures\071_054.mp4,.mp4,1173166,already_compressed_or_media
data\train\archive (1)\FaceForensics++_C23\NeuralTextures\072_037.mp4,.mp4,873186,already_compressed_or_media
data\train\archive (1)\FaceForensics++_C23\NeuralTextures\073_024.mp4,.mp4,1175844,already_compressed_or_media
data\train\archive (1)\FaceForensics++_C23\NeuralTextures\074_825.mp4,.mp4,2877641,already_compressed_or_media
data\train\archive (1)\FaceForensics++_C23\NeuralTextures\075_977.mp4,.mp4,2839557,already_compressed_or_media
data\train\archive (1)\FaceForensics++_C23\NeuralTextures\076_079.mp4,.mp4,1243196,already_compressed_or_media
data\train\archive (1)\FaceForensics++_C23\NeuralTextures\077_100.mp4,.mp4,563384,already_compressed_or_media
data\train\archive (1)\FaceForensics++_C23\NeuralTextures\078_955.mp4,.mp4,1981618,already_compressed_or_media
data\train\archive (1)\FaceForensics++_C23\NeuralTextures\079_076.mp4,.mp4,1233688,already_compressed_or_media
data\train\archive (1)\FaceForensics++_C23\NeuralTextures\080_061.mp4,.mp4,424092,already_compressed_or_media
data\train\archive (1)\FaceForensics++_C23\NeuralTextures\081_087.mp4,.mp4,616790,already_compressed_or_media
data\train\archive (1)\FaceForensics++_C23\NeuralTextures\082_103.mp4,.mp4,620299,already_compressed_or_media
data\train\archive (1)\FaceForensics++_C23\NeuralTextures\083_213.mp4,.mp4,3537213,already_compressed_or_media
data\train\archive (1)\FaceForensics++_C23\NeuralTextures\084_042.mp4,.mp4,5123673,already_compressed_or_media
data\train\archive (1)\FaceForensics++_C23\NeuralTextures\085_124.mp4,.mp4,1786468,already_compressed_or_media
data\train\archive (1)\FaceForensics++_C23\NeuralTextures\086_090.mp4,.mp4,1919682,already_compressed_or_media
data\train\archive (1)\FaceForensics++_C23\NeuralTextures\087_081.mp4,.mp4,359549,already_compressed_or_media
data\train\archive (1)\FaceForensics++_C23\NeuralTextures\088_060.mp4,.mp4,2125660,already_compressed_or_media
data\train\archive (1)\FaceForensics++_C23\NeuralTextures\089_065.mp4,.mp4,1836955,already_compressed_or_media
data\train\archive (1)\FaceForensics++_C23\NeuralTextures\090_086.mp4,.mp4,4584330,already_compressed_or_media
data\train\archive (1)\FaceForensics++_C23\NeuralTextures\091_116.mp4,.mp4,819320,already_compressed_or_media
data\train\archive (1)\FaceForensics++_C23\NeuralTextures\092_098.mp4,.mp4,637720,already_compressed_or_media
data\train\archive (1)\FaceForensics++_C23\NeuralTextures\093_121.mp4,.mp4,2160997,already_compressed_or_media
data\train\archive (1)\FaceForensics++_C23\NeuralTextures\094_111.mp4,.mp4,1876693,already_compressed_or_media
data\train\archive (1)\FaceForensics++_C23\NeuralTextures\095_053.mp4,.mp4,906966,already_compressed_or_media
data\train\archive (1)\FaceForensics++_C23\NeuralTextures\096_101.mp4,.mp4,5286416,already_compressed_or_media
data\train\archive (1)\FaceForensics++_C23\NeuralTextures\097_033.mp4,.mp4,1004813,already_compressed_or_media
data\train\archive (1)\FaceForensics++_C23\NeuralTextures\098_092.mp4,.mp4,385399,already_compressed_or_media
data\train\archive (1)\FaceForensics++_C23\NeuralTextures\099_295.mp4,.mp4,6534622,already_compressed_or_media
data\train\archive (1)\FaceForensics++_C23\NeuralTextures\100_077.mp4,.mp4,872534,already_compressed_or_media
data\train\archive (1)\FaceForensics++_C23\NeuralTextures\101_096.mp4,.mp4,1090577,already_compressed_or_media
data\train\archive (1)\FaceForensics++_C23\NeuralTextures\102_114.mp4,.mp4,947904,already_compressed_or_media
data\train\archive (1)\FaceForensics++_C23\NeuralTextures\103_082.mp4,.mp4,905069,already_compressed_or_media
data\train\archive (1)\FaceForensics++_C23\NeuralTextures\104_126.mp4,.mp4,846023,already_compressed_or_media
data\train\archive (1)\FaceForensics++_C23\NeuralTextures\105_180.mp4,.mp4,1114883,already_compressed_or_media
data\train\archive (1)\FaceForensics++_C23\NeuralTextures\106_198.mp4,.mp4,514170,already_compressed_or_media
data\train\archive (1)\FaceForensics++_C23\NeuralTextures\107_109.mp4,.mp4,583750,already_compressed_or_media
data\train\archive (1)\FaceForensics++_C23\NeuralTextures\108_052.mp4,.mp4,3491646,already_compressed_or_media
data\train\archive (1)\FaceForensics++_C23\NeuralTextures\109_107.mp4,.mp4,1014520,already_compressed_or_media
data\train\archive (1)\FaceForensics++_C23\NeuralTextures\110_043.mp4,.mp4,965159,already_compressed_or_media
data\train\archive (1)\FaceForensics++_C23\NeuralTextures\111_094.mp4,.mp4,911269,already_compressed_or_media
data\train\archive (1)\FaceForensics++_C23\NeuralTextures\112_892.mp4,.mp4,4122658,already_compressed_or_media
data\train\archive (1)\FaceForensics++_C23\NeuralTextures\113_983.mp4,.mp4,1897675,already_compressed_or_media
data\train\archive (1)\FaceForensics++_C23\NeuralTextures\114_102.mp4,.mp4,803240,already_compressed_or_media
data\train\archive (1)\FaceForensics++_C23\NeuralTextures\115_939.mp4,.mp4,1298942,already_compressed_or_media
data\train\archive (1)\FaceForensics++_C23\NeuralTextures\116_091.mp4,.mp4,655834,already_compressed_or_media
data\train\archive (1)\FaceForensics++_C23\NeuralTextures\117_217.mp4,.mp4,3568026,already_compressed_or_media
data\train\archive (1)\FaceForensics++_C23\NeuralTextures\118_120.mp4,.mp4,997351,already_compressed_or_media
data\train\archive (1)\FaceForensics++_C23\NeuralTextures\119_123.mp4,.mp4,831964,already_compressed_or_media
data\train\archive (1)\FaceForensics++_C23\NeuralTextures\120_118.mp4,.mp4,953781,already_compressed_or_media
data\train\archive (1)\FaceForensics++_C23\NeuralTextures\121_093.mp4,.mp4,2252265,already_compressed_or_media
data\train\archive (1)\FaceForensics++_C23\NeuralTextures\122_144.mp4,.mp4,1523400,already_compressed_or_media
data\train\archive (1)\FaceForensics++_C23\NeuralTextures\123_119.mp4,.mp4,1147833,already_compressed_or_media
data\train\archive (1)\FaceForensics++_C23\NeuralTextures\124_085.mp4,.mp4,660074,already_compressed_or_media
data\train\archive (1)\FaceForensics++_C23\NeuralTextures\125_038.mp4,.mp4,1516367,already_compressed_or_media
data\train\archive (1)\FaceForensics++_C23\NeuralTextures\126_104.mp4,.mp4,665862,already_compressed_or_media
data\train\archive (1)\FaceForensics++_C23\NeuralTextures\127_129.mp4,.mp4,1229693,already_compressed_or_media
data\train\archive (1)\FaceForensics++_C23\NeuralTextures\128_896.mp4,.mp4,946078,already_compressed_or_media
data\train\archive (1)\FaceForensics++_C23\NeuralTextures\129_127.mp4,.mp4,1637064,already_compressed_or_media
data\train\archive (1)\FaceForensics++_C23\NeuralTextures\130_139.mp4,.mp4,1237710,already_compressed_or_media
data\train\archive (1)\FaceForensics++_C23\NeuralTextures\131_518.mp4,.mp4,484762,already_compressed_or_media
data\train\archive (1)\FaceForensics++_C23\NeuralTextures\132_007.mp4,.mp4,394566,already_compressed_or_media
data\train\archive (1)\FaceForensics++_C23\NeuralTextures\133_148.mp4,.mp4,663609,already_compressed_or_media
data\train\archive (1)\FaceForensics++_C23\NeuralTextures\134_192.mp4,.mp4,1707005,already_compressed_or_media
data\train\archive (1)\FaceForensics++_C23\NeuralTextures\135_880.mp4,.mp4,1173134,already_compressed_or_media
data\train\archive (1)\FaceForensics++_C23\NeuralTextures\136_285.mp4,.mp4,2388390,already_compressed_or_media
data\train\archive (1)\FaceForensics++_C23\NeuralTextures\137_165.mp4,.mp4,1406226,already_compressed_or_media
data\train\archive (1)\FaceForensics++_C23\NeuralTextures\138_142.mp4,.mp4,423477,already_compressed_or_media
data\train\archive (1)\FaceForensics++_C23\NeuralTextures\139_130.mp4,.mp4,511664,already_compressed_or_media
data\train\archive (1)\FaceForensics++_C23\NeuralTextures\140_143.mp4,.mp4,1890489,already_compressed_or_media
data\train\archive (1)\FaceForensics++_C23\NeuralTextures\141_161.mp4,.mp4,828465,already_compressed_or_media
data\train\archive (1)\FaceForensics++_C23\NeuralTextures\142_138.mp4,.mp4,533869,already_compressed_or_media
data\train\archive (1)\FaceForensics++_C23\NeuralTextures\143_140.mp4,.mp4,669685,already_compressed_or_media
data\train\archive (1)\FaceForensics++_C23\NeuralTextures\144_122.mp4,.mp4,852508,already_compressed_or_media
data\train\archive (1)\FaceForensics++_C23\NeuralTextures\145_299.mp4,.mp4,364604,already_compressed_or_media
data\train\archive (1)\FaceForensics++_C23\NeuralTextures\146_256.mp4,.mp4,3433926,already_compressed_or_media
data\train\archive (1)\FaceForensics++_C23\NeuralTextures\147_055.mp4,.mp4,772956,already_compressed_or_media
data\train\archive (1)\FaceForensics++_C23\NeuralTextures\148_133.mp4,.mp4,746640,already_compressed_or_media
data\train\archive (1)\FaceForensics++_C23\NeuralTextures\149_152.mp4,.mp4,761516,already_compressed_or_media
data\train\archive (1)\FaceForensics++_C23\NeuralTextures\150_153.mp4,.mp4,566164,already_compressed_or_media
data\train\archive (1)\FaceForensics++_C23\NeuralTextures\151_225.mp4,.mp4,1865106,already_compressed_or_media
data\train\archive (1)\FaceForensics++_C23\NeuralTextures\152_149.mp4,.mp4,696000,already_compressed_or_media
data\train\archive (1)\FaceForensics++_C23\NeuralTextures\153_150.mp4,.mp4,1301212,already_compressed_or_media
data\train\archive (1)\FaceForensics++_C23\NeuralTextures\154_386.mp4,.mp4,1944810,already_compressed_or_media
data\train\archive (1)\FaceForensics++_C23\NeuralTextures\155_576.mp4,.mp4,1074264,already_compressed_or_media
data\train\archive (1)\FaceForensics++_C23\NeuralTextures\156_243.mp4,.mp4,845345,already_compressed_or_media
data\train\archive (1)\FaceForensics++_C23\NeuralTextures\157_245.mp4,.mp4,569907,already_compressed_or_media
data\train\archive (1)\FaceForensics++_C23\NeuralTextures\158_379.mp4,.mp4,644087,already_compressed_or_media
data\train\archive (1)\FaceForensics++_C23\NeuralTextures\159_175.mp4,.mp4,922006,already_compressed_or_media
data\train\archive (1)\FaceForensics++_C23\NeuralTextures\160_928.mp4,.mp4,1538169,already_compressed_or_media
data\train\archive (1)\FaceForensics++_C23\NeuralTextures\161_141.mp4,.mp4,627104,already_compressed_or_media
data\train\archive (1)\FaceForensics++_C23\NeuralTextures\162_330.mp4,.mp4,1731834,already_compressed_or_media
data\train\archive (1)\FaceForensics++_C23\NeuralTextures\163_031.mp4,.mp4,846188,already_compressed_or_media
data\train\archive (1)\FaceForensics++_C23\NeuralTextures\164_216.mp4,.mp4,1256708,already_compressed_or_media
data\train\archive (1)\FaceForensics++_C23\NeuralTextures\165_137.mp4,.mp4,670109,already_compressed_or_media
data\train\archive (1)\FaceForensics++_C23\NeuralTextures\166_167.mp4,.mp4,555712,already_compressed_or_media
data\train\archive (1)\FaceForensics++_C23\NeuralTextures\167_166.mp4,.mp4,845635,already_compressed_or_media
data\train\archive (1)\FaceForensics++_C23\NeuralTextures\168_222.mp4,.mp4,562685,already_compressed_or_media
data\train\archive (1)\FaceForensics++_C23\NeuralTextures\169_227.mp4,.mp4,579006,already_compressed_or_media
data\train\archive (1)\FaceForensics++_C23\NeuralTextures\170_186.mp4,.mp4,2755486,already_compressed_or_media
data\train\archive (1)\FaceForensics++_C23\NeuralTextures\171_173.mp4,.mp4,2466143,already_compressed_or_media
data\train\archive (1)\FaceForensics++_C23\NeuralTextures\172_582.mp4,.mp4,640593,already_compressed_or_media
data\train\archive (1)\FaceForensics++_C23\NeuralTextures\173_171.mp4,.mp4,2721093,already_compressed_or_media
data\train\archive (1)\FaceForensics++_C23\NeuralTextures\174_964.mp4,.mp4,1060064,already_compressed_or_media
data\train\archive (1)\FaceForensics++_C23\NeuralTextures\175_159.mp4,.mp4,698013,already_compressed_or_media
data\train\archive (1)\FaceForensics++_C23\NeuralTextures\176_190.mp4,.mp4,3753943,already_compressed_or_media
data\train\archive (1)\FaceForensics++_C23\NeuralTextures\177_211.mp4,.mp4,1002857,already_compressed_or_media
data\train\archive (1)\FaceForensics++_C23\NeuralTextures\178_598.mp4,.mp4,530529,already_compressed_or_media
data\train\archive (1)\FaceForensics++_C23\NeuralTextures\179_212.mp4,.mp4,605159,already_compressed_or_media
data\train\archive (1)\FaceForensics++_C23\NeuralTextures\180_105.mp4,.mp4,698579,already_compressed_or_media
data\train\archive (1)\FaceForensics++_C23\NeuralTextures\181_199.mp4,.mp4,539079,already_compressed_or_media
data\train\archive (1)\FaceForensics++_C23\NeuralTextures\182_242.mp4,.mp4,1236241,already_compressed_or_media
data\train\archive (1)\FaceForensics++_C23\NeuralTextures\183_253.mp4,.mp4,1442320,already_compressed_or_media
data\train\archive (1)\FaceForensics++_C23\NeuralTextures\184_205.mp4,.mp4,513782,already_compressed_or_media
data\train\archive (1)\FaceForensics++_C23\NeuralTextures\185_276.mp4,.mp4,835801,already_compressed_or_media
data\train\archive (1)\FaceForensics++_C23\NeuralTextures\186_170.mp4,.mp4,4972746,already_compressed_or_media
data\train\archive (1)\FaceForensics++_C23\NeuralTextures\187_234.mp4,.mp4,2919536,already_compressed_or_media
data\train\archive (1)\FaceForensics++_C23\NeuralTextures\188_191.mp4,.mp4,1315112,already_compressed_or_media
data\train\archive (1)\FaceForensics++_C23\NeuralTextures\189_200.mp4,.mp4,1622547,already_compressed_or_media
data\train\archive (1)\FaceForensics++_C23\NeuralTextures\190_176.mp4,.mp4,2467004,already_compressed_or_media
data\train\archive (1)\FaceForensics++_C23\NeuralTextures\191_188.mp4,.mp4,3286803,already_compressed_or_media
data\train\archive (1)\FaceForensics++_C23\NeuralTextures\192_134.mp4,.mp4,869462,already_compressed_or_media
data\train\archive (1)\FaceForensics++_C23\NeuralTextures\193_030.mp4,.mp4,3547789,already_compressed_or_media
data\train\archive (1)\FaceForensics++_C23\NeuralTextures\194_235.mp4,.mp4,554824,already_compressed_or_media
data\train\archive (1)\FaceForensics++_C23\NeuralTextures\195_442.mp4,.mp4,1283714,already_compressed_or_media
data\train\archive (1)\FaceForensics++_C23\NeuralTextures\196_310.mp4,.mp4,500281,already_compressed_or_media
data\train\archive (1)\FaceForensics++_C23\NeuralTextures\197_224.mp4,.mp4,873969,already_compressed_or_media
data\train\archive (1)\FaceForensics++_C23\NeuralTextures\198_106.mp4,.mp4,633040,already_compressed_or_media
data\train\archive (1)\FaceForensics++_C23\NeuralTextures\199_181.mp4,.mp4,1185381,already_compressed_or_media
data\train\archive (1)\FaceForensics++_C23\NeuralTextures\200_189.mp4,.mp4,1863243,already_compressed_or_media
data\train\archive (1)\FaceForensics++_C23\NeuralTextures\201_203.mp4,.mp4,913976,already_compressed_or_media
data\train\archive (1)\FaceForensics++_C23\NeuralTextures\202_348.mp4,.mp4,672506,already_compressed_or_media
data\train\archive (1)\FaceForensics++_C23\NeuralTextures\203_201.mp4,.mp4,1372351,already_compressed_or_media
data\train\archive (1)\FaceForensics++_C23\NeuralTextures\204_230.mp4,.mp4,1261921,already_compressed_or_media
data\train\archive (1)\FaceForensics++_C23\NeuralTextures\205_184.mp4,.mp4,867785,already_compressed_or_media
data\train\archive (1)\FaceForensics++_C23\NeuralTextures\206_221.mp4,.mp4,708180,already_compressed_or_media
data\train\archive (1)\FaceForensics++_C23\NeuralTextures\207_908.mp4,.mp4,3009610,already_compressed_or_media
data\train\archive (1)\FaceForensics++_C23\NeuralTextures\208_215.mp4,.mp4,1155322,already_compressed_or_media
data\train\archive (1)\FaceForensics++_C23\NeuralTextures\209_016.mp4,.mp4,1244783,already_compressed_or_media
data\train\archive (1)\FaceForensics++_C23\NeuralTextures\210_241.mp4,.mp4,651287,already_compressed_or_media
data\train\archive (1)\FaceForensics++_C23\NeuralTextures\211_177.mp4,.mp4,2007033,already_compressed_or_media
data\train\archive (1)\FaceForensics++_C23\NeuralTextures\212_179.mp4,.mp4,776487,already_compressed_or_media
data\train\archive (1)\FaceForensics++_C23\NeuralTextures\213_083.mp4,.mp4,1785360,already_compressed_or_media
data\train\archive (1)\FaceForensics++_C23\NeuralTextures\214_255.mp4,.mp4,1352785,already_compressed_or_media
data\train\archive (1)\FaceForensics++_C23\NeuralTextures\215_208.mp4,.mp4,795209,already_compressed_or_media
data\train\archive (1)\FaceForensics++_C23\NeuralTextures\216_164.mp4,.mp4,928874,already_compressed_or_media
data\train\archive (1)\FaceForensics++_C23\NeuralTextures\217_117.mp4,.mp4,5643891,already_compressed_or_media
data\train\archive (1)\FaceForensics++_C23\NeuralTextures\218_239.mp4,.mp4,452308,already_compressed_or_media
data\train\archive (1)\FaceForensics++_C23\NeuralTextures\219_220.mp4,.mp4,2087672,already_compressed_or_media
data\train\archive (1)\FaceForensics++_C23\NeuralTextures\220_219.mp4,.mp4,735289,already_compressed_or_media
data\train\archive (1)\FaceForensics++_C23\NeuralTextures\221_206.mp4,.mp4,2775260,already_compressed_or_media
data\train\archive (1)\FaceForensics++_C23\NeuralTextures\222_168.mp4,.mp4,855838,already_compressed_or_media
data\train\archive (1)\FaceForensics++_C23\NeuralTextures\223_586.mp4,.mp4,1789073,already_compressed_or_media
data\train\archive (1)\FaceForensics++_C23\NeuralTextures\224_197.mp4,.mp4,1860210,already_compressed_or_media
data\train\archive (1)\FaceForensics++_C23\NeuralTextures\225_151.mp4,.mp4,1154330,already_compressed_or_media
data\train\archive (1)\FaceForensics++_C23\NeuralTextures\226_491.mp4,.mp4,1247013,already_compressed_or_media
data\train\archive (1)\FaceForensics++_C23\NeuralTextures\227_169.mp4,.mp4,1347661,already_compressed_or_media
data\train\archive (1)\FaceForensics++_C23\NeuralTextures\228_289.mp4,.mp4,724851,already_compressed_or_media
data\train\archive (1)\FaceForensics++_C23\NeuralTextures\229_247.mp4,.mp4,653992,already_compressed_or_media
data\train\archive (1)\FaceForensics++_C23\NeuralTextures\230_204.mp4,.mp4,1519912,already_compressed_or_media
data\train\archive (1)\FaceForensics++_C23\NeuralTextures\231_663.mp4,.mp4,569179,already_compressed_or_media
data\train\archive (1)\FaceForensics++_C23\NeuralTextures\232_248.mp4,.mp4,1279031,already_compressed_or_media
data\train\archive (1)\FaceForensics++_C23\NeuralTextures\233_995.mp4,.mp4,2304404,already_compressed_or_media
data\train\archive (1)\FaceForensics++_C23\NeuralTextures\234_187.mp4,.mp4,1419327,already_compressed_or_media
data\train\archive (1)\FaceForensics++_C23\NeuralTextures\235_194.mp4,.mp4,1465499,already_compressed_or_media
data\train\archive (1)\FaceForensics++_C23\NeuralTextures\236_237.mp4,.mp4,1476800,already_compressed_or_media
data\train\archive (1)\FaceForensics++_C23\NeuralTextures\237_236.mp4,.mp4,2690179,already_compressed_or_media
data\train\archive (1)\FaceForensics++_C23\NeuralTextures\238_282.mp4,.mp4,868333,already_compressed_or_media
data\train\archive (1)\FaceForensics++_C23\NeuralTextures\239_218.mp4,.mp4,921769,already_compressed_or_media
data\train\archive (1)\FaceForensics++_C23\NeuralTextures\240_290.mp4,.mp4,760723,already_compressed_or_media
data\train\archive (1)\FaceForensics++_C23\NeuralTextures\241_210.mp4,.mp4,563033,already_compressed_or_media
data\train\archive (1)\FaceForensics++_C23\NeuralTextures\242_182.mp4,.mp4,493966,already_compressed_or_media
data\train\archive (1)\FaceForensics++_C23\NeuralTextures\243_156.mp4,.mp4,2324337,already_compressed_or_media
data\train\archive (1)\FaceForensics++_C23\NeuralTextures\244_822.mp4,.mp4,2493431,already_compressed_or_media
data\train\archive (1)\FaceForensics++_C23\NeuralTextures\245_157.mp4,.mp4,688039,already_compressed_or_media
data\train\archive (1)\FaceForensics++_C23\NeuralTextures\246_258.mp4,.mp4,1879677,already_compressed_or_media
data\train\archive (1)\FaceForensics++_C23\NeuralTextures\247_229.mp4,.mp4,1173427,already_compressed_or_media
data\train\archive (1)\FaceForensics++_C23\NeuralTextures\248_232.mp4,.mp4,2177641,already_compressed_or_media
data\train\archive (1)\FaceForensics++_C23\NeuralTextures\249_280.mp4,.mp4,1504391,already_compressed_or_media
data\train\archive (1)\FaceForensics++_C23\NeuralTextures\250_461.mp4,.mp4,2579166,already_compressed_or_media
data\train\archive (1)\FaceForensics++_C23\NeuralTextures\251_375.mp4,.mp4,2493539,already_compressed_or_media
data\train\archive (1)\FaceForensics++_C23\NeuralTextures\252_266.mp4,.mp4,1470202,already_compressed_or_media
data\train\archive (1)\FaceForensics++_C23\NeuralTextures\253_183.mp4,.mp4,1128530,already_compressed_or_media
data\train\archive (1)\FaceForensics++_C23\NeuralTextures\254_261.mp4,.mp4,1349436,already_compressed_or_media
data\train\archive (1)\FaceForensics++_C23\NeuralTextures\255_214.mp4,.mp4,1812887,already_compressed_or_media
data\train\archive (1)\FaceForensics++_C23\NeuralTextures\256_146.mp4,.mp4,2289394,already_compressed_or_media
data\train\archive (1)\FaceForensics++_C23\NeuralTextures\257_420.mp4,.mp4,2330944,already_compressed_or_media
data\train\archive (1)\FaceForensics++_C23\NeuralTextures\258_246.mp4,.mp4,3222820,already_compressed_or_media
data\train\archive (1)\FaceForensics++_C23\NeuralTextures\259_345.mp4,.mp4,1112648,already_compressed_or_media
data\train\archive (1)\FaceForensics++_C23\NeuralTextures\260_331.mp4,.mp4,470488,already_compressed_or_media
data\train\archive (1)\FaceForensics++_C23\NeuralTextures\261_254.mp4,.mp4,440888,already_compressed_or_media
data\train\archive (1)\FaceForensics++_C23\NeuralTextures\262_301.mp4,.mp4,685384,already_compressed_or_media
data\train\archive (1)\FaceForensics++_C23\NeuralTextures\263_284.mp4,.mp4,1390669,already_compressed_or_media
data\train\archive (1)\FaceForensics++_C23\NeuralTextures\264_271.mp4,.mp4,633555,already_compressed_or_media
data\train\archive (1)\FaceForensics++_C23\NeuralTextures\265_475.mp4,.mp4,3656066,already_compressed_or_media
data\train\archive (1)\FaceForensics++_C23\NeuralTextures\266_252.mp4,.mp4,1376756,already_compressed_or_media
data\train\archive (1)\FaceForensics++_C23\NeuralTextures\267_286.mp4,.mp4,1622114,already_compressed_or_media
data\train\archive (1)\FaceForensics++_C23\NeuralTextures\268_269.mp4,.mp4,914815,already_compressed_or_media
data\train\archive (1)\FaceForensics++_C23\NeuralTextures\269_268.mp4,.mp4,739140,already_compressed_or_media
data\train\archive (1)\FaceForensics++_C23\NeuralTextures\270_297.mp4,.mp4,796206,already_compressed_or_media
data\train\archive (1)\FaceForensics++_C23\NeuralTextures\271_264.mp4,.mp4,1272307,already_compressed_or_media
data\train\archive (1)\FaceForensics++_C23\NeuralTextures\272_396.mp4,.mp4,1558105,already_compressed_or_media
data\train\archive (1)\FaceForensics++_C23\NeuralTextures\273_807.mp4,.mp4,928096,already_compressed_or_media
data\train\archive (1)\FaceForensics++_C23\NeuralTextures\274_412.mp4,.mp4,2280807,already_compressed_or_media
data\train\archive (1)\FaceForensics++_C23\NeuralTextures\275_887.mp4,.mp4,611975,already_compressed_or_media
data\train\archive (1)\FaceForensics++_C23\NeuralTextures\276_185.mp4,.mp4,805624,already_compressed_or_media
data\train\archive (1)\FaceForensics++_C23\NeuralTextures\277_335.mp4,.mp4,1203712,already_compressed_or_media
data\train\archive (1)\FaceForensics++_C23\NeuralTextures\278_306.mp4,.mp4,692612,already_compressed_or_media
data\train\archive (1)\FaceForensics++_C23\NeuralTextures\279_298.mp4,.mp4,1620801,already_compressed_or_media
data\train\archive (1)\FaceForensics++_C23\NeuralTextures\280_249.mp4,.mp4,996594,already_compressed_or_media
data\train\archive (1)\FaceForensics++_C23\NeuralTextures\281_474.mp4,.mp4,846515,already_compressed_or_media
data\train\archive (1)\FaceForensics++_C23\NeuralTextures\282_238.mp4,.mp4,1174567,already_compressed_or_media
data\train\archive (1)\FaceForensics++_C23\NeuralTextures\283_313.mp4,.mp4,609410,already_compressed_or_media
data\train\archive (1)\FaceForensics++_C23\NeuralTextures\284_263.mp4,.mp4,2775141,already_compressed_or_media
data\train\archive (1)\FaceForensics++_C23\NeuralTextures\285_136.mp4,.mp4,1462088,already_compressed_or_media
data\train\archive (1)\FaceForensics++_C23\NeuralTextures\286_267.mp4,.mp4,1168844,already_compressed_or_media
data\train\archive (1)\FaceForensics++_C23\NeuralTextures\287_426.mp4,.mp4,1905169,already_compressed_or_media
data\train\archive (1)\FaceForensics++_C23\NeuralTextures\288_321.mp4,.mp4,740142,already_compressed_or_media
data\train\archive (1)\FaceForensics++_C23\NeuralTextures\289_228.mp4,.mp4,1050821,already_compressed_or_media
data\train\archive (1)\FaceForensics++_C23\NeuralTextures\290_240.mp4,.mp4,1099603,already_compressed_or_media
data\train\archive (1)\FaceForensics++_C23\NeuralTextures\291_874.mp4,.mp4,2372221,already_compressed_or_media
data\train\archive (1)\FaceForensics++_C23\NeuralTextures\292_294.mp4,.mp4,2366949,already_compressed_or_media
data\train\archive (1)\FaceForensics++_C23\NeuralTextures\293_296.mp4,.mp4,936833,already_compressed_or_media
data\train\archive (1)\FaceForensics++_C23\NeuralTextures\294_292.mp4,.mp4,2486596,already_compressed_or_media
data\train\archive (1)\FaceForensics++_C23\NeuralTextures\295_099.mp4,.mp4,3273639,already_compressed_or_media
data\train\archive (1)\FaceForensics++_C23\NeuralTextures\296_293.mp4,.mp4,639795,already_compressed_or_media
data\train\archive (1)\FaceForensics++_C23\NeuralTextures\297_270.mp4,.mp4,403618,already_compressed_or_media
data\train\archive (1)\FaceForensics++_C23\NeuralTextures\298_279.mp4,.mp4,1148295,already_compressed_or_media
data\train\archive (1)\FaceForensics++_C23\NeuralTextures\299_145.mp4,.mp4,891148,already_compressed_or_media
data\train\archive (1)\FaceForensics++_C23\NeuralTextures\300_304.mp4,.mp4,880570,already_compressed_or_media
data\train\archive (1)\FaceForensics++_C23\NeuralTextures\301_262.mp4,.mp4,661748,already_compressed_or_media
data\train\archive (1)\FaceForensics++_C23\NeuralTextures\302_323.mp4,.mp4,763200,already_compressed_or_media
data\train\archive (1)\FaceForensics++_C23\NeuralTextures\303_309.mp4,.mp4,1755208,already_compressed_or_media
data\train\archive (1)\FaceForensics++_C23\NeuralTextures\304_300.mp4,.mp4,914160,already_compressed_or_media
data\train\archive (1)\FaceForensics++_C23\NeuralTextures\305_513.mp4,.mp4,1913113,already_compressed_or_media
data\train\archive (1)\FaceForensics++_C23\NeuralTextures\306_278.mp4,.mp4,571161,already_compressed_or_media
data\train\archive (1)\FaceForensics++_C23\NeuralTextures\307_365.mp4,.mp4,571875,already_compressed_or_media
data\train\archive (1)\FaceForensics++_C23\NeuralTextures\308_388.mp4,.mp4,1376755,already_compressed_or_media
data\train\archive (1)\FaceForensics++_C23\NeuralTextures\309_303.mp4,.mp4,1131735,already_compressed_or_media
data\train\archive (1)\FaceForensics++_C23\NeuralTextures\310_196.mp4,.mp4,2098021,already_compressed_or_media
data\train\archive (1)\FaceForensics++_C23\NeuralTextures\311_387.mp4,.mp4,1176685,already_compressed_or_media
data\train\archive (1)\FaceForensics++_C23\NeuralTextures\312_021.mp4,.mp4,1146325,already_compressed_or_media
data\train\archive (1)\FaceForensics++_C23\NeuralTextures\313_283.mp4,.mp4,758045,already_compressed_or_media
data\train\archive (1)\FaceForensics++_C23\NeuralTextures\314_347.mp4,.mp4,890669,already_compressed_or_media
data\train\archive (1)\FaceForensics++_C23\NeuralTextures\315_322.mp4,.mp4,577506,already_compressed_or_media
data\train\archive (1)\FaceForensics++_C23\NeuralTextures\316_369.mp4,.mp4,394109,already_compressed_or_media
data\train\archive (1)\FaceForensics++_C23\NeuralTextures\317_359.mp4,.mp4,695475,already_compressed_or_media
data\train\archive (1)\FaceForensics++_C23\NeuralTextures\318_334.mp4,.mp4,877417,already_compressed_or_media
data\train\archive (1)\FaceForensics++_C23\NeuralTextures\319_352.mp4,.mp4,789613,already_compressed_or_media
data\train\archive (1)\FaceForensics++_C23\NeuralTextures\320_328.mp4,.mp4,1524904,already_compressed_or_media
data\train\archive (1)\FaceForensics++_C23\NeuralTextures\321_288.mp4,.mp4,1147527,already_compressed_or_media
data\train\archive (1)\FaceForensics++_C23\NeuralTextures\322_315.mp4,.mp4,1070569,already_compressed_or_media
data\train\archive (1)\FaceForensics++_C23\NeuralTextures\323_302.mp4,.mp4,1224991,already_compressed_or_media
data\train\archive (1)\FaceForensics++_C23\NeuralTextures\324_356.mp4,.mp4,1154998,already_compressed_or_media
data\train\archive (1)\FaceForensics++_C23\NeuralTextures\325_492.mp4,.mp4,2671765,already_compressed_or_media
data\train\archive (1)\FaceForensics++_C23\NeuralTextures\326_501.mp4,.mp4,897378,already_compressed_or_media
data\train\archive (1)\FaceForensics++_C23\NeuralTextures\327_329.mp4,.mp4,520350,already_compressed_or_media
data\train\archive (1)\FaceForensics++_C23\NeuralTextures\328_320.mp4,.mp4,1417469,already_compressed_or_media
data\train\archive (1)\FaceForensics++_C23\NeuralTextures\329_327.mp4,.mp4,461368,already_compressed_or_media
data\train\archive (1)\FaceForensics++_C23\NeuralTextures\330_162.mp4,.mp4,1736690,already_compressed_or_media
data\train\archive (1)\FaceForensics++_C23\NeuralTextures\331_260.mp4,.mp4,1020194,already_compressed_or_media
data\train\archive (1)\FaceForensics++_C23\NeuralTextures\332_051.mp4,.mp4,5546027,already_compressed_or_media
data\train\archive (1)\FaceForensics++_C23\NeuralTextures\333_377.mp4,.mp4,1025592,already_compressed_or_media
data\train\archive (1)\FaceForensics++_C23\NeuralTextures\334_318.mp4,.mp4,992710,already_compressed_or_media
data\train\archive (1)\FaceForensics++_C23\NeuralTextures\335_277.mp4,.mp4,1400436,already_compressed_or_media
data\train\archive (1)\FaceForensics++_C23\NeuralTextures\336_338.mp4,.mp4,828553,already_compressed_or_media
data\train\archive (1)\FaceForensics++_C23\NeuralTextures\337_522.mp4,.mp4,851185,already_compressed_or_media
data\train\archive (1)\FaceForensics++_C23\NeuralTextures\338_336.mp4,.mp4,1035395,already_compressed_or_media
data\train\archive (1)\FaceForensics++_C23\NeuralTextures\339_392.mp4,.mp4,581420,already_compressed_or_media
data\train\archive (1)\FaceForensics++_C23\NeuralTextures\340_341.mp4,.mp4,2442053,already_compressed_or_media
data\train\archive (1)\FaceForensics++_C23\NeuralTextures\341_340.mp4,.mp4,2115355,already_compressed_or_media
data\train\archive (1)\FaceForensics++_C23\NeuralTextures\342_416.mp4,.mp4,1189450,already_compressed_or_media
data\train\archive (1)\FaceForensics++_C23\NeuralTextures\343_363.mp4,.mp4,387255,already_compressed_or_media
data\train\archive (1)\FaceForensics++_C23\NeuralTextures\344_020.mp4,.mp4,1913780,already_compressed_or_media
data\train\archive (1)\FaceForensics++_C23\NeuralTextures\345_259.mp4,.mp4,849315,already_compressed_or_media
data\train\archive (1)\FaceForensics++_C23\NeuralTextures\346_351.mp4,.mp4,681213,already_compressed_or_media
data\train\archive (1)\FaceForensics++_C23\NeuralTextures\347_314.mp4,.mp4,666250,already_compressed_or_media
data\train\archive (1)\FaceForensics++_C23\NeuralTextures\348_202.mp4,.mp4,401457,already_compressed_or_media
data\train\archive (1)\FaceForensics++_C23\NeuralTextures\349_350.mp4,.mp4,1412029,already_compressed_or_media
data\train\archive (1)\FaceForensics++_C23\NeuralTextures\350_349.mp4,.mp4,1027238,already_compressed_or_media
data\train\archive (1)\FaceForensics++_C23\NeuralTextures\351_346.mp4,.mp4,930952,already_compressed_or_media
data\train\archive (1)\FaceForensics++_C23\NeuralTextures\352_319.mp4,.mp4,1344047,already_compressed_or_media
data\train\archive (1)\FaceForensics++_C23\NeuralTextures\353_383.mp4,.mp4,1663018,already_compressed_or_media
data\train\archive (1)\FaceForensics++_C23\NeuralTextures\354_362.mp4,.mp4,1864978,already_compressed_or_media
data\train\archive (1)\FaceForensics++_C23\NeuralTextures\355_748.mp4,.mp4,3094035,already_compressed_or_media
data\train\archive (1)\FaceForensics++_C23\NeuralTextures\356_324.mp4,.mp4,2988418,already_compressed_or_media
data\train\archive (1)\FaceForensics++_C23\NeuralTextures\357_432.mp4,.mp4,485267,already_compressed_or_media
data\train\archive (1)\FaceForensics++_C23\NeuralTextures\358_380.mp4,.mp4,607289,already_compressed_or_media
data\train\archive (1)\FaceForensics++_C23\NeuralTextures\359_317.mp4,.mp4,821749,already_compressed_or_media
data\train\archive (1)\FaceForensics++_C23\NeuralTextures\360_437.mp4,.mp4,2092395,already_compressed_or_media
data\train\archive (1)\FaceForensics++_C23\NeuralTextures\361_448.mp4,.mp4,2969799,already_compressed_or_media
data\train\archive (1)\FaceForensics++_C23\NeuralTextures\362_354.mp4,.mp4,1837225,already_compressed_or_media
data\train\archive (1)\FaceForensics++_C23\NeuralTextures\363_343.mp4,.mp4,614696,already_compressed_or_media
data\train\archive (1)\FaceForensics++_C23\NeuralTextures\364_440.mp4,.mp4,1311630,already_compressed_or_media
data\train\archive (1)\FaceForensics++_C23\NeuralTextures\365_307.mp4,.mp4,363746,already_compressed_or_media
data\train\archive (1)\FaceForensics++_C23\NeuralTextures\366_473.mp4,.mp4,858631,already_compressed_or_media
data\train\archive (1)\FaceForensics++_C23\NeuralTextures\367_371.mp4,.mp4,954070,already_compressed_or_media
data\train\archive (1)\FaceForensics++_C23\NeuralTextures\368_378.mp4,.mp4,1134865,already_compressed_or_media
data\train\archive (1)\FaceForensics++_C23\NeuralTextures\369_316.mp4,.mp4,706494,already_compressed_or_media
data\train\archive (1)\FaceForensics++_C23\NeuralTextures\370_483.mp4,.mp4,3114567,already_compressed_or_media
data\train\archive (1)\FaceForensics++_C23\NeuralTextures\371_367.mp4,.mp4,1312582,already_compressed_or_media
data\train\archive (1)\FaceForensics++_C23\NeuralTextures\372_413.mp4,.mp4,743670,already_compressed_or_media
data\train\archive (1)\FaceForensics++_C23\NeuralTextures\373_394.mp4,.mp4,1759862,already_compressed_or_media
data\train\archive (1)\FaceForensics++_C23\NeuralTextures\374_407.mp4,.mp4,1372928,already_compressed_or_media
data\train\archive (1)\FaceForensics++_C23\NeuralTextures\375_251.mp4,.mp4,1755202,already_compressed_or_media
data\train\archive (1)\FaceForensics++_C23\NeuralTextures\376_381.mp4,.mp4,1780923,already_compressed_or_media
data\train\archive (1)\FaceForensics++_C23\NeuralTextures\377_333.mp4,.mp4,720337,already_compressed_or_media
data\train\archive (1)\FaceForensics++_C23\NeuralTextures\378_368.mp4,.mp4,3747642,already_compressed_or_media
data\train\archive (1)\FaceForensics++_C23\NeuralTextures\379_158.mp4,.mp4,982609,already_compressed_or_media
data\train\archive (1)\FaceForensics++_C23\NeuralTextures\380_358.mp4,.mp4,601063,already_compressed_or_media
data\train\archive (1)\FaceForensics++_C23\NeuralTextures\381_376.mp4,.mp4,1378773,already_compressed_or_media
data\train\archive (1)\FaceForensics++_C23\NeuralTextures\382_409.mp4,.mp4,719133,already_compressed_or_media
data\train\archive (1)\FaceForensics++_C23\NeuralTextures\383_353.mp4,.mp4,2290173,already_compressed_or_media
data\train\archive (1)\FaceForensics++_C23\NeuralTextures\384_932.mp4,.mp4,3274257,already_compressed_or_media
data\train\archive (1)\FaceForensics++_C23\NeuralTextures\385_414.mp4,.mp4,1560058,already_compressed_or_media
data\train\archive (1)\FaceForensics++_C23\NeuralTextures\386_154.mp4,.mp4,3403393,already_compressed_or_media
data\train\archive (1)\FaceForensics++_C23\NeuralTextures\387_311.mp4,.mp4,832008,already_compressed_or_media
data\train\archive (1)\FaceForensics++_C23\NeuralTextures\388_308.mp4,.mp4,806702,already_compressed_or_media
data\train\archive (1)\FaceForensics++_C23\NeuralTextures\389_480.mp4,.mp4,2937515,already_compressed_or_media
data\train\archive (1)\FaceForensics++_C23\NeuralTextures\390_709.mp4,.mp4,2146806,already_compressed_or_media
data\train\archive (1)\FaceForensics++_C23\NeuralTextures\391_406.mp4,.mp4,653045,already_compressed_or_media
data\train\archive (1)\FaceForensics++_C23\NeuralTextures\392_339.mp4,.mp4,2223776,already_compressed_or_media
data\train\archive (1)\FaceForensics++_C23\NeuralTextures\393_405.mp4,.mp4,1077378,already_compressed_or_media
data\train\archive (1)\FaceForensics++_C23\NeuralTextures\394_373.mp4,.mp4,1399153,already_compressed_or_media
data\train\archive (1)\FaceForensics++_C23\NeuralTextures\395_401.mp4,.mp4,1186345,already_compressed_or_media
data\train\archive (1)\FaceForensics++_C23\NeuralTextures\396_272.mp4,.mp4,1047966,already_compressed_or_media
data\train\archive (1)\FaceForensics++_C23\NeuralTextures\397_602.mp4,.mp4,3935686,already_compressed_or_media
data\train\archive (1)\FaceForensics++_C23\NeuralTextures\398_457.mp4,.mp4,1154692,already_compressed_or_media
data\train\archive (1)\FaceForensics++_C23\NeuralTextures\399_488.mp4,.mp4,2020971,already_compressed_or_media
data\train\archive (1)\FaceForensics++_C23\NeuralTextures\400_476.mp4,.mp4,1322291,already_compressed_or_media
data\train\archive (1)\FaceForensics++_C23\NeuralTextures\401_395.mp4,.mp4,1814788,already_compressed_or_media
data\train\archive (1)\FaceForensics++_C23\NeuralTextures\402_453.mp4,.mp4,4957104,already_compressed_or_media
data\train\archive (1)\FaceForensics++_C23\NeuralTextures\403_497.mp4,.mp4,746552,already_compressed_or_media
data\train\archive (1)\FaceForensics++_C23\NeuralTextures\404_429.mp4,.mp4,3948293,already_compressed_or_media
data\train\archive (1)\FaceForensics++_C23\NeuralTextures\405_393.mp4,.mp4,1014772,already_compressed_or_media
data\train\archive (1)\FaceForensics++_C23\NeuralTextures\406_391.mp4,.mp4,1401138,already_compressed_or_media
data\train\archive (1)\FaceForensics++_C23\NeuralTextures\407_374.mp4,.mp4,1233128,already_compressed_or_media
data\train\archive (1)\FaceForensics++_C23\NeuralTextures\408_424.mp4,.mp4,1553601,already_compressed_or_media
data\train\archive (1)\FaceForensics++_C23\NeuralTextures\409_382.mp4,.mp4,447540,already_compressed_or_media
data\train\archive (1)\FaceForensics++_C23\NeuralTextures\410_411.mp4,.mp4,4735853,already_compressed_or_media
data\train\archive (1)\FaceForensics++_C23\NeuralTextures\411_410.mp4,.mp4,5660165,already_compressed_or_media
data\train\archive (1)\FaceForensics++_C23\NeuralTextures\412_274.mp4,.mp4,1381587,already_compressed_or_media
data\train\archive (1)\FaceForensics++_C23\NeuralTextures\413_372.mp4,.mp4,678130,already_compressed_or_media
data\train\archive (1)\FaceForensics++_C23\NeuralTextures\414_385.mp4,.mp4,3777943,already_compressed_or_media
data\train\archive (1)\FaceForensics++_C23\NeuralTextures\415_484.mp4,.mp4,394792,already_compressed_or_media
data\train\archive (1)\FaceForensics++_C23\NeuralTextures\416_342.mp4,.mp4,1602502,already_compressed_or_media
data\train\archive (1)\FaceForensics++_C23\NeuralTextures\417_496.mp4,.mp4,2282386,already_compressed_or_media
data\train\archive (1)\FaceForensics++_C23\NeuralTextures\418_507.mp4,.mp4,1572735,already_compressed_or_media
data\train\archive (1)\FaceForensics++_C23\NeuralTextures\419_824.mp4,.mp4,1893410,already_compressed_or_media
data\train\archive (1)\FaceForensics++_C23\NeuralTextures\420_257.mp4,.mp4,1242399,already_compressed_or_media
data\train\archive (1)\FaceForensics++_C23\NeuralTextures\421_423.mp4,.mp4,1780276,already_compressed_or_media
data\train\archive (1)\FaceForensics++_C23\NeuralTextures\422_695.mp4,.mp4,4520341,already_compressed_or_media
data\train\archive (1)\FaceForensics++_C23\NeuralTextures\423_421.mp4,.mp4,1954029,already_compressed_or_media
data\train\archive (1)\FaceForensics++_C23\NeuralTextures\424_408.mp4,.mp4,559927,already_compressed_or_media
data\train\archive (1)\FaceForensics++_C23\NeuralTextures\425_485.mp4,.mp4,741740,already_compressed_or_media
data\train\archive (1)\FaceForensics++_C23\NeuralTextures\426_287.mp4,.mp4,4235945,already_compressed_or_media
data\train\archive (1)\FaceForensics++_C23\NeuralTextures\427_637.mp4,.mp4,746575,already_compressed_or_media
data\train\archive (1)\FaceForensics++_C23\NeuralTextures\428_466.mp4,.mp4,1049481,already_compressed_or_media
data\train\archive (1)\FaceForensics++_C23\NeuralTextures\429_404.mp4,.mp4,1053296,already_compressed_or_media
data\train\archive (1)\FaceForensics++_C23\NeuralTextures\430_459.mp4,.mp4,2463078,already_compressed_or_media
data\train\archive (1)\FaceForensics++_C23\NeuralTextures\431_447.mp4,.mp4,1055778,already_compressed_or_media
data\train\archive (1)\FaceForensics++_C23\NeuralTextures\432_357.mp4,.mp4,577629,already_compressed_or_media
data\train\archive (1)\FaceForensics++_C23\NeuralTextures\433_498.mp4,.mp4,1537570,already_compressed_or_media
data\train\archive (1)\FaceForensics++_C23\NeuralTextures\434_438.mp4,.mp4,490994,already_compressed_or_media
data\train\archive (1)\FaceForensics++_C23\NeuralTextures\435_456.mp4,.mp4,1008363,already_compressed_or_media
data\train\archive (1)\FaceForensics++_C23\NeuralTextures\436_526.mp4,.mp4,2524245,already_compressed_or_media
data\train\archive (1)\FaceForensics++_C23\NeuralTextures\437_360.mp4,.mp4,2498432,already_compressed_or_media
data\train\archive (1)\FaceForensics++_C23\NeuralTextures\438_434.mp4,.mp4,421752,already_compressed_or_media
data\train\archive (1)\FaceForensics++_C23\NeuralTextures\439_441.mp4,.mp4,547264,already_compressed_or_media
data\train\archive (1)\FaceForensics++_C23\NeuralTextures\440_364.mp4,.mp4,543063,already_compressed_or_media
data\train\archive (1)\FaceForensics++_C23\NeuralTextures\441_439.mp4,.mp4,605229,already_compressed_or_media
data\train\archive (1)\FaceForensics++_C23\NeuralTextures\442_195.mp4,.mp4,3856121,already_compressed_or_media
data\train\archive (1)\FaceForensics++_C23\NeuralTextures\443_514.mp4,.mp4,494822,already_compressed_or_media
data\train\archive (1)\FaceForensics++_C23\NeuralTextures\444_655.mp4,.mp4,841171,already_compressed_or_media
data\train\archive (1)\FaceForensics++_C23\NeuralTextures\445_494.mp4,.mp4,2960868,already_compressed_or_media
data\train\archive (1)\FaceForensics++_C23\NeuralTextures\446_667.mp4,.mp4,4341642,already_compressed_or_media
data\train\archive (1)\FaceForensics++_C23\NeuralTextures\447_431.mp4,.mp4,564581,already_compressed_or_media
data\train\archive (1)\FaceForensics++_C23\NeuralTextures\448_361.mp4,.mp4,1783484,already_compressed_or_media
data\train\archive (1)\FaceForensics++_C23\NeuralTextures\449_451.mp4,.mp4,1510538,already_compressed_or_media
data\train\archive (1)\FaceForensics++_C23\NeuralTextures\450_533.mp4,.mp4,4606072,already_compressed_or_media
data\train\archive (1)\FaceForensics++_C23\NeuralTextures\451_449.mp4,.mp4,1155130,already_compressed_or_media
data\train\archive (1)\FaceForensics++_C23\NeuralTextures\452_550.mp4,.mp4,791680,already_compressed_or_media
data\train\archive (1)\FaceForensics++_C23\NeuralTextures\453_402.mp4,.mp4,1565002,already_compressed_or_media
data\train\archive (1)\FaceForensics++_C23\NeuralTextures\454_527.mp4,.mp4,936291,already_compressed_or_media
data\train\archive (1)\FaceForensics++_C23\NeuralTextures\455_471.mp4,.mp4,1329233,already_compressed_or_media
data\train\archive (1)\FaceForensics++_C23\NeuralTextures\456_435.mp4,.mp4,2715029,already_compressed_or_media
data\train\archive (1)\FaceForensics++_C23\NeuralTextures\457_398.mp4,.mp4,1191293,already_compressed_or_media
data\train\archive (1)\FaceForensics++_C23\NeuralTextures\458_722.mp4,.mp4,750311,already_compressed_or_media
data\train\archive (1)\FaceForensics++_C23\NeuralTextures\459_430.mp4,.mp4,2998337,already_compressed_or_media
data\train\archive (1)\FaceForensics++_C23\NeuralTextures\460_678.mp4,.mp4,1648013,already_compressed_or_media
data\train\archive (1)\FaceForensics++_C23\NeuralTextures\461_250.mp4,.mp4,1970958,already_compressed_or_media
data\train\archive (1)\FaceForensics++_C23\NeuralTextures\462_467.mp4,.mp4,731871,already_compressed_or_media
data\train\archive (1)\FaceForensics++_C23\NeuralTextures\463_464.mp4,.mp4,815681,already_compressed_or_media
data\train\archive (1)\FaceForensics++_C23\NeuralTextures\464_463.mp4,.mp4,812363,already_compressed_or_media
data\train\archive (1)\FaceForensics++_C23\NeuralTextures\465_482.mp4,.mp4,1483660,already_compressed_or_media
data\train\archive (1)\FaceForensics++_C23\NeuralTextures\466_428.mp4,.mp4,1493759,already_compressed_or_media
data\train\archive (1)\FaceForensics++_C23\NeuralTextures\467_462.mp4,.mp4,782907,already_compressed_or_media
data\train\archive (1)\FaceForensics++_C23\NeuralTextures\468_470.mp4,.mp4,1204008,already_compressed_or_media
data\train\archive (1)\FaceForensics++_C23\NeuralTextures\469_481.mp4,.mp4,879861,already_compressed_or_media
data\train\archive (1)\FaceForensics++_C23\NeuralTextures\470_468.mp4,.mp4,702700,already_compressed_or_media
data\train\archive (1)\FaceForensics++_C23\NeuralTextures\471_455.mp4,.mp4,617176,already_compressed_or_media
data\train\archive (1)\FaceForensics++_C23\NeuralTextures\472_511.mp4,.mp4,325617,already_compressed_or_media
data\train\archive (1)\FaceForensics++_C23\NeuralTextures\473_366.mp4,.mp4,640044,already_compressed_or_media
data\train\archive (1)\FaceForensics++_C23\NeuralTextures\474_281.mp4,.mp4,1289696,already_compressed_or_media
data\train\archive (1)\FaceForensics++_C23\NeuralTextures\475_265.mp4,.mp4,1386529,already_compressed_or_media
data\train\archive (1)\FaceForensics++_C23\NeuralTextures\476_400.mp4,.mp4,1155633,already_compressed_or_media
data\train\archive (1)\FaceForensics++_C23\NeuralTextures\477_487.mp4,.mp4,1231114,already_compressed_or_media
data\train\archive (1)\FaceForensics++_C23\NeuralTextures\478_506.mp4,.mp4,787713,already_compressed_or_media
data\train\archive (1)\FaceForensics++_C23\NeuralTextures\479_706.mp4,.mp4,2665566,already_compressed_or_media
data\train\archive (1)\FaceForensics++_C23\NeuralTextures\480_389.mp4,.mp4,1469377,already_compressed_or_media
data\train\archive (1)\FaceForensics++_C23\NeuralTextures\481_469.mp4,.mp4,2583124,already_compressed_or_media
data\train\archive (1)\FaceForensics++_C23\NeuralTextures\482_465.mp4,.mp4,995256,already_compressed_or_media
data\train\archive (1)\FaceForensics++_C23\NeuralTextures\483_370.mp4,.mp4,1027796,already_compressed_or_media
data\train\archive (1)\FaceForensics++_C23\NeuralTextures\484_415.mp4,.mp4,388646,already_compressed_or_media
data\train\archive (1)\FaceForensics++_C23\NeuralTextures\485_425.mp4,.mp4,691737,already_compressed_or_media
data\train\archive (1)\FaceForensics++_C23\NeuralTextures\486_680.mp4,.mp4,481842,already_compressed_or_media
data\train\archive (1)\FaceForensics++_C23\NeuralTextures\487_477.mp4,.mp4,1680412,already_compressed_or_media
data\train\archive (1)\FaceForensics++_C23\NeuralTextures\488_399.mp4,.mp4,944027,already_compressed_or_media
data\train\archive (1)\FaceForensics++_C23\NeuralTextures\489_022.mp4,.mp4,1799571,already_compressed_or_media
data\train\archive (1)\FaceForensics++_C23\NeuralTextures\490_534.mp4,.mp4,3345728,already_compressed_or_media
data\train\archive (1)\FaceForensics++_C23\NeuralTextures\491_226.mp4,.mp4,3397914,already_compressed_or_media
data\train\archive (1)\FaceForensics++_C23\NeuralTextures\492_325.mp4,.mp4,1415986,already_compressed_or_media
data\train\archive (1)\FaceForensics++_C23\NeuralTextures\493_538.mp4,.mp4,962628,already_compressed_or_media
data\train\archive (1)\FaceForensics++_C23\NeuralTextures\494_445.mp4,.mp4,3463043,already_compressed_or_media
data\train\archive (1)\FaceForensics++_C23\NeuralTextures\495_512.mp4,.mp4,1098006,already_compressed_or_media
data\train\archive (1)\FaceForensics++_C23\NeuralTextures\496_417.mp4,.mp4,1193632,already_compressed_or_media
data\train\archive (1)\FaceForensics++_C23\NeuralTextures\497_403.mp4,.mp4,1340790,already_compressed_or_media
data\train\archive (1)\FaceForensics++_C23\NeuralTextures\498_433.mp4,.mp4,917176,already_compressed_or_media
data\train\archive (1)\FaceForensics++_C23\NeuralTextures\499_539.mp4,.mp4,1523558,already_compressed_or_media
data\train\archive (1)\FaceForensics++_C23\NeuralTextures\500_592.mp4,.mp4,2743695,already_compressed_or_media
data\train\archive (1)\FaceForensics++_C23\NeuralTextures\501_326.mp4,.mp4,715462,already_compressed_or_media
data\train\archive (1)\FaceForensics++_C23\NeuralTextures\502_504.mp4,.mp4,1730485,already_compressed_or_media
data\train\archive (1)\FaceForensics++_C23\NeuralTextures\503_756.mp4,.mp4,750587,already_compressed_or_media
data\train\archive (1)\FaceForensics++_C23\NeuralTextures\504_502.mp4,.mp4,1017551,already_compressed_or_media
data\train\archive (1)\FaceForensics++_C23\NeuralTextures\505_600.mp4,.mp4,351176,already_compressed_or_media
data\train\archive (1)\FaceForensics++_C23\NeuralTextures\506_478.mp4,.mp4,1301581,already_compressed_or_media
data\train\archive (1)\FaceForensics++_C23\NeuralTextures\507_418.mp4,.mp4,4989679,already_compressed_or_media
data\train\archive (1)\FaceForensics++_C23\NeuralTextures\508_831.mp4,.mp4,2400892,already_compressed_or_media
data\train\archive (1)\FaceForensics++_C23\NeuralTextures\509_525.mp4,.mp4,1806735,already_compressed_or_media
data\train\archive (1)\FaceForensics++_C23\NeuralTextures\510_528.mp4,.mp4,1485563,already_compressed_or_media
data\train\archive (1)\FaceForensics++_C23\NeuralTextures\511_472.mp4,.mp4,866648,already_compressed_or_media
data\train\archive (1)\FaceForensics++_C23\NeuralTextures\512_495.mp4,.mp4,1167800,already_compressed_or_media
data\train\archive (1)\FaceForensics++_C23\NeuralTextures\513_305.mp4,.mp4,2747014,already_compressed_or_media
data\train\archive (1)\FaceForensics++_C23\NeuralTextures\514_443.mp4,.mp4,836364,already_compressed_or_media
data\train\archive (1)\FaceForensics++_C23\NeuralTextures\515_519.mp4,.mp4,1884446,already_compressed_or_media
data\train\archive (1)\FaceForensics++_C23\NeuralTextures\516_555.mp4,.mp4,3050979,already_compressed_or_media
data\train\archive (1)\FaceForensics++_C23\NeuralTextures\517_521.mp4,.mp4,520354,already_compressed_or_media
data\train\archive (1)\FaceForensics++_C23\NeuralTextures\518_131.mp4,.mp4,732956,already_compressed_or_media
data\train\archive (1)\FaceForensics++_C23\NeuralTextures\519_515.mp4,.mp4,2296281,already_compressed_or_media
data\train\archive (1)\FaceForensics++_C23\NeuralTextures\520_542.mp4,.mp4,1354586,already_compressed_or_media
data\train\archive (1)\FaceForensics++_C23\NeuralTextures\521_517.mp4,.mp4,607347,already_compressed_or_media
data\train\archive (1)\FaceForensics++_C23\NeuralTextures\522_337.mp4,.mp4,503855,already_compressed_or_media
data\train\archive (1)\FaceForensics++_C23\NeuralTextures\523_541.mp4,.mp4,861474,already_compressed_or_media
data\train\archive (1)\FaceForensics++_C23\NeuralTextures\524_580.mp4,.mp4,487855,already_compressed_or_media
data\train\archive (1)\FaceForensics++_C23\NeuralTextures\525_509.mp4,.mp4,587433,already_compressed_or_media
data\train\archive (1)\FaceForensics++_C23\NeuralTextures\526_436.mp4,.mp4,1876465,already_compressed_or_media
data\train\archive (1)\FaceForensics++_C23\NeuralTextures\527_454.mp4,.mp4,849753,already_compressed_or_media
data\train\archive (1)\FaceForensics++_C23\NeuralTextures\528_510.mp4,.mp4,1164225,already_compressed_or_media
data\train\archive (1)\FaceForensics++_C23\NeuralTextures\529_633.mp4,.mp4,3249472,already_compressed_or_media
data\train\archive (1)\FaceForensics++_C23\NeuralTextures\530_594.mp4,.mp4,1533153,already_compressed_or_media
data\train\archive (1)\FaceForensics++_C23\NeuralTextures\531_549.mp4,.mp4,834812,already_compressed_or_media
data\train\archive (1)\FaceForensics++_C23\NeuralTextures\532_544.mp4,.mp4,1151307,already_compressed_or_media
data\train\archive (1)\FaceForensics++_C23\NeuralTextures\533_450.mp4,.mp4,3557337,already_compressed_or_media
data\train\archive (1)\FaceForensics++_C23\NeuralTextures\534_490.mp4,.mp4,1620467,already_compressed_or_media
data\train\archive (1)\FaceForensics++_C23\NeuralTextures\535_587.mp4,.mp4,826213,already_compressed_or_media
data\train\archive (1)\FaceForensics++_C23\NeuralTextures\536_540.mp4,.mp4,1998101,already_compressed_or_media
data\train\archive (1)\FaceForensics++_C23\NeuralTextures\537_563.mp4,.mp4,2041171,already_compressed_or_media
data\train\archive (1)\FaceForensics++_C23\NeuralTextures\538_493.mp4,.mp4,795723,already_compressed_or_media
data\train\archive (1)\FaceForensics++_C23\NeuralTextures\539_499.mp4,.mp4,417967,already_compressed_or_media
data\train\archive (1)\FaceForensics++_C23\NeuralTextures\540_536.mp4,.mp4,1607311,already_compressed_or_media
data\train\archive (1)\FaceForensics++_C23\NeuralTextures\541_523.mp4,.mp4,401877,already_compressed_or_media
data\train\archive (1)\FaceForensics++_C23\NeuralTextures\542_520.mp4,.mp4,1145797,already_compressed_or_media
data\train\archive (1)\FaceForensics++_C23\NeuralTextures\543_559.mp4,.mp4,605175,already_compressed_or_media
data\train\archive (1)\FaceForensics++_C23\NeuralTextures\544_532.mp4,.mp4,1611536,already_compressed_or_media
data\train\archive (1)\FaceForensics++_C23\NeuralTextures\545_553.mp4,.mp4,803238,already_compressed_or_media
data\train\archive (1)\FaceForensics++_C23\NeuralTextures\546_621.mp4,.mp4,526918,already_compressed_or_media
data\train\archive (1)\FaceForensics++_C23\NeuralTextures\547_574.mp4,.mp4,3794385,already_compressed_or_media
data\train\archive (1)\FaceForensics++_C23\NeuralTextures\548_632.mp4,.mp4,1909875,already_compressed_or_media
data\train\archive (1)\FaceForensics++_C23\NeuralTextures\549_531.mp4,.mp4,7228192,already_compressed_or_media
data\train\archive (1)\FaceForensics++_C23\NeuralTextures\550_452.mp4,.mp4,633576,already_compressed_or_media
data\train\archive (1)\FaceForensics++_C23\NeuralTextures\551_631.mp4,.mp4,3029064,already_compressed_or_media
data\train\archive (1)\FaceForensics++_C23\NeuralTextures\552_851.mp4,.mp4,1290727,already_compressed_or_media
data\train\archive (1)\FaceForensics++_C23\NeuralTextures\553_545.mp4,.mp4,501921,already_compressed_or_media
data\train\archive (1)\FaceForensics++_C23\NeuralTextures\554_572.mp4,.mp4,1140807,already_compressed_or_media
data\train\archive (1)\FaceForensics++_C23\NeuralTextures\555_516.mp4,.mp4,4254974,already_compressed_or_media
data\train\archive (1)\FaceForensics++_C23\NeuralTextures\556_588.mp4,.mp4,516411,already_compressed_or_media
data\train\archive (1)\FaceForensics++_C23\NeuralTextures\557_560.mp4,.mp4,723673,already_compressed_or_media
data\train\archive (1)\FaceForensics++_C23\NeuralTextures\558_583.mp4,.mp4,2944242,already_compressed_or_media
data\train\archive (1)\FaceForensics++_C23\NeuralTextures\559_543.mp4,.mp4,2397216,already_compressed_or_media
data\train\archive (1)\FaceForensics++_C23\NeuralTextures\560_557.mp4,.mp4,409216,already_compressed_or_media
data\train\archive (1)\FaceForensics++_C23\NeuralTextures\561_998.mp4,.mp4,2590964,already_compressed_or_media
data\train\archive (1)\FaceForensics++_C23\NeuralTextures\562_626.mp4,.mp4,3029850,already_compressed_or_media
data\train\archive (1)\FaceForensics++_C23\NeuralTextures\563_537.mp4,.mp4,599179,already_compressed_or_media
data\train\archive (1)\FaceForensics++_C23\NeuralTextures\564_971.mp4,.mp4,2189093,already_compressed_or_media
data\train\archive (1)\FaceForensics++_C23\NeuralTextures\565_589.mp4,.mp4,860802,already_compressed_or_media
data\train\archive (1)\FaceForensics++_C23\NeuralTextures\566_617.mp4,.mp4,1438159,already_compressed_or_media
data\train\archive (1)\FaceForensics++_C23\NeuralTextures\567_606.mp4,.mp4,622335,already_compressed_or_media
data\train\archive (1)\FaceForensics++_C23\NeuralTextures\568_628.mp4,.mp4,982558,already_compressed_or_media
data\train\archive (1)\FaceForensics++_C23\NeuralTextures\569_921.mp4,.mp4,2696291,already_compressed_or_media
data\train\archive (1)\FaceForensics++_C23\NeuralTextures\570_624.mp4,.mp4,1520795,already_compressed_or_media
data\train\archive (1)\FaceForensics++_C23\NeuralTextures\571_746.mp4,.mp4,2580003,already_compressed_or_media
data\train\archive (1)\FaceForensics++_C23\NeuralTextures\572_554.mp4,.mp4,1439497,already_compressed_or_media
data\train\archive (1)\FaceForensics++_C23\NeuralTextures\573_757.mp4,.mp4,2175031,already_compressed_or_media
data\train\archive (1)\FaceForensics++_C23\NeuralTextures\574_547.mp4,.mp4,853563,already_compressed_or_media
data\train\archive (1)\FaceForensics++_C23\NeuralTextures\575_603.mp4,.mp4,1670629,already_compressed_or_media
data\train\archive (1)\FaceForensics++_C23\NeuralTextures\576_155.mp4,.mp4,2930429,already_compressed_or_media
data\train\archive (1)\FaceForensics++_C23\NeuralTextures\577_593.mp4,.mp4,2349291,already_compressed_or_media
data\train\archive (1)\FaceForensics++_C23\NeuralTextures\578_636.mp4,.mp4,1071745,already_compressed_or_media
data\train\archive (1)\FaceForensics++_C23\NeuralTextures\579_701.mp4,.mp4,2748117,already_compressed_or_media
data\train\archive (1)\FaceForensics++_C23\NeuralTextures\580_524.mp4,.mp4,1109511,already_compressed_or_media
data\train\archive (1)\FaceForensics++_C23\NeuralTextures\581_697.mp4,.mp4,4361206,already_compressed_or_media
data\train\archive (1)\FaceForensics++_C23\NeuralTextures\582_172.mp4,.mp4,1864190,already_compressed_or_media
data\train\archive (1)\FaceForensics++_C23\NeuralTextures\583_558.mp4,.mp4,1711188,already_compressed_or_media
data\train\archive (1)\FaceForensics++_C23\NeuralTextures\584_823.mp4,.mp4,1924289,already_compressed_or_media
data\train\archive (1)\FaceForensics++_C23\NeuralTextures\585_599.mp4,.mp4,1559677,already_compressed_or_media
data\train\archive (1)\FaceForensics++_C23\NeuralTextures\586_223.mp4,.mp4,3198607,already_compressed_or_media
data\train\archive (1)\FaceForensics++_C23\NeuralTextures\587_535.mp4,.mp4,933918,already_compressed_or_media
data\train\archive (1)\FaceForensics++_C23\NeuralTextures\588_556.mp4,.mp4,621985,already_compressed_or_media
data\train\archive (1)\FaceForensics++_C23\NeuralTextures\589_565.mp4,.mp4,939447,already_compressed_or_media
data\train\archive (1)\FaceForensics++_C23\NeuralTextures\590_034.mp4,.mp4,4352812,already_compressed_or_media
data\train\archive (1)\FaceForensics++_C23\NeuralTextures\591_605.mp4,.mp4,2760632,already_compressed_or_media
data\train\archive (1)\FaceForensics++_C23\NeuralTextures\592_500.mp4,.mp4,494360,already_compressed_or_media
data\train\archive (1)\FaceForensics++_C23\NeuralTextures\593_577.mp4,.mp4,2615329,already_compressed_or_media
data\train\archive (1)\FaceForensics++_C23\NeuralTextures\594_530.mp4,.mp4,1076776,already_compressed_or_media
data\train\archive (1)\FaceForensics++_C23\NeuralTextures\595_597.mp4,.mp4,1111095,already_compressed_or_media
data\train\archive (1)\FaceForensics++_C23\NeuralTextures\596_609.mp4,.mp4,962512,already_compressed_or_media
data\train\archive (1)\FaceForensics++_C23\NeuralTextures\597_595.mp4,.mp4,486353,already_compressed_or_media
data\train\archive (1)\FaceForensics++_C23\NeuralTextures\598_178.mp4,.mp4,497132,already_compressed_or_media
data\train\archive (1)\FaceForensics++_C23\NeuralTextures\599_585.mp4,.mp4,1785142,already_compressed_or_media
data\train\archive (1)\FaceForensics++_C23\NeuralTextures\600_505.mp4,.mp4,939211,already_compressed_or_media
data\train\archive (1)\FaceForensics++_C23\NeuralTextures\601_653.mp4,.mp4,528158,already_compressed_or_media
data\train\archive (1)\FaceForensics++_C23\NeuralTextures\602_397.mp4,.mp4,3313562,already_compressed_or_media
data\train\archive (1)\FaceForensics++_C23\NeuralTextures\603_575.mp4,.mp4,1137630,already_compressed_or_media
data\train\archive (1)\FaceForensics++_C23\NeuralTextures\604_703.mp4,.mp4,1158781,already_compressed_or_media
data\train\archive (1)\FaceForensics++_C23\NeuralTextures\605_591.mp4,.mp4,857521,already_compressed_or_media
data\train\archive (1)\FaceForensics++_C23\NeuralTextures\606_567.mp4,.mp4,465097,already_compressed_or_media
data\train\archive (1)\FaceForensics++_C23\NeuralTextures\607_683.mp4,.mp4,2476854,already_compressed_or_media
data\train\archive (1)\FaceForensics++_C23\NeuralTextures\608_675.mp4,.mp4,604476,already_compressed_or_media
data\train\archive (1)\FaceForensics++_C23\NeuralTextures\609_596.mp4,.mp4,1593436,already_compressed_or_media
data\train\archive (1)\FaceForensics++_C23\NeuralTextures\610_692.mp4,.mp4,1707645,already_compressed_or_media
data\train\archive (1)\FaceForensics++_C23\NeuralTextures\611_760.mp4,.mp4,391153,already_compressed_or_media
data\train\archive (1)\FaceForensics++_C23\NeuralTextures\612_702.mp4,.mp4,2046360,already_compressed_or_media
data\train\archive (1)\FaceForensics++_C23\NeuralTextures\613_685.mp4,.mp4,1295121,already_compressed_or_media
data\train\archive (1)\FaceForensics++_C23\NeuralTextures\614_616.mp4,.mp4,2104022,already_compressed_or_media
data\train\archive (1)\FaceForensics++_C23\NeuralTextures\615_687.mp4,.mp4,1779093,already_compressed_or_media
data\train\archive (1)\FaceForensics++_C23\NeuralTextures\616_614.mp4,.mp4,1179670,already_compressed_or_media
data\train\archive (1)\FaceForensics++_C23\NeuralTextures\617_566.mp4,.mp4,606513,already_compressed_or_media
data\train\archive (1)\FaceForensics++_C23\NeuralTextures\618_629.mp4,.mp4,2011183,already_compressed_or_media
data\train\archive (1)\FaceForensics++_C23\NeuralTextures\619_620.mp4,.mp4,995453,already_compressed_or_media
data\train\archive (1)\FaceForensics++_C23\NeuralTextures\620_619.mp4,.mp4,2322030,already_compressed_or_media
data\train\archive (1)\FaceForensics++_C23\NeuralTextures\621_546.mp4,.mp4,1681291,already_compressed_or_media
data\train\archive (1)\FaceForensics++_C23\NeuralTextures\622_647.mp4,.mp4,1124044,already_compressed_or_media
data\train\archive (1)\FaceForensics++_C23\NeuralTextures\623_630.mp4,.mp4,664169,already_compressed_or_media
data\train\archive (1)\FaceForensics++_C23\NeuralTextures\624_570.mp4,.mp4,1345224,already_compressed_or_media
data\train\archive (1)\FaceForensics++_C23\NeuralTextures\625_650.mp4,.mp4,617394,already_compressed_or_media
data\train\archive (1)\FaceForensics++_C23\NeuralTextures\626_562.mp4,.mp4,995189,already_compressed_or_media
data\train\archive (1)\FaceForensics++_C23\NeuralTextures\627_658.mp4,.mp4,832629,already_compressed_or_media
data\train\archive (1)\FaceForensics++_C23\NeuralTextures\628_568.mp4,.mp4,838747,already_compressed_or_media
data\train\archive (1)\FaceForensics++_C23\NeuralTextures\629_618.mp4,.mp4,1511099,already_compressed_or_media
data\train\archive (1)\FaceForensics++_C23\NeuralTextures\630_623.mp4,.mp4,1141316,already_compressed_or_media
data\train\archive (1)\FaceForensics++_C23\NeuralTextures\631_551.mp4,.mp4,1067713,already_compressed_or_media
data\train\archive (1)\FaceForensics++_C23\NeuralTextures\632_548.mp4,.mp4,3947707,already_compressed_or_media
data\train\archive (1)\FaceForensics++_C23\NeuralTextures\633_529.mp4,.mp4,1400835,already_compressed_or_media
data\train\archive (1)\FaceForensics++_C23\NeuralTextures\634_660.mp4,.mp4,1474142,already_compressed_or_media
data\train\archive (1)\FaceForensics++_C23\NeuralTextures\635_642.mp4,.mp4,1181476,already_compressed_or_media
data\train\archive (1)\FaceForensics++_C23\NeuralTextures\636_578.mp4,.mp4,545534,already_compressed_or_media
data\train\archive (1)\FaceForensics++_C23\NeuralTextures\637_427.mp4,.mp4,1093965,already_compressed_or_media
data\train\archive (1)\FaceForensics++_C23\NeuralTextures\638_640.mp4,.mp4,1289752,already_compressed_or_media
data\train\archive (1)\FaceForensics++_C23\NeuralTextures\639_841.mp4,.mp4,2083249,already_compressed_or_media
data\train\archive (1)\FaceForensics++_C23\NeuralTextures\640_638.mp4,.mp4,1338566,already_compressed_or_media
data\train\archive (1)\FaceForensics++_C23\NeuralTextures\641_662.mp4,.mp4,2467301,already_compressed_or_media
data\train\archive (1)\FaceForensics++_C23\NeuralTextures\642_635.mp4,.mp4,1607367,already_compressed_or_media
data\train\archive (1)\FaceForensics++_C23\NeuralTextures\643_646.mp4,.mp4,1501739,already_compressed_or_media
data\train\archive (1)\FaceForensics++_C23\NeuralTextures\644_657.mp4,.mp4,868895,already_compressed_or_media
data\train\archive (1)\FaceForensics++_C23\NeuralTextures\645_688.mp4,.mp4,6525629,already_compressed_or_media
data\train\archive (1)\FaceForensics++_C23\NeuralTextures\646_643.mp4,.mp4,452968,already_compressed_or_media
data\train\archive (1)\FaceForensics++_C23\NeuralTextures\647_622.mp4,.mp4,2655371,already_compressed_or_media
data\train\archive (1)\FaceForensics++_C23\NeuralTextures\648_654.mp4,.mp4,1206175,already_compressed_or_media
data\train\archive (1)\FaceForensics++_C23\NeuralTextures\649_816.mp4,.mp4,1493564,already_compressed_or_media
data\train\archive (1)\FaceForensics++_C23\NeuralTextures\650_625.mp4,.mp4,419380,already_compressed_or_media
data\train\archive (1)\FaceForensics++_C23\NeuralTextures\651_835.mp4,.mp4,2342950,already_compressed_or_media
data\train\archive (1)\FaceForensics++_C23\NeuralTextures\652_773.mp4,.mp4,1710936,already_compressed_or_media
data\train\archive (1)\FaceForensics++_C23\NeuralTextures\653_601.mp4,.mp4,703568,already_compressed_or_media
data\train\archive (1)\FaceForensics++_C23\NeuralTextures\654_648.mp4,.mp4,746015,already_compressed_or_media
data\train\archive (1)\FaceForensics++_C23\NeuralTextures\655_444.mp4,.mp4,1184577,already_compressed_or_media
data\train\archive (1)\FaceForensics++_C23\NeuralTextures\656_666.mp4,.mp4,551000,already_compressed_or_media
data\train\archive (1)\FaceForensics++_C23\NeuralTextures\657_644.mp4,.mp4,1202021,already_compressed_or_media
data\train\archive (1)\FaceForensics++_C23\NeuralTextures\658_627.mp4,.mp4,553979,already_compressed_or_media
data\train\archive (1)\FaceForensics++_C23\NeuralTextures\659_749.mp4,.mp4,977606,already_compressed_or_media
data\train\archive (1)\FaceForensics++_C23\NeuralTextures\660_634.mp4,.mp4,3835304,already_compressed_or_media
data\train\archive (1)\FaceForensics++_C23\NeuralTextures\661_670.mp4,.mp4,3023467,already_compressed_or_media
data\train\archive (1)\FaceForensics++_C23\NeuralTextures\662_641.mp4,.mp4,2049844,already_compressed_or_media
data\train\archive (1)\FaceForensics++_C23\NeuralTextures\663_231.mp4,.mp4,514372,already_compressed_or_media
data\train\archive (1)\FaceForensics++_C23\NeuralTextures\664_668.mp4,.mp4,1247381,already_compressed_or_media
data\train\archive (1)\FaceForensics++_C23\NeuralTextures\665_679.mp4,.mp4,349614,already_compressed_or_media
data\train\archive (1)\FaceForensics++_C23\NeuralTextures\666_656.mp4,.mp4,595553,already_compressed_or_media
data\train\archive (1)\FaceForensics++_C23\NeuralTextures\667_446.mp4,.mp4,5951285,already_compressed_or_media
data\train\archive (1)\FaceForensics++_C23\NeuralTextures\668_664.mp4,.mp4,691584,already_compressed_or_media
data\train\archive (1)\FaceForensics++_C23\NeuralTextures\669_682.mp4,.mp4,390715,already_compressed_or_media
data\train\archive (1)\FaceForensics++_C23\NeuralTextures\670_661.mp4,.mp4,868117,already_compressed_or_media
data\train\archive (1)\FaceForensics++_C23\NeuralTextures\671_677.mp4,.mp4,1410930,already_compressed_or_media
data\train\archive (1)\FaceForensics++_C23\NeuralTextures\672_720.mp4,.mp4,1798783,already_compressed_or_media
data\train\archive (1)\FaceForensics++_C23\NeuralTextures\673_728.mp4,.mp4,1065539,already_compressed_or_media
data\train\archive (1)\FaceForensics++_C23\NeuralTextures\674_744.mp4,.mp4,702957,already_compressed_or_media
data\train\archive (1)\FaceForensics++_C23\NeuralTextures\675_608.mp4,.mp4,1213041,already_compressed_or_media
data\train\archive (1)\FaceForensics++_C23\NeuralTextures\676_776.mp4,.mp4,1302706,already_compressed_or_media
data\train\archive (1)\FaceForensics++_C23\NeuralTextures\677_671.mp4,.mp4,1586519,already_compressed_or_media
data\train\archive (1)\FaceForensics++_C23\NeuralTextures\678_460.mp4,.mp4,4561017,already_compressed_or_media
data\train\archive (1)\FaceForensics++_C23\NeuralTextures\679_665.mp4,.mp4,490780,already_compressed_or_media
data\train\archive (1)\FaceForensics++_C23\NeuralTextures\680_486.mp4,.mp4,489559,already_compressed_or_media
data\train\archive (1)\FaceForensics++_C23\NeuralTextures\681_711.mp4,.mp4,1113919,already_compressed_or_media
data\train\archive (1)\FaceForensics++_C23\NeuralTextures\682_669.mp4,.mp4,729245,already_compressed_or_media
data\train\archive (1)\FaceForensics++_C23\NeuralTextures\683_607.mp4,.mp4,2185145,already_compressed_or_media
data\train\archive (1)\FaceForensics++_C23\NeuralTextures\684_717.mp4,.mp4,3354291,already_compressed_or_media
data\train\archive (1)\FaceForensics++_C23\NeuralTextures\685_613.mp4,.mp4,1618706,already_compressed_or_media
data\train\archive (1)\FaceForensics++_C23\NeuralTextures\686_696.mp4,.mp4,1096515,already_compressed_or_media
data\train\archive (1)\FaceForensics++_C23\NeuralTextures\687_615.mp4,.mp4,1455462,already_compressed_or_media
data\train\archive (1)\FaceForensics++_C23\NeuralTextures\688_645.mp4,.mp4,2947569,already_compressed_or_media
data\train\archive (1)\FaceForensics++_C23\NeuralTextures\689_690.mp4,.mp4,582229,already_compressed_or_media
data\train\archive (1)\FaceForensics++_C23\NeuralTextures\690_689.mp4,.mp4,679690,already_compressed_or_media
data\train\archive (1)\FaceForensics++_C23\NeuralTextures\691_732.mp4,.mp4,1508367,already_compressed_or_media
data\train\archive (1)\FaceForensics++_C23\NeuralTextures\692_610.mp4,.mp4,2319003,already_compressed_or_media
data\train\archive (1)\FaceForensics++_C23\NeuralTextures\693_698.mp4,.mp4,807299,already_compressed_or_media
data\train\archive (1)\FaceForensics++_C23\NeuralTextures\694_767.mp4,.mp4,800934,already_compressed_or_media
data\train\archive (1)\FaceForensics++_C23\NeuralTextures\695_422.mp4,.mp4,2786599,already_compressed_or_media
data\train\archive (1)\FaceForensics++_C23\NeuralTextures\696_686.mp4,.mp4,601124,already_compressed_or_media
data\train\archive (1)\FaceForensics++_C23\NeuralTextures\697_581.mp4,.mp4,1746684,already_compressed_or_media
data\train\archive (1)\FaceForensics++_C23\NeuralTextures\698_693.mp4,.mp4,420200,already_compressed_or_media
data\train\archive (1)\FaceForensics++_C23\NeuralTextures\699_734.mp4,.mp4,619794,already_compressed_or_media
data\train\archive (1)\FaceForensics++_C23\NeuralTextures\700_813.mp4,.mp4,1323210,already_compressed_or_media
data\train\archive (1)\FaceForensics++_C23\NeuralTextures\701_579.mp4,.mp4,2988822,already_compressed_or_media
data\train\archive (1)\FaceForensics++_C23\NeuralTextures\702_612.mp4,.mp4,2598172,already_compressed_or_media
data\train\archive (1)\FaceForensics++_C23\NeuralTextures\703_604.mp4,.mp4,1456305,already_compressed_or_media
data\train\archive (1)\FaceForensics++_C23\NeuralTextures\704_723.mp4,.mp4,654581,already_compressed_or_media
data\train\archive (1)\FaceForensics++_C23\NeuralTextures\705_707.mp4,.mp4,614358,already_compressed_or_media
data\train\archive (1)\FaceForensics++_C23\NeuralTextures\706_479.mp4,.mp4,2958394,already_compressed_or_media
data\train\archive (1)\FaceForensics++_C23\NeuralTextures\707_705.mp4,.mp4,1090767,already_compressed_or_media
data\train\archive (1)\FaceForensics++_C23\NeuralTextures\708_772.mp4,.mp4,2944956,already_compressed_or_media
data\train\archive (1)\FaceForensics++_C23\NeuralTextures\709_390.mp4,.mp4,4605440,already_compressed_or_media
data\train\archive (1)\FaceForensics++_C23\NeuralTextures\710_788.mp4,.mp4,901231,already_compressed_or_media
data\train\archive (1)\FaceForensics++_C23\NeuralTextures\711_681.mp4,.mp4,2382826,already_compressed_or_media
data\train\archive (1)\FaceForensics++_C23\NeuralTextures\712_716.mp4,.mp4,2012278,already_compressed_or_media
data\train\archive (1)\FaceForensics++_C23\NeuralTextures\713_726.mp4,.mp4,5516008,already_compressed_or_media
data\train\archive (1)\FaceForensics++_C23\NeuralTextures\714_842.mp4,.mp4,2048496,already_compressed_or_media
data\train\archive (1)\FaceForensics++_C23\NeuralTextures\715_721.mp4,.mp4,816452,already_compressed_or_media
data\train\archive (1)\FaceForensics++_C23\NeuralTextures\716_712.mp4,.mp4,1234717,already_compressed_or_media
data\train\archive (1)\FaceForensics++_C23\NeuralTextures\717_684.mp4,.mp4,1485756,already_compressed_or_media
data\train\archive (1)\FaceForensics++_C23\NeuralTextures\718_972.mp4,.mp4,3259878,already_compressed_or_media
data\train\archive (1)\FaceForensics++_C23\NeuralTextures\719_737.mp4,.mp4,407244,already_compressed_or_media
data\train\archive (1)\FaceForensics++_C23\NeuralTextures\720_672.mp4,.mp4,821406,already_compressed_or_media
data\train\archive (1)\FaceForensics++_C23\NeuralTextures\721_715.mp4,.mp4,1038828,already_compressed_or_media
data\train\archive (1)\FaceForensics++_C23\NeuralTextures\722_458.mp4,.mp4,3944056,already_compressed_or_media
data\train\archive (1)\FaceForensics++_C23\NeuralTextures\723_704.mp4,.mp4,764772,already_compressed_or_media
data\train\archive (1)\FaceForensics++_C23\NeuralTextures\724_725.mp4,.mp4,9181307,already_compressed_or_media
data\train\archive (1)\FaceForensics++_C23\NeuralTextures\725_724.mp4,.mp4,2522368,already_compressed_or_media
data\train\archive (1)\FaceForensics++_C23\NeuralTextures\726_713.mp4,.mp4,4398929,already_compressed_or_media
data\train\archive (1)\FaceForensics++_C23\NeuralTextures\727_729.mp4,.mp4,883569,already_compressed_or_media
data\train\archive (1)\FaceForensics++_C23\NeuralTextures\728_673.mp4,.mp4,914747,already_compressed_or_media
data\train\archive (1)\FaceForensics++_C23\NeuralTextures\729_727.mp4,.mp4,945255,already_compressed_or_media
data\train\archive (1)\FaceForensics++_C23\NeuralTextures\730_815.mp4,.mp4,1696199,already_compressed_or_media
data\train\archive (1)\FaceForensics++_C23\NeuralTextures\731_741.mp4,.mp4,571161,already_compressed_or_media
data\train\archive (1)\FaceForensics++_C23\NeuralTextures\732_691.mp4,.mp4,1024402,already_compressed_or_media
data\train\archive (1)\FaceForensics++_C23\NeuralTextures\733_935.mp4,.mp4,2250011,already_compressed_or_media
data\train\archive (1)\FaceForensics++_C23\NeuralTextures\734_699.mp4,.mp4,896061,already_compressed_or_media
data\train\archive (1)\FaceForensics++_C23\NeuralTextures\735_774.mp4,.mp4,573013,already_compressed_or_media
data\train\archive (1)\FaceForensics++_C23\NeuralTextures\736_785.mp4,.mp4,911132,already_compressed_or_media
data\train\archive (1)\FaceForensics++_C23\NeuralTextures\737_719.mp4,.mp4,1161180,already_compressed_or_media
data\train\archive (1)\FaceForensics++_C23\NeuralTextures\738_804.mp4,.mp4,1978331,already_compressed_or_media
data\train\archive (1)\FaceForensics++_C23\NeuralTextures\739_865.mp4,.mp4,828737,already_compressed_or_media
data\train\archive (1)\FaceForensics++_C23\NeuralTextures\740_796.mp4,.mp4,1835339,already_compressed_or_media
data\train\archive (1)\FaceForensics++_C23\NeuralTextures\741_731.mp4,.mp4,482624,already_compressed_or_media
data\train\archive (1)\FaceForensics++_C23\NeuralTextures\742_775.mp4,.mp4,773669,already_compressed_or_media
data\train\archive (1)\FaceForensics++_C23\NeuralTextures\743_750.mp4,.mp4,1401003,already_compressed_or_media
data\train\archive (1)\FaceForensics++_C23\NeuralTextures\744_674.mp4,.mp4,1339412,already_compressed_or_media
data\train\archive (1)\FaceForensics++_C23\NeuralTextures\745_777.mp4,.mp4,478432,already_compressed_or_media
data\train\archive (1)\FaceForensics++_C23\NeuralTextures\746_571.mp4,.mp4,1851966,already_compressed_or_media
data\train\archive (1)\FaceForensics++_C23\NeuralTextures\747_854.mp4,.mp4,1280206,already_compressed_or_media
data\train\archive (1)\FaceForensics++_C23\NeuralTextures\748_355.mp4,.mp4,1583979,already_compressed_or_media
data\train\archive (1)\FaceForensics++_C23\NeuralTextures\749_659.mp4,.mp4,1012952,already_compressed_or_media
data\train\archive (1)\FaceForensics++_C23\NeuralTextures\750_743.mp4,.mp4,3738718,already_compressed_or_media
data\train\archive (1)\FaceForensics++_C23\NeuralTextures\751_752.mp4,.mp4,709288,already_compressed_or_media
data\train\archive (1)\FaceForensics++_C23\NeuralTextures\752_751.mp4,.mp4,2245816,already_compressed_or_media
data\train\archive (1)\FaceForensics++_C23\NeuralTextures\753_789.mp4,.mp4,5932021,already_compressed_or_media
data\train\archive (1)\FaceForensics++_C23\NeuralTextures\754_758.mp4,.mp4,1330256,already_compressed_or_media
data\train\archive (1)\FaceForensics++_C23\NeuralTextures\755_759.mp4,.mp4,440885,already_compressed_or_media
data\train\archive (1)\FaceForensics++_C23\NeuralTextures\756_503.mp4,.mp4,1484106,already_compressed_or_media
data\train\archive (1)\FaceForensics++_C23\NeuralTextures\757_573.mp4,.mp4,1445024,already_compressed_or_media
data\train\archive (1)\FaceForensics++_C23\NeuralTextures\758_754.mp4,.mp4,717561,already_compressed_or_media
data\train\archive (1)\FaceForensics++_C23\NeuralTextures\759_755.mp4,.mp4,4027260,already_compressed_or_media
data\train\archive (1)\FaceForensics++_C23\NeuralTextures\760_611.mp4,.mp4,876092,already_compressed_or_media
data\train\archive (1)\FaceForensics++_C23\NeuralTextures\761_766.mp4,.mp4,784170,already_compressed_or_media
data\train\archive (1)\FaceForensics++_C23\NeuralTextures\762_832.mp4,.mp4,893610,already_compressed_or_media
data\train\archive (1)\FaceForensics++_C23\NeuralTextures\763_930.mp4,.mp4,1545938,already_compressed_or_media
data\train\archive (1)\FaceForensics++_C23\NeuralTextures\764_850.mp4,.mp4,2281966,already_compressed_or_media
data\train\archive (1)\FaceForensics++_C23\NeuralTextures\765_867.mp4,.mp4,700456,already_compressed_or_media
data\train\archive (1)\FaceForensics++_C23\NeuralTextures\766_761.mp4,.mp4,392195,already_compressed_or_media
data\train\archive (1)\FaceForensics++_C23\NeuralTextures\767_694.mp4,.mp4,453488,already_compressed_or_media
data\train\archive (1)\FaceForensics++_C23\NeuralTextures\768_793.mp4,.mp4,1022772,already_compressed_or_media
data\train\archive (1)\FaceForensics++_C23\NeuralTextures\769_784.mp4,.mp4,2490852,already_compressed_or_media
data\train\archive (1)\FaceForensics++_C23\NeuralTextures\770_791.mp4,.mp4,1653657,already_compressed_or_media
data\train\archive (1)\FaceForensics++_C23\NeuralTextures\771_849.mp4,.mp4,391314,already_compressed_or_media
data\train\archive (1)\FaceForensics++_C23\NeuralTextures\772_708.mp4,.mp4,1499888,already_compressed_or_media
data\train\archive (1)\FaceForensics++_C23\NeuralTextures\773_652.mp4,.mp4,1369860,already_compressed_or_media
data\train\archive (1)\FaceForensics++_C23\NeuralTextures\774_735.mp4,.mp4,646153,already_compressed_or_media
data\train\archive (1)\FaceForensics++_C23\NeuralTextures\775_742.mp4,.mp4,793722,already_compressed_or_media
data\train\archive (1)\FaceForensics++_C23\NeuralTextures\776_676.mp4,.mp4,6646872,already_compressed_or_media
data\train\archive (1)\FaceForensics++_C23\NeuralTextures\777_745.mp4,.mp4,492821,already_compressed_or_media
data\train\archive (1)\FaceForensics++_C23\NeuralTextures\778_798.mp4,.mp4,1526748,already_compressed_or_media
data\train\archive (1)\FaceForensics++_C23\NeuralTextures\779_794.mp4,.mp4,1070985,already_compressed_or_media
data\train\archive (1)\FaceForensics++_C23\NeuralTextures\780_869.mp4,.mp4,1206304,already_compressed_or_media
data\train\archive (1)\FaceForensics++_C23\NeuralTextures\781_806.mp4,.mp4,538936,already_compressed_or_media
data\train\archive (1)\FaceForensics++_C23\NeuralTextures\782_787.mp4,.mp4,1486855,already_compressed_or_media
data\train\archive (1)\FaceForensics++_C23\NeuralTextures\783_916.mp4,.mp4,1441154,already_compressed_or_media
data\train\archive (1)\FaceForensics++_C23\NeuralTextures\784_769.mp4,.mp4,843480,already_compressed_or_media
data\train\archive (1)\FaceForensics++_C23\NeuralTextures\785_736.mp4,.mp4,1184722,already_compressed_or_media
data\train\archive (1)\FaceForensics++_C23\NeuralTextures\786_819.mp4,.mp4,11742457,already_compressed_or_media
data\train\archive (1)\FaceForensics++_C23\NeuralTextures\787_782.mp4,.mp4,1090665,already_compressed_or_media
data\train\archive (1)\FaceForensics++_C23\NeuralTextures\788_710.mp4,.mp4,1357209,already_compressed_or_media
data\train\archive (1)\FaceForensics++_C23\NeuralTextures\789_753.mp4,.mp4,6285771,already_compressed_or_media
data\train\archive (1)\FaceForensics++_C23\NeuralTextures\790_014.mp4,.mp4,2934305,already_compressed_or_media
data\train\archive (1)\FaceForensics++_C23\NeuralTextures\791_770.mp4,.mp4,543597,already_compressed_or_media
data\train\archive (1)\FaceForensics++_C23\NeuralTextures\792_903.mp4,.mp4,592618,already_compressed_or_media
data\train\archive (1)\FaceForensics++_C23\NeuralTextures\793_768.mp4,.mp4,2088422,already_compressed_or_media
data\train\archive (1)\FaceForensics++_C23\NeuralTextures\794_779.mp4,.mp4,1896695,already_compressed_or_media
data\train\archive (1)\FaceForensics++_C23\NeuralTextures\795_907.mp4,.mp4,1529988,already_compressed_or_media
data\train\archive (1)\FaceForensics++_C23\NeuralTextures\796_740.mp4,.mp4,1977833,already_compressed_or_media
data\train\archive (1)\FaceForensics++_C23\NeuralTextures\797_844.mp4,.mp4,487609,already_compressed_or_media
data\train\archive (1)\FaceForensics++_C23\NeuralTextures\798_778.mp4,.mp4,3005076,already_compressed_or_media
data\train\archive (1)\FaceForensics++_C23\NeuralTextures\799_809.mp4,.mp4,2072524,already_compressed_or_media
data\train\archive (1)\FaceForensics++_C23\NeuralTextures\800_840.mp4,.mp4,1467687,already_compressed_or_media
data\train\archive (1)\FaceForensics++_C23\NeuralTextures\801_855.mp4,.mp4,916280,already_compressed_or_media
data\train\archive (1)\FaceForensics++_C23\NeuralTextures\802_885.mp4,.mp4,420752,already_compressed_or_media
data\train\archive (1)\FaceForensics++_C23\NeuralTextures\803_017.mp4,.mp4,585256,already_compressed_or_media
data\train\archive (1)\FaceForensics++_C23\NeuralTextures\804_738.mp4,.mp4,952523,already_compressed_or_media
data\train\archive (1)\FaceForensics++_C23\NeuralTextures\805_011.mp4,.mp4,2349574,already_compressed_or_media
data\train\archive (1)\FaceForensics++_C23\NeuralTextures\806_781.mp4,.mp4,400313,already_compressed_or_media
data\train\archive (1)\FaceForensics++_C23\NeuralTextures\807_273.mp4,.mp4,3939704,already_compressed_or_media
data\train\archive (1)\FaceForensics++_C23\NeuralTextures\808_829.mp4,.mp4,2557539,already_compressed_or_media
data\train\archive (1)\FaceForensics++_C23\NeuralTextures\809_799.mp4,.mp4,875047,already_compressed_or_media
data\train\archive (1)\FaceForensics++_C23\NeuralTextures\810_838.mp4,.mp4,1801671,already_compressed_or_media
data\train\archive (1)\FaceForensics++_C23\NeuralTextures\811_920.mp4,.mp4,1861473,already_compressed_or_media
data\train\archive (1)\FaceForensics++_C23\NeuralTextures\812_821.mp4,.mp4,1016115,already_compressed_or_media
data\train\archive (1)\FaceForensics++_C23\NeuralTextures\813_700.mp4,.mp4,2161777,already_compressed_or_media
data\train\archive (1)\FaceForensics++_C23\NeuralTextures\814_871.mp4,.mp4,1390330,already_compressed_or_media
data\train\archive (1)\FaceForensics++_C23\NeuralTextures\815_730.mp4,.mp4,1550282,already_compressed_or_media
data\train\archive (1)\FaceForensics++_C23\NeuralTextures\816_649.mp4,.mp4,571989,already_compressed_or_media
data\train\archive (1)\FaceForensics++_C23\NeuralTextures\817_827.mp4,.mp4,1483849,already_compressed_or_media
data\train\archive (1)\FaceForensics++_C23\NeuralTextures\818_820.mp4,.mp4,1879010,already_compressed_or_media
data\train\archive (1)\FaceForensics++_C23\NeuralTextures\819_786.mp4,.mp4,4914396,already_compressed_or_media
data\train\archive (1)\FaceForensics++_C23\NeuralTextures\820_818.mp4,.mp4,1699112,already_compressed_or_media
data\train\archive (1)\FaceForensics++_C23\NeuralTextures\821_812.mp4,.mp4,858621,already_compressed_or_media
data\train\archive (1)\FaceForensics++_C23\NeuralTextures\822_244.mp4,.mp4,1957301,already_compressed_or_media
data\train\archive (1)\FaceForensics++_C23\NeuralTextures\823_584.mp4,.mp4,3233102,already_compressed_or_media
data\train\archive (1)\FaceForensics++_C23\NeuralTextures\824_419.mp4,.mp4,2318439,already_compressed_or_media
data\train\archive (1)\FaceForensics++_C23\NeuralTextures\825_074.mp4,.mp4,532027,already_compressed_or_media
data\train\archive (1)\FaceForensics++_C23\NeuralTextures\826_833.mp4,.mp4,1631108,already_compressed_or_media
data\train\archive (1)\FaceForensics++_C23\NeuralTextures\827_817.mp4,.mp4,510925,already_compressed_or_media
data\train\archive (1)\FaceForensics++_C23\NeuralTextures\828_830.mp4,.mp4,792777,already_compressed_or_media
data\train\archive (1)\FaceForensics++_C23\NeuralTextures\829_808.mp4,.mp4,3214274,already_compressed_or_media
data\train\archive (1)\FaceForensics++_C23\NeuralTextures\830_828.mp4,.mp4,567869,already_compressed_or_media
data\train\archive (1)\FaceForensics++_C23\NeuralTextures\831_508.mp4,.mp4,4277405,already_compressed_or_media
data\train\archive (1)\FaceForensics++_C23\NeuralTextures\832_762.mp4,.mp4,1033520,already_compressed_or_media
data\train\archive (1)\FaceForensics++_C23\NeuralTextures\833_826.mp4,.mp4,5470285,already_compressed_or_media
data\train\archive (1)\FaceForensics++_C23\NeuralTextures\834_852.mp4,.mp4,1038804,already_compressed_or_media
data\train\archive (1)\FaceForensics++_C23\NeuralTextures\835_651.mp4,.mp4,2637800,already_compressed_or_media
data\train\archive (1)\FaceForensics++_C23\NeuralTextures\836_950.mp4,.mp4,1160417,already_compressed_or_media
data\train\archive (1)\FaceForensics++_C23\NeuralTextures\837_890.mp4,.mp4,2142782,already_compressed_or_media
data\train\archive (1)\FaceForensics++_C23\NeuralTextures\838_810.mp4,.mp4,2515288,already_compressed_or_media
data\train\archive (1)\FaceForensics++_C23\NeuralTextures\839_864.mp4,.mp4,531051,already_compressed_or_media
data\train\archive (1)\FaceForensics++_C23\NeuralTextures\840_800.mp4,.mp4,504423,already_compressed_or_media
data\train\archive (1)\FaceForensics++_C23\NeuralTextures\841_639.mp4,.mp4,815668,already_compressed_or_media
data\train\archive (1)\FaceForensics++_C23\NeuralTextures\842_714.mp4,.mp4,1400420,already_compressed_or_media
data\train\archive (1)\FaceForensics++_C23\NeuralTextures\843_859.mp4,.mp4,401486,already_compressed_or_media
data\train\archive (1)\FaceForensics++_C23\NeuralTextures\844_797.mp4,.mp4,657510,already_compressed_or_media
data\train\archive (1)\FaceForensics++_C23\NeuralTextures\845_846.mp4,.mp4,583791,already_compressed_or_media
data\train\archive (1)\FaceForensics++_C23\NeuralTextures\846_845.mp4,.mp4,620864,already_compressed_or_media
data\train\archive (1)\FaceForensics++_C23\NeuralTextures\847_906.mp4,.mp4,1555934,already_compressed_or_media
data\train\archive (1)\FaceForensics++_C23\NeuralTextures\848_894.mp4,.mp4,4478499,already_compressed_or_media
data\train\archive (1)\FaceForensics++_C23\NeuralTextures\849_771.mp4,.mp4,1958221,already_compressed_or_media
data\train\archive (1)\FaceForensics++_C23\NeuralTextures\850_764.mp4,.mp4,575091,already_compressed_or_media
data\train\archive (1)\FaceForensics++_C23\NeuralTextures\851_552.mp4,.mp4,1323837,already_compressed_or_media
data\train\archive (1)\FaceForensics++_C23\NeuralTextures\852_834.mp4,.mp4,371927,already_compressed_or_media
data\train\archive (1)\FaceForensics++_C23\NeuralTextures\853_863.mp4,.mp4,2066155,already_compressed_or_media
data\train\archive (1)\FaceForensics++_C23\NeuralTextures\854_747.mp4,.mp4,1067792,already_compressed_or_media
data\train\archive (1)\FaceForensics++_C23\NeuralTextures\855_801.mp4,.mp4,1084412,already_compressed_or_media
data\train\archive (1)\FaceForensics++_C23\NeuralTextures\856_881.mp4,.mp4,2274859,already_compressed_or_media
data\train\archive (1)\FaceForensics++_C23\NeuralTextures\857_909.mp4,.mp4,1107414,already_compressed_or_media
data\train\archive (1)\FaceForensics++_C23\NeuralTextures\858_861.mp4,.mp4,457342,already_compressed_or_media
data\train\archive (1)\FaceForensics++_C23\NeuralTextures\859_843.mp4,.mp4,449336,already_compressed_or_media
data\train\archive (1)\FaceForensics++_C23\NeuralTextures\860_905.mp4,.mp4,2264305,already_compressed_or_media
data\train\archive (1)\FaceForensics++_C23\NeuralTextures\861_858.mp4,.mp4,1556134,already_compressed_or_media
data\train\archive (1)\FaceForensics++_C23\NeuralTextures\862_047.mp4,.mp4,1141738,already_compressed_or_media
data\train\archive (1)\FaceForensics++_C23\NeuralTextures\863_853.mp4,.mp4,2111558,already_compressed_or_media
data\train\archive (1)\FaceForensics++_C23\NeuralTextures\864_839.mp4,.mp4,754613,already_compressed_or_media
data\train\archive (1)\FaceForensics++_C23\NeuralTextures\865_739.mp4,.mp4,2440511,already_compressed_or_media
data\train\archive (1)\FaceForensics++_C23\NeuralTextures\866_878.mp4,.mp4,5258116,already_compressed_or_media
data\train\archive (1)\FaceForensics++_C23\NeuralTextures\867_765.mp4,.mp4,1209128,already_compressed_or_media
data\train\archive (1)\FaceForensics++_C23\NeuralTextures\868_949.mp4,.mp4,629567,already_compressed_or_media
data\train\archive (1)\FaceForensics++_C23\NeuralTextures\869_780.mp4,.mp4,4621268,already_compressed_or_media
data\train\archive (1)\FaceForensics++_C23\NeuralTextures\870_001.mp4,.mp4,2309258,already_compressed_or_media
data\train\archive (1)\FaceForensics++_C23\NeuralTextures\871_814.mp4,.mp4,958239,already_compressed_or_media
data\train\archive (1)\FaceForensics++_C23\NeuralTextures\872_873.mp4,.mp4,775510,already_compressed_or_media
data\train\archive (1)\FaceForensics++_C23\NeuralTextures\873_872.mp4,.mp4,1640867,already_compressed_or_media
data\train\archive (1)\FaceForensics++_C23\NeuralTextures\874_291.mp4,.mp4,2322500,already_compressed_or_media
data\train\archive (1)\FaceForensics++_C23\NeuralTextures\875_979.mp4,.mp4,1018956,already_compressed_or_media
data\train\archive (1)\FaceForensics++_C23\NeuralTextures\876_891.mp4,.mp4,900597,already_compressed_or_media
data\train\archive (1)\FaceForensics++_C23\NeuralTextures\877_886.mp4,.mp4,1645000,already_compressed_or_media
data\train\archive (1)\FaceForensics++_C23\NeuralTextures\878_866.mp4,.mp4,1620643,already_compressed_or_media
data\train\archive (1)\FaceForensics++_C23\NeuralTextures\879_963.mp4,.mp4,1344195,already_compressed_or_media
data\train\archive (1)\FaceForensics++_C23\NeuralTextures\880_135.mp4,.mp4,2652058,already_compressed_or_media
data\train\archive (1)\FaceForensics++_C23\NeuralTextures\881_856.mp4,.mp4,1107714,already_compressed_or_media
data\train\archive (1)\FaceForensics++_C23\NeuralTextures\882_952.mp4,.mp4,4655459,already_compressed_or_media
data\train\archive (1)\FaceForensics++_C23\NeuralTextures\883_013.mp4,.mp4,1905990,already_compressed_or_media
data\train\archive (1)\FaceForensics++_C23\NeuralTextures\884_968.mp4,.mp4,1746226,already_compressed_or_media
data\train\archive (1)\FaceForensics++_C23\NeuralTextures\885_802.mp4,.mp4,563715,already_compressed_or_media
data\train\archive (1)\FaceForensics++_C23\NeuralTextures\886_877.mp4,.mp4,883070,already_compressed_or_media
data\train\archive (1)\FaceForensics++_C23\NeuralTextures\887_275.mp4,.mp4,655848,already_compressed_or_media
data\train\archive (1)\FaceForensics++_C23\NeuralTextures\888_937.mp4,.mp4,490930,already_compressed_or_media
data\train\archive (1)\FaceForensics++_C23\NeuralTextures\889_045.mp4,.mp4,6496492,already_compressed_or_media
data\train\archive (1)\FaceForensics++_C23\NeuralTextures\890_837.mp4,.mp4,607434,already_compressed_or_media
data\train\archive (1)\FaceForensics++_C23\NeuralTextures\891_876.mp4,.mp4,1318117,already_compressed_or_media
data\train\archive (1)\FaceForensics++_C23\NeuralTextures\892_112.mp4,.mp4,3189985,already_compressed_or_media
data\train\archive (1)\FaceForensics++_C23\NeuralTextures\893_913.mp4,.mp4,1075231,already_compressed_or_media
data\train\archive (1)\FaceForensics++_C23\NeuralTextures\894_848.mp4,.mp4,3112357,already_compressed_or_media
data\train\archive (1)\FaceForensics++_C23\NeuralTextures\895_915.mp4,.mp4,511212,already_compressed_or_media
data\train\archive (1)\FaceForensics++_C23\NeuralTextures\896_128.mp4,.mp4,533139,already_compressed_or_media
data\train\archive (1)\FaceForensics++_C23\NeuralTextures\897_969.mp4,.mp4,701280,already_compressed_or_media
data\train\archive (1)\FaceForensics++_C23\NeuralTextures\898_922.mp4,.mp4,549906,already_compressed_or_media
data\train\archive (1)\FaceForensics++_C23\NeuralTextures\899_914.mp4,.mp4,587832,already_compressed_or_media
data\train\archive (1)\FaceForensics++_C23\NeuralTextures\900_926.mp4,.mp4,813641,already_compressed_or_media
data\train\archive (1)\FaceForensics++_C23\NeuralTextures\901_902.mp4,.mp4,926898,already_compressed_or_media
data\train\archive (1)\FaceForensics++_C23\NeuralTextures\902_901.mp4,.mp4,799025,already_compressed_or_media
data\train\archive (1)\FaceForensics++_C23\NeuralTextures\903_792.mp4,.mp4,890769,already_compressed_or_media
data\train\archive (1)\FaceForensics++_C23\NeuralTextures\904_046.mp4,.mp4,3974828,already_compressed_or_media
data\train\archive (1)\FaceForensics++_C23\NeuralTextures\905_860.mp4,.mp4,1479540,already_compressed_or_media
data\train\archive (1)\FaceForensics++_C23\NeuralTextures\906_847.mp4,.mp4,1902763,already_compressed_or_media
data\train\archive (1)\FaceForensics++_C23\NeuralTextures\907_795.mp4,.mp4,1978560,already_compressed_or_media
data\train\archive (1)\FaceForensics++_C23\NeuralTextures\908_207.mp4,.mp4,3184721,already_compressed_or_media
data\train\archive (1)\FaceForensics++_C23\NeuralTextures\909_857.mp4,.mp4,634621,already_compressed_or_media
data\train\archive (1)\FaceForensics++_C23\NeuralTextures\910_911.mp4,.mp4,1082791,already_compressed_or_media
data\train\archive (1)\FaceForensics++_C23\NeuralTextures\911_910.mp4,.mp4,862140,already_compressed_or_media
data\train\archive (1)\FaceForensics++_C23\NeuralTextures\912_927.mp4,.mp4,1297419,already_compressed_or_media
data\train\archive (1)\FaceForensics++_C23\NeuralTextures\913_893.mp4,.mp4,786231,already_compressed_or_media
data\train\archive (1)\FaceForensics++_C23\NeuralTextures\914_899.mp4,.mp4,513089,already_compressed_or_media
data\train\archive (1)\FaceForensics++_C23\NeuralTextures\915_895.mp4,.mp4,1575536,already_compressed_or_media
data\train\archive (1)\FaceForensics++_C23\NeuralTextures\916_783.mp4,.mp4,2100841,already_compressed_or_media
data\train\archive (1)\FaceForensics++_C23\NeuralTextures\917_924.mp4,.mp4,1246196,already_compressed_or_media
data\train\archive (1)\FaceForensics++_C23\NeuralTextures\918_934.mp4,.mp4,1066745,already_compressed_or_media
data\train\archive (1)\FaceForensics++_C23\NeuralTextures\919_015.mp4,.mp4,545096,already_compressed_or_media
data\train\archive (1)\FaceForensics++_C23\NeuralTextures\920_811.mp4,.mp4,2921741,already_compressed_or_media
data\train\archive (1)\FaceForensics++_C23\NeuralTextures\921_569.mp4,.mp4,3693933,already_compressed_or_media
data\train\archive (1)\FaceForensics++_C23\NeuralTextures\922_898.mp4,.mp4,652239,already_compressed_or_media
data\train\archive (1)\FaceForensics++_C23\NeuralTextures\923_023.mp4,.mp4,3329080,already_compressed_or_media
data\train\archive (1)\FaceForensics++_C23\NeuralTextures\924_917.mp4,.mp4,759262,already_compressed_or_media
data\train\archive (1)\FaceForensics++_C23\NeuralTextures\925_933.mp4,.mp4,1399608,already_compressed_or_media
data\train\archive (1)\FaceForensics++_C23\NeuralTextures\926_900.mp4,.mp4,590118,already_compressed_or_media
data\train\archive (1)\FaceForensics++_C23\NeuralTextures\927_912.mp4,.mp4,859616,already_compressed_or_media
data\train\archive (1)\FaceForensics++_C23\NeuralTextures\928_160.mp4,.mp4,1758694,already_compressed_or_media
data\train\archive (1)\FaceForensics++_C23\NeuralTextures\929_962.mp4,.mp4,569065,already_compressed_or_media
data\train\archive (1)\FaceForensics++_C23\NeuralTextures\930_763.mp4,.mp4,1645960,already_compressed_or_media
data\train\archive (1)\FaceForensics++_C23\NeuralTextures\931_936.mp4,.mp4,726077,already_compressed_or_media
data\train\archive (1)\FaceForensics++_C23\NeuralTextures\932_384.mp4,.mp4,2829499,already_compressed_or_media
data\train\archive (1)\FaceForensics++_C23\NeuralTextures\933_925.mp4,.mp4,1295071,already_compressed_or_media
data\train\archive (1)\FaceForensics++_C23\NeuralTextures\934_918.mp4,.mp4,1473537,already_compressed_or_media
data\train\archive (1)\FaceForensics++_C23\NeuralTextures\935_733.mp4,.mp4,5373668,already_compressed_or_media
data\train\archive (1)\FaceForensics++_C23\NeuralTextures\936_931.mp4,.mp4,911828,already_compressed_or_media
data\train\archive (1)\FaceForensics++_C23\NeuralTextures\937_888.mp4,.mp4,802387,already_compressed_or_media
data\train\archive (1)\FaceForensics++_C23\NeuralTextures\938_987.mp4,.mp4,959376,already_compressed_or_media
data\train\archive (1)\FaceForensics++_C23\NeuralTextures\939_115.mp4,.mp4,354807,already_compressed_or_media
data\train\archive (1)\FaceForensics++_C23\NeuralTextures\940_941.mp4,.mp4,580643,already_compressed_or_media
data\train\archive (1)\FaceForensics++_C23\NeuralTextures\941_940.mp4,.mp4,544716,already_compressed_or_media
data\train\archive (1)\FaceForensics++_C23\NeuralTextures\942_943.mp4,.mp4,2237131,already_compressed_or_media
data\train\archive (1)\FaceForensics++_C23\NeuralTextures\943_942.mp4,.mp4,1376098,already_compressed_or_media
data\train\archive (1)\FaceForensics++_C23\NeuralTextures\944_032.mp4,.mp4,453120,already_compressed_or_media
data\train\archive (1)\FaceForensics++_C23\NeuralTextures\945_044.mp4,.mp4,1686626,already_compressed_or_media
data\train\archive (1)\FaceForensics++_C23\NeuralTextures\946_049.mp4,.mp4,1306355,already_compressed_or_media
data\train\archive (1)\FaceForensics++_C23\NeuralTextures\947_951.mp4,.mp4,3130347,already_compressed_or_media
data\train\archive (1)\FaceForensics++_C23\NeuralTextures\948_965.mp4,.mp4,4419787,already_compressed_or_media
data\train\archive (1)\FaceForensics++_C23\NeuralTextures\949_868.mp4,.mp4,639914,already_compressed_or_media
data\train\archive (1)\FaceForensics++_C23\NeuralTextures\950_836.mp4,.mp4,3641031,already_compressed_or_media
data\train\archive (1)\FaceForensics++_C23\NeuralTextures\951_947.mp4,.mp4,1985398,already_compressed_or_media
data\train\archive (1)\FaceForensics++_C23\NeuralTextures\952_882.mp4,.mp4,1496845,already_compressed_or_media
data\train\archive (1)\FaceForensics++_C23\NeuralTextures\953_974.mp4,.mp4,2489731,already_compressed_or_media
data\train\archive (1)\FaceForensics++_C23\NeuralTextures\954_976.mp4,.mp4,758239,already_compressed_or_media
data\train\archive (1)\FaceForensics++_C23\NeuralTextures\955_078.mp4,.mp4,1084535,already_compressed_or_media
data\train\archive (1)\FaceForensics++_C23\NeuralTextures\956_958.mp4,.mp4,887021,already_compressed_or_media
data\train\archive (1)\FaceForensics++_C23\NeuralTextures\957_959.mp4,.mp4,5589617,already_compressed_or_media
data\train\archive (1)\FaceForensics++_C23\NeuralTextures\958_956.mp4,.mp4,1168837,already_compressed_or_media
data\train\archive (1)\FaceForensics++_C23\NeuralTextures\959_957.mp4,.mp4,4511332,already_compressed_or_media
data\train\archive (1)\FaceForensics++_C23\NeuralTextures\960_999.mp4,.mp4,1444336,already_compressed_or_media
data\train\archive (1)\FaceForensics++_C23\NeuralTextures\961_069.mp4,.mp4,1300297,already_compressed_or_media
data\train\archive (1)\FaceForensics++_C23\NeuralTextures\962_929.mp4,.mp4,557079,already_compressed_or_media
data\train\archive (1)\FaceForensics++_C23\NeuralTextures\963_879.mp4,.mp4,1178949,already_compressed_or_media
data\train\archive (1)\FaceForensics++_C23\NeuralTextures\964_174.mp4,.mp4,581532,already_compressed_or_media
data\train\archive (1)\FaceForensics++_C23\NeuralTextures\965_948.mp4,.mp4,2836290,already_compressed_or_media
data\train\archive (1)\FaceForensics++_C23\NeuralTextures\966_988.mp4,.mp4,872933,already_compressed_or_media
data\train\archive (1)\FaceForensics++_C23\NeuralTextures\967_984.mp4,.mp4,1456129,already_compressed_or_media
data\train\archive (1)\FaceForensics++_C23\NeuralTextures\968_884.mp4,.mp4,1388249,already_compressed_or_media
data\train\archive (1)\FaceForensics++_C23\NeuralTextures\969_897.mp4,.mp4,703251,already_compressed_or_media
data\train\archive (1)\FaceForensics++_C23\NeuralTextures\970_973.mp4,.mp4,756008,already_compressed_or_media
data\train\archive (1)\FaceForensics++_C23\NeuralTextures\971_564.mp4,.mp4,2892783,already_compressed_or_media
data\train\archive (1)\FaceForensics++_C23\NeuralTextures\972_718.mp4,.mp4,5049689,already_compressed_or_media
data\train\archive (1)\FaceForensics++_C23\NeuralTextures\973_970.mp4,.mp4,797932,already_compressed_or_media
data\train\archive (1)\FaceForensics++_C23\NeuralTextures\974_953.mp4,.mp4,630531,already_compressed_or_media
data\train\archive (1)\FaceForensics++_C23\NeuralTextures\975_978.mp4,.mp4,1091688,already_compressed_or_media
data\train\archive (1)\FaceForensics++_C23\NeuralTextures\976_954.mp4,.mp4,1232286,already_compressed_or_media
data\train\archive (1)\FaceForensics++_C23\NeuralTextures\977_075.mp4,.mp4,1344809,already_compressed_or_media
data\train\archive (1)\FaceForensics++_C23\NeuralTextures\978_975.mp4,.mp4,1440406,already_compressed_or_media
data\train\archive (1)\FaceForensics++_C23\NeuralTextures\979_875.mp4,.mp4,1225257,already_compressed_or_media
data\train\archive (1)\FaceForensics++_C23\NeuralTextures\980_992.mp4,.mp4,766797,already_compressed_or_media
data\train\archive (1)\FaceForensics++_C23\NeuralTextures\981_985.mp4,.mp4,673981,already_compressed_or_media
data\train\archive (1)\FaceForensics++_C23\NeuralTextures\982_004.mp4,.mp4,466419,already_compressed_or_media
data\train\archive (1)\FaceForensics++_C23\NeuralTextures\983_113.mp4,.mp4,771289,already_compressed_or_media
data\train\archive (1)\FaceForensics++_C23\NeuralTextures\984_967.mp4,.mp4,1643161,already_compressed_or_media
data\train\archive (1)\FaceForensics++_C23\NeuralTextures\985_981.mp4,.mp4,909000,already_compressed_or_media
data\train\archive (1)\FaceForensics++_C23\NeuralTextures\986_994.mp4,.mp4,1137000,already_compressed_or_media
data\train\archive (1)\FaceForensics++_C23\NeuralTextures\987_938.mp4,.mp4,548193,already_compressed_or_media
data\train\archive (1)\FaceForensics++_C23\NeuralTextures\988_966.mp4,.mp4,538012,already_compressed_or_media
data\train\archive (1)\FaceForensics++_C23\NeuralTextures\989_993.mp4,.mp4,1036710,already_compressed_or_media
data\train\archive (1)\FaceForensics++_C23\NeuralTextures\990_008.mp4,.mp4,837073,already_compressed_or_media
data\train\archive (1)\FaceForensics++_C23\NeuralTextures\991_064.mp4,.mp4,493288,already_compressed_or_media
data\train\archive (1)\FaceForensics++_C23\NeuralTextures\992_980.mp4,.mp4,1089441,already_compressed_or_media
data\train\archive (1)\FaceForensics++_C23\NeuralTextures\993_989.mp4,.mp4,1264421,already_compressed_or_media
data\train\archive (1)\FaceForensics++_C23\NeuralTextures\994_986.mp4,.mp4,1100847,already_compressed_or_media
data\train\archive (1)\FaceForensics++_C23\NeuralTextures\995_233.mp4,.mp4,860431,already_compressed_or_media
data\train\archive (1)\FaceForensics++_C23\NeuralTextures\996_056.mp4,.mp4,895927,already_compressed_or_media
data\train\archive (1)\FaceForensics++_C23\NeuralTextures\997_040.mp4,.mp4,1083485,already_compressed_or_media
data\train\archive (1)\FaceForensics++_C23\NeuralTextures\998_561.mp4,.mp4,1767497,already_compressed_or_media
data\train\archive (1)\FaceForensics++_C23\NeuralTextures\999_960.mp4,.mp4,555912,already_compressed_or_media
data\train\archive (1)\FaceForensics++_C23\original\000.mp4,.mp4,894312,already_compressed_or_media
data\train\archive (1)\FaceForensics++_C23\original\001.mp4,.mp4,2912266,already_compressed_or_media
data\train\archive (1)\FaceForensics++_C23\original\002.mp4,.mp4,2113585,already_compressed_or_media
data\train\archive (1)\FaceForensics++_C23\original\003.mp4,.mp4,613340,already_compressed_or_media
data\train\archive (1)\FaceForensics++_C23\original\004.mp4,.mp4,1261991,already_compressed_or_media
data\train\archive (1)\FaceForensics++_C23\original\005.mp4,.mp4,1583537,already_compressed_or_media
data\train\archive (1)\FaceForensics++_C23\original\006.mp4,.mp4,864749,already_compressed_or_media
data\train\archive (1)\FaceForensics++_C23\original\007.mp4,.mp4,1064958,already_compressed_or_media
data\train\archive (1)\FaceForensics++_C23\original\008.mp4,.mp4,1037577,already_compressed_or_media
data\train\archive (1)\FaceForensics++_C23\original\009.mp4,.mp4,773389,already_compressed_or_media
data\train\archive (1)\FaceForensics++_C23\original\010.mp4,.mp4,1489910,already_compressed_or_media
data\train\archive (1)\FaceForensics++_C23\original\011.mp4,.mp4,3387660,already_compressed_or_media
data\train\archive (1)\FaceForensics++_C23\original\012.mp4,.mp4,719918,already_compressed_or_media
data\train\archive (1)\FaceForensics++_C23\original\013.mp4,.mp4,613532,already_compressed_or_media
data\train\archive (1)\FaceForensics++_C23\original\014.mp4,.mp4,3464524,already_compressed_or_media
data\train\archive (1)\FaceForensics++_C23\original\015.mp4,.mp4,870901,already_compressed_or_media
data\train\archive (1)\FaceForensics++_C23\original\016.mp4,.mp4,1555592,already_compressed_or_media
data\train\archive (1)\FaceForensics++_C23\original\017.mp4,.mp4,1714561,already_compressed_or_media
data\train\archive (1)\FaceForensics++_C23\original\018.mp4,.mp4,419241,already_compressed_or_media
data\train\archive (1)\FaceForensics++_C23\original\019.mp4,.mp4,2475842,already_compressed_or_media
data\train\archive (1)\FaceForensics++_C23\original\020.mp4,.mp4,1789170,already_compressed_or_media
data\train\archive (1)\FaceForensics++_C23\original\021.mp4,.mp4,514001,already_compressed_or_media
data\train\archive (1)\FaceForensics++_C23\original\022.mp4,.mp4,1229520,already_compressed_or_media
data\train\archive (1)\FaceForensics++_C23\original\023.mp4,.mp4,1819283,already_compressed_or_media
data\train\archive (1)\FaceForensics++_C23\original\024.mp4,.mp4,547705,already_compressed_or_media
data\train\archive (1)\FaceForensics++_C23\original\025.mp4,.mp4,3419216,already_compressed_or_media
data\train\archive (1)\FaceForensics++_C23\original\026.mp4,.mp4,523120,already_compressed_or_media
data\train\archive (1)\FaceForensics++_C23\original\027.mp4,.mp4,894250,already_compressed_or_media
data\train\archive (1)\FaceForensics++_C23\original\028.mp4,.mp4,860219,already_compressed_or_media
data\train\archive (1)\FaceForensics++_C23\original\029.mp4,.mp4,498480,already_compressed_or_media
data\train\archive (1)\FaceForensics++_C23\original\030.mp4,.mp4,3610482,already_compressed_or_media
data\train\archive (1)\FaceForensics++_C23\original\031.mp4,.mp4,1592252,already_compressed_or_media
data\train\archive (1)\FaceForensics++_C23\original\032.mp4,.mp4,1703006,already_compressed_or_media
data\train\archive (1)\FaceForensics++_C23\original\033.mp4,.mp4,1866407,already_compressed_or_media
data\train\archive (1)\FaceForensics++_C23\original\034.mp4,.mp4,1225661,already_compressed_or_media
data\train\archive (1)\FaceForensics++_C23\original\035.mp4,.mp4,589533,already_compressed_or_media
data\train\archive (1)\FaceForensics++_C23\original\036.mp4,.mp4,959648,already_compressed_or_media
data\train\archive (1)\FaceForensics++_C23\original\037.mp4,.mp4,796393,already_compressed_or_media
data\train\archive (1)\FaceForensics++_C23\original\038.mp4,.mp4,568307,already_compressed_or_media
data\train\archive (1)\FaceForensics++_C23\original\039.mp4,.mp4,1091735,already_compressed_or_media
data\train\archive (1)\FaceForensics++_C23\original\040.mp4,.mp4,2922246,already_compressed_or_media
data\train\archive (1)\FaceForensics++_C23\original\041.mp4,.mp4,696785,already_compressed_or_media
data\train\archive (1)\FaceForensics++_C23\original\042.mp4,.mp4,1170177,already_compressed_or_media
data\train\archive (1)\FaceForensics++_C23\original\043.mp4,.mp4,1614638,already_compressed_or_media
data\train\archive (1)\FaceForensics++_C23\original\044.mp4,.mp4,1816264,already_compressed_or_media
data\train\archive (1)\FaceForensics++_C23\original\045.mp4,.mp4,4756469,already_compressed_or_media
data\train\archive (1)\FaceForensics++_C23\original\046.mp4,.mp4,2279231,already_compressed_or_media
data\train\archive (1)\FaceForensics++_C23\original\047.mp4,.mp4,525219,already_compressed_or_media
data\train\archive (1)\FaceForensics++_C23\original\048.mp4,.mp4,1215908,already_compressed_or_media
data\train\archive (1)\FaceForensics++_C23\original\049.mp4,.mp4,459467,already_compressed_or_media
data\train\archive (1)\FaceForensics++_C23\original\050.mp4,.mp4,609290,already_compressed_or_media
data\train\archive (1)\FaceForensics++_C23\original\051.mp4,.mp4,2693147,already_compressed_or_media
data\train\archive (1)\FaceForensics++_C23\original\052.mp4,.mp4,2781049,already_compressed_or_media
data\train\archive (1)\FaceForensics++_C23\original\053.mp4,.mp4,644095,already_compressed_or_media
data\train\archive (1)\FaceForensics++_C23\original\054.mp4,.mp4,743893,already_compressed_or_media
data\train\archive (1)\FaceForensics++_C23\original\055.mp4,.mp4,597935,already_compressed_or_media
data\train\archive (1)\FaceForensics++_C23\original\056.mp4,.mp4,1132672,already_compressed_or_media
data\train\archive (1)\FaceForensics++_C23\original\057.mp4,.mp4,1316068,already_compressed_or_media
data\train\archive (1)\FaceForensics++_C23\original\058.mp4,.mp4,1203478,already_compressed_or_media
data\train\archive (1)\FaceForensics++_C23\original\059.mp4,.mp4,1566560,already_compressed_or_media
data\train\archive (1)\FaceForensics++_C23\original\060.mp4,.mp4,4264986,already_compressed_or_media
data\train\archive (1)\FaceForensics++_C23\original\061.mp4,.mp4,724621,already_compressed_or_media
data\train\archive (1)\FaceForensics++_C23\original\062.mp4,.mp4,684026,already_compressed_or_media
data\train\archive (1)\FaceForensics++_C23\original\063.mp4,.mp4,2087009,already_compressed_or_media
data\train\archive (1)\FaceForensics++_C23\original\064.mp4,.mp4,891350,already_compressed_or_media
data\train\archive (1)\FaceForensics++_C23\original\065.mp4,.mp4,3431049,already_compressed_or_media
data\train\archive (1)\FaceForensics++_C23\original\066.mp4,.mp4,1558987,already_compressed_or_media
data\train\archive (1)\FaceForensics++_C23\original\067.mp4,.mp4,2217380,already_compressed_or_media
data\train\archive (1)\FaceForensics++_C23\original\068.mp4,.mp4,763358,already_compressed_or_media
data\train\archive (1)\FaceForensics++_C23\original\069.mp4,.mp4,3948775,already_compressed_or_media
data\train\archive (1)\FaceForensics++_C23\original\070.mp4,.mp4,845212,already_compressed_or_media
data\train\archive (1)\FaceForensics++_C23\original\071.mp4,.mp4,1389995,already_compressed_or_media
data\train\archive (1)\FaceForensics++_C23\original\072.mp4,.mp4,880159,already_compressed_or_media
data\train\archive (1)\FaceForensics++_C23\original\073.mp4,.mp4,2857131,already_compressed_or_media
data\train\archive (1)\FaceForensics++_C23\original\074.mp4,.mp4,2999588,already_compressed_or_media
data\train\archive (1)\FaceForensics++_C23\original\075.mp4,.mp4,3013168,already_compressed_or_media
data\train\archive (1)\FaceForensics++_C23\original\076.mp4,.mp4,1307936,already_compressed_or_media
data\train\archive (1)\FaceForensics++_C23\original\077.mp4,.mp4,886700,already_compressed_or_media
data\train\archive (1)\FaceForensics++_C23\original\078.mp4,.mp4,2086135,already_compressed_or_media
data\train\archive (1)\FaceForensics++_C23\original\079.mp4,.mp4,1616008,already_compressed_or_media
data\train\archive (1)\FaceForensics++_C23\original\080.mp4,.mp4,578650,already_compressed_or_media
data\train\archive (1)\FaceForensics++_C23\original\081.mp4,.mp4,2309032,already_compressed_or_media
data\train\archive (1)\FaceForensics++_C23\original\082.mp4,.mp4,653964,already_compressed_or_media
data\train\archive (1)\FaceForensics++_C23\original\083.mp4,.mp4,5519344,already_compressed_or_media
data\train\archive (1)\FaceForensics++_C23\original\084.mp4,.mp4,4742842,already_compressed_or_media
data\train\archive (1)\FaceForensics++_C23\original\085.mp4,.mp4,1870623,already_compressed_or_media
data\train\archive (1)\FaceForensics++_C23\original\086.mp4,.mp4,2669282,already_compressed_or_media
data\train\archive (1)\FaceForensics++_C23\original\087.mp4,.mp4,381813,already_compressed_or_media
data\train\archive (1)\FaceForensics++_C23\original\088.mp4,.mp4,2155547,already_compressed_or_media
data\train\archive (1)\FaceForensics++_C23\original\089.mp4,.mp4,3191880,already_compressed_or_media
data\train\archive (1)\FaceForensics++_C23\original\090.mp4,.mp4,4703349,already_compressed_or_media
data\train\archive (1)\FaceForensics++_C23\original\091.mp4,.mp4,1624639,already_compressed_or_media
data\train\archive (1)\FaceForensics++_C23\original\092.mp4,.mp4,1011838,already_compressed_or_media
data\train\archive (1)\FaceForensics++_C23\original\093.mp4,.mp4,2255286,already_compressed_or_media
data\train\archive (1)\FaceForensics++_C23\original\094.mp4,.mp4,2498285,already_compressed_or_media
data\train\archive (1)\FaceForensics++_C23\original\095.mp4,.mp4,2180096,already_compressed_or_media
data\train\archive (1)\FaceForensics++_C23\original\096.mp4,.mp4,5312867,already_compressed_or_media
data\train\archive (1)\FaceForensics++_C23\original\097.mp4,.mp4,1037090,already_compressed_or_media
data\train\archive (1)\FaceForensics++_C23\original\098.mp4,.mp4,420503,already_compressed_or_media
data\train\archive (1)\FaceForensics++_C23\original\099.mp4,.mp4,10483761,already_compressed_or_media
data\train\archive (1)\FaceForensics++_C23\original\100.mp4,.mp4,918920,already_compressed_or_media
data\train\archive (1)\FaceForensics++_C23\original\101.mp4,.mp4,2462033,already_compressed_or_media
data\train\archive (1)\FaceForensics++_C23\original\102.mp4,.mp4,1005944,already_compressed_or_media
data\train\archive (1)\FaceForensics++_C23\original\103.mp4,.mp4,1778285,already_compressed_or_media
data\train\archive (1)\FaceForensics++_C23\original\104.mp4,.mp4,1279731,already_compressed_or_media
data\train\archive (1)\FaceForensics++_C23\original\105.mp4,.mp4,1122955,already_compressed_or_media
data\train\archive (1)\FaceForensics++_C23\original\106.mp4,.mp4,477207,already_compressed_or_media
data\train\archive (1)\FaceForensics++_C23\original\107.mp4,.mp4,1129676,already_compressed_or_media
data\train\archive (1)\FaceForensics++_C23\original\108.mp4,.mp4,3834092,already_compressed_or_media
data\train\archive (1)\FaceForensics++_C23\original\109.mp4,.mp4,1042397,already_compressed_or_media
data\train\archive (1)\FaceForensics++_C23\original\110.mp4,.mp4,1234988,already_compressed_or_media
data\train\archive (1)\FaceForensics++_C23\original\111.mp4,.mp4,965431,already_compressed_or_media
data\train\archive (1)\FaceForensics++_C23\original\112.mp4,.mp4,5607440,already_compressed_or_media
data\train\archive (1)\FaceForensics++_C23\original\113.mp4,.mp4,4305153,already_compressed_or_media
data\train\archive (1)\FaceForensics++_C23\original\114.mp4,.mp4,2637839,already_compressed_or_media
data\train\archive (1)\FaceForensics++_C23\original\115.mp4,.mp4,1352396,already_compressed_or_media
data\train\archive (1)\FaceForensics++_C23\original\116.mp4,.mp4,681690,already_compressed_or_media
data\train\archive (1)\FaceForensics++_C23\original\117.mp4,.mp4,3871713,already_compressed_or_media
data\train\archive (1)\FaceForensics++_C23\original\118.mp4,.mp4,989435,already_compressed_or_media
data\train\archive (1)\FaceForensics++_C23\original\119.mp4,.mp4,869056,already_compressed_or_media
data\train\archive (1)\FaceForensics++_C23\original\120.mp4,.mp4,1136202,already_compressed_or_media
data\train\archive (1)\FaceForensics++_C23\original\121.mp4,.mp4,4144526,already_compressed_or_media
data\train\archive (1)\FaceForensics++_C23\original\122.mp4,.mp4,1565334,already_compressed_or_media
data\train\archive (1)\FaceForensics++_C23\original\123.mp4,.mp4,1215164,already_compressed_or_media
data\train\archive (1)\FaceForensics++_C23\original\124.mp4,.mp4,715120,already_compressed_or_media
data\train\archive (1)\FaceForensics++_C23\original\125.mp4,.mp4,2422797,already_compressed_or_media
data\train\archive (1)\FaceForensics++_C23\original\126.mp4,.mp4,692681,already_compressed_or_media
data\train\archive (1)\FaceForensics++_C23\original\127.mp4,.mp4,2969975,already_compressed_or_media
data\train\archive (1)\FaceForensics++_C23\original\128.mp4,.mp4,1313538,already_compressed_or_media
data\train\archive (1)\FaceForensics++_C23\original\129.mp4,.mp4,1707751,already_compressed_or_media
data\train\archive (1)\FaceForensics++_C23\original\130.mp4,.mp4,2278418,already_compressed_or_media
data\train\archive (1)\FaceForensics++_C23\original\131.mp4,.mp4,574114,already_compressed_or_media
data\train\archive (1)\FaceForensics++_C23\original\132.mp4,.mp4,409381,already_compressed_or_media
data\train\archive (1)\FaceForensics++_C23\original\133.mp4,.mp4,1145664,already_compressed_or_media
data\train\archive (1)\FaceForensics++_C23\original\134.mp4,.mp4,2075258,already_compressed_or_media
data\train\archive (1)\FaceForensics++_C23\original\135.mp4,.mp4,1268929,already_compressed_or_media
data\train\archive (1)\FaceForensics++_C23\original\136.mp4,.mp4,3719063,already_compressed_or_media
data\train\archive (1)\FaceForensics++_C23\original\137.mp4,.mp4,2257194,already_compressed_or_media
data\train\archive (1)\FaceForensics++_C23\original\138.mp4,.mp4,465497,already_compressed_or_media
data\train\archive (1)\FaceForensics++_C23\original\139.mp4,.mp4,565439,already_compressed_or_media
data\train\archive (1)\FaceForensics++_C23\original\140.mp4,.mp4,2382888,already_compressed_or_media
data\train\archive (1)\FaceForensics++_C23\original\141.mp4,.mp4,1201014,already_compressed_or_media
data\train\archive (1)\FaceForensics++_C23\original\142.mp4,.mp4,1418318,already_compressed_or_media
data\train\archive (1)\FaceForensics++_C23\original\143.mp4,.mp4,728316,already_compressed_or_media
data\train\archive (1)\FaceForensics++_C23\original\144.mp4,.mp4,1079003,already_compressed_or_media
data\train\archive (1)\FaceForensics++_C23\original\145.mp4,.mp4,597074,already_compressed_or_media
data\train\archive (1)\FaceForensics++_C23\original\146.mp4,.mp4,6581491,already_compressed_or_media
data\train\archive (1)\FaceForensics++_C23\original\147.mp4,.mp4,1376690,already_compressed_or_media
data\train\archive (1)\FaceForensics++_C23\original\148.mp4,.mp4,777764,already_compressed_or_media
data\train\archive (1)\FaceForensics++_C23\original\149.mp4,.mp4,925612,already_compressed_or_media
data\train\archive (1)\FaceForensics++_C23\original\150.mp4,.mp4,592152,already_compressed_or_media
data\train\archive (1)\FaceForensics++_C23\original\151.mp4,.mp4,2191073,already_compressed_or_media
data\train\archive (1)\FaceForensics++_C23\original\152.mp4,.mp4,695796,already_compressed_or_media
data\train\archive (1)\FaceForensics++_C23\original\153.mp4,.mp4,2133242,already_compressed_or_media
data\train\archive (1)\FaceForensics++_C23\original\154.mp4,.mp4,2754953,already_compressed_or_media
data\train\archive (1)\FaceForensics++_C23\original\155.mp4,.mp4,2075126,already_compressed_or_media
data\train\archive (1)\FaceForensics++_C23\original\156.mp4,.mp4,1170653,already_compressed_or_media
data\train\archive (1)\FaceForensics++_C23\original\157.mp4,.mp4,737923,already_compressed_or_media
data\train\archive (1)\FaceForensics++_C23\original\158.mp4,.mp4,791669,already_compressed_or_media
data\train\archive (1)\FaceForensics++_C23\original\159.mp4,.mp4,956722,already_compressed_or_media
data\train\archive (1)\FaceForensics++_C23\original\160.mp4,.mp4,2279507,already_compressed_or_media
data\train\archive (1)\FaceForensics++_C23\original\161.mp4,.mp4,660647,already_compressed_or_media
data\train\archive (1)\FaceForensics++_C23\original\162.mp4,.mp4,2941377,already_compressed_or_media
data\train\archive (1)\FaceForensics++_C23\original\163.mp4,.mp4,868969,already_compressed_or_media
data\train\archive (1)\FaceForensics++_C23\original\164.mp4,.mp4,2747007,already_compressed_or_media
data\train\archive (1)\FaceForensics++_C23\original\165.mp4,.mp4,694266,already_compressed_or_media
data\train\archive (1)\FaceForensics++_C23\original\166.mp4,.mp4,1253468,already_compressed_or_media
data\train\archive (1)\FaceForensics++_C23\original\167.mp4,.mp4,877432,already_compressed_or_media
data\train\archive (1)\FaceForensics++_C23\original\168.mp4,.mp4,1663994,already_compressed_or_media
data\train\archive (1)\FaceForensics++_C23\original\169.mp4,.mp4,911244,already_compressed_or_media
data\train\archive (1)\FaceForensics++_C23\original\170.mp4,.mp4,4215562,already_compressed_or_media
data\train\archive (1)\FaceForensics++_C23\original\171.mp4,.mp4,2639699,already_compressed_or_media
data\train\archive (1)\FaceForensics++_C23\original\172.mp4,.mp4,1205274,already_compressed_or_media
data\train\archive (1)\FaceForensics++_C23\original\173.mp4,.mp4,3769909,already_compressed_or_media
data\train\archive (1)\FaceForensics++_C23\original\174.mp4,.mp4,735878,already_compressed_or_media
data\train\archive (1)\FaceForensics++_C23\original\175.mp4,.mp4,1152095,already_compressed_or_media
data\train\archive (1)\FaceForensics++_C23\original\176.mp4,.mp4,4545420,already_compressed_or_media
data\train\archive (1)\FaceForensics++_C23\original\177.mp4,.mp4,1110209,already_compressed_or_media
data\train\archive (1)\FaceForensics++_C23\original\178.mp4,.mp4,543537,already_compressed_or_media
data\train\archive (1)\FaceForensics++_C23\original\179.mp4,.mp4,1959153,already_compressed_or_media
data\train\archive (1)\FaceForensics++_C23\original\180.mp4,.mp4,1311353,already_compressed_or_media
data\train\archive (1)\FaceForensics++_C23\original\181.mp4,.mp4,733282,already_compressed_or_media
data\train\archive (1)\FaceForensics++_C23\original\182.mp4,.mp4,2253111,already_compressed_or_media
data\train\archive (1)\FaceForensics++_C23\original\183.mp4,.mp4,1418069,already_compressed_or_media
data\train\archive (1)\FaceForensics++_C23\original\184.mp4,.mp4,1931258,already_compressed_or_media
data\train\archive (1)\FaceForensics++_C23\original\185.mp4,.mp4,2353061,already_compressed_or_media
data\train\archive (1)\FaceForensics++_C23\original\186.mp4,.mp4,5369665,already_compressed_or_media
data\train\archive (1)\FaceForensics++_C23\original\187.mp4,.mp4,5854756,already_compressed_or_media
data\train\archive (1)\FaceForensics++_C23\original\188.mp4,.mp4,1386275,already_compressed_or_media
data\train\archive (1)\FaceForensics++_C23\original\189.mp4,.mp4,1677625,already_compressed_or_media
data\train\archive (1)\FaceForensics++_C23\original\190.mp4,.mp4,2584611,already_compressed_or_media
data\train\archive (1)\FaceForensics++_C23\original\191.mp4,.mp4,4070127,already_compressed_or_media
data\train\archive (1)\FaceForensics++_C23\original\192.mp4,.mp4,947674,already_compressed_or_media
data\train\archive (1)\FaceForensics++_C23\original\193.mp4,.mp4,4879372,already_compressed_or_media
data\train\archive (1)\FaceForensics++_C23\original\194.mp4,.mp4,1009845,already_compressed_or_media
data\train\archive (1)\FaceForensics++_C23\original\195.mp4,.mp4,1273728,already_compressed_or_media
data\train\archive (1)\FaceForensics++_C23\original\196.mp4,.mp4,586082,already_compressed_or_media
data\train\archive (1)\FaceForensics++_C23\original\197.mp4,.mp4,1648804,already_compressed_or_media
data\train\archive (1)\FaceForensics++_C23\original\198.mp4,.mp4,675465,already_compressed_or_media
data\train\archive (1)\FaceForensics++_C23\original\199.mp4,.mp4,1197894,already_compressed_or_media
data\train\archive (1)\FaceForensics++_C23\original\200.mp4,.mp4,2721270,already_compressed_or_media
data\train\archive (1)\FaceForensics++_C23\original\201.mp4,.mp4,1946983,already_compressed_or_media
data\train\archive (1)\FaceForensics++_C23\original\202.mp4,.mp4,698323,already_compressed_or_media
data\train\archive (1)\FaceForensics++_C23\original\203.mp4,.mp4,1420440,already_compressed_or_media
data\train\archive (1)\FaceForensics++_C23\original\204.mp4,.mp4,1952096,already_compressed_or_media
data\train\archive (1)\FaceForensics++_C23\original\205.mp4,.mp4,910068,already_compressed_or_media
data\train\archive (1)\FaceForensics++_C23\original\206.mp4,.mp4,743647,already_compressed_or_media
data\train\archive (1)\FaceForensics++_C23\original\207.mp4,.mp4,3025560,already_compressed_or_media
data\train\archive (1)\FaceForensics++_C23\original\208.mp4,.mp4,1177930,already_compressed_or_media
data\train\archive (1)\FaceForensics++_C23\original\209.mp4,.mp4,1283858,already_compressed_or_media
data\train\archive (1)\FaceForensics++_C23\original\210.mp4,.mp4,1843604,already_compressed_or_media
data\train\archive (1)\FaceForensics++_C23\original\211.mp4,.mp4,2669470,already_compressed_or_media
data\train\archive (1)\FaceForensics++_C23\original\212.mp4,.mp4,692234,already_compressed_or_media
data\train\archive (1)\FaceForensics++_C23\original\213.mp4,.mp4,1883812,already_compressed_or_media
data\train\archive (1)\FaceForensics++_C23\original\214.mp4,.mp4,1513568,already_compressed_or_media
data\train\archive (1)\FaceForensics++_C23\original\215.mp4,.mp4,1074724,already_compressed_or_media
data\train\archive (1)\FaceForensics++_C23\original\216.mp4,.mp4,1023380,already_compressed_or_media
data\train\archive (1)\FaceForensics++_C23\original\217.mp4,.mp4,6821470,already_compressed_or_media
data\train\archive (1)\FaceForensics++_C23\original\218.mp4,.mp4,471409,already_compressed_or_media
data\train\archive (1)\FaceForensics++_C23\original\219.mp4,.mp4,2094536,already_compressed_or_media
data\train\archive (1)\FaceForensics++_C23\original\220.mp4,.mp4,775342,already_compressed_or_media
data\train\archive (1)\FaceForensics++_C23\original\221.mp4,.mp4,2825107,already_compressed_or_media
data\train\archive (1)\FaceForensics++_C23\original\222.mp4,.mp4,880007,already_compressed_or_media
data\train\archive (1)\FaceForensics++_C23\original\223.mp4,.mp4,1837956,already_compressed_or_media
data\train\archive (1)\FaceForensics++_C23\original\224.mp4,.mp4,1892415,already_compressed_or_media
data\train\archive (1)\FaceForensics++_C23\original\225.mp4,.mp4,1217874,already_compressed_or_media
data\train\archive (1)\FaceForensics++_C23\original\226.mp4,.mp4,1312935,already_compressed_or_media
data\train\archive (1)\FaceForensics++_C23\original\227.mp4,.mp4,1457656,already_compressed_or_media
data\train\archive (1)\FaceForensics++_C23\original\228.mp4,.mp4,773169,already_compressed_or_media
data\train\archive (1)\FaceForensics++_C23\original\229.mp4,.mp4,718201,already_compressed_or_media
data\train\archive (1)\FaceForensics++_C23\original\230.mp4,.mp4,1402596,already_compressed_or_media
data\train\archive (1)\FaceForensics++_C23\original\231.mp4,.mp4,1009026,already_compressed_or_media
data\train\archive (1)\FaceForensics++_C23\original\232.mp4,.mp4,1582660,already_compressed_or_media
data\train\archive (1)\FaceForensics++_C23\original\233.mp4,.mp4,2745054,already_compressed_or_media
data\train\archive (1)\FaceForensics++_C23\original\234.mp4,.mp4,1488641,already_compressed_or_media
data\train\archive (1)\FaceForensics++_C23\original\235.mp4,.mp4,1371548,already_compressed_or_media
data\train\archive (1)\FaceForensics++_C23\original\236.mp4,.mp4,1509393,already_compressed_or_media
data\train\archive (1)\FaceForensics++_C23\original\237.mp4,.mp4,3280094,already_compressed_or_media
data\train\archive (1)\FaceForensics++_C23\original\238.mp4,.mp4,916225,already_compressed_or_media
data\train\archive (1)\FaceForensics++_C23\original\239.mp4,.mp4,1585527,already_compressed_or_media
data\train\archive (1)\FaceForensics++_C23\original\240.mp4,.mp4,2412236,already_compressed_or_media
data\train\archive (1)\FaceForensics++_C23\original\241.mp4,.mp4,627652,already_compressed_or_media
data\train\archive (1)\FaceForensics++_C23\original\242.mp4,.mp4,537703,already_compressed_or_media
data\train\archive (1)\FaceForensics++_C23\original\243.mp4,.mp4,2334274,already_compressed_or_media
data\train\archive (1)\FaceForensics++_C23\original\244.mp4,.mp4,4851536,already_compressed_or_media
data\train\archive (1)\FaceForensics++_C23\original\245.mp4,.mp4,705759,already_compressed_or_media
data\train\archive (1)\FaceForensics++_C23\original\246.mp4,.mp4,1936060,already_compressed_or_media
data\train\archive (1)\FaceForensics++_C23\original\247.mp4,.mp4,1251682,already_compressed_or_media
data\train\archive (1)\FaceForensics++_C23\original\248.mp4,.mp4,2228751,already_compressed_or_media
data\train\archive (1)\FaceForensics++_C23\original\249.mp4,.mp4,1587454,already_compressed_or_media
data\train\archive (1)\FaceForensics++_C23\original\250.mp4,.mp4,2666013,already_compressed_or_media
data\train\archive (1)\FaceForensics++_C23\original\251.mp4,.mp4,2588736,already_compressed_or_media
data\train\archive (1)\FaceForensics++_C23\original\252.mp4,.mp4,1761005,already_compressed_or_media
data\train\archive (1)\FaceForensics++_C23\original\253.mp4,.mp4,1606888,already_compressed_or_media
data\train\archive (1)\FaceForensics++_C23\original\254.mp4,.mp4,1370881,already_compressed_or_media
data\train\archive (1)\FaceForensics++_C23\original\255.mp4,.mp4,1915239,already_compressed_or_media
data\train\archive (1)\FaceForensics++_C23\original\256.mp4,.mp4,2362898,already_compressed_or_media
data\train\archive (1)\FaceForensics++_C23\original\257.mp4,.mp4,2301501,already_compressed_or_media
data\train\archive (1)\FaceForensics++_C23\original\258.mp4,.mp4,3257854,already_compressed_or_media
data\train\archive (1)\FaceForensics++_C23\original\259.mp4,.mp4,1153478,already_compressed_or_media
data\train\archive (1)\FaceForensics++_C23\original\260.mp4,.mp4,490866,already_compressed_or_media
data\train\archive (1)\FaceForensics++_C23\original\261.mp4,.mp4,760638,already_compressed_or_media
data\train\archive (1)\FaceForensics++_C23\original\262.mp4,.mp4,730601,already_compressed_or_media
data\train\archive (1)\FaceForensics++_C23\original\263.mp4,.mp4,1428044,already_compressed_or_media
data\train\archive (1)\FaceForensics++_C23\original\264.mp4,.mp4,653445,already_compressed_or_media
data\train\archive (1)\FaceForensics++_C23\original\265.mp4,.mp4,6225634,already_compressed_or_media
data\train\archive (1)\FaceForensics++_C23\original\266.mp4,.mp4,1421970,already_compressed_or_media
data\train\archive (1)\FaceForensics++_C23\original\267.mp4,.mp4,1736276,already_compressed_or_media
data\train\archive (1)\FaceForensics++_C23\original\268.mp4,.mp4,3829353,already_compressed_or_media
data\train\archive (1)\FaceForensics++_C23\original\269.mp4,.mp4,755655,already_compressed_or_media
data\train\archive (1)\FaceForensics++_C23\original\270.mp4,.mp4,829698,already_compressed_or_media
data\train\archive (1)\FaceForensics++_C23\original\271.mp4,.mp4,1399213,already_compressed_or_media
data\train\archive (1)\FaceForensics++_C23\original\272.mp4,.mp4,1577993,already_compressed_or_media
data\train\archive (1)\FaceForensics++_C23\original\273.mp4,.mp4,955564,already_compressed_or_media
data\train\archive (1)\FaceForensics++_C23\original\274.mp4,.mp4,2360645,already_compressed_or_media
data\train\archive (1)\FaceForensics++_C23\original\275.mp4,.mp4,834675,already_compressed_or_media
data\train\archive (1)\FaceForensics++_C23\original\276.mp4,.mp4,859999,already_compressed_or_media
data\train\archive (1)\FaceForensics++_C23\original\277.mp4,.mp4,3302363,already_compressed_or_media
data\train\archive (1)\FaceForensics++_C23\original\278.mp4,.mp4,724037,already_compressed_or_media
data\train\archive (1)\FaceForensics++_C23\original\279.mp4,.mp4,2639852,already_compressed_or_media
data\train\archive (1)\FaceForensics++_C23\original\280.mp4,.mp4,1029496,already_compressed_or_media
data\train\archive (1)\FaceForensics++_C23\original\281.mp4,.mp4,882438,already_compressed_or_media
data\train\archive (1)\FaceForensics++_C23\original\282.mp4,.mp4,1258796,already_compressed_or_media
data\train\archive (1)\FaceForensics++_C23\original\283.mp4,.mp4,1378061,already_compressed_or_media
data\train\archive (1)\FaceForensics++_C23\original\284.mp4,.mp4,4560637,already_compressed_or_media
data\train\archive (1)\FaceForensics++_C23\original\285.mp4,.mp4,1490349,already_compressed_or_media
data\train\archive (1)\FaceForensics++_C23\original\286.mp4,.mp4,2578368,already_compressed_or_media
data\train\archive (1)\FaceForensics++_C23\original\287.mp4,.mp4,3034483,already_compressed_or_media
data\train\archive (1)\FaceForensics++_C23\original\288.mp4,.mp4,756637,already_compressed_or_media
data\train\archive (1)\FaceForensics++_C23\original\289.mp4,.mp4,1198540,already_compressed_or_media
data\train\archive (1)\FaceForensics++_C23\original\290.mp4,.mp4,1118232,already_compressed_or_media
data\train\archive (1)\FaceForensics++_C23\original\291.mp4,.mp4,2538379,already_compressed_or_media
data\train\archive (1)\FaceForensics++_C23\original\292.mp4,.mp4,2450616,already_compressed_or_media
data\train\archive (1)\FaceForensics++_C23\original\293.mp4,.mp4,1996457,already_compressed_or_media
data\train\archive (1)\FaceForensics++_C23\original\294.mp4,.mp4,3540880,already_compressed_or_media
data\train\archive (1)\FaceForensics++_C23\original\295.mp4,.mp4,3666321,already_compressed_or_media
data\train\archive (1)\FaceForensics++_C23\original\296.mp4,.mp4,676808,already_compressed_or_media
data\train\archive (1)\FaceForensics++_C23\original\297.mp4,.mp4,493595,already_compressed_or_media
data\train\archive (1)\FaceForensics++_C23\original\298.mp4,.mp4,1164857,already_compressed_or_media
data\train\archive (1)\FaceForensics++_C23\original\299.mp4,.mp4,953793,already_compressed_or_media
data\train\archive (1)\FaceForensics++_C23\original\300.mp4,.mp4,950041,already_compressed_or_media
data\train\archive (1)\FaceForensics++_C23\original\301.mp4,.mp4,1320299,already_compressed_or_media
data\train\archive (1)\FaceForensics++_C23\original\302.mp4,.mp4,1576985,already_compressed_or_media
data\train\archive (1)\FaceForensics++_C23\original\303.mp4,.mp4,1829416,already_compressed_or_media
data\train\archive (1)\FaceForensics++_C23\original\304.mp4,.mp4,971974,already_compressed_or_media
data\train\archive (1)\FaceForensics++_C23\original\305.mp4,.mp4,3284502,already_compressed_or_media
data\train\archive (1)\FaceForensics++_C23\original\306.mp4,.mp4,982651,already_compressed_or_media
data\train\archive (1)\FaceForensics++_C23\original\307.mp4,.mp4,598652,already_compressed_or_media
data\train\archive (1)\FaceForensics++_C23\original\308.mp4,.mp4,1441207,already_compressed_or_media
data\train\archive (1)\FaceForensics++_C23\original\309.mp4,.mp4,1764980,already_compressed_or_media
data\train\archive (1)\FaceForensics++_C23\original\310.mp4,.mp4,2175684,already_compressed_or_media
data\train\archive (1)\FaceForensics++_C23\original\311.mp4,.mp4,1231460,already_compressed_or_media
data\train\archive (1)\FaceForensics++_C23\original\312.mp4,.mp4,1171647,already_compressed_or_media
data\train\archive (1)\FaceForensics++_C23\original\313.mp4,.mp4,754643,already_compressed_or_media
data\train\archive (1)\FaceForensics++_C23\original\314.mp4,.mp4,904970,already_compressed_or_media
data\train\archive (1)\FaceForensics++_C23\original\315.mp4,.mp4,645552,already_compressed_or_media
data\train\archive (1)\FaceForensics++_C23\original\316.mp4,.mp4,718551,already_compressed_or_media
data\train\archive (1)\FaceForensics++_C23\original\317.mp4,.mp4,1080458,already_compressed_or_media
data\train\archive (1)\FaceForensics++_C23\original\318.mp4,.mp4,913714,already_compressed_or_media
data\train\archive (1)\FaceForensics++_C23\original\319.mp4,.mp4,1440592,already_compressed_or_media
data\train\archive (1)\FaceForensics++_C23\original\320.mp4,.mp4,2708639,already_compressed_or_media
data\train\archive (1)\FaceForensics++_C23\original\321.mp4,.mp4,1242842,already_compressed_or_media
data\train\archive (1)\FaceForensics++_C23\original\322.mp4,.mp4,1148174,already_compressed_or_media
data\train\archive (1)\FaceForensics++_C23\original\323.mp4,.mp4,1282604,already_compressed_or_media
data\train\archive (1)\FaceForensics++_C23\original\324.mp4,.mp4,2571411,already_compressed_or_media
data\train\archive (1)\FaceForensics++_C23\original\325.mp4,.mp4,9678985,already_compressed_or_media
data\train\archive (1)\FaceForensics++_C23\original\326.mp4,.mp4,1594580,already_compressed_or_media
data\train\archive (1)\FaceForensics++_C23\original\327.mp4,.mp4,624862,already_compressed_or_media
data\train\archive (1)\FaceForensics++_C23\original\328.mp4,.mp4,1533808,already_compressed_or_media
data\train\archive (1)\FaceForensics++_C23\original\329.mp4,.mp4,476848,already_compressed_or_media
data\train\archive (1)\FaceForensics++_C23\original\330.mp4,.mp4,1828620,already_compressed_or_media
data\train\archive (1)\FaceForensics++_C23\original\331.mp4,.mp4,1503475,already_compressed_or_media
data\train\archive (1)\FaceForensics++_C23\original\332.mp4,.mp4,5584178,already_compressed_or_media
data\train\archive (1)\FaceForensics++_C23\original\333.mp4,.mp4,1106007,already_compressed_or_media
data\train\archive (1)\FaceForensics++_C23\original\334.mp4,.mp4,3161971,already_compressed_or_media
data\train\archive (1)\FaceForensics++_C23\original\335.mp4,.mp4,1482549,already_compressed_or_media
data\train\archive (1)\FaceForensics++_C23\original\336.mp4,.mp4,858760,already_compressed_or_media
data\train\archive (1)\FaceForensics++_C23\original\337.mp4,.mp4,856651,already_compressed_or_media
data\train\archive (1)\FaceForensics++_C23\original\338.mp4,.mp4,1839453,already_compressed_or_media
data\train\archive (1)\FaceForensics++_C23\original\339.mp4,.mp4,621771,already_compressed_or_media
data\train\archive (1)\FaceForensics++_C23\original\340.mp4,.mp4,2531434,already_compressed_or_media
data\train\archive (1)\FaceForensics++_C23\original\341.mp4,.mp4,6342746,already_compressed_or_media
data\train\archive (1)\FaceForensics++_C23\original\342.mp4,.mp4,1257230,already_compressed_or_media
data\train\archive (1)\FaceForensics++_C23\original\343.mp4,.mp4,397063,already_compressed_or_media
data\train\archive (1)\FaceForensics++_C23\original\344.mp4,.mp4,3136075,already_compressed_or_media
data\train\archive (1)\FaceForensics++_C23\original\345.mp4,.mp4,876666,already_compressed_or_media
data\train\archive (1)\FaceForensics++_C23\original\346.mp4,.mp4,701989,already_compressed_or_media
data\train\archive (1)\FaceForensics++_C23\original\347.mp4,.mp4,716101,already_compressed_or_media
data\train\archive (1)\FaceForensics++_C23\original\348.mp4,.mp4,547748,already_compressed_or_media
data\train\archive (1)\FaceForensics++_C23\original\349.mp4,.mp4,1696612,already_compressed_or_media
data\train\archive (1)\FaceForensics++_C23\original\350.mp4,.mp4,1082698,already_compressed_or_media
data\train\archive (1)\FaceForensics++_C23\original\351.mp4,.mp4,1077459,already_compressed_or_media
data\train\archive (1)\FaceForensics++_C23\original\352.mp4,.mp4,1392086,already_compressed_or_media
data\train\archive (1)\FaceForensics++_C23\original\353.mp4,.mp4,1693574,already_compressed_or_media
data\train\archive (1)\FaceForensics++_C23\original\354.mp4,.mp4,1996278,already_compressed_or_media
data\train\archive (1)\FaceForensics++_C23\original\355.mp4,.mp4,5471467,already_compressed_or_media
data\train\archive (1)\FaceForensics++_C23\original\356.mp4,.mp4,3065583,already_compressed_or_media
data\train\archive (1)\FaceForensics++_C23\original\357.mp4,.mp4,533528,already_compressed_or_media
data\train\archive (1)\FaceForensics++_C23\original\358.mp4,.mp4,775381,already_compressed_or_media
data\train\archive (1)\FaceForensics++_C23\original\359.mp4,.mp4,847670,already_compressed_or_media
data\train\archive (1)\FaceForensics++_C23\original\360.mp4,.mp4,2200053,already_compressed_or_media
data\train\archive (1)\FaceForensics++_C23\original\361.mp4,.mp4,3089862,already_compressed_or_media
data\train\archive (1)\FaceForensics++_C23\original\362.mp4,.mp4,1926752,already_compressed_or_media
data\train\archive (1)\FaceForensics++_C23\original\363.mp4,.mp4,968145,already_compressed_or_media
data\train\archive (1)\FaceForensics++_C23\original\364.mp4,.mp4,2172471,already_compressed_or_media
data\train\archive (1)\FaceForensics++_C23\original\365.mp4,.mp4,417592,already_compressed_or_media
data\train\archive (1)\FaceForensics++_C23\original\366.mp4,.mp4,894672,already_compressed_or_media
data\train\archive (1)\FaceForensics++_C23\original\367.mp4,.mp4,1002675,already_compressed_or_media
data\train\archive (1)\FaceForensics++_C23\original\368.mp4,.mp4,1245867,already_compressed_or_media
data\train\archive (1)\FaceForensics++_C23\original\369.mp4,.mp4,721069,already_compressed_or_media
data\train\archive (1)\FaceForensics++_C23\original\370.mp4,.mp4,3957011,already_compressed_or_media
data\train\archive (1)\FaceForensics++_C23\original\371.mp4,.mp4,1573839,already_compressed_or_media
data\train\archive (1)\FaceForensics++_C23\original\372.mp4,.mp4,1084936,already_compressed_or_media
data\train\archive (1)\FaceForensics++_C23\original\373.mp4,.mp4,2706919,already_compressed_or_media
data\train\archive (1)\FaceForensics++_C23\original\374.mp4,.mp4,1648744,already_compressed_or_media
data\train\archive (1)\FaceForensics++_C23\original\375.mp4,.mp4,1877563,already_compressed_or_media
data\train\archive (1)\FaceForensics++_C23\original\376.mp4,.mp4,1807071,already_compressed_or_media
data\train\archive (1)\FaceForensics++_C23\original\377.mp4,.mp4,735522,already_compressed_or_media
data\train\archive (1)\FaceForensics++_C23\original\378.mp4,.mp4,3987057,already_compressed_or_media
data\train\archive (1)\FaceForensics++_C23\original\379.mp4,.mp4,992046,already_compressed_or_media
data\train\archive (1)\FaceForensics++_C23\original\380.mp4,.mp4,651080,already_compressed_or_media
data\train\archive (1)\FaceForensics++_C23\original\381.mp4,.mp4,1634197,already_compressed_or_media
data\train\archive (1)\FaceForensics++_C23\original\382.mp4,.mp4,732553,already_compressed_or_media
data\train\archive (1)\FaceForensics++_C23\original\383.mp4,.mp4,2936807,already_compressed_or_media
data\train\archive (1)\FaceForensics++_C23\original\384.mp4,.mp4,3413956,already_compressed_or_media
data\train\archive (1)\FaceForensics++_C23\original\385.mp4,.mp4,1674704,already_compressed_or_media
data\train\archive (1)\FaceForensics++_C23\original\386.mp4,.mp4,3640145,already_compressed_or_media
data\train\archive (1)\FaceForensics++_C23\original\387.mp4,.mp4,1227588,already_compressed_or_media
data\train\archive (1)\FaceForensics++_C23\original\388.mp4,.mp4,1052288,already_compressed_or_media
data\train\archive (1)\FaceForensics++_C23\original\389.mp4,.mp4,3036364,already_compressed_or_media
data\train\archive (1)\FaceForensics++_C23\original\390.mp4,.mp4,5868268,already_compressed_or_media
data\train\archive (1)\FaceForensics++_C23\original\391.mp4,.mp4,724019,already_compressed_or_media
data\train\archive (1)\FaceForensics++_C23\original\392.mp4,.mp4,7562076,already_compressed_or_media
data\train\archive (1)\FaceForensics++_C23\original\393.mp4,.mp4,1203628,already_compressed_or_media
data\train\archive (1)\FaceForensics++_C23\original\394.mp4,.mp4,1538697,already_compressed_or_media
data\train\archive (1)\FaceForensics++_C23\original\395.mp4,.mp4,1256639,already_compressed_or_media
data\train\archive (1)\FaceForensics++_C23\original\396.mp4,.mp4,1718168,already_compressed_or_media
data\train\archive (1)\FaceForensics++_C23\original\397.mp4,.mp4,3797002,already_compressed_or_media
data\train\archive (1)\FaceForensics++_C23\original\398.mp4,.mp4,1311546,already_compressed_or_media
data\train\archive (1)\FaceForensics++_C23\original\399.mp4,.mp4,3607975,already_compressed_or_media
data\train\archive (1)\FaceForensics++_C23\original\400.mp4,.mp4,1599270,already_compressed_or_media
data\train\archive (1)\FaceForensics++_C23\original\401.mp4,.mp4,2050792,already_compressed_or_media
data\train\archive (1)\FaceForensics++_C23\original\402.mp4,.mp4,4878464,already_compressed_or_media
data\train\archive (1)\FaceForensics++_C23\original\403.mp4,.mp4,949379,already_compressed_or_media
data\train\archive (1)\FaceForensics++_C23\original\404.mp4,.mp4,6759163,already_compressed_or_media
data\train\archive (1)\FaceForensics++_C23\original\405.mp4,.mp4,1050993,already_compressed_or_media
data\train\archive (1)\FaceForensics++_C23\original\406.mp4,.mp4,1498478,already_compressed_or_media
data\train\archive (1)\FaceForensics++_C23\original\407.mp4,.mp4,1367607,already_compressed_or_media
data\train\archive (1)\FaceForensics++_C23\original\408.mp4,.mp4,1592504,already_compressed_or_media
data\train\archive (1)\FaceForensics++_C23\original\409.mp4,.mp4,502596,already_compressed_or_media
data\train\archive (1)\FaceForensics++_C23\original\410.mp4,.mp4,4991282,already_compressed_or_media
data\train\archive (1)\FaceForensics++_C23\original\411.mp4,.mp4,7082383,already_compressed_or_media
data\train\archive (1)\FaceForensics++_C23\original\412.mp4,.mp4,1808630,already_compressed_or_media
data\train\archive (1)\FaceForensics++_C23\original\413.mp4,.mp4,717665,already_compressed_or_media
data\train\archive (1)\FaceForensics++_C23\original\414.mp4,.mp4,6591897,already_compressed_or_media
data\train\archive (1)\FaceForensics++_C23\original\415.mp4,.mp4,686750,already_compressed_or_media
data\train\archive (1)\FaceForensics++_C23\original\416.mp4,.mp4,1744195,already_compressed_or_media
data\train\archive (1)\FaceForensics++_C23\original\417.mp4,.mp4,2238233,already_compressed_or_media
data\train\archive (1)\FaceForensics++_C23\original\418.mp4,.mp4,1735542,already_compressed_or_media
data\train\archive (1)\FaceForensics++_C23\original\419.mp4,.mp4,2112441,already_compressed_or_media
data\train\archive (1)\FaceForensics++_C23\original\420.mp4,.mp4,1947914,already_compressed_or_media
data\train\archive (1)\FaceForensics++_C23\original\421.mp4,.mp4,1859282,already_compressed_or_media
data\train\archive (1)\FaceForensics++_C23\original\422.mp4,.mp4,4902331,already_compressed_or_media
data\train\archive (1)\FaceForensics++_C23\original\423.mp4,.mp4,3558932,already_compressed_or_media
data\train\archive (1)\FaceForensics++_C23\original\424.mp4,.mp4,585325,already_compressed_or_media
data\train\archive (1)\FaceForensics++_C23\original\425.mp4,.mp4,796397,already_compressed_or_media
data\train\archive (1)\FaceForensics++_C23\original\426.mp4,.mp4,4791272,already_compressed_or_media
data\train\archive (1)\FaceForensics++_C23\original\427.mp4,.mp4,844747,already_compressed_or_media
data\train\archive (1)\FaceForensics++_C23\original\428.mp4,.mp4,1825405,already_compressed_or_media
data\train\archive (1)\FaceForensics++_C23\original\429.mp4,.mp4,1104402,already_compressed_or_media
data\train\archive (1)\FaceForensics++_C23\original\430.mp4,.mp4,2782118,already_compressed_or_media
data\train\archive (1)\FaceForensics++_C23\original\431.mp4,.mp4,2112222,already_compressed_or_media
data\train\archive (1)\FaceForensics++_C23\original\432.mp4,.mp4,634130,already_compressed_or_media
data\train\archive (1)\FaceForensics++_C23\original\433.mp4,.mp4,2563260,already_compressed_or_media
data\train\archive (1)\FaceForensics++_C23\original\434.mp4,.mp4,509365,already_compressed_or_media
data\train\archive (1)\FaceForensics++_C23\original\435.mp4,.mp4,1033922,already_compressed_or_media
data\train\archive (1)\FaceForensics++_C23\original\436.mp4,.mp4,2561830,already_compressed_or_media
data\train\archive (1)\FaceForensics++_C23\original\437.mp4,.mp4,4361465,already_compressed_or_media
data\train\archive (1)\FaceForensics++_C23\original\438.mp4,.mp4,681892,already_compressed_or_media
data\train\archive (1)\FaceForensics++_C23\original\439.mp4,.mp4,931636,already_compressed_or_media
data\train\archive (1)\FaceForensics++_C23\original\440.mp4,.mp4,573182,already_compressed_or_media
data\train\archive (1)\FaceForensics++_C23\original\441.mp4,.mp4,673170,already_compressed_or_media
data\train\archive (1)\FaceForensics++_C23\original\442.mp4,.mp4,4088188,already_compressed_or_media
data\train\archive (1)\FaceForensics++_C23\original\443.mp4,.mp4,1677642,already_compressed_or_media
data\train\archive (1)\FaceForensics++_C23\original\444.mp4,.mp4,907170,already_compressed_or_media
data\train\archive (1)\FaceForensics++_C23\original\445.mp4,.mp4,4005429,already_compressed_or_media
data\train\archive (1)\FaceForensics++_C23\original\446.mp4,.mp4,4551855,already_compressed_or_media
data\train\archive (1)\FaceForensics++_C23\original\447.mp4,.mp4,615569,already_compressed_or_media
data\train\archive (1)\FaceForensics++_C23\original\448.mp4,.mp4,2210768,already_compressed_or_media
data\train\archive (1)\FaceForensics++_C23\original\449.mp4,.mp4,1565332,already_compressed_or_media
data\train\archive (1)\FaceForensics++_C23\original\450.mp4,.mp4,6816700,already_compressed_or_media
data\train\archive (1)\FaceForensics++_C23\original\451.mp4,.mp4,1541969,already_compressed_or_media
data\train\archive (1)\FaceForensics++_C23\original\452.mp4,.mp4,1079641,already_compressed_or_media
data\train\archive (1)\FaceForensics++_C23\original\453.mp4,.mp4,2442257,already_compressed_or_media
data\train\archive (1)\FaceForensics++_C23\original\454.mp4,.mp4,1189072,already_compressed_or_media
data\train\archive (1)\FaceForensics++_C23\original\455.mp4,.mp4,1384639,already_compressed_or_media
data\train\archive (1)\FaceForensics++_C23\original\456.mp4,.mp4,3674645,already_compressed_or_media
data\train\archive (1)\FaceForensics++_C23\original\457.mp4,.mp4,1284931,already_compressed_or_media
data\train\archive (1)\FaceForensics++_C23\original\458.mp4,.mp4,808723,already_compressed_or_media
data\train\archive (1)\FaceForensics++_C23\original\459.mp4,.mp4,4509539,already_compressed_or_media
data\train\archive (1)\FaceForensics++_C23\original\460.mp4,.mp4,2759044,already_compressed_or_media
data\train\archive (1)\FaceForensics++_C23\original\461.mp4,.mp4,2164185,already_compressed_or_media
data\train\archive (1)\FaceForensics++_C23\original\462.mp4,.mp4,1095492,already_compressed_or_media
data\train\archive (1)\FaceForensics++_C23\original\463.mp4,.mp4,848867,already_compressed_or_media
data\train\archive (1)\FaceForensics++_C23\original\464.mp4,.mp4,972212,already_compressed_or_media
data\train\archive (1)\FaceForensics++_C23\original\465.mp4,.mp4,1550194,already_compressed_or_media
data\train\archive (1)\FaceForensics++_C23\original\466.mp4,.mp4,1677661,already_compressed_or_media
data\train\archive (1)\FaceForensics++_C23\original\467.mp4,.mp4,806331,already_compressed_or_media
data\train\archive (1)\FaceForensics++_C23\original\468.mp4,.mp4,1301816,already_compressed_or_media
data\train\archive (1)\FaceForensics++_C23\original\469.mp4,.mp4,937610,already_compressed_or_media
data\train\archive (1)\FaceForensics++_C23\original\470.mp4,.mp4,1133497,already_compressed_or_media
data\train\archive (1)\FaceForensics++_C23\original\471.mp4,.mp4,925603,already_compressed_or_media
data\train\archive (1)\FaceForensics++_C23\original\472.mp4,.mp4,338457,already_compressed_or_media
data\train\archive (1)\FaceForensics++_C23\original\473.mp4,.mp4,949799,already_compressed_or_media
data\train\archive (1)\FaceForensics++_C23\original\474.mp4,.mp4,1294140,already_compressed_or_media
data\train\archive (1)\FaceForensics++_C23\original\475.mp4,.mp4,1592175,already_compressed_or_media
data\train\archive (1)\FaceForensics++_C23\original\476.mp4,.mp4,1205678,already_compressed_or_media
data\train\archive (1)\FaceForensics++_C23\original\477.mp4,.mp4,1568515,already_compressed_or_media
data\train\archive (1)\FaceForensics++_C23\original\478.mp4,.mp4,952247,already_compressed_or_media
data\train\archive (1)\FaceForensics++_C23\original\479.mp4,.mp4,4576577,already_compressed_or_media
data\train\archive (1)\FaceForensics++_C23\original\480.mp4,.mp4,2313542,already_compressed_or_media
data\train\archive (1)\FaceForensics++_C23\original\481.mp4,.mp4,2641626,already_compressed_or_media
data\train\archive (1)\FaceForensics++_C23\original\482.mp4,.mp4,1138128,already_compressed_or_media
data\train\archive (1)\FaceForensics++_C23\original\483.mp4,.mp4,1182541,already_compressed_or_media
data\train\archive (1)\FaceForensics++_C23\original\484.mp4,.mp4,415035,already_compressed_or_media
data\train\archive (1)\FaceForensics++_C23\original\485.mp4,.mp4,1843549,already_compressed_or_media
data\train\archive (1)\FaceForensics++_C23\original\486.mp4,.mp4,885221,already_compressed_or_media
data\train\archive (1)\FaceForensics++_C23\original\487.mp4,.mp4,1813433,already_compressed_or_media
data\train\archive (1)\FaceForensics++_C23\original\488.mp4,.mp4,1066243,already_compressed_or_media
data\train\archive (1)\FaceForensics++_C23\original\489.mp4,.mp4,2693795,already_compressed_or_media
data\train\archive (1)\FaceForensics++_C23\original\490.mp4,.mp4,5556645,already_compressed_or_media
data\train\archive (1)\FaceForensics++_C23\original\491.mp4,.mp4,4406832,already_compressed_or_media
data\train\archive (1)\FaceForensics++_C23\original\492.mp4,.mp4,1440259,already_compressed_or_media
data\train\archive (1)\FaceForensics++_C23\original\493.mp4,.mp4,980495,already_compressed_or_media
data\train\archive (1)\FaceForensics++_C23\original\494.mp4,.mp4,3632803,already_compressed_or_media
data\train\archive (1)\FaceForensics++_C23\original\495.mp4,.mp4,1155488,already_compressed_or_media
data\train\archive (1)\FaceForensics++_C23\original\496.mp4,.mp4,2175201,already_compressed_or_media
data\train\archive (1)\FaceForensics++_C23\original\497.mp4,.mp4,1509531,already_compressed_or_media
data\train\archive (1)\FaceForensics++_C23\original\498.mp4,.mp4,955266,already_compressed_or_media
data\train\archive (1)\FaceForensics++_C23\original\499.mp4,.mp4,2387933,already_compressed_or_media
data\train\archive (1)\FaceForensics++_C23\original\500.mp4,.mp4,2787124,already_compressed_or_media
data\train\archive (1)\FaceForensics++_C23\original\501.mp4,.mp4,771874,already_compressed_or_media
data\train\archive (1)\FaceForensics++_C23\original\502.mp4,.mp4,1780366,already_compressed_or_media
data\train\archive (1)\FaceForensics++_C23\original\503.mp4,.mp4,892397,already_compressed_or_media
data\train\archive (1)\FaceForensics++_C23\original\504.mp4,.mp4,1098437,already_compressed_or_media
data\train\archive (1)\FaceForensics++_C23\original\505.mp4,.mp4,508307,already_compressed_or_media
data\train\archive (1)\FaceForensics++_C23\original\506.mp4,.mp4,1362290,already_compressed_or_media
data\train\archive (1)\FaceForensics++_C23\original\507.mp4,.mp4,8008215,already_compressed_or_media
data\train\archive (1)\FaceForensics++_C23\original\508.mp4,.mp4,5075380,already_compressed_or_media
data\train\archive (1)\FaceForensics++_C23\original\509.mp4,.mp4,2029878,already_compressed_or_media
data\train\archive (1)\FaceForensics++_C23\original\510.mp4,.mp4,1485771,already_compressed_or_media
data\train\archive (1)\FaceForensics++_C23\original\511.mp4,.mp4,1562128,already_compressed_or_media
data\train\archive (1)\FaceForensics++_C23\original\512.mp4,.mp4,1633840,already_compressed_or_media
data\train\archive (1)\FaceForensics++_C23\original\513.mp4,.mp4,2843738,already_compressed_or_media
data\train\archive (1)\FaceForensics++_C23\original\514.mp4,.mp4,852765,already_compressed_or_media
data\train\archive (1)\FaceForensics++_C23\original\515.mp4,.mp4,1973310,already_compressed_or_media
data\train\archive (1)\FaceForensics++_C23\original\516.mp4,.mp4,3188034,already_compressed_or_media
data\train\archive (1)\FaceForensics++_C23\original\517.mp4,.mp4,649370,already_compressed_or_media
data\train\archive (1)\FaceForensics++_C23\original\518.mp4,.mp4,719588,already_compressed_or_media
data\train\archive (1)\FaceForensics++_C23\original\519.mp4,.mp4,2321148,already_compressed_or_media
data\train\archive (1)\FaceForensics++_C23\original\520.mp4,.mp4,1534139,already_compressed_or_media
data\train\archive (1)\FaceForensics++_C23\original\521.mp4,.mp4,645992,already_compressed_or_media
data\train\archive (1)\FaceForensics++_C23\original\522.mp4,.mp4,1075964,already_compressed_or_media
data\train\archive (1)\FaceForensics++_C23\original\523.mp4,.mp4,912723,already_compressed_or_media
data\train\archive (1)\FaceForensics++_C23\original\524.mp4,.mp4,920114,already_compressed_or_media
data\train\archive (1)\FaceForensics++_C23\original\525.mp4,.mp4,667453,already_compressed_or_media
data\train\archive (1)\FaceForensics++_C23\original\526.mp4,.mp4,3130682,already_compressed_or_media
data\train\archive (1)\FaceForensics++_C23\original\527.mp4,.mp4,882919,already_compressed_or_media
data\train\archive (1)\FaceForensics++_C23\original\528.mp4,.mp4,1295531,already_compressed_or_media
data\train\archive (1)\FaceForensics++_C23\original\529.mp4,.mp4,3389406,already_compressed_or_media
data\train\archive (1)\FaceForensics++_C23\original\530.mp4,.mp4,4044061,already_compressed_or_media
data\train\archive (1)\FaceForensics++_C23\original\531.mp4,.mp4,863663,already_compressed_or_media
data\train\archive (1)\FaceForensics++_C23\original\532.mp4,.mp4,1299074,already_compressed_or_media
data\train\archive (1)\FaceForensics++_C23\original\533.mp4,.mp4,3726760,already_compressed_or_media
data\train\archive (1)\FaceForensics++_C23\original\534.mp4,.mp4,1718569,already_compressed_or_media
data\train\archive (1)\FaceForensics++_C23\original\535.mp4,.mp4,904316,already_compressed_or_media
data\train\archive (1)\FaceForensics++_C23\original\536.mp4,.mp4,2136780,already_compressed_or_media
data\train\archive (1)\FaceForensics++_C23\original\537.mp4,.mp4,2093622,already_compressed_or_media
data\train\archive (1)\FaceForensics++_C23\original\538.mp4,.mp4,1179640,already_compressed_or_media
data\train\archive (1)\FaceForensics++_C23\original\539.mp4,.mp4,453904,already_compressed_or_media
data\train\archive (1)\FaceForensics++_C23\original\540.mp4,.mp4,2657573,already_compressed_or_media
data\train\archive (1)\FaceForensics++_C23\original\541.mp4,.mp4,432788,already_compressed_or_media
data\train\archive (1)\FaceForensics++_C23\original\542.mp4,.mp4,1221978,already_compressed_or_media
data\train\archive (1)\FaceForensics++_C23\original\543.mp4,.mp4,1314445,already_compressed_or_media
data\train\archive (1)\FaceForensics++_C23\original\544.mp4,.mp4,1646425,already_compressed_or_media
data\train\archive (1)\FaceForensics++_C23\original\545.mp4,.mp4,1000999,already_compressed_or_media
data\train\archive (1)\FaceForensics++_C23\original\546.mp4,.mp4,1200336,already_compressed_or_media
data\train\archive (1)\FaceForensics++_C23\original\547.mp4,.mp4,3849434,already_compressed_or_media
data\train\archive (1)\FaceForensics++_C23\original\548.mp4,.mp4,2787241,already_compressed_or_media
data\train\archive (1)\FaceForensics++_C23\original\549.mp4,.mp4,14108187,already_compressed_or_media
data\train\archive (1)\FaceForensics++_C23\original\550.mp4,.mp4,640725,already_compressed_or_media
data\train\archive (1)\FaceForensics++_C23\original\551.mp4,.mp4,5072209,already_compressed_or_media
data\train\archive (1)\FaceForensics++_C23\original\552.mp4,.mp4,1349198,already_compressed_or_media
data\train\archive (1)\FaceForensics++_C23\original\553.mp4,.mp4,549689,already_compressed_or_media
data\train\archive (1)\FaceForensics++_C23\original\554.mp4,.mp4,2750976,already_compressed_or_media
data\train\archive (1)\FaceForensics++_C23\original\555.mp4,.mp4,7235489,already_compressed_or_media
data\train\archive (1)\FaceForensics++_C23\original\556.mp4,.mp4,547490,already_compressed_or_media
data\train\archive (1)\FaceForensics++_C23\original\557.mp4,.mp4,946835,already_compressed_or_media
data\train\archive (1)\FaceForensics++_C23\original\558.mp4,.mp4,3359205,already_compressed_or_media
data\train\archive (1)\FaceForensics++_C23\original\559.mp4,.mp4,2445232,already_compressed_or_media
data\train\archive (1)\FaceForensics++_C23\original\560.mp4,.mp4,437577,already_compressed_or_media
data\train\archive (1)\FaceForensics++_C23\original\561.mp4,.mp4,3204918,already_compressed_or_media
data\train\archive (1)\FaceForensics++_C23\original\562.mp4,.mp4,3188468,already_compressed_or_media
data\train\archive (1)\FaceForensics++_C23\original\563.mp4,.mp4,639871,already_compressed_or_media
data\train\archive (1)\FaceForensics++_C23\original\564.mp4,.mp4,4246291,already_compressed_or_media
data\train\archive (1)\FaceForensics++_C23\original\565.mp4,.mp4,883544,already_compressed_or_media
data\train\archive (1)\FaceForensics++_C23\original\566.mp4,.mp4,3074083,already_compressed_or_media
data\train\archive (1)\FaceForensics++_C23\original\567.mp4,.mp4,675213,already_compressed_or_media
data\train\archive (1)\FaceForensics++_C23\original\568.mp4,.mp4,1049023,already_compressed_or_media
data\train\archive (1)\FaceForensics++_C23\original\569.mp4,.mp4,3170390,already_compressed_or_media
data\train\archive (1)\FaceForensics++_C23\original\570.mp4,.mp4,1857937,already_compressed_or_media
data\train\archive (1)\FaceForensics++_C23\original\571.mp4,.mp4,3048771,already_compressed_or_media
data\train\archive (1)\FaceForensics++_C23\original\572.mp4,.mp4,1461507,already_compressed_or_media
data\train\archive (1)\FaceForensics++_C23\original\573.mp4,.mp4,3080913,already_compressed_or_media
data\train\archive (1)\FaceForensics++_C23\original\574.mp4,.mp4,932867,already_compressed_or_media
data\train\archive (1)\FaceForensics++_C23\original\575.mp4,.mp4,3452168,already_compressed_or_media
data\train\archive (1)\FaceForensics++_C23\original\576.mp4,.mp4,2977083,already_compressed_or_media
data\train\archive (1)\FaceForensics++_C23\original\577.mp4,.mp4,2503889,already_compressed_or_media
data\train\archive (1)\FaceForensics++_C23\original\578.mp4,.mp4,2049752,already_compressed_or_media
data\train\archive (1)\FaceForensics++_C23\original\579.mp4,.mp4,3486638,already_compressed_or_media
data\train\archive (1)\FaceForensics++_C23\original\580.mp4,.mp4,1132152,already_compressed_or_media
data\train\archive (1)\FaceForensics++_C23\original\581.mp4,.mp4,4584313,already_compressed_or_media
data\train\archive (1)\FaceForensics++_C23\original\582.mp4,.mp4,1899914,already_compressed_or_media
data\train\archive (1)\FaceForensics++_C23\original\583.mp4,.mp4,1756380,already_compressed_or_media
data\train\archive (1)\FaceForensics++_C23\original\584.mp4,.mp4,1978619,already_compressed_or_media
data\train\archive (1)\FaceForensics++_C23\original\585.mp4,.mp4,1626367,already_compressed_or_media
data\train\archive (1)\FaceForensics++_C23\original\586.mp4,.mp4,3787747,already_compressed_or_media
data\train\archive (1)\FaceForensics++_C23\original\587.mp4,.mp4,961958,already_compressed_or_media
data\train\archive (1)\FaceForensics++_C23\original\588.mp4,.mp4,1050028,already_compressed_or_media
data\train\archive (1)\FaceForensics++_C23\original\589.mp4,.mp4,1590154,already_compressed_or_media
data\train\archive (1)\FaceForensics++_C23\original\590.mp4,.mp4,6605000,already_compressed_or_media
data\train\archive (1)\FaceForensics++_C23\original\591.mp4,.mp4,2861181,already_compressed_or_media
data\train\archive (1)\FaceForensics++_C23\original\592.mp4,.mp4,541015,already_compressed_or_media
data\train\archive (1)\FaceForensics++_C23\original\593.mp4,.mp4,4275712,already_compressed_or_media
data\train\archive (1)\FaceForensics++_C23\original\594.mp4,.mp4,1154600,already_compressed_or_media
data\train\archive (1)\FaceForensics++_C23\original\595.mp4,.mp4,2160256,already_compressed_or_media
data\train\archive (1)\FaceForensics++_C23\original\596.mp4,.mp4,1219887,already_compressed_or_media
data\train\archive (1)\FaceForensics++_C23\original\597.mp4,.mp4,504602,already_compressed_or_media
data\train\archive (1)\FaceForensics++_C23\original\598.mp4,.mp4,684277,already_compressed_or_media
data\train\archive (1)\FaceForensics++_C23\original\599.mp4,.mp4,2104640,already_compressed_or_media
data\train\archive (1)\FaceForensics++_C23\original\600.mp4,.mp4,969456,already_compressed_or_media
data\train\archive (1)\FaceForensics++_C23\original\601.mp4,.mp4,569798,already_compressed_or_media
data\train\archive (1)\FaceForensics++_C23\original\602.mp4,.mp4,6679751,already_compressed_or_media
data\train\archive (1)\FaceForensics++_C23\original\603.mp4,.mp4,1364825,already_compressed_or_media
data\train\archive (1)\FaceForensics++_C23\original\604.mp4,.mp4,2820505,already_compressed_or_media
data\train\archive (1)\FaceForensics++_C23\original\605.mp4,.mp4,1174386,already_compressed_or_media
data\train\archive (1)\FaceForensics++_C23\original\606.mp4,.mp4,558617,already_compressed_or_media
data\train\archive (1)\FaceForensics++_C23\original\607.mp4,.mp4,4234177,already_compressed_or_media
data\train\archive (1)\FaceForensics++_C23\original\608.mp4,.mp4,1827217,already_compressed_or_media
data\train\archive (1)\FaceForensics++_C23\original\609.mp4,.mp4,1699561,already_compressed_or_media
data\train\archive (1)\FaceForensics++_C23\original\610.mp4,.mp4,2022140,already_compressed_or_media
data\train\archive (1)\FaceForensics++_C23\original\611.mp4,.mp4,788891,already_compressed_or_media
data\train\archive (1)\FaceForensics++_C23\original\612.mp4,.mp4,2150571,already_compressed_or_media
data\train\archive (1)\FaceForensics++_C23\original\613.mp4,.mp4,1281612,already_compressed_or_media
data\train\archive (1)\FaceForensics++_C23\original\614.mp4,.mp4,2138370,already_compressed_or_media
data\train\archive (1)\FaceForensics++_C23\original\615.mp4,.mp4,1858911,already_compressed_or_media
data\train\archive (1)\FaceForensics++_C23\original\616.mp4,.mp4,1531222,already_compressed_or_media
data\train\archive (1)\FaceForensics++_C23\original\617.mp4,.mp4,645417,already_compressed_or_media
data\train\archive (1)\FaceForensics++_C23\original\618.mp4,.mp4,2097337,already_compressed_or_media
data\train\archive (1)\FaceForensics++_C23\original\619.mp4,.mp4,1082965,already_compressed_or_media
data\train\archive (1)\FaceForensics++_C23\original\620.mp4,.mp4,4848007,already_compressed_or_media
data\train\archive (1)\FaceForensics++_C23\original\621.mp4,.mp4,1742281,already_compressed_or_media
data\train\archive (1)\FaceForensics++_C23\original\622.mp4,.mp4,1150989,already_compressed_or_media
data\train\archive (1)\FaceForensics++_C23\original\623.mp4,.mp4,701381,already_compressed_or_media
data\train\archive (1)\FaceForensics++_C23\original\624.mp4,.mp4,1456116,already_compressed_or_media
data\train\archive (1)\FaceForensics++_C23\original\625.mp4,.mp4,647267,already_compressed_or_media
data\train\archive (1)\FaceForensics++_C23\original\626.mp4,.mp4,1771036,already_compressed_or_media
data\train\archive (1)\FaceForensics++_C23\original\627.mp4,.mp4,905053,already_compressed_or_media
data\train\archive (1)\FaceForensics++_C23\original\628.mp4,.mp4,1389470,already_compressed_or_media
data\train\archive (1)\FaceForensics++_C23\original\629.mp4,.mp4,3563549,already_compressed_or_media
data\train\archive (1)\FaceForensics++_C23\original\630.mp4,.mp4,1341737,already_compressed_or_media
data\train\archive (1)\FaceForensics++_C23\original\631.mp4,.mp4,1123289,already_compressed_or_media
data\train\archive (1)\FaceForensics++_C23\original\632.mp4,.mp4,4222549,already_compressed_or_media
data\train\archive (1)\FaceForensics++_C23\original\633.mp4,.mp4,2268008,already_compressed_or_media
data\train\archive (1)\FaceForensics++_C23\original\634.mp4,.mp4,1537094,already_compressed_or_media
data\train\archive (1)\FaceForensics++_C23\original\635.mp4,.mp4,1669179,already_compressed_or_media
data\train\archive (1)\FaceForensics++_C23\original\636.mp4,.mp4,583352,already_compressed_or_media
data\train\archive (1)\FaceForensics++_C23\original\637.mp4,.mp4,1150513,already_compressed_or_media
data\train\archive (1)\FaceForensics++_C23\original\638.mp4,.mp4,2907565,already_compressed_or_media
data\train\archive (1)\FaceForensics++_C23\original\639.mp4,.mp4,2654672,already_compressed_or_media
data\train\archive (1)\FaceForensics++_C23\original\640.mp4,.mp4,1412067,already_compressed_or_media
data\train\archive (1)\FaceForensics++_C23\original\641.mp4,.mp4,2548868,already_compressed_or_media
data\train\archive (1)\FaceForensics++_C23\original\642.mp4,.mp4,1610730,already_compressed_or_media
data\train\archive (1)\FaceForensics++_C23\original\643.mp4,.mp4,1529002,already_compressed_or_media
data\train\archive (1)\FaceForensics++_C23\original\644.mp4,.mp4,908367,already_compressed_or_media
data\train\archive (1)\FaceForensics++_C23\original\645.mp4,.mp4,6660739,already_compressed_or_media
data\train\archive (1)\FaceForensics++_C23\original\646.mp4,.mp4,607960,already_compressed_or_media
data\train\archive (1)\FaceForensics++_C23\original\647.mp4,.mp4,4985487,already_compressed_or_media
data\train\archive (1)\FaceForensics++_C23\original\648.mp4,.mp4,1460749,already_compressed_or_media
data\train\archive (1)\FaceForensics++_C23\original\649.mp4,.mp4,3716775,already_compressed_or_media
data\train\archive (1)\FaceForensics++_C23\original\650.mp4,.mp4,926258,already_compressed_or_media
data\train\archive (1)\FaceForensics++_C23\original\651.mp4,.mp4,2450428,already_compressed_or_media
data\train\archive (1)\FaceForensics++_C23\original\652.mp4,.mp4,1928534,already_compressed_or_media
data\train\archive (1)\FaceForensics++_C23\original\653.mp4,.mp4,1247492,already_compressed_or_media
data\train\archive (1)\FaceForensics++_C23\original\654.mp4,.mp4,766525,already_compressed_or_media
data\train\archive (1)\FaceForensics++_C23\original\655.mp4,.mp4,1904392,already_compressed_or_media
data\train\archive (1)\FaceForensics++_C23\original\656.mp4,.mp4,776215,already_compressed_or_media
data\train\archive (1)\FaceForensics++_C23\original\657.mp4,.mp4,1637740,already_compressed_or_media
data\train\archive (1)\FaceForensics++_C23\original\658.mp4,.mp4,613464,already_compressed_or_media
data\train\archive (1)\FaceForensics++_C23\original\659.mp4,.mp4,1499942,already_compressed_or_media
data\train\archive (1)\FaceForensics++_C23\original\660.mp4,.mp4,3918521,already_compressed_or_media
data\train\archive (1)\FaceForensics++_C23\original\661.mp4,.mp4,3321528,already_compressed_or_media
data\train\archive (1)\FaceForensics++_C23\original\662.mp4,.mp4,3063883,already_compressed_or_media
data\train\archive (1)\FaceForensics++_C23\original\663.mp4,.mp4,524384,already_compressed_or_media
data\train\archive (1)\FaceForensics++_C23\original\664.mp4,.mp4,1280925,already_compressed_or_media
data\train\archive (1)\FaceForensics++_C23\original\665.mp4,.mp4,376905,already_compressed_or_media
data\train\archive (1)\FaceForensics++_C23\original\666.mp4,.mp4,617594,already_compressed_or_media
data\train\archive (1)\FaceForensics++_C23\original\667.mp4,.mp4,6772797,already_compressed_or_media
data\train\archive (1)\FaceForensics++_C23\original\668.mp4,.mp4,959906,already_compressed_or_media
data\train\archive (1)\FaceForensics++_C23\original\669.mp4,.mp4,418686,already_compressed_or_media
data\train\archive (1)\FaceForensics++_C23\original\670.mp4,.mp4,914155,already_compressed_or_media
data\train\archive (1)\FaceForensics++_C23\original\671.mp4,.mp4,1650442,already_compressed_or_media
data\train\archive (1)\FaceForensics++_C23\original\672.mp4,.mp4,1878642,already_compressed_or_media
data\train\archive (1)\FaceForensics++_C23\original\673.mp4,.mp4,1162589,already_compressed_or_media
data\train\archive (1)\FaceForensics++_C23\original\674.mp4,.mp4,879913,already_compressed_or_media
data\train\archive (1)\FaceForensics++_C23\original\675.mp4,.mp4,1271877,already_compressed_or_media
data\train\archive (1)\FaceForensics++_C23\original\676.mp4,.mp4,2030263,already_compressed_or_media
data\train\archive (1)\FaceForensics++_C23\original\677.mp4,.mp4,1730314,already_compressed_or_media
data\train\archive (1)\FaceForensics++_C23\original\678.mp4,.mp4,4839150,already_compressed_or_media
data\train\archive (1)\FaceForensics++_C23\original\679.mp4,.mp4,660257,already_compressed_or_media
data\train\archive (1)\FaceForensics++_C23\original\680.mp4,.mp4,502226,already_compressed_or_media
data\train\archive (1)\FaceForensics++_C23\original\681.mp4,.mp4,3294139,already_compressed_or_media
data\train\archive (1)\FaceForensics++_C23\original\682.mp4,.mp4,1569171,already_compressed_or_media
data\train\archive (1)\FaceForensics++_C23\original\683.mp4,.mp4,2392956,already_compressed_or_media
data\train\archive (1)\FaceForensics++_C23\original\684.mp4,.mp4,4591751,already_compressed_or_media
data\train\archive (1)\FaceForensics++_C23\original\685.mp4,.mp4,2090344,already_compressed_or_media
data\train\archive (1)\FaceForensics++_C23\original\686.mp4,.mp4,1114737,already_compressed_or_media
data\train\archive (1)\FaceForensics++_C23\original\687.mp4,.mp4,1543567,already_compressed_or_media
data\train\archive (1)\FaceForensics++_C23\original\688.mp4,.mp4,3089006,already_compressed_or_media
data\train\archive (1)\FaceForensics++_C23\original\689.mp4,.mp4,759159,already_compressed_or_media
data\train\archive (1)\FaceForensics++_C23\original\690.mp4,.mp4,720581,already_compressed_or_media
data\train\archive (1)\FaceForensics++_C23\original\691.mp4,.mp4,1999301,already_compressed_or_media
data\train\archive (1)\FaceForensics++_C23\original\692.mp4,.mp4,2448657,already_compressed_or_media
data\train\archive (1)\FaceForensics++_C23\original\693.mp4,.mp4,1610973,already_compressed_or_media
data\train\archive (1)\FaceForensics++_C23\original\694.mp4,.mp4,862689,already_compressed_or_media
data\train\archive (1)\FaceForensics++_C23\original\695.mp4,.mp4,2895468,already_compressed_or_media
data\train\archive (1)\FaceForensics++_C23\original\696.mp4,.mp4,707636,already_compressed_or_media
data\train\archive (1)\FaceForensics++_C23\original\697.mp4,.mp4,2259682,already_compressed_or_media
data\train\archive (1)\FaceForensics++_C23\original\698.mp4,.mp4,456538,already_compressed_or_media
data\train\archive (1)\FaceForensics++_C23\original\699.mp4,.mp4,699474,already_compressed_or_media
data\train\archive (1)\FaceForensics++_C23\original\700.mp4,.mp4,1486981,already_compressed_or_media
data\train\archive (1)\FaceForensics++_C23\original\701.mp4,.mp4,3203578,already_compressed_or_media
data\train\archive (1)\FaceForensics++_C23\original\702.mp4,.mp4,4475671,already_compressed_or_media
data\train\archive (1)\FaceForensics++_C23\original\703.mp4,.mp4,1490159,already_compressed_or_media
data\train\archive (1)\FaceForensics++_C23\original\704.mp4,.mp4,695524,already_compressed_or_media
data\train\archive (1)\FaceForensics++_C23\original\705.mp4,.mp4,631228,already_compressed_or_media
data\train\archive (1)\FaceForensics++_C23\original\706.mp4,.mp4,2963396,already_compressed_or_media
data\train\archive (1)\FaceForensics++_C23\original\707.mp4,.mp4,2523082,already_compressed_or_media
data\train\archive (1)\FaceForensics++_C23\original\708.mp4,.mp4,4954911,already_compressed_or_media
data\train\archive (1)\FaceForensics++_C23\original\709.mp4,.mp4,4654861,already_compressed_or_media
data\train\archive (1)\FaceForensics++_C23\original\710.mp4,.mp4,962546,already_compressed_or_media
data\train\archive (1)\FaceForensics++_C23\original\711.mp4,.mp4,2495195,already_compressed_or_media
data\train\archive (1)\FaceForensics++_C23\original\712.mp4,.mp4,2037861,already_compressed_or_media
data\train\archive (1)\FaceForensics++_C23\original\713.mp4,.mp4,7001190,already_compressed_or_media
data\train\archive (1)\FaceForensics++_C23\original\714.mp4,.mp4,2722466,already_compressed_or_media
data\train\archive (1)\FaceForensics++_C23\original\715.mp4,.mp4,1241474,already_compressed_or_media
data\train\archive (1)\FaceForensics++_C23\original\716.mp4,.mp4,1490679,already_compressed_or_media
data\train\archive (1)\FaceForensics++_C23\original\717.mp4,.mp4,1616201,already_compressed_or_media
data\train\archive (1)\FaceForensics++_C23\original\718.mp4,.mp4,6139428,already_compressed_or_media
data\train\archive (1)\FaceForensics++_C23\original\719.mp4,.mp4,489264,already_compressed_or_media
data\train\archive (1)\FaceForensics++_C23\original\720.mp4,.mp4,927301,already_compressed_or_media
data\train\archive (1)\FaceForensics++_C23\original\721.mp4,.mp4,1119768,already_compressed_or_media
data\train\archive (1)\FaceForensics++_C23\original\722.mp4,.mp4,4238084,already_compressed_or_media
data\train\archive (1)\FaceForensics++_C23\original\723.mp4,.mp4,1302799,already_compressed_or_media
data\train\archive (1)\FaceForensics++_C23\original\724.mp4,.mp4,9740475,already_compressed_or_media
data\train\archive (1)\FaceForensics++_C23\original\725.mp4,.mp4,3216074,already_compressed_or_media
data\train\archive (1)\FaceForensics++_C23\original\726.mp4,.mp4,4635328,already_compressed_or_media
data\train\archive (1)\FaceForensics++_C23\original\727.mp4,.mp4,928109,already_compressed_or_media
data\train\archive (1)\FaceForensics++_C23\original\728.mp4,.mp4,945088,already_compressed_or_media
data\train\archive (1)\FaceForensics++_C23\original\729.mp4,.mp4,1091142,already_compressed_or_media
data\train\archive (1)\FaceForensics++_C23\original\730.mp4,.mp4,2757089,already_compressed_or_media
data\train\archive (1)\FaceForensics++_C23\original\731.mp4,.mp4,1302294,already_compressed_or_media
data\train\archive (1)\FaceForensics++_C23\original\732.mp4,.mp4,1066984,already_compressed_or_media
data\train\archive (1)\FaceForensics++_C23\original\733.mp4,.mp4,2614263,already_compressed_or_media
data\train\archive (1)\FaceForensics++_C23\original\734.mp4,.mp4,1889477,already_compressed_or_media
data\train\archive (1)\FaceForensics++_C23\original\735.mp4,.mp4,1503024,already_compressed_or_media
data\train\archive (1)\FaceForensics++_C23\original\736.mp4,.mp4,943820,already_compressed_or_media
data\train\archive (1)\FaceForensics++_C23\original\737.mp4,.mp4,1199541,already_compressed_or_media
data\train\archive (1)\FaceForensics++_C23\original\738.mp4,.mp4,2226665,already_compressed_or_media
data\train\archive (1)\FaceForensics++_C23\original\739.mp4,.mp4,800869,already_compressed_or_media
data\train\archive (1)\FaceForensics++_C23\original\740.mp4,.mp4,1886087,already_compressed_or_media
data\train\archive (1)\FaceForensics++_C23\original\741.mp4,.mp4,529423,already_compressed_or_media
data\train\archive (1)\FaceForensics++_C23\original\742.mp4,.mp4,897695,already_compressed_or_media
data\train\archive (1)\FaceForensics++_C23\original\743.mp4,.mp4,1560876,already_compressed_or_media
data\train\archive (1)\FaceForensics++_C23\original\744.mp4,.mp4,1378324,already_compressed_or_media
data\train\archive (1)\FaceForensics++_C23\original\745.mp4,.mp4,914859,already_compressed_or_media
data\train\archive (1)\FaceForensics++_C23\original\746.mp4,.mp4,1875375,already_compressed_or_media
data\train\archive (1)\FaceForensics++_C23\original\747.mp4,.mp4,2156192,already_compressed_or_media
data\train\archive (1)\FaceForensics++_C23\original\748.mp4,.mp4,1729736,already_compressed_or_media
data\train\archive (1)\FaceForensics++_C23\original\749.mp4,.mp4,1054953,already_compressed_or_media
data\train\archive (1)\FaceForensics++_C23\original\750.mp4,.mp4,5315119,already_compressed_or_media
data\train\archive (1)\FaceForensics++_C23\original\751.mp4,.mp4,713263,already_compressed_or_media
data\train\archive (1)\FaceForensics++_C23\original\752.mp4,.mp4,6392764,already_compressed_or_media
data\train\archive (1)\FaceForensics++_C23\original\753.mp4,.mp4,6568432,already_compressed_or_media
data\train\archive (1)\FaceForensics++_C23\original\754.mp4,.mp4,1278601,already_compressed_or_media
data\train\archive (1)\FaceForensics++_C23\original\755.mp4,.mp4,476084,already_compressed_or_media
data\train\archive (1)\FaceForensics++_C23\original\756.mp4,.mp4,1427039,already_compressed_or_media
data\train\archive (1)\FaceForensics++_C23\original\757.mp4,.mp4,1430901,already_compressed_or_media
data\train\archive (1)\FaceForensics++_C23\original\758.mp4,.mp4,706980,already_compressed_or_media
data\train\archive (1)\FaceForensics++_C23\original\759.mp4,.mp4,4744640,already_compressed_or_media
data\train\archive (1)\FaceForensics++_C23\original\760.mp4,.mp4,851512,already_compressed_or_media
data\train\archive (1)\FaceForensics++_C23\original\761.mp4,.mp4,724459,already_compressed_or_media
data\train\archive (1)\FaceForensics++_C23\original\762.mp4,.mp4,937684,already_compressed_or_media
data\train\archive (1)\FaceForensics++_C23\original\763.mp4,.mp4,2858537,already_compressed_or_media
data\train\archive (1)\FaceForensics++_C23\original\764.mp4,.mp4,2124465,already_compressed_or_media
data\train\archive (1)\FaceForensics++_C23\original\765.mp4,.mp4,704853,already_compressed_or_media
data\train\archive (1)\FaceForensics++_C23\original\766.mp4,.mp4,924577,already_compressed_or_media
data\train\archive (1)\FaceForensics++_C23\original\767.mp4,.mp4,572836,already_compressed_or_media
data\train\archive (1)\FaceForensics++_C23\original\768.mp4,.mp4,984390,already_compressed_or_media
data\train\archive (1)\FaceForensics++_C23\original\769.mp4,.mp4,2310227,already_compressed_or_media
data\train\archive (1)\FaceForensics++_C23\original\770.mp4,.mp4,2753774,already_compressed_or_media
data\train\archive (1)\FaceForensics++_C23\original\771.mp4,.mp4,700442,already_compressed_or_media
data\train\archive (1)\FaceForensics++_C23\original\772.mp4,.mp4,1466014,already_compressed_or_media
data\train\archive (1)\FaceForensics++_C23\original\773.mp4,.mp4,1800520,already_compressed_or_media
data\train\archive (1)\FaceForensics++_C23\original\774.mp4,.mp4,633718,already_compressed_or_media
data\train\archive (1)\FaceForensics++_C23\original\775.mp4,.mp4,764112,already_compressed_or_media
data\train\archive (1)\FaceForensics++_C23\original\776.mp4,.mp4,6767946,already_compressed_or_media
data\train\archive (1)\FaceForensics++_C23\original\777.mp4,.mp4,485912,already_compressed_or_media
data\train\archive (1)\FaceForensics++_C23\original\778.mp4,.mp4,1443125,already_compressed_or_media
data\train\archive (1)\FaceForensics++_C23\original\779.mp4,.mp4,1041226,already_compressed_or_media
data\train\archive (1)\FaceForensics++_C23\original\780.mp4,.mp4,1348984,already_compressed_or_media
data\train\archive (1)\FaceForensics++_C23\original\781.mp4,.mp4,800144,already_compressed_or_media
data\train\archive (1)\FaceForensics++_C23\original\782.mp4,.mp4,1718851,already_compressed_or_media
data\train\archive (1)\FaceForensics++_C23\original\783.mp4,.mp4,1420365,already_compressed_or_media
data\train\archive (1)\FaceForensics++_C23\original\784.mp4,.mp4,1012658,already_compressed_or_media
data\train\archive (1)\FaceForensics++_C23\original\785.mp4,.mp4,1194651,already_compressed_or_media
data\train\archive (1)\FaceForensics++_C23\original\786.mp4,.mp4,11345310,already_compressed_or_media
data\train\archive (1)\FaceForensics++_C23\original\787.mp4,.mp4,1066296,already_compressed_or_media
data\train\archive (1)\FaceForensics++_C23\original\788.mp4,.mp4,1951160,already_compressed_or_media
data\train\archive (1)\FaceForensics++_C23\original\789.mp4,.mp4,5837705,already_compressed_or_media
data\train\archive (1)\FaceForensics++_C23\original\790.mp4,.mp4,2729541,already_compressed_or_media
data\train\archive (1)\FaceForensics++_C23\original\791.mp4,.mp4,517519,already_compressed_or_media
data\train\archive (1)\FaceForensics++_C23\original\792.mp4,.mp4,588477,already_compressed_or_media
data\train\archive (1)\FaceForensics++_C23\original\793.mp4,.mp4,3250624,already_compressed_or_media
data\train\archive (1)\FaceForensics++_C23\original\794.mp4,.mp4,5205131,already_compressed_or_media
data\train\archive (1)\FaceForensics++_C23\original\795.mp4,.mp4,1563178,already_compressed_or_media
data\train\archive (1)\FaceForensics++_C23\original\796.mp4,.mp4,5521280,already_compressed_or_media
data\train\archive (1)\FaceForensics++_C23\original\797.mp4,.mp4,470034,already_compressed_or_media
data\train\archive (1)\FaceForensics++_C23\original\798.mp4,.mp4,3158837,already_compressed_or_media
data\train\archive (1)\FaceForensics++_C23\original\799.mp4,.mp4,7457872,already_compressed_or_media
data\train\archive (1)\FaceForensics++_C23\original\800.mp4,.mp4,1393660,already_compressed_or_media
data\train\archive (1)\FaceForensics++_C23\original\801.mp4,.mp4,929511,already_compressed_or_media
data\train\archive (1)\FaceForensics++_C23\original\802.mp4,.mp4,421940,already_compressed_or_media
data\train\archive (1)\FaceForensics++_C23\original\803.mp4,.mp4,668462,already_compressed_or_media
data\train\archive (1)\FaceForensics++_C23\original\804.mp4,.mp4,666536,already_compressed_or_media
data\train\archive (1)\FaceForensics++_C23\original\805.mp4,.mp4,2276697,already_compressed_or_media
data\train\archive (1)\FaceForensics++_C23\original\806.mp4,.mp4,383302,already_compressed_or_media
data\train\archive (1)\FaceForensics++_C23\original\807.mp4,.mp4,7926694,already_compressed_or_media
data\train\archive (1)\FaceForensics++_C23\original\808.mp4,.mp4,2472845,already_compressed_or_media
data\train\archive (1)\FaceForensics++_C23\original\809.mp4,.mp4,893636,already_compressed_or_media
data\train\archive (1)\FaceForensics++_C23\original\810.mp4,.mp4,3905722,already_compressed_or_media
data\train\archive (1)\FaceForensics++_C23\original\811.mp4,.mp4,2484463,already_compressed_or_media
data\train\archive (1)\FaceForensics++_C23\original\812.mp4,.mp4,1028086,already_compressed_or_media
data\train\archive (1)\FaceForensics++_C23\original\813.mp4,.mp4,2433017,already_compressed_or_media
data\train\archive (1)\FaceForensics++_C23\original\814.mp4,.mp4,2144832,already_compressed_or_media
data\train\archive (1)\FaceForensics++_C23\original\815.mp4,.mp4,1487232,already_compressed_or_media
data\train\archive (1)\FaceForensics++_C23\original\816.mp4,.mp4,548634,already_compressed_or_media
data\train\archive (1)\FaceForensics++_C23\original\817.mp4,.mp4,1776134,already_compressed_or_media
data\train\archive (1)\FaceForensics++_C23\original\818.mp4,.mp4,1862556,already_compressed_or_media
data\train\archive (1)\FaceForensics++_C23\original\819.mp4,.mp4,7706147,already_compressed_or_media
data\train\archive (1)\FaceForensics++_C23\original\820.mp4,.mp4,2386761,already_compressed_or_media
data\train\archive (1)\FaceForensics++_C23\original\821.mp4,.mp4,849375,already_compressed_or_media
data\train\archive (1)\FaceForensics++_C23\original\822.mp4,.mp4,1904826,already_compressed_or_media
data\train\archive (1)\FaceForensics++_C23\original\823.mp4,.mp4,4677655,already_compressed_or_media
data\train\archive (1)\FaceForensics++_C23\original\824.mp4,.mp4,2500536,already_compressed_or_media
data\train\archive (1)\FaceForensics++_C23\original\825.mp4,.mp4,935530,already_compressed_or_media
data\train\archive (1)\FaceForensics++_C23\original\826.mp4,.mp4,1553539,already_compressed_or_media
data\train\archive (1)\FaceForensics++_C23\original\827.mp4,.mp4,505526,already_compressed_or_media
data\train\archive (1)\FaceForensics++_C23\original\828.mp4,.mp4,790429,already_compressed_or_media
data\train\archive (1)\FaceForensics++_C23\original\829.mp4,.mp4,3923141,already_compressed_or_media
data\train\archive (1)\FaceForensics++_C23\original\830.mp4,.mp4,959781,already_compressed_or_media
data\train\archive (1)\FaceForensics++_C23\original\831.mp4,.mp4,4013640,already_compressed_or_media
data\train\archive (1)\FaceForensics++_C23\original\832.mp4,.mp4,1353643,already_compressed_or_media
data\train\archive (1)\FaceForensics++_C23\original\833.mp4,.mp4,9006493,already_compressed_or_media
data\train\archive (1)\FaceForensics++_C23\original\834.mp4,.mp4,1010967,already_compressed_or_media
data\train\archive (1)\FaceForensics++_C23\original\835.mp4,.mp4,2982692,already_compressed_or_media
data\train\archive (1)\FaceForensics++_C23\original\836.mp4,.mp4,1241005,already_compressed_or_media
data\train\archive (1)\FaceForensics++_C23\original\837.mp4,.mp4,2876643,already_compressed_or_media
data\train\archive (1)\FaceForensics++_C23\original\838.mp4,.mp4,2515363,already_compressed_or_media
data\train\archive (1)\FaceForensics++_C23\original\839.mp4,.mp4,597128,already_compressed_or_media
data\train\archive (1)\FaceForensics++_C23\original\840.mp4,.mp4,1015945,already_compressed_or_media
data\train\archive (1)\FaceForensics++_C23\original\841.mp4,.mp4,843092,already_compressed_or_media
data\train\archive (1)\FaceForensics++_C23\original\842.mp4,.mp4,1377597,already_compressed_or_media
data\train\archive (1)\FaceForensics++_C23\original\843.mp4,.mp4,412718,already_compressed_or_media
data\train\archive (1)\FaceForensics++_C23\original\844.mp4,.mp4,1199460,already_compressed_or_media
data\train\archive (1)\FaceForensics++_C23\original\845.mp4,.mp4,583112,already_compressed_or_media
data\train\archive (1)\FaceForensics++_C23\original\846.mp4,.mp4,623780,already_compressed_or_media
data\train\archive (1)\FaceForensics++_C23\original\847.mp4,.mp4,1476918,already_compressed_or_media
data\train\archive (1)\FaceForensics++_C23\original\848.mp4,.mp4,4479208,already_compressed_or_media
data\train\archive (1)\FaceForensics++_C23\original\849.mp4,.mp4,1794127,already_compressed_or_media
data\train\archive (1)\FaceForensics++_C23\original\850.mp4,.mp4,1002817,already_compressed_or_media
data\train\archive (1)\FaceForensics++_C23\original\851.mp4,.mp4,3577050,already_compressed_or_media
data\train\archive (1)\FaceForensics++_C23\original\852.mp4,.mp4,503264,already_compressed_or_media
data\train\archive (1)\FaceForensics++_C23\original\853.mp4,.mp4,2442805,already_compressed_or_media
data\train\archive (1)\FaceForensics++_C23\original\854.mp4,.mp4,1093374,already_compressed_or_media
data\train\archive (1)\FaceForensics++_C23\original\855.mp4,.mp4,1475288,already_compressed_or_media
data\train\archive (1)\FaceForensics++_C23\original\856.mp4,.mp4,3609559,already_compressed_or_media
data\train\archive (1)\FaceForensics++_C23\original\857.mp4,.mp4,1108170,already_compressed_or_media
data\train\archive (1)\FaceForensics++_C23\original\858.mp4,.mp4,428141,already_compressed_or_media
data\train\archive (1)\FaceForensics++_C23\original\859.mp4,.mp4,470241,already_compressed_or_media
data\train\archive (1)\FaceForensics++_C23\original\860.mp4,.mp4,2339748,already_compressed_or_media
data\train\archive (1)\FaceForensics++_C23\original\861.mp4,.mp4,1839696,already_compressed_or_media
data\train\archive (1)\FaceForensics++_C23\original\862.mp4,.mp4,1500051,already_compressed_or_media
data\train\archive (1)\FaceForensics++_C23\original\863.mp4,.mp4,1999429,already_compressed_or_media
data\train\archive (1)\FaceForensics++_C23\original\864.mp4,.mp4,762440,already_compressed_or_media
data\train\archive (1)\FaceForensics++_C23\original\865.mp4,.mp4,2647770,already_compressed_or_media
data\train\archive (1)\FaceForensics++_C23\original\866.mp4,.mp4,4883451,already_compressed_or_media
data\train\archive (1)\FaceForensics++_C23\original\867.mp4,.mp4,4439022,already_compressed_or_media
data\train\archive (1)\FaceForensics++_C23\original\868.mp4,.mp4,647741,already_compressed_or_media
data\train\archive (1)\FaceForensics++_C23\original\869.mp4,.mp4,4217720,already_compressed_or_media
data\train\archive (1)\FaceForensics++_C23\original\870.mp4,.mp4,2914683,already_compressed_or_media
data\train\archive (1)\FaceForensics++_C23\original\871.mp4,.mp4,972522,already_compressed_or_media
data\train\archive (1)\FaceForensics++_C23\original\872.mp4,.mp4,744928,already_compressed_or_media
data\train\archive (1)\FaceForensics++_C23\original\873.mp4,.mp4,2935358,already_compressed_or_media
data\train\archive (1)\FaceForensics++_C23\original\874.mp4,.mp4,3270960,already_compressed_or_media
data\train\archive (1)\FaceForensics++_C23\original\875.mp4,.mp4,1194777,already_compressed_or_media
data\train\archive (1)\FaceForensics++_C23\original\876.mp4,.mp4,899909,already_compressed_or_media
data\train\archive (1)\FaceForensics++_C23\original\877.mp4,.mp4,1732517,already_compressed_or_media
data\train\archive (1)\FaceForensics++_C23\original\878.mp4,.mp4,2174513,already_compressed_or_media
data\train\archive (1)\FaceForensics++_C23\original\879.mp4,.mp4,1674292,already_compressed_or_media
data\train\archive (1)\FaceForensics++_C23\original\880.mp4,.mp4,3049666,already_compressed_or_media
data\train\archive (1)\FaceForensics++_C23\original\881.mp4,.mp4,1143343,already_compressed_or_media
data\train\archive (1)\FaceForensics++_C23\original\882.mp4,.mp4,4602951,already_compressed_or_media
data\train\archive (1)\FaceForensics++_C23\original\883.mp4,.mp4,2335113,already_compressed_or_media
data\train\archive (1)\FaceForensics++_C23\original\884.mp4,.mp4,1960180,already_compressed_or_media
data\train\archive (1)\FaceForensics++_C23\original\885.mp4,.mp4,562158,already_compressed_or_media
data\train\archive (1)\FaceForensics++_C23\original\886.mp4,.mp4,868440,already_compressed_or_media
data\train\archive (1)\FaceForensics++_C23\original\887.mp4,.mp4,712567,already_compressed_or_media
data\train\archive (1)\FaceForensics++_C23\original\888.mp4,.mp4,485732,already_compressed_or_media
data\train\archive (1)\FaceForensics++_C23\original\889.mp4,.mp4,5895587,already_compressed_or_media
data\train\archive (1)\FaceForensics++_C23\original\890.mp4,.mp4,619536,already_compressed_or_media
data\train\archive (1)\FaceForensics++_C23\original\891.mp4,.mp4,1238758,already_compressed_or_media
data\train\archive (1)\FaceForensics++_C23\original\892.mp4,.mp4,3039805,already_compressed_or_media
data\train\archive (1)\FaceForensics++_C23\original\893.mp4,.mp4,1048535,already_compressed_or_media
data\train\archive (1)\FaceForensics++_C23\original\894.mp4,.mp4,2944748,already_compressed_or_media
data\train\archive (1)\FaceForensics++_C23\original\895.mp4,.mp4,494640,already_compressed_or_media
data\train\archive (1)\FaceForensics++_C23\original\896.mp4,.mp4,509457,already_compressed_or_media
data\train\archive (1)\FaceForensics++_C23\original\897.mp4,.mp4,684702,already_compressed_or_media
data\train\archive (1)\FaceForensics++_C23\original\898.mp4,.mp4,503259,already_compressed_or_media
data\train\archive (1)\FaceForensics++_C23\original\899.mp4,.mp4,972704,already_compressed_or_media
data\train\archive (1)\FaceForensics++_C23\original\900.mp4,.mp4,825274,already_compressed_or_media
data\train\archive (1)\FaceForensics++_C23\original\901.mp4,.mp4,1461306,already_compressed_or_media
data\train\archive (1)\FaceForensics++_C23\original\902.mp4,.mp4,816290,already_compressed_or_media
data\train\archive (1)\FaceForensics++_C23\original\903.mp4,.mp4,1367274,already_compressed_or_media
data\train\archive (1)\FaceForensics++_C23\original\904.mp4,.mp4,3692055,already_compressed_or_media
data\train\archive (1)\FaceForensics++_C23\original\905.mp4,.mp4,1474738,already_compressed_or_media
data\train\archive (1)\FaceForensics++_C23\original\906.mp4,.mp4,2227763,already_compressed_or_media
data\train\archive (1)\FaceForensics++_C23\original\907.mp4,.mp4,1921459,already_compressed_or_media
data\train\archive (1)\FaceForensics++_C23\original\908.mp4,.mp4,5678917,already_compressed_or_media
data\train\archive (1)\FaceForensics++_C23\original\909.mp4,.mp4,605842,already_compressed_or_media
data\train\archive (1)\FaceForensics++_C23\original\910.mp4,.mp4,1108073,already_compressed_or_media
data\train\archive (1)\FaceForensics++_C23\original\911.mp4,.mp4,962027,already_compressed_or_media
data\train\archive (1)\FaceForensics++_C23\original\912.mp4,.mp4,1153872,already_compressed_or_media
data\train\archive (1)\FaceForensics++_C23\original\913.mp4,.mp4,906540,already_compressed_or_media
data\train\archive (1)\FaceForensics++_C23\original\914.mp4,.mp4,509881,already_compressed_or_media
data\train\archive (1)\FaceForensics++_C23\original\915.mp4,.mp4,1659940,already_compressed_or_media
data\train\archive (1)\FaceForensics++_C23\original\916.mp4,.mp4,2367348,already_compressed_or_media
data\train\archive (1)\FaceForensics++_C23\original\917.mp4,.mp4,1115100,already_compressed_or_media
data\train\archive (1)\FaceForensics++_C23\original\918.mp4,.mp4,1345893,already_compressed_or_media
data\train\archive (1)\FaceForensics++_C23\original\919.mp4,.mp4,635416,already_compressed_or_media
data\train\archive (1)\FaceForensics++_C23\original\920.mp4,.mp4,2701198,already_compressed_or_media
data\train\archive (1)\FaceForensics++_C23\original\921.mp4,.mp4,3468036,already_compressed_or_media
data\train\archive (1)\FaceForensics++_C23\original\922.mp4,.mp4,1133596,already_compressed_or_media
data\train\archive (1)\FaceForensics++_C23\original\923.mp4,.mp4,3686113,already_compressed_or_media
data\train\archive (1)\FaceForensics++_C23\original\924.mp4,.mp4,2021695,already_compressed_or_media
data\train\archive (1)\FaceForensics++_C23\original\925.mp4,.mp4,1396420,already_compressed_or_media
data\train\archive (1)\FaceForensics++_C23\original\926.mp4,.mp4,566963,already_compressed_or_media
data\train\archive (1)\FaceForensics++_C23\original\927.mp4,.mp4,946307,already_compressed_or_media
data\train\archive (1)\FaceForensics++_C23\original\928.mp4,.mp4,1785576,already_compressed_or_media
data\train\archive (1)\FaceForensics++_C23\original\929.mp4,.mp4,527507,already_compressed_or_media
data\train\archive (1)\FaceForensics++_C23\original\930.mp4,.mp4,1515660,already_compressed_or_media
data\train\archive (1)\FaceForensics++_C23\original\931.mp4,.mp4,745708,already_compressed_or_media
data\train\archive (1)\FaceForensics++_C23\original\932.mp4,.mp4,3071916,already_compressed_or_media
data\train\archive (1)\FaceForensics++_C23\original\933.mp4,.mp4,1612598,already_compressed_or_media
data\train\archive (1)\FaceForensics++_C23\original\934.mp4,.mp4,1413448,already_compressed_or_media
data\train\archive (1)\FaceForensics++_C23\original\935.mp4,.mp4,5600251,already_compressed_or_media
data\train\archive (1)\FaceForensics++_C23\original\936.mp4,.mp4,851607,already_compressed_or_media
data\train\archive (1)\FaceForensics++_C23\original\937.mp4,.mp4,1113233,already_compressed_or_media
data\train\archive (1)\FaceForensics++_C23\original\938.mp4,.mp4,962874,already_compressed_or_media
data\train\archive (1)\FaceForensics++_C23\original\939.mp4,.mp4,532526,already_compressed_or_media
data\train\archive (1)\FaceForensics++_C23\original\940.mp4,.mp4,563102,already_compressed_or_media
data\train\archive (1)\FaceForensics++_C23\original\941.mp4,.mp4,873616,already_compressed_or_media
data\train\archive (1)\FaceForensics++_C23\original\942.mp4,.mp4,2188990,already_compressed_or_media
data\train\archive (1)\FaceForensics++_C23\original\943.mp4,.mp4,1289139,already_compressed_or_media
data\train\archive (1)\FaceForensics++_C23\original\944.mp4,.mp4,535153,already_compressed_or_media
data\train\archive (1)\FaceForensics++_C23\original\945.mp4,.mp4,3657089,already_compressed_or_media
data\train\archive (1)\FaceForensics++_C23\original\946.mp4,.mp4,1599541,already_compressed_or_media
data\train\archive (1)\FaceForensics++_C23\original\947.mp4,.mp4,2909822,already_compressed_or_media
data\train\archive (1)\FaceForensics++_C23\original\948.mp4,.mp4,5364973,already_compressed_or_media
data\train\archive (1)\FaceForensics++_C23\original\949.mp4,.mp4,957931,already_compressed_or_media
data\train\archive (1)\FaceForensics++_C23\original\950.mp4,.mp4,7554691,already_compressed_or_media
data\train\archive (1)\FaceForensics++_C23\original\951.mp4,.mp4,3259363,already_compressed_or_media
data\train\archive (1)\FaceForensics++_C23\original\952.mp4,.mp4,2834154,already_compressed_or_media
data\train\archive (1)\FaceForensics++_C23\original\953.mp4,.mp4,2652847,already_compressed_or_media
data\train\archive (1)\FaceForensics++_C23\original\954.mp4,.mp4,823392,already_compressed_or_media
data\train\archive (1)\FaceForensics++_C23\original\955.mp4,.mp4,1111370,already_compressed_or_media
data\train\archive (1)\FaceForensics++_C23\original\956.mp4,.mp4,1196810,already_compressed_or_media
data\train\archive (1)\FaceForensics++_C23\original\957.mp4,.mp4,5297952,already_compressed_or_media
data\train\archive (1)\FaceForensics++_C23\original\958.mp4,.mp4,1174328,already_compressed_or_media
data\train\archive (1)\FaceForensics++_C23\original\959.mp4,.mp4,4960079,already_compressed_or_media
data\train\archive (1)\FaceForensics++_C23\original\960.mp4,.mp4,1432526,already_compressed_or_media
data\train\archive (1)\FaceForensics++_C23\original\961.mp4,.mp4,1217499,already_compressed_or_media
data\train\archive (1)\FaceForensics++_C23\original\962.mp4,.mp4,556529,already_compressed_or_media
data\train\archive (1)\FaceForensics++_C23\original\963.mp4,.mp4,1151209,already_compressed_or_media
data\train\archive (1)\FaceForensics++_C23\original\964.mp4,.mp4,861950,already_compressed_or_media
data\train\archive (1)\FaceForensics++_C23\original\965.mp4,.mp4,2764058,already_compressed_or_media
data\train\archive (1)\FaceForensics++_C23\original\966.mp4,.mp4,857644,already_compressed_or_media
data\train\archive (1)\FaceForensics++_C23\original\967.mp4,.mp4,1792378,already_compressed_or_media
data\train\archive (1)\FaceForensics++_C23\original\968.mp4,.mp4,1365979,already_compressed_or_media
data\train\archive (1)\FaceForensics++_C23\original\969.mp4,.mp4,765770,already_compressed_or_media
data\train\archive (1)\FaceForensics++_C23\original\970.mp4,.mp4,742748,already_compressed_or_media
data\train\archive (1)\FaceForensics++_C23\original\971.mp4,.mp4,2679506,already_compressed_or_media
data\train\archive (1)\FaceForensics++_C23\original\972.mp4,.mp4,4472706,already_compressed_or_media
data\train\archive (1)\FaceForensics++_C23\original\973.mp4,.mp4,927895,already_compressed_or_media
data\train\archive (1)\FaceForensics++_C23\original\974.mp4,.mp4,631623,already_compressed_or_media
data\train\archive (1)\FaceForensics++_C23\original\975.mp4,.mp4,1008712,already_compressed_or_media
data\train\archive (1)\FaceForensics++_C23\original\976.mp4,.mp4,1156132,already_compressed_or_media
data\train\archive (1)\FaceForensics++_C23\original\977.mp4,.mp4,1511307,already_compressed_or_media
data\train\archive (1)\FaceForensics++_C23\original\978.mp4,.mp4,3423538,already_compressed_or_media
data\train\archive (1)\FaceForensics++_C23\original\979.mp4,.mp4,1194575,already_compressed_or_media
data\train\archive (1)\FaceForensics++_C23\original\980.mp4,.mp4,736629,already_compressed_or_media
data\train\archive (1)\FaceForensics++_C23\original\981.mp4,.mp4,704366,already_compressed_or_media
data\train\archive (1)\FaceForensics++_C23\original\982.mp4,.mp4,1273269,already_compressed_or_media
data\train\archive (1)\FaceForensics++_C23\original\983.mp4,.mp4,766094,already_compressed_or_media
data\train\archive (1)\FaceForensics++_C23\original\984.mp4,.mp4,1424324,already_compressed_or_media
data\train\archive (1)\FaceForensics++_C23\original\985.mp4,.mp4,891578,already_compressed_or_media
data\train\archive (1)\FaceForensics++_C23\original\986.mp4,.mp4,2783826,already_compressed_or_media
data\train\archive (1)\FaceForensics++_C23\original\987.mp4,.mp4,928833,already_compressed_or_media
data\train\archive (1)\FaceForensics++_C23\original\988.mp4,.mp4,642826,already_compressed_or_media
data\train\archive (1)\FaceForensics++_C23\original\989.mp4,.mp4,2366100,already_compressed_or_media
data\train\archive (1)\FaceForensics++_C23\original\990.mp4,.mp4,846140,already_compressed_or_media
data\train\archive (1)\FaceForensics++_C23\original\991.mp4,.mp4,494684,already_compressed_or_media
data\train\archive (1)\FaceForensics++_C23\original\992.mp4,.mp4,2032409,already_compressed_or_media
data\train\archive (1)\FaceForensics++_C23\original\993.mp4,.mp4,1217850,already_compressed_or_media
data\train\archive (1)\FaceForensics++_C23\original\994.mp4,.mp4,1047430,already_compressed_or_media
data\train\archive (1)\FaceForensics++_C23\original\995.mp4,.mp4,825504,already_compressed_or_media
data\train\archive (1)\FaceForensics++_C23\original\996.mp4,.mp4,866807,already_compressed_or_media
data\train\archive (1)\FaceForensics++_C23\original\997.mp4,.mp4,1067248,already_compressed_or_media
data\train\archive (1)\FaceForensics++_C23\original\998.mp4,.mp4,1671405,already_compressed_or_media
data\train\archive (1)\FaceForensics++_C23\original\999.mp4,.mp4,485033,already_compressed_or_media
