SHA_PASS,actual_bpb,candidate_generation_ms,category,chunks,compressed_bytes,compression_MiB_s,compression_ms,decompression_MiB_s,decompression_ms,feature_scan_ms,inference_ms,metadata_bytes,metadata_percent,method,microbenchmark_ms,oracle_bytes,oracle_gap_percent,oracle_strategy,original_bytes,peak_RSS_MB,plan_mode,ratio,routing_mode,selected_strategy,selection_ms,selector_confidence,size_bucket,source,source_id,status
True,8.012321909896034,,archive,,2601,0.1417926489959245,17.466999997850507,58.55064031864221,0.04230000195093453,,,,,A_fixed_best,,,,,2597,203.296875,,0.9984621299500193,,brotli-11,,,lt_16KiB,C:\Users\ss\Desktop\XAI\XAI\apps\public_nextjs\.next\cache\webpack\client-development\2.pack.gz,86aebd2a6ca744d6ce03,PASS
True,10.375048132460531,85.58479999192059,archive,,3368,0.01958480276935055,126.45989999873564,0.1268777733543054,19.52030000393279,14.138500002445653,3.280000004451722,771,22.891923990498814,B_hybrid_v1,6.907100003445521,,,,2597,213.54296875,,0.7710807600950119,,"{""raw"": 1}",24.325600010342896,N/A,lt_16KiB,C:\Users\ss\Desktop\XAI\XAI\apps\public_nextjs\.next\cache\webpack\client-development\2.pack.gz,86aebd2a6ca744d6ce03,PASS
True,10.31959953792838,,archive,,3350,0.23495130582639012,10.541299998294562,0.079800367946401,31.036100001074374,0.026699999580159783,0.0,753,22.47761194029851,C_ai_only,0.0,,,,2597,332.25390625,,0.775223880597015,,"{""raw|default|identity"": 1}",,,lt_16KiB,C:\Users\ss\Desktop\XAI\XAI\apps\public_nextjs\.next\cache\webpack\client-development\2.pack.gz,86aebd2a6ca744d6ce03,PASS
True,10.31651906045437,,archive,,3349,0.6919294323256134,3.579399985028431,0.08304610186355496,29.82309999060817,0.02060001133941114,0.0,752,22.454464019110183,D_ai_top2,0.0,,,,2597,332.25390625,,0.7754553598088981,,"{""raw|default|identity"": 1}",,,lt_16KiB,C:\Users\ss\Desktop\XAI\XAI\apps\public_nextjs\.next\cache\webpack\client-development\2.pack.gz,86aebd2a6ca744d6ce03,PASS
True,10.35656526761648,,archive,,3362,0.5921559342386619,4.182500008028001,0.06042378020735433,40.98869999870658,0.022099993657320738,0.0,765,22.754312908982747,E_confidence_adaptive,0.0,,,,2597,332.25390625,,0.7724568709101726,,"{""raw|default|identity"": 1}",,,lt_16KiB,C:\Users\ss\Desktop\XAI\XAI\apps\public_nextjs\.next\cache\webpack\client-development\2.pack.gz,86aebd2a6ca744d6ce03,PASS
True,8.209472468232576,0.0,archive,1,2665,0.30688973205838627,8.07029998395592,0.07425049840568143,33.355899999151006,0.020800012862309813,0.0,68,2.551594746716698,F_compact_xaic,0.0,,,,2597,332.25390625,requested_chunking,0.974484052532833,confidence,"[""raw|default|identity""]",1.0957999911624938,1.0,lt_16KiB,C:\Users\ss\Desktop\XAI\XAI\apps\public_nextjs\.next\cache\webpack\client-development\2.pack.gz,86aebd2a6ca744d6ce03,PASS
True,8.206391990758567,0.0,archive,1,2664,0.3080884446396245,8.038900006795302,0.20607846413220127,12.018200010061264,0.020500010577961802,0.0,67,2.515015015015015,G_compact_adaptive,0.0,,,,2597,332.25390625,whole_file,0.9748498498498499,confidence,"[""raw|default|identity""]",0.5509000038728118,1.0,lt_16KiB,C:\Users\ss\Desktop\XAI\XAI\apps\public_nextjs\.next\cache\webpack\client-development\2.pack.gz,86aebd2a6ca744d6ce03,PASS
True,8.206391990758567,0.0,archive,1,2664,0.4450400171785345,5.565100000239909,0.44291501838168845,5.5917999998200685,0.022499996703118086,0.0,67,2.515015015015015,H_full_v2,0.0,N/A,N/A,N/A,2597,213.54296875,whole_file,0.9748498498498499,confidence,"[""raw|default|identity""]",0.4421000194270164,1.0,lt_16KiB,C:\Users\ss\Desktop\XAI\XAI\apps\public_nextjs\.next\cache\webpack\client-development\2.pack.gz,86aebd2a6ca744d6ce03,PASS
True,7.76128339382805,,archive,,10552953,0.16368183349625953,63376.76320000901,93.66518047284418,110.7522000093013,,,,,A_fixed_best,,,,,10877534,282.80078125,,1.0307573624178938,,brotli-11,,,gt_10MiB,C:\Users\ss\Desktop\XAI\XAI\apps\public_nextjs\.next\cache\webpack\server-development\0.pack.gz,ab9fd50e606430ff1ad4,PASS
True,7.997859073573109,5.20909987972118,archive,,10874623,6.515493134144038,1592.1472999907564,71.72203975208669,144.63649998651817,1182.4782999465242,22.558600059710443,5289,0.04863616881247285,B_hybrid_v1,244.02770004235208,,,,10877534,282.80078125,,1.0002676874407508,,"{""brotli"": 1, ""raw"": 10}",1449.0646000485867,N/A,gt_10MiB,C:\Users\ss\Desktop\XAI\XAI\apps\public_nextjs\.next\cache\webpack\server-development\0.pack.gz,ab9fd50e606430ff1ad4,PASS
True,8.054279949848928,,archive,,10951338,15.412117151901572,673.0823999969289,40.88796710131367,253.70850000763312,232.14400018332526,0.0,73804,0.6739267841061978,C_ai_only,0.0,,,,10877534,332.25390625,,0.9932607321589381,,"{""raw|default|identity"": 166}",,,gt_10MiB,C:\Users\ss\Desktop\XAI\XAI\apps\public_nextjs\.next\cache\webpack\server-development\0.pack.gz,ab9fd50e606430ff1ad4,PASS
True,8.054296865447627,,archive,,10951361,25.21200897606256,411.45569999935105,49.264659198245205,210.56929999031126,133.77139982185327,0.0,73827,0.6741353882864423,D_ai_top2,0.0,,,,10877534,332.25390625,,0.9932586461171355,,"{""raw|default|identity"": 166}",,,gt_10MiB,C:\Users\ss\Desktop\XAI\XAI\apps\public_nextjs\.next\cache\webpack\server-development\0.pack.gz,ab9fd50e606430ff1ad4,PASS
True,8.055030855339087,,archive,,10952359,25.718763802839213,403.3484999963548,43.72936723067686,237.22330000600778,127.5724999140948,0.0,74825,0.6831861519513741,E_confidence_adaptive,0.0,,,,10877534,332.25390625,,0.9931681384804862,,"{""raw|default|identity"": 166}",,,gt_10MiB,C:\Users\ss\Desktop\XAI\XAI\apps\public_nextjs\.next\cache\webpack\server-development\0.pack.gz,ab9fd50e606430ff1ad4,PASS
True,8.001631987544236,0.0,archive,166,10879753,32.913919410697254,315.17439999151975,71.62339673407365,144.83569998992607,127.04539994592778,0.0,2219,0.02039568361524384,F_compact_xaic,0.0,,,,10877534,332.25390625,requested_chunking,0.9997960431638475,confidence,"[""raw|default|identity""]",212.0561999909114,1.0,gt_10MiB,C:\Users\ss\Desktop\XAI\XAI\apps\public_nextjs\.next\cache\webpack\server-development\0.pack.gz,ab9fd50e606430ff1ad4,PASS
True,8.000080165228626,0.0,archive,3,10877643,5.759940602639132,1800.995099998545,41.41203955703897,250.497799977893,0.022499996703118086,0.0,109,0.0010020553165791524,G_compact_adaptive,0.0,,,,10877534,332.25390625,homogeneous_chunks,0.9999899794468342,confidence,"[""raw|default|identity""]",2.573700010543689,1.0,gt_10MiB,C:\Users\ss\Desktop\XAI\XAI\apps\public_nextjs\.next\cache\webpack\server-development\0.pack.gz,ab9fd50e606430ff1ad4,PASS
True,8.000080165228626,0.0,archive,3,10877643,20.715985038136427,500.7546000124421,158.43472927764762,65.475699986564,0.02570002106949687,0.0,109,0.0010020553165791524,H_full_v2,0.0,N/A,N/A,N/A,10877534,282.80078125,homogeneous_chunks,0.9999899794468342,confidence,"[""raw|default|identity""]",1.744000008329749,1.0,gt_10MiB,C:\Users\ss\Desktop\XAI\XAI\apps\public_nextjs\.next\cache\webpack\server-development\0.pack.gz,ab9fd50e606430ff1ad4,PASS
True,7.732218917967591,,archive,,11403663,0.19834370316192917,56729.88319999422,114.99025683916601,97.85190000548027,,,,,A_fixed_best,,,,,11798593,288.3828125,,1.0346318546944082,,brotli-11,,,gt_10MiB,C:\Users\ss\Desktop\XAI\XAI\apps\public_nextjs\.next\cache\webpack\client-development\1.pack.gz,c00053085b900f5df548,PASS
True,8.003896057775703,5.0335999694652855,archive,,11804339,6.277697885511813,1792.3791999928653,67.41346479425529,166.9104999746196,1369.2888999939896,22.46539993211627,5741,0.04863465883180752,B_hybrid_v1,264.14260000456125,,,,11798593,288.3828125,,0.9995132298386212,,"{""brotli"": 1, ""raw"": 11}",1655.8968999306671,N/A,gt_10MiB,C:\Users\ss\Desktop\XAI\XAI\apps\public_nextjs\.next\cache\webpack\client-development\1.pack.gz,c00053085b900f5df548,PASS
True,8.054563116127492,,archive,,11879064,24.597401960699127,457.44729999569245,44.50765202008227,252.81080001150258,144.81899986276403,0.0,80471,0.6774186922471332,C_ai_only,0.0,,,,11798593,332.25390625,,0.9932258130775287,,"{""raw|default|identity"": 181}",,,gt_10MiB,C:\Users\ss\Desktop\XAI\XAI\apps\public_nextjs\.next\cache\webpack\client-development\1.pack.gz,c00053085b900f5df548,PASS
True,8.054559725892739,,archive,,11879059,21.693153177982797,518.6896999948658,52.544570197613815,214.1422999848146,168.27649975311942,0.0,80466,0.677376886502542,D_ai_top2,0.0,,,,11798593,332.25390625,,0.9932262311349745,,"{""raw|default|identity"": 181}",,,gt_10MiB,C:\Users\ss\Desktop\XAI\XAI\apps\public_nextjs\.next\cache\webpack\client-development\1.pack.gz,c00053085b900f5df548,PASS
True,8.05530150925623,,archive,,11880153,25.122329670434457,447.88900000276044,48.63265200873035,231.36750000412576,141.88219961943105,0.0,81560,0.6865231449460288,E_confidence_adaptive,0.0,,,,11798593,332.25390625,,0.9931347685505397,,"{""raw|default|identity"": 181}",,,gt_10MiB,C:\Users\ss\Desktop\XAI\XAI\apps\public_nextjs\.next\cache\webpack\client-development\1.pack.gz,c00053085b900f5df548,PASS
True,8.001634771196871,0.0,archive,181,11801004,29.798161196413687,377.607700007502,68.1051640774483,165.21529998863116,125.90279986034147,0.0,2411,0.020430465068904308,F_compact_xaic,0.0,,,,11798593,332.25390625,requested_chunking,0.999795695349311,confidence,"[""raw|default|identity""]",213.80860000499524,1.0,gt_10MiB,C:\Users\ss\Desktop\XAI\XAI\apps\public_nextjs\.next\cache\webpack\client-development\1.pack.gz,c00053085b900f5df548,PASS
True,8.000073907117569,0.0,archive,3,11798702,7.220079438608221,1558.4337000036612,76.55468403208663,146.98009999119677,0.03309999010525644,0.0,109,0.0009238304349071619,G_compact_adaptive,0.0,,,,11798593,332.25390625,homogeneous_chunks,0.9999907616956509,confidence,"[""raw|default|identity""]",3.1704999855719507,1.0,gt_10MiB,C:\Users\ss\Desktop\XAI\XAI\apps\public_nextjs\.next\cache\webpack\client-development\1.pack.gz,c00053085b900f5df548,PASS
True,8.000073907117569,0.0,archive,3,11798702,25.53559572410108,440.64039998920634,137.58850084206682,81.78019998013042,0.022499996703118086,0.0,109,0.0009238304349071619,H_full_v2,0.0,N/A,N/A,N/A,11798593,288.3828125,homogeneous_chunks,0.9999907616956509,confidence,"[""raw|default|identity""]",1.6391999961342663,1.0,gt_10MiB,C:\Users\ss\Desktop\XAI\XAI\apps\public_nextjs\.next\cache\webpack\client-development\1.pack.gz,c00053085b900f5df548,PASS
True,8.16326530612245,,binary,,50,0.01734725726216362,2.6937999937217683,0.5719710557635729,0.08170001092366874,,,,,A_fixed_best,,,,,49,288.3828125,,0.98,,brotli-11,,,lt_16KiB,C:\Users\ss\Desktop\XAI\XAI\apps\public_nextjs\.gitignore,5f8724e09072ab9a265f,PASS
True,133.55102040816325,11.80829998338595,binary,,818,0.001197438603390815,39.0250000054948,0.001817193579904264,25.715499999932945,3.7336999957915395,4.122300015296787,769,94.00977995110024,B_hybrid_v1,6.824799987953156,,,,49,288.3828125,,0.05990220048899755,,"{""raw"": 1}",14.680799999041483,N/A,lt_16KiB,C:\Users\ss\Desktop\XAI\XAI\apps\public_nextjs\.gitignore,5f8724e09072ab9a265f,PASS
True,128.6530612244898,,binary,,788,0.005258247044558744,8.887000003596768,0.0018776209134885257,24.88789998460561,0.007399998139590025,0.0,739,93.78172588832487,C_ai_only,0.0,,,,49,332.25390625,,0.06218274111675127,,"{""raw|default|identity"": 1}",,,lt_16KiB,C:\Users\ss\Desktop\XAI\XAI\apps\public_nextjs\.gitignore,5f8724e09072ab9a265f,PASS
True,128.6530612244898,,binary,,788,0.013017087221299246,3.5899000067729503,0.0019579106760419618,23.86730001308024,0.009500014130026102,0.0,739,93.78172588832487,D_ai_top2,0.0,,,,49,332.25390625,,0.06218274111675127,,"{""raw|default|identity"": 1}",,,lt_16KiB,C:\Users\ss\Desktop\XAI\XAI\apps\public_nextjs\.gitignore,5f8724e09072ab9a265f,PASS
True,130.6122448979592,,binary,,800,0.013861956485685578,3.371099999640137,0.0016696933414932042,27.987200010102242,0.011299998732283711,0.0,751,93.875,E_confidence_adaptive,0.0,,,,49,332.25390625,,0.06125,,"{""raw|default|identity"": 1}",,,lt_16KiB,C:\Users\ss\Desktop\XAI\XAI\apps\public_nextjs\.gitignore,5f8724e09072ab9a265f,PASS
True,18.448979591836736,0.0,binary,1,113,0.005701288545069819,8.196400012820959,0.002029411524893153,23.026399983791634,0.019099999917671084,0.0,64,56.63716814159292,F_compact_xaic,0.0,,,,49,332.25390625,requested_chunking,0.4336283185840708,confidence,"[""raw|default|identity""]",0.8795000030659139,1.0,lt_16KiB,C:\Users\ss\Desktop\XAI\XAI\apps\public_nextjs\.gitignore,5f8724e09072ab9a265f,PASS
True,18.122448979591837,0.0,binary,1,111,0.00588591456097376,7.939300005091354,0.005392716029381481,8.665400004247203,0.02340000355616212,0.0,62,55.85585585585586,G_compact_adaptive,0.0,,,,49,332.25390625,whole_file,0.44144144144144143,confidence,"[""raw|default|identity""]",0.41629999759607017,1.0,lt_16KiB,C:\Users\ss\Desktop\XAI\XAI\apps\public_nextjs\.gitignore,5f8724e09072ab9a265f,PASS
True,18.122448979591837,0.0,binary,1,111,0.007327099359798326,6.377699988661334,0.006642602110896289,7.034899987047538,0.008899980457499623,0.0,62,55.85585585585586,H_full_v2,0.0,N/A,N/A,N/A,49,288.3828125,whole_file,0.44144144144144143,confidence,"[""raw|default|identity""]",0.321899977279827,1.0,lt_16KiB,C:\Users\ss\Desktop\XAI\XAI\apps\public_nextjs\.gitignore,5f8724e09072ab9a265f,PASS
True,8.592592592592593,,binary,,58,0.025241845167994593,2.04020002274774,4.0549994500055,0.012699980288743973,,,,,A_fixed_best,,,,,54,288.3828125,,0.9310344827586207,,brotli-11,,,lt_16KiB,C:\Users\ss\Desktop\XAI\XAI\apps\mobile_authenticator_flutter\android\.gradle\buildOutputCleanup\cache.properties,a79486349dd2e056bef1,PASS
True,122.07407407407408,4.946100001689047,binary,,824,0.0029323941661690924,17.561899992870167,0.00323177992318638,15.935000003082678,1.9764000026043504,1.6388999938499182,770,93.44660194174757,B_hybrid_v1,2.892499993322417,,,,54,288.3828125,,0.06553398058252427,,"{""raw"": 1}",6.507799989776686,N/A,lt_16KiB,C:\Users\ss\Desktop\XAI\XAI\apps\mobile_authenticator_flutter\android\.gradle\buildOutputCleanup\cache.properties,a79486349dd2e056bef1,PASS
True,117.48148148148148,,binary,,793,0.011483902639860329,4.484400007640943,0.0015238200560272763,33.79560000030324,0.012599979527294636,0.0,739,93.19041614123581,C_ai_only,0.0,,,,54,332.25390625,,0.06809583858764187,,"{""raw|default|identity"": 1}",,,lt_16KiB,C:\Users\ss\Desktop\XAI\XAI\apps\mobile_authenticator_flutter\android\.gradle\buildOutputCleanup\cache.properties,a79486349dd2e056bef1,PASS
True,117.48148148148148,,binary,,793,0.015050974233208989,3.4215999767184258,0.0011638217260333105,44.24940000171773,0.007800001185387373,0.0,739,93.19041614123581,D_ai_top2,0.0,,,,54,332.25390625,,0.06809583858764187,,"{""raw|default|identity"": 1}",,,lt_16KiB,C:\Users\ss\Desktop\XAI\XAI\apps\mobile_authenticator_flutter\android\.gradle\buildOutputCleanup\cache.properties,a79486349dd2e056bef1,PASS
True,119.11111111111111,,binary,,804,0.009993676238216594,5.15310000628233,0.001207808384222859,42.63789998367429,0.01990000600926578,0.0,750,93.28358208955224,E_confidence_adaptive,0.0,,,,54,332.25390625,,0.06716417910447761,,"{""raw|default|identity"": 1}",,,lt_16KiB,C:\Users\ss\Desktop\XAI\XAI\apps\mobile_authenticator_flutter\android\.gradle\buildOutputCleanup\cache.properties,a79486349dd2e056bef1,PASS
True,17.48148148148148,0.0,binary,1,118,0.005163576416442564,9.973400010494515,0.004601112613699855,11.192600009962916,0.009199982741847634,0.0,64,54.23728813559322,F_compact_xaic,0.0,,,,54,332.25390625,requested_chunking,0.4576271186440678,confidence,"[""raw|default|identity""]",1.0403999767731875,1.0,lt_16KiB,C:\Users\ss\Desktop\XAI\XAI\apps\mobile_authenticator_flutter\android\.gradle\buildOutputCleanup\cache.properties,a79486349dd2e056bef1,PASS
True,17.185185185185187,0.0,binary,1,116,0.0054247685848154825,9.493199991993606,0.004399731141465562,11.704900010954589,0.012400007108226418,0.0,62,53.44827586206897,G_compact_adaptive,0.0,,,,54,332.25390625,whole_file,0.46551724137931033,confidence,"[""raw|default|identity""]",0.437700015027076,1.0,lt_16KiB,C:\Users\ss\Desktop\XAI\XAI\apps\mobile_authenticator_flutter\android\.gradle\buildOutputCleanup\cache.properties,a79486349dd2e056bef1,PASS
True,17.185185185185187,0.0,binary,1,116,0.014211555331443934,3.623700002208352,0.010731071662284465,4.79900001664646,0.0048000074457377195,0.0,62,53.44827586206897,H_full_v2,0.0,N/A,N/A,N/A,54,288.3828125,whole_file,0.46551724137931033,confidence,"[""raw|default|identity""]",0.16160000814124942,1.0,lt_16KiB,C:\Users\ss\Desktop\XAI\XAI\apps\mobile_authenticator_flutter\android\.gradle\buildOutputCleanup\cache.properties,a79486349dd2e056bef1,PASS
True,8.313725490196079,,binary,,106,0.07305105254738624,1.3315999822225422,10.929738850628839,0.00890000956133008,,,,,A_fixed_best,,,,,102,288.3828125,,0.9622641509433962,,brotli-11,,,lt_16KiB,C:\Users\ss\Desktop\XAI\XAI\apps\public_nextjs\.next\cache\.rscinfo,40edde3ff58386c6e648,PASS
True,68.3921568627451,4.400599980726838,binary,,872,0.006391919003181645,15.218400018056855,0.0029219806216416347,33.290699997451156,1.345600001513958,1.5134999994188547,770,88.30275229357798,B_hybrid_v1,2.729700005147606,,,,102,288.3828125,,0.11697247706422019,,"{""raw"": 1}",5.588800006080419,N/A,lt_16KiB,C:\Users\ss\Desktop\XAI\XAI\apps\public_nextjs\.next\cache\.rscinfo,40edde3ff58386c6e648,PASS
True,67.6078431372549,,binary,,862,0.01792620888579136,5.426400020951405,0.0020791917958059396,46.78490001242608,0.03209998249076307,0.0,760,88.16705336426914,C_ai_only,0.0,,,,102,332.25390625,,0.11832946635730858,,"{""raw|default|identity"": 1}",,,lt_16KiB,C:\Users\ss\Desktop\XAI\XAI\apps\public_nextjs\.next\cache\.rscinfo,40edde3ff58386c6e648,PASS
True,67.68627450980392,,binary,,863,0.029947287857563298,3.2481999951414764,0.0027348037141734817,35.56920000119135,0.012899981811642647,0.0,761,88.18076477404404,D_ai_top2,0.0,,,,102,332.25390625,,0.11819235225955968,,"{""raw|default|identity"": 1}",,,lt_16KiB,C:\Users\ss\Desktop\XAI\XAI\apps\public_nextjs\.next\cache\.rscinfo,40edde3ff58386c6e648,PASS
True,68.62745098039215,,binary,,875,0.03295662693113617,2.9516000067815185,0.004318582722545623,22.52470000530593,0.012900010915473104,0.0,773,88.34285714285714,E_confidence_adaptive,0.0,,,,102,332.25390625,,0.11657142857142858,,"{""raw|default|identity"": 1}",,,lt_16KiB,C:\Users\ss\Desktop\XAI\XAI\apps\public_nextjs\.next\cache\.rscinfo,40edde3ff58386c6e648,PASS
True,13.019607843137255,0.0,binary,1,166,0.011031012805807509,8.818300004350021,0.003481821480115109,27.937899983953685,0.0171000137925148,0.0,64,38.55421686746988,F_compact_xaic,0.0,,,,102,332.25390625,requested_chunking,0.6144578313253012,confidence,"[""raw|default|identity""]",0.8899999957066029,1.0,lt_16KiB,C:\Users\ss\Desktop\XAI\XAI\apps\public_nextjs\.next\cache\.rscinfo,40edde3ff58386c6e648,PASS
True,12.862745098039216,0.0,binary,1,164,0.014153588088399454,6.8728000042028725,0.011265565709997545,8.6347000033129,0.015600002370774746,0.0,62,37.80487804878049,G_compact_adaptive,0.0,,,,102,332.25390625,whole_file,0.6219512195121951,confidence,"[""raw|default|identity""]",0.38120002136565745,1.0,lt_16KiB,C:\Users\ss\Desktop\XAI\XAI\apps\public_nextjs\.next\cache\.rscinfo,40edde3ff58386c6e648,PASS
True,12.862745098039216,0.0,binary,1,164,0.013686601110888943,7.10730001446791,0.011802327122788262,8.242000010795891,0.011099997209385037,0.0,62,37.80487804878049,H_full_v2,0.0,N/A,N/A,N/A,102,288.3828125,whole_file,0.6219512195121951,confidence,"[""raw|default|identity""]",0.34119997872039676,1.0,lt_16KiB,C:\Users\ss\Desktop\XAI\XAI\apps\public_nextjs\.next\cache\.rscinfo,40edde3ff58386c6e648,PASS
True,5.457364341085271,,binary,,176,0.0673697975329017,3.6521999863907695,4.449329348969051,0.05530001362785697,,,,,A_fixed_best,,,,,258,288.3828125,,1.4659090909090908,,brotli-11,,,lt_16KiB,C:\Users\ss\Desktop\XAI\XAI\apps\web_angular\Dockerfile,f6d8ac25d8ced35c97bb,PASS
True,28.930232558139537,6.748599989805371,binary,,933,0.009461491305198752,26.00519999396056,0.009749261960055407,25.23759999894537,2.5680999970063567,3.168099996400997,764,81.88638799571275,B_hybrid_v1,4.972399998223409,,,,258,288.3828125,,0.2765273311897106,,"{""brotli"": 1}",10.708599991630763,N/A,lt_16KiB,C:\Users\ss\Desktop\XAI\XAI\apps\web_angular\Dockerfile,f6d8ac25d8ced35c97bb,PASS
True,28.093023255813954,,binary,,906,0.0019945021938502835,123.36310002137907,0.004321027952157612,56.94199999561533,5.398100009188056,0.667800020892173,737,81.34657836644591,C_ai_only,0.0,,,,258,332.25390625,,0.2847682119205298,,"{""brotli|6|identity"": 1}",,,lt_16KiB,C:\Users\ss\Desktop\XAI\XAI\apps\web_angular\Dockerfile,f6d8ac25d8ced35c97bb,PASS
True,29.05426356589147,,binary,,937,0.001978211543769434,124.37900001532398,0.009647351170116067,25.50419999170117,3.2241000153589994,1.7730999970808625,754,80.46958377801494,D_ai_top2,1.4927999873179942,,,,258,332.25390625,,0.2753468516542156,,"{""brotli|4|identity"": 1}",,,lt_16KiB,C:\Users\ss\Desktop\XAI\XAI\apps\web_angular\Dockerfile,f6d8ac25d8ced35c97bb,PASS
True,29.3953488372093,,binary,,948,0.0017301357864201506,142.21310001448728,0.006087237689715253,40.420300007099286,3.028100007213652,1.1012000031769276,765,80.69620253164557,E_confidence_adaptive,1.8220000201836228,,,,258,332.25390625,,0.2721518987341772,,"{""brotli|4|identity"": 1}",,,lt_16KiB,C:\Users\ss\Desktop\XAI\XAI\apps\web_angular\Dockerfile,f6d8ac25d8ced35c97bb,PASS
True,7.782945736434108,176.83740000938997,binary,1,251,0.001194872827312092,205.919800006086,0.010359434873264914,23.751100001391023,7.151000027079135,0.6973999843467027,68,27.09163346613546,F_compact_xaic,1.4362999936565757,,,,258,332.25390625,requested_chunking,1.0278884462151394,confidence,"[""brotli|4|identity""]",188.18180001107976,0.4472791210690842,lt_16KiB,C:\Users\ss\Desktop\XAI\XAI\apps\web_angular\Dockerfile,f6d8ac25d8ced35c97bb,PASS
True,7.751937984496124,185.4635999770835,binary,1,250,0.0011662456375965474,210.9743999899365,0.008477426318867876,29.023899987805635,5.447100003948435,1.1169000063091516,67,26.8,G_compact_adaptive,2.3988000175449997,,,,258,332.25390625,whole_file,1.032,confidence,"[""brotli|4|identity""]",195.71870000800118,0.4472791210690842,lt_16KiB,C:\Users\ss\Desktop\XAI\XAI\apps\web_angular\Dockerfile,f6d8ac25d8ced35c97bb,PASS
True,7.751937984496124,61.156900017522275,binary,1,250,0.003442809759192249,71.4672000030987,0.00938373016682403,26.220700005069375,2.7024000009987503,0.3581999917514622,67,26.8,H_full_v2,0.6840000278316438,N/A,N/A,N/A,258,288.3828125,whole_file,1.032,confidence,"[""brotli|4|identity""]",65.53920000442304,0.4472791210690842,lt_16KiB,C:\Users\ss\Desktop\XAI\XAI\apps\web_angular\Dockerfile,f6d8ac25d8ced35c97bb,PASS
True,3.272271016311167,,binary,,326,0.1581092154340326,4.807299992535263,17.393105652938356,0.04369998350739479,,,,,A_fixed_best,,,,,797,288.3828125,,2.4447852760736195,,brotli-11,,,lt_16KiB,C:\Users\ss\Desktop\XAI\XAI\apps\mobile_authenticator_flutter\android\settings.gradle.kts,cc0a768c16bc4f521d5e,PASS
True,11.222082810539524,8.480999997118488,binary,,1118,0.021696503810679137,35.03229998750612,0.030989205049301947,24.527200002921745,4.654800024582073,2.9008999990765005,764,68.33631484794276,B_hybrid_v1,6.230600003618747,,,,797,288.3828125,,0.7128801431127012,,"{""brotli"": 1}",13.78630002727732,N/A,lt_16KiB,C:\Users\ss\Desktop\XAI\XAI\apps\mobile_authenticator_flutter\android\settings.gradle.kts,cc0a768c16bc4f521d5e,PASS
True,11.312421580928481,,binary,,1127,0.003974908522065349,191.21910000103526,0.018454059721346137,41.18759999983013,9.188600000925362,1.3485999952536076,757,67.16947648624667,C_ai_only,0.0,,,,797,332.25390625,,0.707187222715173,,"{""deflate|9|identity"": 1}",,,lt_16KiB,C:\Users\ss\Desktop\XAI\XAI\apps\mobile_authenticator_flutter\android\settings.gradle.kts,cc0a768c16bc4f521d5e,PASS
True,11.462986198243414,,binary,,1142,0.005937602471990977,128.01100002252497,0.02484444179329802,30.59350000694394,8.157300006132573,0.7353999826591462,772,67.60070052539405,D_ai_top2,0.6812000065110624,,,,797,332.25390625,,0.6978984238178634,,"{""deflate|9|identity"": 1}",,,lt_16KiB,C:\Users\ss\Desktop\XAI\XAI\apps\mobile_authenticator_flutter\android\settings.gradle.kts,cc0a768c16bc4f521d5e,PASS
True,11.603513174404014,,binary,,1156,0.006154311784911943,123.50340001285076,0.027084717629016684,28.0629999761004,4.948299989337102,0.6545000069309026,784,67.82006920415225,E_confidence_adaptive,0.7215999939944595,,,,797,332.25390625,,0.6894463667820069,,"{""deflate|6|identity"": 1}",,,lt_16KiB,C:\Users\ss\Desktop\XAI\XAI\apps\mobile_authenticator_flutter\android\settings.gradle.kts,cc0a768c16bc4f521d5e,PASS
True,4.396486825595985,113.70020001777448,binary,1,438,0.0053429085496715205,142.25929998792708,0.025159329180223747,30.210600001737475,5.212799995206296,0.8365999965462834,68,15.525114155251142,F_compact_xaic,0.8761000062804669,,,,797,332.25390625,requested_chunking,1.8196347031963471,confidence,"[""deflate|9|identity""]",122.29890000890009,0.5718113910592681,lt_16KiB,C:\Users\ss\Desktop\XAI\XAI\apps\mobile_authenticator_flutter\android\settings.gradle.kts,cc0a768c16bc4f521d5e,PASS
True,4.406524466750314,125.9859999991022,binary,1,439,0.0049824219289519136,152.5520000141114,0.0897440704802721,8.469399996101856,5.0900999922305346,0.7301000005099922,67,15.261958997722095,G_compact_adaptive,0.9991000115405768,,,,797,332.25390625,whole_file,1.815489749430524,confidence,"[""deflate|6|identity""]",133.97470000199974,0.5718113910592681,lt_16KiB,C:\Users\ss\Desktop\XAI\XAI\apps\mobile_authenticator_flutter\android\settings.gradle.kts,cc0a768c16bc4f521d5e,PASS
True,4.336260978670013,67.6013000193052,binary,1,432,0.009583748021752839,79.30909999413416,0.043957020842546414,17.291399999521673,3.798000019742176,0.38819998735561967,67,15.50925925925926,H_full_v2,0.45190000673756003,N/A,N/A,N/A,797,288.3828125,whole_file,1.8449074074074074,confidence,"[""brotli|4|identity""]",72.82479997957125,0.5718113910592681,lt_16KiB,C:\Users\ss\Desktop\XAI\XAI\apps\mobile_authenticator_flutter\android\settings.gradle.kts,cc0a768c16bc4f521d5e,PASS
True,2.4293915040183696,,binary,,1058,0.3267768175770512,10.167799977352843,62.69059550834511,0.05299999611452222,,,,,A_fixed_best,,,,,3484,288.3828125,,3.2930056710775046,,brotli-11,,,lt_16KiB,C:\Users\ss\Desktop\XAI\XAI\apps\admin_dotnet\Components\Pages\Home.razor,5cfd18ecb4615302b290,PASS
True,4.440872560275546,7.084299984853715,binary,,1934,0.09474414351451237,35.06920000654645,0.12227493709134404,27.173199981916696,7.732199999736622,2.189199993154034,760,39.29679420889349,B_hybrid_v1,8.74289998319,,,,3484,288.3828125,,1.8014477766287487,,"{""brotli"": 1}",18.664299976080656,N/A,lt_16KiB,C:\Users\ss\Desktop\XAI\XAI\apps\admin_dotnet\Components\Pages\Home.razor,5cfd18ecb4615302b290,PASS
True,4.636050516647532,,binary,,2019,0.018346422449637533,181.10350001370534,0.049145818009055445,67.60700000450015,22.390500031178817,1.4167999906931072,759,37.59286775631501,C_ai_only,0.0,,,,3484,332.25390625,,1.7256067360079248,,"{""deflate|6|identity"": 1}",,,lt_16KiB,C:\Users\ss\Desktop\XAI\XAI\apps\admin_dotnet\Components\Pages\Home.razor,5cfd18ecb4615302b290,PASS
True,4.6681974741676235,,binary,,2033,0.015037109949974935,220.9601000067778,0.11682599236506179,28.440599999157712,27.52689996850677,1.2104999914299697,773,38.022626660108216,D_ai_top2,1.1332000140100718,,,,3484,332.25390625,,1.7137235612395474,,"{""deflate|6|identity"": 1}",,,lt_16KiB,C:\Users\ss\Desktop\XAI\XAI\apps\admin_dotnet\Components\Pages\Home.razor,5cfd18ecb4615302b290,PASS
True,4.695752009184845,,binary,,2045,0.018738400272697887,177.31510000885464,0.12158186330897162,27.3280999972485,15.21469998988323,1.0612000187393278,785,38.386308068459655,E_confidence_adaptive,1.6986000118777156,,,,3484,332.25390625,,1.7036674816625916,,"{""deflate|6|identity"": 1}",,,lt_16KiB,C:\Users\ss\Desktop\XAI\XAI\apps\admin_dotnet\Components\Pages\Home.razor,5cfd18ecb4615302b290,PASS
True,3.049368541905855,121.74689999665134,binary,1,1328,0.021328695951034975,155.78080000705086,0.11301211269500801,29.400400002487004,10.922499990556389,1.2673999881371856,68,5.120481927710843,F_compact_xaic,1.673899998422712,,,,3484,332.25390625,requested_chunking,2.6234939759036147,confidence,"[""deflate|6|identity""]",137.44190000579692,0.4786371602385439,lt_16KiB,C:\Users\ss\Desktop\XAI\XAI\apps\admin_dotnet\Components\Pages\Home.razor,5cfd18ecb4615302b290,PASS
True,3.058553386911596,186.42869999166578,binary,1,1332,0.014461654687218516,229.75249998853542,0.2587877123365348,12.839100003475323,21.90110002993606,1.4780999918002635,67,5.03003003003003,G_compact_adaptive,2.094099996611476,,,,3484,332.25390625,whole_file,2.6156156156156154,confidence,"[""deflate|9|identity""]",213.36920000612736,0.4786371602385439,lt_16KiB,C:\Users\ss\Desktop\XAI\XAI\apps\admin_dotnet\Components\Pages\Home.razor,5cfd18ecb4615302b290,PASS
True,3.0470723306544203,57.09909999859519,binary,1,1327,0.04583954260395271,72.48329999856651,0.19255763893770186,17.255100014153868,6.847200042102486,0.40079999598674476,67,5.0489826676714396,H_full_v2,0.753700005589053,N/A,N/A,N/A,3484,288.3828125,whole_file,2.6254709871891486,confidence,"[""deflate|6|identity""]",65.73120001121424,0.4786371602385439,lt_16KiB,C:\Users\ss\Desktop\XAI\XAI\apps\admin_dotnet\Components\Pages\Home.razor,5cfd18ecb4615302b290,PASS
True,2.3432902362906822,,binary,,1314,0.2886821588301079,14.819699979852885,53.21123045853374,0.08040000102482736,,,,,A_fixed_best,,,,,4486,288.3828125,,3.4140030441400304,,brotli-11,,,lt_16KiB,C:\Users\ss\Desktop\XAI\XAI\apps\web_angular\src\styles.scss,1364093c2cd97d6b467d,PASS
True,3.8680338831921532,8.03769999765791,binary,,2169,0.10801092140180624,39.60879999794997,0.22485391342511324,19.02649999829009,11.118700000224635,2.49650000478141,764,35.22360534808668,B_hybrid_v1,8.399999991524965,,,,4486,288.3828125,,2.0682342093130477,,"{""brotli"": 1}",22.01519999653101,N/A,lt_16KiB,C:\Users\ss\Desktop\XAI\XAI\apps\web_angular\src\styles.scss,1364093c2cd97d6b467d,PASS
True,4.105216228265715,,binary,,2302,0.018993211852498568,225.24800000246614,0.12334425022266299,34.684899990679696,30.475800012936816,0.8435000199824572,759,32.97132927888792,C_ai_only,0.0,,,,4486,332.25390625,,1.94874022589053,,"{""deflate|6|identity"": 1}",,,lt_16KiB,C:\Users\ss\Desktop\XAI\XAI\apps\web_angular\src\styles.scss,1364093c2cd97d6b467d,PASS
True,4.131966116807846,,binary,,2317,0.014349490690786134,298.1417999835685,0.015756541220683255,271.5178999933414,31.831600004807115,2.6034000038634986,774,33.405265429434614,D_ai_top2,1.8408999894745648,,,,4486,332.25390625,,1.936124298662063,,"{""deflate|6|identity"": 1}",,,lt_16KiB,C:\Users\ss\Desktop\XAI\XAI\apps\web_angular\src\styles.scss,1364093c2cd97d6b467d,PASS
True,4.151582701738743,,binary,,2328,0.013064618182998783,327.4632999964524,0.06765112901661183,63.23890000930987,50.10369999217801,1.6632000042591244,785,33.71993127147766,E_confidence_adaptive,2.4640999909024686,,,,4486,332.25390625,,1.9269759450171822,,"{""deflate|6|identity"": 1}",,,lt_16KiB,C:\Users\ss\Desktop\XAI\XAI\apps\web_angular\src\styles.scss,1364093c2cd97d6b467d,PASS
True,2.874721355327686,279.14569998392835,binary,1,1612,0.012164586767149106,351.69159999350086,0.05679051703527137,75.33270001295023,36.86810002545826,2.0579000120051205,68,4.218362282878412,F_compact_xaic,3.4980000054929405,,,,4486,332.25390625,requested_chunking,2.7828784119106698,confidence,"[""deflate|9|identity""]",329.41149998805486,0.46506050568757507,lt_16KiB,C:\Users\ss\Desktop\XAI\XAI\apps\web_angular\src\styles.scss,1364093c2cd97d6b467d,PASS
True,2.871154703522069,271.36079999036156,binary,1,1610,0.011888577237148786,359.85660000005737,0.16858837829900272,25.376500008860603,43.46460002125241,2.3443000100087374,67,4.161490683229814,G_compact_adaptive,3.3475999953225255,,,,4486,332.25390625,whole_file,2.7863354037267083,confidence,"[""deflate|6|identity""]",322.5803000095766,0.46506050568757507,lt_16KiB,C:\Users\ss\Desktop\XAI\XAI\apps\web_angular\src\styles.scss,1364093c2cd97d6b467d,PASS
True,2.872938029424877,64.88200000603683,binary,1,1611,0.05080036219732825,84.2156000144314,1.0558200837403104,4.052000003866851,11.764400027459487,0.3733999910764396,67,4.158907510862818,H_full_v2,0.5222000181674957,N/A,N/A,N/A,4486,288.3828125,whole_file,2.7846058348851646,confidence,"[""deflate|9|identity""]",78.1159000180196,0.46506050568757507,lt_16KiB,C:\Users\ss\Desktop\XAI\XAI\apps\web_angular\src\styles.scss,1364093c2cd97d6b467d,PASS
True,0.627789299046039,,binary,,946,0.2942580391275307,39.06959999585524,153.4919317485926,0.07489998824894428,,,,,A_fixed_best,,,,,12055,288.3828125,,12.743128964059197,,brotli-11,,,lt_16KiB,C:\Users\ss\Desktop\XAI\XAI\apps\desktop_flutter\.flutter-plugins-dependencies,fb876718379f313755bf,PASS
True,1.2024885939444214,8.683499996550381,binary,,1812,0.16390338322620687,70.14219998382032,0.5551499057161478,20.708900003228337,41.3684000086505,3.4442000032868236,765,42.21854304635762,B_hybrid_v1,7.553400006145239,,,,12055,288.3828125,,6.652869757174393,,"{""brotli"": 1}",52.36600001808256,N/A,lt_16KiB,C:\Users\ss\Desktop\XAI\XAI\apps\desktop_flutter\.flutter-plugins-dependencies,fb876718379f313755bf,PASS
True,1.2296972210700954,,binary,,1853,0.038830597320077154,296.06920000514947,0.20701438526848423,55.53499999223277,106.72929999418557,1.269300002604723,759,40.96060442525634,C_ai_only,0.0,,,,12055,332.25390625,,6.505666486778198,,"{""deflate|6|identity"": 1}",,,lt_16KiB,C:\Users\ss\Desktop\XAI\XAI\apps\desktop_flutter\.flutter-plugins-dependencies,fb876718379f313755bf,PASS
True,1.2403152218996267,,binary,,1869,0.026632893459645535,431.6670999978669,0.2638498283841988,43.57230002642609,118.48530001589097,1.1605000181589276,775,41.46602461209203,D_ai_top2,2.0970999903511256,,,,12055,332.25390625,,6.4499732477260565,,"{""deflate|6|identity"": 1}",,,lt_16KiB,C:\Users\ss\Desktop\XAI\XAI\apps\desktop_flutter\.flutter-plugins-dependencies,fb876718379f313755bf,PASS
True,1.2476150974699294,,binary,,1880,0.04710914448050885,244.0405999950599,0.45533211159498144,25.248699996154755,61.59450000268407,1.2401000130921602,786,41.808510638297875,E_confidence_adaptive,2.1587999945040792,,,,12055,332.25390625,,6.412234042553192,,"{""deflate|6|identity"": 1}",,,lt_16KiB,C:\Users\ss\Desktop\XAI\XAI\apps\desktop_flutter\.flutter-plugins-dependencies,fb876718379f313755bf,PASS
True,0.7711323102447117,116.72630000975914,binary,1,1162,0.06248838255202125,183.97889999323525,0.48970225164640646,23.476600006688386,52.3972999653779,0.8674999990034848,68,5.851979345955249,F_compact_xaic,1.3461000053212047,,,,12055,332.25390625,requested_chunking,10.37435456110155,confidence,"[""deflate|6|identity""]",173.11020000488497,0.4566057059402814,lt_16KiB,C:\Users\ss\Desktop\XAI\XAI\apps\desktop_flutter\.flutter-plugins-dependencies,fb876718379f313755bf,PASS
True,0.770468685192866,148.8979999849107,binary,1,1161,0.04906814577480416,234.29749999195337,0.18159758959317696,63.30780001007952,54.87730001914315,1.2922000023536384,67,5.770887166236004,G_compact_adaptive,2.7079999854322523,,,,12055,332.25390625,whole_file,10.383290267011198,confidence,"[""deflate|6|identity""]",210.0475000042934,0.4566057059402814,lt_16KiB,C:\Users\ss\Desktop\XAI\XAI\apps\desktop_flutter\.flutter-plugins-dependencies,fb876718379f313755bf,PASS
True,0.770468685192866,77.55460002226755,binary,1,1161,0.09599363983969032,119.76359999971464,2.1913622762309832,5.24629998835735,33.24019999126904,0.5117999971844256,67,5.770887166236004,H_full_v2,0.9242999949492514,N/A,N/A,N/A,12055,288.3828125,whole_file,10.383290267011198,confidence,"[""deflate|6|identity""]",112.96649998985231,0.4566057059402814,lt_16KiB,C:\Users\ss\Desktop\XAI\XAI\apps\desktop_flutter\.flutter-plugins-dependencies,fb876718379f313755bf,PASS
True,1.5878506644167898,,binary,,4705,0.3857350236116142,58.607199985999614,167.83109494567825,0.13470000703819096,,,,,A_fixed_best,,,,,23705,288.3828125,,5.038257173219979,,brotli-11,,,16_64KiB,C:\Users\ss\Desktop\XAI\XAI\apps\desktop_flutter\pubspec.lock,665359906b3619ac985e,PASS
True,2.0110525205652814,5.299199983710423,binary,,5959,0.30291216292874584,74.63170000119135,0.9520036415318217,23.746599996229634,45.25140000623651,1.876900001661852,765,12.837724450411143,B_hybrid_v1,8.432500006165355,,,,23705,288.3828125,,3.9780164457123677,,"{""brotli"": 1}",55.560800014063716,N/A,16_64KiB,C:\Users\ss\Desktop\XAI\XAI\apps\desktop_flutter\pubspec.lock,665359906b3619ac985e,PASS
True,2.049187935034803,,binary,,6072,0.10096950336676841,223.89779999502935,0.9453632547592468,23.913400014862418,96.9790999952238,1.073399995220825,734,12.088274044795783,C_ai_only,0.0,,,,23705,332.25390625,,3.903985507246377,,"{""zstd|9|identity"": 1}",,,16_64KiB,C:\Users\ss\Desktop\XAI\XAI\apps\desktop_flutter\pubspec.lock,665359906b3619ac985e,PASS
True,2.0751740139211137,,binary,,6149,0.12773342805545818,176.984599995194,0.9589006381663977,23.575800005346537,63.86930000735447,0.6766000005882233,751,12.213368027321515,D_ai_top2,2.0006000122521073,,,,23705,332.25390625,,3.855098389982111,,"{""zstd|6|identity"": 1}",,,16_64KiB,C:\Users\ss\Desktop\XAI\XAI\apps\desktop_flutter\pubspec.lock,665359906b3619ac985e,PASS
True,2.0586374182661884,,binary,,6100,0.10605995766691141,213.1515999790281,0.7010745412908334,32.24600001703948,65.50470000365749,1.1338999902363867,762,12.491803278688524,E_confidence_adaptive,4.477000009501353,,,,23705,332.25390625,,3.886065573770492,,"{""zstd|9|identity"": 1}",,,16_64KiB,C:\Users\ss\Desktop\XAI\XAI\apps\desktop_flutter\pubspec.lock,665359906b3619ac985e,PASS
True,1.8254376713773466,126.90719999955036,binary,1,5409,0.09898141188448673,228.39490001206286,0.4988778576600742,45.315399998798966,60.61499999486841,1.2610999983735383,71,1.3126271029765206,F_compact_xaic,5.42269999277778,,,,23705,332.25390625,requested_chunking,4.3825106304307635,confidence,"[""zstd|9|identity""]",196.9577000127174,0.3581376981252279,16_64KiB,C:\Users\ss\Desktop\XAI\XAI\apps\desktop_flutter\pubspec.lock,665359906b3619ac985e,PASS
True,1.8254376713773466,100.88129999348894,binary,1,5409,0.11370819684698381,198.8145999785047,0.7383877871865139,30.616499978350475,62.61290001566522,2.38100002752617,71,1.3126271029765206,G_compact_adaptive,11.379200004739687,,,,23705,332.25390625,whole_file,4.3825106304307635,confidence,"[""zstd|9|identity""]",179.67670000507496,0.3581376981252279,16_64KiB,C:\Users\ss\Desktop\XAI\XAI\apps\desktop_flutter\pubspec.lock,665359906b3619ac985e,PASS
True,1.8456865640160305,55.51820000982843,binary,1,5469,0.2664167861449175,84.85519999521784,5.20775160311756,4.340999992564321,20.2356000081636,0.45870000030845404,71,1.2982263667946607,H_full_v2,1.921100018080324,N/A,N/A,N/A,23705,288.3828125,whole_file,4.334430426037667,confidence,"[""zstd|6|identity""]",78.93940000212751,0.2891339604597721,16_64KiB,C:\Users\ss\Desktop\XAI\XAI\apps\desktop_flutter\pubspec.lock,665359906b3619ac985e,PASS
True,8.842105263157896,,csv,,42,0.040759897061933746,0.8890999888535589,2.8991680966339697,0.012500007869675756,,,,,A_fixed_best,,,,,38,288.3828125,,0.9047619047619048,,brotli-11,,,lt_16KiB,C:\Users\ss\Desktop\XAI\XAI\engines\XAI-Compress\results\final_analysis\roundtrip_results.csv,e3912e357456af06dfed,PASS
True,170.10526315789474,7.336500013479963,csv,,808,0.001602891959076314,22.608900006162003,0.0015107334061904758,23.988100001588464,1.9796000269707292,2.3859000066295266,770,95.29702970297029,B_hybrid_v1,4.023099987534806,,,,38,288.3828125,,0.04702970297029703,,"{""raw"": 1}",8.388600021135062,N/A,lt_16KiB,C:\Users\ss\Desktop\XAI\XAI\engines\XAI-Compress\results\final_analysis\roundtrip_results.csv,e3912e357456af06dfed,PASS
True,163.57894736842104,,csv,,777,0.01114345317517099,3.25209999573417,0.0008823051195111458,41.073800006415695,0.010199990356341004,0.0,739,95.10939510939511,C_ai_only,0.0,,,,38,332.25390625,,0.0489060489060489,,"{""raw|default|identity"": 1}",,,lt_16KiB,C:\Users\ss\Desktop\XAI\XAI\engines\XAI-Compress\results\final_analysis\roundtrip_results.csv,e3912e357456af06dfed,PASS
True,163.57894736842104,,csv,,777,0.01049693669621785,3.452399978414178,0.0014572676755855677,24.868200009223074,0.009700015652924776,0.0,739,95.10939510939511,D_ai_top2,0.0,,,,38,332.25390625,,0.0489060489060489,,"{""raw|default|identity"": 1}",,,lt_16KiB,C:\Users\ss\Desktop\XAI\XAI\engines\XAI-Compress\results\final_analysis\roundtrip_results.csv,e3912e357456af06dfed,PASS
True,166.10526315789474,,csv,,789,0.012151568899734488,2.9823000077158213,0.001245647545312332,29.09299999009818,0.007099995855242014,0.0,751,95.18377693282636,E_confidence_adaptive,0.0,,,,38,332.25390625,,0.048162230671736375,,"{""raw|default|identity"": 1}",,,lt_16KiB,C:\Users\ss\Desktop\XAI\XAI\engines\XAI-Compress\results\final_analysis\roundtrip_results.csv,e3912e357456af06dfed,PASS
True,21.473684210526315,0.0,csv,1,102,0.0043803106474474655,8.27329998719506,0.0015337251211333855,23.62849999917671,0.011199997970834374,0.0,64,62.745098039215684,F_compact_xaic,0.0,,,,38,332.25390625,requested_chunking,0.37254901960784315,confidence,"[""raw|default|identity""]",1.127800001995638,1.0,lt_16KiB,C:\Users\ss\Desktop\XAI\XAI\engines\XAI-Compress\results\final_analysis\roundtrip_results.csv,e3912e357456af06dfed,PASS
True,21.05263157894737,0.0,csv,1,100,0.004705283633225774,7.7019000018481165,0.004390393364449371,8.254300017142668,0.00790000194683671,0.0,62,62.0,G_compact_adaptive,0.0,,,,38,332.25390625,whole_file,0.38,confidence,"[""raw|default|identity""]",0.39220001781359315,1.0,lt_16KiB,C:\Users\ss\Desktop\XAI\XAI\engines\XAI-Compress\results\final_analysis\roundtrip_results.csv,e3912e357456af06dfed,PASS
True,21.05263157894737,0.0,csv,1,100,0.0055663349920750905,6.510500010335818,0.00548014093667093,6.612900004256517,0.007199996616691351,0.0,62,62.0,H_full_v2,0.0,N/A,N/A,N/A,38,288.3828125,whole_file,0.38,confidence,"[""raw|default|identity""]",0.37170000723563135,1.0,lt_16KiB,C:\Users\ss\Desktop\XAI\XAI\engines\XAI-Compress\results\final_analysis\roundtrip_results.csv,e3912e357456af06dfed,PASS
True,6.4,,csv,,72,0.04384709491289131,1.957500004209578,2.4383714094602316,0.035200006095692515,,,,,A_fixed_best,,,,,90,288.3828125,,1.25,,brotli-11,,,lt_16KiB,C:\Users\ss\Desktop\XAI\XAI\engines\XAI-Compress\results\final_analysis\final_comparison.csv,921d357da1bee764ce1d,PASS
True,74.84444444444445,7.056800008285791,csv,,842,0.0036506609013708695,23.511000006692484,0.003882546930986412,22.10679999552667,2.2678000095766038,2.3935000062920153,764,90.73634204275534,B_hybrid_v1,4.599200008669868,,,,90,288.3828125,,0.10688836104513064,,"{""brotli"": 1}",9.260500024538487,N/A,lt_16KiB,C:\Users\ss\Desktop\XAI\XAI\engines\XAI-Compress\results\final_analysis\final_comparison.csv,921d357da1bee764ce1d,PASS
True,74.75555555555556,,csv,,841,0.020256463872363288,4.237199987983331,0.002576097930868781,33.31810000236146,0.019099999917671084,0.0,750,89.179548156956,C_ai_only,0.0,,,,90,332.25390625,,0.1070154577883472,,"{""brotli|1|identity"": 1}",,,lt_16KiB,C:\Users\ss\Desktop\XAI\XAI\engines\XAI-Compress\results\final_analysis\final_comparison.csv,921d357da1bee764ce1d,PASS
True,74.75555555555556,,csv,,841,0.017003246623129173,5.047899991041049,0.0019491514339768081,44.03489999822341,0.023200002033263445,0.0,750,89.179548156956,D_ai_top2,0.0,,,,90,332.25390625,,0.1070154577883472,,"{""brotli|1|identity"": 1}",,,lt_16KiB,C:\Users\ss\Desktop\XAI\XAI\engines\XAI-Compress\results\final_analysis\final_comparison.csv,921d357da1bee764ce1d,PASS
True,75.82222222222222,,csv,,853,0.019412998126297328,4.421299992827699,0.002127602803555616,40.34149998915382,0.031400006264448166,0.0,762,89.33177022274326,E_confidence_adaptive,0.0,,,,90,332.25390625,,0.10550996483001172,,"{""brotli|1|identity"": 1}",,,lt_16KiB,C:\Users\ss\Desktop\XAI\XAI\engines\XAI-Compress\results\final_analysis\final_comparison.csv,921d357da1bee764ce1d,PASS
True,13.777777777777779,0.0,csv,1,155,0.006819536667435254,12.585999997099862,0.0017465531848820058,49.14289998123422,0.02300000051036477,0.0,64,41.29032258064516,F_compact_xaic,0.0,,,,90,332.25390625,requested_chunking,0.5806451612903226,confidence,"[""brotli|1|identity""]",1.6346999909728765,1.0,lt_16KiB,C:\Users\ss\Desktop\XAI\XAI\engines\XAI-Compress\results\final_analysis\final_comparison.csv,921d357da1bee764ce1d,PASS
True,13.6,0.0,csv,1,153,0.00609575639327518,14.080400025704876,0.005565254138028814,15.422600001329556,0.025399989681318402,0.0,62,40.52287581699346,G_compact_adaptive,0.0,,,,90,332.25390625,whole_file,0.5882352941176471,confidence,"[""brotli|1|identity""]",0.8876000065356493,1.0,lt_16KiB,C:\Users\ss\Desktop\XAI\XAI\engines\XAI-Compress\results\final_analysis\final_comparison.csv,921d357da1bee764ce1d,PASS
True,13.6,0.0,csv,1,153,0.011886589908323378,7.220800005597994,0.003959893355992151,21.674999996321276,0.009700015652924776,0.0,62,40.52287581699346,H_full_v2,0.0,N/A,N/A,N/A,90,288.3828125,whole_file,0.5882352941176471,confidence,"[""brotli|1|identity""]",0.32220000866800547,1.0,lt_16KiB,C:\Users\ss\Desktop\XAI\XAI\engines\XAI-Compress\results\final_analysis\final_comparison.csv,921d357da1bee764ce1d,PASS
True,5.095709570957096,,csv,,193,0.058169602707052286,4.967599990777671,4.087176487393346,0.07069998537190259,,,,,A_fixed_best,,,,,303,288.3828125,,1.5699481865284974,,brotli-11,,,lt_16KiB,C:\Users\ss\Desktop\XAI\XAI\engines\XAI-Compress\results\final_project\lossless_bpb_breakdown.csv,39a02de3ede36018b3fe,PASS
True,25.372937293729372,11.581799975829199,csv,,961,0.006844925415792513,42.21569999936037,0.008361763594617395,34.557700011646375,3.96329999784939,4.445800004759803,761,79.18834547346513,B_hybrid_v1,6.92510002409108,,,,303,288.3828125,,0.3152965660770031,,"{""brotli"": 1}",15.334200026700273,N/A,lt_16KiB,C:\Users\ss\Desktop\XAI\XAI\engines\XAI-Compress\results\final_project\lossless_bpb_breakdown.csv,39a02de3ede36018b3fe,PASS
True,25.10891089108911,,csv,,951,0.0012721692309195889,227.14219999033958,0.006461468164564111,44.72100001294166,7.885600003646687,1.0316999978385866,738,77.60252365930599,C_ai_only,0.0,,,,303,332.25390625,,0.3186119873817035,,"{""brotli|4|identity"": 1}",,,lt_16KiB,C:\Users\ss\Desktop\XAI\XAI\engines\XAI-Compress\results\final_project\lossless_bpb_breakdown.csv,39a02de3ede36018b3fe,PASS
True,25.16171617161716,,csv,,953,0.0018738093013180857,154.21170002082363,0.008853069953132632,32.63989998959005,4.352399992058054,1.2533999979496002,753,79.01364113326338,D_ai_top2,1.7331000126432627,,,,303,332.25390625,,0.3179433368310598,,"{""brotli|6|identity"": 1}",,,lt_16KiB,C:\Users\ss\Desktop\XAI\XAI\engines\XAI-Compress\results\final_project\lossless_bpb_breakdown.csv,39a02de3ede36018b3fe,PASS
True,26.402640264026402,,csv,,1000,0.0018576948409140762,155.54939999128692,0.006948004006964578,41.589400003431365,5.075499997474253,1.37489999178797,782,78.2,E_confidence_adaptive,1.8659999768715352,,,,303,332.25390625,,0.303,,"{""deflate|9|identity"": 1}",,,lt_16KiB,C:\Users\ss\Desktop\XAI\XAI\engines\XAI-Compress\results\final_project\lossless_bpb_breakdown.csv,39a02de3ede36018b3fe,PASS
True,7.075907590759076,194.4456000055652,csv,1,268,0.0011313309934349947,255.41889999294654,0.004456133401217407,64.84620002447627,7.315299997571856,1.4942999987397343,68,25.37313432835821,F_compact_xaic,3.337900008773431,,,,303,332.25390625,requested_chunking,1.1305970149253732,confidence,"[""brotli|6|identity""]",208.94989999942482,0.37563082082631577,lt_16KiB,C:\Users\ss\Desktop\XAI\XAI\engines\XAI-Compress\results\final_project\lossless_bpb_breakdown.csv,39a02de3ede36018b3fe,PASS
True,7.524752475247524,328.52619999903254,csv,1,285,0.0007947157014572882,363.6058999982197,0.004960215700928075,58.25619999086484,7.7092999999877065,1.7735000001266599,67,23.50877192982456,G_compact_adaptive,3.3073000086005777,,,,303,332.25390625,whole_file,1.063157894736842,confidence,"[""deflate|9|identity""]",343.6472000030335,0.37563082082631577,lt_16KiB,C:\Users\ss\Desktop\XAI\XAI\engines\XAI-Compress\results\final_project\lossless_bpb_breakdown.csv,39a02de3ede36018b3fe,PASS
True,7.3927392739273925,88.72090000659227,csv,1,280,0.0024237842666314322,119.21989999245852,0.0064937911887231105,44.4984000059776,4.064599983394146,0.7951000006869435,67,23.928571428571427,H_full_v2,2.2526000102516264,N/A,N/A,N/A,303,288.3828125,whole_file,1.082142857142857,confidence,"[""brotli|4|identity""]",97.15489999507554,0.37563082082631577,lt_16KiB,C:\Users\ss\Desktop\XAI\XAI\engines\XAI-Compress\results\final_project\lossless_bpb_breakdown.csv,39a02de3ede36018b3fe,PASS
True,4.102189781021898,,csv,,281,0.09275242256524183,5.6345000048168,7.476587449297303,0.06990000838413835,,,,,A_fixed_best,,,,,548,288.3828125,,1.9501779359430604,,brotli-11,,,lt_16KiB,C:\Users\ss\Desktop\XAI\XAI\engines\XAI-Compress\results\hybrid_ai\final_decision_table.csv,13de65abccd316cc7ad0,PASS
True,15.328467153284672,7.653600041521713,csv,,1050,0.016915193995020523,30.89610001188703,0.016201353026678054,32.25740001653321,4.001100023742765,2.3708999797236174,764,72.76190476190476,B_hybrid_v1,5.439100001240149,,,,548,288.3828125,,0.5219047619047619,,"{""brotli"": 1}",11.811100004706532,N/A,lt_16KiB,C:\Users\ss\Desktop\XAI\XAI\engines\XAI-Compress\results\hybrid_ai\final_decision_table.csv,13de65abccd316cc7ad0,PASS
True,15.576642335766424,,csv,,1067,0.0018915562095743227,276.28759999061003,0.0023109440460349407,226.14720001001842,8.908700023312122,2.227599994512275,756,70.85285848172447,C_ai_only,0.0,,,,548,332.25390625,,0.5135895032802249,,"{""deflate|9|identity"": 1}",,,lt_16KiB,C:\Users\ss\Desktop\XAI\XAI\engines\XAI-Compress\results\hybrid_ai\final_decision_table.csv,13de65abccd316cc7ad0,PASS
True,15.81021897810219,,csv,,1083,0.0032632711376633246,160.15020001213998,0.014053775282460306,37.18670000671409,7.627800019690767,0.8065000001806766,772,71.28347183748846,D_ai_top2,1.7914000200107694,,,,548,332.25390625,,0.5060018467220684,,"{""deflate|9|identity"": 1}",,,lt_16KiB,C:\Users\ss\Desktop\XAI\XAI\engines\XAI-Compress\results\hybrid_ai\final_decision_table.csv,13de65abccd316cc7ad0,PASS
True,15.605839416058394,,csv,,1069,0.003603619837513897,145.02459997311234,0.014612674205165065,35.7644000032451,4.076899989740923,0.8781999931670725,765,71.5622076707203,E_confidence_adaptive,3.0122000025585294,,,,548,332.25390625,,0.5126286248830683,,"{""brotli|4|identity"": 1}",,,lt_16KiB,C:\Users\ss\Desktop\XAI\XAI\engines\XAI-Compress\results\hybrid_ai\final_decision_table.csv,13de65abccd316cc7ad0,PASS
True,5.430656934306569,113.68060001404956,csv,1,372,0.003622905413007995,144.25260000280105,0.012526960681602025,41.71910000150092,4.635400022380054,1.2691000010818243,68,18.27956989247312,F_compact_xaic,2.38540000282228,,,,548,332.25390625,requested_chunking,1.4731182795698925,confidence,"[""brotli|4|identity""]",124.02170000132173,0.44190972518238536,lt_16KiB,C:\Users\ss\Desktop\XAI\XAI\engines\XAI-Compress\results\hybrid_ai\final_decision_table.csv,13de65abccd316cc7ad0,PASS
True,5.416058394160584,120.60049996944144,csv,1,371,0.003483152040071366,150.04040001076646,0.060163185156219615,8.68660002015531,6.081400002585724,0.6913000252097845,67,18.059299191374663,G_compact_adaptive,1.882499986095354,,,,548,332.25390625,whole_file,1.477088948787062,confidence,"[""brotli|4|identity""]",130.37569998414256,0.44190972518238536,lt_16KiB,C:\Users\ss\Desktop\XAI\XAI\engines\XAI-Compress\results\hybrid_ai\final_decision_table.csv,13de65abccd316cc7ad0,PASS
True,5.416058394160584,64.98250001459382,csv,1,371,0.006628895776355274,78.83869999204762,0.08876662835918758,5.887500010430813,2.9836999892722815,0.44659999548457563,67,18.059299191374663,H_full_v2,1.2189999979455024,N/A,N/A,N/A,548,288.3828125,whole_file,1.477088948787062,confidence,"[""brotli|4|identity""]",70.37920001312159,0.44190972518238536,lt_16KiB,C:\Users\ss\Desktop\XAI\XAI\engines\XAI-Compress\results\hybrid_ai\final_decision_table.csv,13de65abccd316cc7ad0,PASS
True,3.277708592777086,,csv,,329,0.23376796469004135,3.2759000023361295,20.9808257670052,0.036500015994533896,,,,,A_fixed_best,,,,,803,288.3828125,,2.440729483282675,,brotli-11,,,lt_16KiB,C:\Users\ss\Desktop\XAI\XAI\engines\XAI-Compress\results\model_search\leaderboard.csv,7da935a5c5745da0fc47,PASS
True,11.26774595267746,6.334500038065016,csv,,1131,0.02969864986249629,25.78570001060143,0.0449907160827581,17.021300009218976,5.268999986583367,2.005199989071116,763,67.46242263483643,B_hybrid_v1,4.723199992440641,,,,803,288.3828125,,0.7099911582670203,,"{""brotli"": 1}",11.997399968095124,N/A,lt_16KiB,C:\Users\ss\Desktop\XAI\XAI\engines\XAI-Compress\results\model_search\leaderboard.csv,7da935a5c5745da0fc47,PASS
True,11.357409713574096,,csv,,1140,0.006781772612877075,112.92039998807013,0.03441165788276975,22.254100011195987,8.506500016665086,0.568700022995472,756,66.3157894736842,C_ai_only,0.0,,,,803,332.25390625,,0.7043859649122807,,"{""deflate|9|identity"": 1}",,,lt_16KiB,C:\Users\ss\Desktop\XAI\XAI\engines\XAI-Compress\results\model_search\leaderboard.csv,7da935a5c5745da0fc47,PASS
True,11.556662515566625,,csv,,1160,0.0071470546737441715,107.14910001843236,0.021915328582117494,34.94360001059249,6.756400020094588,0.6325999856926501,772,66.55172413793103,D_ai_top2,0.4437000025063753,,,,803,332.25390625,,0.6922413793103448,,"{""deflate|6|identity"": 1}",,,lt_16KiB,C:\Users\ss\Desktop\XAI\XAI\engines\XAI-Compress\results\model_search\leaderboard.csv,7da935a5c5745da0fc47,PASS
True,11.646326276463263,,csv,,1169,0.004309275436710199,177.70980001660064,0.02444444546634208,31.328199984272942,12.737799988826737,0.7275000098161399,785,67.15141146278872,E_confidence_adaptive,0.7882000063546002,,,,803,332.25390625,,0.6869118905047049,,"{""deflate|9|identity"": 1}",,,lt_16KiB,C:\Users\ss\Desktop\XAI\XAI\engines\XAI-Compress\results\model_search\leaderboard.csv,7da935a5c5745da0fc47,PASS
True,4.5031133250311335,135.9121999994386,csv,1,452,0.004581779606669669,167.1403999789618,0.01841596970679232,41.583499987609684,6.17239999701269,1.2095999845769256,68,15.044247787610619,F_compact_xaic,1.3075000024400651,,,,803,332.25390625,requested_chunking,1.7765486725663717,confidence,"[""deflate|9|identity""]",146.87110000522807,0.4131354937824424,lt_16KiB,C:\Users\ss\Desktop\XAI\XAI\engines\XAI-Compress\results\model_search\leaderboard.csv,7da935a5c5745da0fc47,PASS
True,4.493150684931507,259.74280000082217,csv,1,451,0.0025608570208095656,299.0406999888364,0.013399786456547557,57.15020000934601,12.59220001520589,2.138199983164668,67,14.855875831485587,G_compact_adaptive,1.5694000176154077,,,,803,332.25390625,whole_file,1.7804878048780488,confidence,"[""deflate|9|identity""]",277.79789999476634,0.4131354937824424,lt_16KiB,C:\Users\ss\Desktop\XAI\XAI\engines\XAI-Compress\results\model_search\leaderboard.csv,7da935a5c5745da0fc47,PASS
True,4.493150684931507,73.19190000998788,csv,1,451,0.00868007489870277,88.22510001482442,0.14189899128651765,5.396799999289215,4.919799976050854,0.4619999963324517,67,14.855875831485587,H_full_v2,0.5515000084415078,N/A,N/A,N/A,803,288.3828125,whole_file,1.7804878048780488,confidence,"[""deflate|9|identity""]",79.85779998125508,0.4131354937824424,lt_16KiB,C:\Users\ss\Desktop\XAI\XAI\engines\XAI-Compress\results\model_search\leaderboard.csv,7da935a5c5745da0fc47,PASS
True,2.9849462365591397,,csv,,347,0.21740828831573492,4.079500009538606,21.218113723570692,0.041799998143687844,,,,,A_fixed_best,,,,,930,288.3828125,,2.680115273775216,,brotli-11,,,lt_16KiB,C:\Users\ss\Desktop\XAI\XAI\engines\XAI-Compress\results\final_project\lossy_benchmark.csv,5dc21384a6a2b295ec5d,PASS
True,9.961290322580645,5.4632999817840755,csv,,1158,0.03655385352357469,24.263300001621246,0.04534062912676037,19.561199995223433,3.5328000085428357,2.752400003373623,763,65.8894645941278,B_hybrid_v1,4.49520000256598,,,,930,288.3828125,,0.8031088082901554,,"{""brotli"": 1}",10.780400014482439,N/A,lt_16KiB,C:\Users\ss\Desktop\XAI\XAI\engines\XAI-Compress\results\final_project\lossy_benchmark.csv,5dc21384a6a2b295ec5d,PASS
True,10.167741935483871,,csv,,1182,0.0034345042882793896,258.2373000041116,0.021662981282836814,40.94159998930991,10.992600000463426,2.22090000170283,756,63.95939086294416,C_ai_only,0.0,,,,930,332.25390625,,0.7868020304568528,,"{""deflate|9|identity"": 1}",,,lt_16KiB,C:\Users\ss\Desktop\XAI\XAI\engines\XAI-Compress\results\final_project\lossy_benchmark.csv,5dc21384a6a2b295ec5d,PASS
True,10.32258064516129,,csv,,1200,0.00446786445994862,198.5102999897208,0.026116445894466062,33.96010000142269,10.848499980056658,1.6007999947760254,773,64.41666666666667,D_ai_top2,0.8138999983202666,,,,930,332.25390625,,0.775,,"{""deflate|6|identity"": 1}",,,lt_16KiB,C:\Users\ss\Desktop\XAI\XAI\engines\XAI-Compress\results\final_project\lossy_benchmark.csv,5dc21384a6a2b295ec5d,PASS
True,10.391397849462365,,csv,,1208,0.004984144859078998,177.94770002365112,0.01943446585952574,45.63629999756813,10.54160000057891,1.579799980390817,782,64.73509933774834,E_confidence_adaptive,1.060199982021004,,,,930,332.25390625,,0.7698675496688742,,"{""deflate|9|identity"": 1}",,,lt_16KiB,C:\Users\ss\Desktop\XAI\XAI\engines\XAI-Compress\results\final_project\lossy_benchmark.csv,5dc21384a6a2b295ec5d,PASS
True,4.146236559139785,195.6019000208471,csv,1,482,0.003917040693976981,226.4253000030294,0.019667530330388892,45.09550001239404,5.656200024532154,2.1667999972123653,68,14.107883817427386,F_compact_xaic,3.3391000179108232,,,,930,332.25390625,requested_chunking,1.929460580912863,confidence,"[""brotli|4|identity""]",209.08470000722446,0.36834587394025864,lt_16KiB,C:\Users\ss\Desktop\XAI\XAI\engines\XAI-Compress\results\final_project\lossy_benchmark.csv,5dc21384a6a2b295ec5d,PASS
True,4.2494623655913975,227.724499971373,csv,1,494,0.0033483707511717063,264.8802000039723,0.06605474882434137,13.427000027149916,11.123199976282194,1.7788000113796443,67,13.562753036437247,G_compact_adaptive,1.7341000202577561,,,,930,332.25390625,whole_file,1.8825910931174088,confidence,"[""deflate|6|identity""]",244.05860001570545,0.36834587394025864,lt_16KiB,C:\Users\ss\Desktop\XAI\XAI\engines\XAI-Compress\results\final_project\lossy_benchmark.csv,5dc21384a6a2b295ec5d,PASS
True,4.2494623655913975,70.91750000836328,csv,1,494,0.010575104736176358,83.86840001912788,0.08628018051934348,10.279499983880669,3.48919999669306,0.8197999850381166,67,13.562753036437247,H_full_v2,0.596199999563396,N/A,N/A,N/A,930,288.3828125,whole_file,1.8825910931174088,confidence,"[""deflate|6|identity""]",76.61509999888949,0.36834587394025864,lt_16KiB,C:\Users\ss\Desktop\XAI\XAI\engines\XAI-Compress\results\final_project\lossy_benchmark.csv,5dc21384a6a2b295ec5d,PASS
True,3.5945663531870427,,csv,,430,0.32197358180046504,2.8346000181045383,25.21176726913717,0.036200013710185885,,,,,A_fixed_best,,,,,957,288.3828125,,2.2255813953488373,,brotli-11,,,lt_16KiB,C:\Users\ss\Desktop\XAI\XAI\engines\XAI-Compress\results\model_v2\lossless_bpb_breakdown.csv,ef3edbf6186277f5ef97,PASS
True,10.432601880877742,6.091499992180616,csv,,1248,0.03890805817817617,23.45700000296347,0.05403813782363243,16.889299993636087,4.008899995824322,2.2966999968048185,764,61.217948717948715,B_hybrid_v1,4.836499982047826,,,,957,288.3828125,,0.7668269230769231,,"{""brotli"": 1}",11.142099974676967,N/A,lt_16KiB,C:\Users\ss\Desktop\XAI\XAI\engines\XAI-Compress\results\model_v2\lossless_bpb_breakdown.csv,ef3edbf6186277f5ef97,PASS
True,10.491118077324973,,csv,,1255,0.0035691348229771993,255.7107999746222,0.01593856815829695,57.26150001282804,14.278399990871549,1.9298999977763742,758,60.398406374501995,C_ai_only,0.0,,,,957,332.25390625,,0.7625498007968128,,"{""deflate|6|identity"": 1}",,,lt_16KiB,C:\Users\ss\Desktop\XAI\XAI\engines\XAI-Compress\results\model_v2\lossless_bpb_breakdown.csv,ef3edbf6186277f5ef97,PASS
True,10.64994775339603,,csv,,1274,0.003278256640070627,278.39990000938997,0.02542763071706555,35.892699990654364,12.592299986863509,0.8576000109314919,773,60.67503924646782,D_ai_top2,0.6086000066716224,,,,957,332.25390625,,0.7511773940345369,,"{""deflate|9|identity"": 1}",,,lt_16KiB,C:\Users\ss\Desktop\XAI\XAI\engines\XAI-Compress\results\model_v2\lossless_bpb_breakdown.csv,ef3edbf6186277f5ef97,PASS
True,10.70846394984326,,csv,,1281,0.0075513778300792195,120.86090000229888,0.03390719186524681,26.916600007098168,5.016399984015152,0.6353999779094011,784,61.202185792349724,E_confidence_adaptive,0.7610000029671937,,,,957,332.25390625,,0.747072599531616,,"{""deflate|6|identity"": 1}",,,lt_16KiB,C:\Users\ss\Desktop\XAI\XAI\engines\XAI-Compress\results\model_v2\lossless_bpb_breakdown.csv,ef3edbf6186277f5ef97,PASS
True,4.723092998955068,129.20399999711663,csv,1,565,0.005411214860143397,168.66200001095422,0.03277254863797846,27.84850000170991,14.562500029569492,0.7326999912038445,68,12.035398230088495,F_compact_xaic,0.8913000056054443,,,,957,332.25390625,requested_chunking,1.6938053097345134,confidence,"[""deflate|6|identity""]",148.45470001455396,0.3541490320771786,lt_16KiB,C:\Users\ss\Desktop\XAI\XAI\engines\XAI-Compress\results\model_v2\lossless_bpb_breakdown.csv,ef3edbf6186277f5ef97,PASS
True,4.714733542319749,113.32629999378696,csv,1,564,0.006363813553738691,143.41499999864027,0.08646603753088818,10.555200016824529,6.536899978527799,0.7282000151462853,67,11.879432624113475,G_compact_adaptive,0.8789999992586672,,,,957,332.25390625,whole_file,1.696808510638298,confidence,"[""deflate|6|identity""]",122.80740001006052,0.3541490320771786,lt_16KiB,C:\Users\ss\Desktop\XAI\XAI\engines\XAI-Compress\results\model_v2\lossless_bpb_breakdown.csv,ef3edbf6186277f5ef97,PASS
True,4.714733542319749,62.18139998964034,csv,1,564,0.012422383721283299,73.46949999919161,0.04316901291603841,21.141700010048226,3.931200015358627,0.3758000093512237,67,11.879432624113475,H_full_v2,0.4107000131625682,N/A,N/A,N/A,957,288.3828125,whole_file,1.696808510638298,confidence,"[""deflate|6|identity""]",67.50559998909011,0.3541490320771786,lt_16KiB,C:\Users\ss\Desktop\XAI\XAI\engines\XAI-Compress\results\model_v2\lossless_bpb_breakdown.csv,ef3edbf6186277f5ef97,PASS
True,2.4665314401622718,,csv,,304,0.22523782558777425,4.174800007604063,22.388640081934213,0.04199999966658652,,,,,A_fixed_best,,,,,986,288.3828125,,3.2434210526315788,,brotli-11,,,lt_16KiB,C:\Users\ss\Desktop\XAI\XAI\engines\XAI-Compress\results\model_v2\kaggle_lossless_v2_progress.csv,0e4427f0e7b0f0da7ba0,PASS
True,8.77079107505071,6.856699998024851,csv,,1081,0.03290949061670882,28.5730000177864,0.020710908380366384,45.40230002021417,3.939000016544014,3.9914000080898404,764,70.67530064754857,B_hybrid_v1,5.206000001635402,,,,986,288.3828125,,0.9121184088806661,,"{""brotli"": 1}",13.136400026269257,N/A,lt_16KiB,C:\Users\ss\Desktop\XAI\XAI\engines\XAI-Compress\results\model_v2\kaggle_lossless_v2_progress.csv,0e4427f0e7b0f0da7ba0,PASS
True,8.997971602434077,,csv,,1109,0.007112504451830277,132.20699998782948,0.013998836945570968,67.17150000622496,10.579900001175702,2.1250999998301268,758,68.34986474301172,C_ai_only,0.0,,,,986,332.25390625,,0.8890892696122633,,"{""deflate|9|identity"": 1}",,,lt_16KiB,C:\Users\ss\Desktop\XAI\XAI\engines\XAI-Compress\results\model_v2\kaggle_lossless_v2_progress.csv,0e4427f0e7b0f0da7ba0,PASS
True,9.135902636916835,,csv,,1126,0.003449078186854628,272.63020002283156,0.034393290339868175,27.34030000283383,5.586599989328533,1.01779997930862,769,68.29484902309059,D_ai_top2,0.525100011145696,,,,986,332.25390625,,0.8756660746003553,,"{""deflate|6|identity"": 1}",,,lt_16KiB,C:\Users\ss\Desktop\XAI\XAI\engines\XAI-Compress\results\model_v2\kaggle_lossless_v2_progress.csv,0e4427f0e7b0f0da7ba0,PASS
True,9.208924949290061,,csv,,1135,0.005258697084771435,178.81290000514127,0.015525641137383295,60.565799998585135,5.7536999811418355,2.892999997129664,784,69.0748898678414,E_confidence_adaptive,1.6953999875113368,,,,986,332.25390625,,0.8687224669603524,,"{""deflate|9|identity"": 1}",,,lt_16KiB,C:\Users\ss\Desktop\XAI\XAI\engines\XAI-Compress\results\model_v2\kaggle_lossless_v2_progress.csv,0e4427f0e7b0f0da7ba0,PASS
True,3.4482758620689653,283.00289998878725,csv,1,425,0.0028090336058941103,334.7496000060346,0.013489009173599355,69.71029998385347,14.603600022383034,3.0882999999448657,68,16.0,F_compact_xaic,1.8463000014889985,,,,986,332.25390625,requested_chunking,2.32,confidence,"[""deflate|6|identity""]",305.8022999903187,0.3602716998237668,lt_16KiB,C:\Users\ss\Desktop\XAI\XAI\engines\XAI-Compress\results\model_v2\kaggle_lossless_v2_progress.csv,0e4427f0e7b0f0da7ba0,PASS
True,3.391480730223124,301.9854000012856,csv,1,418,0.002743331256106051,342.76679999311455,0.020130005366712066,46.71250001410954,13.383499986957759,2.037800004472956,67,16.028708133971293,G_compact_adaptive,1.6807000210974365,,,,986,332.25390625,whole_file,2.3588516746411483,confidence,"[""deflate|9|identity""]",322.7727999910712,0.3602716998237668,lt_16KiB,C:\Users\ss\Desktop\XAI\XAI\engines\XAI-Compress\results\model_v2\kaggle_lossless_v2_progress.csv,0e4427f0e7b0f0da7ba0,PASS
True,3.440162271805274,56.495800003176555,csv,1,424,0.013902122388105181,67.6388000138104,0.05707643656259454,16.474799980642274,4.298600018955767,0.26950001483783126,67,15.80188679245283,H_full_v2,0.3302999830339104,N/A,N/A,N/A,986,288.3828125,whole_file,2.3254716981132075,confidence,"[""deflate|6|identity""]",61.93850000272505,0.3602716998237668,lt_16KiB,C:\Users\ss\Desktop\XAI\XAI\engines\XAI-Compress\results\model_v2\kaggle_lossless_v2_progress.csv,0e4427f0e7b0f0da7ba0,PASS
True,2.9036144578313254,,csv,,482,0.34111169421199056,3.7127999821677804,34.60324897202296,0.03660001675598323,,,,,A_fixed_best,,,,,1328,288.3828125,,2.7551867219917012,,brotli-11,,,lt_16KiB,C:\Users\ss\Desktop\XAI\XAI\engines\XAI-Compress\results\model_v2\lossless_benchmark.csv,b2aeaaf4897e7310def1,PASS
True,7.849397590361446,5.879800010006875,csv,,1303,0.053040707444465346,23.87750000343658,0.06075815764607511,20.84459998877719,4.109000001335517,2.018700004555285,764,58.63392171910974,B_hybrid_v1,4.811799997696653,,,,1328,288.3828125,,1.0191864927091328,,"{""brotli"": 1}",10.939500003587455,N/A,lt_16KiB,C:\Users\ss\Desktop\XAI\XAI\engines\XAI-Compress\results\model_v2\lossless_benchmark.csv,b2aeaaf4897e7310def1,PASS
True,7.951807228915663,,csv,,1320,0.005056351352137775,250.4729999927804,0.03138991521484117,40.34669999964535,20.600900024874136,1.0073999874293804,759,57.5,C_ai_only,0.0,,,,1328,332.25390625,,1.006060606060606,,"{""deflate|9|identity"": 1}",,,lt_16KiB,C:\Users\ss\Desktop\XAI\XAI\engines\XAI-Compress\results\model_v2\lossless_benchmark.csv,b2aeaaf4897e7310def1,PASS
True,7.993975903614458,,csv,,1327,0.006025864734628335,210.17390000633895,0.028273228792464574,44.79429998900741,12.406200024997815,1.6966999974101782,774,58.327053504144686,D_ai_top2,0.8823999960441142,,,,1328,332.25390625,,1.0007535795026374,,"{""deflate|6|identity"": 1}",,,lt_16KiB,C:\Users\ss\Desktop\XAI\XAI\engines\XAI-Compress\results\model_v2\lossless_benchmark.csv,b2aeaaf4897e7310def1,PASS
True,8.066265060240964,,csv,,1339,0.006750856022447313,187.6027999969665,0.038676207618830644,32.745700009400025,12.928300013300031,1.9438999879639596,786,58.70052277819268,E_confidence_adaptive,1.7107999883592129,,,,1328,332.25390625,,0.9917849141150112,,"{""deflate|6|identity"": 1}",,,lt_16KiB,C:\Users\ss\Desktop\XAI\XAI\engines\XAI-Compress\results\model_v2\lossless_benchmark.csv,b2aeaaf4897e7310def1,PASS
True,3.7409638554216866,170.2911999891512,csv,1,621,0.006172273261073818,205.18850002554245,0.03583669329427135,35.34030000446364,16.28119999077171,0.7891000132076442,68,10.950080515297907,F_compact_xaic,1.0885999945458025,,,,1328,332.25390625,requested_chunking,2.138486312399356,confidence,"[""deflate|6|identity""]",190.3205000271555,0.34887021880524066,lt_16KiB,C:\Users\ss\Desktop\XAI\XAI\engines\XAI-Compress\results\model_v2\lossless_benchmark.csv,b2aeaaf4897e7310def1,PASS
True,3.7349397590361444,180.68540000240318,csv,1,620,0.00601275632807356,210.63210000284016,0.03344219916731169,37.870700005441904,9.867999993730336,1.472600008128211,67,10.806451612903226,G_compact_adaptive,1.4946000010240823,,,,1328,332.25390625,whole_file,2.141935483870968,confidence,"[""deflate|6|identity""]",194.91849999758415,0.34887021880524066,lt_16KiB,C:\Users\ss\Desktop\XAI\XAI\engines\XAI-Compress\results\model_v2\lossless_benchmark.csv,b2aeaaf4897e7310def1,PASS
True,3.7349397590361444,48.58169998624362,csv,1,620,0.021376696617112664,59.245799988275394,0.3193744767429644,3.9655000146012753,3.3036999811884016,0.36279999767430127,67,10.806451612903226,H_full_v2,0.4712000081781298,N/A,N/A,N/A,1328,288.3828125,whole_file,2.141935483870968,confidence,"[""deflate|6|identity""]",53.23210000642575,0.34887021880524066,lt_16KiB,C:\Users\ss\Desktop\XAI\XAI\engines\XAI-Compress\results\model_v2\lossless_benchmark.csv,b2aeaaf4897e7310def1,PASS
True,2.0165471594043023,,csv,,457,0.362986067053666,4.7633000067435205,52.874991433502174,0.03269998705945909,,,,,A_fixed_best,,,,,1813,288.3828125,,3.9671772428884027,,brotli-11,,,lt_16KiB,C:\Users\ss\Desktop\XAI\XAI\engines\XAI-Compress\phase_j_results.csv,908ba22d7f9287d17ced,PASS
True,5.577495863210149,4.8081000277306885,csv,,1264,0.08497373334816379,20.347599987871945,0.11441845089289014,15.111299988348037,3.6580000014510006,1.588099985383451,766,60.60126582278481,B_hybrid_v1,3.9607000071555376,,,,1813,288.3828125,,1.4343354430379747,,"{""brotli"": 1}",9.20679999398999,N/A,lt_16KiB,C:\Users\ss\Desktop\XAI\XAI\engines\XAI-Compress\phase_j_results.csv,908ba22d7f9287d17ced,PASS
True,5.7231108659680086,,csv,,1297,0.010308621835244792,167.7248000050895,0.053560280029523955,32.28159999707714,15.330599999288097,0.67710000439547,757,58.36545875096376,C_ai_only,0.0,,,,1813,332.25390625,,1.397841171935235,,"{""deflate|9|identity"": 1}",,,lt_16KiB,C:\Users\ss\Desktop\XAI\XAI\engines\XAI-Compress\phase_j_results.csv,908ba22d7f9287d17ced,PASS
True,5.789299503585218,,csv,,1312,0.014851971206311938,116.41630000667647,0.061391927018532626,28.163499984657392,7.046000013360754,1.429900003131479,772,58.84146341463415,D_ai_top2,0.8083000138867646,,,,1813,332.25390625,,1.381859756097561,,"{""deflate|9|identity"": 1}",,,lt_16KiB,C:\Users\ss\Desktop\XAI\XAI\engines\XAI-Compress\phase_j_results.csv,908ba22d7f9287d17ced,PASS
True,5.846662989520133,,csv,,1325,0.010922537901612383,158.2975999917835,0.034490211246621,50.13050002162345,7.137000007787719,0.6342999986372888,785,59.24528301886792,E_confidence_adaptive,0.8948999748099595,,,,1813,332.25390625,,1.3683018867924528,,"{""deflate|9|identity"": 1}",,,lt_16KiB,C:\Users\ss\Desktop\XAI\XAI\engines\XAI-Compress\phase_j_results.csv,908ba22d7f9287d17ced,PASS
True,2.68284611141754,175.86769998888485,csv,1,608,0.00820733973185669,210.66650000284426,0.07128533469636616,24.254799995105714,14.400699990801513,1.0070000134874135,68,11.18421052631579,F_compact_xaic,1.0557000059634447,,,,1813,332.25390625,requested_chunking,2.981907894736842,confidence,"[""deflate|9|identity""]",194.58089998806827,0.46180868776309525,lt_16KiB,C:\Users\ss\Desktop\XAI\XAI\engines\XAI-Compress\phase_j_results.csv,908ba22d7f9287d17ced,PASS
True,2.6784335355763926,101.726900000358,csv,1,607,0.012132648012930099,142.5089999975171,0.08892857144728271,19.442699995124713,6.923099979758263,1.3955000031273812,67,11.037891268533773,G_compact_adaptive,1.9489999976940453,,,,1813,332.25390625,whole_file,2.986820428336079,confidence,"[""deflate|9|identity""]",113.6621999903582,0.46180868776309525,lt_16KiB,C:\Users\ss\Desktop\XAI\XAI\engines\XAI-Compress\phase_j_results.csv,908ba22d7f9287d17ced,PASS
True,2.6784335355763926,63.0613999965135,csv,1,607,0.022673152569174838,76.25809998717159,0.28172185455964266,6.1372999916784465,3.6619000020436943,0.4369999805931002,67,11.037891268533773,H_full_v2,0.5756999889854342,N/A,N/A,N/A,1813,288.3828125,whole_file,2.986820428336079,confidence,"[""deflate|9|identity""]",68.28410000889562,0.46180868776309525,lt_16KiB,C:\Users\ss\Desktop\XAI\XAI\engines\XAI-Compress\phase_j_results.csv,908ba22d7f9287d17ced,PASS
True,2.5976470588235294,,csv,,1380,0.3210973761063918,12.622699985513464,55.06950318263799,0.07360000745393336,,,,,A_fixed_best,,,,,4250,288.3828125,,3.079710144927536,,brotli-11,,,lt_16KiB,C:\Users\ss\Desktop\XAI\XAI\engines\XAI-Compress\results\final_project\lossless_benchmark.csv,b26de929ad20b7ac9288,PASS
True,4.363294117647059,5.838500015670434,csv,,2318,0.11877401770056271,34.12460000254214,0.17857495895349473,22.697000007610768,11.072799999965355,1.7766999953892082,766,33.04572907679034,B_hybrid_v1,5.854700022609904,,,,4250,288.3828125,,1.8334771354616048,,"{""brotli"": 1}",18.704200017964467,N/A,lt_16KiB,C:\Users\ss\Desktop\XAI\XAI\engines\XAI-Compress\results\final_project\lossless_benchmark.csv,b26de929ad20b7ac9288,PASS
True,4.359529411764706,,csv,,2316,0.02099394308506302,193.06119999964722,0.08785452599632419,46.13440000684932,17.415100010111928,1.6951000143308192,759,32.7720207253886,C_ai_only,0.0,,,,4250,332.25390625,,1.8350604490500864,,"{""deflate|6|identity"": 1}",,,lt_16KiB,C:\Users\ss\Desktop\XAI\XAI\engines\XAI-Compress\results\final_project\lossless_benchmark.csv,b26de929ad20b7ac9288,PASS
True,4.387764705882353,,csv,,2331,0.023437993705153766,172.92929999530315,0.09642630590525038,42.03330000746064,23.201000003609806,1.6983999812509865,774,33.204633204633204,D_ai_top2,1.3797999999951571,,,,4250,332.25390625,,1.8232518232518233,,"{""deflate|6|identity"": 1}",,,lt_16KiB,C:\Users\ss\Desktop\XAI\XAI\engines\XAI-Compress\results\final_project\lossless_benchmark.csv,b26de929ad20b7ac9288,PASS
True,4.408470588235294,,csv,,2342,0.01921955494501132,210.88500000769272,0.08369485490296685,48.42729997471906,20.68470002268441,1.6222000122070312,785,33.51836037574722,E_confidence_adaptive,2.6313000125810504,,,,4250,332.25390625,,1.8146883005977796,,"{""deflate|6|identity"": 1}",,,lt_16KiB,C:\Users\ss\Desktop\XAI\XAI\engines\XAI-Compress\results\final_project\lossless_benchmark.csv,b26de929ad20b7ac9288,PASS
True,3.1190588235294117,189.10799999139272,csv,1,1657,0.016851800465425035,240.51530001452193,0.11202332285941327,36.18100000312552,25.93400000478141,1.7563000146765262,68,4.103802051901026,F_compact_xaic,1.7146000172942877,,,,4250,332.25390625,requested_chunking,2.5648762824381413,confidence,"[""zstd|6|identity""]",221.79479998885654,0.4103451849464779,lt_16KiB,C:\Users\ss\Desktop\XAI\XAI\engines\XAI-Compress\results\final_project\lossless_benchmark.csv,b26de929ad20b7ac9288,PASS
True,3.056941176470588,151.5099999960512,csv,1,1624,0.019933242242883936,203.3344999945257,0.36490558861828276,11.107300000730902,29.78169999551028,1.437600003555417,67,4.125615763546798,G_compact_adaptive,2.207099983934313,,,,4250,332.25390625,whole_file,2.6169950738916254,confidence,"[""deflate|6|identity""]",186.61780000547878,0.4103451849464779,lt_16KiB,C:\Users\ss\Desktop\XAI\XAI\engines\XAI-Compress\results\final_project\lossless_benchmark.csv,b26de929ad20b7ac9288,PASS
True,3.056941176470588,65.6996000034269,csv,1,1624,0.0484780138126652,83.60730001004413,0.9557432159055864,4.240800015395507,8.711599977687001,0.8742999925743788,67,4.125615763546798,H_full_v2,0.998399977106601,N/A,N/A,N/A,4250,288.3828125,whole_file,2.6169950738916254,confidence,"[""deflate|6|identity""]",76.94460000493564,0.4103451849464779,lt_16KiB,C:\Users\ss\Desktop\XAI\XAI\engines\XAI-Compress\results\final_project\lossless_benchmark.csv,b26de929ad20b7ac9288,PASS
True,1.3130699088145896,,csv,,756,0.4431219832142632,9.912899986375123,95.28467964322871,0.04610000178217888,,,,,A_fixed_best,,,,,4606,288.3828125,,6.092592592592593,,brotli-11,,,lt_16KiB,C:\Users\ss\Desktop\XAI\XAI\engines\XAI-Compress\results\hybrid_ai\selector_feature_importance.csv,20cb03e2c284978c7f64,PASS
True,2.7789839339991316,4.954099975293502,csv,,1600,0.15067898480102515,29.15220000431873,0.2504061056126609,17.5419999868609,8.808600017800927,1.7697000002954155,766,47.875,B_hybrid_v1,5.1629999943543226,,,,4606,288.3828125,,2.87875,,"{""brotli"": 1}",15.741300012450665,N/A,lt_16KiB,C:\Users\ss\Desktop\XAI\XAI\engines\XAI-Compress\results\hybrid_ai\selector_feature_importance.csv,20cb03e2c284978c7f64,PASS
True,2.876248371689101,,csv,,1656,0.021536175591488585,203.9649000216741,0.16171767114299607,27.16230001533404,21.100599988130853,1.3715999957639724,759,45.833333333333336,C_ai_only,0.0,,,,4606,332.25390625,,2.781400966183575,,"{""deflate|6|identity"": 1}",,,lt_16KiB,C:\Users\ss\Desktop\XAI\XAI\engines\XAI-Compress\results\hybrid_ai\selector_feature_importance.csv,20cb03e2c284978c7f64,PASS
True,2.902301346070343,,csv,,1671,0.024051709860034885,182.63250001473352,0.08488719843310069,51.74659998738207,16.221299971221015,1.0674000077415258,774,46.319569120287255,D_ai_top2,1.0300999856553972,,,,4606,332.25390625,,2.7564332734889287,,"{""deflate|6|identity"": 1}",,,lt_16KiB,C:\Users\ss\Desktop\XAI\XAI\engines\XAI-Compress\results\hybrid_ai\selector_feature_importance.csv,20cb03e2c284978c7f64,PASS
True,2.919669995657838,,csv,,1681,0.013749180396736511,319.482600025367,0.10133792040079982,43.34630002267659,36.61780001129955,0.9933999972417951,784,46.63890541344438,E_confidence_adaptive,1.982199988560751,,,,4606,332.25390625,,2.7400356930398573,,"{""deflate|6|identity"": 1}",,,lt_16KiB,C:\Users\ss\Desktop\XAI\XAI\engines\XAI-Compress\results\hybrid_ai\selector_feature_importance.csv,20cb03e2c284978c7f64,PASS
True,1.6760746851932262,250.43410001671873,csv,1,965,0.014084394006847268,311.87879998469725,0.08406227806229515,52.25439998321235,35.90819999226369,1.9944999949075282,68,7.046632124352332,F_compact_xaic,2.002699999138713,,,,4606,332.25390625,requested_chunking,4.773056994818653,confidence,"[""deflate|6|identity""]",293.11880000750534,0.32185383091937725,lt_16KiB,C:\Users\ss\Desktop\XAI\XAI\engines\XAI-Compress\results\hybrid_ai\selector_feature_importance.csv,20cb03e2c284978c7f64,PASS
True,1.6743378202344767,132.3732000309974,csv,1,964,0.025321686750550777,173.47280000103638,0.5037932697755114,8.719100005691871,24.89820000482723,1.2969999806955457,67,6.950207468879668,G_compact_adaptive,1.6866000078152865,,,,4606,332.25390625,whole_file,4.778008298755187,confidence,"[""deflate|6|identity""]",161.7063000157941,0.32185383091937725,lt_16KiB,C:\Users\ss\Desktop\XAI\XAI\engines\XAI-Compress\results\hybrid_ai\selector_feature_importance.csv,20cb03e2c284978c7f64,PASS
True,1.6743378202344767,64.01739997090772,csv,1,964,0.0542085090094617,81.03199998731725,0.863431988972329,5.087400000775233,8.421900012763217,0.4174000059720129,67,6.950207468879668,H_full_v2,0.598300015553832,N/A,N/A,N/A,4606,288.3828125,whole_file,4.778008298755187,confidence,"[""deflate|6|identity""]",74.12550001754425,0.32185383091937725,lt_16KiB,C:\Users\ss\Desktop\XAI\XAI\engines\XAI-Compress\results\hybrid_ai\selector_feature_importance.csv,20cb03e2c284978c7f64,PASS
True,1.7091273821464392,,csv,,1491,0.3874296708607354,17.17909998842515,111.29923415057682,0.05979998968541622,,,,,A_fixed_best,,,,,6979,288.3828125,,4.68075117370892,,brotli-11,,,lt_16KiB,C:\Users\ss\Desktop\XAI\XAI\engines\XAI-Compress\results\model_search\imports\auto\residual-scale-depth-3c28504154\v1\results\model_search\residual_scale_depth\short_screen.metrics.csv,fd92d55f5169a15f74dc,PASS
True,2.7671586187132826,4.697499971371144,csv,,2414,0.22055662140482937,30.176800006302074,0.32649953645814567,20.385000010719523,11.126500001410022,1.6425000212620944,765,31.690140845070424,B_hybrid_v1,5.22560000536032,,,,6979,288.3828125,,2.8910521955260977,,"{""brotli"": 1}",17.994600028032437,N/A,lt_16KiB,C:\Users\ss\Desktop\XAI\XAI\engines\XAI-Compress\results\model_search\imports\auto\residual-scale-depth-3c28504154\v1\results\model_search\residual_scale_depth\short_screen.metrics.csv,fd92d55f5169a15f74dc,PASS
True,2.9826622725318814,,csv,,2602,0.03136238062540281,212.21900000819005,0.06463576179694598,102.97229999559931,26.697499997681007,2.7439999976195395,759,29.16986933128363,C_ai_only,0.0,,,,6979,332.25390625,,2.6821675634127593,,"{""deflate|6|identity"": 1}",,,lt_16KiB,C:\Users\ss\Desktop\XAI\XAI\engines\XAI-Compress\results\model_search\imports\auto\residual-scale-depth-3c28504154\v1\results\model_search\residual_scale_depth\short_screen.metrics.csv,fd92d55f5169a15f74dc,PASS
True,2.877203037684482,,csv,,2510,0.01858860059091316,358.0523999989964,0.05881582670022389,113.16159999114461,49.83820000779815,2.3333000135608017,750,29.8804780876494,D_ai_top2,2.2736999962944537,,,,6979,332.25390625,,2.7804780876494024,,"{""zstd|6|identity"": 1}",,,lt_16KiB,C:\Users\ss\Desktop\XAI\XAI\engines\XAI-Compress\results\model_search\imports\auto\residual-scale-depth-3c28504154\v1\results\model_search\residual_scale_depth\short_screen.metrics.csv,fd92d55f5169a15f74dc,PASS
True,2.890958590055882,,csv,,2522,0.0161014327066897,413.36030000820756,0.05363134689384966,124.10079999244772,54.88189999596216,2.0357999892439693,762,30.21411578112609,E_confidence_adaptive,2.8805999900214374,,,,6979,332.25390625,,2.767248215701824,,"{""zstd|1|identity"": 1}",,,lt_16KiB,C:\Users\ss\Desktop\XAI\XAI\engines\XAI-Compress\results\model_search\imports\auto\residual-scale-depth-3c28504154\v1\results\model_search\residual_scale_depth\short_screen.metrics.csv,fd92d55f5169a15f74dc,PASS
True,2.095429144576587,189.9682999937795,csv,1,1828,0.023776149001354902,279.931500001112,0.1558790629422713,42.697800003224984,61.04460000642575,1.2879999994765967,68,3.719912472647702,F_compact_xaic,1.8906000186689198,,,,6979,332.25390625,requested_chunking,3.8178336980306344,confidence,"[""zstd|1|identity""]",256.993799994234,0.3179421074312684,lt_16KiB,C:\Users\ss\Desktop\XAI\XAI\engines\XAI-Compress\results\model_search\imports\auto\residual-scale-depth-3c28504154\v1\results\model_search\residual_scale_depth\short_screen.metrics.csv,fd92d55f5169a15f74dc,PASS
True,2.094282848545637,287.1504999930039,csv,1,1827,0.018118908793219073,367.33409998123534,0.5036811474717877,13.214100006734952,49.13010002928786,1.7515000072307885,67,3.6672140120415984,G_compact_adaptive,2.7082999877166003,,,,6979,332.25390625,whole_file,3.8199233716475094,confidence,"[""zstd|1|identity""]",342.8628999972716,0.3179421074312684,lt_16KiB,C:\Users\ss\Desktop\XAI\XAI\engines\XAI-Compress\results\model_search\imports\auto\residual-scale-depth-3c28504154\v1\results\model_search\residual_scale_depth\short_screen.metrics.csv,fd92d55f5169a15f74dc,PASS
True,2.094282848545637,67.11090001044795,csv,1,1827,0.07195336063667168,92.5000999995973,0.41297641281030334,16.116399987367913,17.240900022443384,0.3963999915868044,67,3.6672140120415984,H_full_v2,0.6647999980486929,N/A,N/A,N/A,6979,288.3828125,whole_file,3.8199233716475094,confidence,"[""zstd|1|identity""]",86.0769999853801,0.3179421074312684,lt_16KiB,C:\Users\ss\Desktop\XAI\XAI\engines\XAI-Compress\results\model_search\imports\auto\residual-scale-depth-3c28504154\v1\results\model_search\residual_scale_depth\short_screen.metrics.csv,fd92d55f5169a15f74dc,PASS
True,1.3015237580019836,,csv,,9022,0.32378303866333236,163.33780001150444,180.43674811999279,0.2930999908130616,,,,,A_fixed_best,,,,,55455,288.3828125,,6.1466415428951455,,brotli-11,,,16_64KiB,C:\Users\ss\Desktop\XAI\XAI\engines\XAI-Compress\data\domain_focused\archive (1)\FaceForensics++_C23\csv\FaceShifter.csv,16a980a0d416c9105d7a,PASS
True,1.7106482733748083,5.333799956133589,csv,,11858,0.429069647869488,123.25740000233054,2.0074248527651486,26.345199992647395,88.16949999891222,1.9566000264603645,766,6.459773992241525,B_hybrid_v1,16.66779999504797,,,,55455,288.3828125,,4.676589644122112,,"{""brotli"": 1}",106.79390002042055,N/A,16_64KiB,C:\Users\ss\Desktop\XAI\XAI\engines\XAI-Compress\data\domain_focused\archive (1)\FaceForensics++_C23\csv\FaceShifter.csv,16a980a0d416c9105d7a,PASS
True,1.786241096384456,,csv,,12382,0.07665498885593487,689.922600024147,0.7840295728926923,67.45410000439733,428.17460000514984,1.611199986655265,736,5.944112421256663,C_ai_only,0.0,,,,55455,332.25390625,,4.478678727184623,,"{""zstd|9|identity"": 1}",,,16_64KiB,C:\Users\ss\Desktop\XAI\XAI\engines\XAI-Compress\data\domain_focused\archive (1)\FaceForensics++_C23\csv\FaceShifter.csv,16a980a0d416c9105d7a,PASS
True,1.7884050130736633,,csv,,12397,0.10533458496661853,502.0764000073541,0.7773136224909017,68.03690001834184,289.0369000087958,1.2638000189326704,751,6.057917238041462,D_ai_top2,17.519599990919232,,,,55455,332.25390625,,4.4732596595950636,,"{""zstd|9|identity"": 1}",,,16_64KiB,C:\Users\ss\Desktop\XAI\XAI\engines\XAI-Compress\data\domain_focused\archive (1)\FaceForensics++_C23\csv\FaceShifter.csv,16a980a0d416c9105d7a,PASS
True,1.7901361464250294,,csv,,12409,0.12116082435261387,436.49430002551526,1.6648935390019535,31.76539999549277,291.6926999751013,1.2691000010818243,763,6.148762994600693,E_confidence_adaptive,24.960100010503083,,,,55455,332.25390625,,4.468933838343138,,"{""zstd|9|identity"": 1}",,,16_64KiB,C:\Users\ss\Desktop\XAI\XAI\engines\XAI-Compress\data\domain_focused\archive (1)\FaceForensics++_C23\csv\FaceShifter.csv,16a980a0d416c9105d7a,PASS
True,1.9003516364619961,199.17720000375994,csv,1,13173,0.1250409250080001,422.9496000043582,2.2305360268737333,23.71000000857748,169.19359998428263,1.5397999959532171,71,0.5389812495255447,F_compact_xaic,29.698400001507252,,,,55455,332.25390625,requested_chunking,4.209747210202687,confidence,"[""deflate|6|identity""]",401.7118999909144,0.2447840534779745,16_64KiB,C:\Users\ss\Desktop\XAI\XAI\engines\XAI-Compress\data\domain_focused\archive (1)\FaceForensics++_C23\csv\FaceShifter.csv,16a980a0d416c9105d7a,PASS
True,1.6903074564962581,172.40210002637468,csv,1,11717,0.1207228422516086,438.0779000057373,1.6822052324620376,31.438500009244308,183.8203999795951,1.8527999927755445,71,0.6059571562686694,G_compact_adaptive,41.29260001354851,,,,55455,332.25390625,whole_file,4.732866774771699,confidence,"[""zstd|9|identity""]",401.8202999723144,0.2447840534779745,16_64KiB,C:\Users\ss\Desktop\XAI\XAI\engines\XAI-Compress\data\domain_focused\archive (1)\FaceForensics++_C23\csv\FaceShifter.csv,16a980a0d416c9105d7a,PASS
True,1.6903074564962581,59.39030001172796,csv,1,11717,0.4326432597366657,122.23929999163374,2.3945706830531615,22.085800010245293,40.30259998398833,0.4346999921835959,71,0.6059571562686694,H_full_v2,3.5521999816410244,N/A,N/A,N/A,55455,288.3828125,whole_file,4.732866774771699,confidence,"[""zstd|9|identity""]",104.69780000858009,0.20803763423704164,16_64KiB,C:\Users\ss\Desktop\XAI\XAI\engines\XAI-Compress\data\domain_focused\archive (1)\FaceForensics++_C23\csv\FaceShifter.csv,16a980a0d416c9105d7a,PASS
True,1.1802672781095465,,csv,,8622,0.3723539642839035,149.67929999693297,208.27234920768194,0.26760000037029386,,,,,A_fixed_best,,,,,58441,288.3828125,,6.778125724889817,,brotli-11,,,16_64KiB,C:\Users\ss\Desktop\XAI\XAI\engines\XAI-Compress\data\domain_focused\archive (1)\FaceForensics++_C23\csv\NeuralTextures.csv,6e96649c37ae12817da8,PASS
True,1.547954347119317,4.114000010304153,csv,,11308,0.3402361821765319,163.80880001815967,3.098088387448222,17.98970001982525,129.48580001830123,2.0801999780815095,768,6.791651927838698,B_hybrid_v1,14.517199975671247,,,,58441,288.3828125,,5.16811107180757,,"{""brotli"": 1}",146.083199972054,N/A,16_64KiB,C:\Users\ss\Desktop\XAI\XAI\engines\XAI-Compress\data\domain_focused\archive (1)\FaceForensics++_C23\csv\NeuralTextures.csv,6e96649c37ae12817da8,PASS
True,1.5442583118016462,,csv,,11281,0.1338105042006313,416.5119999961462,1.359756044064216,40.987999993376434,219.54790002200752,0.9233999880962074,741,6.568566616434714,C_ai_only,0.0,,,,58441,332.25390625,,5.180480453860473,,"{""brotli|6|identity"": 1}",,,16_64KiB,C:\Users\ss\Desktop\XAI\XAI\engines\XAI-Compress\data\domain_focused\archive (1)\FaceForensics++_C23\csv\NeuralTextures.csv,6e96649c37ae12817da8,PASS
True,1.6391232182885302,,csv,,11974,0.1923359902214609,289.7724999929778,0.8347289104444185,66.76859999424778,166.47069997270592,0.8234000124502927,752,6.28027392684149,D_ai_top2,11.299899982986972,,,,58441,332.25390625,,4.880658092533824,,"{""zstd|9|identity"": 1}",,,16_64KiB,C:\Users\ss\Desktop\XAI\XAI\engines\XAI-Compress\data\domain_focused\archive (1)\FaceForensics++_C23\csv\NeuralTextures.csv,6e96649c37ae12817da8,PASS
True,1.8092777330983385,,csv,,13217,0.12333609227533884,451.8846000137273,1.3691020664711249,40.70819998742081,180.20880001131445,1.8470999784767628,786,5.946886585458122,E_confidence_adaptive,30.96400000504218,,,,58441,332.25390625,,4.421653930543997,,"{""deflate|6|identity"": 1}",,,16_64KiB,C:\Users\ss\Desktop\XAI\XAI\engines\XAI-Compress\data\domain_focused\archive (1)\FaceForensics++_C23\csv\NeuralTextures.csv,6e96649c37ae12817da8,PASS
True,1.4525418798446297,194.2278999777045,csv,1,10611,0.08065838938167823,690.9842999884859,1.430381754405465,38.96419997909106,437.0308999787085,2.0155000092927366,71,0.6691169541042314,F_compact_xaic,25.302199996076524,,,,58441,332.25390625,requested_chunking,5.507586466873999,confidence,"[""brotli|6|identity""]",660.9393999970052,0.2456281537512335,16_64KiB,C:\Users\ss\Desktop\XAI\XAI\engines\XAI-Compress\data\domain_focused\archive (1)\FaceForensics++_C23\csv\NeuralTextures.csv,6e96649c37ae12817da8,PASS
True,1.5459009941650554,154.94870001566596,csv,1,11293,0.10760442707935054,517.9497000062838,1.9754539826084923,28.213099983986467,330.7129000022542,0.974599999608472,71,0.6287080492340388,G_compact_adaptive,12.87070001126267,,,,58441,332.25390625,whole_file,5.174975648631896,confidence,"[""zstd|9|identity""]",501.17500001215376,0.2456281537512335,16_64KiB,C:\Users\ss\Desktop\XAI\XAI\engines\XAI-Compress\data\domain_focused\archive (1)\FaceForensics++_C23\csv\NeuralTextures.csv,6e96649c37ae12817da8,PASS
True,1.6248866378056501,56.23850002302788,csv,1,11870,0.6144411216542195,90.7063000195194,3.4555165349766863,16.12890002434142,23.535799991805106,0.37769999471493065,71,0.5981465880370682,H_full_v2,1.7033999902196229,N/A,N/A,N/A,58441,288.3828125,whole_file,4.923420387531592,confidence,"[""zstd|6|identity""]",82.58659997954965,0.2088647640168887,16_64KiB,C:\Users\ss\Desktop\XAI\XAI\engines\XAI-Compress\data\domain_focused\archive (1)\FaceForensics++_C23\csv\NeuralTextures.csv,6e96649c37ae12817da8,PASS
True,0.42054611322839686,,csv,,41863,0.31667285806563633,2398.258300003363,214.2955160400251,3.54400000651367,,,,,A_fixed_best,,,,,796355,288.3828125,,19.02288416979194,,brotli-11,,,64KiB_1MiB,C:\Users\ss\Desktop\XAI\XAI\engines\XAI-Compress\phase_h_dataset_report.csv,90bb57d94e3fa72035ad,PASS
True,0.6151527898989773,6.405299965990707,csv,,61235,3.527506405187729,215.29749999172054,27.05537485266994,28.070699976524338,139.77119998889975,2.2920000192243606,768,1.2541846982934597,B_hybrid_v1,19.83150001615286,,,,796355,288.3828125,,13.00489915897771,,"{""brotli"": 1}",161.89470002427697,N/A,64KiB_1MiB,C:\Users\ss\Desktop\XAI\XAI\engines\XAI-Compress\phase_h_dataset_report.csv,90bb57d94e3fa72035ad,PASS
True,0.7315129559053437,,csv,,72818,0.18787037180035146,4042.485799989663,12.959969937393542,58.60069999471307,3773.026899929391,15.89200011221692,5805,7.971930017303414,C_ai_only,0.0,,,,796355,332.25390625,,10.93623829272982,,"{""zstd|6|identity"": 1, ""zstd|9|identity"": 12}",,,64KiB_1MiB,C:\Users\ss\Desktop\XAI\XAI\engines\XAI-Compress\phase_h_dataset_report.csv,90bb57d94e3fa72035ad,PASS
True,0.7639105675232779,,csv,,76043,0.23176173188713467,3276.914200017927,10.334212050392646,73.49019998218864,2997.4192999943625,13.569900038419291,6106,8.029667425009533,D_ai_top2,69.40740009304136,,,,796355,332.25390625,,10.472430072459003,,"{""deflate|6|identity"": 5, ""zstd|9|identity"": 8}",,,64KiB_1MiB,C:\Users\ss\Desktop\XAI\XAI\engines\XAI-Compress\phase_h_dataset_report.csv,90bb57d94e3fa72035ad,PASS
True,0.7518054134148715,,csv,,74838,0.23695264189006124,3205.1269999938086,15.601200295684654,48.67980000562966,2888.047100015683,14.727999950991943,6124,8.183008631978407,E_confidence_adaptive,103.5602999618277,,,,796355,332.25390625,,10.641051337555787,,"{""deflate|6|identity"": 2, ""zstd|1|identity"": 5, ""zstd|6|identity"": 3, ""zstd|9|identity"": 3}",,,64KiB_1MiB,C:\Users\ss\Desktop\XAI\XAI\engines\XAI-Compress\phase_h_dataset_report.csv,90bb57d94e3fa72035ad,PASS
True,0.6752365465150593,99.49249992496334,csv,13,67216,0.23522518138027412,3228.6650000023656,22.695749019263197,33.462799998233095,2936.9961000047624,15.820300031919032,232,0.34515591525827183,F_compact_xaic,123.13150003319606,,,,796355,332.25390625,requested_chunking,11.847699952392288,confidence,"[""zstd|9|identity"", ""zstd|1|identity"", ""zstd|6|identity""]",3195.8006999921054,0.24496978215609896,64KiB_1MiB,C:\Users\ss\Desktop\XAI\XAI\engines\XAI-Compress\phase_h_dataset_report.csv,90bb57d94e3fa72035ad,PASS
True,0.5911433971030507,117.09839999093674,csv,1,58845,1.5352614957328352,494.6801000041887,22.92878630877199,33.12269999878481,314.6249999990687,0.6460000004153699,72,0.1223553403007902,G_compact_adaptive,6.801200011977926,,,,796355,332.25390625,whole_file,13.533095420171637,confidence,"[""zstd|9|identity""]",449.07299999613315,0.25780950480677756,64KiB_1MiB,C:\Users\ss\Desktop\XAI\XAI\engines\XAI-Compress\phase_h_dataset_report.csv,90bb57d94e3fa72035ad,PASS
True,0.6364900075971144,72.89919999311678,csv,1,63359,5.343208205811567,142.13620001100935,27.760394129042783,27.35779999056831,35.67830001702532,0.42669998947530985,72,0.1136381571678846,H_full_v2,1.0958999919239432,N/A,N/A,N/A,796355,288.3828125,whole_file,12.568932590476491,confidence,"[""zstd|6|identity""]",114.61280001094565,0.2137395971456155,64KiB_1MiB,C:\Users\ss\Desktop\XAI\XAI\engines\XAI-Compress\phase_h_dataset_report.csv,90bb57d94e3fa72035ad,PASS
True,4.262197262197263,,executable,,12143,0.2519314891270418,86.27800000249408,75.8943539183975,0.2864000271074474,,,,,A_fixed_best,,,,,22792,288.3828125,,1.8769661533393724,,brotli-11,,,16_64KiB,C:\Users\ss\Desktop\XAI\XAI\apps\admin_dotnet\bin\Debug\net8.0\Microsoft.Extensions.ObjectPool.dll,63b80d177dabc1b0609f,PASS
True,4.752193752193752,5.6588000152260065,executable,,13539,0.23290082625323094,93.3278999873437,0.7867006288566756,27.629499993054196,46.75680000218563,3.4736999950837344,766,5.657729522121279,B_hybrid_v1,19.70830000936985,,,,22792,288.3828125,,1.6834330452766084,,"{""brotli"": 1}",69.93880000663921,N/A,16_64KiB,C:\Users\ss\Desktop\XAI\XAI\apps\admin_dotnet\bin\Debug\net8.0\Microsoft.Extensions.ObjectPool.dll,63b80d177dabc1b0609f,PASS
True,4.875043875043875,,executable,,13889,0.10018692747127032,216.95590001763776,0.7694074446212663,28.250500006834045,69.02740002260543,0.601400010054931,735,5.291957664338685,C_ai_only,0.0,,,,22792,332.25390625,,1.6410108719130247,,"{""zstd|9|identity"": 1}",,,16_64KiB,C:\Users\ss\Desktop\XAI\XAI\apps\admin_dotnet\bin\Debug\net8.0\Microsoft.Extensions.ObjectPool.dll,63b80d177dabc1b0609f,PASS
True,4.885924885924886,,executable,,13920,0.06077553443173393,357.6462999917567,0.3383384080211356,64.24380000680685,131.1070999945514,1.1174000101163983,751,5.3951149425287355,D_ai_top2,3.3820999960880727,,,,22792,332.25390625,,1.6373563218390805,,"{""zstd|6|identity"": 1}",,,16_64KiB,C:\Users\ss\Desktop\XAI\XAI\apps\admin_dotnet\bin\Debug\net8.0\Microsoft.Extensions.ObjectPool.dll,63b80d177dabc1b0609f,PASS
True,4.884520884520884,,executable,,13916,0.07984214245028319,272.23900001263246,0.5329720303803487,40.78290000325069,92.7846000122372,1.5499000146519393,762,5.4757114113250935,E_confidence_adaptive,13.241800013929605,,,,22792,332.25390625,,1.6378269617706238,,"{""zstd|9|identity"": 1}",,,16_64KiB,C:\Users\ss\Desktop\XAI\XAI\apps\admin_dotnet\bin\Debug\net8.0\Microsoft.Extensions.ObjectPool.dll,63b80d177dabc1b0609f,PASS
True,4.647244647244647,118.09329999960028,executable,1,13240,0.08857756055173867,245.39110000478104,0.7211822655037267,30.139600014081225,104.76810002001002,0.7761000015307218,71,0.5362537764350453,F_compact_xaic,6.319600011920556,,,,22792,332.25390625,requested_chunking,1.7214501510574018,confidence,"[""zstd|6|identity""]",232.23769999458455,0.6313506179609183,16_64KiB,C:\Users\ss\Desktop\XAI\XAI\apps\admin_dotnet\bin\Debug\net8.0\Microsoft.Extensions.ObjectPool.dll,63b80d177dabc1b0609f,PASS
True,4.647244647244647,116.4924000040628,executable,1,13240,0.11036713492162589,196.94399999571033,0.892973875984369,24.34130001347512,57.177199982106686,0.6247000128496438,71,0.5362537764350453,G_compact_adaptive,7.1832999819889665,,,,22792,332.25390625,whole_file,1.7214501510574018,confidence,"[""zstd|6|identity""]",182.68610001541674,0.6313506179609183,16_64KiB,C:\Users\ss\Desktop\XAI\XAI\apps\admin_dotnet\bin\Debug\net8.0\Microsoft.Extensions.ObjectPool.dll,63b80d177dabc1b0609f,PASS
True,4.647244647244647,101.28139998414554,executable,1,13240,0.12683677529467519,171.37100000400096,0.5492545597666805,39.57389999413863,47.6691999938339,0.9208999981638044,71,0.5362537764350453,H_full_v2,5.759899999247864,N/A,N/A,N/A,22792,288.3828125,whole_file,1.7214501510574018,confidence,"[""zstd|6|identity""]",156.68650000588968,0.47021215843970054,16_64KiB,C:\Users\ss\Desktop\XAI\XAI\apps\admin_dotnet\bin\Debug\net8.0\Microsoft.Extensions.ObjectPool.dll,63b80d177dabc1b0609f,PASS
True,3.631431897555297,,executable,,15597,0.10717050346177541,305.75809997390024,47.836860158135345,0.6850000063423067,,,,,A_fixed_best,,,,,34360,288.3828125,,2.202987754055267,,brotli-11,,,16_64KiB,C:\Users\ss\Desktop\XAI\XAI\apps\admin_dotnet\bin\Debug\net8.0\Microsoft.Extensions.AmbientMetadata.Application.dll,8532a7e7c38dfc36aa1a,PASS
True,4.028637951105937,6.7906000185757875,executable,,17303,0.19793865512135714,165.54750001523644,1.2484331666367343,26.247499976307154,115.50089999218471,3.9170999953057617,768,4.438536669941628,B_hybrid_v1,20.966799987945706,,,,34360,288.3828125,,1.9857828122290933,,"{""brotli"": 1}",140.38479997543618,N/A,16_64KiB,C:\Users\ss\Desktop\XAI\XAI\apps\admin_dotnet\bin\Debug\net8.0\Microsoft.Extensions.AmbientMetadata.Application.dll,8532a7e7c38dfc36aa1a,PASS
True,4.154598370197904,,executable,,17844,0.13966020102642868,234.6284000086598,0.6216515816437173,52.711600001202896,90.31110000796616,0.7245000160764903,736,4.124635731898677,C_ai_only,0.0,,,,34360,332.25390625,,1.9255772248374803,,"{""zstd|9|identity"": 1}",,,16_64KiB,C:\Users\ss\Desktop\XAI\XAI\apps\admin_dotnet\bin\Debug\net8.0\Microsoft.Extensions.AmbientMetadata.Application.dll,8532a7e7c38dfc36aa1a,PASS
True,4.158323632130384,,executable,,17860,0.11677697403728644,280.6054000102449,1.5501617650941022,21.138600015547127,110.31940000248142,0.6392000068444759,752,4.2105263157894735,D_ai_top2,10.902500012889504,,,,34360,332.25390625,,1.923852183650616,,"{""zstd|9|identity"": 1}",,,16_64KiB,C:\Users\ss\Desktop\XAI\XAI\apps\admin_dotnet\bin\Debug\net8.0\Microsoft.Extensions.AmbientMetadata.Application.dll,8532a7e7c38dfc36aa1a,PASS
True,4.160884749708964,,executable,,17871,0.1432952206086487,228.6764999735169,0.9581191415506406,34.200599999167025,102.88080002646893,1.0412000119686127,763,4.26948687818253,E_confidence_adaptive,8.488699997542426,,,,34360,332.25390625,,1.9226680096245314,,"{""zstd|9|identity"": 1}",,,16_64KiB,C:\Users\ss\Desktop\XAI\XAI\apps\admin_dotnet\bin\Debug\net8.0\Microsoft.Extensions.AmbientMetadata.Application.dll,8532a7e7c38dfc36aa1a,PASS
True,4.009313154831199,156.69609999167733,executable,1,17220,0.1080933469436889,303.1477000040468,1.1270791884238076,29.07360001699999,110.94050001702271,1.1515000078361481,72,0.4181184668989547,F_compact_xaic,13.02029998623766,,,,34360,332.25390625,requested_chunking,1.9953542392566783,confidence,"[""zstd|6|identity""]",283.539700001711,0.6896672642397756,16_64KiB,C:\Users\ss\Desktop\XAI\XAI\apps\admin_dotnet\bin\Debug\net8.0\Microsoft.Extensions.AmbientMetadata.Application.dll,8532a7e7c38dfc36aa1a,PASS
True,4.0,168.9355999988038,executable,1,17180,0.09122416595843007,359.20579999219626,0.4782380505775766,68.51869999081828,152.89840003242716,1.326500001596287,72,0.4190919674039581,G_compact_adaptive,13.754200015682727,,,,34360,332.25390625,whole_file,2.0,confidence,"[""zstd|9|identity""]",338.424900022801,0.6896672642397756,16_64KiB,C:\Users\ss\Desktop\XAI\XAI\apps\admin_dotnet\bin\Debug\net8.0\Microsoft.Extensions.AmbientMetadata.Application.dll,8532a7e7c38dfc36aa1a,PASS
True,3.866589057043073,114.46080001769587,executable,1,16607,0.16768157482618154,195.41949999984354,1.0918528006464108,30.01159999985248,52.15120001230389,1.050599996233359,72,0.4335521165773469,H_full_v2,6.554899999173358,N/A,N/A,N/A,34360,288.3828125,whole_file,2.0690070452218943,confidence,"[""brotli|6|identity""]",175.32280000159517,0.35737815825225583,16_64KiB,C:\Users\ss\Desktop\XAI\XAI\apps\admin_dotnet\bin\Debug\net8.0\Microsoft.Extensions.AmbientMetadata.Application.dll,8532a7e7c38dfc36aa1a,PASS
True,2.4653867251782775,,image,,2809,0.164887581638194,52.719200000865385,65.85410821554916,0.13199998647905886,,,,,A_fixed_best,,,,,9115,288.3828125,,3.244927020291919,,brotli-11,,,lt_16KiB,C:\Users\ss\Desktop\XAI\XAI\engines\XAI-Compress\results\hybrid_ai\figures\01_codec_bpb.png,b431de9bd8324ec90c36,PASS
True,3.24125068568294,9.690599981695414,image,,3693,0.11672872409548841,74.46960001834668,0.4508332545983513,19.28149999002926,37.68899998976849,2.667900000233203,764,20.687787706471703,B_hybrid_v1,8.952100004535168,,,,9115,288.3828125,,2.468183049011644,,"{""brotli"": 1}",49.30899999453686,N/A,lt_16KiB,C:\Users\ss\Desktop\XAI\XAI\engines\XAI-Compress\results\hybrid_ai\figures\01_codec_bpb.png,b431de9bd8324ec90c36,PASS
True,8.660010970927043,,image,,9867,1.651890124912636,5.262299993773922,0.18949622533224522,45.87289999471977,0.03250001464039087,0.0,752,7.621364143103274,C_ai_only,0.0,,,,9115,332.25390625,,0.9237863585689673,,"{""raw|default|identity"": 1}",,,lt_16KiB,C:\Users\ss\Desktop\XAI\XAI\engines\XAI-Compress\results\hybrid_ai\figures\01_codec_bpb.png,b431de9bd8324ec90c36,PASS
True,8.66088864509051,,image,,9868,1.775732111633169,4.895299993222579,0.23073031101118666,37.674899998819456,0.023200002033263445,0.0,753,7.630725577624645,D_ai_top2,0.0,,,,9115,332.25390625,,0.9236927442237536,,"{""raw|default|identity"": 1}",,,lt_16KiB,C:\Users\ss\Desktop\XAI\XAI\engines\XAI-Compress\results\hybrid_ai\figures\01_codec_bpb.png,b431de9bd8324ec90c36,PASS
True,8.671420735052111,,image,,9880,1.5705326905913624,5.534900003112853,0.21849732780424588,39.78420002385974,0.032100011594593525,0.0,765,7.742914979757085,E_confidence_adaptive,0.0,,,,9115,332.25390625,,0.9225708502024291,,"{""raw|default|identity"": 1}",,,lt_16KiB,C:\Users\ss\Desktop\XAI\XAI\engines\XAI-Compress\results\hybrid_ai\figures\01_codec_bpb.png,b431de9bd8324ec90c36,PASS
True,8.059681843115744,0.0,image,1,9183,0.9987638788756055,8.703499974217266,0.21285183902555455,40.83939999691211,0.01990000600926578,0.0,68,0.7404987476859414,F_compact_xaic,0.0,,,,9115,332.25390625,requested_chunking,0.9925950125231406,confidence,"[""raw|default|identity""]",1.0500000207684934,1.0,lt_16KiB,C:\Users\ss\Desktop\XAI\XAI\engines\XAI-Compress\results\hybrid_ai\figures\01_codec_bpb.png,b431de9bd8324ec90c36,PASS
True,8.058804168952276,0.0,image,1,9182,0.9425784672143566,9.222299995599315,0.22511948779851196,38.61390001839027,0.035900011425837874,0.0,67,0.7296885210193857,G_compact_adaptive,0.0,,,,9115,332.25390625,whole_file,0.9927031147898061,confidence,"[""raw|default|identity""]",0.7708000193815678,1.0,lt_16KiB,C:\Users\ss\Desktop\XAI\XAI\engines\XAI-Compress\results\hybrid_ai\figures\01_codec_bpb.png,b431de9bd8324ec90c36,PASS
True,8.058804168952276,0.0,image,1,9182,1.493675166606764,5.819700018037111,0.49422307489455536,17.588699993211776,0.01789999078027904,0.0,67,0.7296885210193857,H_full_v2,0.0,N/A,N/A,N/A,9115,288.3828125,whole_file,0.9927031147898061,confidence,"[""raw|default|identity""]",0.44669999624602497,1.0,lt_16KiB,C:\Users\ss\Desktop\XAI\XAI\engines\XAI-Compress\results\hybrid_ai\figures\01_codec_bpb.png,b431de9bd8324ec90c36,PASS
True,2.9073828244664557,,image,,3559,0.2256918671030943,41.38089998741634,66.00235010858917,0.14150000060908496,,,,,A_fixed_best,,,,,9793,288.3828125,,2.7516156223658332,,brotli-11,,,lt_16KiB,C:\Users\ss\Desktop\XAI\XAI\engines\XAI-Compress\results\hybrid_ai\figures\04_decompression_speed.png,801658a38cf0cafec5ef,PASS
True,3.6197283774124376,12.187399988761172,image,,4431,0.14402348610120683,64.84590002219193,0.30789854383881315,30.332499998621643,23.577099986141548,4.009500000393018,765,17.264725795531483,B_hybrid_v1,8.786499995039776,,,,9793,288.3828125,,2.2101105845181674,,"{""brotli"": 1}",36.37309998157434,N/A,lt_16KiB,C:\Users\ss\Desktop\XAI\XAI\engines\XAI-Compress\results\hybrid_ai\figures\04_decompression_speed.png,801658a38cf0cafec5ef,PASS
True,8.615133258449914,,image,,10546,1.9775409290216017,4.722700017737225,0.24530711760906432,38.071999995736405,0.020899984519928694,0.0,753,7.140147923383274,C_ai_only,0.0,,,,9793,332.25390625,,0.9285985207661672,,"{""raw|default|identity"": 1}",,,lt_16KiB,C:\Users\ss\Desktop\XAI\XAI\engines\XAI-Compress\results\hybrid_ai\figures\04_decompression_speed.png,801658a38cf0cafec5ef,PASS
True,8.615133258449914,,image,,10546,1.934770894503043,4.82709999778308,0.1703800728487066,54.81470000813715,0.028900016332045197,0.0,753,7.140147923383274,D_ai_top2,0.0,,,,9793,332.25390625,,0.9285985207661672,,"{""raw|default|identity"": 1}",,,lt_16KiB,C:\Users\ss\Desktop\XAI\XAI\engines\XAI-Compress\results\hybrid_ai\figures\04_decompression_speed.png,801658a38cf0cafec5ef,PASS
True,8.624119268865517,,image,,10557,1.8891000061612664,4.943799984175712,0.24317442317620425,38.40590000618249,0.03890000516548753,0.0,764,7.236904423605191,E_confidence_adaptive,0.0,,,,9793,332.25390625,,0.927630955763948,,"{""raw|default|identity"": 1}",,,lt_16KiB,C:\Users\ss\Desktop\XAI\XAI\engines\XAI-Compress\results\hybrid_ai\figures\04_decompression_speed.png,801658a38cf0cafec5ef,PASS
True,8.055549882569181,0.0,image,1,9861,0.669270312921436,13.954499998362735,0.21445769958509964,43.54860002058558,0.041099992813542485,0.0,68,0.6895852347632087,F_compact_xaic,0.0,,,,9793,332.25390625,requested_chunking,0.9931041476523679,confidence,"[""raw|default|identity""]",3.6108999920543283,1.0,lt_16KiB,C:\Users\ss\Desktop\XAI\XAI\engines\XAI-Compress\results\hybrid_ai\figures\04_decompression_speed.png,801658a38cf0cafec5ef,PASS
True,8.0547329725314,0.0,image,1,9860,0.7099022926021571,13.155799999367446,0.12166625087184213,76.76189998164773,0.02850001328624785,0.0,67,0.6795131845841785,G_compact_adaptive,0.0,,,,9793,332.25390625,whole_file,0.9932048681541582,confidence,"[""raw|default|identity""]",0.8006999851204455,1.0,lt_16KiB,C:\Users\ss\Desktop\XAI\XAI\engines\XAI-Compress\results\hybrid_ai\figures\04_decompression_speed.png,801658a38cf0cafec5ef,PASS
True,8.0547329725314,0.0,image,1,9860,1.888717965554197,4.944799991790205,0.5244959696948943,17.806299991207197,0.01960000372491777,0.0,67,0.6795131845841785,H_full_v2,0.0,N/A,N/A,N/A,9793,288.3828125,whole_file,0.9932048681541582,confidence,"[""raw|default|identity""]",0.4112999886274338,1.0,lt_16KiB,C:\Users\ss\Desktop\XAI\XAI\engines\XAI-Compress\results\hybrid_ai\figures\04_decompression_speed.png,801658a38cf0cafec5ef,PASS
True,24.0,,json,,6,0.012401485998371094,0.15380000695586205,0.10038677460614091,0.018999999156221747,,,,,A_fixed_best,,,,,2,288.3828125,,0.3333333333333333,,brotli-11,,,lt_16KiB,C:\Users\ss\Desktop\XAI\XAI\engines\XAI-Compress\results\benchmark_results.json,b2d26822f2e8d5499ddf,PASS
True,3076.0,15.59240001370199,json,,769,5.1286875278781315e-05,37.18979997211136,7.463408327718296e-05,25.55600000778213,2.434099995298311,4.882299981545657,767,99.73992197659298,B_hybrid_v1,5.666799988830462,,,,2,288.3828125,,0.002600780234070221,,"{""raw"": 1}",12.98319996567443,N/A,lt_16KiB,C:\Users\ss\Desktop\XAI\XAI\engines\XAI-Compress\results\benchmark_results.json,b2d26822f2e8d5499ddf,PASS
True,2960.0,,json,,740,0.0002554541792377394,7.4665000138338655,4.072250841793516e-05,46.8377000070177,0.013499986380338669,0.0,738,99.72972972972973,C_ai_only,0.0,,,,2,332.25390625,,0.002702702702702703,,"{""raw|default|identity"": 1}",,,lt_16KiB,C:\Users\ss\Desktop\XAI\XAI\engines\XAI-Compress\results\benchmark_results.json,b2d26822f2e8d5499ddf,PASS
True,2960.0,,json,,740,0.00034552791444130744,5.520099977729842,2.8280521043985962e-05,67.44389998493716,0.015500001609325409,0.0,738,99.72972972972973,D_ai_top2,0.0,,,,2,332.25390625,,0.002702702702702703,,"{""raw|default|identity"": 1}",,,lt_16KiB,C:\Users\ss\Desktop\XAI\XAI\engines\XAI-Compress\results\benchmark_results.json,b2d26822f2e8d5499ddf,PASS
True,3008.0,,json,,752,0.00037334572441298725,5.108799989102408,3.678270223472029e-05,51.85449999407865,0.026699999580159783,0.0,750,99.73404255319149,E_confidence_adaptive,0.0,,,,2,332.25390625,,0.0026595744680851063,,"{""raw|default|identity"": 1}",,,lt_16KiB,C:\Users\ss\Desktop\XAI\XAI\engines\XAI-Compress\results\benchmark_results.json,b2d26822f2e8d5499ddf,PASS
True,264.0,0.0,json,1,66,0.0001589496933340026,11.999699985608459,2.7040475795062165e-05,70.53679999080487,0.015099998563528061,0.0,64,96.96969696969697,F_compact_xaic,0.0,,,,2,332.25390625,requested_chunking,0.030303030303030304,confidence,"[""raw|default|identity""]",1.6106999828480184,1.0,lt_16KiB,C:\Users\ss\Desktop\XAI\XAI\engines\XAI-Compress\results\benchmark_results.json,b2d26822f2e8d5499ddf,PASS
True,256.0,0.0,json,1,64,0.00013999711033796546,13.624200015328825,3.715884467032867e-05,51.329599984455854,0.017499987734481692,0.0,62,96.875,G_compact_adaptive,0.0,,,,2,332.25390625,whole_file,0.03125,confidence,"[""raw|default|identity""]",0.8468999876640737,1.0,lt_16KiB,C:\Users\ss\Desktop\XAI\XAI\engines\XAI-Compress\results\benchmark_results.json,b2d26822f2e8d5499ddf,PASS
True,256.0,0.0,json,1,64,0.0002808393653381735,6.7915999970864505,2.0230359431900206e-05,94.28150000167079,0.01409999094903469,0.0,62,96.875,H_full_v2,0.0,N/A,N/A,N/A,2,288.3828125,whole_file,0.03125,confidence,"[""raw|default|identity""]",0.38339997990988195,1.0,lt_16KiB,C:\Users\ss\Desktop\XAI\XAI\engines\XAI-Compress\results\benchmark_results.json,b2d26822f2e8d5499ddf,PASS
True,9.03225806451613,,json,,35,0.01948968546546952,1.5168999962043017,1.749342150582076,0.016900012269616127,,,,,A_fixed_best,,,,,31,288.3828125,,0.8857142857142857,,brotli-11,,,lt_16KiB,C:\Users\ss\Desktop\XAI\XAI\apps\public_nextjs\.next\static\webpack\1cde06a0bb489b45.webpack.hot-update.json,215155f5831d7da605e0,PASS
True,206.19354838709677,6.74580002669245,json,,799,0.0011262525358499281,26.24979999382049,0.001714008477417815,17.248399992240593,2.673900016816333,4.664799984311685,768,96.12015018773467,B_hybrid_v1,5.057800008216873,,,,31,288.3828125,,0.03879849812265332,,"{""raw"": 1}",12.39650000934489,N/A,lt_16KiB,C:\Users\ss\Desktop\XAI\XAI\apps\public_nextjs\.next\static\webpack\1cde06a0bb489b45.webpack.hot-update.json,215155f5831d7da605e0,PASS
True,198.70967741935485,,json,,770,0.004151417404854088,7.121399976313114,0.0006033388191316128,49.000500002875924,0.016900012269616127,0.0,739,95.97402597402598,C_ai_only,0.0,,,,31,332.25390625,,0.04025974025974026,,"{""raw|default|identity"": 1}",,,lt_16KiB,C:\Users\ss\Desktop\XAI\XAI\apps\public_nextjs\.next\static\webpack\1cde06a0bb489b45.webpack.hot-update.json,215155f5831d7da605e0,PASS
True,198.70967741935485,,json,,770,0.005393003142671114,5.4818999778945,0.0006033646775508299,48.99839998688549,0.016700010746717453,0.0,739,95.97402597402598,D_ai_top2,0.0,,,,31,332.25390625,,0.04025974025974026,,"{""raw|default|identity"": 1}",,,lt_16KiB,C:\Users\ss\Desktop\XAI\XAI\apps\public_nextjs\.next\static\webpack\1cde06a0bb489b45.webpack.hot-update.json,215155f5831d7da605e0,PASS
True,201.80645161290323,,json,,782,0.005635406088863529,5.246099986834452,0.0005518361397299293,53.57370001729578,0.015500001609325409,0.0,751,96.03580562659846,E_confidence_adaptive,0.0,,,,31,332.25390625,,0.03964194373401535,,"{""raw|default|identity"": 1}",,,lt_16KiB,C:\Users\ss\Desktop\XAI\XAI\apps\public_nextjs\.next\static\webpack\1cde06a0bb489b45.webpack.hot-update.json,215155f5831d7da605e0,PASS
True,24.516129032258064,0.0,json,1,95,0.002359280161467324,12.530900014098734,0.0005267322999465583,56.127000018022954,0.015199999324977398,0.0,64,67.36842105263158,F_compact_xaic,0.0,,,,31,332.25390625,requested_chunking,0.3263157894736842,confidence,"[""raw|default|identity""]",1.559399999678135,1.0,lt_16KiB,C:\Users\ss\Desktop\XAI\XAI\apps\public_nextjs\.next\static\webpack\1cde06a0bb489b45.webpack.hot-update.json,215155f5831d7da605e0,PASS
True,24.0,0.0,json,1,93,0.002317701403169141,12.755700008710846,0.0006782547525993866,43.588200001977384,0.016200006939470768,0.0,62,66.66666666666667,G_compact_adaptive,0.0,,,,31,332.25390625,whole_file,0.3333333333333333,confidence,"[""raw|default|identity""]",0.9353999921586365,1.0,lt_16KiB,C:\Users\ss\Desktop\XAI\XAI\apps\public_nextjs\.next\static\webpack\1cde06a0bb489b45.webpack.hot-update.json,215155f5831d7da605e0,PASS
True,24.0,0.0,json,1,93,0.004780631589782609,6.184099998790771,0.003879370122044603,7.620799995493144,0.007399998139590025,0.0,62,66.66666666666667,H_full_v2,0.0,N/A,N/A,N/A,31,288.3828125,whole_file,0.3333333333333333,confidence,"[""raw|default|identity""]",0.3200999926775694,1.0,lt_16KiB,C:\Users\ss\Desktop\XAI\XAI\apps\public_nextjs\.next\static\webpack\1cde06a0bb489b45.webpack.hot-update.json,215155f5831d7da605e0,PASS
True,7.228915662650603,,json,,75,0.05956876042825209,1.3287999900057912,2.59524491112358,0.030499999411404133,,,,,A_fixed_best,,,,,83,288.3828125,,1.1066666666666667,,brotli-11,,,lt_16KiB,C:\Users\ss\Desktop\XAI\XAI\apps\public_nextjs\.next\server\middleware-manifest.json,e43e7849d7ac7eee3e69,PASS
True,80.09638554216868,6.5848999947775155,json,,831,0.0036651078726469776,21.596900012809783,0.00489048644232703,16.185499989660457,1.5907999768387526,3.268700005719438,763,91.81708784596871,B_hybrid_v1,3.961299982620403,,,,83,288.3828125,,0.09987966305655836,,"{""brotli"": 1}",8.820799965178594,N/A,lt_16KiB,C:\Users\ss\Desktop\XAI\XAI\apps\public_nextjs\.next\server\middleware-manifest.json,e43e7849d7ac7eee3e69,PASS
True,80.67469879518072,,json,,837,0.011511608071305988,6.87610000022687,0.0012130007166337967,65.25549999787472,0.027400004910305142,0.0,750,89.60573476702508,C_ai_only,0.0,,,,83,332.25390625,,0.0991636798088411,,"{""brotli|1|identity"": 1}",,,lt_16KiB,C:\Users\ss\Desktop\XAI\XAI\apps\public_nextjs\.next\server\middleware-manifest.json,e43e7849d7ac7eee3e69,PASS
True,80.57831325301204,,json,,836,0.012784663938801875,6.1913999961689115,0.0018163391022848116,43.5793999931775,0.02759997732937336,0.0,749,89.5933014354067,D_ai_top2,0.0,,,,83,332.25390625,,0.09928229665071771,,"{""brotli|1|identity"": 1}",,,lt_16KiB,C:\Users\ss\Desktop\XAI\XAI\apps\public_nextjs\.next\server\middleware-manifest.json,e43e7849d7ac7eee3e69,PASS
True,81.83132530120481,,json,,849,0.0167797189421262,4.717300005722791,0.0015348766113257404,51.570900017395616,0.024300010409206152,0.0,762,89.75265017667844,E_confidence_adaptive,0.0,,,,83,332.25390625,,0.0977620730270907,,"{""brotli|1|identity"": 1}",,,lt_16KiB,C:\Users\ss\Desktop\XAI\XAI\apps\public_nextjs\.next\server\middleware-manifest.json,e43e7849d7ac7eee3e69,PASS
True,14.55421686746988,0.0,json,1,151,0.005890602280568571,13.437500019790605,0.0021017364651827694,37.661700014723465,0.0247000134550035,0.0,64,42.384105960264904,F_compact_xaic,0.0,,,,83,332.25390625,requested_chunking,0.5496688741721855,confidence,"[""brotli|1|identity""]",1.5697999915573746,1.0,lt_16KiB,C:\Users\ss\Desktop\XAI\XAI\apps\public_nextjs\.next\server\middleware-manifest.json,e43e7849d7ac7eee3e69,PASS
True,14.36144578313253,0.0,json,1,149,0.0075887990290199854,10.43049999861978,0.001990243471654968,39.771500014467165,0.01990000600926578,0.0,62,41.61073825503356,G_compact_adaptive,0.0,,,,83,332.25390625,whole_file,0.5570469798657718,confidence,"[""brotli|1|identity""]",0.6564999930560589,1.0,lt_16KiB,C:\Users\ss\Desktop\XAI\XAI\apps\public_nextjs\.next\server\middleware-manifest.json,e43e7849d7ac7eee3e69,PASS
True,14.36144578313253,0.0,json,1,149,0.013310738446698904,5.946699995547533,0.0046428468978804,17.04880001489073,0.017200014553964138,0.0,62,41.61073825503356,H_full_v2,0.0,N/A,N/A,N/A,83,288.3828125,whole_file,0.5570469798657718,confidence,"[""brotli|1|identity""]",0.5009000014979392,1.0,lt_16KiB,C:\Users\ss\Desktop\XAI\XAI\apps\public_nextjs\.next\server\middleware-manifest.json,e43e7849d7ac7eee3e69,PASS
True,3.519230769230769,,json,,183,0.10959048512405635,3.6201000039000064,9.559724221893235,0.04149999585933983,,,,,A_fixed_best,,,,,416,288.3828125,,2.273224043715847,,brotli-11,,,lt_16KiB,C:\Users\ss\Desktop\XAI\XAI\apps\admin_dotnet\bin\Debug\net8.0\AdminDotNet.runtimeconfig.json,719549724763a3953a3a,PASS
True,18.5,5.216999998083338,json,,962,0.017890075066356467,22.175899997819215,0.021633758434772814,18.338399997446686,3.574299975298345,2.0929000165779144,764,79.41787941787942,B_hybrid_v1,3.847900021355599,,,,416,288.3828125,,0.43243243243243246,,"{""brotli"": 1}",9.515100013231859,N/A,lt_16KiB,C:\Users\ss\Desktop\XAI\XAI\apps\admin_dotnet\bin\Debug\net8.0\AdminDotNet.runtimeconfig.json,719549724763a3953a3a,PASS
True,18.71153846153846,,json,,973,0.0026849611406048464,147.7594999887515,0.006691311291235751,59.290100005455315,5.5053000105544925,1.0322000016458333,758,77.90339157245631,C_ai_only,0.0,,,,416,332.25390625,,0.42754367934224047,,"{""deflate|9|identity"": 1}",,,lt_16KiB,C:\Users\ss\Desktop\XAI\XAI\apps\admin_dotnet\bin\Debug\net8.0\AdminDotNet.runtimeconfig.json,719549724763a3953a3a,PASS
True,18.26923076923077,,json,,950,0.0012826972650978109,309.29240002296865,0.0050677656765250444,78.28469999367371,8.539500006008893,1.774400006979704,752,79.15789473684211,D_ai_top2,2.4954999971669167,,,,416,332.25390625,,0.4378947368421053,,"{""brotli|6|identity"": 1}",,,lt_16KiB,C:\Users\ss\Desktop\XAI\XAI\apps\admin_dotnet\bin\Debug\net8.0\AdminDotNet.runtimeconfig.json,719549724763a3953a3a,PASS
True,19.21153846153846,,json,,999,0.0015576018645495353,254.70469999709167,0.007931334328383517,50.02039999817498,9.136300010140985,1.9981999939773232,784,78.47847847847848,E_confidence_adaptive,3.3063000009860843,,,,416,332.25390625,,0.4164164164164164,,"{""deflate|9|identity"": 1}",,,lt_16KiB,C:\Users\ss\Desktop\XAI\XAI\apps\admin_dotnet\bin\Debug\net8.0\AdminDotNet.runtimeconfig.json,719549724763a3953a3a,PASS
True,5.4423076923076925,198.04479999584146,json,1,283,0.0017570545768561105,225.7918000104837,0.011234917078606983,35.31210002256557,7.171600009314716,0.8270000107586384,68,24.02826855123675,F_compact_xaic,1.996099977986887,,,,416,332.25390625,requested_chunking,1.469964664310954,confidence,"[""deflate|9|identity""]",210.37700001033954,0.4798438204683559,lt_16KiB,C:\Users\ss\Desktop\XAI\XAI\apps\admin_dotnet\bin\Debug\net8.0\AdminDotNet.runtimeconfig.json,719549724763a3953a3a,PASS
True,5.365384615384615,147.43670000461861,json,1,279,0.002299069112969522,172.56049998104572,0.030069314048626183,13.19379999767989,5.475699988892302,1.2350000033620745,67,24.014336917562723,G_compact_adaptive,4.041600011987612,,,,416,332.25390625,whole_file,1.4910394265232976,confidence,"[""brotli|4|identity""]",159.44860002491623,0.4798438204683559,lt_16KiB,C:\Users\ss\Desktop\XAI\XAI\apps\admin_dotnet\bin\Debug\net8.0\AdminDotNet.runtimeconfig.json,719549724763a3953a3a,PASS
True,5.365384615384615,69.81079999241047,json,1,279,0.0048082127092417696,82.51060001202859,0.060640526450716714,6.542299990542233,2.5009000091813505,0.47870000707916915,67,24.014336917562723,H_full_v2,1.351700018858537,N/A,N/A,N/A,416,288.3828125,whole_file,1.4910394265232976,confidence,"[""brotli|4|identity""]",74.89580000401475,0.4798438204683559,lt_16KiB,C:\Users\ss\Desktop\XAI\XAI\apps\admin_dotnet\bin\Debug\net8.0\AdminDotNet.runtimeconfig.json,719549724763a3953a3a,PASS
True,2.84297520661157,,json,,215,0.2612155750819665,2.208799996878952,20.754417133147893,0.02780000795610249,,,,,A_fixed_best,,,,,605,288.3828125,,2.813953488372093,,brotli-11,,,lt_16KiB,C:\Users\ss\Desktop\XAI\XAI\apps\web_angular\package.after-audit-force.json,a5121d3f04b140dd77b4,PASS
True,13.077685950413223,4.91889999830164,json,,989,0.03143478807971317,18.354600004386157,0.03929691073178615,14.682399982120842,2.5257000233978033,1.6137000056914985,766,77.45197168857432,B_hybrid_v1,3.4365000028628856,,,,605,288.3828125,,0.6117290192113246,,"{""brotli"": 1}",7.575900031952187,N/A,lt_16KiB,C:\Users\ss\Desktop\XAI\XAI\apps\web_angular\package.after-audit-force.json,a5121d3f04b140dd77b4,PASS
True,13.289256198347108,,json,,1005,0.002466110596276625,233.96070001763292,0.011057464358253206,52.17949999496341,17.57480000378564,1.530599984107539,756,75.22388059701493,C_ai_only,0.0,,,,605,332.25390625,,0.6019900497512438,,"{""deflate|9|identity"": 1}",,,lt_16KiB,C:\Users\ss\Desktop\XAI\XAI\apps\web_angular\package.after-audit-force.json,a5121d3f04b140dd77b4,PASS
True,13.500826446280993,,json,,1021,0.002268074438285346,254.38889997894876,0.0038951235186874666,148.12699999311008,10.193800029810518,1.792600000044331,772,75.61214495592556,D_ai_top2,1.0790999804157764,,,,605,332.25390625,,0.5925563173359452,,"{""deflate|9|identity"": 1}",,,lt_16KiB,C:\Users\ss\Desktop\XAI\XAI\apps\web_angular\package.after-audit-force.json,a5121d3f04b140dd77b4,PASS
True,13.659504132231405,,json,,1033,0.0017400412243307381,331.5858000132721,0.008434278418602986,68.4080999926664,10.645200003637001,1.880900003015995,784,75.89545014520813,E_confidence_adaptive,1.1839999933727086,,,,605,332.25390625,,0.5856727976766699,,"{""deflate|9|identity"": 1}",,,lt_16KiB,C:\Users\ss\Desktop\XAI\XAI\apps\web_angular\package.after-audit-force.json,a5121d3f04b140dd77b4,PASS
True,4.191735537190083,235.4870999988634,json,1,317,0.0021171773563336536,272.5198999978602,0.013121073420589118,43.97299999254756,10.173200018471107,1.3173000188544393,68,21.451104100946374,F_compact_xaic,0.8273999847006053,,,,605,332.25390625,requested_chunking,1.9085173501577286,confidence,"[""deflate|9|identity""]",249.96670000837184,0.7071236681343398,lt_16KiB,C:\Users\ss\Desktop\XAI\XAI\apps\web_angular\package.after-audit-force.json,a5121d3f04b140dd77b4,PASS
True,4.178512396694215,122.39729997236282,json,1,316,0.0038270297898157536,150.76260000932962,0.06687138079907297,8.628100011264905,5.941500014159828,0.6352000054903328,67,21.20253164556962,G_compact_adaptive,0.5416000203695148,,,,605,332.25390625,whole_file,1.9145569620253164,confidence,"[""deflate|9|identity""]",131.07179998769425,0.7071236681343398,lt_16KiB,C:\Users\ss\Desktop\XAI\XAI\apps\web_angular\package.after-audit-force.json,a5121d3f04b140dd77b4,PASS
True,4.178512396694215,54.42530001164414,json,1,316,0.008869520643785541,65.05120001384057,0.11811840265461349,4.884699999820441,2.3944999848026782,0.4202999989502132,67,21.20253164556962,H_full_v2,0.3547999949660152,N/A,N/A,N/A,605,288.3828125,whole_file,1.9145569620253164,confidence,"[""deflate|9|identity""]",58.1442000111565,0.7071236681343398,lt_16KiB,C:\Users\ss\Desktop\XAI\XAI\apps\web_angular\package.after-audit-force.json,a5121d3f04b140dd77b4,PASS
True,3.155509783728115,,json,,383,0.2651598533482968,3.4923000202979892,28.58080852994148,0.03239998477511108,,,,,A_fixed_best,,,,,971,288.3828125,,2.535248041775457,,brotli-11,,,lt_16KiB,C:\Users\ss\Desktop\XAI\XAI\engines\XAI-Compress\results\hybrid_ai\baseline_integrity.json,4416f13ac2189fe77572,PASS
True,9.639546858908341,5.386199976783246,json,,1170,0.04327873405990051,21.396600001025945,0.05579394958701235,16.59710000967607,3.0919999990146607,1.784299995051697,764,65.2991452991453,B_hybrid_v1,4.078300000401214,,,,971,288.3828125,,0.82991452991453,,"{""brotli"": 1}",8.954599994467571,N/A,lt_16KiB,C:\Users\ss\Desktop\XAI\XAI\engines\XAI-Compress\results\hybrid_ai\baseline_integrity.json,4416f13ac2189fe77572,PASS
True,9.713697219361483,,json,,1179,0.005968397498023154,155.15350000350736,0.016277938918028922,56.88789999112487,9.1194000269752,1.2580999755300581,755,64.0373197625106,C_ai_only,0.0,,,,971,332.25390625,,0.823579304495335,,"{""deflate|9|identity"": 1}",,,lt_16KiB,C:\Users\ss\Desktop\XAI\XAI\engines\XAI-Compress\results\hybrid_ai\baseline_integrity.json,4416f13ac2189fe77572,PASS
True,9.853759011328528,,json,,1196,0.007375131004526795,125.55949998204596,0.019659004782605075,47.103999997489154,9.402499999850988,0.6384000007528812,771,64.4648829431438,D_ai_top2,0.457199988886714,,,,971,332.25390625,,0.8118729096989966,,"{""deflate|6|identity"": 1}",,,lt_16KiB,C:\Users\ss\Desktop\XAI\XAI\engines\XAI-Compress\results\hybrid_ai\baseline_integrity.json,4416f13ac2189fe77572,PASS
True,9.952626158599383,,json,,1208,0.0064475679430448666,143.62280000932515,0.024056470862313807,38.49350000382401,6.124399980762973,2.4333999899681658,783,64.81788079470199,E_confidence_adaptive,5.507800000486895,,,,971,332.25390625,,0.8038079470198676,,"{""deflate|6|identity"": 1}",,,lt_16KiB,C:\Users\ss\Desktop\XAI\XAI\engines\XAI-Compress\results\hybrid_ai\baseline_integrity.json,4416f13ac2189fe77572,PASS
True,4.061791967044284,130.32229998498224,json,1,493,0.0057192375235441215,161.91279998747632,0.03193296830273731,28.998800000408664,5.740599997807294,1.3141999952495098,68,13.793103448275861,F_compact_xaic,2.6259000005666167,,,,971,332.25390625,requested_chunking,1.9695740365111563,confidence,"[""deflate|6|identity""]",141.81030000327155,0.620328664444165,lt_16KiB,C:\Users\ss\Desktop\XAI\XAI\engines\XAI-Compress\results\hybrid_ai\baseline_integrity.json,4416f13ac2189fe77572,PASS
True,4.053553038105046,150.0518999819178,json,1,492,0.004810696796028678,192.49139999737963,0.013714514911930575,67.52099998993799,9.520600026007742,1.410199998645112,67,13.617886178861788,G_compact_adaptive,3.0845000001136214,,,,971,332.25390625,whole_file,1.9735772357723578,confidence,"[""deflate|6|identity""]",165.42100001242943,0.620328664444165,lt_16KiB,C:\Users\ss\Desktop\XAI\XAI\engines\XAI-Compress\results\hybrid_ai\baseline_integrity.json,4416f13ac2189fe77572,PASS
True,4.053553038105046,145.1472000044305,json,1,492,0.005464408331107474,169.46350000216626,0.11074118138712385,8.362000022316352,3.430799988564104,1.3211000186856836,67,13.617886178861788,H_full_v2,4.5335000031627715,N/A,N/A,N/A,971,288.3828125,whole_file,1.9735772357723578,confidence,"[""deflate|6|identity""]",155.95690000918694,0.620328664444165,lt_16KiB,C:\Users\ss\Desktop\XAI\XAI\engines\XAI-Compress\results\hybrid_ai\baseline_integrity.json,4416f13ac2189fe77572,PASS
True,2.8878048780487804,,json,,370,0.20935858532608073,4.6691000170540065,18.4089685843041,0.053099996875971556,,,,,A_fixed_best,,,,,1025,288.3828125,,2.77027027027027,,brotli-11,,,lt_16KiB,C:\Users\ss\Desktop\XAI\XAI\engines\XAI-Compress\checkpoints\kaggle\best.summary.json,0b56a8336d926b137c46,PASS
True,9.147317073170731,7.29389998014085,json,,1172,0.03376135606462342,28.95369997713715,0.03318023184789744,29.460799996741116,6.1206000100355595,2.6661000156309456,766,65.35836177474403,B_hybrid_v1,4.574299993691966,,,,1025,288.3828125,,0.8745733788395904,,"{""brotli"": 1}",13.361000019358471,N/A,lt_16KiB,C:\Users\ss\Desktop\XAI\XAI\engines\XAI-Compress\checkpoints\kaggle\best.summary.json,0b56a8336d926b137c46,PASS
True,9.256585365853658,,json,,1186,0.0032700318310404305,298.93170000286773,0.018558660049538205,52.671699988422915,14.72430001012981,1.6593000036664307,758,63.91231028667791,C_ai_only,0.0,,,,1025,332.25390625,,0.8642495784148398,,"{""deflate|9|identity"": 1}",,,lt_16KiB,C:\Users\ss\Desktop\XAI\XAI\engines\XAI-Compress\checkpoints\kaggle\best.summary.json,0b56a8336d926b137c46,PASS
True,9.44390243902439,,json,,1210,0.004541534136846204,215.23919998435304,0.030184412885188732,32.38479999708943,18.073099985485896,1.2393999786581844,774,63.96694214876033,D_ai_top2,0.6445999897550792,,,,1025,332.25390625,,0.8471074380165289,,"{""deflate|6|identity"": 1}",,,lt_16KiB,C:\Users\ss\Desktop\XAI\XAI\engines\XAI-Compress\checkpoints\kaggle\best.summary.json,0b56a8336d926b137c46,PASS
True,9.537560975609756,,json,,1222,0.006002035895178959,162.8641000133939,0.027596690563640846,35.421499982476234,10.061799985123798,0.9114000131376088,786,64.32078559738135,E_confidence_adaptive,0.5834999901708215,,,,1025,332.25390625,,0.8387888707037643,,"{""deflate|6|identity"": 1}",,,lt_16KiB,C:\Users\ss\Desktop\XAI\XAI\engines\XAI-Compress\checkpoints\kaggle\best.summary.json,0b56a8336d926b137c46,PASS
True,3.933658536585366,164.50039998744614,json,1,504,0.005030505066477,194.31769999209791,0.026959641849916824,36.258500011172146,11.687299993354827,1.2509000080171973,68,13.492063492063492,F_compact_xaic,0.7110000005923212,,,,1025,332.25390625,requested_chunking,2.0337301587301586,confidence,"[""deflate|6|identity""]",180.34479999914765,0.711012616595954,lt_16KiB,C:\Users\ss\Desktop\XAI\XAI\engines\XAI-Compress\checkpoints\kaggle\best.summary.json,0b56a8336d926b137c46,PASS
True,3.9258536585365853,182.53510000067763,json,1,503,0.0046850328467716775,208.64659998915158,0.08768140779617647,11.148499994305894,5.248000030405819,1.5626999957021326,67,13.320079522862823,G_compact_adaptive,0.8720999758224934,,,,1025,332.25390625,whole_file,2.0377733598409544,confidence,"[""deflate|6|identity""]",191.51720000081696,0.711012616595954,lt_16KiB,C:\Users\ss\Desktop\XAI\XAI\engines\XAI-Compress\checkpoints\kaggle\best.summary.json,0b56a8336d926b137c46,PASS
True,3.9258536585365853,61.89799998537637,json,1,503,0.013032888655866541,75.00380001147278,0.17712476894602514,5.518799996934831,4.074099997524172,0.4515000036917627,67,13.320079522862823,H_full_v2,0.3412999794818461,N/A,N/A,N/A,1025,288.3828125,whole_file,2.0377733598409544,confidence,"[""deflate|6|identity""]",67.37559998873621,0.711012616595954,lt_16KiB,C:\Users\ss\Desktop\XAI\XAI\engines\XAI-Compress\checkpoints\kaggle\best.summary.json,0b56a8336d926b137c46,PASS
True,5.734820322180917,,json,,1157,0.36472924155260666,4.220200004056096,31.93422778267538,0.048200017772614956,,,,,A_fixed_best,,,,,1614,288.3828125,,1.3949870354364737,,brotli-11,,,lt_16KiB,C:\Users\ss\Desktop\XAI\XAI\apps\admin_dotnet\obj\Debug\net8.0\rjsmcshtml.dswa.cache.json,d3bde520fa745484d111,PASS
True,9.586121437422552,6.476900016423315,json,,1934,0.03980682345433329,38.667500019073486,0.073435511272502,20.96029999665916,4.3428999779280275,4.597499995725229,766,39.60703205791106,B_hybrid_v1,12.029999983496964,,,,1614,288.3828125,,0.8345398138572906,,"{""brotli"": 1}",20.97039995715022,N/A,lt_16KiB,C:\Users\ss\Desktop\XAI\XAI\apps\admin_dotnet\obj\Debug\net8.0\rjsmcshtml.dswa.cache.json,d3bde520fa745484d111,PASS
True,9.62081784386617,,json,,1941,0.007525724183127185,204.5292000111658,0.030416205865075513,50.60559997218661,13.538999977754429,1.8402000132482499,759,39.10355486862442,C_ai_only,0.0,,,,1614,332.25390625,,0.8315301391035549,,"{""deflate|9|identity"": 1}",,,lt_16KiB,C:\Users\ss\Desktop\XAI\XAI\apps\admin_dotnet\obj\Debug\net8.0\rjsmcshtml.dswa.cache.json,d3bde520fa745484d111,PASS
True,9.705080545229244,,json,,1958,0.005263546034731102,292.43219998897985,0.029526313553719576,52.130800002487376,19.371200032765046,1.9604999979492277,774,39.530132788559754,D_ai_top2,1.1621000012382865,,,,1614,332.25390625,,0.8243105209397344,,"{""deflate|6|identity"": 1}",,,lt_16KiB,C:\Users\ss\Desktop\XAI\XAI\apps\admin_dotnet\obj\Debug\net8.0\rjsmcshtml.dswa.cache.json,d3bde520fa745484d111,PASS
True,9.749690210656754,,json,,1967,0.005123113890181554,300.44819999602623,0.02307802393320444,66.69680000049993,16.64150002761744,2.194100001361221,783,39.806812404677174,E_confidence_adaptive,2.274099999340251,,,,1614,332.25390625,,0.820538891713269,,"{""deflate|6|identity"": 1}",,,lt_16KiB,C:\Users\ss\Desktop\XAI\XAI\apps\admin_dotnet\obj\Debug\net8.0\rjsmcshtml.dswa.cache.json,d3bde520fa745484d111,PASS
True,6.205700123915737,206.99840001179837,json,1,1252,0.006228325400339411,247.1339000039734,0.05199136468101403,29.60549999261275,15.820200031157583,1.4936999941710383,68,5.431309904153355,F_compact_xaic,1.0258000111207366,,,,1614,332.25390625,requested_chunking,1.2891373801916932,confidence,"[""deflate|6|identity""]",227.49710001517087,0.5640291217092533,lt_16KiB,C:\Users\ss\Desktop\XAI\XAI\apps\admin_dotnet\obj\Debug\net8.0\rjsmcshtml.dswa.cache.json,d3bde520fa745484d111,PASS
True,6.200743494423792,177.92370001552626,json,1,1251,0.007613616326010368,202.1680999896489,0.17198296559463142,8.949900016887113,8.009699988178909,1.1811000003945082,67,5.355715427657874,G_compact_adaptive,1.2778999807778746,,,,1614,332.25390625,whole_file,1.290167865707434,confidence,"[""deflate|6|identity""]",189.59289998747408,0.5640291217092533,lt_16KiB,C:\Users\ss\Desktop\XAI\XAI\apps\admin_dotnet\obj\Debug\net8.0\rjsmcshtml.dswa.cache.json,d3bde520fa745484d111,PASS
True,6.200743494423792,61.48309999844059,json,1,1251,0.020474968758490062,75.17620001453906,0.11193995477094783,13.750499987509102,7.172199955675751,0.3436999977566302,67,5.355715427657874,H_full_v2,0.4495000175666064,N/A,N/A,N/A,1614,288.3828125,whole_file,1.290167865707434,confidence,"[""deflate|6|identity""]",70.11359999887645,0.5640291217092533,lt_16KiB,C:\Users\ss\Desktop\XAI\XAI\apps\admin_dotnet\obj\Debug\net8.0\rjsmcshtml.dswa.cache.json,d3bde520fa745484d111,PASS
True,2.937354988399072,,json,,633,0.19573962137952503,8.399599988479167,27.866694553734565,0.058999983593821526,,,,,A_fixed_best,,,,,1724,288.3828125,,2.7235387045813586,,brotli-11,,,lt_16KiB,C:\Users\ss\Desktop\XAI\XAI\engines\XAI-Compress\notebooks\06_model_architecture.ipynb,2aaa61682ef5b2eeabcd,PASS
True,6.844547563805104,8.192999986931682,json,,1475,0.055963297425555746,29.3787999835331,0.10127473285980795,16.234399983659387,5.530499998712912,2.3920000239741057,764,51.79661016949152,B_hybrid_v1,5.17230000696145,,,,1724,288.3828125,,1.168813559322034,,"{""brotli"": 1}",13.094800029648468,N/A,lt_16KiB,C:\Users\ss\Desktop\XAI\XAI\engines\XAI-Compress\notebooks\06_model_architecture.ipynb,2aaa61682ef5b2eeabcd,PASS
True,7.127610208816705,,json,,1536,0.009948792847977977,165.25970000657253,0.04294079988053568,38.288399984594434,13.050700013991445,1.6685000155121088,759,49.4140625,C_ai_only,0.0,,,,1724,332.25390625,,1.1223958333333333,,"{""deflate|9|identity"": 1}",,,lt_16KiB,C:\Users\ss\Desktop\XAI\XAI\engines\XAI-Compress\notebooks\06_model_architecture.ipynb,2aaa61682ef5b2eeabcd,PASS
True,7.183294663573085,,json,,1548,0.007927979530847524,207.38380000693724,0.03936491017838385,41.76650001318194,13.238899991847575,0.9564000065438449,774,50.0,D_ai_top2,0.7694000087212771,,,,1724,332.25390625,,1.1136950904392764,,"{""deflate|6|identity"": 1}",,,lt_16KiB,C:\Users\ss\Desktop\XAI\XAI\engines\XAI-Compress\notebooks\06_model_architecture.ipynb,2aaa61682ef5b2eeabcd,PASS
True,7.229698375870069,,json,,1558,0.007120603459089112,230.89819998131134,0.03505288460738086,46.90440002013929,8.313800004543737,1.7180999857373536,784,50.3209242618742,E_confidence_adaptive,1.951000012923032,,,,1724,332.25390625,,1.1065468549422337,,"{""deflate|6|identity"": 1}",,,lt_16KiB,C:\Users\ss\Desktop\XAI\XAI\engines\XAI-Compress\notebooks\06_model_architecture.ipynb,2aaa61682ef5b2eeabcd,PASS
True,3.9071925754060324,237.484100041911,json,1,842,0.005826927208612699,282.1614999847952,0.03068365429156045,53.58340000384487,17.254999984288588,1.0179999808315188,68,8.076009501187649,F_compact_xaic,1.5270999865606427,,,,1724,332.25390625,requested_chunking,2.0475059382422804,confidence,"[""deflate|6|identity""]",259.97559999814257,0.6154427122434402,lt_16KiB,C:\Users\ss\Desktop\XAI\XAI\engines\XAI-Compress\notebooks\06_model_architecture.ipynb,2aaa61682ef5b2eeabcd,PASS
True,3.902552204176334,252.68480001250282,json,1,841,0.005675654990785799,289.68190000159666,0.04502270181104433,36.517899978207424,15.620399994077161,1.5856999962124974,67,7.966706302021403,G_compact_adaptive,1.8446999893058091,,,,1724,332.25390625,whole_file,2.0499405469678953,confidence,"[""deflate|6|identity""]",273.43599998857826,0.6154427122434402,lt_16KiB,C:\Users\ss\Desktop\XAI\XAI\engines\XAI-Compress\notebooks\06_model_architecture.ipynb,2aaa61682ef5b2eeabcd,PASS
True,3.902552204176334,51.09049996826798,json,1,841,0.02525478552354473,65.10189999244176,0.3633687368295631,4.524699994362891,5.550600006245077,0.48740001511760056,67,7.966706302021403,H_full_v2,0.5443000118248165,N/A,N/A,N/A,1724,288.3828125,whole_file,2.0499405469678953,confidence,"[""deflate|6|identity""]",58.36510000517592,0.6154427122434402,lt_16KiB,C:\Users\ss\Desktop\XAI\XAI\engines\XAI-Compress\notebooks\06_model_architecture.ipynb,2aaa61682ef5b2eeabcd,PASS
True,1.6184748616790956,,json,,841,0.3074793986502552,12.893300008727238,86.1831314202416,0.04600000102072954,,,,,A_fixed_best,,,,,4157,288.3828125,,4.942925089179548,,brotli-11,,,lt_16KiB,C:\Users\ss\Desktop\XAI\XAI\apps\admin_dotnet\obj\Debug\net8.0\staticwebassets.build.json,5b2a797175be2fc16d7c,PASS
True,3.2157806110175606,5.027300037909299,json,,1671,0.1524473616732298,26.00520002306439,0.23778507663915585,16.67230000020936,7.62000001850538,1.9432999833952636,764,45.72112507480551,B_hybrid_v1,4.899000021396205,,,,4157,288.3828125,,2.4877318970676243,,"{""brotli"": 1}",14.462300023296848,N/A,lt_16KiB,C:\Users\ss\Desktop\XAI\XAI\apps\admin_dotnet\obj\Debug\net8.0\staticwebassets.build.json,5b2a797175be2fc16d7c,PASS
True,3.273514553764734,,json,,1701,0.02087235494897553,189.93660001433454,0.10850793286332487,36.535799998091534,16.722500004107133,1.1882999970111996,759,44.620811287477956,C_ai_only,0.0,,,,4157,332.25390625,,2.4438565549676663,,"{""deflate|6|identity"": 1}",,,lt_16KiB,C:\Users\ss\Desktop\XAI\XAI\apps\admin_dotnet\obj\Debug\net8.0\staticwebassets.build.json,5b2a797175be2fc16d7c,PASS
True,3.3004570603800816,,json,,1715,0.012623311313733069,314.0558000013698,0.07203145741358716,55.03739998675883,25.639700004830956,2.507500001229346,773,45.072886297376094,D_ai_top2,1.6536999901290983,,,,4157,332.25390625,,2.4239067055393586,,"{""deflate|6|identity"": 1}",,,lt_16KiB,C:\Users\ss\Desktop\XAI\XAI\apps\admin_dotnet\obj\Debug\net8.0\staticwebassets.build.json,5b2a797175be2fc16d7c,PASS
True,3.3254751022371902,,json,,1728,0.016835602612847236,235.47859999234788,0.09489739619117922,41.775899997446686,34.935500007122755,0.8539999835193157,786,45.486111111111114,E_confidence_adaptive,2.4438999826088548,,,,4157,332.25390625,,2.4056712962962963,,"{""deflate|6|identity"": 1}",,,lt_16KiB,C:\Users\ss\Desktop\XAI\XAI\apps\admin_dotnet\obj\Debug\net8.0\staticwebassets.build.json,5b2a797175be2fc16d7c,PASS
True,1.9437094058215059,284.4041000062134,json,1,1010,0.011250241236173446,352.3857000109274,0.0755020546414688,52.507499989587814,35.54920002352446,1.9379000004846603,68,6.732673267326732,F_compact_xaic,2.8547999972943217,,,,4157,332.25390625,requested_chunking,4.1158415841584155,confidence,"[""deflate|6|identity""]",328.3159999991767,0.38148509848445084,lt_16KiB,C:\Users\ss\Desktop\XAI\XAI\apps\admin_dotnet\obj\Debug\net8.0\staticwebassets.build.json,5b2a797175be2fc16d7c,PASS
True,1.9417849410632668,194.05409999308176,json,1,1009,0.015306922836569667,258.9954999857582,0.09624374284160779,41.19150000042282,42.144899955019355,1.2024999887216836,67,6.640237859266601,G_compact_adaptive,1.687199983280152,,,,4157,332.25390625,whole_file,4.1199207135778,confidence,"[""deflate|6|identity""]",240.80560001311824,0.38148509848445084,lt_16KiB,C:\Users\ss\Desktop\XAI\XAI\apps\admin_dotnet\obj\Debug\net8.0\staticwebassets.build.json,5b2a797175be2fc16d7c,PASS
True,1.9417849410632668,68.60640001832508,json,1,1009,0.04644118783208289,85.36439997260459,0.7483434258586017,5.297600000631064,8.117499994114041,0.4386999935377389,67,6.640237859266601,H_full_v2,0.6334999925456941,N/A,N/A,N/A,4157,288.3828125,whole_file,4.1199207135778,confidence,"[""deflate|6|identity""]",78.42190001974814,0.38148509848445084,lt_16KiB,C:\Users\ss\Desktop\XAI\XAI\apps\admin_dotnet\obj\Debug\net8.0\staticwebassets.build.json,5b2a797175be2fc16d7c,PASS
True,0.862490788504053,,json,,2926,0.2994347542227787,86.43860000302084,227.44044327847251,0.11379999341443181,,,,,A_fixed_best,,,,,27140,288.3828125,,9.275461380724538,,brotli-11,,,16_64KiB,C:\Users\ss\Desktop\XAI\XAI\engines\XAI-Compress\results\final\lossless_benchmark.json,1f2e48d06ee45b484a60,PASS
True,1.2400884303610906,5.248099972959608,json,,4207,0.4029680890152786,64.23019999056123,1.2506086149529114,20.696099993074313,40.915300021879375,1.7850000003818423,767,18.231518897076302,B_hybrid_v1,7.715899992035702,,,,27140,288.3828125,,6.451152840503922,,"{""brotli"": 1}",50.41620001429692,N/A,16_64KiB,C:\Users\ss\Desktop\XAI\XAI\engines\XAI-Compress\results\final\lossless_benchmark.json,1f2e48d06ee45b484a60,PASS
True,1.2477523949889462,,json,,4233,0.09492550688263383,272.6635000144597,0.8551804655676265,30.265800014603883,132.23909997032024,0.6624000088777393,737,17.410819749586583,C_ai_only,0.0,,,,27140,332.25390625,,6.41152846680841,,"{""zstd|9|identity"": 1}",,,16_64KiB,C:\Users\ss\Desktop\XAI\XAI\engines\XAI-Compress\results\final\lossless_benchmark.json,1f2e48d06ee45b484a60,PASS
True,1.307295504789978,,json,,4435,0.11886903023432377,217.74150000419468,0.6196767616813408,41.7680999962613,80.02009996562265,0.762099982239306,750,16.910935738444195,D_ai_top2,2.2268999891821295,,,,27140,332.25390625,,6.119503945885006,,"{""zstd|6|identity"": 1}",,,16_64KiB,C:\Users\ss\Desktop\XAI\XAI\engines\XAI-Compress\results\final\lossless_benchmark.json,1f2e48d06ee45b484a60,PASS
True,1.2554163596168018,,json,,4259,0.11976015758928601,216.12130000721663,0.6916740857891782,37.4203999817837,81.12220000475645,1.3504000089596957,763,17.915003521953512,E_confidence_adaptive,2.6664000179152936,,,,27140,332.25390625,,6.372387884479925,,"{""zstd|9|identity"": 1}",,,16_64KiB,C:\Users\ss\Desktop\XAI\XAI\engines\XAI-Compress\results\final\lossless_benchmark.json,1f2e48d06ee45b484a60,PASS
True,1.051436993367723,116.47879998781718,json,1,3567,0.11355312831450963,227.93490000185557,0.6172443212197722,41.9326999981422,88.59420000226237,0.7372999971266836,71,1.9904681805438744,F_compact_xaic,3.014299989445135,,,,27140,332.25390625,requested_chunking,7.6086347070367255,confidence,"[""zstd|9|identity""]",210.8169999846723,0.3273890225521888,16_64KiB,C:\Users\ss\Desktop\XAI\XAI\engines\XAI-Compress\results\final\lossless_benchmark.json,1f2e48d06ee45b484a60,PASS
True,1.051436993367723,312.87729999166913,json,1,3567,0.0441676366944819,586.0110000066925,0.5826830081316717,44.41989999031648,199.36289999168366,2.1209999977145344,71,1.9904681805438744,G_compact_adaptive,7.1712000062689185,,,,27140,332.25390625,whole_file,7.6086347070367255,confidence,"[""zstd|9|identity""]",528.4040999831632,0.3273890225521888,16_64KiB,C:\Users\ss\Desktop\XAI\XAI\engines\XAI-Compress\results\final\lossless_benchmark.json,1f2e48d06ee45b484a60,PASS
True,1.1071481208548268,81.31350003532134,json,1,3756,0.19941584501831405,129.79269999777898,4.153663105627227,6.231300008948892,34.47519999463111,0.7581999816466123,71,1.8903088391906284,H_full_v2,2.325400011613965,N/A,N/A,N/A,27140,288.3828125,whole_file,7.225772097976571,confidence,"[""zstd|6|identity""]",119.81549998745322,0.3244866656810114,16_64KiB,C:\Users\ss\Desktop\XAI\XAI\engines\XAI-Compress\results\final\lossless_benchmark.json,1f2e48d06ee45b484a60,PASS
True,0.671134162574012,,json,,7311,0.2534539954829308,327.9127999849152,400.7271276035929,0.20740000763908029,,,,,A_fixed_best,,,,,87148,288.3828125,,11.92012036657092,,brotli-11,,,64KiB_1MiB,C:\Users\ss\Desktop\XAI\XAI\apps\admin_dotnet\obj\project.assets.json,d27dc1d6d4717d80c545,PASS
True,0.8045164547666039,5.395400017732754,json,,8764,0.5218558153183465,159.2600999865681,2.9371098250117385,28.296800010139123,119.92930000997148,1.836099982028827,766,8.740301232314012,B_hybrid_v1,14.90790001116693,,,,87148,288.3828125,,9.943861250570516,,"{""brotli"": 1}",136.67330000316724,N/A,64KiB_1MiB,C:\Users\ss\Desktop\XAI\XAI\apps\admin_dotnet\obj\project.assets.json,d27dc1d6d4717d80c545,PASS
True,0.9291779501537614,,json,,10122,0.09145595485922726,908.7522999907378,2.176045906996155,38.193499989574775,634.9756000272464,2.5430000096093863,1183,11.687413554633471,C_ai_only,0.0,,,,87148,332.25390625,,8.609760916814858,,"{""deflate|6|identity"": 1, ""zstd|9|identity"": 1}",,,64KiB_1MiB,C:\Users\ss\Desktop\XAI\XAI\apps\admin_dotnet\obj\project.assets.json,d27dc1d6d4717d80c545,PASS
True,0.9316564924037269,,json,,10149,0.11342625615186168,732.729899988044,1.4063670751291117,59.096100012538955,477.315299998736,3.401599999051541,1210,11.922356882451473,D_ai_top2,12.212999979965389,,,,87148,332.25390625,,8.586855847866785,,"{""deflate|6|identity"": 1, ""zstd|9|identity"": 1}",,,64KiB_1MiB,C:\Users\ss\Desktop\XAI\XAI\apps\admin_dotnet\obj\project.assets.json,d27dc1d6d4717d80c545,PASS
True,0.9373479597925368,,json,,10211,0.0869498358711105,955.8477999817114,2.0592626099429476,40.359500009799376,629.0313999925274,2.9073000187054276,1228,12.02624620507296,E_confidence_adaptive,19.160599971655756,,,,87148,332.25390625,,8.534717461561062,,"{""deflate|6|identity"": 1, ""zstd|6|identity"": 1}",,,64KiB_1MiB,C:\Users\ss\Desktop\XAI\XAI\apps\admin_dotnet\obj\project.assets.json,d27dc1d6d4717d80c545,PASS
True,0.8082801670721073,149.09689998603426,json,2,8805,0.14138617549476917,587.8284000209533,2.301479825881629,36.111900000832975,397.0256999891717,1.5156999870669097,88,0.9994321408290744,F_compact_xaic,10.532099986448884,,,,87148,332.25390625,requested_chunking,9.89755820556502,confidence,"[""zstd|9|identity"", ""zstd|6|identity""]",562.5104999926407,0.3015919738708991,64KiB_1MiB,C:\Users\ss\Desktop\XAI\XAI\apps\admin_dotnet\obj\project.assets.json,d27dc1d6d4717d80c545,PASS
True,0.7528342589617661,234.0624999778811,json,1,8201,0.11041570866957304,752.708200016059,1.5129927388424156,54.931399994529784,474.55579999950714,1.9272000063210726,71,0.8657480795024997,G_compact_adaptive,13.840900006471202,,,,87148,332.25390625,whole_file,10.626508962321669,confidence,"[""zstd|9|identity""]",727.4778999853879,0.29130422571751735,64KiB_1MiB,C:\Users\ss\Desktop\XAI\XAI\apps\admin_dotnet\obj\project.assets.json,d27dc1d6d4717d80c545,PASS
True,0.8021297103777482,133.14010002068244,json,1,8738,0.3911564456918457,212.47459997539409,3.884063823260194,21.397900010924786,60.53220000467263,0.8724999788682908,71,0.8125429159990845,H_full_v2,1.5536000137217343,N/A,N/A,N/A,87148,288.3828125,whole_file,9.973449301899748,confidence,"[""deflate|6|identity""]",197.86240000394173,0.40687571717773513,64KiB_1MiB,C:\Users\ss\Desktop\XAI\XAI\apps\admin_dotnet\obj\project.assets.json,d27dc1d6d4717d80c545,PASS
True,1.5108271210507633,,logs,,532,0.20129329282272854,13.346200023079291,56.20292304657342,0.04780001472681761,,,,,A_fixed_best,,,,,2817,288.3828125,,5.295112781954887,,brotli-11,,,lt_16KiB,C:\Users\ss\Desktop\XAI\XAI\engines\XAI-Compress\phase_g_run.log,cd260a4c13627b0f1896,PASS
True,3.845225417110401,8.721499994862825,logs,,1354,0.07043935238348667,38.13920001266524,0.012982421662173508,206.93369998480193,12.358500011032447,2.761999989161268,765,56.49926144756278,B_hybrid_v1,5.307399987941608,,,,2817,288.3828125,,2.0805022156573116,,"{""brotli"": 1}",20.427899988135323,N/A,lt_16KiB,C:\Users\ss\Desktop\XAI\XAI\engines\XAI-Compress\phase_g_run.log,cd260a4c13627b0f1896,PASS
True,3.9247426340078095,,logs,,1382,0.01458581795860042,184.18579999706708,0.0688040052580887,39.045700017595664,23.220799979753792,1.0039000189863145,736,53.2561505065123,C_ai_only,0.0,,,,2817,332.25390625,,2.0383502170767005,,"{""zstd|6|identity"": 1}",,,lt_16KiB,C:\Users\ss\Desktop\XAI\XAI\engines\XAI-Compress\phase_g_run.log,cd260a4c13627b0f1896,PASS
True,4.026979055733049,,logs,,1418,0.018453508702998413,145.58209999813698,0.06464149539256776,41.5600000123959,15.59519997681491,0.7737000123597682,773,54.51339915373766,D_ai_top2,0.6657999765593559,,,,2817,332.25390625,,1.9866008462623412,,"{""deflate|6|identity"": 1}",,,lt_16KiB,C:\Users\ss\Desktop\XAI\XAI\engines\XAI-Compress\phase_g_run.log,cd260a4c13627b0f1896,PASS
True,4.046858359957401,,logs,,1425,0.01216228578130724,220.8878000092227,0.08299788837608199,32.36829998786561,14.448900008574128,1.5149000100791454,786,55.1578947368421,E_confidence_adaptive,1.0303999879397452,,,,2817,332.25390625,,1.976842105263158,,"{""deflate|9|identity"": 1}",,,lt_16KiB,C:\Users\ss\Desktop\XAI\XAI\engines\XAI-Compress\phase_g_run.log,cd260a4c13627b0f1896,PASS
True,2.0078097266595667,168.3552000031341,logs,1,707,0.013578210523940875,197.85379999666475,0.06313052494601994,42.55469999043271,13.682100019650534,0.9710000013001263,68,9.618104667609618,F_compact_xaic,1.132799981860444,,,,2817,332.25390625,requested_chunking,3.9844413012729842,confidence,"[""deflate|9|identity""]",186.16270000347868,0.3167826701746227,lt_16KiB,C:\Users\ss\Desktop\XAI\XAI\engines\XAI-Compress\phase_g_run.log,cd260a4c13627b0f1896,PASS
True,2.004969826056088,188.40610000188462,logs,1,706,0.012052703252337062,222.89609999279492,0.2164856679184375,12.409600021783262,11.53439999325201,1.883699995232746,67,9.490084985835693,G_compact_adaptive,1.703600020846352,,,,2817,332.25390625,whole_file,3.990084985835694,confidence,"[""deflate|9|identity""]",205.30940001481213,0.3167826701746227,lt_16KiB,C:\Users\ss\Desktop\XAI\XAI\engines\XAI-Compress\phase_g_run.log,cd260a4c13627b0f1896,PASS
True,2.004969826056088,78.97590001812205,logs,1,706,0.02882913442397678,93.18699999130331,0.13581217086673641,19.78099998086691,6.060900021111593,0.6142999918665737,67,9.490084985835693,H_full_v2,0.5600000149570405,N/A,N/A,N/A,2817,288.3828125,whole_file,3.990084985835694,confidence,"[""deflate|9|identity""]",86.89369997591712,0.3167826701746227,lt_16KiB,C:\Users\ss\Desktop\XAI\XAI\engines\XAI-Compress\phase_g_run.log,cd260a4c13627b0f1896,PASS
True,0.4686872293889211,,logs,,2625,0.20009670604109075,213.54840000276454,388.8110483338122,0.10989999282173812,,,,,A_fixed_best,,,,,44806,288.3828125,,17.068952380952382,,brotli-11,,,16_64KiB,C:\Users\ss\Desktop\XAI\XAI\engines\XAI-Compress\results\model_search\imports\candidate_b_20260830-183205\watch.log,1dfa898e4b00116e4cab,PASS
True,0.6634825692987546,15.700899995863438,logs,,3716,0.17582798133640987,243.0234999919776,1.8164337062632019,23.524299991549924,197.3983999923803,5.122400005348027,765,20.58665231431647,B_hybrid_v1,9.666900004958734,,,,44806,288.3828125,,12.057588805166846,,"{""brotli"": 1}",212.18770000268705,N/A,16_64KiB,C:\Users\ss\Desktop\XAI\XAI\engines\XAI-Compress\results\model_search\imports\candidate_b_20260830-183205\watch.log,1dfa898e4b00116e4cab,PASS
True,0.6947283845913493,,logs,,3891,0.06989462632031568,611.3535999902524,0.49351131114632996,86.58430000650696,332.11149999988265,1.6982000088319182,737,18.941146234901055,C_ai_only,0.0,,,,44806,332.25390625,,11.515291698792085,,"{""zstd|9|identity"": 1}",,,16_64KiB,C:\Users\ss\Desktop\XAI\XAI\engines\XAI-Compress\results\model_search\imports\candidate_b_20260830-183205\watch.log,1dfa898e4b00116e4cab,PASS
True,0.697228049814757,,logs,,3905,0.0877653997895408,486.86990002170205,0.7045245759665192,60.65130000934005,222.91599996970035,1.6045999946072698,751,19.231754161331626,D_ai_top2,5.922800017287955,,,,44806,332.25390625,,11.474007682458387,,"{""zstd|9|identity"": 1}",,,16_64KiB,C:\Users\ss\Desktop\XAI\XAI\engines\XAI-Compress\results\model_search\imports\candidate_b_20260830-183205\watch.log,1dfa898e4b00116e4cab,PASS
True,0.7006204526179529,,logs,,3924,0.05996160609704763,712.628199980827,0.48365108370850735,88.34950000164099,381.3752999994904,10.113700001966208,763,19.444444444444443,E_confidence_adaptive,7.9166000068653375,,,,44806,332.25390625,,11.418450560652396,,"{""zstd|6|identity"": 1}",,,16_64KiB,C:\Users\ss\Desktop\XAI\XAI\engines\XAI-Compress\results\model_search\imports\candidate_b_20260830-183205\watch.log,1dfa898e4b00116e4cab,PASS
True,0.5770655715752354,198.61560003482737,logs,1,3232,0.07742714723869458,551.8778999976348,0.8155779608653411,52.39269998855889,322.4315000115894,1.373699982650578,71,2.1967821782178216,F_compact_xaic,3.957700013415888,,,,44806,332.25390625,requested_chunking,13.863242574257425,confidence,"[""zstd|6|identity""]",529.4233000022359,0.25348308523804847,16_64KiB,C:\Users\ss\Desktop\XAI\XAI\engines\XAI-Compress\results\model_search\imports\candidate_b_20260830-183205\watch.log,1dfa898e4b00116e4cab,PASS
True,0.5770655715752354,151.7986000108067,logs,1,3232,0.09392774152714364,454.92770001874305,4.395265467577917,9.721900016302243,274.4465000287164,1.3288999907672405,71,2.1967821782178216,G_compact_adaptive,5.275599978631362,,,,44806,332.25390625,whole_file,13.863242574257425,confidence,"[""zstd|6|identity""]",435.06020001950674,0.25348308523804847,16_64KiB,C:\Users\ss\Desktop\XAI\XAI\engines\XAI-Compress\results\model_search\imports\candidate_b_20260830-183205\watch.log,1dfa898e4b00116e4cab,PASS
True,0.5808150694103468,62.841700011631474,logs,1,3253,0.35987255418786,118.73740001465194,2.5505925118325528,16.753100004279986,40.165499987779185,0.45530000352300704,71,2.1826006762988013,H_full_v2,0.9336000075563788,N/A,N/A,N/A,44806,288.3828125,whole_file,13.773747310175223,confidence,"[""deflate|6|identity""]",105.29949999181554,0.2843045137069368,16_64KiB,C:\Users\ss\Desktop\XAI\XAI\engines\XAI-Compress\results\model_search\imports\candidate_b_20260830-183205\watch.log,1dfa898e4b00116e4cab,PASS
True,7.636363636363637,,markdown,,63,0.0573246852724255,1.0980000079143792,2.6335767987744734,0.023900007363408804,,,,,A_fixed_best,,,,,66,288.3828125,,1.0476190476190477,,brotli-11,,,lt_16KiB,C:\Users\ss\Desktop\XAI\XAI\tools\qt_inspector\README.md,aedca929aa742fd71e9b,PASS
True,101.21212121212122,8.595899969805032,markdown,,835,0.0023345327553516153,26.961499999742955,0.0022088499578747905,28.49560001050122,2.135399990947917,3.718300024047494,769,92.09580838323353,B_hybrid_v1,5.2081000176258385,,,,66,288.3828125,,0.07904191616766468,,"{""raw"": 1}",11.06180003262125,N/A,lt_16KiB,C:\Users\ss\Desktop\XAI\XAI\tools\qt_inspector\README.md,aedca929aa742fd71e9b,PASS
True,99.39393939393939,,markdown,,820,0.012274279447784102,5.127999989781529,0.0014109126150686534,44.61120002088137,0.027699978090822697,0.0,750,91.46341463414635,C_ai_only,0.0,,,,66,332.25390625,,0.08048780487804878,,"{""brotli|1|identity"": 1}",,,lt_16KiB,C:\Users\ss\Desktop\XAI\XAI\tools\qt_inspector\README.md,aedca929aa742fd71e9b,PASS
True,99.39393939393939,,markdown,,820,0.011208908506588774,5.615400004899129,0.0014843390051735125,42.404399981023744,0.023800006601959467,0.0,750,91.46341463414635,D_ai_top2,0.0,,,,66,332.25390625,,0.08048780487804878,,"{""brotli|1|identity"": 1}",,,lt_16KiB,C:\Users\ss\Desktop\XAI\XAI\tools\qt_inspector\README.md,aedca929aa742fd71e9b,PASS
True,100.72727272727273,,markdown,,831,0.013811964795369117,4.557100008241832,0.0010744140359148335,58.58309997711331,0.02239999594166875,0.0,761,91.57641395908544,E_confidence_adaptive,0.0,,,,66,332.25390625,,0.07942238267148015,,"{""brotli|1|identity"": 1}",,,lt_16KiB,C:\Users\ss\Desktop\XAI\XAI\tools\qt_inspector\README.md,aedca929aa742fd71e9b,PASS
True,16.242424242424242,0.0,markdown,1,134,0.004892690399434837,12.864599993918091,0.0014301669338435943,44.01060001691803,0.02479998511262238,0.0,64,47.76119402985075,F_compact_xaic,0.0,,,,66,332.25390625,requested_chunking,0.4925373134328358,confidence,"[""brotli|1|identity""]",1.6733999946154654,1.0,lt_16KiB,C:\Users\ss\Desktop\XAI\XAI\tools\qt_inspector\README.md,aedca929aa742fd71e9b,PASS
True,16.0,0.0,markdown,1,132,0.006091760368551548,10.332400008337572,0.005811972964541488,10.829800012288615,0.015500001609325409,0.0,62,46.96969696969697,G_compact_adaptive,0.0,,,,66,332.25390625,whole_file,0.5,confidence,"[""brotli|1|identity""]",0.5135999817866832,1.0,lt_16KiB,C:\Users\ss\Desktop\XAI\XAI\tools\qt_inspector\README.md,aedca929aa742fd71e9b,PASS
True,16.0,0.0,markdown,1,132,0.009305790381732636,6.763799989130348,0.008629945133244186,7.293500006198883,0.013499986380338669,0.0,62,46.96969696969697,H_full_v2,0.0,N/A,N/A,N/A,66,288.3828125,whole_file,0.5,confidence,"[""brotli|1|identity""]",0.4312999953981489,1.0,lt_16KiB,C:\Users\ss\Desktop\XAI\XAI\tools\qt_inspector\README.md,aedca929aa742fd71e9b,PASS
True,3.6964285714285716,,markdown,,207,0.15183953833037972,2.8138000052422285,12.277185526030781,0.03480000304989517,,,,,A_fixed_best,,,,,448,288.3828125,,2.1642512077294684,,brotli-11,,,lt_16KiB,C:\Users\ss\Desktop\XAI\XAI\engines\XAI-Compress\reports\experiment_report.md,81a445cc02e5ab1cabd2,PASS
True,18.089285714285715,5.66570000955835,markdown,,1013,0.0076160256857253,56.09830000321381,0.017217459553807025,24.814700009301305,2.9992999916430563,2.198900008806959,764,75.41954590325766,B_hybrid_v1,5.262899998342618,,,,448,288.3828125,,0.4422507403751234,,"{""brotli"": 1}",10.461099998792633,N/A,lt_16KiB,C:\Users\ss\Desktop\XAI\XAI\engines\XAI-Compress\reports\experiment_report.md,81a445cc02e5ab1cabd2,PASS
True,18.017857142857142,,markdown,,1009,0.0020096373813071945,212.5985999882687,0.010568649076766187,40.42579999077134,7.008299988228828,1.7305999936070293,738,73.14172447968285,C_ai_only,0.0,,,,448,332.25390625,,0.44400396432111,,"{""brotli|4|identity"": 1}",,,lt_16KiB,C:\Users\ss\Desktop\XAI\XAI\engines\XAI-Compress\reports\experiment_report.md,81a445cc02e5ab1cabd2,PASS
True,18.267857142857142,,markdown,,1023,0.0017528404427779405,243.74500001431443,0.011552124790204335,36.9842000072822,8.447200001683086,1.3813000114168972,752,73.50928641251222,D_ai_top2,2.637400000821799,,,,448,332.25390625,,0.43792766373411535,,"{""brotli|4|identity"": 1}",,,lt_16KiB,C:\Users\ss\Desktop\XAI\XAI\engines\XAI-Compress\reports\experiment_report.md,81a445cc02e5ab1cabd2,PASS
True,18.964285714285715,,markdown,,1062,0.0021102115600352754,202.46600001701154,0.010113027727184021,42.247100005624816,7.741200010059401,0.8338000043295324,784,73.82297551789077,E_confidence_adaptive,2.4830999900586903,,,,448,332.25390625,,0.4218455743879473,,"{""deflate|9|identity"": 1}",,,lt_16KiB,C:\Users\ss\Desktop\XAI\XAI\engines\XAI-Compress\reports\experiment_report.md,81a445cc02e5ab1cabd2,PASS
True,6.178571428571429,165.73869998683222,markdown,1,346,0.0022436567541340297,190.42400000034831,0.010960873850753,38.97919997689314,5.479399987962097,1.876599999377504,68,19.653179190751445,F_compact_xaic,2.8765999886672944,,,,448,332.25390625,requested_chunking,1.2947976878612717,confidence,"[""deflate|9|identity""]",177.62830000719987,0.2716419188410713,lt_16KiB,C:\Users\ss\Desktop\XAI\XAI\engines\XAI-Compress\reports\experiment_report.md,81a445cc02e5ab1cabd2,PASS
True,6.160714285714286,152.04330001142807,markdown,1,345,0.002405815305766662,177.58889999822713,0.014457042776576175,29.552799998782575,5.92039996990934,1.166999980341643,67,19.420289855072465,G_compact_adaptive,2.5716000236570835,,,,448,332.25390625,whole_file,1.298550724637681,confidence,"[""deflate|9|identity""]",163.04510002373718,0.2716419188410713,lt_16KiB,C:\Users\ss\Desktop\XAI\XAI\engines\XAI-Compress\reports\experiment_report.md,81a445cc02e5ab1cabd2,PASS
True,6.160714285714286,154.6939999971073,markdown,1,345,0.002428432867702098,175.9349000058137,0.05698362089039936,7.497699989471585,4.687599983299151,0.4972000024281442,67,19.420289855072465,H_full_v2,1.2675000180024654,N/A,N/A,N/A,448,288.3828125,whole_file,1.298550724637681,confidence,"[""deflate|9|identity""]",161.9971999898553,0.2716419188410713,lt_16KiB,C:\Users\ss\Desktop\XAI\XAI\engines\XAI-Compress\reports\experiment_report.md,81a445cc02e5ab1cabd2,PASS
True,3.778894472361809,,markdown,,282,0.1230693799658623,4.626200010534376,12.011464695957148,0.04740001168102026,,,,,A_fixed_best,,,,,597,288.3828125,,2.117021276595745,,brotli-11,,,lt_16KiB,C:\Users\ss\Desktop\XAI\XAI\apps\public_nextjs\docs\INTEGRATION.md,2b5091e58cb6922ad60d,PASS
True,14.726968174204355,7.873900001868606,markdown,,1099,0.020140208972256605,28.26899997307919,0.030573870916445128,18.621900002472103,2.7823999989777803,3.9206999936141074,765,69.60873521383076,B_hybrid_v1,6.265300005907193,,,,597,288.3828125,,0.543221110100091,,"{""brotli"": 1}",12.96839999849908,N/A,lt_16KiB,C:\Users\ss\Desktop\XAI\XAI\apps\public_nextjs\docs\INTEGRATION.md,2b5091e58cb6922ad60d,PASS
True,15.115577889447236,,markdown,,1128,0.003128065422791814,182.01140000019222,0.017030204150328937,33.43139999196865,5.167299968888983,0.7662999851163477,757,67.10992907801419,C_ai_only,0.0,,,,597,332.25390625,,0.5292553191489362,,"{""deflate|9|identity"": 1}",,,lt_16KiB,C:\Users\ss\Desktop\XAI\XAI\apps\public_nextjs\docs\INTEGRATION.md,2b5091e58cb6922ad60d,PASS
True,15.303182579564488,,markdown,,1142,0.0028946017845823437,196.69149999390356,0.016902392426156203,33.68419999605976,8.757499977946281,1.817599986679852,771,67.51313485113836,D_ai_top2,1.3112000015098602,,,,597,332.25390625,,0.5227670753064798,,"{""deflate|9|identity"": 1}",,,lt_16KiB,C:\Users\ss\Desktop\XAI\XAI\apps\public_nextjs\docs\INTEGRATION.md,2b5091e58cb6922ad60d,PASS
True,15.463986599664992,,markdown,,1154,0.0023613083911162053,241.11360000097193,0.008170222183813526,69.6851999964565,8.320999972056597,1.8103999900631607,784,67.93760831889081,E_confidence_adaptive,1.7078999953810126,,,,597,332.25390625,,0.5173310225303293,,"{""deflate|6|identity"": 1}",,,lt_16KiB,C:\Users\ss\Desktop\XAI\XAI\apps\public_nextjs\docs\INTEGRATION.md,2b5091e58cb6922ad60d,PASS
True,5.869346733668341,285.8534000115469,markdown,1,438,0.0016910490174276427,336.68069998384453,0.0056038579981617384,101.59850001218729,11.502999986987561,2.762099989922717,68,15.525114155251142,F_compact_xaic,1.8243000085931271,,,,597,332.25390625,requested_chunking,1.3630136986301369,confidence,"[""deflate|6|identity""]",304.90540000027977,0.3368625060770264,lt_16KiB,C:\Users\ss\Desktop\XAI\XAI\apps\public_nextjs\docs\INTEGRATION.md,2b5091e58cb6922ad60d,PASS
True,5.855946398659967,312.37329996656626,markdown,1,437,0.0016265671743142046,350.0276999839116,0.02907751535794782,19.580200023483485,10.456799966050312,2.4323000106960535,67,15.331807780320366,G_compact_adaptive,1.5700000221841037,,,,597,332.25390625,whole_file,1.366132723112128,confidence,"[""deflate|6|identity""]",328.6286999937147,0.3368625060770264,lt_16KiB,C:\Users\ss\Desktop\XAI\XAI\apps\public_nextjs\docs\INTEGRATION.md,2b5091e58cb6922ad60d,PASS
True,5.855946398659967,71.98600002448075,markdown,1,437,0.006684483944573428,85.17389997723512,0.10067255507444743,5.655399989336729,3.1481999903917313,0.5540999991353601,67,15.331807780320366,H_full_v2,0.6123000057414174,N/A,N/A,N/A,597,288.3828125,whole_file,1.366132723112128,confidence,"[""deflate|6|identity""]",77.12699999683537,0.3368625060770264,lt_16KiB,C:\Users\ss\Desktop\XAI\XAI\apps\public_nextjs\docs\INTEGRATION.md,2b5091e58cb6922ad60d,PASS
True,3.4822190611664294,,markdown,,306,0.23959439773626243,2.7982000028714538,11.866066801763331,0.056500022765249014,,,,,A_fixed_best,,,,,703,288.3828125,,2.2973856209150325,,brotli-11,,,lt_16KiB,C:\Users\ss\Desktop\XAI\XAI\apps\mobile_authenticator_flutter\docs\PRODUCTION_CHECKLIST.md,8028fd8746ec7555a569,PASS
True,12.58605974395448,5.694600025890395,markdown,,1106,0.026673498272546836,25.134800001978874,0.03301698753733955,20.305700018070638,2.922500018030405,2.1015999955125153,764,69.07775768535262,B_hybrid_v1,5.641800002194941,,,,703,288.3828125,,0.635623869801085,,"{""brotli"": 1}",10.665900015737861,N/A,lt_16KiB,C:\Users\ss\Desktop\XAI\XAI\apps\mobile_authenticator_flutter\docs\PRODUCTION_CHECKLIST.md,8028fd8746ec7555a569,PASS
True,12.927453769559033,,markdown,,1136,0.0020710378045487145,323.71840000269003,0.010320689842550898,64.96010001865216,14.54479998210445,2.3255999840330333,757,66.63732394366197,C_ai_only,0.0,,,,703,332.25390625,,0.6188380281690141,,"{""deflate|6|identity"": 1}",,,lt_16KiB,C:\Users\ss\Desktop\XAI\XAI\apps\mobile_authenticator_flutter\docs\PRODUCTION_CHECKLIST.md,8028fd8746ec7555a569,PASS
True,13.166429587482218,,markdown,,1157,0.0020264092566752868,330.84779998171143,0.011954300668584206,56.08300000312738,12.110299983760342,1.7644999898038805,773,66.81071737251513,D_ai_top2,0.8971000206656754,,,,703,332.25390625,,0.6076058772687987,,"{""deflate|9|identity"": 1}",,,lt_16KiB,C:\Users\ss\Desktop\XAI\XAI\apps\mobile_authenticator_flutter\docs\PRODUCTION_CHECKLIST.md,8028fd8746ec7555a569,PASS
True,13.246088193456615,,markdown,,1164,0.0022447570045000874,298.66619998938404,0.012035722008777564,55.70359999546781,10.930199961876497,1.1205000046174973,785,67.43986254295532,E_confidence_adaptive,1.2350000033620745,,,,703,332.25390625,,0.6039518900343642,,"{""deflate|6|identity"": 1}",,,lt_16KiB,C:\Users\ss\Desktop\XAI\XAI\apps\mobile_authenticator_flutter\docs\PRODUCTION_CHECKLIST.md,8028fd8746ec7555a569,PASS
True,5.086770981507824,247.26320002810098,markdown,1,447,0.0024142132117766202,277.70249999593943,0.021553313024019798,31.105800007935613,11.416800000006333,1.4171999937389046,68,15.212527964205817,F_compact_xaic,1.275499991606921,,,,703,332.25390625,requested_chunking,1.5727069351230425,confidence,"[""deflate|6|identity""]",263.69579997844994,0.31197683395891057,lt_16KiB,C:\Users\ss\Desktop\XAI\XAI\apps\mobile_authenticator_flutter\docs\PRODUCTION_CHECKLIST.md,8028fd8746ec7555a569,PASS
True,5.075391180654338,155.7681000267621,markdown,1,446,0.003740959390579157,179.21420000493526,0.022594423936386086,29.672500008018687,7.927600003313273,0.7590999884996563,67,15.022421524663677,G_compact_adaptive,0.8606999763287604,,,,703,332.25390625,whole_file,1.5762331838565022,confidence,"[""deflate|6|identity""]",166.37020002235658,0.31197683395891057,lt_16KiB,C:\Users\ss\Desktop\XAI\XAI\apps\mobile_authenticator_flutter\docs\PRODUCTION_CHECKLIST.md,8028fd8746ec7555a569,PASS
True,5.075391180654338,93.76269998028874,markdown,1,446,0.005801495857871469,115.56209999253042,0.1172290692275907,5.71899997885339,5.136499996297061,0.599899998633191,67,15.022421524663677,H_full_v2,0.5605999904219061,N/A,N/A,N/A,703,288.3828125,whole_file,1.5762331838565022,confidence,"[""deflate|6|identity""]",101.20719997212291,0.31197683395891057,lt_16KiB,C:\Users\ss\Desktop\XAI\XAI\apps\mobile_authenticator_flutter\docs\PRODUCTION_CHECKLIST.md,8028fd8746ec7555a569,PASS
True,3.6363636363636362,,markdown,,390,0.1600775807590726,5.11160001042299,15.18093726208025,0.05390000296756625,,,,,A_fixed_best,,,,,858,288.3828125,,2.2,,brotli-11,,,lt_16KiB,C:\Users\ss\Desktop\XAI\XAI\apps\mobile_authenticator_flutter\docs\INTEGRATION.md,1cff286a0579303a0e2e,PASS
True,11.44988344988345,5.2563000353984535,markdown,,1228,0.03294238323163808,24.83890001894906,0.03876835069372458,21.106200001668185,4.4602999987546355,1.893599983304739,764,62.214983713355046,B_hybrid_v1,4.794800013769418,,,,858,288.3828125,,0.6986970684039088,,"{""brotli"": 1}",11.148699995828792,N/A,lt_16KiB,C:\Users\ss\Desktop\XAI\XAI\apps\mobile_authenticator_flutter\docs\INTEGRATION.md,1cff286a0579303a0e2e,PASS
True,11.71095571095571,,markdown,,1256,0.004595398738295989,178.05909999879077,0.026351211954402435,31.051800004206598,8.5755999898538,0.7588000153191388,755,60.111464968152866,C_ai_only,0.0,,,,858,332.25390625,,0.6831210191082803,,"{""deflate|6|identity"": 1}",,,lt_16KiB,C:\Users\ss\Desktop\XAI\XAI\apps\mobile_authenticator_flutter\docs\INTEGRATION.md,1cff286a0579303a0e2e,PASS
True,11.897435897435898,,markdown,,1276,0.004948672245472273,165.3478999796789,0.027473812689384994,29.78300000540912,5.260500009171665,1.5974999987520278,772,60.50156739811912,D_ai_top2,0.8212999964598566,,,,858,332.25390625,,0.6724137931034483,,"{""deflate|9|identity"": 1}",,,lt_16KiB,C:\Users\ss\Desktop\XAI\XAI\apps\mobile_authenticator_flutter\docs\INTEGRATION.md,1cff286a0579303a0e2e,PASS
True,11.981351981351981,,markdown,,1285,0.004606001960688262,177.6491999917198,0.018511412519572855,44.20260002370924,9.290200017858297,1.6633000050205737,784,61.011673151750976,E_confidence_adaptive,1.3291999930515885,,,,858,332.25390625,,0.667704280155642,,"{""deflate|6|identity"": 1}",,,lt_16KiB,C:\Users\ss\Desktop\XAI\XAI\apps\mobile_authenticator_flutter\docs\INTEGRATION.md,1cff286a0579303a0e2e,PASS
True,5.305361305361306,181.78489999263547,markdown,1,569,0.0037806869461781737,216.42959999735467,0.014636875398516928,55.90349997510202,10.568600002443418,1.3429000100586563,68,11.95079086115993,F_compact_xaic,1.4472999901045114,,,,858,332.25390625,requested_chunking,1.507908611599297,confidence,"[""deflate|6|identity""]",198.94979998935014,0.37186475230775123,lt_16KiB,C:\Users\ss\Desktop\XAI\XAI\apps\mobile_authenticator_flutter\docs\INTEGRATION.md,1cff286a0579303a0e2e,PASS
True,5.296037296037296,221.4811000158079,markdown,1,568,0.003233950598577451,253.01949999993667,0.018368668943966708,44.54609999083914,9.969600010663271,1.4158999838400632,67,11.795774647887324,G_compact_adaptive,1.4635999978054315,,,,858,332.25390625,whole_file,1.5105633802816902,confidence,"[""deflate|6|identity""]",235.88609998114407,0.37186475230775123,lt_16KiB,C:\Users\ss\Desktop\XAI\XAI\apps\mobile_authenticator_flutter\docs\INTEGRATION.md,1cff286a0579303a0e2e,PASS
True,5.296037296037296,64.86260000383481,markdown,1,568,0.010314749364946325,79.32839999557473,0.13632089926996194,6.002399983117357,3.3400000247638673,0.46809998457320035,67,11.795774647887324,H_full_v2,0.5816000048071146,N/A,N/A,N/A,858,288.3828125,whole_file,1.5105633802816902,confidence,"[""deflate|6|identity""]",69.89969999995083,0.37186475230775123,lt_16KiB,C:\Users\ss\Desktop\XAI\XAI\apps\mobile_authenticator_flutter\docs\INTEGRATION.md,1cff286a0579303a0e2e,PASS
True,3.452685421994885,,markdown,,675,0.2883051386119223,5.173499986995012,33.14548554250842,0.04499999340623617,,,,,A_fixed_best,,,,,1564,288.3828125,,2.317037037037037,,brotli-11,,,lt_16KiB,C:\Users\ss\Desktop\XAI\XAI\apps\desktop_flutter\README.md,f8acbe64385c0bc28390,PASS
True,7.928388746803069,5.750600015744567,markdown,,1550,0.0601706683717332,24.78860001428984,0.09145655280911336,16.308800026308745,4.349099996034056,2.0503999840002507,765,49.354838709677416,B_hybrid_v1,4.843700007768348,,,,1564,288.3828125,,1.0090322580645161,,"{""brotli"": 1}",11.243199987802655,N/A,lt_16KiB,C:\Users\ss\Desktop\XAI\XAI\apps\desktop_flutter\README.md,f8acbe64385c0bc28390,PASS
True,8.138107416879796,,markdown,,1591,0.0054094443469562,275.73010002379306,0.030404730699838678,49.05639999196865,15.250299969920889,4.306300019379705,758,47.642991829038344,C_ai_only,0.0,,,,1564,332.25390625,,0.983029541169076,,"{""deflate|6|identity"": 1}",,,lt_16KiB,C:\Users\ss\Desktop\XAI\XAI\apps\desktop_flutter\README.md,f8acbe64385c0bc28390,PASS
True,8.214833759590793,,markdown,,1606,0.005116954276819717,291.49110001162626,0.02753511019431485,54.16890000924468,17.578900005901232,3.459100000327453,773,48.13200498132005,D_ai_top2,1.5392999921459705,,,,1564,332.25390625,,0.9738480697384807,,"{""deflate|6|identity"": 1}",,,lt_16KiB,C:\Users\ss\Desktop\XAI\XAI\apps\desktop_flutter\README.md,f8acbe64385c0bc28390,PASS
True,8.286445012787723,,markdown,,1620,0.004820182378309531,309.43780002417043,0.025098255062618882,59.42829998093657,18.825699982699007,1.5853999939281493,786,48.51851851851852,E_confidence_adaptive,1.9275999802630395,,,,1564,332.25390625,,0.9654320987654321,,"{""deflate|9|identity"": 1}",,,lt_16KiB,C:\Users\ss\Desktop\XAI\XAI\apps\desktop_flutter\README.md,f8acbe64385c0bc28390,PASS
True,4.608695652173913,278.42649997910485,markdown,1,901,0.004492615746814367,331.99959999183193,0.0182758685277551,81.61290001589805,15.730599989183247,4.518000001553446,68,7.547169811320755,F_compact_xaic,2.0730000105686486,,,,1564,332.25390625,requested_chunking,1.7358490566037736,confidence,"[""deflate|6|identity""]",303.7440000043716,0.46532051295082444,lt_16KiB,C:\Users\ss\Desktop\XAI\XAI\apps\desktop_flutter\README.md,f8acbe64385c0bc28390,PASS
True,4.603580562659847,433.3067000261508,markdown,1,900,0.0031336678838836964,475.97469997708686,0.12477176492842301,11.954199988394976,20.673799968790263,1.4225999766495079,67,7.444444444444445,G_compact_adaptive,1.7909999878611416,,,,1564,332.25390625,whole_file,1.7377777777777779,confidence,"[""deflate|6|identity""]",459.09600000595674,0.46532051295082444,lt_16KiB,C:\Users\ss\Desktop\XAI\XAI\apps\desktop_flutter\README.md,f8acbe64385c0bc28390,PASS
True,4.608695652173913,95.5058999825269,markdown,1,901,0.012516293168005753,119.16840000776574,0.23553091603533188,6.332699995255098,6.298899999819696,0.83710000035353,67,7.436182019977802,H_full_v2,1.0738000273704529,N/A,N/A,N/A,1564,288.3828125,whole_file,1.7358490566037736,confidence,"[""deflate|9|identity""]",104.54929998377338,0.46532051295082444,lt_16KiB,C:\Users\ss\Desktop\XAI\XAI\apps\desktop_flutter\README.md,f8acbe64385c0bc28390,PASS
True,3.65625,,markdown,,936,0.24094211851579397,8.106199995381758,32.176690467560014,0.060699996538460255,,,,,A_fixed_best,,,,,2048,288.3828125,,2.1880341880341883,,brotli-11,,,lt_16KiB,C:\Users\ss\Desktop\XAI\XAI\engines\XAI-Compress\results\final_project\audit.md,c9bfc414215801365a64,PASS
True,7.26953125,7.037900009891018,markdown,,1861,0.062450039994711826,31.27499998663552,0.08717751298903928,22.403999988455325,5.724799993913621,3.429699980188161,764,41.05319720580333,B_hybrid_v1,6.302399997366592,,,,2048,288.3828125,,1.1004836109618485,,"{""brotli"": 1}",15.456899971468374,N/A,lt_16KiB,C:\Users\ss\Desktop\XAI\XAI\engines\XAI-Compress\results\final_project\audit.md,c9bfc414215801365a64,PASS
True,7.52734375,,markdown,,1927,0.010687595794314922,182.74690001271665,0.07555638520245198,25.849899975582957,14.098299987381324,0.7129000150598586,759,39.38764919564089,C_ai_only,0.0,,,,2048,332.25390625,,1.0627919045147898,,"{""deflate|6|identity"": 1}",,,lt_16KiB,C:\Users\ss\Desktop\XAI\XAI\engines\XAI-Compress\results\final_project\audit.md,c9bfc414215801365a64,PASS
True,7.60546875,,markdown,,1947,0.015134321097515018,129.05269998009317,0.04432161407333593,44.06710001057945,11.367300030542538,2.009299991186708,772,39.6507447354905,D_ai_top2,1.159599982202053,,,,2048,332.25390625,,1.051874678993323,,"{""deflate|9|identity"": 1}",,,lt_16KiB,C:\Users\ss\Desktop\XAI\XAI\engines\XAI-Compress\results\final_project\audit.md,c9bfc414215801365a64,PASS
True,7.6328125,,markdown,,1954,0.00792504515108153,246.44970000372268,0.03553106723232462,54.96949999360368,15.170800004852936,2.0186000037938356,786,40.22517911975435,E_confidence_adaptive,2.5824999902397394,,,,2048,332.25390625,,1.0481064483111566,,"{""deflate|6|identity"": 1}",,,lt_16KiB,C:\Users\ss\Desktop\XAI\XAI\engines\XAI-Compress\results\final_project\audit.md,c9bfc414215801365a64,PASS
True,4.828125,259.21620000735857,markdown,1,1236,0.006380551181540999,306.10600000363775,0.03912126013382687,49.924899998586625,20.30529998592101,1.9035000004805624,68,5.501618122977346,F_compact_xaic,2.2566000116057694,,,,2048,332.25390625,requested_chunking,1.656957928802589,confidence,"[""deflate|6|identity""]",286.50229997583665,0.5190983586498638,lt_16KiB,C:\Users\ss\Desktop\XAI\XAI\engines\XAI-Compress\results\final_project\audit.md,c9bfc414215801365a64,PASS
True,4.82421875,260.54359998670407,markdown,1,1235,0.006242291519069983,312.8858999989461,0.17086810858010615,11.43059998867102,18.69920000899583,2.2056000016164035,67,5.425101214574899,G_compact_adaptive,2.716799994232133,,,,2048,332.25390625,whole_file,1.6582995951417003,confidence,"[""deflate|6|identity""]",286.18250001454726,0.5190983586498638,lt_16KiB,C:\Users\ss\Desktop\XAI\XAI\engines\XAI-Compress\results\final_project\audit.md,c9bfc414215801365a64,PASS
True,4.82421875,74.48589999694377,markdown,1,1235,0.02191934019671534,89.10509999259375,0.38864292148136326,5.025499995099381,4.895999998552725,0.5016000068280846,67,5.425101214574899,H_full_v2,0.8459000091534108,N/A,N/A,N/A,2048,288.3828125,whole_file,1.6582995951417003,confidence,"[""deflate|6|identity""]",81.36310000554658,0.5190983586498638,lt_16KiB,C:\Users\ss\Desktop\XAI\XAI\engines\XAI-Compress\results\final_project\audit.md,c9bfc414215801365a64,PASS
True,3.2373290426387773,,markdown,,1509,0.28932608120605874,12.29149999562651,37.872758284132146,0.09389998740516603,,,,,A_fixed_best,,,,,3729,288.3828125,,2.4711729622266403,,brotli-11,,,lt_16KiB,C:\Users\ss\Desktop\XAI\XAI\engines\XAI-Compress\results\model_v2\lossless_v2_preflight.md,efd24e78ff6d0f481461,PASS
True,5.4470367390721375,8.345000009285286,markdown,,2539,0.09431852067642761,37.704699992900714,0.11026931364241678,32.250599993858486,11.39800000237301,2.577600011136383,764,30.090586845214652,B_hybrid_v1,6.508499995106831,,,,3729,288.3828125,,1.4686884600236314,,"{""brotli"": 1}",20.484100008616224,N/A,lt_16KiB,C:\Users\ss\Desktop\XAI\XAI\engines\XAI-Compress\results\model_v2\lossless_v2_preflight.md,efd24e78ff6d0f481461,PASS
True,5.627245910431751,,markdown,,2623,0.01518654525415853,234.17119999066927,0.06689990041544755,53.157799993641675,30.488099990179762,1.5928000211715698,759,28.93633244376668,C_ai_only,0.0,,,,3729,332.25390625,,1.421654593976363,,"{""deflate|6|identity"": 1}",,,lt_16KiB,C:\Users\ss\Desktop\XAI\XAI\engines\XAI-Compress\results\model_v2\lossless_v2_preflight.md,efd24e78ff6d0f481461,PASS
True,5.65942611960311,,markdown,,2638,0.02065841739617815,172.14539999258704,0.09883170964761054,35.982900008093566,19.556399987777695,0.6741999823134392,774,29.34040940106141,D_ai_top2,0.8692000119481236,,,,3729,332.25390625,,1.4135708870356332,,"{""deflate|6|identity"": 1}",,,lt_16KiB,C:\Users\ss\Desktop\XAI\XAI\engines\XAI-Compress\results\model_v2\lossless_v2_preflight.md,efd24e78ff6d0f481461,PASS
True,5.683024939662108,,markdown,,2649,0.01622403426133409,219.19649999472313,0.08366626969310871,42.505199991865084,18.88449999387376,0.8732000133022666,785,29.63382408456021,E_confidence_adaptive,6.2095999892335385,,,,3729,332.25390625,,1.407701019252548,,"{""deflate|6|identity"": 1}",,,lt_16KiB,C:\Users\ss\Desktop\XAI\XAI\engines\XAI-Compress\results\model_v2\lossless_v2_preflight.md,efd24e78ff6d0f481461,PASS
True,4.1448109412711185,214.08569999039173,markdown,1,1932,0.012831620440407547,277.14749998995103,0.07442301186982382,47.78429999714717,32.184299983782694,2.1117999858688563,68,3.5196687370600412,F_compact_xaic,6.208799983141944,,,,3729,332.25390625,requested_chunking,1.9301242236024845,confidence,"[""deflate|6|identity""]",258.7405999947805,0.6146372818870588,lt_16KiB,C:\Users\ss\Desktop\XAI\XAI\engines\XAI-Compress\results\model_v2\lossless_v2_preflight.md,efd24e78ff6d0f481461,PASS
True,4.142665593993027,208.0425999884028,markdown,1,1931,0.012916873038318611,275.3182999731507,0.08060863663931951,44.11749998689629,30.85139999166131,1.6905000084079802,67,3.4697048161574315,G_compact_adaptive,6.315900012850761,,,,3729,332.25390625,whole_file,1.9311237700673227,confidence,"[""deflate|6|identity""]",248.53109999094158,0.6146372818870588,lt_16KiB,C:\Users\ss\Desktop\XAI\XAI\engines\XAI-Compress\results\model_v2\lossless_v2_preflight.md,efd24e78ff6d0f481461,PASS
True,4.142665593993027,281.0761000146158,markdown,1,1931,0.010458745068555778,340.02659999532625,0.3579662516557004,9.934600006090477,16.854299989063293,1.7362000071443617,67,3.4697048161574315,H_full_v2,3.5900000075343996,N/A,N/A,N/A,3729,288.3828125,whole_file,1.9311237700673227,confidence,"[""deflate|6|identity""]",304.30479999631643,0.6146372818870588,lt_16KiB,C:\Users\ss\Desktop\XAI\XAI\engines\XAI-Compress\results\model_v2\lossless_v2_preflight.md,efd24e78ff6d0f481461,PASS
True,2.90173775671406,,markdown,,2296,0.16128257570208213,37.42969999439083,24.166365783403897,0.24980001035146415,,,,,A_fixed_best,,,,,6330,288.3828125,,2.7569686411149825,,brotli-11,,,lt_16KiB,C:\Users\ss\Desktop\XAI\XAI\engines\XAI-Compress\results\model_search\imports\auto\lr-0-0002-f316e33308\v1\XAI-Compress\scripts\kaggle\README.md,8a329048e6e90bc5e436,PASS
True,4.315955766192733,10.856899985810742,markdown,,3415,0.09508338314281493,63.489100022707134,0.22102143386454112,27.312999998684973,23.085199994966388,3.3152000105474144,767,22.459736456808198,B_hybrid_v1,11.899700009962544,,,,6330,288.3828125,,1.8535871156661787,,"{""brotli"": 1}",38.300100015476346,N/A,lt_16KiB,C:\Users\ss\Desktop\XAI\XAI\engines\XAI-Compress\results\model_search\imports\auto\lr-0-0002-f316e33308\v1\XAI-Compress\scripts\kaggle\README.md,8a329048e6e90bc5e436,PASS
True,4.484044233807267,,markdown,,3548,0.023150905779636195,260.756899981061,0.13675522219203876,44.14280000491999,50.30940001597628,0.8891000179573894,758,21.364148816234497,C_ai_only,0.0,,,,6330,332.25390625,,1.7841037204058625,,"{""deflate|6|identity"": 1}",,,lt_16KiB,C:\Users\ss\Desktop\XAI\XAI\engines\XAI-Compress\results\model_search\imports\auto\lr-0-0002-f316e33308\v1\XAI-Compress\scripts\kaggle\README.md,8a329048e6e90bc5e436,PASS
True,4.50173775671406,,markdown,,3562,0.014548603904503656,414.9372999963816,0.07470255664030019,80.81059998949058,49.97260001255199,1.876299997093156,772,21.67321729365525,D_ai_top2,15.425099991261959,,,,6330,332.25390625,,1.777091521617069,,"{""deflate|6|identity"": 1}",,,lt_16KiB,C:\Users\ss\Desktop\XAI\XAI\engines\XAI-Compress\results\model_search\imports\auto\lr-0-0002-f316e33308\v1\XAI-Compress\scripts\kaggle\README.md,8a329048e6e90bc5e436,PASS
True,4.51563981042654,,markdown,,3573,0.01782936822384934,338.58509999117814,0.12912051287521809,46.752899972489104,39.97270000400022,1.786100008757785,783,21.91435768261965,E_confidence_adaptive,4.114099981961772,,,,6330,332.25390625,,1.7716204869857264,,"{""deflate|6|identity"": 1}",,,lt_16KiB,C:\Users\ss\Desktop\XAI\XAI\engines\XAI-Compress\results\model_search\imports\auto\lr-0-0002-f316e33308\v1\XAI-Compress\scripts\kaggle\README.md,8a329048e6e90bc5e436,PASS
True,3.612006319115324,216.01399997598492,markdown,1,2858,0.020198129675914406,298.87709999457,0.04446191288804783,135.773700021673,42.556699976557866,1.8330000166315585,68,2.3792862141357594,F_compact_xaic,4.458499985048547,,,,6330,332.25390625,requested_chunking,2.2148355493351994,confidence,"[""deflate|6|identity""]",268.5230000060983,0.6597511907381635,lt_16KiB,C:\Users\ss\Desktop\XAI\XAI\engines\XAI-Compress\results\model_search\imports\auto\lr-0-0002-f316e33308\v1\XAI-Compress\scripts\kaggle\README.md,8a329048e6e90bc5e436,PASS
True,3.6107424960505528,288.8828999712132,markdown,1,2857,0.015915167792811696,379.30850000702776,0.5309981292391476,11.368699982995167,58.07249998906627,1.761400024406612,67,2.3451172558627933,G_compact_adaptive,3.3156999852508307,,,,6330,332.25390625,whole_file,2.215610780539027,confidence,"[""deflate|6|identity""]",353.74059999594465,0.6597511907381635,lt_16KiB,C:\Users\ss\Desktop\XAI\XAI\engines\XAI-Compress\results\model_search\imports\auto\lr-0-0002-f316e33308\v1\XAI-Compress\scripts\kaggle\README.md,8a329048e6e90bc5e436,PASS
True,3.6107424960505528,117.42929997853935,markdown,1,2857,0.038421470692568745,157.11940001347102,0.9074966419969764,6.652100011706352,22.461500018835068,0.6914999976288527,67,2.3451172558627933,H_full_v2,1.5079000149853528,N/A,N/A,N/A,6330,288.3828125,whole_file,2.215610780539027,confidence,"[""deflate|6|identity""]",143.06490001035854,0.6597511907381635,lt_16KiB,C:\Users\ss\Desktop\XAI\XAI\engines\XAI-Compress\results\model_search\imports\auto\lr-0-0002-f316e33308\v1\XAI-Compress\scripts\kaggle\README.md,8a329048e6e90bc5e436,PASS
True,3.4285714285714284,,model,,456,0.12579614831877436,8.066300011705607,16.3927201876186,0.0619000056758523,,,,,A_fixed_best,,,,,1064,288.3828125,,2.3333333333333335,,brotli-11,,,lt_16KiB,C:\Users\ss\Desktop\XAI\XAI\engines\XAI-Compress\data\test\archive\results\checkpoint-140\scheduler.pt,b09d33b1dd2c5da1b94b,PASS
True,9.075187969924812,7.817899982910603,model,,1207,0.030204720822816084,33.594399981666356,0.03699403814680831,27.42900000885129,5.495899997185916,3.983900009188801,764,63.29743164871582,B_hybrid_v1,6.614500016439706,,,,1064,288.3828125,,0.8815244407622204,,"{""brotli"": 1}",16.094300022814423,N/A,lt_16KiB,C:\Users\ss\Desktop\XAI\XAI\engines\XAI-Compress\data\test\archive\results\checkpoint-140\scheduler.pt,b09d33b1dd2c5da1b94b,PASS
True,13.661654135338345,,model,,1817,0.14266565528963254,7.1124999958556145,0.020686488017665268,49.05179998604581,0.054899981478229165,0.0,753,41.44193725921849,C_ai_only,0.0,,,,1064,332.25390625,,0.5855806274078151,,"{""raw|default|identity"": 1}",,,lt_16KiB,C:\Users\ss\Desktop\XAI\XAI\engines\XAI-Compress\data\test\archive\results\checkpoint-140\scheduler.pt,b09d33b1dd2c5da1b94b,PASS
True,13.661654135338345,,model,,1817,0.22854331596046806,4.4399000180419534,0.03148514259939554,32.22819999791682,0.021099986042827368,0.0,753,41.44193725921849,D_ai_top2,0.0,,,,1064,332.25390625,,0.5855806274078151,,"{""raw|default|identity"": 1}",,,lt_16KiB,C:\Users\ss\Desktop\XAI\XAI\engines\XAI-Compress\data\test\archive\results\checkpoint-140\scheduler.pt,b09d33b1dd2c5da1b94b,PASS
True,13.74436090225564,,model,,1828,0.2455437317043339,4.132500005653128,0.023668625363541102,42.87150001619011,0.02139998832717538,0.0,764,41.794310722100654,E_confidence_adaptive,0.0,,,,1064,332.25390625,,0.5820568927789934,,"{""raw|default|identity"": 1}",,,lt_16KiB,C:\Users\ss\Desktop\XAI\XAI\engines\XAI-Compress\data\test\archive\results\checkpoint-140\scheduler.pt,b09d33b1dd2c5da1b94b,PASS
True,8.511278195488721,0.0,model,1,1132,0.08914253467880046,11.383000004570931,0.10751432753612172,9.43790000746958,0.02780000795610249,0.0,68,6.007067137809187,F_compact_xaic,0.0,,,,1064,332.25390625,requested_chunking,0.9399293286219081,confidence,"[""raw|default|identity""]",1.4525000005960464,1.0,lt_16KiB,C:\Users\ss\Desktop\XAI\XAI\engines\XAI-Compress\data\test\archive\results\checkpoint-140\scheduler.pt,b09d33b1dd2c5da1b94b,PASS
True,8.503759398496241,0.0,model,1,1131,0.1130671100784933,8.974399999715388,0.10501629747035231,9.662399999797344,0.021099986042827368,0.0,67,5.92396109637489,G_compact_adaptive,0.0,,,,1064,332.25390625,whole_file,0.9407603890362511,confidence,"[""raw|default|identity""]",0.5030000174883753,1.0,lt_16KiB,C:\Users\ss\Desktop\XAI\XAI\engines\XAI-Compress\data\test\archive\results\checkpoint-140\scheduler.pt,b09d33b1dd2c5da1b94b,PASS
True,8.503759398496241,0.0,model,1,1131,0.19356557844404487,5.242199986241758,0.035294610824427794,28.749699995387346,0.016200006939470768,0.0,67,5.92396109637489,H_full_v2,0.0,N/A,N/A,N/A,1064,288.3828125,whole_file,0.9407603890362511,confidence,"[""raw|default|identity""]",0.4044999950565398,1.0,lt_16KiB,C:\Users\ss\Desktop\XAI\XAI\engines\XAI-Compress\data\test\archive\results\checkpoint-140\scheduler.pt,b09d33b1dd2c5da1b94b,PASS
True,6.504291593180482,,model,,110638,0.11229182668638121,1155.7029999967199,36.37525621151872,3.5676999832503498,,,,,A_fixed_best,,,,,136080,288.3828125,,1.2299571575769628,,brotli-11,,,64KiB_1MiB,C:\Users\ss\Desktop\XAI\XAI\engines\XAI-Compress\checkpoints\neural_lossy_v1\validation.latest.pt,bc559421f72cb439e577,PASS
True,6.678483245149912,8.994000003440306,model,,113601,0.3982173286838202,325.8924000256229,5.437329303868851,23.867600015364587,252.81649999669753,2.8011999966111034,768,0.6760503868803972,B_hybrid_v1,34.95290002319962,,,,136080,288.3828125,,1.1978767792537037,,"{""brotli"": 1}",290.57060001650825,N/A,64KiB_1MiB,C:\Users\ss\Desktop\XAI\XAI\engines\XAI-Compress\checkpoints\neural_lossy_v1\validation.latest.pt,bc559421f72cb439e577,PASS
True,7.481951793062904,,model,,127268,0.30385994799311566,427.0914999942761,2.097166216838965,61.881600006017834,267.8736999805551,1.952299993718043,1604,1.2603325266367036,C_ai_only,0.0,,,,136080,332.25390625,,1.0692397146179715,,"{""brotli|6|identity"": 1, ""raw|default|identity"": 1, ""zstd|6|identity"": 1}",,,64KiB_1MiB,C:\Users\ss\Desktop\XAI\XAI\engines\XAI-Compress\checkpoints\neural_lossy_v1\validation.latest.pt,bc559421f72cb439e577,PASS
True,7.613286302175191,,model,,129502,0.17487321500213657,742.1147999993991,1.2630378367955246,102.74909998406656,353.58639995683916,4.1046999976970255,1628,1.2571234421090023,D_ai_top2,23.770500003593042,,,,136080,332.25390625,,1.050794582323053,,"{""raw|default|identity"": 1, ""zstd|9|identity"": 2}",,,64KiB_1MiB,C:\Users\ss\Desktop\XAI\XAI\engines\XAI-Compress\checkpoints\neural_lossy_v1\validation.latest.pt,bc559421f72cb439e577,PASS
True,7.614873603762493,,model,,129529,0.20075291776114076,646.4464000018779,3.3745830012352145,38.45689998706803,451.06239992310293,1.7827999836299568,1653,1.2761620949748704,E_confidence_adaptive,10.737900011008605,,,,136080,332.25390625,,1.05057554678875,,"{""raw|default|identity"": 1, ""zstd|6|identity"": 1, ""zstd|9|identity"": 1}",,,64KiB_1MiB,C:\Users\ss\Desktop\XAI\XAI\engines\XAI-Compress\checkpoints\neural_lossy_v1\validation.latest.pt,bc559421f72cb439e577,PASS
True,7.523809523809524,91.91180000198074,model,3,127980,0.40046472677043116,324.0634999820031,4.687761919296149,27.68400000059046,204.7687000303995,1.274500013096258,104,0.08126269729645257,F_compact_xaic,8.688000001711771,,,,136080,332.25390625,requested_chunking,1.0632911392405062,confidence,"[""raw|default|identity"", ""zstd|9|identity"", ""zstd|6|identity""]",309.3427999992855,0.7668196988256216,64KiB_1MiB,C:\Users\ss\Desktop\XAI\XAI\engines\XAI-Compress\checkpoints\neural_lossy_v1\validation.latest.pt,bc559421f72cb439e577,PASS
True,8.004232804232805,0.0,model,1,136152,8.386821651362977,15.47380001284182,3.763968879496973,34.47849999065511,0.034900003811344504,0.0,72,0.05288207297726071,G_compact_adaptive,0.0,,,,136080,332.25390625,whole_file,0.9994711792702274,confidence,"[""raw|default|identity""]",1.926700002513826,1.0,64KiB_1MiB,C:\Users\ss\Desktop\XAI\XAI\engines\XAI-Compress\checkpoints\neural_lossy_v1\validation.latest.pt,bc559421f72cb439e577,PASS
True,8.004232804232805,0.0,model,1,136152,19.99969195840922,6.488899991381913,6.254566526912735,20.749000017531216,0.014499993994832039,0.0,72,0.05288207297726071,H_full_v2,0.0,N/A,N/A,N/A,136080,288.3828125,whole_file,0.9994711792702274,confidence,"[""raw|default|identity""]",0.7778999861329794,1.0,64KiB_1MiB,C:\Users\ss\Desktop\XAI\XAI\engines\XAI-Compress\checkpoints\neural_lossy_v1\validation.latest.pt,bc559421f72cb439e577,PASS
True,7.19738226294792,,model,,1346964,0.1570527885815049,9091.296900005545,42.319253616343794,33.73910000664182,,,,,A_fixed_best,,,,,1497171,288.3828125,,1.1115152298056963,,brotli-11,,,1_10MiB,C:\Users\ss\Desktop\XAI\XAI\engines\XAI-Compress\checkpoints\gru_smoke.pt,46873d3cf1d109fce5fb,PASS
True,7.324352395284173,11.589900008402765,model,,1370726,2.058276331716438,693.6937999853399,25.62897978944179,55.71089999284595,462.3646000109147,13.426499994238839,1213,0.08849325102172134,B_hybrid_v1,108.62729998189025,,,,1497171,288.3828125,,1.092246736401002,,"{""brotli"": 2}",584.4183999870438,N/A,1_10MiB,C:\Users\ss\Desktop\XAI\XAI\engines\XAI-Compress\checkpoints\gru_smoke.pt,46873d3cf1d109fce5fb,PASS
True,7.689985980225372,,model,,1439153,0.2443773176666548,5842.659800022375,18.104848495897546,78.86360000702552,5474.709700094536,24.020899989409372,10196,0.7084722750117604,C_ai_only,0.0,,,,1497171,332.25390625,,1.040313990242872,,"{""brotli|6|identity"": 12, ""raw|default|identity"": 11}",,,1_10MiB,C:\Users\ss\Desktop\XAI\XAI\engines\XAI-Compress\checkpoints\gru_smoke.pt,46873d3cf1d109fce5fb,PASS
True,7.856337051679468,,model,,1470285,0.24600142157819777,5804.086500022095,20.209674881521817,70.6499999796506,5385.683399770642,22.156899969559163,10524,0.7157795937522317,D_ai_top2,190.5090000363998,,,,1497171,332.25390625,,1.0182862506248789,,"{""brotli|6|identity"": 2, ""raw|default|identity"": 16, ""zstd|9|identity"": 5}",,,1_10MiB,C:\Users\ss\Desktop\XAI\XAI\engines\XAI-Compress\checkpoints\gru_smoke.pt,46873d3cf1d109fce5fb,PASS
True,7.480577702880967,,model,,1399963,0.18309730038785602,7798.113500000909,16.420010767068778,86.95569998235442,7095.154899900081,29.010700003709644,10657,0.7612344040521071,E_confidence_adaptive,381.69669994385913,,,,1497171,332.25390625,,1.0694361208117642,,"{""brotli|6|identity"": 8, ""deflate|9|identity"": 5, ""raw|default|identity"": 1, ""zstd|9|identity"": 9}",,,1_10MiB,C:\Users\ss\Desktop\XAI\XAI\engines\XAI-Compress\checkpoints\gru_smoke.pt,46873d3cf1d109fce5fb,PASS
True,7.442014305647117,133.84739999310113,model,23,1392746,0.15553070575665054,9180.267799994908,16.007739545241588,89.19519998016767,8446.947899879888,29.99379998072982,390,0.028002234434706688,F_compact_xaic,383.3284000575077,,,,1497171,332.25390625,requested_chunking,1.074977777713955,confidence,"[""raw|default|identity"", ""brotli|6|identity"", ""deflate|9|identity"", ""zstd|9|identity""]",9034.57069999422,0.47203795471954707,1_10MiB,C:\Users\ss\Desktop\XAI\XAI\engines\XAI-Compress\checkpoints\gru_smoke.pt,46873d3cf1d109fce5fb,PASS
True,8.000384725592468,0.0,model,1,1497243,33.09989289987401,43.13649999676272,28.46654405526681,50.157599995145574,0.03400002606213093,0.0,72,0.0048088386454303005,G_compact_adaptive,0.0,,,,1497171,332.25390625,whole_file,0.9999519116135457,confidence,"[""raw|default|identity""]",14.992499985964969,1.0,1_10MiB,C:\Users\ss\Desktop\XAI\XAI\engines\XAI-Compress\checkpoints\gru_smoke.pt,46873d3cf1d109fce5fb,PASS
True,8.000384725592468,0.0,model,1,1497243,63.69589404028127,22.416099993279204,40.177092974024944,35.5379999964498,0.025399989681318402,0.0,72,0.0048088386454303005,H_full_v2,0.0,N/A,N/A,N/A,1497171,288.3828125,whole_file,0.9999519116135457,confidence,"[""raw|default|identity""]",7.274299976415932,1.0,1_10MiB,C:\Users\ss\Desktop\XAI\XAI\engines\XAI-Compress\checkpoints\gru_smoke.pt,46873d3cf1d109fce5fb,PASS
True,6.964275244685759,,model,,1303654,0.12527339194843592,11400.335999991512,48.529454558959074,29.428700014250353,,,,,A_fixed_best,,,,,1497533,288.3828125,,1.148719675619451,,brotli-11,,,1_10MiB,C:\Users\ss\Desktop\XAI\XAI\engines\XAI-Compress\checkpoints\phase_j_v1_256.pt,1a26220d1e9b364d612d,PASS
True,7.132167371269949,6.930099974852055,model,,1335082,2.148812431676068,664.6270000201184,7.19347159365737,198.53539997711778,409.00039998814464,7.6852000202052295,1211,0.0907060390298124,B_hybrid_v1,113.57580000185408,,,,1497533,288.3828125,,1.1216786684263589,,"{""brotli"": 2}",530.2614000102039,N/A,1_10MiB,C:\Users\ss\Desktop\XAI\XAI\engines\XAI-Compress\checkpoints\phase_j_v1_256.pt,1a26220d1e9b364d612d,PASS
True,7.486996279881645,,model,,1401503,0.20602135498136095,6932.090899994364,10.40134503237601,137.30520001263358,6578.124099964043,32.464100047945976,10186,0.7267911663407071,C_ai_only,0.0,,,,1497533,332.25390625,,1.0685192967835246,,"{""brotli|6|identity"": 11, ""raw|default|identity"": 11, ""zstd|9|identity"": 1}",,,1_10MiB,C:\Users\ss\Desktop\XAI\XAI\engines\XAI-Compress\checkpoints\phase_j_v1_256.pt,1a26220d1e9b364d612d,PASS
True,7.568565100067912,,model,,1416772,0.212735920896841,6713.293900014833,13.538692468270312,105.48719999496825,6159.73209994263,28.099599992856383,10495,0.7407684510986948,D_ai_top2,248.07600007625297,,,,1497533,332.25390625,,1.0570035263260427,,"{""brotli|6|identity"": 4, ""raw|default|identity"": 13, ""zstd|1|identity"": 1, ""zstd|9|identity"": 5}",,,1_10MiB,C:\Users\ss\Desktop\XAI\XAI\engines\XAI-Compress\checkpoints\phase_j_v1_256.pt,1a26220d1e9b364d612d,PASS
True,7.325461275310794,,model,,1371265,0.2714711129383593,5260.81300000078,20.59384964341949,69.34879999607801,4675.443700019969,19.05920001445338,10700,0.7803014005316259,E_confidence_adaptive,277.29669990367256,,,,1497533,332.25390625,,1.0920813992918947,,"{""brotli|6|identity"": 5, ""deflate|9|identity"": 7, ""raw|default|identity"": 2, ""zstd|1|identity"": 2, ""zstd|6|identity"": 1, ""zstd|9|identity"": 6}",,,1_10MiB,C:\Users\ss\Desktop\XAI\XAI\engines\XAI-Compress\checkpoints\phase_j_v1_256.pt,1a26220d1e9b364d612d,PASS
True,7.314921273855067,91.51659993221983,model,23,1369292,0.31768720419623514,4495.487200008938,31.994738919296502,44.63730001589283,4060.7669000455644,16.88430004287511,396,0.028920055035741098,F_compact_xaic,220.501100004185,,,,1497533,332.25390625,requested_chunking,1.0936549691373352,confidence,"[""raw|default|identity"", ""deflate|9|identity"", ""zstd|9|identity"", ""brotli|6|identity"", ""zstd|1|identity"", ""zstd|6|identity""]",4415.9107000159565,0.4547663633931754,1_10MiB,C:\Users\ss\Desktop\XAI\XAI\engines\XAI-Compress\checkpoints\phase_j_v1_256.pt,1a26220d1e9b364d612d,PASS
True,8.000384632592404,0.0,model,1,1497605,38.41118965758225,37.18079999089241,26.968220689148836,52.95710000791587,0.02509998739697039,0.0,72,0.004807676256422755,G_compact_adaptive,0.0,,,,1497533,332.25390625,whole_file,0.9999519232374358,confidence,"[""raw|default|identity""]",12.169299996457994,1.0,1_10MiB,C:\Users\ss\Desktop\XAI\XAI\engines\XAI-Compress\checkpoints\phase_j_v1_256.pt,1a26220d1e9b364d612d,PASS
True,8.000384632592404,0.0,model,1,1497605,44.054771164868725,32.41779998643324,30.14595861677822,47.374799993122,0.03199998172931373,0.0,72,0.004807676256422755,H_full_v2,0.0,N/A,N/A,N/A,1497533,288.3828125,whole_file,0.9999519232374358,confidence,"[""raw|default|identity""]",11.92239997908473,1.0,1_10MiB,C:\Users\ss\Desktop\XAI\XAI\engines\XAI-Compress\checkpoints\phase_j_v1_256.pt,1a26220d1e9b364d612d,PASS
