SHA_PASS,actual_bpb,candidate_generation_ms,category,chunks,compressed_bytes,compression_MiB_s,compression_ms,decompression_MiB_s,decompression_ms,feature_scan_ms,inference_ms,metadata_bytes,metadata_percent,method,microbenchmark_ms,oracle_bytes,oracle_gap_percent,oracle_strategy,original_bytes,peak_RSS_MB,plan_mode,ratio,routing_mode,selected_strategy,selection_ms,selector_confidence,size_bucket,source,source_id,status
True,10.375048132460531,85.58479999192059,archive,,3368,0.01958480276935055,126.45989999873564,0.1268777733543054,19.52030000393279,14.138500002445653,3.280000004451722,771,22.891923990498814,hybrid_v1,6.907100003445521,,,,2597,213.54296875,,0.7710807600950119,,"{""raw"": 1}",24.325600010342896,N/A,lt_16KiB,C:\Users\ss\Desktop\XAI\XAI\apps\public_nextjs\.next\cache\webpack\client-development\2.pack.gz,86aebd2a6ca744d6ce03,PASS
True,8.206391990758567,0.0,archive,1,2664,0.4450400171785345,5.565100000239909,0.44291501838168845,5.5917999998200685,0.022499996703118086,0.0,67,2.515015015015015,hybrid_v2,0.0,N/A,N/A,N/A,2597,213.54296875,whole_file,0.9748498498498499,confidence,"[""raw|default|identity""]",0.4421000194270164,1.0,lt_16KiB,C:\Users\ss\Desktop\XAI\XAI\apps\public_nextjs\.next\cache\webpack\client-development\2.pack.gz,86aebd2a6ca744d6ce03,PASS
True,7.997859073573109,5.20909987972118,archive,,10874623,6.515493134144038,1592.1472999907564,71.72203975208669,144.63649998651817,1182.4782999465242,22.558600059710443,5289,0.04863616881247285,hybrid_v1,244.02770004235208,,,,10877534,282.80078125,,1.0002676874407508,,"{""brotli"": 1, ""raw"": 10}",1449.0646000485867,N/A,gt_10MiB,C:\Users\ss\Desktop\XAI\XAI\apps\public_nextjs\.next\cache\webpack\server-development\0.pack.gz,ab9fd50e606430ff1ad4,PASS
True,8.000080165228626,0.0,archive,3,10877643,20.715985038136427,500.7546000124421,158.43472927764762,65.475699986564,0.02570002106949687,0.0,109,0.0010020553165791524,hybrid_v2,0.0,N/A,N/A,N/A,10877534,282.80078125,homogeneous_chunks,0.9999899794468342,confidence,"[""raw|default|identity""]",1.744000008329749,1.0,gt_10MiB,C:\Users\ss\Desktop\XAI\XAI\apps\public_nextjs\.next\cache\webpack\server-development\0.pack.gz,ab9fd50e606430ff1ad4,PASS
True,8.003896057775703,5.0335999694652855,archive,,11804339,6.277697885511813,1792.3791999928653,67.41346479425529,166.9104999746196,1369.2888999939896,22.46539993211627,5741,0.04863465883180752,hybrid_v1,264.14260000456125,,,,11798593,288.3828125,,0.9995132298386212,,"{""brotli"": 1, ""raw"": 11}",1655.8968999306671,N/A,gt_10MiB,C:\Users\ss\Desktop\XAI\XAI\apps\public_nextjs\.next\cache\webpack\client-development\1.pack.gz,c00053085b900f5df548,PASS
True,8.000073907117569,0.0,archive,3,11798702,25.53559572410108,440.64039998920634,137.58850084206682,81.78019998013042,0.022499996703118086,0.0,109,0.0009238304349071619,hybrid_v2,0.0,N/A,N/A,N/A,11798593,288.3828125,homogeneous_chunks,0.9999907616956509,confidence,"[""raw|default|identity""]",1.6391999961342663,1.0,gt_10MiB,C:\Users\ss\Desktop\XAI\XAI\apps\public_nextjs\.next\cache\webpack\client-development\1.pack.gz,c00053085b900f5df548,PASS
True,133.55102040816325,11.80829998338595,binary,,818,0.001197438603390815,39.0250000054948,0.001817193579904264,25.715499999932945,3.7336999957915395,4.122300015296787,769,94.00977995110024,hybrid_v1,6.824799987953156,,,,49,288.3828125,,0.05990220048899755,,"{""raw"": 1}",14.680799999041483,N/A,lt_16KiB,C:\Users\ss\Desktop\XAI\XAI\apps\public_nextjs\.gitignore,5f8724e09072ab9a265f,PASS
True,18.122448979591837,0.0,binary,1,111,0.007327099359798326,6.377699988661334,0.006642602110896289,7.034899987047538,0.008899980457499623,0.0,62,55.85585585585586,hybrid_v2,0.0,N/A,N/A,N/A,49,288.3828125,whole_file,0.44144144144144143,confidence,"[""raw|default|identity""]",0.321899977279827,1.0,lt_16KiB,C:\Users\ss\Desktop\XAI\XAI\apps\public_nextjs\.gitignore,5f8724e09072ab9a265f,PASS
True,122.07407407407408,4.946100001689047,binary,,824,0.0029323941661690924,17.561899992870167,0.00323177992318638,15.935000003082678,1.9764000026043504,1.6388999938499182,770,93.44660194174757,hybrid_v1,2.892499993322417,,,,54,288.3828125,,0.06553398058252427,,"{""raw"": 1}",6.507799989776686,N/A,lt_16KiB,C:\Users\ss\Desktop\XAI\XAI\apps\mobile_authenticator_flutter\android\.gradle\buildOutputCleanup\cache.properties,a79486349dd2e056bef1,PASS
True,17.185185185185187,0.0,binary,1,116,0.014211555331443934,3.623700002208352,0.010731071662284465,4.79900001664646,0.0048000074457377195,0.0,62,53.44827586206897,hybrid_v2,0.0,N/A,N/A,N/A,54,288.3828125,whole_file,0.46551724137931033,confidence,"[""raw|default|identity""]",0.16160000814124942,1.0,lt_16KiB,C:\Users\ss\Desktop\XAI\XAI\apps\mobile_authenticator_flutter\android\.gradle\buildOutputCleanup\cache.properties,a79486349dd2e056bef1,PASS
True,68.3921568627451,4.400599980726838,binary,,872,0.006391919003181645,15.218400018056855,0.0029219806216416347,33.290699997451156,1.345600001513958,1.5134999994188547,770,88.30275229357798,hybrid_v1,2.729700005147606,,,,102,288.3828125,,0.11697247706422019,,"{""raw"": 1}",5.588800006080419,N/A,lt_16KiB,C:\Users\ss\Desktop\XAI\XAI\apps\public_nextjs\.next\cache\.rscinfo,40edde3ff58386c6e648,PASS
True,12.862745098039216,0.0,binary,1,164,0.013686601110888943,7.10730001446791,0.011802327122788262,8.242000010795891,0.011099997209385037,0.0,62,37.80487804878049,hybrid_v2,0.0,N/A,N/A,N/A,102,288.3828125,whole_file,0.6219512195121951,confidence,"[""raw|default|identity""]",0.34119997872039676,1.0,lt_16KiB,C:\Users\ss\Desktop\XAI\XAI\apps\public_nextjs\.next\cache\.rscinfo,40edde3ff58386c6e648,PASS
True,28.930232558139537,6.748599989805371,binary,,933,0.009461491305198752,26.00519999396056,0.009749261960055407,25.23759999894537,2.5680999970063567,3.168099996400997,764,81.88638799571275,hybrid_v1,4.972399998223409,,,,258,288.3828125,,0.2765273311897106,,"{""brotli"": 1}",10.708599991630763,N/A,lt_16KiB,C:\Users\ss\Desktop\XAI\XAI\apps\web_angular\Dockerfile,f6d8ac25d8ced35c97bb,PASS
True,7.751937984496124,61.156900017522275,binary,1,250,0.003442809759192249,71.4672000030987,0.00938373016682403,26.220700005069375,2.7024000009987503,0.3581999917514622,67,26.8,hybrid_v2,0.6840000278316438,N/A,N/A,N/A,258,288.3828125,whole_file,1.032,confidence,"[""brotli|4|identity""]",65.53920000442304,0.4472791210690842,lt_16KiB,C:\Users\ss\Desktop\XAI\XAI\apps\web_angular\Dockerfile,f6d8ac25d8ced35c97bb,PASS
True,11.222082810539524,8.480999997118488,binary,,1118,0.021696503810679137,35.03229998750612,0.030989205049301947,24.527200002921745,4.654800024582073,2.9008999990765005,764,68.33631484794276,hybrid_v1,6.230600003618747,,,,797,288.3828125,,0.7128801431127012,,"{""brotli"": 1}",13.78630002727732,N/A,lt_16KiB,C:\Users\ss\Desktop\XAI\XAI\apps\mobile_authenticator_flutter\android\settings.gradle.kts,cc0a768c16bc4f521d5e,PASS
True,4.336260978670013,67.6013000193052,binary,1,432,0.009583748021752839,79.30909999413416,0.043957020842546414,17.291399999521673,3.798000019742176,0.38819998735561967,67,15.50925925925926,hybrid_v2,0.45190000673756003,N/A,N/A,N/A,797,288.3828125,whole_file,1.8449074074074074,confidence,"[""brotli|4|identity""]",72.82479997957125,0.5718113910592681,lt_16KiB,C:\Users\ss\Desktop\XAI\XAI\apps\mobile_authenticator_flutter\android\settings.gradle.kts,cc0a768c16bc4f521d5e,PASS
True,4.440872560275546,7.084299984853715,binary,,1934,0.09474414351451237,35.06920000654645,0.12227493709134404,27.173199981916696,7.732199999736622,2.189199993154034,760,39.29679420889349,hybrid_v1,8.74289998319,,,,3484,288.3828125,,1.8014477766287487,,"{""brotli"": 1}",18.664299976080656,N/A,lt_16KiB,C:\Users\ss\Desktop\XAI\XAI\apps\admin_dotnet\Components\Pages\Home.razor,5cfd18ecb4615302b290,PASS
True,3.0470723306544203,57.09909999859519,binary,1,1327,0.04583954260395271,72.48329999856651,0.19255763893770186,17.255100014153868,6.847200042102486,0.40079999598674476,67,5.0489826676714396,hybrid_v2,0.753700005589053,N/A,N/A,N/A,3484,288.3828125,whole_file,2.6254709871891486,confidence,"[""deflate|6|identity""]",65.73120001121424,0.4786371602385439,lt_16KiB,C:\Users\ss\Desktop\XAI\XAI\apps\admin_dotnet\Components\Pages\Home.razor,5cfd18ecb4615302b290,PASS
True,3.8680338831921532,8.03769999765791,binary,,2169,0.10801092140180624,39.60879999794997,0.22485391342511324,19.02649999829009,11.118700000224635,2.49650000478141,764,35.22360534808668,hybrid_v1,8.399999991524965,,,,4486,288.3828125,,2.0682342093130477,,"{""brotli"": 1}",22.01519999653101,N/A,lt_16KiB,C:\Users\ss\Desktop\XAI\XAI\apps\web_angular\src\styles.scss,1364093c2cd97d6b467d,PASS
True,2.872938029424877,64.88200000603683,binary,1,1611,0.05080036219732825,84.2156000144314,1.0558200837403104,4.052000003866851,11.764400027459487,0.3733999910764396,67,4.158907510862818,hybrid_v2,0.5222000181674957,N/A,N/A,N/A,4486,288.3828125,whole_file,2.7846058348851646,confidence,"[""deflate|9|identity""]",78.1159000180196,0.46506050568757507,lt_16KiB,C:\Users\ss\Desktop\XAI\XAI\apps\web_angular\src\styles.scss,1364093c2cd97d6b467d,PASS
True,1.2024885939444214,8.683499996550381,binary,,1812,0.16390338322620687,70.14219998382032,0.5551499057161478,20.708900003228337,41.3684000086505,3.4442000032868236,765,42.21854304635762,hybrid_v1,7.553400006145239,,,,12055,288.3828125,,6.652869757174393,,"{""brotli"": 1}",52.36600001808256,N/A,lt_16KiB,C:\Users\ss\Desktop\XAI\XAI\apps\desktop_flutter\.flutter-plugins-dependencies,fb876718379f313755bf,PASS
True,0.770468685192866,77.55460002226755,binary,1,1161,0.09599363983969032,119.76359999971464,2.1913622762309832,5.24629998835735,33.24019999126904,0.5117999971844256,67,5.770887166236004,hybrid_v2,0.9242999949492514,N/A,N/A,N/A,12055,288.3828125,whole_file,10.383290267011198,confidence,"[""deflate|6|identity""]",112.96649998985231,0.4566057059402814,lt_16KiB,C:\Users\ss\Desktop\XAI\XAI\apps\desktop_flutter\.flutter-plugins-dependencies,fb876718379f313755bf,PASS
True,2.0110525205652814,5.299199983710423,binary,,5959,0.30291216292874584,74.63170000119135,0.9520036415318217,23.746599996229634,45.25140000623651,1.876900001661852,765,12.837724450411143,hybrid_v1,8.432500006165355,,,,23705,288.3828125,,3.9780164457123677,,"{""brotli"": 1}",55.560800014063716,N/A,16_64KiB,C:\Users\ss\Desktop\XAI\XAI\apps\desktop_flutter\pubspec.lock,665359906b3619ac985e,PASS
True,1.8456865640160305,55.51820000982843,binary,1,5469,0.2664167861449175,84.85519999521784,5.20775160311756,4.340999992564321,20.2356000081636,0.45870000030845404,71,1.2982263667946607,hybrid_v2,1.921100018080324,N/A,N/A,N/A,23705,288.3828125,whole_file,4.334430426037667,confidence,"[""zstd|6|identity""]",78.93940000212751,0.2891339604597721,16_64KiB,C:\Users\ss\Desktop\XAI\XAI\apps\desktop_flutter\pubspec.lock,665359906b3619ac985e,PASS
True,170.10526315789474,7.336500013479963,csv,,808,0.001602891959076314,22.608900006162003,0.0015107334061904758,23.988100001588464,1.9796000269707292,2.3859000066295266,770,95.29702970297029,hybrid_v1,4.023099987534806,,,,38,288.3828125,,0.04702970297029703,,"{""raw"": 1}",8.388600021135062,N/A,lt_16KiB,C:\Users\ss\Desktop\XAI\XAI\engines\XAI-Compress\results\final_analysis\roundtrip_results.csv,e3912e357456af06dfed,PASS
True,21.05263157894737,0.0,csv,1,100,0.0055663349920750905,6.510500010335818,0.00548014093667093,6.612900004256517,0.007199996616691351,0.0,62,62.0,hybrid_v2,0.0,N/A,N/A,N/A,38,288.3828125,whole_file,0.38,confidence,"[""raw|default|identity""]",0.37170000723563135,1.0,lt_16KiB,C:\Users\ss\Desktop\XAI\XAI\engines\XAI-Compress\results\final_analysis\roundtrip_results.csv,e3912e357456af06dfed,PASS
True,74.84444444444445,7.056800008285791,csv,,842,0.0036506609013708695,23.511000006692484,0.003882546930986412,22.10679999552667,2.2678000095766038,2.3935000062920153,764,90.73634204275534,hybrid_v1,4.599200008669868,,,,90,288.3828125,,0.10688836104513064,,"{""brotli"": 1}",9.260500024538487,N/A,lt_16KiB,C:\Users\ss\Desktop\XAI\XAI\engines\XAI-Compress\results\final_analysis\final_comparison.csv,921d357da1bee764ce1d,PASS
True,13.6,0.0,csv,1,153,0.011886589908323378,7.220800005597994,0.003959893355992151,21.674999996321276,0.009700015652924776,0.0,62,40.52287581699346,hybrid_v2,0.0,N/A,N/A,N/A,90,288.3828125,whole_file,0.5882352941176471,confidence,"[""brotli|1|identity""]",0.32220000866800547,1.0,lt_16KiB,C:\Users\ss\Desktop\XAI\XAI\engines\XAI-Compress\results\final_analysis\final_comparison.csv,921d357da1bee764ce1d,PASS
True,25.372937293729372,11.581799975829199,csv,,961,0.006844925415792513,42.21569999936037,0.008361763594617395,34.557700011646375,3.96329999784939,4.445800004759803,761,79.18834547346513,hybrid_v1,6.92510002409108,,,,303,288.3828125,,0.3152965660770031,,"{""brotli"": 1}",15.334200026700273,N/A,lt_16KiB,C:\Users\ss\Desktop\XAI\XAI\engines\XAI-Compress\results\final_project\lossless_bpb_breakdown.csv,39a02de3ede36018b3fe,PASS
True,7.3927392739273925,88.72090000659227,csv,1,280,0.0024237842666314322,119.21989999245852,0.0064937911887231105,44.4984000059776,4.064599983394146,0.7951000006869435,67,23.928571428571427,hybrid_v2,2.2526000102516264,N/A,N/A,N/A,303,288.3828125,whole_file,1.082142857142857,confidence,"[""brotli|4|identity""]",97.15489999507554,0.37563082082631577,lt_16KiB,C:\Users\ss\Desktop\XAI\XAI\engines\XAI-Compress\results\final_project\lossless_bpb_breakdown.csv,39a02de3ede36018b3fe,PASS
True,15.328467153284672,7.653600041521713,csv,,1050,0.016915193995020523,30.89610001188703,0.016201353026678054,32.25740001653321,4.001100023742765,2.3708999797236174,764,72.76190476190476,hybrid_v1,5.439100001240149,,,,548,288.3828125,,0.5219047619047619,,"{""brotli"": 1}",11.811100004706532,N/A,lt_16KiB,C:\Users\ss\Desktop\XAI\XAI\engines\XAI-Compress\results\hybrid_ai\final_decision_table.csv,13de65abccd316cc7ad0,PASS
True,5.416058394160584,64.98250001459382,csv,1,371,0.006628895776355274,78.83869999204762,0.08876662835918758,5.887500010430813,2.9836999892722815,0.44659999548457563,67,18.059299191374663,hybrid_v2,1.2189999979455024,N/A,N/A,N/A,548,288.3828125,whole_file,1.477088948787062,confidence,"[""brotli|4|identity""]",70.37920001312159,0.44190972518238536,lt_16KiB,C:\Users\ss\Desktop\XAI\XAI\engines\XAI-Compress\results\hybrid_ai\final_decision_table.csv,13de65abccd316cc7ad0,PASS
True,11.26774595267746,6.334500038065016,csv,,1131,0.02969864986249629,25.78570001060143,0.0449907160827581,17.021300009218976,5.268999986583367,2.005199989071116,763,67.46242263483643,hybrid_v1,4.723199992440641,,,,803,288.3828125,,0.7099911582670203,,"{""brotli"": 1}",11.997399968095124,N/A,lt_16KiB,C:\Users\ss\Desktop\XAI\XAI\engines\XAI-Compress\results\model_search\leaderboard.csv,7da935a5c5745da0fc47,PASS
True,4.493150684931507,73.19190000998788,csv,1,451,0.00868007489870277,88.22510001482442,0.14189899128651765,5.396799999289215,4.919799976050854,0.4619999963324517,67,14.855875831485587,hybrid_v2,0.5515000084415078,N/A,N/A,N/A,803,288.3828125,whole_file,1.7804878048780488,confidence,"[""deflate|9|identity""]",79.85779998125508,0.4131354937824424,lt_16KiB,C:\Users\ss\Desktop\XAI\XAI\engines\XAI-Compress\results\model_search\leaderboard.csv,7da935a5c5745da0fc47,PASS
True,9.961290322580645,5.4632999817840755,csv,,1158,0.03655385352357469,24.263300001621246,0.04534062912676037,19.561199995223433,3.5328000085428357,2.752400003373623,763,65.8894645941278,hybrid_v1,4.49520000256598,,,,930,288.3828125,,0.8031088082901554,,"{""brotli"": 1}",10.780400014482439,N/A,lt_16KiB,C:\Users\ss\Desktop\XAI\XAI\engines\XAI-Compress\results\final_project\lossy_benchmark.csv,5dc21384a6a2b295ec5d,PASS
True,4.2494623655913975,70.91750000836328,csv,1,494,0.010575104736176358,83.86840001912788,0.08628018051934348,10.279499983880669,3.48919999669306,0.8197999850381166,67,13.562753036437247,hybrid_v2,0.596199999563396,N/A,N/A,N/A,930,288.3828125,whole_file,1.8825910931174088,confidence,"[""deflate|6|identity""]",76.61509999888949,0.36834587394025864,lt_16KiB,C:\Users\ss\Desktop\XAI\XAI\engines\XAI-Compress\results\final_project\lossy_benchmark.csv,5dc21384a6a2b295ec5d,PASS
True,10.432601880877742,6.091499992180616,csv,,1248,0.03890805817817617,23.45700000296347,0.05403813782363243,16.889299993636087,4.008899995824322,2.2966999968048185,764,61.217948717948715,hybrid_v1,4.836499982047826,,,,957,288.3828125,,0.7668269230769231,,"{""brotli"": 1}",11.142099974676967,N/A,lt_16KiB,C:\Users\ss\Desktop\XAI\XAI\engines\XAI-Compress\results\model_v2\lossless_bpb_breakdown.csv,ef3edbf6186277f5ef97,PASS
True,4.714733542319749,62.18139998964034,csv,1,564,0.012422383721283299,73.46949999919161,0.04316901291603841,21.141700010048226,3.931200015358627,0.3758000093512237,67,11.879432624113475,hybrid_v2,0.4107000131625682,N/A,N/A,N/A,957,288.3828125,whole_file,1.696808510638298,confidence,"[""deflate|6|identity""]",67.50559998909011,0.3541490320771786,lt_16KiB,C:\Users\ss\Desktop\XAI\XAI\engines\XAI-Compress\results\model_v2\lossless_bpb_breakdown.csv,ef3edbf6186277f5ef97,PASS
True,8.77079107505071,6.856699998024851,csv,,1081,0.03290949061670882,28.5730000177864,0.020710908380366384,45.40230002021417,3.939000016544014,3.9914000080898404,764,70.67530064754857,hybrid_v1,5.206000001635402,,,,986,288.3828125,,0.9121184088806661,,"{""brotli"": 1}",13.136400026269257,N/A,lt_16KiB,C:\Users\ss\Desktop\XAI\XAI\engines\XAI-Compress\results\model_v2\kaggle_lossless_v2_progress.csv,0e4427f0e7b0f0da7ba0,PASS
True,3.440162271805274,56.495800003176555,csv,1,424,0.013902122388105181,67.6388000138104,0.05707643656259454,16.474799980642274,4.298600018955767,0.26950001483783126,67,15.80188679245283,hybrid_v2,0.3302999830339104,N/A,N/A,N/A,986,288.3828125,whole_file,2.3254716981132075,confidence,"[""deflate|6|identity""]",61.93850000272505,0.3602716998237668,lt_16KiB,C:\Users\ss\Desktop\XAI\XAI\engines\XAI-Compress\results\model_v2\kaggle_lossless_v2_progress.csv,0e4427f0e7b0f0da7ba0,PASS
True,7.849397590361446,5.879800010006875,csv,,1303,0.053040707444465346,23.87750000343658,0.06075815764607511,20.84459998877719,4.109000001335517,2.018700004555285,764,58.63392171910974,hybrid_v1,4.811799997696653,,,,1328,288.3828125,,1.0191864927091328,,"{""brotli"": 1}",10.939500003587455,N/A,lt_16KiB,C:\Users\ss\Desktop\XAI\XAI\engines\XAI-Compress\results\model_v2\lossless_benchmark.csv,b2aeaaf4897e7310def1,PASS
True,3.7349397590361444,48.58169998624362,csv,1,620,0.021376696617112664,59.245799988275394,0.3193744767429644,3.9655000146012753,3.3036999811884016,0.36279999767430127,67,10.806451612903226,hybrid_v2,0.4712000081781298,N/A,N/A,N/A,1328,288.3828125,whole_file,2.141935483870968,confidence,"[""deflate|6|identity""]",53.23210000642575,0.34887021880524066,lt_16KiB,C:\Users\ss\Desktop\XAI\XAI\engines\XAI-Compress\results\model_v2\lossless_benchmark.csv,b2aeaaf4897e7310def1,PASS
True,5.577495863210149,4.8081000277306885,csv,,1264,0.08497373334816379,20.347599987871945,0.11441845089289014,15.111299988348037,3.6580000014510006,1.588099985383451,766,60.60126582278481,hybrid_v1,3.9607000071555376,,,,1813,288.3828125,,1.4343354430379747,,"{""brotli"": 1}",9.20679999398999,N/A,lt_16KiB,C:\Users\ss\Desktop\XAI\XAI\engines\XAI-Compress\phase_j_results.csv,908ba22d7f9287d17ced,PASS
True,2.6784335355763926,63.0613999965135,csv,1,607,0.022673152569174838,76.25809998717159,0.28172185455964266,6.1372999916784465,3.6619000020436943,0.4369999805931002,67,11.037891268533773,hybrid_v2,0.5756999889854342,N/A,N/A,N/A,1813,288.3828125,whole_file,2.986820428336079,confidence,"[""deflate|9|identity""]",68.28410000889562,0.46180868776309525,lt_16KiB,C:\Users\ss\Desktop\XAI\XAI\engines\XAI-Compress\phase_j_results.csv,908ba22d7f9287d17ced,PASS
True,4.363294117647059,5.838500015670434,csv,,2318,0.11877401770056271,34.12460000254214,0.17857495895349473,22.697000007610768,11.072799999965355,1.7766999953892082,766,33.04572907679034,hybrid_v1,5.854700022609904,,,,4250,288.3828125,,1.8334771354616048,,"{""brotli"": 1}",18.704200017964467,N/A,lt_16KiB,C:\Users\ss\Desktop\XAI\XAI\engines\XAI-Compress\results\final_project\lossless_benchmark.csv,b26de929ad20b7ac9288,PASS
True,3.056941176470588,65.6996000034269,csv,1,1624,0.0484780138126652,83.60730001004413,0.9557432159055864,4.240800015395507,8.711599977687001,0.8742999925743788,67,4.125615763546798,hybrid_v2,0.998399977106601,N/A,N/A,N/A,4250,288.3828125,whole_file,2.6169950738916254,confidence,"[""deflate|6|identity""]",76.94460000493564,0.4103451849464779,lt_16KiB,C:\Users\ss\Desktop\XAI\XAI\engines\XAI-Compress\results\final_project\lossless_benchmark.csv,b26de929ad20b7ac9288,PASS
True,2.7789839339991316,4.954099975293502,csv,,1600,0.15067898480102515,29.15220000431873,0.2504061056126609,17.5419999868609,8.808600017800927,1.7697000002954155,766,47.875,hybrid_v1,5.1629999943543226,,,,4606,288.3828125,,2.87875,,"{""brotli"": 1}",15.741300012450665,N/A,lt_16KiB,C:\Users\ss\Desktop\XAI\XAI\engines\XAI-Compress\results\hybrid_ai\selector_feature_importance.csv,20cb03e2c284978c7f64,PASS
True,1.6743378202344767,64.01739997090772,csv,1,964,0.0542085090094617,81.03199998731725,0.863431988972329,5.087400000775233,8.421900012763217,0.4174000059720129,67,6.950207468879668,hybrid_v2,0.598300015553832,N/A,N/A,N/A,4606,288.3828125,whole_file,4.778008298755187,confidence,"[""deflate|6|identity""]",74.12550001754425,0.32185383091937725,lt_16KiB,C:\Users\ss\Desktop\XAI\XAI\engines\XAI-Compress\results\hybrid_ai\selector_feature_importance.csv,20cb03e2c284978c7f64,PASS
True,2.7671586187132826,4.697499971371144,csv,,2414,0.22055662140482937,30.176800006302074,0.32649953645814567,20.385000010719523,11.126500001410022,1.6425000212620944,765,31.690140845070424,hybrid_v1,5.22560000536032,,,,6979,288.3828125,,2.8910521955260977,,"{""brotli"": 1}",17.994600028032437,N/A,lt_16KiB,C:\Users\ss\Desktop\XAI\XAI\engines\XAI-Compress\results\model_search\imports\auto\residual-scale-depth-3c28504154\v1\results\model_search\residual_scale_depth\short_screen.metrics.csv,fd92d55f5169a15f74dc,PASS
True,2.094282848545637,67.11090001044795,csv,1,1827,0.07195336063667168,92.5000999995973,0.41297641281030334,16.116399987367913,17.240900022443384,0.3963999915868044,67,3.6672140120415984,hybrid_v2,0.6647999980486929,N/A,N/A,N/A,6979,288.3828125,whole_file,3.8199233716475094,confidence,"[""zstd|1|identity""]",86.0769999853801,0.3179421074312684,lt_16KiB,C:\Users\ss\Desktop\XAI\XAI\engines\XAI-Compress\results\model_search\imports\auto\residual-scale-depth-3c28504154\v1\results\model_search\residual_scale_depth\short_screen.metrics.csv,fd92d55f5169a15f74dc,PASS
True,1.7106482733748083,5.333799956133589,csv,,11858,0.429069647869488,123.25740000233054,2.0074248527651486,26.345199992647395,88.16949999891222,1.9566000264603645,766,6.459773992241525,hybrid_v1,16.66779999504797,,,,55455,288.3828125,,4.676589644122112,,"{""brotli"": 1}",106.79390002042055,N/A,16_64KiB,C:\Users\ss\Desktop\XAI\XAI\engines\XAI-Compress\data\domain_focused\archive (1)\FaceForensics++_C23\csv\FaceShifter.csv,16a980a0d416c9105d7a,PASS
True,1.6903074564962581,59.39030001172796,csv,1,11717,0.4326432597366657,122.23929999163374,2.3945706830531615,22.085800010245293,40.30259998398833,0.4346999921835959,71,0.6059571562686694,hybrid_v2,3.5521999816410244,N/A,N/A,N/A,55455,288.3828125,whole_file,4.732866774771699,confidence,"[""zstd|9|identity""]",104.69780000858009,0.20803763423704164,16_64KiB,C:\Users\ss\Desktop\XAI\XAI\engines\XAI-Compress\data\domain_focused\archive (1)\FaceForensics++_C23\csv\FaceShifter.csv,16a980a0d416c9105d7a,PASS
True,1.547954347119317,4.114000010304153,csv,,11308,0.3402361821765319,163.80880001815967,3.098088387448222,17.98970001982525,129.48580001830123,2.0801999780815095,768,6.791651927838698,hybrid_v1,14.517199975671247,,,,58441,288.3828125,,5.16811107180757,,"{""brotli"": 1}",146.083199972054,N/A,16_64KiB,C:\Users\ss\Desktop\XAI\XAI\engines\XAI-Compress\data\domain_focused\archive (1)\FaceForensics++_C23\csv\NeuralTextures.csv,6e96649c37ae12817da8,PASS
True,1.6248866378056501,56.23850002302788,csv,1,11870,0.6144411216542195,90.7063000195194,3.4555165349766863,16.12890002434142,23.535799991805106,0.37769999471493065,71,0.5981465880370682,hybrid_v2,1.7033999902196229,N/A,N/A,N/A,58441,288.3828125,whole_file,4.923420387531592,confidence,"[""zstd|6|identity""]",82.58659997954965,0.2088647640168887,16_64KiB,C:\Users\ss\Desktop\XAI\XAI\engines\XAI-Compress\data\domain_focused\archive (1)\FaceForensics++_C23\csv\NeuralTextures.csv,6e96649c37ae12817da8,PASS
True,0.6151527898989773,6.405299965990707,csv,,61235,3.527506405187729,215.29749999172054,27.05537485266994,28.070699976524338,139.77119998889975,2.2920000192243606,768,1.2541846982934597,hybrid_v1,19.83150001615286,,,,796355,288.3828125,,13.00489915897771,,"{""brotli"": 1}",161.89470002427697,N/A,64KiB_1MiB,C:\Users\ss\Desktop\XAI\XAI\engines\XAI-Compress\phase_h_dataset_report.csv,90bb57d94e3fa72035ad,PASS
True,0.6364900075971144,72.89919999311678,csv,1,63359,5.343208205811567,142.13620001100935,27.760394129042783,27.35779999056831,35.67830001702532,0.42669998947530985,72,0.1136381571678846,hybrid_v2,1.0958999919239432,N/A,N/A,N/A,796355,288.3828125,whole_file,12.568932590476491,confidence,"[""zstd|6|identity""]",114.61280001094565,0.2137395971456155,64KiB_1MiB,C:\Users\ss\Desktop\XAI\XAI\engines\XAI-Compress\phase_h_dataset_report.csv,90bb57d94e3fa72035ad,PASS
True,4.752193752193752,5.6588000152260065,executable,,13539,0.23290082625323094,93.3278999873437,0.7867006288566756,27.629499993054196,46.75680000218563,3.4736999950837344,766,5.657729522121279,hybrid_v1,19.70830000936985,,,,22792,288.3828125,,1.6834330452766084,,"{""brotli"": 1}",69.93880000663921,N/A,16_64KiB,C:\Users\ss\Desktop\XAI\XAI\apps\admin_dotnet\bin\Debug\net8.0\Microsoft.Extensions.ObjectPool.dll,63b80d177dabc1b0609f,PASS
True,4.647244647244647,101.28139998414554,executable,1,13240,0.12683677529467519,171.37100000400096,0.5492545597666805,39.57389999413863,47.6691999938339,0.9208999981638044,71,0.5362537764350453,hybrid_v2,5.759899999247864,N/A,N/A,N/A,22792,288.3828125,whole_file,1.7214501510574018,confidence,"[""zstd|6|identity""]",156.68650000588968,0.47021215843970054,16_64KiB,C:\Users\ss\Desktop\XAI\XAI\apps\admin_dotnet\bin\Debug\net8.0\Microsoft.Extensions.ObjectPool.dll,63b80d177dabc1b0609f,PASS
True,4.028637951105937,6.7906000185757875,executable,,17303,0.19793865512135714,165.54750001523644,1.2484331666367343,26.247499976307154,115.50089999218471,3.9170999953057617,768,4.438536669941628,hybrid_v1,20.966799987945706,,,,34360,288.3828125,,1.9857828122290933,,"{""brotli"": 1}",140.38479997543618,N/A,16_64KiB,C:\Users\ss\Desktop\XAI\XAI\apps\admin_dotnet\bin\Debug\net8.0\Microsoft.Extensions.AmbientMetadata.Application.dll,8532a7e7c38dfc36aa1a,PASS
True,3.866589057043073,114.46080001769587,executable,1,16607,0.16768157482618154,195.41949999984354,1.0918528006464108,30.01159999985248,52.15120001230389,1.050599996233359,72,0.4335521165773469,hybrid_v2,6.554899999173358,N/A,N/A,N/A,34360,288.3828125,whole_file,2.0690070452218943,confidence,"[""brotli|6|identity""]",175.32280000159517,0.35737815825225583,16_64KiB,C:\Users\ss\Desktop\XAI\XAI\apps\admin_dotnet\bin\Debug\net8.0\Microsoft.Extensions.AmbientMetadata.Application.dll,8532a7e7c38dfc36aa1a,PASS
True,3.24125068568294,9.690599981695414,image,,3693,0.11672872409548841,74.46960001834668,0.4508332545983513,19.28149999002926,37.68899998976849,2.667900000233203,764,20.687787706471703,hybrid_v1,8.952100004535168,,,,9115,288.3828125,,2.468183049011644,,"{""brotli"": 1}",49.30899999453686,N/A,lt_16KiB,C:\Users\ss\Desktop\XAI\XAI\engines\XAI-Compress\results\hybrid_ai\figures\01_codec_bpb.png,b431de9bd8324ec90c36,PASS
True,8.058804168952276,0.0,image,1,9182,1.493675166606764,5.819700018037111,0.49422307489455536,17.588699993211776,0.01789999078027904,0.0,67,0.7296885210193857,hybrid_v2,0.0,N/A,N/A,N/A,9115,288.3828125,whole_file,0.9927031147898061,confidence,"[""raw|default|identity""]",0.44669999624602497,1.0,lt_16KiB,C:\Users\ss\Desktop\XAI\XAI\engines\XAI-Compress\results\hybrid_ai\figures\01_codec_bpb.png,b431de9bd8324ec90c36,PASS
True,3.6197283774124376,12.187399988761172,image,,4431,0.14402348610120683,64.84590002219193,0.30789854383881315,30.332499998621643,23.577099986141548,4.009500000393018,765,17.264725795531483,hybrid_v1,8.786499995039776,,,,9793,288.3828125,,2.2101105845181674,,"{""brotli"": 1}",36.37309998157434,N/A,lt_16KiB,C:\Users\ss\Desktop\XAI\XAI\engines\XAI-Compress\results\hybrid_ai\figures\04_decompression_speed.png,801658a38cf0cafec5ef,PASS
True,8.0547329725314,0.0,image,1,9860,1.888717965554197,4.944799991790205,0.5244959696948943,17.806299991207197,0.01960000372491777,0.0,67,0.6795131845841785,hybrid_v2,0.0,N/A,N/A,N/A,9793,288.3828125,whole_file,0.9932048681541582,confidence,"[""raw|default|identity""]",0.4112999886274338,1.0,lt_16KiB,C:\Users\ss\Desktop\XAI\XAI\engines\XAI-Compress\results\hybrid_ai\figures\04_decompression_speed.png,801658a38cf0cafec5ef,PASS
True,3076.0,15.59240001370199,json,,769,5.1286875278781315e-05,37.18979997211136,7.463408327718296e-05,25.55600000778213,2.434099995298311,4.882299981545657,767,99.73992197659298,hybrid_v1,5.666799988830462,,,,2,288.3828125,,0.002600780234070221,,"{""raw"": 1}",12.98319996567443,N/A,lt_16KiB,C:\Users\ss\Desktop\XAI\XAI\engines\XAI-Compress\results\benchmark_results.json,b2d26822f2e8d5499ddf,PASS
True,256.0,0.0,json,1,64,0.0002808393653381735,6.7915999970864505,2.0230359431900206e-05,94.28150000167079,0.01409999094903469,0.0,62,96.875,hybrid_v2,0.0,N/A,N/A,N/A,2,288.3828125,whole_file,0.03125,confidence,"[""raw|default|identity""]",0.38339997990988195,1.0,lt_16KiB,C:\Users\ss\Desktop\XAI\XAI\engines\XAI-Compress\results\benchmark_results.json,b2d26822f2e8d5499ddf,PASS
True,206.19354838709677,6.74580002669245,json,,799,0.0011262525358499281,26.24979999382049,0.001714008477417815,17.248399992240593,2.673900016816333,4.664799984311685,768,96.12015018773467,hybrid_v1,5.057800008216873,,,,31,288.3828125,,0.03879849812265332,,"{""raw"": 1}",12.39650000934489,N/A,lt_16KiB,C:\Users\ss\Desktop\XAI\XAI\apps\public_nextjs\.next\static\webpack\1cde06a0bb489b45.webpack.hot-update.json,215155f5831d7da605e0,PASS
True,24.0,0.0,json,1,93,0.004780631589782609,6.184099998790771,0.003879370122044603,7.620799995493144,0.007399998139590025,0.0,62,66.66666666666667,hybrid_v2,0.0,N/A,N/A,N/A,31,288.3828125,whole_file,0.3333333333333333,confidence,"[""raw|default|identity""]",0.3200999926775694,1.0,lt_16KiB,C:\Users\ss\Desktop\XAI\XAI\apps\public_nextjs\.next\static\webpack\1cde06a0bb489b45.webpack.hot-update.json,215155f5831d7da605e0,PASS
True,80.09638554216868,6.5848999947775155,json,,831,0.0036651078726469776,21.596900012809783,0.00489048644232703,16.185499989660457,1.5907999768387526,3.268700005719438,763,91.81708784596871,hybrid_v1,3.961299982620403,,,,83,288.3828125,,0.09987966305655836,,"{""brotli"": 1}",8.820799965178594,N/A,lt_16KiB,C:\Users\ss\Desktop\XAI\XAI\apps\public_nextjs\.next\server\middleware-manifest.json,e43e7849d7ac7eee3e69,PASS
True,14.36144578313253,0.0,json,1,149,0.013310738446698904,5.946699995547533,0.0046428468978804,17.04880001489073,0.017200014553964138,0.0,62,41.61073825503356,hybrid_v2,0.0,N/A,N/A,N/A,83,288.3828125,whole_file,0.5570469798657718,confidence,"[""brotli|1|identity""]",0.5009000014979392,1.0,lt_16KiB,C:\Users\ss\Desktop\XAI\XAI\apps\public_nextjs\.next\server\middleware-manifest.json,e43e7849d7ac7eee3e69,PASS
True,18.5,5.216999998083338,json,,962,0.017890075066356467,22.175899997819215,0.021633758434772814,18.338399997446686,3.574299975298345,2.0929000165779144,764,79.41787941787942,hybrid_v1,3.847900021355599,,,,416,288.3828125,,0.43243243243243246,,"{""brotli"": 1}",9.515100013231859,N/A,lt_16KiB,C:\Users\ss\Desktop\XAI\XAI\apps\admin_dotnet\bin\Debug\net8.0\AdminDotNet.runtimeconfig.json,719549724763a3953a3a,PASS
True,5.365384615384615,69.81079999241047,json,1,279,0.0048082127092417696,82.51060001202859,0.060640526450716714,6.542299990542233,2.5009000091813505,0.47870000707916915,67,24.014336917562723,hybrid_v2,1.351700018858537,N/A,N/A,N/A,416,288.3828125,whole_file,1.4910394265232976,confidence,"[""brotli|4|identity""]",74.89580000401475,0.4798438204683559,lt_16KiB,C:\Users\ss\Desktop\XAI\XAI\apps\admin_dotnet\bin\Debug\net8.0\AdminDotNet.runtimeconfig.json,719549724763a3953a3a,PASS
True,13.077685950413223,4.91889999830164,json,,989,0.03143478807971317,18.354600004386157,0.03929691073178615,14.682399982120842,2.5257000233978033,1.6137000056914985,766,77.45197168857432,hybrid_v1,3.4365000028628856,,,,605,288.3828125,,0.6117290192113246,,"{""brotli"": 1}",7.575900031952187,N/A,lt_16KiB,C:\Users\ss\Desktop\XAI\XAI\apps\web_angular\package.after-audit-force.json,a5121d3f04b140dd77b4,PASS
True,4.178512396694215,54.42530001164414,json,1,316,0.008869520643785541,65.05120001384057,0.11811840265461349,4.884699999820441,2.3944999848026782,0.4202999989502132,67,21.20253164556962,hybrid_v2,0.3547999949660152,N/A,N/A,N/A,605,288.3828125,whole_file,1.9145569620253164,confidence,"[""deflate|9|identity""]",58.1442000111565,0.7071236681343398,lt_16KiB,C:\Users\ss\Desktop\XAI\XAI\apps\web_angular\package.after-audit-force.json,a5121d3f04b140dd77b4,PASS
True,9.639546858908341,5.386199976783246,json,,1170,0.04327873405990051,21.396600001025945,0.05579394958701235,16.59710000967607,3.0919999990146607,1.784299995051697,764,65.2991452991453,hybrid_v1,4.078300000401214,,,,971,288.3828125,,0.82991452991453,,"{""brotli"": 1}",8.954599994467571,N/A,lt_16KiB,C:\Users\ss\Desktop\XAI\XAI\engines\XAI-Compress\results\hybrid_ai\baseline_integrity.json,4416f13ac2189fe77572,PASS
True,4.053553038105046,145.1472000044305,json,1,492,0.005464408331107474,169.46350000216626,0.11074118138712385,8.362000022316352,3.430799988564104,1.3211000186856836,67,13.617886178861788,hybrid_v2,4.5335000031627715,N/A,N/A,N/A,971,288.3828125,whole_file,1.9735772357723578,confidence,"[""deflate|6|identity""]",155.95690000918694,0.620328664444165,lt_16KiB,C:\Users\ss\Desktop\XAI\XAI\engines\XAI-Compress\results\hybrid_ai\baseline_integrity.json,4416f13ac2189fe77572,PASS
True,9.147317073170731,7.29389998014085,json,,1172,0.03376135606462342,28.95369997713715,0.03318023184789744,29.460799996741116,6.1206000100355595,2.6661000156309456,766,65.35836177474403,hybrid_v1,4.574299993691966,,,,1025,288.3828125,,0.8745733788395904,,"{""brotli"": 1}",13.361000019358471,N/A,lt_16KiB,C:\Users\ss\Desktop\XAI\XAI\engines\XAI-Compress\checkpoints\kaggle\best.summary.json,0b56a8336d926b137c46,PASS
True,3.9258536585365853,61.89799998537637,json,1,503,0.013032888655866541,75.00380001147278,0.17712476894602514,5.518799996934831,4.074099997524172,0.4515000036917627,67,13.320079522862823,hybrid_v2,0.3412999794818461,N/A,N/A,N/A,1025,288.3828125,whole_file,2.0377733598409544,confidence,"[""deflate|6|identity""]",67.37559998873621,0.711012616595954,lt_16KiB,C:\Users\ss\Desktop\XAI\XAI\engines\XAI-Compress\checkpoints\kaggle\best.summary.json,0b56a8336d926b137c46,PASS
True,9.586121437422552,6.476900016423315,json,,1934,0.03980682345433329,38.667500019073486,0.073435511272502,20.96029999665916,4.3428999779280275,4.597499995725229,766,39.60703205791106,hybrid_v1,12.029999983496964,,,,1614,288.3828125,,0.8345398138572906,,"{""brotli"": 1}",20.97039995715022,N/A,lt_16KiB,C:\Users\ss\Desktop\XAI\XAI\apps\admin_dotnet\obj\Debug\net8.0\rjsmcshtml.dswa.cache.json,d3bde520fa745484d111,PASS
True,6.200743494423792,61.48309999844059,json,1,1251,0.020474968758490062,75.17620001453906,0.11193995477094783,13.750499987509102,7.172199955675751,0.3436999977566302,67,5.355715427657874,hybrid_v2,0.4495000175666064,N/A,N/A,N/A,1614,288.3828125,whole_file,1.290167865707434,confidence,"[""deflate|6|identity""]",70.11359999887645,0.5640291217092533,lt_16KiB,C:\Users\ss\Desktop\XAI\XAI\apps\admin_dotnet\obj\Debug\net8.0\rjsmcshtml.dswa.cache.json,d3bde520fa745484d111,PASS
True,6.844547563805104,8.192999986931682,json,,1475,0.055963297425555746,29.3787999835331,0.10127473285980795,16.234399983659387,5.530499998712912,2.3920000239741057,764,51.79661016949152,hybrid_v1,5.17230000696145,,,,1724,288.3828125,,1.168813559322034,,"{""brotli"": 1}",13.094800029648468,N/A,lt_16KiB,C:\Users\ss\Desktop\XAI\XAI\engines\XAI-Compress\notebooks\06_model_architecture.ipynb,2aaa61682ef5b2eeabcd,PASS
True,3.902552204176334,51.09049996826798,json,1,841,0.02525478552354473,65.10189999244176,0.3633687368295631,4.524699994362891,5.550600006245077,0.48740001511760056,67,7.966706302021403,hybrid_v2,0.5443000118248165,N/A,N/A,N/A,1724,288.3828125,whole_file,2.0499405469678953,confidence,"[""deflate|6|identity""]",58.36510000517592,0.6154427122434402,lt_16KiB,C:\Users\ss\Desktop\XAI\XAI\engines\XAI-Compress\notebooks\06_model_architecture.ipynb,2aaa61682ef5b2eeabcd,PASS
True,3.2157806110175606,5.027300037909299,json,,1671,0.1524473616732298,26.00520002306439,0.23778507663915585,16.67230000020936,7.62000001850538,1.9432999833952636,764,45.72112507480551,hybrid_v1,4.899000021396205,,,,4157,288.3828125,,2.4877318970676243,,"{""brotli"": 1}",14.462300023296848,N/A,lt_16KiB,C:\Users\ss\Desktop\XAI\XAI\apps\admin_dotnet\obj\Debug\net8.0\staticwebassets.build.json,5b2a797175be2fc16d7c,PASS
True,1.9417849410632668,68.60640001832508,json,1,1009,0.04644118783208289,85.36439997260459,0.7483434258586017,5.297600000631064,8.117499994114041,0.4386999935377389,67,6.640237859266601,hybrid_v2,0.6334999925456941,N/A,N/A,N/A,4157,288.3828125,whole_file,4.1199207135778,confidence,"[""deflate|6|identity""]",78.42190001974814,0.38148509848445084,lt_16KiB,C:\Users\ss\Desktop\XAI\XAI\apps\admin_dotnet\obj\Debug\net8.0\staticwebassets.build.json,5b2a797175be2fc16d7c,PASS
True,1.2400884303610906,5.248099972959608,json,,4207,0.4029680890152786,64.23019999056123,1.2506086149529114,20.696099993074313,40.915300021879375,1.7850000003818423,767,18.231518897076302,hybrid_v1,7.715899992035702,,,,27140,288.3828125,,6.451152840503922,,"{""brotli"": 1}",50.41620001429692,N/A,16_64KiB,C:\Users\ss\Desktop\XAI\XAI\engines\XAI-Compress\results\final\lossless_benchmark.json,1f2e48d06ee45b484a60,PASS
True,1.1071481208548268,81.31350003532134,json,1,3756,0.19941584501831405,129.79269999777898,4.153663105627227,6.231300008948892,34.47519999463111,0.7581999816466123,71,1.8903088391906284,hybrid_v2,2.325400011613965,N/A,N/A,N/A,27140,288.3828125,whole_file,7.225772097976571,confidence,"[""zstd|6|identity""]",119.81549998745322,0.3244866656810114,16_64KiB,C:\Users\ss\Desktop\XAI\XAI\engines\XAI-Compress\results\final\lossless_benchmark.json,1f2e48d06ee45b484a60,PASS
True,0.8045164547666039,5.395400017732754,json,,8764,0.5218558153183465,159.2600999865681,2.9371098250117385,28.296800010139123,119.92930000997148,1.836099982028827,766,8.740301232314012,hybrid_v1,14.90790001116693,,,,87148,288.3828125,,9.943861250570516,,"{""brotli"": 1}",136.67330000316724,N/A,64KiB_1MiB,C:\Users\ss\Desktop\XAI\XAI\apps\admin_dotnet\obj\project.assets.json,d27dc1d6d4717d80c545,PASS
True,0.8021297103777482,133.14010002068244,json,1,8738,0.3911564456918457,212.47459997539409,3.884063823260194,21.397900010924786,60.53220000467263,0.8724999788682908,71,0.8125429159990845,hybrid_v2,1.5536000137217343,N/A,N/A,N/A,87148,288.3828125,whole_file,9.973449301899748,confidence,"[""deflate|6|identity""]",197.86240000394173,0.40687571717773513,64KiB_1MiB,C:\Users\ss\Desktop\XAI\XAI\apps\admin_dotnet\obj\project.assets.json,d27dc1d6d4717d80c545,PASS
True,3.845225417110401,8.721499994862825,logs,,1354,0.07043935238348667,38.13920001266524,0.012982421662173508,206.93369998480193,12.358500011032447,2.761999989161268,765,56.49926144756278,hybrid_v1,5.307399987941608,,,,2817,288.3828125,,2.0805022156573116,,"{""brotli"": 1}",20.427899988135323,N/A,lt_16KiB,C:\Users\ss\Desktop\XAI\XAI\engines\XAI-Compress\phase_g_run.log,cd260a4c13627b0f1896,PASS
True,2.004969826056088,78.97590001812205,logs,1,706,0.02882913442397678,93.18699999130331,0.13581217086673641,19.78099998086691,6.060900021111593,0.6142999918665737,67,9.490084985835693,hybrid_v2,0.5600000149570405,N/A,N/A,N/A,2817,288.3828125,whole_file,3.990084985835694,confidence,"[""deflate|9|identity""]",86.89369997591712,0.3167826701746227,lt_16KiB,C:\Users\ss\Desktop\XAI\XAI\engines\XAI-Compress\phase_g_run.log,cd260a4c13627b0f1896,PASS
True,0.6634825692987546,15.700899995863438,logs,,3716,0.17582798133640987,243.0234999919776,1.8164337062632019,23.524299991549924,197.3983999923803,5.122400005348027,765,20.58665231431647,hybrid_v1,9.666900004958734,,,,44806,288.3828125,,12.057588805166846,,"{""brotli"": 1}",212.18770000268705,N/A,16_64KiB,C:\Users\ss\Desktop\XAI\XAI\engines\XAI-Compress\results\model_search\imports\candidate_b_20260830-183205\watch.log,1dfa898e4b00116e4cab,PASS
True,0.5808150694103468,62.841700011631474,logs,1,3253,0.35987255418786,118.73740001465194,2.5505925118325528,16.753100004279986,40.165499987779185,0.45530000352300704,71,2.1826006762988013,hybrid_v2,0.9336000075563788,N/A,N/A,N/A,44806,288.3828125,whole_file,13.773747310175223,confidence,"[""deflate|6|identity""]",105.29949999181554,0.2843045137069368,16_64KiB,C:\Users\ss\Desktop\XAI\XAI\engines\XAI-Compress\results\model_search\imports\candidate_b_20260830-183205\watch.log,1dfa898e4b00116e4cab,PASS
True,101.21212121212122,8.595899969805032,markdown,,835,0.0023345327553516153,26.961499999742955,0.0022088499578747905,28.49560001050122,2.135399990947917,3.718300024047494,769,92.09580838323353,hybrid_v1,5.2081000176258385,,,,66,288.3828125,,0.07904191616766468,,"{""raw"": 1}",11.06180003262125,N/A,lt_16KiB,C:\Users\ss\Desktop\XAI\XAI\tools\qt_inspector\README.md,aedca929aa742fd71e9b,PASS
True,16.0,0.0,markdown,1,132,0.009305790381732636,6.763799989130348,0.008629945133244186,7.293500006198883,0.013499986380338669,0.0,62,46.96969696969697,hybrid_v2,0.0,N/A,N/A,N/A,66,288.3828125,whole_file,0.5,confidence,"[""brotli|1|identity""]",0.4312999953981489,1.0,lt_16KiB,C:\Users\ss\Desktop\XAI\XAI\tools\qt_inspector\README.md,aedca929aa742fd71e9b,PASS
True,18.089285714285715,5.66570000955835,markdown,,1013,0.0076160256857253,56.09830000321381,0.017217459553807025,24.814700009301305,2.9992999916430563,2.198900008806959,764,75.41954590325766,hybrid_v1,5.262899998342618,,,,448,288.3828125,,0.4422507403751234,,"{""brotli"": 1}",10.461099998792633,N/A,lt_16KiB,C:\Users\ss\Desktop\XAI\XAI\engines\XAI-Compress\reports\experiment_report.md,81a445cc02e5ab1cabd2,PASS
True,6.160714285714286,154.6939999971073,markdown,1,345,0.002428432867702098,175.9349000058137,0.05698362089039936,7.497699989471585,4.687599983299151,0.4972000024281442,67,19.420289855072465,hybrid_v2,1.2675000180024654,N/A,N/A,N/A,448,288.3828125,whole_file,1.298550724637681,confidence,"[""deflate|9|identity""]",161.9971999898553,0.2716419188410713,lt_16KiB,C:\Users\ss\Desktop\XAI\XAI\engines\XAI-Compress\reports\experiment_report.md,81a445cc02e5ab1cabd2,PASS
True,14.726968174204355,7.873900001868606,markdown,,1099,0.020140208972256605,28.26899997307919,0.030573870916445128,18.621900002472103,2.7823999989777803,3.9206999936141074,765,69.60873521383076,hybrid_v1,6.265300005907193,,,,597,288.3828125,,0.543221110100091,,"{""brotli"": 1}",12.96839999849908,N/A,lt_16KiB,C:\Users\ss\Desktop\XAI\XAI\apps\public_nextjs\docs\INTEGRATION.md,2b5091e58cb6922ad60d,PASS
True,5.855946398659967,71.98600002448075,markdown,1,437,0.006684483944573428,85.17389997723512,0.10067255507444743,5.655399989336729,3.1481999903917313,0.5540999991353601,67,15.331807780320366,hybrid_v2,0.6123000057414174,N/A,N/A,N/A,597,288.3828125,whole_file,1.366132723112128,confidence,"[""deflate|6|identity""]",77.12699999683537,0.3368625060770264,lt_16KiB,C:\Users\ss\Desktop\XAI\XAI\apps\public_nextjs\docs\INTEGRATION.md,2b5091e58cb6922ad60d,PASS
True,12.58605974395448,5.694600025890395,markdown,,1106,0.026673498272546836,25.134800001978874,0.03301698753733955,20.305700018070638,2.922500018030405,2.1015999955125153,764,69.07775768535262,hybrid_v1,5.641800002194941,,,,703,288.3828125,,0.635623869801085,,"{""brotli"": 1}",10.665900015737861,N/A,lt_16KiB,C:\Users\ss\Desktop\XAI\XAI\apps\mobile_authenticator_flutter\docs\PRODUCTION_CHECKLIST.md,8028fd8746ec7555a569,PASS
True,5.075391180654338,93.76269998028874,markdown,1,446,0.005801495857871469,115.56209999253042,0.1172290692275907,5.71899997885339,5.136499996297061,0.599899998633191,67,15.022421524663677,hybrid_v2,0.5605999904219061,N/A,N/A,N/A,703,288.3828125,whole_file,1.5762331838565022,confidence,"[""deflate|6|identity""]",101.20719997212291,0.31197683395891057,lt_16KiB,C:\Users\ss\Desktop\XAI\XAI\apps\mobile_authenticator_flutter\docs\PRODUCTION_CHECKLIST.md,8028fd8746ec7555a569,PASS
True,11.44988344988345,5.2563000353984535,markdown,,1228,0.03294238323163808,24.83890001894906,0.03876835069372458,21.106200001668185,4.4602999987546355,1.893599983304739,764,62.214983713355046,hybrid_v1,4.794800013769418,,,,858,288.3828125,,0.6986970684039088,,"{""brotli"": 1}",11.148699995828792,N/A,lt_16KiB,C:\Users\ss\Desktop\XAI\XAI\apps\mobile_authenticator_flutter\docs\INTEGRATION.md,1cff286a0579303a0e2e,PASS
True,5.296037296037296,64.86260000383481,markdown,1,568,0.010314749364946325,79.32839999557473,0.13632089926996194,6.002399983117357,3.3400000247638673,0.46809998457320035,67,11.795774647887324,hybrid_v2,0.5816000048071146,N/A,N/A,N/A,858,288.3828125,whole_file,1.5105633802816902,confidence,"[""deflate|6|identity""]",69.89969999995083,0.37186475230775123,lt_16KiB,C:\Users\ss\Desktop\XAI\XAI\apps\mobile_authenticator_flutter\docs\INTEGRATION.md,1cff286a0579303a0e2e,PASS
True,7.928388746803069,5.750600015744567,markdown,,1550,0.0601706683717332,24.78860001428984,0.09145655280911336,16.308800026308745,4.349099996034056,2.0503999840002507,765,49.354838709677416,hybrid_v1,4.843700007768348,,,,1564,288.3828125,,1.0090322580645161,,"{""brotli"": 1}",11.243199987802655,N/A,lt_16KiB,C:\Users\ss\Desktop\XAI\XAI\apps\desktop_flutter\README.md,f8acbe64385c0bc28390,PASS
True,4.608695652173913,95.5058999825269,markdown,1,901,0.012516293168005753,119.16840000776574,0.23553091603533188,6.332699995255098,6.298899999819696,0.83710000035353,67,7.436182019977802,hybrid_v2,1.0738000273704529,N/A,N/A,N/A,1564,288.3828125,whole_file,1.7358490566037736,confidence,"[""deflate|9|identity""]",104.54929998377338,0.46532051295082444,lt_16KiB,C:\Users\ss\Desktop\XAI\XAI\apps\desktop_flutter\README.md,f8acbe64385c0bc28390,PASS
True,7.26953125,7.037900009891018,markdown,,1861,0.062450039994711826,31.27499998663552,0.08717751298903928,22.403999988455325,5.724799993913621,3.429699980188161,764,41.05319720580333,hybrid_v1,6.302399997366592,,,,2048,288.3828125,,1.1004836109618485,,"{""brotli"": 1}",15.456899971468374,N/A,lt_16KiB,C:\Users\ss\Desktop\XAI\XAI\engines\XAI-Compress\results\final_project\audit.md,c9bfc414215801365a64,PASS
True,4.82421875,74.48589999694377,markdown,1,1235,0.02191934019671534,89.10509999259375,0.38864292148136326,5.025499995099381,4.895999998552725,0.5016000068280846,67,5.425101214574899,hybrid_v2,0.8459000091534108,N/A,N/A,N/A,2048,288.3828125,whole_file,1.6582995951417003,confidence,"[""deflate|6|identity""]",81.36310000554658,0.5190983586498638,lt_16KiB,C:\Users\ss\Desktop\XAI\XAI\engines\XAI-Compress\results\final_project\audit.md,c9bfc414215801365a64,PASS
True,5.4470367390721375,8.345000009285286,markdown,,2539,0.09431852067642761,37.704699992900714,0.11026931364241678,32.250599993858486,11.39800000237301,2.577600011136383,764,30.090586845214652,hybrid_v1,6.508499995106831,,,,3729,288.3828125,,1.4686884600236314,,"{""brotli"": 1}",20.484100008616224,N/A,lt_16KiB,C:\Users\ss\Desktop\XAI\XAI\engines\XAI-Compress\results\model_v2\lossless_v2_preflight.md,efd24e78ff6d0f481461,PASS
True,4.142665593993027,281.0761000146158,markdown,1,1931,0.010458745068555778,340.02659999532625,0.3579662516557004,9.934600006090477,16.854299989063293,1.7362000071443617,67,3.4697048161574315,hybrid_v2,3.5900000075343996,N/A,N/A,N/A,3729,288.3828125,whole_file,1.9311237700673227,confidence,"[""deflate|6|identity""]",304.30479999631643,0.6146372818870588,lt_16KiB,C:\Users\ss\Desktop\XAI\XAI\engines\XAI-Compress\results\model_v2\lossless_v2_preflight.md,efd24e78ff6d0f481461,PASS
True,4.315955766192733,10.856899985810742,markdown,,3415,0.09508338314281493,63.489100022707134,0.22102143386454112,27.312999998684973,23.085199994966388,3.3152000105474144,767,22.459736456808198,hybrid_v1,11.899700009962544,,,,6330,288.3828125,,1.8535871156661787,,"{""brotli"": 1}",38.300100015476346,N/A,lt_16KiB,C:\Users\ss\Desktop\XAI\XAI\engines\XAI-Compress\results\model_search\imports\auto\lr-0-0002-f316e33308\v1\XAI-Compress\scripts\kaggle\README.md,8a329048e6e90bc5e436,PASS
True,3.6107424960505528,117.42929997853935,markdown,1,2857,0.038421470692568745,157.11940001347102,0.9074966419969764,6.652100011706352,22.461500018835068,0.6914999976288527,67,2.3451172558627933,hybrid_v2,1.5079000149853528,N/A,N/A,N/A,6330,288.3828125,whole_file,2.215610780539027,confidence,"[""deflate|6|identity""]",143.06490001035854,0.6597511907381635,lt_16KiB,C:\Users\ss\Desktop\XAI\XAI\engines\XAI-Compress\results\model_search\imports\auto\lr-0-0002-f316e33308\v1\XAI-Compress\scripts\kaggle\README.md,8a329048e6e90bc5e436,PASS
True,9.075187969924812,7.817899982910603,model,,1207,0.030204720822816084,33.594399981666356,0.03699403814680831,27.42900000885129,5.495899997185916,3.983900009188801,764,63.29743164871582,hybrid_v1,6.614500016439706,,,,1064,288.3828125,,0.8815244407622204,,"{""brotli"": 1}",16.094300022814423,N/A,lt_16KiB,C:\Users\ss\Desktop\XAI\XAI\engines\XAI-Compress\data\test\archive\results\checkpoint-140\scheduler.pt,b09d33b1dd2c5da1b94b,PASS
True,8.503759398496241,0.0,model,1,1131,0.19356557844404487,5.242199986241758,0.035294610824427794,28.749699995387346,0.016200006939470768,0.0,67,5.92396109637489,hybrid_v2,0.0,N/A,N/A,N/A,1064,288.3828125,whole_file,0.9407603890362511,confidence,"[""raw|default|identity""]",0.4044999950565398,1.0,lt_16KiB,C:\Users\ss\Desktop\XAI\XAI\engines\XAI-Compress\data\test\archive\results\checkpoint-140\scheduler.pt,b09d33b1dd2c5da1b94b,PASS
True,6.678483245149912,8.994000003440306,model,,113601,0.3982173286838202,325.8924000256229,5.437329303868851,23.867600015364587,252.81649999669753,2.8011999966111034,768,0.6760503868803972,hybrid_v1,34.95290002319962,,,,136080,288.3828125,,1.1978767792537037,,"{""brotli"": 1}",290.57060001650825,N/A,64KiB_1MiB,C:\Users\ss\Desktop\XAI\XAI\engines\XAI-Compress\checkpoints\neural_lossy_v1\validation.latest.pt,bc559421f72cb439e577,PASS
True,8.004232804232805,0.0,model,1,136152,19.99969195840922,6.488899991381913,6.254566526912735,20.749000017531216,0.014499993994832039,0.0,72,0.05288207297726071,hybrid_v2,0.0,N/A,N/A,N/A,136080,288.3828125,whole_file,0.9994711792702274,confidence,"[""raw|default|identity""]",0.7778999861329794,1.0,64KiB_1MiB,C:\Users\ss\Desktop\XAI\XAI\engines\XAI-Compress\checkpoints\neural_lossy_v1\validation.latest.pt,bc559421f72cb439e577,PASS
True,7.324352395284173,11.589900008402765,model,,1370726,2.058276331716438,693.6937999853399,25.62897978944179,55.71089999284595,462.3646000109147,13.426499994238839,1213,0.08849325102172134,hybrid_v1,108.62729998189025,,,,1497171,288.3828125,,1.092246736401002,,"{""brotli"": 2}",584.4183999870438,N/A,1_10MiB,C:\Users\ss\Desktop\XAI\XAI\engines\XAI-Compress\checkpoints\gru_smoke.pt,46873d3cf1d109fce5fb,PASS
True,8.000384725592468,0.0,model,1,1497243,63.69589404028127,22.416099993279204,40.177092974024944,35.5379999964498,0.025399989681318402,0.0,72,0.0048088386454303005,hybrid_v2,0.0,N/A,N/A,N/A,1497171,288.3828125,whole_file,0.9999519116135457,confidence,"[""raw|default|identity""]",7.274299976415932,1.0,1_10MiB,C:\Users\ss\Desktop\XAI\XAI\engines\XAI-Compress\checkpoints\gru_smoke.pt,46873d3cf1d109fce5fb,PASS
True,7.132167371269949,6.930099974852055,model,,1335082,2.148812431676068,664.6270000201184,7.19347159365737,198.53539997711778,409.00039998814464,7.6852000202052295,1211,0.0907060390298124,hybrid_v1,113.57580000185408,,,,1497533,288.3828125,,1.1216786684263589,,"{""brotli"": 2}",530.2614000102039,N/A,1_10MiB,C:\Users\ss\Desktop\XAI\XAI\engines\XAI-Compress\checkpoints\phase_j_v1_256.pt,1a26220d1e9b364d612d,PASS
True,8.000384632592404,0.0,model,1,1497605,44.054771164868725,32.41779998643324,30.14595861677822,47.374799993122,0.03199998172931373,0.0,72,0.004807676256422755,hybrid_v2,0.0,N/A,N/A,N/A,1497533,288.3828125,whole_file,0.9999519232374358,confidence,"[""raw|default|identity""]",11.92239997908473,1.0,1_10MiB,C:\Users\ss\Desktop\XAI\XAI\engines\XAI-Compress\checkpoints\phase_j_v1_256.pt,1a26220d1e9b364d612d,PASS
True,7.296747888970064,7.1192999894265085,model,,27060514,5.8684117095324115,4821.433700009948,45.88638938241927,616.6132999933325,3150.175799848512,56.72939994838089,13247,0.04895324604698935,hybrid_v1,763.585399981821,,,,29668575,332.25390625,,1.0963788418800915,,"{""brotli"": 29}",3970.4905997787137,N/A,gt_10MiB,C:\Users\ss\Desktop\XAI\XAI\engines\XAI-Compress\checkpoints\model_search\residual-scale-depth-3c28504154\preflight.pt,9ace52ebc2064c6576de,PASS
True,7.33758355431631,68.8101003470365,model,114,27211956,4.016780203914893,7043.989600002533,79.91982071034622,354.031800001394,4495.2712000813335,71.73859994509257,1665,0.006118634029836003,hybrid_v2,263.6233000375796,N/A,N/A,N/A,29668575,332.25390625,adaptive_chunks,1.0902771928633135,confidence,"[""raw|default|identity"", ""deflate|9|identity"", ""zstd|9|identity"", ""zstd|6|identity""]",5099.378599988995,0.45410519845317865,gt_10MiB,C:\Users\ss\Desktop\XAI\XAI\engines\XAI-Compress\checkpoints\model_search\residual-scale-depth-3c28504154\preflight.pt,9ace52ebc2064c6576de,PASS
True,7.32926415448508,6.172499939566478,model,,27190543,6.485667910834231,4364.081700012321,45.9454910634013,616.0340000060387,2810.937099973671,54.703200032236055,13243,0.04870443374374686,hybrid_v1,696.1867000209168,,,,29678879,332.25390625,,1.0915147593779204,,"{""brotli"": 29}",3561.827000026824,N/A,gt_10MiB,C:\Users\ss\Desktop\XAI\XAI\engines\XAI-Compress\results\model_search\imports\auto\residual-scale-depth-3c28504154\v1\results\model_search\residual_scale_depth\short_screen.pt,43a808afe4de5b474271,PASS
True,7.37802906908984,57.858899963321164,model,114,27371454,4.063463840073223,6965.482100000372,54.21616878183018,522.0580000022892,4763.977100345073,77.52630006871186,1665,0.006082979735018827,hybrid_v2,251.52279972098768,N/A,N/A,N/A,29678879,332.25390625,adaptive_chunks,1.084300417507963,confidence,"[""raw|default|identity"", ""deflate|9|identity"", ""zstd|6|identity"", ""zstd|9|identity""]",5355.307799996808,0.4425798923264118,gt_10MiB,C:\Users\ss\Desktop\XAI\XAI\engines\XAI-Compress\results\model_search\imports\auto\residual-scale-depth-3c28504154\v1\results\model_search\residual_scale_depth\short_screen.pt,43a808afe4de5b474271,PASS
True,62.13084112149533,6.398799974704161,source_code,,831,0.004410559773053094,23.136099975090474,0.006335132814632337,16.107500006910414,2.225599979283288,2.586800022982061,763,91.81708784596871,hybrid_v1,3.742599976249039,,,,107,332.25390625,,0.12876052948255115,,"{""brotli"": 1}",8.554999978514388,N/A,lt_16KiB,C:\Users\ss\Desktop\XAI\XAI\apps\web_angular\SETUP_WINDOWS.bat,a208d145692f560be957,PASS
True,11.36448598130841,0.0,source_code,1,152,0.017149244905439353,5.950299993855879,0.016384578054038822,6.227999983821064,0.011199997970834374,0.0,62,40.78947368421053,hybrid_v2,0.0,N/A,N/A,N/A,107,332.25390625,whole_file,0.7039473684210527,confidence,"[""brotli|1|identity""]",0.4664000007323921,1.0,lt_16KiB,C:\Users\ss\Desktop\XAI\XAI\apps\web_angular\SETUP_WINDOWS.bat,a208d145692f560be957,PASS
True,59.9646017699115,7.069599989335984,source_code,,847,0.004812299788186804,22.393699997337535,0.005220650893539453,20.642099989345297,1.78089999826625,3.1544000084977597,763,90.08264462809917,hybrid_v1,3.858499985653907,,,,113,332.25390625,,0.1334120425029516,,"{""brotli"": 1}",8.793799992417917,N/A,lt_16KiB,C:\Users\ss\Desktop\XAI\XAI\apps\public_nextjs\.next\server\next-font-manifest.js,79bb325c3295747efea3,PASS
True,12.389380530973451,0.0,source_code,1,175,0.021572022929852133,4.9956000002566725,0.017112105869915788,6.297599989920855,0.007599999662488699,0.0,62,35.42857142857143,hybrid_v2,0.0,N/A,N/A,N/A,113,332.25390625,whole_file,0.6457142857142857,confidence,"[""brotli|1|identity""]",0.2663999912329018,1.0,lt_16KiB,C:\Users\ss\Desktop\XAI\XAI\apps\public_nextjs\.next\server\next-font-manifest.js,79bb325c3295747efea3,PASS
True,52.57142857142857,4.756200039992109,source_code,,874,0.00710744115286584,17.84590000170283,0.007754966680733512,16.355800005840138,1.57639998360537,1.7663999751675874,764,87.4141876430206,hybrid_v1,3.4608000132720917,,,,133,332.25390625,,0.15217391304347827,,"{""brotli"": 1}",6.803599972045049,N/A,lt_16KiB,C:\Users\ss\Desktop\XAI\XAI\engines\XAI-Compress\results\model_search\imports\auto\lr-0-0002-f316e33308\v1\XAI-Compress\scripts\kaggle\update_kaggle.ps1,bb914fd114f4206a6405,PASS
True,12.270676691729323,0.0,source_code,1,204,0.02090839443195518,6.066400004783645,0.005282260025338569,24.01219998137094,0.011099997209385037,0.0,67,32.84313725490196,hybrid_v2,0.0,N/A,N/A,N/A,133,332.25390625,whole_file,0.6519607843137255,confidence,"[""brotli|1|identity""]",0.38499999209307134,1.0,lt_16KiB,C:\Users\ss\Desktop\XAI\XAI\engines\XAI-Compress\results\model_search\imports\auto\lr-0-0002-f316e33308\v1\XAI-Compress\scripts\kaggle\update_kaggle.ps1,bb914fd114f4206a6405,PASS
True,29.732793522267208,5.8367999736219645,source_code,,918,0.0116128018292431,20.284300000639632,0.012992336447208023,18.13050001510419,2.212899998994544,1.781500002834946,764,83.2244008714597,hybrid_v1,3.6749999853782356,,,,247,332.25390625,,0.2690631808278867,,"{""brotli"": 1}",7.669399987207726,N/A,lt_16KiB,C:\Users\ss\Desktop\XAI\XAI\apps\mobile_authenticator_flutter\SETUP_WINDOWS.bat,f6d794d2819bbe2fb86d,PASS
True,8.194331983805668,0.0,source_code,1,253,0.045128562297536236,5.21969998953864,0.01138999164484447,20.681099995272234,0.011600001016631722,0.0,67,26.48221343873518,hybrid_v2,0.0,N/A,N/A,N/A,247,332.25390625,whole_file,0.9762845849802372,confidence,"[""brotli|1|identity""]",0.30529999639838934,1.0,lt_16KiB,C:\Users\ss\Desktop\XAI\XAI\apps\mobile_authenticator_flutter\SETUP_WINDOWS.bat,f6d794d2819bbe2fb86d,PASS
True,29.133858267716537,6.39460000093095,source_code,,925,0.010469248159000901,23.137600015616044,0.014757993396809922,16.413700010161847,2.3951999901328236,2.9406000103335828,766,82.8108108108108,hybrid_v1,4.6768000174779445,,,,254,332.25390625,,0.2745945945945946,,"{""brotli"": 1}",10.01260001794435,N/A,lt_16KiB,C:\Users\ss\Desktop\XAI\XAI\apps\web_angular\src\app\core\auth.guard.ts,e04070013dcbd69ecb20,PASS
True,8.220472440944881,0.0,source_code,1,261,0.04693715626500046,5.160800006706268,0.012145610800285103,19.9441000004299,0.008200004231184721,0.0,67,25.67049808429119,hybrid_v2,0.0,N/A,N/A,N/A,254,332.25390625,whole_file,0.9731800766283525,confidence,"[""brotli|1|identity""]",0.2972000220324844,1.0,lt_16KiB,C:\Users\ss\Desktop\XAI\XAI\apps\web_angular\src\app\core\auth.guard.ts,e04070013dcbd69ecb20,PASS
True,27.074626865671643,8.078799990471452,source_code,,907,0.010102961375032823,25.297999993199483,0.00036561141336500575,699.0610999928322,3.351600025780499,2.195900015067309,763,84.12348401323042,hybrid_v1,4.470899992156774,,,,268,332.25390625,,0.2954796030871003,,"{""brotli"": 1}",10.018400033004582,N/A,lt_16KiB,C:\Users\ss\Desktop\XAI\XAI\apps\public_nextjs\next-env.d.ts,bde3693e1919277f0d4f,PASS
True,6.895522388059701,147.50990000902675,source_code,1,231,0.0012540459224661183,203.8081000209786,0.0330601504524492,7.730899989837781,35.662899987073615,1.275199989322573,67,29.004329004329005,hybrid_v2,1.5681000077165663,N/A,N/A,N/A,268,332.25390625,whole_file,1.1601731601731602,confidence,"[""brotli|4|identity""]",187.25610000547022,0.3258382578732001,lt_16KiB,C:\Users\ss\Desktop\XAI\XAI\apps\public_nextjs\next-env.d.ts,bde3693e1919277f0d4f,PASS
True,19.3265306122449,9.785400005057454,source_code,,947,0.009116611564850354,41.00649998872541,0.012643452259538364,29.567899997346103,4.154199996264651,7.1736999962013215,764,80.67581837381204,hybrid_v1,6.546299991896376,,,,392,332.25390625,,0.4139387539598733,,"{""brotli"": 1}",17.87419998436235,N/A,lt_16KiB,C:\Users\ss\Desktop\XAI\XAI\apps\web_angular\src\app\app.config.ts,3751e5d534b30709cc70,PASS
True,5.204081632653061,101.2275000102818,source_code,1,255,0.0031602645272426977,118.29400001442991,0.016402836691273282,22.791200026404113,4.074199998285621,0.9059000003617257,67,26.274509803921568,hybrid_v2,1.555399998323992,N/A,N/A,N/A,392,332.25390625,whole_file,1.5372549019607844,confidence,"[""deflate|9|identity""]",108.69490000186488,0.3582734741959811,lt_16KiB,C:\Users\ss\Desktop\XAI\XAI\apps\web_angular\src\app\app.config.ts,3751e5d534b30709cc70,PASS
True,15.67251461988304,7.522199972299859,source_code,,1005,0.016733245703335908,29.237299982924014,0.013282011497244046,36.83440000168048,4.807499994058162,2.5394000113010406,764,76.01990049751244,hybrid_v1,5.555199983064085,,,,513,332.25390625,,0.5104477611940299,,"{""brotli"": 1}",12.902099988423288,N/A,lt_16KiB,C:\Users\ss\Desktop\XAI\XAI\apps\public_nextjs\.next\server\middleware-build-manifest.js,3227da1dbc2dfac8e17f,PASS
True,4.95906432748538,158.16450002603233,source_code,1,318,0.002626726615731792,186.25269999029115,0.02016407590152122,24.26269999705255,5.56930000311695,1.4242999895941466,67,21.069182389937108,hybrid_v2,1.1006999993696809,N/A,N/A,N/A,513,332.25390625,whole_file,1.6132075471698113,confidence,"[""deflate|6|identity""]",167.33639998710714,0.47825681093059064,lt_16KiB,C:\Users\ss\Desktop\XAI\XAI\apps\public_nextjs\.next\server\middleware-build-manifest.js,3227da1dbc2dfac8e17f,PASS
True,15.015817223198594,9.367899998323992,source_code,,1068,0.010635779996914499,51.02029998670332,0.018634830929834395,29.119699989678338,5.83159999223426,4.365600005257875,762,71.34831460674157,hybrid_v1,7.069500017678365,,,,569,332.25390625,,0.5327715355805244,,"{""brotli"": 1}",17.2667000151705,N/A,lt_16KiB,C:\Users\ss\Desktop\XAI\XAI\apps\web_angular\.angular\cache\20.3.28\xai-web\vite\deps\chunk-N2L2W5DK.js,e82ab03d226a655e5c2f,PASS
True,5.708260105448154,117.17819998739287,source_code,1,406,0.0036980645977538647,146.73639999818988,0.021358761159612397,25.406000000657514,2.940799982752651,0.8292999991681427,67,16.502463054187192,hybrid_v2,0.7630999898537993,N/A,N/A,N/A,569,332.25390625,whole_file,1.4014778325123152,confidence,"[""deflate|6|identity""]",122.52499998430721,0.4396547065275695,lt_16KiB,C:\Users\ss\Desktop\XAI\XAI\apps\web_angular\.angular\cache\20.3.28\xai-web\vite\deps\chunk-N2L2W5DK.js,e82ab03d226a655e5c2f,PASS
True,12.236619718309859,8.192599983885884,source_code,,1086,0.010488703828753386,64.55600002664141,0.024447007414107547,27.69700001226738,5.311900022206828,2.279200009070337,763,70.25782688766114,hybrid_v1,4.742699995404109,,,,710,332.25390625,,0.6537753222836096,,"{""brotli"": 1}",12.333800026681274,N/A,lt_16KiB,C:\Users\ss\Desktop\XAI\XAI\apps\mobile_authenticator_flutter\test\totp_service_test.dart,2dcc3b9b19cb845ad6a1,PASS
True,4.619718309859155,87.69400001619942,source_code,1,410,0.00626732042996278,108.03800000576302,0.028169320089838332,24.037100025452673,3.1790999928489327,1.3633999915327877,67,16.341463414634145,hybrid_v2,0.8506000158376992,N/A,N/A,N/A,710,332.25390625,whole_file,1.7317073170731707,confidence,"[""deflate|6|identity""]",93.81720001692884,0.49854570752798055,lt_16KiB,C:\Users\ss\Desktop\XAI\XAI\apps\mobile_authenticator_flutter\test\totp_service_test.dart,2dcc3b9b19cb845ad6a1,PASS
True,9.396188565697091,4.9900000158231705,source_code,,1171,0.040048408446238165,23.741599987260997,0.0549164997693267,17.31379999546334,3.0660000047646463,2.438099996652454,763,65.15798462852263,hybrid_v1,5.05820001126267,,,,997,332.25390625,,0.8514090520922288,,"{""brotli"": 1}",10.56230001267977,N/A,lt_16KiB,C:\Users\ss\Desktop\XAI\XAI\apps\mobile_authenticator_flutter\lib\services\totp_service.dart,e6054482722e27c4eb52,PASS
True,4.180541624874624,74.9301000032574,source_code,1,521,0.01077073199515039,88.27749997726642,0.019528739035352346,48.687900009099394,3.207199973985553,0.5850000015925616,67,12.859884836852208,hybrid_v2,0.6877999985590577,N/A,N/A,N/A,997,332.25390625,whole_file,1.9136276391554703,confidence,"[""deflate|6|identity""]",80.10149997426197,0.5496838958819519,lt_16KiB,C:\Users\ss\Desktop\XAI\XAI\apps\mobile_authenticator_flutter\lib\services\totp_service.dart,e6054482722e27c4eb52,PASS
True,10.116523400191022,7.2746999794617295,source_code,,1324,0.03490076789215977,28.60960000543855,0.03405909993375966,29.31660000467673,3.44770000083372,2.6550000184215605,764,57.70392749244713,hybrid_v1,6.159500015201047,,,,1047,332.25390625,,0.790785498489426,,"{""brotli"": 1}",12.262200034456328,N/A,lt_16KiB,C:\Users\ss\Desktop\XAI\XAI\apps\public_nextjs\app\pricing\page.tsx,ca528c2924b4d66a7016,PASS
True,5.310410697230181,95.35129996947944,source_code,1,695,0.009031227330140909,110.56050000479445,0.05261616742856861,18.976999999722466,4.834799998207018,0.823200010927394,67,9.640287769784173,hybrid_v2,0.7690000056754798,N/A,N/A,N/A,1047,332.25390625,whole_file,1.506474820143885,confidence,"[""deflate|6|identity""]",102.53120001289062,0.44540649817352007,lt_16KiB,C:\Users\ss\Desktop\XAI\XAI\apps\public_nextjs\app\pricing\page.tsx,ca528c2924b4d66a7016,PASS
True,7.915492957746479,7.849100016755983,source_code,,1124,0.036597382771007235,29.6024999988731,0.05360928830747277,20.208699977956712,4.817600012756884,2.7633999998215586,765,68.06049822064057,hybrid_v1,5.085400014650077,,,,1136,332.25390625,,1.01067615658363,,"{""brotli"": 1}",12.66640002722852,N/A,lt_16KiB,C:\Users\ss\Desktop\XAI\XAI\apps\mobile_authenticator_flutter\lib\models\authenticator_account.dart,d3b05331d36f10bb2338,PASS
True,3.2535211267605635,162.18680000747554,source_code,1,462,0.005762952716644332,187.98940000124276,0.041510014636631475,26.099100010469556,9.930999978678301,0.9316999930888414,67,14.502164502164502,hybrid_v2,2.0194000098854303,N/A,N/A,N/A,1136,332.25390625,whole_file,2.4588744588744587,confidence,"[""deflate|9|identity""]",176.1887000175193,0.600972503675738,lt_16KiB,C:\Users\ss\Desktop\XAI\XAI\apps\mobile_authenticator_flutter\lib\models\authenticator_account.dart,d3b05331d36f10bb2338,PASS
True,8.907504363001745,16.93339998018928,source_code,,1276,0.021299985323581922,51.31039998377673,0.04609512339745345,23.70990000781603,7.607300009112805,6.977700017159805,764,59.874608150470216,hybrid_v1,9.182399982819334,,,,1146,332.25390625,,0.8981191222570533,,"{""brotli"": 1}",23.767400009091944,N/A,lt_16KiB,C:\Users\ss\Desktop\XAI\XAI\analytics\XAI-Compress-Analysis-Suite\analysis_suite\common.py,af06e08a932131b2bd52,PASS
True,4.174520069808028,69.20150000951253,source_code,1,598,0.012694286251698063,86.09470000374131,0.05950760738194107,18.36590000311844,6.804500008001924,0.4275999963283539,67,11.20401337792642,hybrid_v2,0.6126999796833843,N/A,N/A,N/A,1146,332.25390625,whole_file,1.9163879598662208,confidence,"[""deflate|6|identity""]",78.32120000966825,0.5738672966710219,lt_16KiB,C:\Users\ss\Desktop\XAI\XAI\analytics\XAI-Compress-Analysis-Suite\analysis_suite\common.py,af06e08a932131b2bd52,PASS
True,8.903765690376568,7.879799988586456,source_code,,1330,0.03593460390592763,31.714299984741956,0.04584640665345752,24.857800017343834,4.6913000114727765,3.0402000120375305,766,57.59398496240601,hybrid_v1,7.019299984676763,,,,1195,332.25390625,,0.8984962406015038,,"{""brotli"": 1}",14.75080000818707,N/A,lt_16KiB,C:\Users\ss\Desktop\XAI\XAI\apps\web_angular\src\app\pages\files.page.ts,af53b59784cf5fa3bd54,PASS
True,4.619246861924686,71.37089999741875,source_code,1,690,0.012718254417502508,89.60669999942183,0.07453260581567375,15.290499984985217,5.6068999983835965,0.44579998939298093,67,9.710144927536232,hybrid_v2,1.4761000056751072,N/A,N/A,N/A,1195,332.25390625,whole_file,1.7318840579710144,confidence,"[""deflate|6|identity""]",79.60920000914484,0.5062668469934282,lt_16KiB,C:\Users\ss\Desktop\XAI\XAI\apps\web_angular\src\app\pages\files.page.ts,af53b59784cf5fa3bd54,PASS
True,9.277088502894955,5.226800014497712,source_code,,1402,0.05067184587565265,22.754100005840883,0.05994365611243445,19.234600011259317,3.6937999830115587,1.975399994989857,765,54.56490727532097,hybrid_v1,4.604100016877055,,,,1209,332.25390625,,0.862339514978602,,"{""brotli"": 1}",10.273299994878471,N/A,lt_16KiB,C:\Users\ss\Desktop\XAI\XAI\engines\XAI-Compress\results\model_search\imports\auto\lr-0-0002-f316e33308\v1\XAI-Compress\scripts\kaggle\submit_v2_lr_0002_diagnostic.ps1,aa14e7284e6e012d372f,PASS
True,4.8105872622001655,63.43829998513684,source_code,1,727,0.01473169416351464,78.26609999756329,0.06606761797892917,17.45169999776408,4.756499984068796,0.7834999996703118,67,9.21595598349381,hybrid_v2,0.9605000086594373,N/A,N/A,N/A,1209,332.25390625,whole_file,1.6629986244841817,confidence,"[""deflate|6|identity""]",70.76050000614487,0.47707965051475515,lt_16KiB,C:\Users\ss\Desktop\XAI\XAI\engines\XAI-Compress\results\model_search\imports\auto\lr-0-0002-f316e33308\v1\XAI-Compress\scripts\kaggle\submit_v2_lr_0002_diagnostic.ps1,aa14e7284e6e012d372f,PASS
True,9.313531353135314,5.107500008307397,source_code,,1411,0.05017138005079338,23.038100014673546,0.07662624518804148,15.08430001558736,3.5398000036366284,1.9066999957431108,766,54.28773919206237,hybrid_v1,4.845400020712987,,,,1212,332.25390625,,0.8589652728561304,,"{""brotli"": 1}",10.291900020092726,N/A,lt_16KiB,C:\Users\ss\Desktop\XAI\XAI\apps\public_nextjs\app\docs\page.tsx,f34def9fb472356e4ee0,PASS
True,5.1683168316831685,76.7813999846112,source_code,1,783,0.012716273080448754,90.89560000575148,0.06327964117608359,18.265800026711076,4.740999982459471,0.5589000065810978,67,8.55683269476373,hybrid_v2,0.7205999863799661,N/A,N/A,N/A,1212,332.25390625,whole_file,1.5478927203065134,confidence,"[""deflate|6|identity""]",83.49029999226332,0.47602226734025666,lt_16KiB,C:\Users\ss\Desktop\XAI\XAI\apps\public_nextjs\app\docs\page.tsx,f34def9fb472356e4ee0,PASS
True,9.013720742534302,10.355800011893734,source_code,,1396,0.03157423183543309,37.423000001581386,0.04135164142935241,28.574500000104308,5.743199988501146,4.029500007163733,765,54.79942693409742,hybrid_v1,7.5662999879568815,,,,1239,332.25390625,,0.8875358166189111,,"{""brotli"": 1}",17.33899998362176,N/A,lt_16KiB,C:\Users\ss\Desktop\XAI\XAI\engines\XAI-Compress\results\model_search\imports\auto\lr-0-0002-f316e33308\v1\XAI-Compress\scripts\kaggle\submit_activation_diagnostic.ps1,c3c9844aee9863dd7af6,PASS
True,4.59725585149314,68.76900000497699,source_code,1,712,0.01412742728294407,83.63890001783147,0.06043260556703952,19.552400015527382,4.039199993712828,0.7281999860424548,67,9.410112359550562,hybrid_v2,0.9113000123761594,N/A,N/A,N/A,1239,332.25390625,whole_file,1.7401685393258426,confidence,"[""deflate|6|identity""]",75.27739999932237,0.47707965051475515,lt_16KiB,C:\Users\ss\Desktop\XAI\XAI\engines\XAI-Compress\results\model_search\imports\auto\lr-0-0002-f316e33308\v1\XAI-Compress\scripts\kaggle\submit_activation_diagnostic.ps1,c3c9844aee9863dd7af6,PASS
True,7.194244604316546,8.64360001287423,source_code,,1250,0.0431044144618943,30.753400002140552,0.05939979030119398,22.316699993098155,4.799999995157123,2.470499981427565,764,61.12,hybrid_v1,5.858399992575869,,,,1390,332.25390625,,1.112,,"{""brotli"": 1}",13.128899969160557,N/A,lt_16KiB,C:\Users\ss\Desktop\XAI\XAI\analytics\XAI-Compress-Analysis-Suite\run_analysis_windows.bat,e1347c6d4abccf03a43d,PASS
True,3.4071942446043164,68.79069999558851,source_code,1,592,0.01525392536727378,86.9026999862399,0.07382695651057904,17.95559999300167,4.170499974861741,0.48809999134391546,67,11.317567567567568,hybrid_v2,0.9797000093385577,N/A,N/A,N/A,1390,332.25390625,whole_file,2.347972972972973,confidence,"[""deflate|9|identity""]",75.099899986526,0.42365004724443206,lt_16KiB,C:\Users\ss\Desktop\XAI\XAI\analytics\XAI-Compress-Analysis-Suite\run_analysis_windows.bat,e1347c6d4abccf03a43d,PASS
True,8.689265536723164,6.413299997802824,source_code,,1538,0.041775544518156835,32.32520000892691,0.06704479394038536,20.141800021519884,5.494900018675253,3.512600000249222,764,49.67490247074122,hybrid_v1,7.554399984655902,,,,1416,332.25390625,,0.9206762028608583,,"{""brotli"": 1}",16.561900003580377,N/A,lt_16KiB,C:\Users\ss\Desktop\XAI\XAI\apps\public_nextjs\app\architecture\page.tsx,bcc29aefa82f2fc182c3,PASS
True,5.016949152542373,132.824000029359,source_code,1,888,0.008748228733276511,154.36300000874326,0.017995389648975586,75.04160000826232,6.727700005285442,0.8887999865692109,67,7.545045045045045,hybrid_v2,1.069399993866682,N/A,N/A,N/A,1416,332.25390625,whole_file,1.5945945945945945,confidence,"[""deflate|6|identity""]",142.5061000045389,0.46033490290509926,lt_16KiB,C:\Users\ss\Desktop\XAI\XAI\apps\public_nextjs\app\architecture\page.tsx,bcc29aefa82f2fc182c3,PASS
True,6.395209580838324,5.783600005088374,source_code,,1335,0.035950747913684585,44.30050001246855,0.052373668027271926,30.409099999815226,8.3487999800127,2.145100006600842,763,57.153558052434455,hybrid_v1,11.322600010316819,,,,1670,332.25390625,,1.250936329588015,,"{""brotli"": 1}",21.81649999693036,N/A,lt_16KiB,C:\Users\ss\Desktop\XAI\XAI\apps\desktop_flutter\lib\models\app_models.dart,3302eb1afa92cfba09db,PASS
True,3.2479041916167666,79.72299997345544,source_code,1,678,0.01575723864159994,101.07330000028014,0.09085773254899283,17.52890000352636,5.3555000049527735,0.7696000102441758,67,9.882005899705014,hybrid_v2,0.8885999850463122,N/A,N/A,N/A,1670,332.25390625,whole_file,2.4631268436578173,confidence,"[""deflate|6|identity""]",87.52670002286322,0.515430078253105,lt_16KiB,C:\Users\ss\Desktop\XAI\XAI\apps\desktop_flutter\lib\models\app_models.dart,3302eb1afa92cfba09db,PASS
True,6.520646319569121,11.388299986720085,source_code,,1362,0.04000948481064298,39.83029999653809,0.05801876383079097,27.466800005640835,6.995200004894286,4.728700005216524,764,56.093979441997064,hybrid_v1,7.467599993105978,,,,1671,332.25390625,,1.2268722466960353,,"{""brotli"": 1}",19.191500003216788,N/A,lt_16KiB,C:\Users\ss\Desktop\XAI\XAI\apps\public_nextjs\.next\types\routes.d.ts,f99b6bb11feb9d915422,PASS
True,3.3847995212447635,89.24659999320284,source_code,1,707,0.013737606096281883,116.00200002430938,0.0758808916357541,21.001200017053634,9.277399978600442,0.7277000113390386,67,9.476661951909477,hybrid_v2,2.243599999928847,N/A,N/A,N/A,1671,332.25390625,whole_file,2.3635077793493635,confidence,"[""deflate|6|identity""]",102.51990001415834,0.4679897306764615,lt_16KiB,C:\Users\ss\Desktop\XAI\XAI\apps\public_nextjs\.next\types\routes.d.ts,f99b6bb11feb9d915422,PASS
True,6.241322314049587,15.415400004712865,source_code,,1416,0.024987460699005,69.27150001865812,0.055960650642640775,30.930999986594543,12.791800021659583,10.512100008782,764,53.954802259887,hybrid_v1,11.704300006385893,,,,1815,332.25390625,,1.2817796610169492,,"{""brotli"": 1}",35.008200036827475,N/A,lt_16KiB,C:\Users\ss\Desktop\XAI\XAI\apps\mobile_authenticator_flutter\lib\models\totp_enrollment.dart,40427eff7bca38574998,PASS
True,3.2925619834710744,125.40250000893138,source_code,1,747,0.011323971599171418,152.85439998842776,0.06629460097365447,26.109500002348796,9.12240002071485,0.8368999988306314,67,8.96921017402945,hybrid_v2,1.1098000104539096,N/A,N/A,N/A,1815,332.25390625,whole_file,2.429718875502008,confidence,"[""deflate|6|identity""]",137.38120000925846,0.5091638629606401,lt_16KiB,C:\Users\ss\Desktop\XAI\XAI\apps\mobile_authenticator_flutter\lib\models\totp_enrollment.dart,40427eff7bca38574998,PASS
True,6.388154415653093,6.57090000458993,source_code,,1510,0.02764629343805622,65.2311000158079,0.07026189987845317,25.666800007456914,5.414200015366077,4.07140000606887,762,50.4635761589404,hybrid_v1,6.46720000077039,,,,1891,332.25390625,,1.252317880794702,,"{""brotli"": 1}",15.952800022205338,N/A,lt_16KiB,C:\Users\ss\Desktop\XAI\XAI\engines\XAI-Compress\results\model_search\imports\auto\lr-0-0002-f316e33308\v1\XAI-Compress\scripts\kaggle\deploy.ps1,c68f5cb0f6b58db64c57,PASS
True,3.6255949233209943,176.89600001904182,source_code,1,857,0.008272977019042354,217.98660000786185,0.06110935353885591,29.511000000638887,11.141400027554482,1.6273999935947359,67,7.8179696616102685,hybrid_v2,1.9432999833952636,N/A,N/A,N/A,1891,332.25390625,whole_file,2.2065344224037338,confidence,"[""deflate|9|identity""]",192.75690001086332,0.46071143384650004,lt_16KiB,C:\Users\ss\Desktop\XAI\XAI\engines\XAI-Compress\results\model_search\imports\auto\lr-0-0002-f316e33308\v1\XAI-Compress\scripts\kaggle\deploy.ps1,c68f5cb0f6b58db64c57,PASS
True,5.5327102803738315,8.713899995200336,source_code,,1332,0.04925694583603863,37.289700005203485,0.07977280155827286,23.025100002996624,9.391500003403053,2.685499988729134,764,57.35735735735736,hybrid_v1,6.153199996333569,,,,1926,332.25390625,,1.445945945945946,,"{""brotli"": 1}",18.230199988465756,N/A,lt_16KiB,C:\Users\ss\Desktop\XAI\XAI\apps\web_angular\.angular\cache\20.3.28\xai-web\vite\deps\@angular_platform-browser.js,437449734e245885bdcf,PASS
True,2.7206645898234685,149.65450001182035,source_code,1,655,0.010237861245138131,179.41019998397678,0.07855415140551388,23.382299987133592,11.255999997956678,0.9843999869190156,67,10.229007633587786,hybrid_v2,1.131800003349781,N/A,N/A,N/A,1926,332.25390625,whole_file,2.9404580152671755,confidence,"[""deflate|6|identity""]",164.25890001119114,0.42175695557877285,lt_16KiB,C:\Users\ss\Desktop\XAI\XAI\apps\web_angular\.angular\cache\20.3.28\xai-web\vite\deps\@angular_platform-browser.js,437449734e245885bdcf,PASS
True,5.3204734765453745,7.268899993505329,source_code,,1517,0.05854620585409093,37.15580000425689,0.07349017121102576,29.600300011225045,10.216700000455603,2.5501000054646283,766,50.49439683586025,hybrid_v1,7.377800007816404,,,,2281,332.25390625,,1.5036255767963085,,"{""brotli"": 1}",20.144600013736635,N/A,lt_16KiB,C:\Users\ss\Desktop\XAI\XAI\engines\XAI-Compress\measure_block_benchmark.py,0f0daf031d676ef8bbf4,PASS
True,3.0127137220517315,195.60099998489022,source_code,1,859,0.008514372679899749,255.4892999760341,0.08550392924418657,25.441300007514656,11.297599994577467,1.094200008083135,67,7.79976717112922,hybrid_v2,1.2581999762915075,N/A,N/A,N/A,2281,332.25390625,whole_file,2.6554132712456346,confidence,"[""deflate|6|identity""]",210.33870000974275,0.49676457590058803,lt_16KiB,C:\Users\ss\Desktop\XAI\XAI\engines\XAI-Compress\measure_block_benchmark.py,0f0daf031d676ef8bbf4,PASS
True,5.34368262181975,11.15649999701418,source_code,,1549,0.02441137776861102,90.59590002289042,0.0905798621352158,24.415699997916818,11.402100004488602,7.090800005244091,766,49.451258876694645,hybrid_v1,11.444899981142953,,,,2319,332.25390625,,1.4970948999354423,,"{""brotli"": 1}",29.937799990875646,N/A,lt_16KiB,C:\Users\ss\Desktop\XAI\XAI\apps\admin_dotnet\Services\PlatformApiClient.cs,0d2d1d7dc57adc8c4df6,PASS
True,3.0530401034928847,99.40949999145232,source_code,1,885,0.017398489686793726,127.11279999348335,0.15730528575107772,14.059099979931489,10.673900018446147,0.47660002019256353,67,7.570621468926554,hybrid_v2,1.9178000220563263,N/A,N/A,N/A,2319,332.25390625,whole_file,2.6203389830508477,confidence,"[""deflate|6|identity""]",113.44280000776052,0.3897991773645823,lt_16KiB,C:\Users\ss\Desktop\XAI\XAI\apps\admin_dotnet\Services\PlatformApiClient.cs,0d2d1d7dc57adc8c4df6,PASS
True,4.344193817878028,5.186699971091002,source_code,,1300,0.09343243572821233,24.435800005448982,0.1354704067651234,16.85310000902973,5.142899986822158,2.2766000183764845,765,58.84615384615385,hybrid_v1,4.346300003817305,,,,2394,332.25390625,,1.8415384615384616,,"{""brotli"": 1}",11.765800009015948,N/A,lt_16KiB,C:\Users\ss\Desktop\XAI\XAI\apps\mobile_authenticator_flutter\android\app\src\main\java\io\flutter\plugins\GeneratedPluginRegistrant.java,f03df6e2a8c5298d2e1c,PASS
True,2.128654970760234,102.05450002104044,source_code,1,637,0.018855801845954073,121.08189999707974,0.15834272934897056,14.418700011447072,5.112199985887855,0.3853999951388687,67,10.518053375196232,hybrid_v2,0.47790000098757446,N/A,N/A,N/A,2394,332.25390625,whole_file,3.758241758241758,confidence,"[""deflate|9|identity""]",108.64439999568276,0.3506990822058554,lt_16KiB,C:\Users\ss\Desktop\XAI\XAI\apps\mobile_authenticator_flutter\android\app\src\main\java\io\flutter\plugins\GeneratedPluginRegistrant.java,f03df6e2a8c5298d2e1c,PASS
True,5.970233876683204,5.8419999841134995,source_code,,2106,0.07962875941021118,33.797699987189844,0.14066184017078465,19.132899993564934,10.658399987732992,2.2419000160880387,766,36.37226970560304,hybrid_v1,6.179999996675178,,,,2822,332.25390625,,1.3399810066476734,,"{""brotli"": 1}",19.08030000049621,N/A,lt_16KiB,C:\Users\ss\Desktop\XAI\XAI\engines\XAI-Compress\results\model_search\imports\auto\lr-0-0002-f316e33308\v1\XAI-Compress\scripts\kaggle\run_lossless_v2_gradient_diagnostic.py,0d576738205abc00ed6e,PASS
True,4.102055279943302,55.54130001110025,source_code,1,1447,0.03780392415389587,71.19019998935983,0.17533267671941796,15.34949999768287,7.003000035183504,0.37900000461377203,67,4.630269523151347,hybrid_v2,0.60299999313429,N/A,N/A,N/A,2822,332.25390625,whole_file,1.9502418797512093,confidence,"[""deflate|9|identity""]",64.13690000772476,0.4706810003084423,lt_16KiB,C:\Users\ss\Desktop\XAI\XAI\engines\XAI-Compress\results\model_search\imports\auto\lr-0-0002-f316e33308\v1\XAI-Compress\scripts\kaggle\run_lossless_v2_gradient_diagnostic.py,0d576738205abc00ed6e,PASS
True,4.632426988922457,4.920699982903898,source_code,,2300,0.13403278585936493,28.26170000480488,0.17525895059632024,21.61370002431795,7.504000008339062,1.8087000062223524,766,33.30434782608695,hybrid_v1,6.0486999864224344,,,,3972,332.25390625,,1.7269565217391305,,"{""brotli"": 1}",15.36140000098385,N/A,lt_16KiB,C:\Users\ss\Desktop\XAI\XAI\engines\XAI-Compress\results\model_search\imports\auto\lr-0-0002-f316e33308\v1\XAI-Compress\scripts\build_three_mode_report.py,9bfffccf3eb1ba81df60,PASS
True,3.4118831822759317,65.22089999634773,source_code,1,1694,0.04013951771369929,94.3707000114955,0.22477477335429127,16.852399974595755,14.382699999259785,0.45220000902190804,67,3.9551357733175916,hybrid_v2,0.830000004498288,N/A,N/A,N/A,3972,332.25390625,whole_file,2.344746162927981,confidence,"[""deflate|6|identity""]",81.66489997529425,0.4378883566010695,lt_16KiB,C:\Users\ss\Desktop\XAI\XAI\engines\XAI-Compress\results\model_search\imports\auto\lr-0-0002-f316e33308\v1\XAI-Compress\scripts\build_three_mode_report.py,9bfffccf3eb1ba81df60,PASS
True,4.370420932878271,12.380700005451217,source_code,,2401,0.06487178743647452,64.61049997597001,0.14719780510269445,28.474599996116012,13.23359998059459,8.732299989787862,764,31.820074968763016,hybrid_v1,18.22810000157915,,,,4395,332.25390625,,1.8304872969596002,,"{""brotli"": 1}",40.1939999719616,N/A,lt_16KiB,C:\Users\ss\Desktop\XAI\XAI\engines\XAI-Compress\results\model_search\imports\auto\lr-0-0002-f316e33308\v1\XAI-Compress\scripts\generate_report.py,2da37eefbc61febd2975,PASS
True,3.2582480091012513,148.94509999430738,source_code,1,1790,0.022107897060999585,189.58830001065508,0.16198955042627108,25.87449998827651,21.962600003462285,0.8670000243000686,67,3.7430167597765363,hybrid_v2,1.3816000137012452,N/A,N/A,N/A,4395,332.25390625,whole_file,2.4553072625698324,confidence,"[""deflate|9|identity""]",174.2064999998547,0.6732970576503327,lt_16KiB,C:\Users\ss\Desktop\XAI\XAI\engines\XAI-Compress\results\model_search\imports\auto\lr-0-0002-f316e33308\v1\XAI-Compress\scripts\generate_report.py,2da37eefbc61febd2975,PASS
True,3.9118046132971505,7.50869998591952,source_code,,2883,0.1344815952745326,41.811399976722896,0.3117405205422014,18.03700000164099,11.679700022796169,2.761000010650605,765,26.534859521331946,hybrid_v1,7.630100008100271,,,,5896,332.25390625,,2.0450919181408254,,"{""brotli"": 1}",22.070800041547045,N/A,lt_16KiB,C:\Users\ss\Desktop\XAI\XAI\analytics\XAI-Compress-Analysis-Suite\generate_report.py,14d03c12483022a2865d,PASS
True,3.1221166892808685,74.02570001431741,source_code,1,2301,0.05475389625548543,102.69339999649674,0.34130916860367444,16.474400006700307,12.957800005096942,0.48889999743551016,67,2.9117774880486746,hybrid_v2,1.0721000144258142,N/A,N/A,N/A,5896,332.25390625,whole_file,2.5623641894828335,confidence,"[""deflate|6|identity""]",89.3596000096295,0.5529267030782775,lt_16KiB,C:\Users\ss\Desktop\XAI\XAI\analytics\XAI-Compress-Analysis-Suite\generate_report.py,14d03c12483022a2865d,PASS
True,1.0525134290066545,13.871300005121157,source_code,,1641,0.09097004762964617,130.75929999467917,0.5306013276302238,22.41830001003109,81.50159998331219,6.798499991418794,765,46.61791590493601,hybrid_v1,9.382099990034476,,,,12473,332.25390625,,7.600853138330287,,"{""brotli"": 1}",97.68219996476546,N/A,lt_16KiB,C:\Users\ss\Desktop\XAI\XAI\apps\public_nextjs\.next\server\app\page_client-reference-manifest.js,d70e480f35e3d065646a,PASS
True,0.6452337048023731,99.11109998938628,source_code,1,1006,0.07494187917820302,158.72539998963475,0.474823355753414,25.051800010260195,41.77080001682043,0.9106000070460141,67,6.6600397614314115,hybrid_v2,1.29640000523068,N/A,N/A,N/A,12473,332.25390625,whole_file,12.398608349900597,confidence,"[""deflate|6|identity""]",144.05299999634735,0.4862306461359575,lt_16KiB,C:\Users\ss\Desktop\XAI\XAI\apps\public_nextjs\.next\server\app\page_client-reference-manifest.js,d70e480f35e3d065646a,PASS
True,2.507039480161465,7.081599993398413,source_code,,6366,0.15605631406301546,124.14069997612387,0.9412930281849907,20.58119999128394,81.17399999173358,2.755199995590374,766,12.032673578385172,hybrid_v1,13.310999987879768,,,,20314,332.25390625,,3.191014765944078,,"{""brotli"": 1}",97.24019997520372,N/A,16_64KiB,C:\Users\ss\Desktop\XAI\XAI\apps\public_nextjs\.next\server\webpack-runtime.js,0ff9b372da6fcecbdc8a,PASS
True,2.3298217977749336,85.32010001363233,source_code,1,5916,0.13392883604115138,144.65100000961684,0.8169376048317663,23.714100010693073,37.36049999133684,1.1320000048726797,71,1.200135226504395,hybrid_v2,3.3044999872799963,N/A,N/A,N/A,20314,332.25390625,whole_file,3.4337390128465177,confidence,"[""zstd|6|identity""]",128.17579999682494,0.28431046925834375,16_64KiB,C:\Users\ss\Desktop\XAI\XAI\apps\public_nextjs\.next\server\webpack-runtime.js,0ff9b372da6fcecbdc8a,PASS
True,2.764125974741105,10.784200014313683,source_code,,38903,0.45743163844903134,234.7410999936983,4.040230194640632,26.57720001298003,145.46629998949356,4.227099998388439,767,1.9715703159139397,hybrid_v1,46.63399999844842,,,,112594,332.25390625,,2.8942240958280854,,"{""brotli"": 1}",196.32739998633042,N/A,64KiB_1MiB,C:\Users\ss\Desktop\XAI\XAI\apps\public_nextjs\.next\static\chunks\polyfills.js,8abb57b457777e88f55e,PASS
True,2.8103806597154377,85.94899997115135,source_code,1,39554,0.735706158696339,145.95229999395087,6.549276386368547,16.39539998723194,38.091299968073145,0.41080001392401755,72,0.18202963037872275,hybrid_v2,2.6218999992124736,N/A,N/A,N/A,112594,332.25390625,whole_file,2.84658947261971,confidence,"[""deflate|9|identity""]",128.64249999984168,0.4599885757011181,64KiB_1MiB,C:\Users\ss\Desktop\XAI\XAI\apps\public_nextjs\.next\static\chunks\polyfills.js,8abb57b457777e88f55e,PASS
True,1.3112475385150006,8.491800021147355,source_code,,28300,0.8703374627203615,189.19260002439842,8.37298291558624,19.665800005896017,142.49980001477525,3.667499986477196,768,2.7137809187279154,hybrid_v1,18.636299995705485,,,,172660,332.25390625,,6.1010600706713785,,"{""brotli"": 1}",164.80359999695793,N/A,64KiB_1MiB,C:\Users\ss\Desktop\XAI\XAI\apps\web_angular\.angular\cache\20.3.28\xai-web\vite\deps\chunk-RSS3ODKE.js,0cbec22b5580244ca3cd,PASS
True,1.2883586238850921,92.08200001739897,source_code,1,27806,0.9827826937616416,167.54609998315573,7.2188254058429,22.809999994933605,43.58100000536069,0.810900004580617,72,0.2589369200891894,hybrid_v2,2.603500004624948,N/A,N/A,N/A,172660,332.25390625,whole_file,6.209451197583255,confidence,"[""zstd|9|identity""]",140.45619999524206,0.5070872314153069,64KiB_1MiB,C:\Users\ss\Desktop\XAI\XAI\apps\web_angular\.angular\cache\20.3.28\xai-web\vite\deps\chunk-RSS3ODKE.js,0cbec22b5580244ca3cd,PASS
True,1.5942649183445803,10.806099977344275,source_code,,43588,0.6218350584417535,335.44500000425614,6.4892208318703615,32.144299999345094,240.25570001685992,7.696400018176064,767,1.7596586216389831,hybrid_v1,41.20599999441765,,,,218724,332.25390625,,5.017986601817014,,"{""brotli"": 1}",289.15810002945364,N/A,64KiB_1MiB,C:\Users\ss\Desktop\XAI\XAI\apps\web_angular\.angular\cache\20.3.28\xai-web\vite\deps\@angular_router.js,0176cdda1aac09477d97,PASS
True,1.6873868436934218,141.20640000328422,source_code,1,46134,0.777962040908116,268.1254999770317,6.986069528973187,29.858199995942414,88.31630001077428,1.252900023246184,72,0.15606710885680844,hybrid_v2,4.754599998705089,N/A,N/A,N/A,218724,332.25390625,whole_file,4.741058655221745,confidence,"[""deflate|6|identity""]",238.9792000176385,0.4439523954203895,64KiB_1MiB,C:\Users\ss\Desktop\XAI\XAI\apps\web_angular\.angular\cache\20.3.28\xai-web\vite\deps\@angular_router.js,0176cdda1aac09477d97,PASS
True,62.61818181818182,11.38010001159273,text,,861,0.003388749887949463,30.95660000690259,0.004206498152944946,24.93859999231063,3.182800021022558,4.170100000919774,764,88.73403019744484,hybrid_v1,2.1087999921292067,,,,110,332.25390625,,0.12775842044134728,,"{""brotli"": 1}",9.461700014071539,N/A,lt_16KiB,C:\Users\ss\Desktop\XAI\XAI\engines\XAI-Compress\requirements.txt,0ebdf4283c5b6a0215ac,PASS
True,12.8,0.0,text,1,176,0.013497011811656488,7.772400014800951,0.014238774966667077,7.367500016698614,0.01309998333454132,0.0,62,35.22727272727273,hybrid_v2,0.0,N/A,N/A,N/A,110,332.25390625,whole_file,0.625,confidence,"[""brotli|1|identity""]",0.3898000286426395,1.0,lt_16KiB,C:\Users\ss\Desktop\XAI\XAI\engines\XAI-Compress\requirements.txt,0ebdf4283c5b6a0215ac,PASS
True,6.348583877995643,9.813000011490658,text,,1457,0.044105545367056284,39.698999986285344,0.06246418437948978,28.031199995893985,8.432100003119558,3.842499980237335,764,52.436513383665066,hybrid_v1,6.090100010624155,,,,1836,332.25390625,,1.260123541523679,,"{""brotli"": 1}",18.36469999398105,N/A,lt_16KiB,C:\Users\ss\Desktop\XAI\XAI\apps\desktop_flutter\windows\runner\CMakeLists.txt,4bb6ea144fbc0976bcbe,PASS
True,3.599128540305011,92.86549998796545,text,1,826,0.014661727733834588,119.42289999569766,0.2708472229162121,6.464700010837987,7.480500004021451,0.5163000023458153,67,8.111380145278451,hybrid_v2,0.6775999790988863,N/A,N/A,N/A,1836,332.25390625,whole_file,2.222760290556901,confidence,"[""deflate|6|identity""]",102.36220000660978,0.4513225032681794,lt_16KiB,C:\Users\ss\Desktop\XAI\XAI\apps\desktop_flutter\windows\runner\CMakeLists.txt,4bb6ea144fbc0976bcbe,PASS
True,8.006665017627503,11.30170002579689,video,,1472790,2.4378505457122195,575.6681000057142,27.86228787315082,50.36890000337735,416.0639000183437,9.719399968162179,1226,0.08324336802938641,hybrid_v1,86.79199998732656,,,,1471564,332.25390625,,0.9991675663197062,,"{""raw"": 2}",512.5752999738324,N/A,1_10MiB,C:\Users\ss\Desktop\XAI\XAI\engines\XAI-Compress\data\test\archive (1)\FaceForensics++_C23\DeepFakeDetection\02_09__walk_down_hall_angry__6KUOFMZW.mp4,48e21ec2f07a239cb0db,PASS
True,8.000391420284812,0.0,video,1,1471636,38.8833325528612,36.09239999786951,31.779080404527352,44.16089999722317,0.7656999805476516,0.0,72,0.004892514181495968,hybrid_v2,0.0,N/A,N/A,N/A,1471564,332.25390625,whole_file,0.999951074858185,confidence,"[""raw|default|identity""]",13.561800005845726,1.0,1_10MiB,C:\Users\ss\Desktop\XAI\XAI\engines\XAI-Compress\data\test\archive (1)\FaceForensics++_C23\DeepFakeDetection\02_09__walk_down_hall_angry__6KUOFMZW.mp4,48e21ec2f07a239cb0db,PASS
True,8.006269544423324,6.115800002589822,video,,1566891,3.435396384563659,434.6320999902673,47.90244382362825,31.170300004305318,327.3767000355292,6.229199992958456,1227,0.07830793590619896,hybrid_v1,49.911400012206286,,,,1565664,332.25390625,,0.999216920640938,,"{""raw"": 2}",383.51730004069395,N/A,1_10MiB,C:\Users\ss\Desktop\XAI\XAI\engines\XAI-Compress\data\test\archive (1)\FaceForensics++_C23\DeepFakeDetection\02_18__walk_down_hall_angry__B95S4G6F.mp4,75ac8e38c89544f86012,PASS
True,8.000367895027285,0.0,video,1,1565736,56.213991036891095,26.561600010609254,51.633182801391314,28.91810002620332,0.5483999848365784,0.0,72,0.004598476371495578,hybrid_v2,0.0,N/A,N/A,N/A,1565664,332.25390625,whole_file,0.999954015236285,confidence,"[""raw|default|identity""]",9.10749999457039,1.0,1_10MiB,C:\Users\ss\Desktop\XAI\XAI\engines\XAI-Compress\data\test\archive (1)\FaceForensics++_C23\DeepFakeDetection\02_18__walk_down_hall_angry__B95S4G6F.mp4,75ac8e38c89544f86012,PASS
True,8.005951878865186,6.100399972638115,video,,1649109,4.239054140157445,370.72979999356903,43.954346172257694,35.75400001136586,277.61640000971965,5.1269000105094165,1226,0.07434317561786395,hybrid_v1,51.402000011876225,,,,1647883,332.25390625,,0.9992565682438214,,"{""raw"": 2}",334.1453000321053,N/A,1_10MiB,C:\Users\ss\Desktop\XAI\XAI\engines\XAI-Compress\data\test\archive (1)\FaceForensics++_C23\DeepFakeDetection\02_18__exit_phone_room__OXMEEFUQ.mp4,f887056a858ef5d79853,PASS
True,8.000349539378705,0.0,video,1,1647955,66.52487331664425,23.623400018550456,54.537947966054624,28.81560000241734,0.648400018690154,0.0,72,0.004369051339387301,hybrid_v2,0.0,N/A,N/A,N/A,1647883,332.25390625,whole_file,0.9999563094866061,confidence,"[""raw|default|identity""]",9.951500018360093,1.0,1_10MiB,C:\Users\ss\Desktop\XAI\XAI\engines\XAI-Compress\data\test\archive (1)\FaceForensics++_C23\DeepFakeDetection\02_18__exit_phone_room__OXMEEFUQ.mp4,f887056a858ef5d79853,PASS
True,8.00514876290928,7.324200065340847,video,,2610461,3.7738157157351337,659.2607000202406,22.318183116252264,111.47540001547895,498.5023000044748,8.642699976917356,1679,0.06431814150833895,hybrid_v1,95.05580001859926,,,,2608782,332.25390625,,0.9993568185849167,,"{""raw"": 3}",602.2007999999914,N/A,1_10MiB,C:\Users\ss\Desktop\XAI\XAI\engines\XAI-Compress\data\test\archive (1)\FaceForensics++_C23\DeepFakeDetection\03_26__walk_down_hall_angry__WBSXBL82.mp4,84dcd2e350a766eef717,PASS
True,8.00023612551758,0.0,video,1,2608859,48.05130496184663,51.77649998222478,49.866278962640386,49.89200001000427,0.8921999833546579,0.0,77,0.0029514818547111974,hybrid_v2,0.0,N/A,N/A,N/A,2608782,332.25390625,whole_file,0.9999704851814529,confidence,"[""raw|default|identity""]",20.299800002248958,1.0,1_10MiB,C:\Users\ss\Desktop\XAI\XAI\engines\XAI-Compress\data\test\archive (1)\FaceForensics++_C23\DeepFakeDetection\03_26__walk_down_hall_angry__WBSXBL82.mp4,84dcd2e350a766eef717,PASS
True,8.00507773293892,5.573500005993992,video,,2646954,4.389562666173718,574.7111999953631,59.51759950745566,42.386299988720566,436.3113999716006,8.650299976579845,1679,0.06343140077235948,hybrid_v1,80.48130001407117,,,,2645275,332.25390625,,0.9993656859922764,,"{""raw"": 3}",525.4429999622516,N/A,1_10MiB,C:\Users\ss\Desktop\XAI\XAI\engines\XAI-Compress\data\test\archive (1)\FaceForensics++_C23\DeepFakeDetection\05_16__walk_down_hall_angry__U9WZI5LK.mp4,b46249238a82a1760029,PASS
True,8.000232868038294,0.0,video,1,2645352,83.819731018684,30.09710001060739,69.85619736223484,36.113200010731816,0.41439998312853277,0.0,77,0.002910765750644905,hybrid_v2,0.0,N/A,N/A,N/A,2645275,332.25390625,whole_file,0.9999708923424936,confidence,"[""raw|default|identity""]",11.316299991449341,1.0,1_10MiB,C:\Users\ss\Desktop\XAI\XAI\engines\XAI-Compress\data\test\archive (1)\FaceForensics++_C23\DeepFakeDetection\05_16__walk_down_hall_angry__U9WZI5LK.mp4,b46249238a82a1760029,PASS
True,8.004974195987328,5.618399998638779,video,,2697187,4.935723133516776,520.8233000012115,50.98219657098449,50.42230000253767,384.2099999601487,7.459800021024421,1676,0.062138813512003434,hybrid_v1,71.66029998916201,,,,2695511,332.25390625,,0.99937861186488,,"{""raw"": 3}",463.33009997033514,N/A,1_10MiB,C:\Users\ss\Desktop\XAI\XAI\engines\XAI-Compress\data\test\archive (1)\FaceForensics++_C23\DeepFakeDetection\03_14__walk_down_hall_angry__P1L5PF4I.mp4,cfa60713b94c4cf8ad0a,PASS
True,8.00022852809727,0.0,video,1,2695588,58.363407094128554,44.0453999908641,43.342577615497426,59.30980000994168,0.9538999875076115,0.0,77,0.002856519616499257,hybrid_v2,0.0,N/A,N/A,N/A,2695511,332.25390625,whole_file,0.999971434803835,confidence,"[""raw|default|identity""]",14.662400004453957,1.0,1_10MiB,C:\Users\ss\Desktop\XAI\XAI\engines\XAI-Compress\data\test\archive (1)\FaceForensics++_C23\DeepFakeDetection\03_14__walk_down_hall_angry__P1L5PF4I.mp4,cfa60713b94c4cf8ad0a,PASS
True,8.004706150786498,8.506199985276908,video,,2859218,4.988818643767246,546.2535000115167,58.729230888512475,46.40210000798106,400.3676999709569,8.937300008255988,1681,0.05879229915312509,hybrid_v1,79.40489996690303,,,,2857537,332.25390625,,0.9994120770084688,,"{""raw"": 3}",488.7098999461159,N/A,1_10MiB,C:\Users\ss\Desktop\XAI\XAI\engines\XAI-Compress\data\test\archive (1)\FaceForensics++_C23\DeepFakeDetection\02_01__walking_outside_cafe_disgusted__YVGY8LOK.mp4,040d6cd1913e63d0bf50,PASS
True,8.000215570262082,0.0,video,1,2857614,68.80708494187382,39.60580000421032,79.46809492002745,34.292500000447035,0.7129000150598586,0.0,77,0.0026945556677703845,hybrid_v2,0.0,N/A,N/A,N/A,2857537,332.25390625,whole_file,0.9999730544433223,confidence,"[""raw|default|identity""]",15.03239999874495,1.0,1_10MiB,C:\Users\ss\Desktop\XAI\XAI\engines\XAI-Compress\data\test\archive (1)\FaceForensics++_C23\DeepFakeDetection\02_01__walking_outside_cafe_disgusted__YVGY8LOK.mp4,040d6cd1913e63d0bf50,PASS
True,8.004424343397725,4.187799961073324,video,,3030373,7.386956257370299,391.012399981264,79.15266320334375,36.491400009253994,289.8366999870632,4.994200018700212,1675,0.05527372372971908,hybrid_v1,55.5412000103388,,,,3028698,332.25390625,,0.9994472627627028,,"{""raw"": 3}",350.3721000161022,N/A,1_10MiB,C:\Users\ss\Desktop\XAI\XAI\engines\XAI-Compress\data\test\archive (1)\FaceForensics++_C23\DeepFakeDetection\04_13__walking_outside_cafe_disgusted__00T3UYOR.mp4,916ee0944afa41eaebe4,PASS
True,8.000203387726343,0.0,video,1,3028775,81.83826368631625,35.293900000397116,85.47458879275001,33.79240000504069,0.2853000187315047,0.0,77,0.0025422819456711048,hybrid_v2,0.0,N/A,N/A,N/A,3028698,332.25390625,whole_file,0.9999745771805433,confidence,"[""raw|default|identity""]",10.072099976241589,1.0,1_10MiB,C:\Users\ss\Desktop\XAI\XAI\engines\XAI-Compress\data\test\archive (1)\FaceForensics++_C23\DeepFakeDetection\04_13__walking_outside_cafe_disgusted__00T3UYOR.mp4,916ee0944afa41eaebe4,PASS
True,8.0043885302515,10.121800034539774,video,,3056913,6.5081900314645,447.69760000053793,59.09676631284767,49.30390001391061,307.5620999734383,7.711099984589964,1676,0.05482655214590667,hybrid_v1,78.34430001094006,,,,3055237,332.25390625,,0.999451734478541,,"{""raw"": 3}",393.61749996896833,N/A,1_10MiB,C:\Users\ss\Desktop\XAI\XAI\engines\XAI-Compress\data\test\archive (1)\FaceForensics++_C23\DeepFakeDetection\04_27__walking_outside_cafe_disgusted__2CCI2ND1.mp4,5fbf7e5d425ea2cedf79,PASS
True,8.000201621019908,0.0,video,1,3055314,115.6253519890848,25.199499999871477,71.77788098963345,40.59330001473427,0.31289999606087804,0.0,77,0.002520199233204836,hybrid_v2,0.0,N/A,N/A,N/A,3055237,332.25390625,whole_file,0.999974798007668,confidence,"[""raw|default|identity""]",10.749600012786686,1.0,1_10MiB,C:\Users\ss\Desktop\XAI\XAI\engines\XAI-Compress\data\test\archive (1)\FaceForensics++_C23\DeepFakeDetection\04_27__walking_outside_cafe_disgusted__2CCI2ND1.mp4,5fbf7e5d425ea2cedf79,PASS
True,8.00438048090062,4.768699989654124,video,,3068009,7.619432189233603,383.79240001086146,37.20235769717762,78.60470001469366,269.1645000013523,5.217600002652034,1679,0.054726045458145654,hybrid_v1,54.31400000816211,,,,3066330,332.25390625,,0.9994527395454186,,"{""raw"": 3}",328.6961000121664,N/A,1_10MiB,C:\Users\ss\Desktop\XAI\XAI\engines\XAI-Compress\data\test\archive (1)\FaceForensics++_C23\DeepFakeDetection\01_12__outside_talking_pan_laughing__TNI7KUZ6.mp4,8e0163f8d08517f2bfbd,PASS
True,8.000200891619624,0.0,video,1,3066407,111.95345291095832,26.12049999879673,43.99411713445702,66.46979998913594,0.28070001280866563,0.0,77,0.0025110821883722544,hybrid_v2,0.0,N/A,N/A,N/A,3066330,332.25390625,whole_file,0.9999748891781163,confidence,"[""raw|default|identity""]",10.289900004863739,1.0,1_10MiB,C:\Users\ss\Desktop\XAI\XAI\engines\XAI-Compress\data\test\archive (1)\FaceForensics++_C23\DeepFakeDetection\01_12__outside_talking_pan_laughing__TNI7KUZ6.mp4,8e0163f8d08517f2bfbd,PASS
True,8.004908507041865,5.110299942316487,video,,3473654,6.062991682481738,546.0511000128463,45.09548782019023,73.41540002380498,409.96829999494366,7.028600026387721,2130,0.061318715105188944,hybrid_v1,71.09559999662451,,,,3471524,332.25390625,,0.9993868128489481,,"{""raw"": 4}",488.0925000179559,N/A,1_10MiB,C:\Users\ss\Desktop\XAI\XAI\engines\XAI-Compress\data\test\archive (1)\FaceForensics++_C23\DeepFakeDetection\01_02__talking_against_wall__YVGY8LOK.mp4,7949ac89c2483924ee9c,PASS
True,8.000177443681794,0.0,video,1,3471601,105.73779652560432,31.31049999501556,135.58787078539112,24.417400010861456,0.3446000046096742,0.0,77,0.002217996826248178,hybrid_v2,0.0,N/A,N/A,N/A,3471524,332.25390625,whole_file,0.9999778200317375,confidence,"[""raw|default|identity""]",11.981299991020933,1.0,1_10MiB,C:\Users\ss\Desktop\XAI\XAI\engines\XAI-Compress\data\test\archive (1)\FaceForensics++_C23\DeepFakeDetection\01_02__talking_against_wall__YVGY8LOK.mp4,7949ac89c2483924ee9c,PASS
True,8.004654560075783,5.022800003644079,video,,3663056,7.057929371349393,494.6678999986034,12.7504884624485,273.819399997592,363.43580001266673,6.924699962837622,2130,0.05814816917895877,hybrid_v1,71.60100003238767,,,,3660926,332.25390625,,0.9994185183082104,,"{""raw"": 4}",441.961500007892,N/A,1_10MiB,C:\Users\ss\Desktop\XAI\XAI\engines\XAI-Compress\data\test\archive (1)\FaceForensics++_C23\DeepFakeDetection\02_27__walking_down_street_outside_angry__3L1MLH3D.mp4,e24ad89f350ae852f7b8,PASS
True,8.00016826343936,0.0,video,1,3661003,128.626363222628,27.14319998631254,85.25214511604075,40.95300001790747,0.29529997846111655,0.0,77,0.002103248754507986,hybrid_v2,0.0,N/A,N/A,N/A,3660926,332.25390625,whole_file,0.999978967512455,confidence,"[""raw|default|identity""]",10.628799995174631,1.0,1_10MiB,C:\Users\ss\Desktop\XAI\XAI\engines\XAI-Compress\data\test\archive (1)\FaceForensics++_C23\DeepFakeDetection\02_27__walking_down_street_outside_angry__3L1MLH3D.mp4,e24ad89f350ae852f7b8,PASS
True,8.004313974155107,5.3270000498741865,video,,3955795,6.835255786040944,551.6263000026811,73.07056384434735,51.60090001299977,418.37519995169714,7.349699968472123,2132,0.053895613903147156,hybrid_v1,72.73469999199733,,,,3953663,332.25390625,,0.9994610438609686,,"{""raw"": 4}",498.4595999121666,N/A,1_10MiB,C:\Users\ss\Desktop\XAI\XAI\engines\XAI-Compress\data\test\archive (1)\FaceForensics++_C23\DeepFakeDetection\03_11__exit_phone_room__P08VGHTA.mp4,e1d9664ac99aeab9bd8f,PASS
True,8.000155804882713,0.0,video,1,3953740,98.8326952738239,38.150400010636076,94.56030006045494,39.87409998080693,0.36380000528879464,0.0,77,0.001947523104705924,hybrid_v2,0.0,N/A,N/A,N/A,3953663,332.25390625,whole_file,0.9999805247689529,confidence,"[""raw|default|identity""]",17.215800005942583,1.0,1_10MiB,C:\Users\ss\Desktop\XAI\XAI\engines\XAI-Compress\data\test\archive (1)\FaceForensics++_C23\DeepFakeDetection\03_11__exit_phone_room__P08VGHTA.mp4,e1d9664ac99aeab9bd8f,PASS
True,8.004163702546576,5.0023999938275665,video,,4092719,7.076952170289954,551.2387999915518,39.7606327114317,98.11439999612048,412.01529998215847,7.116900000255555,2129,0.052019207768722944,hybrid_v1,74.7962000023108,,,,4090590,332.25390625,,0.9994798079223127,,"{""raw"": 4}",493.9283999847248,N/A,1_10MiB,C:\Users\ss\Desktop\XAI\XAI\engines\XAI-Compress\data\test\archive (1)\FaceForensics++_C23\DeepFakeDetection\06_03__talking_against_wall__4I8LRXWF.mp4,c4a941def8a08ccf229a,PASS
True,8.000150589523761,0.0,video,1,4090667,38.043349699827516,102.5433000177145,57.776388223843774,67.52050001523457,1.6130000003613532,0.0,77,0.0018823336145425674,hybrid_v2,0.0,N/A,N/A,N/A,4090590,332.25390625,whole_file,0.9999811766638546,confidence,"[""raw|default|identity""]",44.82549999374896,1.0,1_10MiB,C:\Users\ss\Desktop\XAI\XAI\engines\XAI-Compress\data\test\archive (1)\FaceForensics++_C23\DeepFakeDetection\06_03__talking_against_wall__4I8LRXWF.mp4,c4a941def8a08ccf229a,PASS
True,8.004534013991286,6.319300038740039,video,,4560134,4.6166130781177035,941.4735999889672,58.3002715403547,74.55230000778101,732.7399000059813,12.65729995793663,2583,0.05664307233076923,hybrid_v1,121.64809997193515,,,,4557551,332.25390625,,0.9994335692766924,,"{""raw"": 5}",867.0452999358531,N/A,1_10MiB,C:\Users\ss\Desktop\XAI\XAI\engines\XAI-Compress\data\test\archive (1)\FaceForensics++_C23\DeepFakeDetection\06_12__outside_talking_still_laughing__3K21NFNM.mp4,f87b4ba16c61fc6e0d45,PASS
True,8.000135160308684,0.0,video,1,4557628,114.25437770084609,38.04159999708645,130.336795906542,33.34759999415837,0.2843000111170113,0.0,77,0.0016894753147909396,hybrid_v2,0.0,N/A,N/A,N/A,4557551,332.25390625,whole_file,0.9999831052468521,confidence,"[""raw|default|identity""]",15.851000003749505,1.0,1_10MiB,C:\Users\ss\Desktop\XAI\XAI\engines\XAI-Compress\data\test\archive (1)\FaceForensics++_C23\DeepFakeDetection\06_12__outside_talking_still_laughing__3K21NFNM.mp4,f87b4ba16c61fc6e0d45,PASS
True,8.004101718479976,5.415499996161088,video,,5028763,8.01528848247617,598.0251999862958,77.03740694733594,62.22100000013597,449.0810999996029,8.371400006581098,2577,0.051245206823228695,hybrid_v1,83.33200006745756,,,,5026186,332.25390625,,0.9994875479317678,,"{""raw"": 5}",540.7845000736415,N/A,1_10MiB,C:\Users\ss\Desktop\XAI\XAI\engines\XAI-Compress\data\test\archive (1)\FaceForensics++_C23\DeepFakeDetection\01_20__outside_talking_pan_laughing__OTGHOG4Z.mp4,546ace30fb0bb2e3783b,PASS
True,8.000122558138518,0.0,video,1,5026263,114.02978163643712,42.03589999815449,109.2970989293476,43.856099975528196,0.2772000152617693,0.0,77,0.0015319532622944721,hybrid_v2,0.0,N/A,N/A,N/A,5026186,332.25390625,whole_file,0.9999846804673771,confidence,"[""raw|default|identity""]",14.058600005228072,1.0,1_10MiB,C:\Users\ss\Desktop\XAI\XAI\engines\XAI-Compress\data\test\archive (1)\FaceForensics++_C23\DeepFakeDetection\01_20__outside_talking_pan_laughing__OTGHOG4Z.mp4,546ace30fb0bb2e3783b,PASS
True,8.004085941012098,4.932600044412538,video,,5052089,7.6919100848561675,626.0588000004645,87.1864747194826,55.23320002248511,456.86529998783953,9.071100008441135,2579,0.05104819016450423,hybrid_v1,100.60299999895506,,,,5049510,332.25390625,,0.999489518098355,,"{""raw"": 5}",566.5393999952357,N/A,1_10MiB,C:\Users\ss\Desktop\XAI\XAI\engines\XAI-Compress\data\test\archive (1)\FaceForensics++_C23\DeepFakeDetection\01_15__outside_talking_pan_laughing__02HILKYO.mp4,f34934e8101b36854b29,PASS
True,8.00012199203487,0.0,video,1,5049587,113.06426610799926,42.59160000947304,118.75884410965614,40.549299999838695,0.3360999980941415,0.0,77,0.0015248771830250671,hybrid_v2,0.0,N/A,N/A,N/A,5049510,332.25390625,whole_file,0.9999847512281698,confidence,"[""raw|default|identity""]",15.50189999397844,1.0,1_10MiB,C:\Users\ss\Desktop\XAI\XAI\engines\XAI-Compress\data\test\archive (1)\FaceForensics++_C23\DeepFakeDetection\01_15__outside_talking_pan_laughing__02HILKYO.mp4,f34934e8101b36854b29,PASS
True,8.003993004497744,5.046000034781173,video,,5167611,8.088989331569053,608.9462000236381,64.4238753450875,76.45860000047833,447.4028999975417,8.47930001327768,2578,0.04988765601745178,hybrid_v1,84.99100006883964,,,,5165033,332.25390625,,0.9995011234398254,,"{""raw"": 5}",540.873200079659,N/A,1_10MiB,C:\Users\ss\Desktop\XAI\XAI\engines\XAI-Compress\data\test\archive (1)\FaceForensics++_C23\DeepFakeDetection\03_07__talking_against_wall__PWXXULHR.mp4,d8bdce51a4d8290a41bc,PASS
True,8.000119263516806,0.0,video,1,5165110,102.49251068199906,48.059699998702854,112.08893173621138,43.945100012933835,0.37769999471493065,0.0,77,0.0014907717357423172,hybrid_v2,0.0,N/A,N/A,N/A,5165033,332.25390625,whole_file,0.9999850922826425,confidence,"[""raw|default|identity""]",18.91100002103485,1.0,1_10MiB,C:\Users\ss\Desktop\XAI\XAI\engines\XAI-Compress\data\test\archive (1)\FaceForensics++_C23\DeepFakeDetection\03_07__talking_against_wall__PWXXULHR.mp4,d8bdce51a4d8290a41bc,PASS
True,8.003969782037622,5.108199984533712,video,,5193793,7.922784766290837,624.8724999895785,67.4988523447481,73.34539998555556,456.21659996686503,8.503200020641088,2576,0.049597663980832506,hybrid_v1,88.79729997715913,,,,5191217,332.25390625,,0.9995040233601917,,"{""raw"": 5}",553.5170999646652,N/A,1_10MiB,C:\Users\ss\Desktop\XAI\XAI\engines\XAI-Compress\data\test\archive (1)\FaceForensics++_C23\DeepFakeDetection\03_26__talking_against_wall__WBSXBL82.mp4,302a07d24b61368de502,PASS
True,8.00011866196308,0.0,video,1,5191294,126.15029099484694,39.24469999037683,127.50839815517634,38.82670000893995,0.35200000274926424,0.0,77,0.0014832525378065662,hybrid_v2,0.0,N/A,N/A,N/A,5191217,332.25390625,whole_file,0.999985167474622,confidence,"[""raw|default|identity""]",13.800599990645424,1.0,1_10MiB,C:\Users\ss\Desktop\XAI\XAI\engines\XAI-Compress\data\test\archive (1)\FaceForensics++_C23\DeepFakeDetection\03_26__talking_against_wall__WBSXBL82.mp4,302a07d24b61368de502,PASS
True,7.993265233411867,5.14549997751601,video,,5286301,6.395521509876469,788.935999997193,67.0858887783807,75.21189999533817,575.5281000165269,10.764500009827316,3026,0.057242294753930965,hybrid_v1,119.84279999160208,,,,5290755,332.25390625,,1.0008425551250297,,"{""brotli"": 1, ""raw"": 5}",706.1354000179563,N/A,1_10MiB,C:\Users\ss\Desktop\XAI\XAI\engines\XAI-Compress\data\test\archive (1)\FaceForensics++_C23\DeepFakeDetection\01_02__outside_talking_still_laughing__YVGY8LOK.mp4,ea302a0aad67d6028fa2,PASS
True,8.000116429507697,0.0,video,1,5290832,116.0649593516508,43.47269999561831,160.53889365313117,31.42949999892153,0.2868000010494143,0.0,77,0.001455347665546742,hybrid_v2,0.0,N/A,N/A,N/A,5290755,332.25390625,whole_file,0.9999854465233445,confidence,"[""raw|default|identity""]",14.90650000050664,1.0,1_10MiB,C:\Users\ss\Desktop\XAI\XAI\engines\XAI-Compress\data\test\archive (1)\FaceForensics++_C23\DeepFakeDetection\01_02__outside_talking_still_laughing__YVGY8LOK.mp4,ea302a0aad67d6028fa2,PASS
True,8.004321567187711,6.627400027355179,video,,5619515,6.002729409025724,892.3097000224516,58.170632593755386,92.07899999455549,704.3130000529345,10.643999965395778,3034,0.053990424440543354,hybrid_v1,114.976500015473,,,,5616481,332.25390625,,0.9994600957555946,,"{""raw"": 6}",829.9335000338033,N/A,1_10MiB,C:\Users\ss\Desktop\XAI\XAI\engines\XAI-Compress\data\test\archive (1)\FaceForensics++_C23\DeepFakeDetection\03_26__kitchen_pan__WBSXBL82.mp4,64d82f0eb41570cacc9e,PASS
True,8.000109677216036,0.0,video,1,5616558,97.796659095984,54.769699985627085,110.97998651794765,48.26360000879504,0.41939999209716916,0.0,77,0.0013709464052538939,hybrid_v2,0.0,N/A,N/A,N/A,5616481,332.25390625,whole_file,0.9999862905359475,confidence,"[""raw|default|identity""]",20.245699997758493,1.0,1_10MiB,C:\Users\ss\Desktop\XAI\XAI\engines\XAI-Compress\data\test\archive (1)\FaceForensics++_C23\DeepFakeDetection\03_26__kitchen_pan__WBSXBL82.mp4,64d82f0eb41570cacc9e,PASS
True,8.004318596797432,7.917900016764179,video,,5627085,4.452198573466926,1204.6881999995094,62.77547043958864,85.43960002134554,921.4340999606065,14.916499989340082,3036,0.05395333463063025,hybrid_v1,164.4287000526674,,,,5624049,332.25390625,,0.9994604666536937,,"{""raw"": 6}",1100.779300002614,N/A,1_10MiB,C:\Users\ss\Desktop\XAI\XAI\engines\XAI-Compress\data\test\archive (1)\FaceForensics++_C23\DeepFakeDetection\03_15__kitchen_pan__DNUJD8M2.mp4,1dd1e1cbeb37c92a23c9,PASS
True,8.00010952962892,0.0,video,1,5624126,73.91105726461379,72.56710002548061,73.43985754371043,73.03270002012141,0.43639997602440417,0.0,77,0.0013691016168556678,hybrid_v2,0.0,N/A,N/A,N/A,5624049,332.25390625,whole_file,0.9999863089838315,confidence,"[""raw|default|identity""]",30.85420001298189,1.0,1_10MiB,C:\Users\ss\Desktop\XAI\XAI\engines\XAI-Compress\data\test\archive (1)\FaceForensics++_C23\DeepFakeDetection\03_15__kitchen_pan__DNUJD8M2.mp4,1dd1e1cbeb37c92a23c9,PASS
True,8.004306519657273,7.4269999749958515,video,,5642857,3.8966196614915964,1380.3123999969102,57.70966625145374,93.20020000450313,1076.3988999824505,17.344900028547272,3036,0.05380253300765906,hybrid_v1,182.98210002831183,,,,5639821,332.25390625,,0.9994619746699234,,"{""raw"": 6}",1276.7259000393096,N/A,1_10MiB,C:\Users\ss\Desktop\XAI\XAI\engines\XAI-Compress\data\test\archive (1)\FaceForensics++_C23\DeepFakeDetection\03_13__kitchen_pan__GBYWJW06.mp4,7030656a47ddcae4e881,PASS
True,8.00010922332464,0.0,video,1,5639898,78.63242804160761,68.40119999833405,149.3113295758267,36.02239998872392,0.6258999928832054,0.0,77,0.0013652729180563194,hybrid_v2,0.0,N/A,N/A,N/A,5639821,332.25390625,whole_file,0.9999863472708195,confidence,"[""raw|default|identity""]",32.22150000510737,1.0,1_10MiB,C:\Users\ss\Desktop\XAI\XAI\engines\XAI-Compress\data\test\archive (1)\FaceForensics++_C23\DeepFakeDetection\03_13__kitchen_pan__GBYWJW06.mp4,7030656a47ddcae4e881,PASS
True,8.004256091451905,5.0131999887526035,video,,5700277,6.97255553490377,779.2432999995071,107.57062926867773,50.50929999561049,593.0341999628581,10.75940000009723,3031,0.05317285458232995,hybrid_v1,118.30030000419356,,,,5697246,332.25390625,,0.9994682714541767,,"{""raw"": 6}",722.0938999671489,N/A,1_10MiB,C:\Users\ss\Desktop\XAI\XAI\engines\XAI-Compress\data\test\archive (1)\FaceForensics++_C23\DeepFakeDetection\03_09__kitchen_pan__8DTEGQ54.mp4,349a429b63ba827da16d,PASS
True,8.000108122415638,0.0,video,1,5697323,108.59293483700304,50.0338000128977,105.94028818020857,51.286600006278604,0.3056999994441867,0.0,77,0.00135151192937455,hybrid_v2,0.0,N/A,N/A,N/A,5697246,332.25390625,whole_file,0.9999864848807063,confidence,"[""raw|default|identity""]",16.03530001011677,1.0,1_10MiB,C:\Users\ss\Desktop\XAI\XAI\engines\XAI-Compress\data\test\archive (1)\FaceForensics++_C23\DeepFakeDetection\03_09__kitchen_pan__8DTEGQ54.mp4,349a429b63ba827da16d,PASS
True,8.004246970506625,10.798500064993277,video,,5716282,2.7500088752658285,1981.2950000050478,39.219288210828424,138.92600001418032,1555.5150000145659,27.50130000640638,3033,0.05305896385097866,hybrid_v1,265.6944999762345,,,,5713249,332.25390625,,0.9994694103614902,,"{""raw"": 6}",1848.7107999972068,N/A,1_10MiB,C:\Users\ss\Desktop\XAI\XAI\engines\XAI-Compress\data\test\archive (1)\FaceForensics++_C23\DeepFakeDetection\05_17__walking_down_street_outside_angry__M3H96PDQ.mp4,769bc1050e1bcf06e990,PASS
True,8.000107819561164,0.0,video,1,5713326,30.423725047336326,179.0898000181187,31.52917518296772,172.81070002354681,1.7968000029213727,0.0,77,0.0013477263506405902,hybrid_v2,0.0,N/A,N/A,N/A,5713249,332.25390625,whole_file,0.9999865227364936,confidence,"[""raw|default|identity""]",98.97140000248328,1.0,1_10MiB,C:\Users\ss\Desktop\XAI\XAI\engines\XAI-Compress\data\test\archive (1)\FaceForensics++_C23\DeepFakeDetection\05_17__walking_down_street_outside_angry__M3H96PDQ.mp4,769bc1050e1bcf06e990,PASS
True,8.004196702244945,10.956799989799038,video,,5780901,3.151314945657704,1748.5418999858666,40.953308452371914,134.54850000562146,1332.301699963864,27.12820001761429,3031,0.052431273256539075,hybrid_v1,258.1274000403937,,,,5777870,332.25390625,,0.9994756872674346,,"{""raw"": 6}",1617.557300021872,N/A,1_10MiB,C:\Users\ss\Desktop\XAI\XAI\engines\XAI-Compress\data\test\archive (1)\FaceForensics++_C23\DeepFakeDetection\06_07__kitchen_pan__NMGYPBXE.mp4,7e893633dd0f5d20713c,PASS
True,8.000106613682897,0.0,video,1,5777947,46.330650767829965,118.93219998455606,69.03739935853619,79.81480000307783,0.8014999912120402,0.0,77,0.0013326532763280798,hybrid_v2,0.0,N/A,N/A,N/A,5777870,332.25390625,whole_file,0.9999866734672367,confidence,"[""raw|default|identity""]",46.49820001213811,1.0,1_10MiB,C:\Users\ss\Desktop\XAI\XAI\engines\XAI-Compress\data\test\archive (1)\FaceForensics++_C23\DeepFakeDetection\06_07__kitchen_pan__NMGYPBXE.mp4,7e893633dd0f5d20713c,PASS
True,8.00400559726033,25.275300082284957,video,,6054562,0.949137240105321,6080.459599994356,6.104047400045169,945.4695000022184,4673.185600026045,87.50779996626079,3030,0.050044908285686064,hybrid_v1,754.322900029365,,,,6051532,332.25390625,,0.9994995509171432,,"{""raw"": 6}",5515.016300021671,N/A,1_10MiB,C:\Users\ss\Desktop\XAI\XAI\engines\XAI-Compress\data\test\archive (1)\FaceForensics++_C23\DeepFakeDetection\03_01__meeting_serious__JZUXXFRB.mp4,a2d1deaf6beae2b754df,PASS
True,8.000101792405626,0.0,video,1,6051609,17.50578722564677,329.6732999733649,17.471752440491613,330.3155000030529,2.108200016664341,0.0,77,0.0012723888803787555,hybrid_v2,0.0,N/A,N/A,N/A,6051532,332.25390625,whole_file,0.9999872761111962,confidence,"[""raw|default|identity""]",157.0431000145618,1.0,1_10MiB,C:\Users\ss\Desktop\XAI\XAI\engines\XAI-Compress\data\test\archive (1)\FaceForensics++_C23\DeepFakeDetection\03_01__meeting_serious__JZUXXFRB.mp4,a2d1deaf6beae2b754df,PASS
True,8.004244980100127,29.302200011443347,video,,6546730,1.401568239593776,4452.253499999642,8.968764377532446,695.7632999983616,3586.6326999966986,62.56059999577701,3472,0.05303411015881211,hybrid_v1,519.0364999580197,,,,6543258,332.25390625,,0.9994696588984119,,"{""raw"": 7}",4168.229799950495,N/A,1_10MiB,C:\Users\ss\Desktop\XAI\XAI\engines\XAI-Compress\data\test\archive (1)\FaceForensics++_C23\DeepFakeDetection\02_09__kitchen_pan__9TDCEK1Q.mp4,adacdb3fb3b269d0e4ec,PASS
True,8.000094142703833,0.0,video,1,6543335,18.552604845933075,336.3482999848202,37.27057063775284,167.4279999861028,2.2701999987475574,0.0,77,0.0011767699498802982,hybrid_v2,0.0,N/A,N/A,N/A,6543258,332.25390625,whole_file,0.9999882323005012,confidence,"[""raw|default|identity""]",193.69499999447726,1.0,1_10MiB,C:\Users\ss\Desktop\XAI\XAI\engines\XAI-Compress\data\test\archive (1)\FaceForensics++_C23\DeepFakeDetection\02_09__kitchen_pan__9TDCEK1Q.mp4,adacdb3fb3b269d0e4ec,PASS
True,8.004256209389865,8.93130004988052,video,,6552034,3.4524661351260346,1808.9052000141237,51.315882434342605,121.70079999486916,1420.4271000635345,26.227799971820787,3484,0.05317432723944961,hybrid_v1,225.77960003400221,,,,6548550,332.25390625,,0.9994682567276055,,"{""raw"": 7}",1672.4345000693575,N/A,1_10MiB,C:\Users\ss\Desktop\XAI\XAI\engines\XAI-Compress\data\test\archive (1)\FaceForensics++_C23\DeepFakeDetection\02_13__kitchen_pan__2YSYT2N3.mp4,2d972416e5ea584e6e99,PASS
True,8.000094066625437,0.0,video,1,6548627,44.564751455755584,140.13730001170188,29.922194736492916,208.71410000836477,0.43340001138858497,0.0,77,0.0011758189922864747,hybrid_v2,0.0,N/A,N/A,N/A,6548550,332.25390625,whole_file,0.9999882418100772,confidence,"[""raw|default|identity""]",44.15669999434613,1.0,1_10MiB,C:\Users\ss\Desktop\XAI\XAI\engines\XAI-Compress\data\test\archive (1)\FaceForensics++_C23\DeepFakeDetection\02_13__kitchen_pan__2YSYT2N3.mp4,2d972416e5ea584e6e99,PASS
True,8.004141832177885,9.685600060038269,video,,6729008,3.0868573493056224,2077.8288999863435,42.66846067861051,150.3208999929484,1579.9469999910798,29.693299962673336,3482,0.051746111759712575,hybrid_v1,295.38100003264844,,,,6725526,332.25390625,,0.9994825388824029,,"{""raw"": 7}",1905.0212999864016,N/A,1_10MiB,C:\Users\ss\Desktop\XAI\XAI\engines\XAI-Compress\data\test\archive (1)\FaceForensics++_C23\DeepFakeDetection\03_15__outside_talking_still_laughing__DNUJD8M2.mp4,575ac6afd2f60f8f7362,PASS
True,8.000091591349138,0.0,video,1,6725603,58.30047201944019,110.01560001750477,62.2917299308201,102.96650000964291,0.7611000037286431,0.0,77,0.0011448787565962488,hybrid_v2,0.0,N/A,N/A,N/A,6725526,332.25390625,whole_file,0.999988551212434,confidence,"[""raw|default|identity""]",53.73080002027564,1.0,1_10MiB,C:\Users\ss\Desktop\XAI\XAI\engines\XAI-Compress\data\test\archive (1)\FaceForensics++_C23\DeepFakeDetection\03_15__outside_talking_still_laughing__DNUJD8M2.mp4,575ac6afd2f60f8f7362,PASS
True,8.004029012893124,15.566199988825247,video,,7803357,2.246295080807086,3311.2813999759965,24.91429394258428,298.54810002143495,2583.028799999738,62.16370000038296,3928,0.0503373099551898,hybrid_v1,444.9052000127267,,,,7799429,332.25390625,,0.999496626900448,,"{""raw"": 8}",3090.097700012848,N/A,1_10MiB,C:\Users\ss\Desktop\XAI\XAI\engines\XAI-Compress\data\test\archive (1)\FaceForensics++_C23\DeepFakeDetection\02_13__podium_speech_happy__2YSYT2N3.mp4,ceb68a8868bcd038b876,PASS
True,8.000078980140726,0.0,video,1,7799506,35.44974497330489,209.82139999978244,61.104640434535135,121.72750002355315,1.401800021994859,0.0,77,0.000987242012506946,hybrid_v2,0.0,N/A,N/A,N/A,7799429,332.25390625,whole_file,0.9999901275798749,confidence,"[""raw|default|identity""]",109.22670000582002,1.0,1_10MiB,C:\Users\ss\Desktop\XAI\XAI\engines\XAI-Compress\data\test\archive (1)\FaceForensics++_C23\DeepFakeDetection\02_13__podium_speech_happy__2YSYT2N3.mp4,ceb68a8868bcd038b876,PASS
True,8.003896692488706,13.005599961616099,video,,8064095,1.8383912474969637,4181.251500005601,28.512246347232377,269.59559999522753,3327.314499998465,63.29400002141483,3926,0.04868494232768835,hybrid_v1,528.4835000347812,,,,8060169,332.25390625,,0.9995131505767231,,"{""raw"": 8}",3919.092000054661,N/A,1_10MiB,C:\Users\ss\Desktop\XAI\XAI\engines\XAI-Compress\data\test\archive (1)\FaceForensics++_C23\DeepFakeDetection\04_01__kitchen_still__6I623VU9.mp4,3195eee4a59ac79f4da4,PASS
True,8.000076425196543,0.0,video,1,8060246,49.9261585858924,153.96289998898283,68.55119874544054,112.13189997943118,0.6929000082891434,0.0,77,0.0009553058306160879,hybrid_v2,0.0,N/A,N/A,N/A,8060169,332.25390625,whole_file,0.9999904469416938,confidence,"[""raw|default|identity""]",68.72449998627417,1.0,1_10MiB,C:\Users\ss\Desktop\XAI\XAI\engines\XAI-Compress\data\test\archive (1)\FaceForensics++_C23\DeepFakeDetection\04_01__kitchen_still__6I623VU9.mp4,3195eee4a59ac79f4da4,PASS
True,8.003751781917414,11.157600005390123,video,,8383948,3.3375871069510485,2394.4866999809165,35.08009945599645,227.81599999871105,1769.83640002436,37.907600024482235,3930,0.046875290734150546,hybrid_v1,379.1130000317935,,,,8380018,332.25390625,,0.9995312470926585,,"{""raw"": 8}",2186.8570000806358,N/A,1_10MiB,C:\Users\ss\Desktop\XAI\XAI\engines\XAI-Compress\data\test\archive (1)\FaceForensics++_C23\DeepFakeDetection\02_06__podium_speech_happy__SU4OQCS9.mp4,a8eee5cb651502b76851,PASS
True,8.000073508195328,0.0,video,1,8380095,52.78733983223294,151.3963000033982,77.89506660848501,102.59709999081679,0.6340999971143901,0.0,77,0.0009188439987852167,hybrid_v2,0.0,N/A,N/A,N/A,8380018,332.25390625,whole_file,0.9999908115600121,confidence,"[""raw|default|identity""]",60.70000000181608,1.0,1_10MiB,C:\Users\ss\Desktop\XAI\XAI\engines\XAI-Compress\data\test\archive (1)\FaceForensics++_C23\DeepFakeDetection\02_06__podium_speech_happy__SU4OQCS9.mp4,a8eee5cb651502b76851,PASS
True,8.003830791692943,23.258000088389963,video,,9155493,2.7745173020465854,3145.476699981373,51.057336827252755,170.92900001443923,2442.798799951561,45.91799998888746,4382,0.04786197750355989,hybrid_v1,406.6877999866847,,,,9151111,332.25390625,,0.9995213802249644,,"{""raw"": 9}",2895.404599927133,N/A,1_10MiB,C:\Users\ss\Desktop\XAI\XAI\engines\XAI-Compress\data\test\archive (1)\FaceForensics++_C23\DeepFakeDetection\03_26__kitchen_still__WBSXBL82.mp4,65aad6920755198ffc44,PASS
True,8.000067314231027,0.0,video,1,9151188,62.956170557756884,138.62310000695288,89.07312099609722,97.97770000295714,0.5684000207111239,0.0,77,0.0008414208078776221,hybrid_v2,0.0,N/A,N/A,N/A,9151111,332.25390625,whole_file,0.9999915857919213,confidence,"[""raw|default|identity""]",54.919399990467355,1.0,1_10MiB,C:\Users\ss\Desktop\XAI\XAI\engines\XAI-Compress\data\test\archive (1)\FaceForensics++_C23\DeepFakeDetection\03_26__kitchen_still__WBSXBL82.mp4,65aad6920755198ffc44,PASS
True,8.003703576248947,10.634700040100142,video,,16309628,4.2352796443518645,3670.8026999840513,52.026203565408125,298.8277999975253,2777.64630006277,55.316600017249584,7547,0.04627328103375503,hybrid_v1,547.5028000073507,,,,16302081,332.25390625,,0.9995372671896624,,"{""raw"": 16}",3380.4657000873704,N/A,gt_10MiB,C:\Users\ss\Desktop\XAI\XAI\engines\XAI-Compress\data\test\archive (1)\FaceForensics++_C23\DeepFakeDetection\06_14__walking_and_outside_surprised__8U9ULZDT.mp4,c70842272825dd567ecc,PASS
True,8.000431355972283,0.0,video,63,16302960,14.118659213053757,1101.158100005705,87.9981296102939,176.67280000750907,33.28279982088134,0.0,879,0.005391658938008803,hybrid_v2,0.0,N/A,N/A,N/A,16302081,332.25390625,adaptive_chunks,0.9999460834106199,confidence,"[""raw|default|identity""]",118.34250000538304,1.0,gt_10MiB,C:\Users\ss\Desktop\XAI\XAI\engines\XAI-Compress\data\test\archive (1)\FaceForensics++_C23\DeepFakeDetection\06_14__walking_and_outside_surprised__8U9ULZDT.mp4,c70842272825dd567ecc,PASS
True,8.003719015009372,9.595199953764677,video,,17223314,4.134720795186004,3970.715500006918,58.520821517995756,280.5462999967858,2973.521499923663,65.1602000289131,8003,0.046466086607954774,hybrid_v1,622.3103999800514,,,,17215311,332.25390625,,0.9995353391339205,,"{""raw"": 17}",3660.9920999326278,N/A,gt_10MiB,C:\Users\ss\Desktop\XAI\XAI\engines\XAI-Compress\data\test\archive (1)\FaceForensics++_C23\DeepFakeDetection\02_06__talking_angry_couch__GH8TGTBS.mp4,b4d46d60eb50f24fdd68,PASS
True,8.000426596998452,0.0,video,66,17216229,14.27263441512664,1150.2992000023369,78.94015587459447,207.97779998974875,53.307499969378114,0.0,918,0.005332178144238207,hybrid_v2,0.0,N/A,N/A,N/A,17215311,332.25390625,adaptive_chunks,0.9999466782185576,confidence,"[""raw|default|identity""]",185.76500000199303,1.0,gt_10MiB,C:\Users\ss\Desktop\XAI\XAI\engines\XAI-Compress\data\test\archive (1)\FaceForensics++_C23\DeepFakeDetection\02_06__talking_angry_couch__GH8TGTBS.mp4,b4d46d60eb50f24fdd68,PASS
True,8.003709242555862,13.95369999227114,video,,17238461,2.7130819055396667,6056.676200008951,43.526417686959945,377.52380000893027,4737.432900059503,97.4408000765834,7989,0.04634404428562387,hybrid_v1,775.7525000197347,,,,17230472,332.25390625,,0.9995365595571437,,"{""raw"": 17}",5610.626200155821,N/A,gt_10MiB,C:\Users\ss\Desktop\XAI\XAI\engines\XAI-Compress\data\test\archive (1)\FaceForensics++_C23\DeepFakeDetection\02_21__talking_angry_couch__Z0XHPQAR.mp4,c63e295b1deea7522a47,PASS
True,8.000426221638037,0.0,video,66,17231390,12.584922077465164,1305.7100000150967,83.95842308379353,195.7189999811817,42.21540011349134,0.0,918,0.005327486639209025,hybrid_v2,0.0,N/A,N/A,N/A,17230472,332.25390625,adaptive_chunks,0.9999467251336079,confidence,"[""raw|default|identity""]",153.81849999539554,1.0,gt_10MiB,C:\Users\ss\Desktop\XAI\XAI\engines\XAI-Compress\data\test\archive (1)\FaceForensics++_C23\DeepFakeDetection\02_21__talking_angry_couch__Z0XHPQAR.mp4,c63e295b1deea7522a47,PASS
True,8.003602956921432,9.192399855237454,video,,20772297,3.630352843584518,5454.315100010717,56.3956028996896,351.1105000216048,4056.9726998801343,88.77860006759875,9351,0.045016687369721316,hybrid_v1,850.9805999347009,,,,20762946,332.25390625,,0.9995498331263027,,"{""raw"": 20}",4996.731899882434,N/A,gt_10MiB,C:\Users\ss\Desktop\XAI\XAI\engines\XAI-Compress\data\test\archive (1)\FaceForensics++_C23\DeepFakeDetection\02_15__walking_and_outside_surprised__MZWH8ATN.mp4,f256aca58bd68b60e728,PASS
True,8.000423831955253,0.0,video,80,20764046,15.854113290315784,1248.9558999950532,80.50220995683058,245.9695000143256,55.53009995492175,0.0,1100,0.005297618778151426,hybrid_v2,0.0,N/A,N/A,N/A,20762946,332.25390625,adaptive_chunks,0.9999470238122184,confidence,"[""raw|default|identity""]",195.1157999865245,1.0,gt_10MiB,C:\Users\ss\Desktop\XAI\XAI\engines\XAI-Compress\data\test\archive (1)\FaceForensics++_C23\DeepFakeDetection\02_15__walking_and_outside_surprised__MZWH8ATN.mp4,f256aca58bd68b60e728,PASS
True,8.003656601757724,14.902700058883056,video,,21441717,2.7460125200969454,7443.182599992724,44.82549635934898,455.96979997935705,5856.297399994219,109.9810999003239,9796,0.04568663974065137,hybrid_v1,997.0806000055745,,,,21431921,332.25390625,,0.9995431336025935,,"{""raw"": 21}",6963.359099900117,N/A,gt_10MiB,C:\Users\ss\Desktop\XAI\XAI\engines\XAI-Compress\data\test\archive (1)\FaceForensics++_C23\DeepFakeDetection\06_15__walking_down_indoor_hall_disgust__QRCD27P8.mp4,e87d288b25a817ae2dc3,PASS
True,8.000420307633647,0.0,video,82,21433047,10.699574310918889,1910.2696999907494,72.12523473970279,283.3831000025384,88.39230006560683,0.0,1126,0.005253569406160496,hybrid_v2,0.0,N/A,N/A,N/A,21431921,332.25390625,adaptive_chunks,0.9999474643059384,confidence,"[""raw|default|identity""]",281.9504999788478,1.0,gt_10MiB,C:\Users\ss\Desktop\XAI\XAI\engines\XAI-Compress\data\test\archive (1)\FaceForensics++_C23\DeepFakeDetection\06_15__walking_down_indoor_hall_disgust__QRCD27P8.mp4,e87d288b25a817ae2dc3,PASS
True,8.003553672565458,14.936199993826449,video,,25098430,3.060916137057523,7816.3201000133995,48.38118414827441,494.51250000856817,6213.797700009309,117.47859991737641,11144,0.044401183659695045,hybrid_v1,967.5930999510456,,,,25087286,332.25390625,,0.9995559881634031,,"{""raw"": 24}",7298.869399877731,N/A,gt_10MiB,C:\Users\ss\Desktop\XAI\XAI\engines\XAI-Compress\data\test\archive (1)\FaceForensics++_C23\DeepFakeDetection\03_14__walking_down_indoor_hall_disgust__KJ221YN0.mp4,0cb4f04242bea81d03dc,PASS
True,8.000417103707433,0.0,video,96,25088594,15.66423634236807,1527.3710000037681,66.55913479889973,359.45630000787787,88.00869999686256,0.0,1308,0.005213524520345779,hybrid_v2,0.0,N/A,N/A,N/A,25087286,332.25390625,adaptive_chunks,0.9999478647547966,confidence,"[""raw|default|identity""]",305.6671000085771,1.0,gt_10MiB,C:\Users\ss\Desktop\XAI\XAI\engines\XAI-Compress\data\test\archive (1)\FaceForensics++_C23\DeepFakeDetection\03_14__walking_down_indoor_hall_disgust__KJ221YN0.mp4,0cb4f04242bea81d03dc,PASS
True,8.012321909896034,,archive,,2601,0.1417926489959245,17.466999997850507,58.55064031864221,0.04230000195093453,,,,,best_fixed,,,,,2597,203.296875,,0.9984621299500193,,brotli-11,,,lt_16KiB,C:\Users\ss\Desktop\XAI\XAI\apps\public_nextjs\.next\cache\webpack\client-development\2.pack.gz,86aebd2a6ca744d6ce03,PASS
True,7.76128339382805,,archive,,10552953,0.16368183349625953,63376.76320000901,93.66518047284418,110.7522000093013,,,,,best_fixed,,,,,10877534,282.80078125,,1.0307573624178938,,brotli-11,,,gt_10MiB,C:\Users\ss\Desktop\XAI\XAI\apps\public_nextjs\.next\cache\webpack\server-development\0.pack.gz,ab9fd50e606430ff1ad4,PASS
True,7.732218917967591,,archive,,11403663,0.19834370316192917,56729.88319999422,114.99025683916601,97.85190000548027,,,,,best_fixed,,,,,11798593,288.3828125,,1.0346318546944082,,brotli-11,,,gt_10MiB,C:\Users\ss\Desktop\XAI\XAI\apps\public_nextjs\.next\cache\webpack\client-development\1.pack.gz,c00053085b900f5df548,PASS
True,8.16326530612245,,binary,,50,0.01734725726216362,2.6937999937217683,0.5719710557635729,0.08170001092366874,,,,,best_fixed,,,,,49,288.3828125,,0.98,,brotli-11,,,lt_16KiB,C:\Users\ss\Desktop\XAI\XAI\apps\public_nextjs\.gitignore,5f8724e09072ab9a265f,PASS
True,8.592592592592593,,binary,,58,0.025241845167994593,2.04020002274774,4.0549994500055,0.012699980288743973,,,,,best_fixed,,,,,54,288.3828125,,0.9310344827586207,,brotli-11,,,lt_16KiB,C:\Users\ss\Desktop\XAI\XAI\apps\mobile_authenticator_flutter\android\.gradle\buildOutputCleanup\cache.properties,a79486349dd2e056bef1,PASS
True,8.313725490196079,,binary,,106,0.07305105254738624,1.3315999822225422,10.929738850628839,0.00890000956133008,,,,,best_fixed,,,,,102,288.3828125,,0.9622641509433962,,brotli-11,,,lt_16KiB,C:\Users\ss\Desktop\XAI\XAI\apps\public_nextjs\.next\cache\.rscinfo,40edde3ff58386c6e648,PASS
True,5.457364341085271,,binary,,176,0.0673697975329017,3.6521999863907695,4.449329348969051,0.05530001362785697,,,,,best_fixed,,,,,258,288.3828125,,1.4659090909090908,,brotli-11,,,lt_16KiB,C:\Users\ss\Desktop\XAI\XAI\apps\web_angular\Dockerfile,f6d8ac25d8ced35c97bb,PASS
True,3.272271016311167,,binary,,326,0.1581092154340326,4.807299992535263,17.393105652938356,0.04369998350739479,,,,,best_fixed,,,,,797,288.3828125,,2.4447852760736195,,brotli-11,,,lt_16KiB,C:\Users\ss\Desktop\XAI\XAI\apps\mobile_authenticator_flutter\android\settings.gradle.kts,cc0a768c16bc4f521d5e,PASS
True,2.4293915040183696,,binary,,1058,0.3267768175770512,10.167799977352843,62.69059550834511,0.05299999611452222,,,,,best_fixed,,,,,3484,288.3828125,,3.2930056710775046,,brotli-11,,,lt_16KiB,C:\Users\ss\Desktop\XAI\XAI\apps\admin_dotnet\Components\Pages\Home.razor,5cfd18ecb4615302b290,PASS
True,2.3432902362906822,,binary,,1314,0.2886821588301079,14.819699979852885,53.21123045853374,0.08040000102482736,,,,,best_fixed,,,,,4486,288.3828125,,3.4140030441400304,,brotli-11,,,lt_16KiB,C:\Users\ss\Desktop\XAI\XAI\apps\web_angular\src\styles.scss,1364093c2cd97d6b467d,PASS
True,0.627789299046039,,binary,,946,0.2942580391275307,39.06959999585524,153.4919317485926,0.07489998824894428,,,,,best_fixed,,,,,12055,288.3828125,,12.743128964059197,,brotli-11,,,lt_16KiB,C:\Users\ss\Desktop\XAI\XAI\apps\desktop_flutter\.flutter-plugins-dependencies,fb876718379f313755bf,PASS
True,1.5878506644167898,,binary,,4705,0.3857350236116142,58.607199985999614,167.83109494567825,0.13470000703819096,,,,,best_fixed,,,,,23705,288.3828125,,5.038257173219979,,brotli-11,,,16_64KiB,C:\Users\ss\Desktop\XAI\XAI\apps\desktop_flutter\pubspec.lock,665359906b3619ac985e,PASS
True,8.842105263157896,,csv,,42,0.040759897061933746,0.8890999888535589,2.8991680966339697,0.012500007869675756,,,,,best_fixed,,,,,38,288.3828125,,0.9047619047619048,,brotli-11,,,lt_16KiB,C:\Users\ss\Desktop\XAI\XAI\engines\XAI-Compress\results\final_analysis\roundtrip_results.csv,e3912e357456af06dfed,PASS
True,6.4,,csv,,72,0.04384709491289131,1.957500004209578,2.4383714094602316,0.035200006095692515,,,,,best_fixed,,,,,90,288.3828125,,1.25,,brotli-11,,,lt_16KiB,C:\Users\ss\Desktop\XAI\XAI\engines\XAI-Compress\results\final_analysis\final_comparison.csv,921d357da1bee764ce1d,PASS
True,5.095709570957096,,csv,,193,0.058169602707052286,4.967599990777671,4.087176487393346,0.07069998537190259,,,,,best_fixed,,,,,303,288.3828125,,1.5699481865284974,,brotli-11,,,lt_16KiB,C:\Users\ss\Desktop\XAI\XAI\engines\XAI-Compress\results\final_project\lossless_bpb_breakdown.csv,39a02de3ede36018b3fe,PASS
True,4.102189781021898,,csv,,281,0.09275242256524183,5.6345000048168,7.476587449297303,0.06990000838413835,,,,,best_fixed,,,,,548,288.3828125,,1.9501779359430604,,brotli-11,,,lt_16KiB,C:\Users\ss\Desktop\XAI\XAI\engines\XAI-Compress\results\hybrid_ai\final_decision_table.csv,13de65abccd316cc7ad0,PASS
True,3.277708592777086,,csv,,329,0.23376796469004135,3.2759000023361295,20.9808257670052,0.036500015994533896,,,,,best_fixed,,,,,803,288.3828125,,2.440729483282675,,brotli-11,,,lt_16KiB,C:\Users\ss\Desktop\XAI\XAI\engines\XAI-Compress\results\model_search\leaderboard.csv,7da935a5c5745da0fc47,PASS
True,2.9849462365591397,,csv,,347,0.21740828831573492,4.079500009538606,21.218113723570692,0.041799998143687844,,,,,best_fixed,,,,,930,288.3828125,,2.680115273775216,,brotli-11,,,lt_16KiB,C:\Users\ss\Desktop\XAI\XAI\engines\XAI-Compress\results\final_project\lossy_benchmark.csv,5dc21384a6a2b295ec5d,PASS
True,3.5945663531870427,,csv,,430,0.32197358180046504,2.8346000181045383,25.21176726913717,0.036200013710185885,,,,,best_fixed,,,,,957,288.3828125,,2.2255813953488373,,brotli-11,,,lt_16KiB,C:\Users\ss\Desktop\XAI\XAI\engines\XAI-Compress\results\model_v2\lossless_bpb_breakdown.csv,ef3edbf6186277f5ef97,PASS
True,2.4665314401622718,,csv,,304,0.22523782558777425,4.174800007604063,22.388640081934213,0.04199999966658652,,,,,best_fixed,,,,,986,288.3828125,,3.2434210526315788,,brotli-11,,,lt_16KiB,C:\Users\ss\Desktop\XAI\XAI\engines\XAI-Compress\results\model_v2\kaggle_lossless_v2_progress.csv,0e4427f0e7b0f0da7ba0,PASS
True,2.9036144578313254,,csv,,482,0.34111169421199056,3.7127999821677804,34.60324897202296,0.03660001675598323,,,,,best_fixed,,,,,1328,288.3828125,,2.7551867219917012,,brotli-11,,,lt_16KiB,C:\Users\ss\Desktop\XAI\XAI\engines\XAI-Compress\results\model_v2\lossless_benchmark.csv,b2aeaaf4897e7310def1,PASS
True,2.0165471594043023,,csv,,457,0.362986067053666,4.7633000067435205,52.874991433502174,0.03269998705945909,,,,,best_fixed,,,,,1813,288.3828125,,3.9671772428884027,,brotli-11,,,lt_16KiB,C:\Users\ss\Desktop\XAI\XAI\engines\XAI-Compress\phase_j_results.csv,908ba22d7f9287d17ced,PASS
True,2.5976470588235294,,csv,,1380,0.3210973761063918,12.622699985513464,55.06950318263799,0.07360000745393336,,,,,best_fixed,,,,,4250,288.3828125,,3.079710144927536,,brotli-11,,,lt_16KiB,C:\Users\ss\Desktop\XAI\XAI\engines\XAI-Compress\results\final_project\lossless_benchmark.csv,b26de929ad20b7ac9288,PASS
True,1.3130699088145896,,csv,,756,0.4431219832142632,9.912899986375123,95.28467964322871,0.04610000178217888,,,,,best_fixed,,,,,4606,288.3828125,,6.092592592592593,,brotli-11,,,lt_16KiB,C:\Users\ss\Desktop\XAI\XAI\engines\XAI-Compress\results\hybrid_ai\selector_feature_importance.csv,20cb03e2c284978c7f64,PASS
True,1.7091273821464392,,csv,,1491,0.3874296708607354,17.17909998842515,111.29923415057682,0.05979998968541622,,,,,best_fixed,,,,,6979,288.3828125,,4.68075117370892,,brotli-11,,,lt_16KiB,C:\Users\ss\Desktop\XAI\XAI\engines\XAI-Compress\results\model_search\imports\auto\residual-scale-depth-3c28504154\v1\results\model_search\residual_scale_depth\short_screen.metrics.csv,fd92d55f5169a15f74dc,PASS
True,1.3015237580019836,,csv,,9022,0.32378303866333236,163.33780001150444,180.43674811999279,0.2930999908130616,,,,,best_fixed,,,,,55455,288.3828125,,6.1466415428951455,,brotli-11,,,16_64KiB,C:\Users\ss\Desktop\XAI\XAI\engines\XAI-Compress\data\domain_focused\archive (1)\FaceForensics++_C23\csv\FaceShifter.csv,16a980a0d416c9105d7a,PASS
True,1.1802672781095465,,csv,,8622,0.3723539642839035,149.67929999693297,208.27234920768194,0.26760000037029386,,,,,best_fixed,,,,,58441,288.3828125,,6.778125724889817,,brotli-11,,,16_64KiB,C:\Users\ss\Desktop\XAI\XAI\engines\XAI-Compress\data\domain_focused\archive (1)\FaceForensics++_C23\csv\NeuralTextures.csv,6e96649c37ae12817da8,PASS
True,0.42054611322839686,,csv,,41863,0.31667285806563633,2398.258300003363,214.2955160400251,3.54400000651367,,,,,best_fixed,,,,,796355,288.3828125,,19.02288416979194,,brotli-11,,,64KiB_1MiB,C:\Users\ss\Desktop\XAI\XAI\engines\XAI-Compress\phase_h_dataset_report.csv,90bb57d94e3fa72035ad,PASS
True,4.262197262197263,,executable,,12143,0.2519314891270418,86.27800000249408,75.8943539183975,0.2864000271074474,,,,,best_fixed,,,,,22792,288.3828125,,1.8769661533393724,,brotli-11,,,16_64KiB,C:\Users\ss\Desktop\XAI\XAI\apps\admin_dotnet\bin\Debug\net8.0\Microsoft.Extensions.ObjectPool.dll,63b80d177dabc1b0609f,PASS
True,3.631431897555297,,executable,,15597,0.10717050346177541,305.75809997390024,47.836860158135345,0.6850000063423067,,,,,best_fixed,,,,,34360,288.3828125,,2.202987754055267,,brotli-11,,,16_64KiB,C:\Users\ss\Desktop\XAI\XAI\apps\admin_dotnet\bin\Debug\net8.0\Microsoft.Extensions.AmbientMetadata.Application.dll,8532a7e7c38dfc36aa1a,PASS
True,2.4653867251782775,,image,,2809,0.164887581638194,52.719200000865385,65.85410821554916,0.13199998647905886,,,,,best_fixed,,,,,9115,288.3828125,,3.244927020291919,,brotli-11,,,lt_16KiB,C:\Users\ss\Desktop\XAI\XAI\engines\XAI-Compress\results\hybrid_ai\figures\01_codec_bpb.png,b431de9bd8324ec90c36,PASS
True,2.9073828244664557,,image,,3559,0.2256918671030943,41.38089998741634,66.00235010858917,0.14150000060908496,,,,,best_fixed,,,,,9793,288.3828125,,2.7516156223658332,,brotli-11,,,lt_16KiB,C:\Users\ss\Desktop\XAI\XAI\engines\XAI-Compress\results\hybrid_ai\figures\04_decompression_speed.png,801658a38cf0cafec5ef,PASS
True,24.0,,json,,6,0.012401485998371094,0.15380000695586205,0.10038677460614091,0.018999999156221747,,,,,best_fixed,,,,,2,288.3828125,,0.3333333333333333,,brotli-11,,,lt_16KiB,C:\Users\ss\Desktop\XAI\XAI\engines\XAI-Compress\results\benchmark_results.json,b2d26822f2e8d5499ddf,PASS
True,9.03225806451613,,json,,35,0.01948968546546952,1.5168999962043017,1.749342150582076,0.016900012269616127,,,,,best_fixed,,,,,31,288.3828125,,0.8857142857142857,,brotli-11,,,lt_16KiB,C:\Users\ss\Desktop\XAI\XAI\apps\public_nextjs\.next\static\webpack\1cde06a0bb489b45.webpack.hot-update.json,215155f5831d7da605e0,PASS
True,7.228915662650603,,json,,75,0.05956876042825209,1.3287999900057912,2.59524491112358,0.030499999411404133,,,,,best_fixed,,,,,83,288.3828125,,1.1066666666666667,,brotli-11,,,lt_16KiB,C:\Users\ss\Desktop\XAI\XAI\apps\public_nextjs\.next\server\middleware-manifest.json,e43e7849d7ac7eee3e69,PASS
True,3.519230769230769,,json,,183,0.10959048512405635,3.6201000039000064,9.559724221893235,0.04149999585933983,,,,,best_fixed,,,,,416,288.3828125,,2.273224043715847,,brotli-11,,,lt_16KiB,C:\Users\ss\Desktop\XAI\XAI\apps\admin_dotnet\bin\Debug\net8.0\AdminDotNet.runtimeconfig.json,719549724763a3953a3a,PASS
True,2.84297520661157,,json,,215,0.2612155750819665,2.208799996878952,20.754417133147893,0.02780000795610249,,,,,best_fixed,,,,,605,288.3828125,,2.813953488372093,,brotli-11,,,lt_16KiB,C:\Users\ss\Desktop\XAI\XAI\apps\web_angular\package.after-audit-force.json,a5121d3f04b140dd77b4,PASS
True,3.155509783728115,,json,,383,0.2651598533482968,3.4923000202979892,28.58080852994148,0.03239998477511108,,,,,best_fixed,,,,,971,288.3828125,,2.535248041775457,,brotli-11,,,lt_16KiB,C:\Users\ss\Desktop\XAI\XAI\engines\XAI-Compress\results\hybrid_ai\baseline_integrity.json,4416f13ac2189fe77572,PASS
True,2.8878048780487804,,json,,370,0.20935858532608073,4.6691000170540065,18.4089685843041,0.053099996875971556,,,,,best_fixed,,,,,1025,288.3828125,,2.77027027027027,,brotli-11,,,lt_16KiB,C:\Users\ss\Desktop\XAI\XAI\engines\XAI-Compress\checkpoints\kaggle\best.summary.json,0b56a8336d926b137c46,PASS
True,5.734820322180917,,json,,1157,0.36472924155260666,4.220200004056096,31.93422778267538,0.048200017772614956,,,,,best_fixed,,,,,1614,288.3828125,,1.3949870354364737,,brotli-11,,,lt_16KiB,C:\Users\ss\Desktop\XAI\XAI\apps\admin_dotnet\obj\Debug\net8.0\rjsmcshtml.dswa.cache.json,d3bde520fa745484d111,PASS
True,2.937354988399072,,json,,633,0.19573962137952503,8.399599988479167,27.866694553734565,0.058999983593821526,,,,,best_fixed,,,,,1724,288.3828125,,2.7235387045813586,,brotli-11,,,lt_16KiB,C:\Users\ss\Desktop\XAI\XAI\engines\XAI-Compress\notebooks\06_model_architecture.ipynb,2aaa61682ef5b2eeabcd,PASS
True,1.6184748616790956,,json,,841,0.3074793986502552,12.893300008727238,86.1831314202416,0.04600000102072954,,,,,best_fixed,,,,,4157,288.3828125,,4.942925089179548,,brotli-11,,,lt_16KiB,C:\Users\ss\Desktop\XAI\XAI\apps\admin_dotnet\obj\Debug\net8.0\staticwebassets.build.json,5b2a797175be2fc16d7c,PASS
True,0.862490788504053,,json,,2926,0.2994347542227787,86.43860000302084,227.44044327847251,0.11379999341443181,,,,,best_fixed,,,,,27140,288.3828125,,9.275461380724538,,brotli-11,,,16_64KiB,C:\Users\ss\Desktop\XAI\XAI\engines\XAI-Compress\results\final\lossless_benchmark.json,1f2e48d06ee45b484a60,PASS
True,0.671134162574012,,json,,7311,0.2534539954829308,327.9127999849152,400.7271276035929,0.20740000763908029,,,,,best_fixed,,,,,87148,288.3828125,,11.92012036657092,,brotli-11,,,64KiB_1MiB,C:\Users\ss\Desktop\XAI\XAI\apps\admin_dotnet\obj\project.assets.json,d27dc1d6d4717d80c545,PASS
True,1.5108271210507633,,logs,,532,0.20129329282272854,13.346200023079291,56.20292304657342,0.04780001472681761,,,,,best_fixed,,,,,2817,288.3828125,,5.295112781954887,,brotli-11,,,lt_16KiB,C:\Users\ss\Desktop\XAI\XAI\engines\XAI-Compress\phase_g_run.log,cd260a4c13627b0f1896,PASS
True,0.4686872293889211,,logs,,2625,0.20009670604109075,213.54840000276454,388.8110483338122,0.10989999282173812,,,,,best_fixed,,,,,44806,288.3828125,,17.068952380952382,,brotli-11,,,16_64KiB,C:\Users\ss\Desktop\XAI\XAI\engines\XAI-Compress\results\model_search\imports\candidate_b_20260830-183205\watch.log,1dfa898e4b00116e4cab,PASS
True,7.636363636363637,,markdown,,63,0.0573246852724255,1.0980000079143792,2.6335767987744734,0.023900007363408804,,,,,best_fixed,,,,,66,288.3828125,,1.0476190476190477,,brotli-11,,,lt_16KiB,C:\Users\ss\Desktop\XAI\XAI\tools\qt_inspector\README.md,aedca929aa742fd71e9b,PASS
True,3.6964285714285716,,markdown,,207,0.15183953833037972,2.8138000052422285,12.277185526030781,0.03480000304989517,,,,,best_fixed,,,,,448,288.3828125,,2.1642512077294684,,brotli-11,,,lt_16KiB,C:\Users\ss\Desktop\XAI\XAI\engines\XAI-Compress\reports\experiment_report.md,81a445cc02e5ab1cabd2,PASS
True,3.778894472361809,,markdown,,282,0.1230693799658623,4.626200010534376,12.011464695957148,0.04740001168102026,,,,,best_fixed,,,,,597,288.3828125,,2.117021276595745,,brotli-11,,,lt_16KiB,C:\Users\ss\Desktop\XAI\XAI\apps\public_nextjs\docs\INTEGRATION.md,2b5091e58cb6922ad60d,PASS
True,3.4822190611664294,,markdown,,306,0.23959439773626243,2.7982000028714538,11.866066801763331,0.056500022765249014,,,,,best_fixed,,,,,703,288.3828125,,2.2973856209150325,,brotli-11,,,lt_16KiB,C:\Users\ss\Desktop\XAI\XAI\apps\mobile_authenticator_flutter\docs\PRODUCTION_CHECKLIST.md,8028fd8746ec7555a569,PASS
True,3.6363636363636362,,markdown,,390,0.1600775807590726,5.11160001042299,15.18093726208025,0.05390000296756625,,,,,best_fixed,,,,,858,288.3828125,,2.2,,brotli-11,,,lt_16KiB,C:\Users\ss\Desktop\XAI\XAI\apps\mobile_authenticator_flutter\docs\INTEGRATION.md,1cff286a0579303a0e2e,PASS
True,3.452685421994885,,markdown,,675,0.2883051386119223,5.173499986995012,33.14548554250842,0.04499999340623617,,,,,best_fixed,,,,,1564,288.3828125,,2.317037037037037,,brotli-11,,,lt_16KiB,C:\Users\ss\Desktop\XAI\XAI\apps\desktop_flutter\README.md,f8acbe64385c0bc28390,PASS
True,3.65625,,markdown,,936,0.24094211851579397,8.106199995381758,32.176690467560014,0.060699996538460255,,,,,best_fixed,,,,,2048,288.3828125,,2.1880341880341883,,brotli-11,,,lt_16KiB,C:\Users\ss\Desktop\XAI\XAI\engines\XAI-Compress\results\final_project\audit.md,c9bfc414215801365a64,PASS
True,3.2373290426387773,,markdown,,1509,0.28932608120605874,12.29149999562651,37.872758284132146,0.09389998740516603,,,,,best_fixed,,,,,3729,288.3828125,,2.4711729622266403,,brotli-11,,,lt_16KiB,C:\Users\ss\Desktop\XAI\XAI\engines\XAI-Compress\results\model_v2\lossless_v2_preflight.md,efd24e78ff6d0f481461,PASS
True,2.90173775671406,,markdown,,2296,0.16128257570208213,37.42969999439083,24.166365783403897,0.24980001035146415,,,,,best_fixed,,,,,6330,288.3828125,,2.7569686411149825,,brotli-11,,,lt_16KiB,C:\Users\ss\Desktop\XAI\XAI\engines\XAI-Compress\results\model_search\imports\auto\lr-0-0002-f316e33308\v1\XAI-Compress\scripts\kaggle\README.md,8a329048e6e90bc5e436,PASS
True,3.4285714285714284,,model,,456,0.12579614831877436,8.066300011705607,16.3927201876186,0.0619000056758523,,,,,best_fixed,,,,,1064,288.3828125,,2.3333333333333335,,brotli-11,,,lt_16KiB,C:\Users\ss\Desktop\XAI\XAI\engines\XAI-Compress\data\test\archive\results\checkpoint-140\scheduler.pt,b09d33b1dd2c5da1b94b,PASS
True,6.504291593180482,,model,,110638,0.11229182668638121,1155.7029999967199,36.37525621151872,3.5676999832503498,,,,,best_fixed,,,,,136080,288.3828125,,1.2299571575769628,,brotli-11,,,64KiB_1MiB,C:\Users\ss\Desktop\XAI\XAI\engines\XAI-Compress\checkpoints\neural_lossy_v1\validation.latest.pt,bc559421f72cb439e577,PASS
True,7.19738226294792,,model,,1346964,0.1570527885815049,9091.296900005545,42.319253616343794,33.73910000664182,,,,,best_fixed,,,,,1497171,288.3828125,,1.1115152298056963,,brotli-11,,,1_10MiB,C:\Users\ss\Desktop\XAI\XAI\engines\XAI-Compress\checkpoints\gru_smoke.pt,46873d3cf1d109fce5fb,PASS
True,6.964275244685759,,model,,1303654,0.12527339194843592,11400.335999991512,48.529454558959074,29.428700014250353,,,,,best_fixed,,,,,1497533,288.3828125,,1.148719675619451,,brotli-11,,,1_10MiB,C:\Users\ss\Desktop\XAI\XAI\engines\XAI-Compress\checkpoints\phase_j_v1_256.pt,1a26220d1e9b364d612d,PASS
True,7.1884253288201405,,model,,26658792,0.312706032250475,90481.65070000687,67.9280965454952,416.5309999953024,,,,,best_fixed,,,,,29668575,332.25390625,,1.11290020192963,,brotli-11,,,gt_10MiB,C:\Users\ss\Desktop\XAI\XAI\engines\XAI-Compress\checkpoints\model_search\residual-scale-depth-3c28504154\preflight.pt,9ace52ebc2064c6576de,PASS
True,7.167234854119658,,model,,26589437,0.29716880750490576,95245.47640001401,65.56849411871127,431.6705000237562,,,,,best_fixed,,,,,29678879,332.25390625,,1.1161905759794764,,brotli-11,,,gt_10MiB,C:\Users\ss\Desktop\XAI\XAI\engines\XAI-Compress\results\model_search\imports\auto\residual-scale-depth-3c28504154\v1\results\model_search\residual_scale_depth\short_screen.pt,43a808afe4de5b474271,PASS
True,5.383177570093458,,source_code,,72,0.08837200498276139,1.154699973994866,4.59653350148862,0.02220002352260053,,,,,best_fixed,,,,,107,332.25390625,,1.4861111111111112,,brotli-11,,,lt_16KiB,C:\Users\ss\Desktop\XAI\XAI\apps\web_angular\SETUP_WINDOWS.bat,a208d145692f560be957,PASS
True,6.371681415929204,,source_code,,90,0.05697641852668544,1.891399995656684,4.362966236000401,0.024699984351173043,,,,,best_fixed,,,,,113,332.25390625,,1.2555555555555555,,brotli-11,,,lt_16KiB,C:\Users\ss\Desktop\XAI\XAI\apps\public_nextjs\.next\server\next-font-manifest.js,79bb325c3295747efea3,PASS
True,6.857142857142857,,source_code,,114,0.07671385193047076,1.6534000169485807,4.993651008264804,0.025399989681318402,,,,,best_fixed,,,,,133,332.25390625,,1.1666666666666667,,brotli-11,,,lt_16KiB,C:\Users\ss\Desktop\XAI\XAI\engines\XAI-Compress\results\model_search\imports\auto\lr-0-0002-f316e33308\v1\XAI-Compress\scripts\kaggle\update_kaggle.ps1,bb914fd114f4206a6405,PASS
True,4.793522267206478,,source_code,,148,0.1154467539258577,2.0403999951668084,8.323585096788193,0.028300011763349175,,,,,best_fixed,,,,,247,332.25390625,,1.6689189189189189,,brotli-11,,,lt_16KiB,C:\Users\ss\Desktop\XAI\XAI\apps\mobile_authenticator_flutter\SETUP_WINDOWS.bat,f6d794d2819bbe2fb86d,PASS
True,4.850393700787402,,source_code,,154,0.11560792044221488,2.095300005748868,6.546846953142821,0.036999990697950125,,,,,best_fixed,,,,,254,332.25390625,,1.6493506493506493,,brotli-11,,,lt_16KiB,C:\Users\ss\Desktop\XAI\XAI\apps\web_angular\src\app\core\auth.guard.ts,e04070013dcbd69ecb20,PASS
True,3.7313432835820897,,source_code,,125,0.12950834523404972,1.9734999805223197,9.396495770850164,0.02720000338740647,,,,,best_fixed,,,,,268,332.25390625,,2.144,,brotli-11,,,lt_16KiB,C:\Users\ss\Desktop\XAI\XAI\apps\public_nextjs\next-env.d.ts,bde3693e1919277f0d4f,PASS
True,3.7142857142857144,,source_code,,182,0.08542773981645094,4.376099997898564,7.937165359877356,0.04709998029284179,,,,,best_fixed,,,,,392,332.25390625,,2.1538461538461537,,brotli-11,,,lt_16KiB,C:\Users\ss\Desktop\XAI\XAI\apps\web_angular\src\app\app.config.ts,3751e5d534b30709cc70,PASS
True,3.820662768031189,,source_code,,245,0.09862613082285843,4.96050002402626,9.144578037977507,0.053499999921768904,,,,,best_fixed,,,,,513,332.25390625,,2.093877551020408,,brotli-11,,,lt_16KiB,C:\Users\ss\Desktop\XAI\XAI\apps\public_nextjs\.next\server\middleware-build-manifest.js,3227da1dbc2dfac8e17f,PASS
True,3.796133567662566,,source_code,,270,0.09147993630461995,5.931799998506904,10.536709527461293,0.05150001379661262,,,,,best_fixed,,,,,569,332.25390625,,2.1074074074074076,,brotli-11,,,lt_16KiB,C:\Users\ss\Desktop\XAI\XAI\apps\web_angular\.angular\cache\20.3.28\xai-web\vite\deps\chunk-N2L2W5DK.js,e82ab03d226a655e5c2f,PASS
True,3.447887323943662,,source_code,,306,0.12089285058626845,5.600899981800467,12.656238610066335,0.053499999921768904,,,,,best_fixed,,,,,710,332.25390625,,2.320261437908497,,brotli-11,,,lt_16KiB,C:\Users\ss\Desktop\XAI\XAI\apps\mobile_authenticator_flutter\test\totp_service_test.dart,2dcc3b9b19cb845ad6a1,PASS
True,3.001003009027081,,source_code,,374,0.21473718254399332,4.427799984114245,20.58037318416046,0.046200002543628216,,,,,best_fixed,,,,,997,332.25390625,,2.665775401069519,,brotli-11,,,lt_16KiB,C:\Users\ss\Desktop\XAI\XAI\apps\mobile_authenticator_flutter\lib\services\totp_service.dart,e6054482722e27c4eb52,PASS
True,3.5759312320916905,,source_code,,468,0.1651390926180019,6.04639999801293,17.010167498216337,0.05870001041330397,,,,,best_fixed,,,,,1047,332.25390625,,2.2371794871794872,,brotli-11,,,lt_16KiB,C:\Users\ss\Desktop\XAI\XAI\apps\public_nextjs\app\pricing\page.tsx,ca528c2924b4d66a7016,PASS
True,2.591549295774648,,source_code,,368,0.1485824424072242,7.291400019312277,20.09970248219483,0.05390000296756625,,,,,best_fixed,,,,,1136,332.25390625,,3.0869565217391304,,brotli-11,,,lt_16KiB,C:\Users\ss\Desktop\XAI\XAI\apps\mobile_authenticator_flutter\lib\models\authenticator_account.dart,d3b05331d36f10bb2338,PASS
True,3.4485165794066317,,source_code,,494,0.12613662264761433,8.66449999739416,15.70273952324919,0.06960000609979033,,,,,best_fixed,,,,,1146,332.25390625,,2.3198380566801617,,brotli-11,,,lt_16KiB,C:\Users\ss\Desktop\XAI\XAI\analytics\XAI-Compress-Analysis-Suite\analysis_suite\common.py,af06e08a932131b2bd52,PASS
True,3.7288702928870294,,source_code,,557,0.1741478297143995,6.544099975144491,20.72073769199264,0.05500001134350896,,,,,best_fixed,,,,,1195,332.25390625,,2.1454219030520645,,brotli-11,,,lt_16KiB,C:\Users\ss\Desktop\XAI\XAI\apps\web_angular\src\app\pages\files.page.ts,af53b59784cf5fa3bd54,PASS
True,3.8378825475599667,,source_code,,580,0.18086436637095554,6.374899996444583,23.106056337781727,0.04990000161342323,,,,,best_fixed,,,,,1209,332.25390625,,2.0844827586206898,,brotli-11,,,lt_16KiB,C:\Users\ss\Desktop\XAI\XAI\engines\XAI-Compress\results\model_search\imports\auto\lr-0-0002-f316e33308\v1\XAI-Compress\scripts\kaggle\submit_v2_lr_0002_diagnostic.ps1,aa14e7284e6e012d372f,PASS
True,3.702970297029703,,source_code,,561,0.2229612216905586,5.18410000950098,24.592618279183707,0.04700000863522291,,,,,best_fixed,,,,,1212,332.25390625,,2.160427807486631,,brotli-11,,,lt_16KiB,C:\Users\ss\Desktop\XAI\XAI\apps\public_nextjs\app\docs\page.tsx,f34def9fb472356e4ee0,PASS
True,3.744955609362389,,source_code,,580,0.18434598781854605,6.409699999494478,20.40764058430836,0.057900004321709275,,,,,best_fixed,,,,,1239,332.25390625,,2.136206896551724,,brotli-11,,,lt_16KiB,C:\Users\ss\Desktop\XAI\XAI\engines\XAI-Compress\results\model_search\imports\auto\lr-0-0002-f316e33308\v1\XAI-Compress\scripts\kaggle\submit_activation_diagnostic.ps1,c3c9844aee9863dd7af6,PASS
True,2.61294964028777,,source_code,,454,0.21777678598545427,6.087000016123056,20.9416677279835,0.06329998723231256,,,,,best_fixed,,,,,1390,332.25390625,,3.0616740088105727,,brotli-11,,,lt_16KiB,C:\Users\ss\Desktop\XAI\XAI\analytics\XAI-Compress-Analysis-Suite\run_analysis_windows.bat,e1347c6d4abccf03a43d,PASS
True,3.7457627118644066,,source_code,,663,0.22730227845370335,5.940999981248751,22.81085316973576,0.059200014220550656,,,,,best_fixed,,,,,1416,332.25390625,,2.1357466063348416,,brotli-11,,,lt_16KiB,C:\Users\ss\Desktop\XAI\XAI\apps\public_nextjs\app\architecture\page.tsx,bcc29aefa82f2fc182c3,PASS
True,2.658682634730539,,source_code,,555,0.21511063345227166,7.4038000020664185,24.768837263406887,0.06429999484680593,,,,,best_fixed,,,,,1670,332.25390625,,3.009009009009009,,brotli-11,,,lt_16KiB,C:\Users\ss\Desktop\XAI\XAI\apps\desktop_flutter\lib\models\app_models.dart,3302eb1afa92cfba09db,PASS
True,2.661879114302813,,source_code,,556,0.23445832375930112,6.796900008339435,35.491983157370726,0.044899992644786835,,,,,best_fixed,,,,,1671,332.25390625,,3.0053956834532376,,brotli-11,,,lt_16KiB,C:\Users\ss\Desktop\XAI\XAI\apps\public_nextjs\.next\types\routes.d.ts,f99b6bb11feb9d915422,PASS
True,2.7151515151515153,,source_code,,616,0.042610170896547256,40.62220000196248,21.827478496010794,0.07929999264888465,,,,,best_fixed,,,,,1815,332.25390625,,2.9464285714285716,,brotli-11,,,lt_16KiB,C:\Users\ss\Desktop\XAI\XAI\apps\mobile_authenticator_flutter\lib\models\totp_enrollment.dart,40427eff7bca38574998,PASS
True,2.826017979904812,,source_code,,668,0.17534425496998507,10.284900024998933,22.85675164442136,0.07890001870691776,,,,,best_fixed,,,,,1891,332.25390625,,2.8308383233532934,,brotli-11,,,lt_16KiB,C:\Users\ss\Desktop\XAI\XAI\engines\XAI-Compress\results\model_search\imports\auto\lr-0-0002-f316e33308\v1\XAI-Compress\scripts\kaggle\deploy.ps1,c68f5cb0f6b58db64c57,PASS
True,2.1516095534787123,,source_code,,518,0.14002277330304347,13.117700000293553,29.108988104325494,0.06309998570941389,,,,,best_fixed,,,,,1926,332.25390625,,3.718146718146718,,brotli-11,,,lt_16KiB,C:\Users\ss\Desktop\XAI\XAI\apps\web_angular\.angular\cache\20.3.28\xai-web\vite\deps\@angular_platform-browser.js,437449734e245885bdcf,PASS
True,2.5497588776852256,,source_code,,727,0.17781755976656022,12.23349999054335,24.77598105267694,0.08779999916441739,,,,,best_fixed,,,,,2281,332.25390625,,3.137551581843191,,brotli-11,,,lt_16KiB,C:\Users\ss\Desktop\XAI\XAI\engines\XAI-Compress\measure_block_benchmark.py,0f0daf031d676ef8bbf4,PASS
True,2.542475204829668,,source_code,,737,0.05233458849695927,42.25829997449182,25.715934479843572,0.08600001456215978,,,,,best_fixed,,,,,2319,332.25390625,,3.1465400271370423,,brotli-11,,,lt_16KiB,C:\Users\ss\Desktop\XAI\XAI\apps\admin_dotnet\Services\PlatformApiClient.cs,0d2d1d7dc57adc8c4df6,PASS
True,1.6908939014202171,,source_code,,506,0.3014704893627387,7.573200011393055,58.540922218159295,0.039000005926936865,,,,,best_fixed,,,,,2394,332.25390625,,4.7312252964426875,,brotli-11,,,lt_16KiB,C:\Users\ss\Desktop\XAI\XAI\apps\mobile_authenticator_flutter\android\app\src\main\java\io\flutter\plugins\GeneratedPluginRegistrant.java,f03df6e2a8c5298d2e1c,PASS
True,3.5435861091424523,,source_code,,1250,0.31156518613809814,8.637899998575449,48.14435502723213,0.055899989092722535,,,,,best_fixed,,,,,2822,332.25390625,,2.2576,,brotli-11,,,lt_16KiB,C:\Users\ss\Desktop\XAI\XAI\engines\XAI-Compress\results\model_search\imports\auto\lr-0-0002-f316e33308\v1\XAI-Compress\scripts\kaggle\run_lossless_v2_gradient_diagnostic.py,0d576738205abc00ed6e,PASS
True,2.801611278952669,,source_code,,1391,0.34897916863404754,10.854499996639788,50.98243898770353,0.07429998368024826,,,,,best_fixed,,,,,3972,332.25390625,,2.8554996405463697,,brotli-11,,,lt_16KiB,C:\Users\ss\Desktop\XAI\XAI\engines\XAI-Compress\results\model_search\imports\auto\lr-0-0002-f316e33308\v1\XAI-Compress\scripts\build_three_mode_report.py,9bfffccf3eb1ba81df60,PASS
True,2.72127417519909,,source_code,,1495,0.243140314144233,17.23860000493005,39.42990439267996,0.10629999451339245,,,,,best_fixed,,,,,4395,332.25390625,,2.939799331103679,,brotli-11,,,lt_16KiB,C:\Users\ss\Desktop\XAI\XAI\engines\XAI-Compress\results\model_search\imports\auto\lr-0-0002-f316e33308\v1\XAI-Compress\scripts\generate_report.py,2da37eefbc61febd2975,PASS
True,2.587516960651289,,source_code,,1907,0.23997335890073057,23.431200010236353,44.41441472093191,0.12659997446462512,,,,,best_fixed,,,,,5896,332.25390625,,3.091767173571054,,brotli-11,,,lt_16KiB,C:\Users\ss\Desktop\XAI\XAI\analytics\XAI-Compress-Analysis-Suite\generate_report.py,14d03c12483022a2865d,PASS
True,0.5336326465164756,,source_code,,832,0.09796818736811086,121.41880000126548,132.90706153363882,0.08949998300522566,,,,,best_fixed,,,,,12473,332.25390625,,14.991586538461538,,brotli-11,,,lt_16KiB,C:\Users\ss\Desktop\XAI\XAI\apps\public_nextjs\.next\server\app\page_client-reference-manifest.js,d70e480f35e3d065646a,PASS
True,2.0309146401496503,,source_code,,5157,0.2760503863391766,70.1790000020992,52.629556081601415,0.36810000892728567,,,,,best_fixed,,,,,20314,332.25390625,,3.9391118867558657,,brotli-11,,,16_64KiB,C:\Users\ss\Desktop\XAI\XAI\apps\public_nextjs\.next\server\webpack-runtime.js,0ff9b372da6fcecbdc8a,PASS
True,2.4980371955876866,,source_code,,35158,0.22407913822995174,479.19679997721687,96.32906341381903,1.1146999895572662,,,,,best_fixed,,,,,112594,332.25390625,,3.20251436372945,,brotli-11,,,64KiB_1MiB,C:\Users\ss\Desktop\XAI\XAI\apps\public_nextjs\.next\static\chunks\polyfills.js,8abb57b457777e88f55e,PASS
True,1.1389783389320052,,source_code,,24582,0.16734559738126548,983.9602000138257,261.32583491296634,0.6300999957602471,,,,,best_fixed,,,,,172660,332.25390625,,7.023838581075584,,brotli-11,,,64KiB_1MiB,C:\Users\ss\Desktop\XAI\XAI\apps\web_angular\.angular\cache\20.3.28\xai-web\vite\deps\chunk-RSS3ODKE.js,0cbec22b5580244ca3cd,PASS
True,1.3999012454051682,,source_code,,38274,0.23627837176068006,882.8208000049926,152.30101062075204,1.3695999805349857,,,,,best_fixed,,,,,218724,332.25390625,,5.7146888226994825,,brotli-11,,,64KiB_1MiB,C:\Users\ss\Desktop\XAI\XAI\apps\web_angular\.angular\cache\20.3.28\xai-web\vite\deps\@angular_router.js,0176cdda1aac09477d97,PASS
True,6.909090909090909,,text,,95,0.05071999932682529,2.06830000388436,2.6424237270367374,0.03969998215325177,,,,,best_fixed,,,,,110,332.25390625,,1.1578947368421053,,brotli-11,,,lt_16KiB,C:\Users\ss\Desktop\XAI\XAI\engines\XAI-Compress\requirements.txt,0ebdf4283c5b6a0215ac,PASS
True,2.6318082788671022,,text,,604,0.23639710076055898,7.406799995806068,34.603672028634485,0.05060000694356859,,,,,best_fixed,,,,,1836,332.25390625,,3.0397350993377485,,brotli-11,,,lt_16KiB,C:\Users\ss\Desktop\XAI\XAI\apps\desktop_flutter\windows\runner\CMakeLists.txt,4bb6ea144fbc0976bcbe,PASS
True,7.986887420458777,,video,,1469152,0.27154180128324257,5168.238499987638,475.8392828314063,2.9492999892681837,,,,,best_fixed,,,,,1471564,332.25390625,,1.0016417634118184,,brotli-11,,,1_10MiB,C:\Users\ss\Desktop\XAI\XAI\engines\XAI-Compress\data\test\archive (1)\FaceForensics++_C23\DeepFakeDetection\02_09__walk_down_hall_angry__6KUOFMZW.mp4,48e21ec2f07a239cb0db,PASS
True,7.986449199828316,,video,,1563012,0.24004729536427669,6220.163999998476,138.4287053721592,10.786300001200289,,,,,best_fixed,,,,,1565664,332.25390625,,1.001696724017474,,brotli-11,,,1_10MiB,C:\Users\ss\Desktop\XAI\XAI\engines\XAI-Compress\data\test\archive (1)\FaceForensics++_C23\DeepFakeDetection\02_18__walk_down_hall_angry__B95S4G6F.mp4,75ac8e38c89544f86012,PASS
True,7.9861543568323725,,video,,1645031,0.2376885005014415,6611.778399994364,307.7957802831689,5.105799995362759,,,,,best_fixed,,,,,1647883,332.25390625,,1.0017337059301619,,brotli-11,,,1_10MiB,C:\Users\ss\Desktop\XAI\XAI\engines\XAI-Compress\data\test\archive (1)\FaceForensics++_C23\DeepFakeDetection\02_18__exit_phone_room__OXMEEFUQ.mp4,f887056a858ef5d79853,PASS
True,8.00002759908647,,video,,2608791,0.31545012960764846,7886.91510001081,778.4994016220409,3.19580000359565,,,,,best_fixed,,,,,2608782,332.25390625,,0.9999965501260929,,brotli-11,,,1_10MiB,C:\Users\ss\Desktop\XAI\XAI\engines\XAI-Compress\data\test\archive (1)\FaceForensics++_C23\DeepFakeDetection\03_26__walk_down_hall_angry__WBSXBL82.mp4,84dcd2e350a766eef717,PASS
True,7.98633941650679,,video,,2640758,0.39242325270396516,6428.596699988702,522.6291338073598,4.82699999702163,,,,,best_fixed,,,,,2645275,332.25390625,,1.0017104937294519,,brotli-11,,,1_10MiB,C:\Users\ss\Desktop\XAI\XAI\engines\XAI-Compress\data\test\archive (1)\FaceForensics++_C23\DeepFakeDetection\05_16__walk_down_hall_angry__U9WZI5LK.mp4,b46249238a82a1760029,PASS
True,7.9856709915114426,,video,,2690683,0.32118827112475024,8003.52890000795,576.9069316540185,4.4559000234585255,,,,,best_fixed,,,,,2695511,332.25390625,,1.0017943399501168,,brotli-11,,,1_10MiB,C:\Users\ss\Desktop\XAI\XAI\engines\XAI-Compress\data\test\archive (1)\FaceForensics++_C23\DeepFakeDetection\03_14__walk_down_hall_angry__P1L5PF4I.mp4,cfa60713b94c4cf8ad0a,PASS
True,7.985075258868039,,video,,2852206,0.26782598336542157,10175.113000004785,371.7461696247323,7.330699998419732,,,,,best_fixed,,,,,2857537,332.25390625,,1.0018690795826108,,brotli-11,,,1_10MiB,C:\Users\ss\Desktop\XAI\XAI\engines\XAI-Compress\data\test\archive (1)\FaceForensics++_C23\DeepFakeDetection\02_01__walking_outside_cafe_disgusted__YVGY8LOK.mp4,040d6cd1913e63d0bf50,PASS
True,7.989299692475116,,video,,3024647,0.34379093692404894,8401.592900016112,376.0730547826253,7.680400012759492,,,,,best_fixed,,,,,3028698,332.25390625,,1.0013393298457638,,brotli-11,,,1_10MiB,C:\Users\ss\Desktop\XAI\XAI\engines\XAI-Compress\data\test\archive (1)\FaceForensics++_C23\DeepFakeDetection\04_13__walking_outside_cafe_disgusted__00T3UYOR.mp4,916ee0944afa41eaebe4,PASS
True,7.989039148190468,,video,,3051051,0.3799303309746423,7669.040400010999,442.7646087833005,6.580699991900474,,,,,best_fixed,,,,,3055237,332.25390625,,1.001371986243429,,brotli-11,,,1_10MiB,C:\Users\ss\Desktop\XAI\XAI\engines\XAI-Compress\data\test\archive (1)\FaceForensics++_C23\DeepFakeDetection\04_27__walking_outside_cafe_disgusted__2CCI2ND1.mp4,5fbf7e5d425ea2cedf79,PASS
True,8.000031307784877,,video,,3066342,0.44180975899300523,6618.867300014244,1052.4293302002673,2.7786000282503664,,,,,best_fixed,,,,,3066330,332.25390625,,0.9999960865422056,,brotli-11,,,1_10MiB,C:\Users\ss\Desktop\XAI\XAI\engines\XAI-Compress\data\test\archive (1)\FaceForensics++_C23\DeepFakeDetection\01_12__outside_talking_pan_laughing__TNI7KUZ6.mp4,8e0163f8d08517f2bfbd,PASS
True,7.97763979163042,,video,,3461821,0.3535731515597646,9363.559599994915,342.79742795293714,9.657899994635954,,,,,best_fixed,,,,,3471524,332.25390625,,1.002802860113218,,brotli-11,,,1_10MiB,C:\Users\ss\Desktop\XAI\XAI\engines\XAI-Compress\data\test\archive (1)\FaceForensics++_C23\DeepFakeDetection\01_02__talking_against_wall__YVGY8LOK.mp4,7949ac89c2483924ee9c,PASS
True,8.000026222873666,,video,,3660938,0.4976276700443557,7015.950500004692,739.2815584453457,4.722600016975775,,,,,best_fixed,,,,,3660926,332.25390625,,0.999996722151536,,brotli-11,,,1_10MiB,C:\Users\ss\Desktop\XAI\XAI\engines\XAI-Compress\data\test\archive (1)\FaceForensics++_C23\DeepFakeDetection\02_27__walking_down_street_outside_angry__3L1MLH3D.mp4,e24ad89f350ae852f7b8,PASS
True,7.9886748061228285,,video,,3948066,0.4644797913199355,8117.698399990331,886.5731304997516,4.252899991115555,,,,,best_fixed,,,,,3953663,332.25390625,,1.0014176561384738,,brotli-11,,,1_10MiB,C:\Users\ss\Desktop\XAI\XAI\engines\XAI-Compress\data\test\archive (1)\FaceForensics++_C23\DeepFakeDetection\03_11__exit_phone_room__P08VGHTA.mp4,e1d9664ac99aeab9bd8f,PASS
True,7.982727186053846,,video,,4081758,0.40090482373109004,9730.715100013185,429.7443869854744,9.07770000048913,,,,,best_fixed,,,,,4090590,332.25390625,,1.0021637735505142,,brotli-11,,,1_10MiB,C:\Users\ss\Desktop\XAI\XAI\engines\XAI-Compress\data\test\archive (1)\FaceForensics++_C23\DeepFakeDetection\06_03__talking_against_wall__4I8LRXWF.mp4,c4a941def8a08ccf229a,PASS
True,7.986910514001928,,video,,4550094,0.4080673702502321,10651.22979998705,276.0893447071653,15.742799994768575,,,,,best_fixed,,,,,4557551,332.25390625,,1.0016388672409844,,brotli-11,,,1_10MiB,C:\Users\ss\Desktop\XAI\XAI\engines\XAI-Compress\data\test\archive (1)\FaceForensics++_C23\DeepFakeDetection\06_12__outside_talking_still_laughing__3K21NFNM.mp4,f87b4ba16c61fc6e0d45,PASS
True,8.000027058290321,,video,,5026203,0.489267599718588,9796.979200007627,1133.5267384036254,4.228699981467798,,,,,best_fixed,,,,,5026186,332.25390625,,0.9999966177251496,,brotli-11,,,1_10MiB,C:\Users\ss\Desktop\XAI\XAI\engines\XAI-Compress\data\test\archive (1)\FaceForensics++_C23\DeepFakeDetection\01_20__outside_talking_pan_laughing__OTGHOG4Z.mp4,546ace30fb0bb2e3783b,PASS
True,8.0000269333064,,video,,5049527,0.48675419990076385,9893.26440001605,1037.7304157562298,4.640500003006309,,,,,best_fixed,,,,,5049510,332.25390625,,0.9999966333480343,,brotli-11,,,1_10MiB,C:\Users\ss\Desktop\XAI\XAI\engines\XAI-Compress\data\test\archive (1)\FaceForensics++_C23\DeepFakeDetection\01_15__outside_talking_pan_laughing__02HILKYO.mp4,f34934e8101b36854b29,PASS
True,8.000026330906309,,video,,5165050,0.4591390905490906,10728.250799991656,1083.0605361849628,4.5479999971576035,,,,,best_fixed,,,,,5165033,332.25390625,,0.9999967086475445,,brotli-11,,,1_10MiB,C:\Users\ss\Desktop\XAI\XAI\engines\XAI-Compress\data\test\archive (1)\FaceForensics++_C23\DeepFakeDetection\03_07__talking_against_wall__PWXXULHR.mp4,d8bdce51a4d8290a41bc,PASS
True,8.000026198095744,,video,,5191234,0.5032421317094911,9837.67059998354,1037.1714177568876,4.773299995576963,,,,,best_fixed,,,,,5191217,332.25390625,,0.9999967252487559,,brotli-11,,,1_10MiB,C:\Users\ss\Desktop\XAI\XAI\engines\XAI-Compress\data\test\archive (1)\FaceForensics++_C23\DeepFakeDetection\03_26__talking_against_wall__WBSXBL82.mp4,302a07d24b61368de502,PASS
True,7.988591420317138,,video,,5283210,0.4620121851223491,10921.047799987718,973.9522731450492,5.180600011954084,,,,,best_fixed,,,,,5290755,332.25390625,,1.0014281090473405,,brotli-11,,,1_10MiB,C:\Users\ss\Desktop\XAI\XAI\engines\XAI-Compress\data\test\archive (1)\FaceForensics++_C23\DeepFakeDetection\01_02__outside_talking_still_laughing__YVGY8LOK.mp4,ea302a0aad67d6028fa2,PASS
True,7.991986441332215,,video,,5610855,0.4246552715894478,12613.274899980752,550.498328229482,9.729899989906698,,,,,best_fixed,,,,,5616481,332.25390625,,1.0010026992321135,,brotli-11,,,1_10MiB,C:\Users\ss\Desktop\XAI\XAI\engines\XAI-Compress\data\test\archive (1)\FaceForensics++_C23\DeepFakeDetection\03_26__kitchen_pan__WBSXBL82.mp4,64d82f0eb41570cacc9e,PASS
True,7.9919716204464075,,video,,5618405,0.33675641596444333,15926.97520001093,374.35863891473394,14.32719998410903,,,,,best_fixed,,,,,5624049,332.25390625,,1.001004555563367,,brotli-11,,,1_10MiB,C:\Users\ss\Desktop\XAI\XAI\engines\XAI-Compress\data\test\archive (1)\FaceForensics++_C23\DeepFakeDetection\03_15__kitchen_pan__DNUJD8M2.mp4,1dd1e1cbeb37c92a23c9,PASS
True,7.991991235182819,,video,,5634175,0.3172184905366407,16955.355999991298,375.1283266072088,14.337900007376447,,,,,best_fixed,,,,,5639821,332.25390625,,1.0010020987988482,,brotli-11,,,1_10MiB,C:\Users\ss\Desktop\XAI\XAI\engines\XAI-Compress\data\test\archive (1)\FaceForensics++_C23\DeepFakeDetection\03_13__kitchen_pan__GBYWJW06.mp4,7030656a47ddcae4e881,PASS
True,7.992015791489432,,video,,5691560,0.31539174560111516,17227.201600006083,499.9555725191915,10.86760000907816,,,,,best_fixed,,,,,5697246,332.25390625,,1.0009990231149282,,brotli-11,,,1_10MiB,C:\Users\ss\Desktop\XAI\XAI\engines\XAI-Compress\data\test\archive (1)\FaceForensics++_C23\DeepFakeDetection\03_09__kitchen_pan__8DTEGQ54.mp4,349a429b63ba827da16d,PASS
True,7.990283637208881,,video,,5706310,0.18893129979410273,28838.942200003657,328.18612331971445,16.602099989540875,,,,,best_fixed,,,,,5713249,332.25390625,,1.0012160222630737,,brotli-11,,,1_10MiB,C:\Users\ss\Desktop\XAI\XAI\engines\XAI-Compress\data\test\archive (1)\FaceForensics++_C23\DeepFakeDetection\05_17__walking_down_street_outside_angry__M3H96PDQ.mp4,769bc1050e1bcf06e990,PASS
True,7.989820470173265,,video,,5770518,0.17917141810937817,30753.82380001247,276.52238325523206,19.926799985114485,,,,,best_fixed,,,,,5777870,332.25390625,,1.0012740623978644,,brotli-11,,,1_10MiB,C:\Users\ss\Desktop\XAI\XAI\engines\XAI-Compress\data\test\archive (1)\FaceForensics++_C23\DeepFakeDetection\06_07__kitchen_pan__NMGYPBXE.mp4,7e893633dd0f5d20713c,PASS
True,7.986152266897044,,video,,6041057,0.11429937900929418,50491.880999994464,85.0389027082834,67.86529999226332,,,,,best_fixed,,,,,6051532,332.25390625,,1.001733968078765,,brotli-11,,,1_10MiB,C:\Users\ss\Desktop\XAI\XAI\engines\XAI-Compress\data\test\archive (1)\FaceForensics++_C23\DeepFakeDetection\03_01__meeting_serious__JZUXXFRB.mp4,a2d1deaf6beae2b754df,PASS
True,8.000025675282863,,video,,6543279,0.10489866542919662,59487.287799973274,238.17044466476926,26.200299995252863,,,,,best_fixed,,,,,6543258,332.25390625,,0.9999967905999423,,brotli-11,,,1_10MiB,C:\Users\ss\Desktop\XAI\XAI\engines\XAI-Compress\data\test\archive (1)\FaceForensics++_C23\DeepFakeDetection\02_09__kitchen_pan__9TDCEK1Q.mp4,adacdb3fb3b269d0e4ec,PASS
True,8.000025654534209,,video,,6548571,0.17731865275904524,35220.1184000005,416.27344212075093,15.002600004663691,,,,,best_fixed,,,,,6548550,332.25390625,,0.9999967931935074,,brotli-11,,,1_10MiB,C:\Users\ss\Desktop\XAI\XAI\engines\XAI-Compress\data\test\archive (1)\FaceForensics++_C23\DeepFakeDetection\02_13__kitchen_pan__2YSYT2N3.mp4,2d972416e5ea584e6e99,PASS
True,7.988383362134055,,video,,6715760,0.2602226737485209,24647.972900012974,421.7353065819048,15.208500000881031,,,,,best_fixed,,,,,6725526,332.25390625,,1.001454191335009,,brotli-11,,,1_10MiB,C:\Users\ss\Desktop\XAI\XAI\engines\XAI-Compress\data\test\archive (1)\FaceForensics++_C23\DeepFakeDetection\03_15__outside_talking_still_laughing__DNUJD8M2.mp4,575ac6afd2f60f8f7362,PASS
True,7.9881950332517935,,video,,7787920,0.21470891985632382,34642.78580000973,227.10484339219846,32.75189999840222,,,,,best_fixed,,,,,7799429,332.25390625,,1.0014778015182488,,brotli-11,,,1_10MiB,C:\Users\ss\Desktop\XAI\XAI\engines\XAI-Compress\data\test\archive (1)\FaceForensics++_C23\DeepFakeDetection\02_13__podium_speech_happy__2YSYT2N3.mp4,ceb68a8868bcd038b876,PASS
True,7.991355019975388,,video,,8051459,0.22752939861025584,33783.66139999707,325.9553204227223,23.582300025736913,,,,,best_fixed,,,,,8060169,332.25390625,,1.0010817915113273,,brotli-11,,,1_10MiB,C:\Users\ss\Desktop\XAI\XAI\engines\XAI-Compress\data\test\archive (1)\FaceForensics++_C23\DeepFakeDetection\04_01__kitchen_still__6I623VU9.mp4,3195eee4a59ac79f4da4,PASS
True,7.98926971278582,,video,,8368778,0.19437904360906094,41114.555299980566,228.58489458346716,34.962099976837635,,,,,best_fixed,,,,,8380018,332.25390625,,1.0013430873659213,,brotli-11,,,1_10MiB,C:\Users\ss\Desktop\XAI\XAI\engines\XAI-Compress\data\test\archive (1)\FaceForensics++_C23\DeepFakeDetection\02_06__podium_speech_happy__SU4OQCS9.mp4,a8eee5cb651502b76851,PASS
True,8.000025352112983,,video,,9151140,0.2464633895451613,35409.63850001572,598.2191240131278,14.588600024580956,,,,,best_fixed,,,,,9151111,332.25390625,,0.9999968309959196,,brotli-11,,,1_10MiB,C:\Users\ss\Desktop\XAI\XAI\engines\XAI-Compress\data\test\archive (1)\FaceForensics++_C23\DeepFakeDetection\03_26__kitchen_still__WBSXBL82.mp4,65aad6920755198ffc44,PASS
True,7.99510737310163,,video,,16292111,0.2736653074551218,56809.81669999892,542.6332233030002,28.650799999013543,,,,,best_fixed,,,,,16302081,332.25390625,,1.000611952619277,,brotli-11,,,gt_10MiB,C:\Users\ss\Desktop\XAI\XAI\engines\XAI-Compress\data\test\archive (1)\FaceForensics++_C23\DeepFakeDetection\06_14__walking_and_outside_surprised__8U9ULZDT.mp4,c70842272825dd567ecc,PASS
True,7.994012306835468,,video,,17202426,0.2875627770810318,57092.92459997232,674.7272144864476,24.33250000467524,,,,,best_fixed,,,,,17215311,332.25390625,,1.0007490222599997,,brotli-11,,,gt_10MiB,C:\Users\ss\Desktop\XAI\XAI\engines\XAI-Compress\data\test\archive (1)\FaceForensics++_C23\DeepFakeDetection\02_06__talking_angry_couch__GH8TGTBS.mp4,b4d46d60eb50f24fdd68,PASS
True,7.994049147347792,,video,,17217655,0.28867269316386746,56923.49500002456,425.3733764577592,38.63019999698736,,,,,best_fixed,,,,,17230472,332.25390625,,1.000744410316039,,brotli-11,,,gt_10MiB,C:\Users\ss\Desktop\XAI\XAI\engines\XAI-Compress\data\test\archive (1)\FaceForensics++_C23\DeepFakeDetection\02_21__talking_angry_couch__Z0XHPQAR.mp4,c63e295b1deea7522a47,PASS
True,8.000025044615537,,video,,20763011,0.2417401474891685,81910.6322999869,830.5094071664444,23.84209999581799,,,,,best_fixed,,,,,20762946,332.25390625,,0.9999968694328583,,brotli-11,,,gt_10MiB,C:\Users\ss\Desktop\XAI\XAI\engines\XAI-Compress\data\test\archive (1)\FaceForensics++_C23\DeepFakeDetection\02_15__walking_and_outside_surprised__MZWH8ATN.mp4,f256aca58bd68b60e728,PASS
True,7.9948760542743695,,video,,21418194,0.20741715961404156,98540.895299986,267.7359904877957,76.34040000266396,,,,,best_fixed,,,,,21431921,332.25390625,,1.000640903710182,,brotli-11,,,gt_10MiB,C:\Users\ss\Desktop\XAI\XAI\engines\XAI-Compress\data\test\archive (1)\FaceForensics++_C23\DeepFakeDetection\06_15__walking_down_indoor_hall_disgust__QRCD27P8.mp4,e87d288b25a817ae2dc3,PASS
True,7.995351908532474,,video,,25072710,0.2259240661277851,105898.85679999134,662.4203738136447,36.117699986789376,,,,,best_fixed,,,,,25087286,332.25390625,,1.0005813492039752,,brotli-11,,,gt_10MiB,C:\Users\ss\Desktop\XAI\XAI\engines\XAI-Compress\data\test\archive (1)\FaceForensics++_C23\DeepFakeDetection\03_14__walking_down_indoor_hall_disgust__KJ221YN0.mp4,0cb4f04242bea81d03dc,PASS
