best_codec,best_level,best_strategy,best_transform,expected_bpb,expected_compression_time,expected_decompression_time,profile,profile_score,sample_id,source_category,source_group,split
brotli,6,brotli|6|identity,identity,7.1793212890625,0.0037348000041674823,0.000606399989919737,smallest,0.009868473682458126,0009fdc8364a97fb75b4,video,real:engines\XAI-Compress\data\test\archive (1)\FaceForensics++_C23\DeepFakeDetection\02_15__outside_talking_pan_laughing__SB6PMCO0.mp4,train
zstd,6,zstd|6|identity,identity,7.352294921875,0.0012045000039506704,3.429999924264848e-05,fastest,0.013040968347993006,0009fdc8364a97fb75b4,video,real:engines\XAI-Compress\data\test\archive (1)\FaceForensics++_C23\DeepFakeDetection\02_15__outside_talking_pan_laughing__SB6PMCO0.mp4,train
brotli,6,brotli|6|identity,identity,7.1793212890625,0.0037348000041674823,0.000606399989919737,balanced,0.019354853687495215,0009fdc8364a97fb75b4,video,real:engines\XAI-Compress\data\test\archive (1)\FaceForensics++_C23\DeepFakeDetection\02_15__outside_talking_pan_laughing__SB6PMCO0.mp4,train
brotli,4,brotli|4|identity,identity,0.13055555555555556,0.0001320000010309741,4.2400002712383866e-05,smallest,0.001737946429639568,003efe4d5c582a31e3df,source_code,real:engines\XAI-Compress\.test-tmp\final-all\test_corpus_roundtrip0\corpus\code\sample.js,train
zstd,9,zstd|9|identity,identity,0.1527777777777778,5.089999467600137e-05,1.4899997040629387e-05,fastest,0.005692593897223169,003efe4d5c582a31e3df,source_code,real:engines\XAI-Compress\.test-tmp\final-all\test_corpus_roundtrip0\corpus\code\sample.js,train
zstd,9,zstd|9|identity,identity,0.1527777777777778,5.089999467600137e-05,1.4899997040629387e-05,balanced,0.005111000527430283,003efe4d5c582a31e3df,source_code,real:engines\XAI-Compress\.test-tmp\final-all\test_corpus_roundtrip0\corpus\code\sample.js,train
brotli,9,brotli|9|identity,identity,6.9830322265625,0.027535000001080334,0.0006136000010883436,smallest,0.003932988559119873,004a5a754558b01c4dba,video,real:engines\XAI-Compress\data\test\archive (1)\FaceForensics++_C23\DeepFakeDetection\04_26__outside_talking_pan_laughing__WX836VLY.mp4,train
zstd,6,zstd|6|identity,identity,7.1925048828125,0.0010779000003822148,3.429999924264848e-05,fastest,0.012648772773866243,004a5a754558b01c4dba,video,real:engines\XAI-Compress\data\test\archive (1)\FaceForensics++_C23\DeepFakeDetection\04_26__outside_talking_pan_laughing__WX836VLY.mp4,train
brotli,6,brotli|6|identity,identity,6.98388671875,0.0038311999960569665,0.0005875999922864139,balanced,0.016656584671693203,004a5a754558b01c4dba,video,real:engines\XAI-Compress\data\test\archive (1)\FaceForensics++_C23\DeepFakeDetection\04_26__outside_talking_pan_laughing__WX836VLY.mp4,train
brotli,6,brotli|6|identity,identity,7.2860107421875,0.003963800001656637,0.0005837999924551696,smallest,0.020835842157090688,00683385e73ae61a9829,video,real:engines\XAI-Compress\data\test\archive (1)\FaceForensics++_C23\DeepFakeDetection\03_07__exit_phone_room__6PHZRQ4H.mp4,train
zstd,1,zstd|1|identity,identity,7.431884765625,0.0003581000055419281,3.880000440403819e-05,fastest,0.012433299610819046,00683385e73ae61a9829,video,real:engines\XAI-Compress\data\test\archive (1)\FaceForensics++_C23\DeepFakeDetection\03_07__exit_phone_room__6PHZRQ4H.mp4,train
brotli,6,brotli|6|identity,identity,7.2860107421875,0.003963800001656637,0.0005837999924551696,balanced,0.024236677751404145,00683385e73ae61a9829,video,real:engines\XAI-Compress\data\test\archive (1)\FaceForensics++_C23\DeepFakeDetection\03_07__exit_phone_room__6PHZRQ4H.mp4,train
brotli,11,brotli|11|identity,identity,3.259259259259259,0.005329899999196641,4.339999577496201e-05,smallest,0.011609642535185323,0096ff08930def274ad4,csv,real:engines\XAI-Compress\results\final_analysis\model_inventory.csv,train
deflate,6,deflate|6|identity,identity,3.5016835016835017,6.769999163225293e-05,1.7700003809295595e-05,fastest,0.012513358731701613,0096ff08930def274ad4,csv,real:engines\XAI-Compress\results\final_analysis\model_inventory.csv,train
deflate,6,deflate|6|identity,identity,3.5016835016835017,6.769999163225293e-05,1.7700003809295595e-05,balanced,0.029215347600374423,0096ff08930def274ad4,csv,real:engines\XAI-Compress\results\final_analysis\model_inventory.csv,train
brotli,6,brotli|6|identity,identity,7.6064453125,0.003954100000555627,0.0005897999944863841,smallest,0.018254500094397417,010f5bd216125c3a29ed,video,real:engines\XAI-Compress\data\test\archive (1)\FaceForensics++_C23\DeepFakeDetection\02_07__exit_phone_room__9NVRE2KQ.mp4,validation
zstd,3,zstd|3|identity,identity,7.7015380859375,0.00014489999739453197,1.1600001016631722e-05,fastest,0.010884432091953944,010f5bd216125c3a29ed,video,real:engines\XAI-Compress\data\test\archive (1)\FaceForensics++_C23\DeepFakeDetection\02_07__exit_phone_room__9NVRE2KQ.mp4,validation
brotli,6,brotli|6|identity,identity,7.6064453125,0.003954100000555627,0.0005897999944863841,balanced,0.027458865995335324,010f5bd216125c3a29ed,video,real:engines\XAI-Compress\data\test\archive (1)\FaceForensics++_C23\DeepFakeDetection\02_07__exit_phone_room__9NVRE2KQ.mp4,validation
bzip2,9,bzip2|9|identity,identity,1.6640625,0.011915499999304302,0.003547799991792999,smallest,0.012802501719424994,0176cdda1aac09477d97,source_code,real:apps\web_angular\.angular\cache\20.3.28\xai-web\vite\deps\@angular_router.js,test
zstd,3,zstd|3|identity,identity,2.0145263671875,0.0011431000020820647,0.0002948000037577003,fastest,0.010978078934529753,0176cdda1aac09477d97,source_code,real:apps\web_angular\.angular\cache\20.3.28\xai-web\vite\deps\@angular_router.js,test
zstd,9,zstd|9|identity,identity,1.80322265625,0.0046790000051259995,0.00030699999479111284,balanced,0.022909398693843702,0176cdda1aac09477d97,source_code,real:apps\web_angular\.angular\cache\20.3.28\xai-web\vite\deps\@angular_router.js,test
brotli,9,brotli|9|identity,identity,7.55615234375,0.029620600005728193,0.00039060000563040376,smallest,0.014300701050827492,01920ba0776eba2c8589,video,real:engines\XAI-Compress\data\test\archive (1)\FaceForensics++_C23\DeepFakeDetection\06_04__walking_outside_cafe_disgusted__ZK95PQDE.mp4,train
deflate,9,deflate|9|identity,identity,7.6226806640625,0.0012681999942287803,0.00010220000694971532,fastest,0.012207162143386428,01920ba0776eba2c8589,video,real:engines\XAI-Compress\data\test\archive (1)\FaceForensics++_C23\DeepFakeDetection\06_04__walking_outside_cafe_disgusted__ZK95PQDE.mp4,train
brotli,6,brotli|6|identity,identity,7.559326171875,0.004063100001076236,0.0005692999984603375,balanced,0.028002623709985977,01920ba0776eba2c8589,video,real:engines\XAI-Compress\data\test\archive (1)\FaceForensics++_C23\DeepFakeDetection\06_04__walking_outside_cafe_disgusted__ZK95PQDE.mp4,train
zstd,1,zstd|1|identity,identity,0.002716064453125,0.0002995999966515228,9.73999995039776e-05,smallest,0.00015972396893543432,01b54e5501f227123fde,structured,synthetic:engines\XAI-Compress\data\hybrid_selector\synthetic\structured_256KiB.json,train
zstd,1,zstd|1|identity,identity,0.002716064453125,0.0002995999966515228,9.73999995039776e-05,fastest,0.0017511827954272464,01b54e5501f227123fde,structured,synthetic:engines\XAI-Compress\data\hybrid_selector\synthetic\structured_256KiB.json,train
zstd,1,zstd|1|identity,identity,0.002716064453125,0.0002995999966515228,9.73999995039776e-05,balanced,0.0009447044637704731,01b54e5501f227123fde,structured,synthetic:engines\XAI-Compress\data\hybrid_selector\synthetic\structured_256KiB.json,train
brotli,11,brotli|11|identity,identity,4.551724137931035,0.0027083000022685155,4.460000491235405e-05,smallest,0.009046412495953268,022eaf06a0fa50211134,csv,real:engines\XAI-Compress\checkpoints\neural_lossy_v1\validation.metrics.csv,train
deflate,9,deflate|9|identity,identity,5.0344827586206895,5.289999535307288e-05,1.6200006939470768e-05,fastest,0.03082981988862569,022eaf06a0fa50211134,csv,real:engines\XAI-Compress\checkpoints\neural_lossy_v1\validation.metrics.csv,train
brotli,4,brotli|4|identity,identity,4.735632183908046,0.0001049999991664663,2.2299995180219412e-05,balanced,0.05149400325795499,022eaf06a0fa50211134,csv,real:engines\XAI-Compress\checkpoints\neural_lossy_v1\validation.metrics.csv,train
brotli,6,brotli|6|dictionary,dictionary,5.793103448275862,0.00021880000713281333,3.809999907389283e-05,smallest,0.00572950035636073,02a8b99eb4f5b8252bd5,json,real:engines\XAI-Compress\.test-tmp\final-all\test_package_filter_and_metada0\stage\dataset-metadata.json,validation
deflate,9,deflate|9|identity,identity,6.068965517241379,2.479999966453761e-05,4.3000036384910345e-06,fastest,0.01259980914169892,02a8b99eb4f5b8252bd5,json,real:engines\XAI-Compress\.test-tmp\final-all\test_package_filter_and_metada0\stage\dataset-metadata.json,validation
deflate,9,deflate|9|identity,identity,6.068965517241379,2.479999966453761e-05,4.3000036384910345e-06,balanced,0.03962849469462906,02a8b99eb4f5b8252bd5,json,real:engines\XAI-Compress\.test-tmp\final-all\test_package_filter_and_metada0\stage\dataset-metadata.json,validation
brotli,11,brotli|11|identity,identity,3.1919866444073457,0.0037229000008665025,3.409999771974981e-05,smallest,0.008484380888977228,02b0dd87e9936048d6b1,json,real:apps\public_nextjs\package.json,train
zstd,6,zstd|6|identity,identity,3.712854757929883,6.61999947624281e-05,1.889999839477241e-05,fastest,0.025767118912446742,02b0dd87e9936048d6b1,json,real:apps\public_nextjs\package.json,train
deflate,9,deflate|9|identity,identity,3.5258764607679467,8.249998791143298e-05,2.1700005163438618e-05,balanced,0.04877438517320355,02b0dd87e9936048d6b1,json,real:apps\public_nextjs\package.json,train
brotli,11,brotli|11|identity,identity,4.311688311688312,0.002567800009273924,3.580001066438854e-05,smallest,0.0066556019410733015,02d018fda0a64203845c,binary,real:apps\desktop_flutter\windows\.gitignore,train
zstd,9,zstd|9|identity,identity,4.909090909090909,5.709999823011458e-05,1.6300007700920105e-05,fastest,0.02439054571269507,02d018fda0a64203845c,binary,real:apps\desktop_flutter\windows\.gitignore,train
brotli,6,brotli|6|identity,identity,4.467532467532467,0.0007186000002548099,3.3500007702969015e-05,balanced,0.06866625489764062,02d018fda0a64203845c,binary,real:apps\desktop_flutter\windows\.gitignore,train
zstd,3,zstd|3|identity,identity,0.0047607421875,2.8800001018680632e-05,2.0799998310394585e-05,smallest,0.00010817267910915316,02fe6ea1cfc606255580,repetitive,synthetic:engines\XAI-Compress\data\hybrid_selector\synthetic\repetitive_64KiB.bin,train
zstd,3,zstd|3|identity,identity,0.0047607421875,2.8800001018680632e-05,2.0799998310394585e-05,fastest,0.0010135851077574761,02fe6ea1cfc606255580,repetitive,synthetic:engines\XAI-Compress\data\hybrid_selector\synthetic\repetitive_64KiB.bin,train
zstd,3,zstd|3|identity,identity,0.0047607421875,2.8800001018680632e-05,2.0799998310394585e-05,balanced,0.0006066398814232684,02fe6ea1cfc606255580,repetitive,synthetic:engines\XAI-Compress\data\hybrid_selector\synthetic\repetitive_64KiB.bin,train
brotli,11,brotli|11|identity,identity,2.769230769230769,0.007190000003902242,5.7999990531243384e-05,smallest,0.01381675090386313,03843476f54a163533a7,csv,real:engines\XAI-Compress\results\final\lossless_benchmark.csv,train
zstd,1,zstd|1|identity,identity,3.2731326644370125,6.880000000819564e-05,2.78999941656366e-05,fastest,0.01951098036245978,03843476f54a163533a7,csv,real:engines\XAI-Compress\results\final\lossless_benchmark.csv,train
deflate,6,deflate|6|identity,identity,3.17056856187291,0.00012510000669863075,3.2099997042678297e-05,balanced,0.047988238375522796,03843476f54a163533a7,csv,real:engines\XAI-Compress\results\final\lossless_benchmark.csv,train
brotli,4,brotli|4|identity,identity,7.5675675675675675,5.840000812895596e-05,1.4299992471933365e-05,smallest,0.0015648351824594467,038bbc73704a5d6ab35f,source_code,real:apps\web_angular\src\environments\environment.prod.ts,train
raw,,raw|default|identity,identity,8.0,4.899993655271828e-06,4.1000021155923605e-06,fastest,0.0032258064516129032,038bbc73704a5d6ab35f,source_code,real:apps\web_angular\src\environments\environment.prod.ts,train
brotli,4,brotli|4|identity,identity,7.5675675675675675,5.840000812895596e-05,1.4299992471933365e-05,balanced,0.02231783940817439,038bbc73704a5d6ab35f,source_code,real:apps\web_angular\src\environments\environment.prod.ts,train
brotli,11,brotli|11|identity,identity,3.754601226993865,0.0031088999967323616,3.599999763537198e-05,smallest,0.010286377175291928,03b1599a0ef5c82a9a8b,binary,real:apps\admin_dotnet\Components\Pages\Jobs.razor,train
zstd,9,zstd|9|identity,identity,4.785276073619632,6.120000034570694e-05,1.579998934175819e-05,fastest,0.03075511337937729,03b1599a0ef5c82a9a8b,binary,real:apps\admin_dotnet\Components\Pages\Jobs.razor,train
deflate,9,deflate|9|identity,identity,4.507157464212679,9.460000728722662e-05,2.2299995180219412e-05,balanced,0.09909462270373103,03b1599a0ef5c82a9a8b,binary,real:apps\admin_dotnet\Components\Pages\Jobs.razor,train
brotli,11,brotli|11|identity,identity,6.0606060606060606,0.003653499996289611,4.0099999750964344e-05,smallest,0.008417876294399055,04037223be7801e52d02,binary,real:engines\XAI-Compress\.test-tmp\final-all\test_v3_tiny_chunks_and_empty_0\out,test
deflate,9,deflate|9|identity,identity,6.94949494949495,7.510000432375818e-05,9.2999980552122e-06,fastest,0.027520001858251417,04037223be7801e52d02,binary,real:engines\XAI-Compress\.test-tmp\final-all\test_v3_tiny_chunks_and_empty_0\out,test
brotli,6,brotli|6|identity,identity,6.356902356902357,0.0008358000050066039,3.4900003811344504e-05,balanced,0.1038537603138239,04037223be7801e52d02,binary,real:engines\XAI-Compress\.test-tmp\final-all\test_v3_tiny_chunks_and_empty_0\out,test
brotli,11,brotli|11|identity,identity,7.321044921875,0.46360179998737294,0.0010235999943688512,smallest,0.01667841265303109,040d6cd1913e63d0bf50,video,real:engines\XAI-Compress\data\test\archive (1)\FaceForensics++_C23\DeepFakeDetection\02_01__walking_outside_cafe_disgusted__YVGY8LOK.mp4,test
zstd,9,zstd|9|identity,identity,7.478759765625,0.0010735999967437238,3.609999839682132e-05,fastest,0.013984106987213118,040d6cd1913e63d0bf50,video,real:engines\XAI-Compress\data\test\archive (1)\FaceForensics++_C23\DeepFakeDetection\02_01__walking_outside_cafe_disgusted__YVGY8LOK.mp4,test
brotli,6,brotli|6|identity,identity,7.3375244140625,0.004100600010133348,0.0005997999978717417,balanced,0.026646272292872527,040d6cd1913e63d0bf50,video,real:engines\XAI-Compress\data\test\archive (1)\FaceForensics++_C23\DeepFakeDetection\02_01__walking_outside_cafe_disgusted__YVGY8LOK.mp4,test
brotli,11,brotli|11|identity,identity,4.167860798362334,0.005449499993119389,4.739999712910503e-05,smallest,0.011035299419911328,0436fe48f5cecec2732f,markdown,real:docs\ROADMAP.md,validation
zstd,3,zstd|3|identity,identity,5.232343909928352,6.0699996538460255e-05,2.2599997464567423e-05,fastest,0.02655999834471478,0436fe48f5cecec2732f,markdown,real:docs\ROADMAP.md,validation
deflate,6,deflate|6|identity,identity,4.9785056294779935,0.00010900000052060932,2.820001100189984e-05,balanced,0.1075125733915274,0436fe48f5cecec2732f,markdown,real:docs\ROADMAP.md,validation
brotli,6,brotli|6|identity,identity,3.5049961568024597,0.0013384000048972666,4.8000001697801054e-05,smallest,0.004347726567727929,04e306d0d02d28c725bb,binary,real:engines\XAI-Compress\.test-tmp\final-all\test_v3_global_checksum_and_tr0\out,train
zstd,3,zstd|3|identity,identity,3.775557263643351,6.009999196976423e-05,1.2699994840659201e-05,fastest,0.014067174106116704,04e306d0d02d28c725bb,binary,real:engines\XAI-Compress\.test-tmp\final-all\test_v3_global_checksum_and_tr0\out,train
deflate,9,deflate|9|identity,identity,3.72021521906226,0.0001429999974789098,1.3199998647905886e-05,balanced,0.03219682951420801,04e306d0d02d28c725bb,binary,real:engines\XAI-Compress\.test-tmp\final-all\test_v3_global_checksum_and_tr0\out,train
brotli,11,brotli|11|identity,identity,1.3353197068112748,0.19973609999578912,0.0004197000089334324,smallest,0.015382578576533558,05320ebecf86df653a40,logs,real:engines\XAI-Compress\results\model_search\imports\auto\residual-scale-depth-3c28504154\v1\xai-compress-auto-residual-scale-depth-3c28504154.log,train
zstd,1,zstd|1|identity,identity,1.9410841626442603,0.00042039999971166253,0.00014709999959450215,fastest,0.008101434593245908,05320ebecf86df653a40,logs,real:engines\XAI-Compress\results\model_search\imports\auto\residual-scale-depth-3c28504154\v1\xai-compress-auto-residual-scale-depth-3c28504154.log,train
brotli,6,brotli|6|identity,identity,1.693025842718948,0.003717200001119636,0.00026390000130049884,balanced,0.0329219580741336,05320ebecf86df653a40,logs,real:engines\XAI-Compress\results\model_search\imports\auto\residual-scale-depth-3c28504154\v1\xai-compress-auto-residual-scale-depth-3c28504154.log,train
brotli,11,brotli|11|identity,identity,7.1937255859375,0.6963760999933584,0.0003237999917473644,smallest,0.015538093079638854,055c9f6ee496bae3d64e,video,real:engines\XAI-Compress\data\test\archive (1)\FaceForensics++_C23\DeepFakeDetection\05_17__walking_outside_cafe_disgusted__C4VHXZFY.mp4,train
zstd,3,zstd|3|identity,identity,7.4078369140625,0.0006508000078611076,4.510000871960074e-05,fastest,0.014993656546406829,055c9f6ee496bae3d64e,video,real:engines\XAI-Compress\data\test\archive (1)\FaceForensics++_C23\DeepFakeDetection\05_17__walking_outside_cafe_disgusted__C4VHXZFY.mp4,train
brotli,6,brotli|6|identity,identity,7.2060546875,0.005841299993335269,0.0009941000025719404,balanced,0.03167754924054439,055c9f6ee496bae3d64e,video,real:engines\XAI-Compress\data\test\archive (1)\FaceForensics++_C23\DeepFakeDetection\05_17__walking_outside_cafe_disgusted__C4VHXZFY.mp4,train
brotli,11,brotli|11|identity,identity,4.168674698795181,0.0013076000032015145,1.829999382607639e-05,smallest,0.007990226002282334,05640695c15f7f22c9c2,csv,real:engines\XAI-Compress\.test-tmp\final-all\test_experiment_log_and_manife0\experiments.csv,train
zstd,9,zstd|9|identity,identity,5.27710843373494,2.750000567175448e-05,7.90000194683671e-06,fastest,0.036686557943863864,05640695c15f7f22c9c2,csv,real:engines\XAI-Compress\.test-tmp\final-all\test_experiment_log_and_manife0\experiments.csv,train
brotli,4,brotli|4|identity,identity,4.819277108433735,6.500000017695129e-05,1.2899996363557875e-05,balanced,0.10766473484487202,05640695c15f7f22c9c2,csv,real:engines\XAI-Compress\.test-tmp\final-all\test_experiment_log_and_manife0\experiments.csv,train
brotli,11,brotli|11|identity,identity,2.288077188146106,0.005378799993195571,4.3199994252063334e-05,smallest,0.009905601360146832,05b85cd7a82809ab6688,source_code,real:apps\admin_dotnet\Models\AdminModels.cs,train
zstd,3,zstd|3|identity,identity,2.855961405926947,6.420000863727182e-05,2.540000423323363e-05,fastest,0.01847585717264957,05b85cd7a82809ab6688,source_code,real:apps\admin_dotnet\Models\AdminModels.cs,train
deflate,6,deflate|6|identity,identity,2.596829772570641,0.00011010000889655203,2.649999805726111e-05,balanced,0.035563789761287226,05b85cd7a82809ab6688,source_code,real:apps\admin_dotnet\Models\AdminModels.cs,train
brotli,6,brotli|6|identity,identity,6.959228515625,0.003748200004338287,0.00060299999313429,smallest,0.0053658052890701345,05d45d058bf199ca8c8c,video,real:engines\XAI-Compress\data\test\archive (1)\FaceForensics++_C23\DeepFakeDetection\04_07__outside_talking_still_laughing__XRK7FGZX.mp4,train
zstd,1,zstd|1|identity,identity,7.18310546875,0.0003476999991107732,3.739999374374747e-05,fastest,0.012048397709923013,05d45d058bf199ca8c8c,video,real:engines\XAI-Compress\data\test\archive (1)\FaceForensics++_C23\DeepFakeDetection\04_07__outside_talking_still_laughing__XRK7FGZX.mp4,train
brotli,6,brotli|6|identity,identity,6.959228515625,0.003748200004338287,0.00060299999313429,balanced,0.014507464527301188,05d45d058bf199ca8c8c,video,real:engines\XAI-Compress\data\test\archive (1)\FaceForensics++_C23\DeepFakeDetection\04_07__outside_talking_still_laughing__XRK7FGZX.mp4,train
brotli,11,brotli|11|identity,identity,2.884012539184953,0.004109800007427111,4.16000111727044e-05,smallest,0.009446774982226113,0607ab4e74cffa22d2fc,json,real:engines\XAI-Compress\checkpoints\neural_lossy_v1\validation.history.json,validation
zstd,9,zstd|9|identity,identity,3.4858934169278997,6.259999645408243e-05,1.589999010320753e-05,fastest,0.02248518764497416,0607ab4e74cffa22d2fc,json,real:engines\XAI-Compress\checkpoints\neural_lossy_v1\validation.history.json,validation
brotli,4,brotli|4|identity,identity,3.1724137931034484,0.00011899998935405165,2.4900000425986946e-05,balanced,0.046428185799026606,0607ab4e74cffa22d2fc,json,real:engines\XAI-Compress\checkpoints\neural_lossy_v1\validation.history.json,validation
brotli,6,brotli|6|identity,identity,4.536796536796537,0.0006209999992279336,2.849999873433262e-05,smallest,0.003240345135554477,0688555bcd5d3acd69ef,binary,real:apps\desktop_flutter\analysis_options.yaml,train
zstd,6,zstd|6|identity,identity,4.987012987012987,4.810000245925039e-05,1.4999997802078724e-05,fastest,0.025520380795987445,0688555bcd5d3acd69ef,binary,real:apps\desktop_flutter\analysis_options.yaml,train
brotli,4,brotli|4|identity,identity,4.675324675324675,0.00011819999781437218,2.4299995857290924e-05,balanced,0.04530773051299374,0688555bcd5d3acd69ef,binary,real:apps\desktop_flutter\analysis_options.yaml,train
brotli,11,brotli|11|identity,identity,3.6738768718801995,0.003794799995375797,4.339999577496201e-05,smallest,0.009687751950217274,0727818b5374f961f13e,source_code,real:apps\public_nextjs\app\privacy\page.tsx,train
zstd,3,zstd|3|identity,identity,5.151414309484193,5.020000389777124e-05,1.9500002963468432e-05,fastest,0.03754257602776518,0727818b5374f961f13e,source_code,real:apps\public_nextjs\app\privacy\page.tsx,train
brotli,6,brotli|6|identity,identity,4.259567387687188,0.0010462000063853338,3.989999822806567e-05,balanced,0.1309037946938573,0727818b5374f961f13e,source_code,real:apps\public_nextjs\app\privacy\page.tsx,train
brotli,11,brotli|11|identity,identity,3.3338497288923317,0.007171099990955554,6.370000483002514e-05,smallest,0.013781725962747257,073b4342cbd9a3571c03,json,real:engines\XAI-Compress\results\model_search\candidates\lr-0-0002-f316e33308\config.json,train
zstd,6,zstd|6|identity,identity,3.9535243996901626,0.00010309999925084412,2.3999993572942913e-05,fastest,0.02289488491842366,073b4342cbd9a3571c03,json,real:engines\XAI-Compress\results\model_search\candidates\lr-0-0002-f316e33308\config.json,train
deflate,9,deflate|9|identity,identity,3.8295894655305966,0.00015409999468829483,3.7299992982298136e-05,balanced,0.06489848526816328,073b4342cbd9a3571c03,json,real:engines\XAI-Compress\results\model_search\candidates\lr-0-0002-f316e33308\config.json,train
brotli,11,brotli|11|identity,identity,6.531209786586895,0.6553664999955799,0.0014630999939981848,smallest,0.027358666376897062,074abe3cf988a7ab2542,model,real:engines\XAI-Compress\.test-tmp\kaggle-workflow\test_neural_transformer_roundt0\tr.pt,train
zstd,9,zstd|9|identity,identity,6.782158196433644,0.001567400002386421,0.00019789999350905418,fastest,0.015329883514770186,074abe3cf988a7ab2542,model,real:engines\XAI-Compress\.test-tmp\kaggle-workflow\test_neural_transformer_roundt0\tr.pt,train
brotli,6,brotli|6|identity,identity,6.655413874358675,0.005587000006926246,0.0013875000004190952,balanced,0.0704280819194133,074abe3cf988a7ab2542,model,real:engines\XAI-Compress\.test-tmp\kaggle-workflow\test_neural_transformer_roundt0\tr.pt,train
brotli,9,brotli|9|identity,identity,3.519348268839104,0.0013255999947432429,3.599999763537198e-05,smallest,0.00465864913082748,07750e2132bd98b4aef0,source_code,real:apps\public_nextjs\.next\server\middleware-react-loadable-manifest.js,train
deflate,1,deflate|1|identity,identity,4.464358452138493,3.890000516548753e-05,1.3199998647905886e-05,fastest,0.024568313857903527,07750e2132bd98b4aef0,source_code,real:apps\public_nextjs\.next\server\middleware-react-loadable-manifest.js,train
deflate,9,deflate|9|identity,identity,3.8126272912423627,7.09999876562506e-05,2.020000829361379e-05,balanced,0.0475786992042202,07750e2132bd98b4aef0,source_code,real:apps\public_nextjs\.next\server\middleware-react-loadable-manifest.js,train
brotli,11,brotli|11|identity,identity,4.317880794701987,0.003547100001014769,5.2100003813393414e-05,smallest,0.010649860778373819,077f80ac1df2df28db8c,source_code,real:apps\desktop_flutter\windows\flutter\generated_plugin_registrant.h,validation
zstd,6,zstd|6|identity,identity,5.086092715231788,5.789998976979405e-05,1.7400001524947584e-05,fastest,0.03207319519151197,077f80ac1df2df28db8c,source_code,real:apps\desktop_flutter\windows\flutter\generated_plugin_registrant.h,validation
brotli,4,brotli|4|identity,identity,4.768211920529802,0.0001581999968038872,2.9800008633174002e-05,balanced,0.08796209436696621,077f80ac1df2df28db8c,source_code,real:apps\desktop_flutter\windows\flutter\generated_plugin_registrant.h,validation
brotli,11,brotli|11|identity,identity,3.742690058479532,0.004183600001852028,4.669999179895967e-05,smallest,0.009407108536870303,082bf669dbcf2e0362b6,csv,real:engines\XAI-Compress\results\final_analysis\manifests\benchmark_manifest.csv,train
zstd,3,zstd|3|identity,identity,4.247953216374269,5.2099989261478186e-05,1.9500002963468432e-05,fastest,0.022551785368589705,082bf669dbcf2e0362b6,csv,real:engines\XAI-Compress\results\final_analysis\manifests\benchmark_manifest.csv,train
deflate,6,deflate|6|identity,identity,4.135672514619883,7.270000060088933e-05,1.999999221879989e-05,balanced,0.054669570197711015,082bf669dbcf2e0362b6,csv,real:engines\XAI-Compress\results\final_analysis\manifests\benchmark_manifest.csv,train
brotli,11,brotli|11|identity,identity,2.9114236368122377,0.006595099999685772,3.8700003642588854e-05,smallest,0.014355505494939786,0836f11ee1af41e93738,markdown,real:engines\XAI-Compress\README.md,train
zstd,3,zstd|3|identity,identity,3.6595114729829756,0.00011500000255182385,3.819999983534217e-05,fastest,0.02348607567850249,0836f11ee1af41e93738,markdown,real:engines\XAI-Compress\README.md,train
deflate,6,deflate|6|identity,identity,3.519368369109302,0.00023299999884329736,5.0300004659220576e-05,balanced,0.06990107474097375,0836f11ee1af41e93738,markdown,real:engines\XAI-Compress\README.md,train
brotli,11,brotli|11|identity,identity,2.6382978723404253,0.0035560999967856333,3.720000677276403e-05,smallest,0.008015569748293669,0896835f15c9b19c3d69,json,real:engines\XAI-Compress\results\hybrid_ai\selector_feature_schema.json,train
zstd,3,zstd|3|identity,identity,3.174468085106383,4.5599997974932194e-05,1.819999306462705e-05,fastest,0.0172804291403101,0896835f15c9b19c3d69,json,real:engines\XAI-Compress\results\hybrid_ai\selector_feature_schema.json,train
deflate,9,deflate|9|identity,identity,2.9191489361702128,8.97999998414889e-05,2.3500004317611456e-05,balanced,0.036560763987922934,0896835f15c9b19c3d69,json,real:engines\XAI-Compress\results\hybrid_ai\selector_feature_schema.json,train
brotli,11,brotli|11|identity,identity,3.4848046309696095,0.004669400004786439,4.600000102072954e-05,smallest,0.011484633077202714,08e9018d228757d16259,source_code,real:apps\desktop_flutter\windows\runner\utils.h,train
zstd,9,zstd|9|identity,identity,4.167872648335745,7.779999577905983e-05,1.8300008377991617e-05,fastest,0.027230895021092775,08e9018d228757d16259,source_code,real:apps\desktop_flutter\windows\runner\utils.h,train
deflate,9,deflate|9|identity,identity,3.9826338639652676,8.789999992586672e-05,2.340000355616212e-05,balanced,0.06735523283182461,08e9018d228757d16259,source_code,real:apps\desktop_flutter\windows\runner\utils.h,train
brotli,11,brotli|11|identity,identity,7.481689453125,0.6770026000012876,0.00087340000027325,smallest,0.016059395718073636,09276f7e651e3daee010,video,real:engines\XAI-Compress\data\test\archive (1)\FaceForensics++_C23\DeepFakeDetection\01_12__outside_talking_still_laughing__TNI7KUZ6.mp4,train
zstd,1,zstd|1|identity,identity,7.618408203125,0.0003414000093471259,3.189999551977962e-05,fastest,0.01381316851499322,09276f7e651e3daee010,video,real:engines\XAI-Compress\data\test\archive (1)\FaceForensics++_C23\DeepFakeDetection\01_12__outside_talking_still_laughing__TNI7KUZ6.mp4,train
brotli,6,brotli|6|identity,identity,7.5076904296875,0.003739099993254058,0.0006303999980445951,balanced,0.03396144098147046,09276f7e651e3daee010,video,real:engines\XAI-Compress\data\test\archive (1)\FaceForensics++_C23\DeepFakeDetection\01_12__outside_talking_still_laughing__TNI7KUZ6.mp4,train
brotli,11,brotli|11|identity,identity,3.3595166163141994,0.004050599993206561,4.6200002543628216e-05,smallest,0.01017126687962535,0a16cd7dbe2154e829c1,source_code,real:apps\public_nextjs\app\contact\page.tsx,train
zstd,6,zstd|6|identity,identity,4.652567975830816,2.540000423323363e-05,7.199996616691351e-06,fastest,0.02152054897711865,0a16cd7dbe2154e829c1,source_code,real:apps\public_nextjs\app\contact\page.tsx,train
brotli,6,brotli|6|identity,identity,4.02416918429003,0.00045390000741463155,1.4999997802078724e-05,balanced,0.09191765188643714,0a16cd7dbe2154e829c1,source_code,real:apps\public_nextjs\app\contact\page.tsx,train
brotli,11,brotli|11|identity,identity,3.063370786516854,0.0052527999941958115,4.0099999750964344e-05,smallest,0.016547781054721107,0a40c82900f25356a35a,markdown,real:apps\admin_dotnet\README.md,train
zstd,3,zstd|3|identity,identity,3.9191011235955058,4.2400002712383866e-05,1.8000006093643606e-05,fastest,0.024213557689594684,0a40c82900f25356a35a,markdown,real:apps\admin_dotnet\README.md,train
deflate,6,deflate|6|identity,identity,3.7393258426966294,7.100000220816582e-05,1.6999998479150236e-05,balanced,0.07352207689748218,0a40c82900f25356a35a,markdown,real:apps\admin_dotnet\README.md,train
raw,,raw|default|identity,identity,8.0,6.100002792663872e-06,4.299989086575806e-06,smallest,0.0,0af03aec9aababefda9a,high_entropy,synthetic:engines\XAI-Compress\data\hybrid_selector\synthetic\high_entropy_64KiB.rand,validation
raw,,raw|default|identity,identity,8.0,6.100002792663872e-06,4.299989086575806e-06,fastest,0.0,0af03aec9aababefda9a,high_entropy,synthetic:engines\XAI-Compress\data\hybrid_selector\synthetic\high_entropy_64KiB.rand,validation
raw,,raw|default|identity,identity,8.0,6.100002792663872e-06,4.299989086575806e-06,balanced,0.0,0af03aec9aababefda9a,high_entropy,synthetic:engines\XAI-Compress\data\hybrid_selector\synthetic\high_entropy_64KiB.rand,validation
brotli,11,brotli|11|identity,identity,2.8878048780487804,0.005012699999497272,4.22999873990193e-05,smallest,0.010088633753933667,0b56a8336d926b137c46,json,real:engines\XAI-Compress\checkpoints\kaggle\best.summary.json,test
zstd,3,zstd|3|identity,identity,3.67609756097561,5.7600002037361264e-05,2.1800005924887955e-05,fastest,0.02315518962025108,0b56a8336d926b137c46,json,real:engines\XAI-Compress\checkpoints\kaggle\best.summary.json,test
deflate,9,deflate|9|identity,identity,3.3404878048780486,0.00010010000551119447,2.439999661874026e-05,balanced,0.05366026874899836,0b56a8336d926b137c46,json,real:engines\XAI-Compress\checkpoints\kaggle\best.summary.json,test
brotli,9,brotli|9|identity,identity,2.6375742018289747,0.008393000010983087,0.00011039999662898481,smallest,0.011717733577040848,0b584553bb673c6cbd0b,image,real:engines\XAI-Compress\results\hybrid_ai\figures\10_profile_comparison.png,validation
zstd,6,zstd|6|identity,identity,2.7133001764800255,0.00036190000537317246,2.9700007871724665e-05,fastest,0.0174609975874818,0b584553bb673c6cbd0b,image,real:engines\XAI-Compress\results\hybrid_ai\figures\10_profile_comparison.png,validation
zstd,6,zstd|6|identity,identity,2.7133001764800255,0.00036190000537317246,2.9700007871724665e-05,balanced,0.020685741112916548,0b584553bb673c6cbd0b,image,real:engines\XAI-Compress\results\hybrid_ai\figures\10_profile_comparison.png,validation
brotli,11,brotli|11|identity,identity,4.16243654822335,0.003387400007341057,4.320000880397856e-05,smallest,0.008496875736894779,0ba9af1346f32f5d484f,binary,real:apps\mobile_authenticator_flutter\android\gradle.properties,train
deflate,1,deflate|1|identity,identity,5.50253807106599,4.8699992476031184e-05,1.4000004739500582e-05,fastest,0.03199881202391714,0ba9af1346f32f5d484f,binary,real:apps\mobile_authenticator_flutter\android\gradle.properties,train
deflate,9,deflate|9|identity,identity,4.812182741116751,8.230000094044954e-05,2.3600005079060793e-05,balanced,0.09659861545894195,0ba9af1346f32f5d484f,binary,real:apps\mobile_authenticator_flutter\android\gradle.properties,train
brotli,11,brotli|11|identity,identity,4.713692946058091,0.0009862000006251037,1.5299985534511507e-05,smallest,0.003986671137122153,0bcf419cd4bcf0f366ea,binary,real:engines\XAI-Compress\.gitignore,train
deflate,9,deflate|9|identity,identity,5.1120331950207465,2.059999678749591e-05,6.399990525096655e-06,fastest,0.01584481504503209,0bcf419cd4bcf0f366ea,binary,real:engines\XAI-Compress\.gitignore,train
deflate,9,deflate|9|identity,identity,5.1120331950207465,2.059999678749591e-05,6.399990525096655e-06,balanced,0.06166389848928813,0bcf419cd4bcf0f366ea,binary,real:engines\XAI-Compress\.gitignore,train
brotli,6,brotli|6|identity,identity,6.17822265625,0.0027486000035423785,0.0006140000041341409,smallest,0.004856453613930501,0bd085fdd972161fc235,video,real:engines\XAI-Compress\data\test\archive (1)\FaceForensics++_C23\DeepFakeDetection\03_04__talking_angry_couch__T04P6ELC.mp4,validation
brotli,4,brotli|4|identity,identity,6.2646484375,0.0006579000037163496,0.00023700000019744039,fastest,0.008997249637730196,0bd085fdd972161fc235,video,real:engines\XAI-Compress\data\test\archive (1)\FaceForensics++_C23\DeepFakeDetection\03_04__talking_angry_couch__T04P6ELC.mp4,validation
brotli,6,brotli|6|identity,identity,6.17822265625,0.0027486000035423785,0.0006140000041341409,balanced,0.015085952237102176,0bd085fdd972161fc235,video,real:engines\XAI-Compress\data\test\archive (1)\FaceForensics++_C23\DeepFakeDetection\03_04__talking_angry_couch__T04P6ELC.mp4,validation
lzma2,6,lzma2|6|identity,identity,2.8759765625,0.047244599991245195,0.004063100001076236,smallest,0.014373754168352364,0c3867d106056f926e38,executable,real:apps\admin_dotnet\bin\Debug\net8.0\Microsoft.IdentityModel.Tokens.dll,validation
zstd,1,zstd|1|identity,identity,3.544921875,0.0006852000078652054,0.00025290000485256314,fastest,0.017744324299411515,0c3867d106056f926e38,executable,real:apps\admin_dotnet\bin\Debug\net8.0\Microsoft.IdentityModel.Tokens.dll,validation
zstd,9,zstd|9|identity,identity,3.2523193359375,0.0039665000076638535,0.0002705999941099435,balanced,0.04577543899037891,0c3867d106056f926e38,executable,real:apps\admin_dotnet\bin\Debug\net8.0\Microsoft.IdentityModel.Tokens.dll,validation
brotli,6,brotli|6|identity,identity,6.181396484375,0.004075799995916896,0.0004191000043647364,smallest,0.0023142521968006983,0cb4f04242bea81d03dc,video,real:engines\XAI-Compress\data\test\archive (1)\FaceForensics++_C23\DeepFakeDetection\03_14__walking_down_indoor_hall_disgust__KJ221YN0.mp4,test
zstd,6,zstd|6|identity,identity,6.4334716796875,0.0012601000053109601,0.00018190000264439732,fastest,0.014904042302560537,0cb4f04242bea81d03dc,video,real:engines\XAI-Compress\data\test\archive (1)\FaceForensics++_C23\DeepFakeDetection\03_14__walking_down_indoor_hall_disgust__KJ221YN0.mp4,test
brotli,6,brotli|6|identity,identity,6.181396484375,0.004075799995916896,0.0004191000043647364,balanced,0.01458932936140449,0cb4f04242bea81d03dc,video,real:engines\XAI-Compress\data\test\archive (1)\FaceForensics++_C23\DeepFakeDetection\03_14__walking_down_indoor_hall_disgust__KJ221YN0.mp4,test
bzip2,9,bzip2|9|identity,identity,1.42236328125,0.011209999996935949,0.0032107000006362796,smallest,0.002995520969426792,0cbec22b5580244ca3cd,source_code,real:apps\web_angular\.angular\cache\20.3.28\xai-web\vite\deps\chunk-RSS3ODKE.js,test
zstd,3,zstd|3|identity,identity,1.796142578125,0.0007698000117670745,0.0002291000128025189,fastest,0.007626329149363176,0cbec22b5580244ca3cd,source_code,real:apps\web_angular\.angular\cache\20.3.28\xai-web\vite\deps\chunk-RSS3ODKE.js,test
deflate,6,deflate|6|identity,identity,1.62744140625,0.002440800002659671,0.00021159999596420676,balanced,0.01911975087371945,0cbec22b5580244ca3cd,source_code,real:apps\web_angular\.angular\cache\20.3.28\xai-web\vite\deps\chunk-RSS3ODKE.js,test
lzma2,6,lzma2|6|identity,identity,3.4293148308759758,0.021459700001287274,0.0027131000097142532,smallest,0.014543375249083609,0cf1de3f56b120d6ff80,executable,real:apps\admin_dotnet\bin\Debug\net8.0\Microsoft.IdentityModel.Logging.dll,train
zstd,3,zstd|3|identity,identity,3.937120555073721,0.0005898999952478334,0.00015239999629557133,fastest,0.017911172577085296,0cf1de3f56b120d6ff80,executable,real:apps\admin_dotnet\bin\Debug\net8.0\Microsoft.IdentityModel.Logging.dll,train
zstd,9,zstd|9|identity,identity,3.777103209019948,0.0017977999959839508,0.00015919998986646533,balanced,0.04650262058331742,0cf1de3f56b120d6ff80,executable,real:apps\admin_dotnet\bin\Debug\net8.0\Microsoft.IdentityModel.Logging.dll,train
brotli,9,brotli|9|identity,identity,7.1895751953125,0.02997709999908693,0.001072099999873899,smallest,0.013212464320539115,0cf69181444f078095a0,video,real:engines\XAI-Compress\data\test\archive (1)\FaceForensics++_C23\DeepFakeDetection\06_14__outside_talking_pan_laughing__8U9ULZDT.mp4,train
zstd,3,zstd|3|identity,identity,7.36865234375,0.0006534999993164092,4.0700004319660366e-05,fastest,0.012991436551328072,0cf69181444f078095a0,video,real:engines\XAI-Compress\data\test\archive (1)\FaceForensics++_C23\DeepFakeDetection\06_14__outside_talking_pan_laughing__8U9ULZDT.mp4,train
brotli,6,brotli|6|identity,identity,7.1905517578125,0.005286200001137331,0.0007471999997505918,balanced,0.021658847268925425,0cf69181444f078095a0,video,real:engines\XAI-Compress\data\test\archive (1)\FaceForensics++_C23\DeepFakeDetection\06_14__outside_talking_pan_laughing__8U9ULZDT.mp4,train
brotli,6,brotli|6|identity,identity,6.626220703125,0.004073899996001273,0.0006539000023622066,smallest,0.001247373319934802,0d13d58afcde1b34bc1a,video,real:engines\XAI-Compress\data\test\archive (1)\FaceForensics++_C23\DeepFakeDetection\03_01__walking_and_outside_surprised__JZUXXFRB.mp4,train
zstd,3,zstd|3|identity,identity,6.8995361328125,0.00039080000715330243,3.0499999411404133e-05,fastest,0.01118460809946305,0d13d58afcde1b34bc1a,video,real:engines\XAI-Compress\data\test\archive (1)\FaceForensics++_C23\DeepFakeDetection\03_01__walking_and_outside_surprised__JZUXXFRB.mp4,train
brotli,6,brotli|6|identity,identity,6.626220703125,0.004073899996001273,0.0006539000023622066,balanced,0.017362184398387413,0d13d58afcde1b34bc1a,video,real:engines\XAI-Compress\data\test\archive (1)\FaceForensics++_C23\DeepFakeDetection\03_01__walking_and_outside_surprised__JZUXXFRB.mp4,train
brotli,11,brotli|11|identity,identity,2.542475204829668,0.014563999997335486,0.00010730000212788582,smallest,0.016922268963665728,0d2d1d7dc57adc8c4df6,source_code,real:apps\admin_dotnet\Services\PlatformApiClient.cs,test
zstd,6,zstd|6|identity,identity,2.908150064683053,0.00012629998673219234,2.3900007363408804e-05,fastest,0.015059504594440474,0d2d1d7dc57adc8c4df6,source_code,real:apps\admin_dotnet\Services\PlatformApiClient.cs,test
deflate,6,deflate|6|identity,identity,2.821905993962915,0.00014679999731015414,3.340000694151968e-05,balanced,0.03333786228310099,0d2d1d7dc57adc8c4df6,source_code,real:apps\admin_dotnet\Services\PlatformApiClient.cs,test
brotli,11,brotli|11|identity,identity,3.5435861091424523,0.01418559999729041,8.800000068731606e-05,smallest,0.016251114421557696,0d576738205abc00ed6e,source_code,real:engines\XAI-Compress\results\model_search\imports\auto\lr-0-0002-f316e33308\v1\XAI-Compress\scripts\kaggle\run_lossless_v2_gradient_diagnostic.py,test
zstd,3,zstd|3|identity,identity,4.04252303330971,9.410000347997993e-05,3.290000313427299e-05,fastest,0.016906822956375814,0d576738205abc00ed6e,source_code,real:engines\XAI-Compress\results\model_search\imports\auto\lr-0-0002-f316e33308\v1\XAI-Compress\scripts\kaggle\run_lossless_v2_gradient_diagnostic.py,test
deflate,9,deflate|9|identity,identity,3.9121190644932673,0.0002010000025620684,4.0400002035312355e-05,balanced,0.0486197103024176,0d576738205abc00ed6e,source_code,real:engines\XAI-Compress\results\model_search\imports\auto\lr-0-0002-f316e33308\v1\XAI-Compress\scripts\kaggle\run_lossless_v2_gradient_diagnostic.py,test
brotli,11,brotli|11|identity,identity,2.797866034380557,0.008824600008665584,5.1399998483248055e-05,smallest,0.015660116237299244,0d659f1ff59acebabfd5,json,real:engines\XAI-Compress\notebooks\02_dataset_analysis.ipynb,train
zstd,6,zstd|6|identity,identity,3.6372258446947243,0.00014829999417997897,2.36999912885949e-05,fastest,0.023219810528206725,0d659f1ff59acebabfd5,json,real:engines\XAI-Compress\notebooks\02_dataset_analysis.ipynb,train
brotli,4,brotli|4|identity,identity,3.4902193242442205,0.00023079999664332718,4.0700004319660366e-05,balanced,0.07438848610747902,0d659f1ff59acebabfd5,json,real:engines\XAI-Compress\notebooks\02_dataset_analysis.ipynb,train
brotli,11,brotli|11|identity,identity,2.7400611620795106,0.008251599996583536,6.95999915478751e-05,smallest,0.012841044843758549,0d6ac96dd7c9a3ae4d13,json,real:engines\XAI-Compress\checkpoints\phase_j_v1_256.summary.json,train
deflate,9,deflate|9|identity,identity,3.2130479102956166,0.00011850000009872019,2.9100003303028643e-05,fastest,0.0191205589720807,0d6ac96dd7c9a3ae4d13,json,real:engines\XAI-Compress\checkpoints\phase_j_v1_256.summary.json,train
deflate,9,deflate|9|identity,identity,3.2130479102956166,0.00011850000009872019,2.9100003303028643e-05,balanced,0.04996162499660984,0d6ac96dd7c9a3ae4d13,json,real:engines\XAI-Compress\checkpoints\phase_j_v1_256.summary.json,train
brotli,11,brotli|11|identity,identity,7.3775634765625,0.4359429000032833,0.0010320000001229346,smallest,0.016568692272305986,0da879595cc09683f18b,video,real:engines\XAI-Compress\data\test\archive (1)\FaceForensics++_C23\DeepFakeDetection\01_03__kitchen_pan__JZUXXFRB.mp4,train
zstd,6,zstd|6|identity,identity,7.5286865234375,0.0011163000017404556,3.169999399688095e-05,fastest,0.014501654024794988,0da879595cc09683f18b,video,real:engines\XAI-Compress\data\test\archive (1)\FaceForensics++_C23\DeepFakeDetection\01_03__kitchen_pan__JZUXXFRB.mp4,train
brotli,6,brotli|6|identity,identity,7.388671875,0.00376249999681022,0.0005931999912718311,balanced,0.022604754800967082,0da879595cc09683f18b,video,real:engines\XAI-Compress\data\test\archive (1)\FaceForensics++_C23\DeepFakeDetection\01_03__kitchen_pan__JZUXXFRB.mp4,train
brotli,11,brotli|11|identity,identity,3.2982456140350878,0.0031821000011404976,4.499999340623617e-05,smallest,0.00833550750115616,0daedf36d9e64845fa89,markdown,real:apps\desktop_flutter\docs\INTEGRATION.md,train
zstd,3,zstd|3|identity,identity,4.32280701754386,4.7900000936351717e-05,1.8499995348975062e-05,fastest,0.028890093917658583,0daedf36d9e64845fa89,markdown,real:apps\desktop_flutter\docs\INTEGRATION.md,train
brotli,4,brotli|4|identity,identity,4.08421052631579,0.0001387999946018681,3.199999628122896e-05,balanced,0.10241311436951316,0daedf36d9e64845fa89,markdown,real:apps\desktop_flutter\docs\INTEGRATION.md,train
brotli,11,brotli|11|identity,identity,3.4592933947772657,0.0066144000011263415,5.5899989092722535e-05,smallest,0.013344323056273711,0e36834fc396df48bca8,markdown,real:docs\ARCHITECTURE.md,train
zstd,6,zstd|6|identity,identity,4.491551459293395,6.86999992467463e-05,1.7099999240599573e-05,fastest,0.023922598037150924,0e36834fc396df48bca8,markdown,real:docs\ARCHITECTURE.md,train
deflate,6,deflate|6|identity,identity,4.3379416282642085,0.00011969999468419701,2.570000651758164e-05,balanced,0.10075884413397894,0e36834fc396df48bca8,markdown,real:docs\ARCHITECTURE.md,train
brotli,11,brotli|11|identity,identity,1.2702160311651518,0.11697730000014417,0.00020809999841731042,smallest,0.015256461179747414,0e43dba8dc58990c6c52,source_code,real:apps\web_angular\.angular\cache\20.3.28\xai-web\vite\deps\@angular_core.js,validation
zstd,3,zstd|3|identity,identity,1.6180694919922873,0.0004955000040354207,0.00015990000974852592,fastest,0.008545548857290915,0e43dba8dc58990c6c52,source_code,real:apps\web_angular\.angular\cache\20.3.28\xai-web\vite\deps\@angular_core.js,validation
deflate,9,deflate|9|identity,identity,1.4757801125408256,0.001186299996334128,9.06999921426177e-05,balanced,0.01820080384212686,0e43dba8dc58990c6c52,source_code,real:apps\web_angular\.angular\cache\20.3.28\xai-web\vite\deps\@angular_core.js,validation
brotli,11,brotli|11|identity,identity,2.4665314401622718,0.007850699999835342,7.12000037310645e-05,smallest,0.01232436061116658,0e4427f0e7b0f0da7ba0,csv,real:engines\XAI-Compress\results\model_v2\kaggle_lossless_v2_progress.csv,test
zstd,3,zstd|3|identity,identity,3.0425963488843815,5.1099996198900044e-05,2.2400010493583977e-05,fastest,0.013872432710132084,0e4427f0e7b0f0da7ba0,csv,real:engines\XAI-Compress\results\model_v2\kaggle_lossless_v2_progress.csv,test
brotli,4,brotli|4|identity,identity,2.7748478701825556,0.00017590000061318278,3.370000922586769e-05,balanced,0.03741540733460795,0e4427f0e7b0f0da7ba0,csv,real:engines\XAI-Compress\results\model_v2\kaggle_lossless_v2_progress.csv,test
brotli,11,brotli|11|identity,identity,3.580246913580247,0.005625100006000139,4.959999932907522e-05,smallest,0.0114785658470413,0e4ab6869a5f8e1708c0,json,real:engines\XAI-Compress\results\final_project\checkpoint_manifest.json,train
zstd,6,zstd|6|identity,identity,4.2139917695473255,3.29999893438071e-05,7.800001185387373e-06,fastest,0.013611733430988775,0e4ab6869a5f8e1708c0,json,real:engines\XAI-Compress\results\final_project\checkpoint_manifest.json,train
brotli,6,brotli|6|identity,identity,3.8847736625514404,0.0005769999988842756,1.750000228639692e-05,balanced,0.05913315303944838,0e4ab6869a5f8e1708c0,json,real:engines\XAI-Compress\results\final_project\checkpoint_manifest.json,train
lzma2,6,lzma2|6|identity,identity,2.572265625,0.03760650000185706,0.0029857000045012683,smallest,0.013093177086157606,0e8b25cc815e7a9d1090,executable,real:apps\admin_dotnet\bin\Debug\net8.0\Microsoft.IdentityModel.Protocols.OpenIdConnect.dll,validation
zstd,3,zstd|3|identity,identity,3.049072265625,0.0008971000061137602,0.0002578999992692843,fastest,0.020190833735880275,0e8b25cc815e7a9d1090,executable,real:apps\admin_dotnet\bin\Debug\net8.0\Microsoft.IdentityModel.Protocols.OpenIdConnect.dll,validation
zstd,9,zstd|9|identity,identity,2.8431396484375,0.0038772999978391454,0.00027150000096298754,balanced,0.03871929335683909,0e8b25cc815e7a9d1090,executable,real:apps\admin_dotnet\bin\Debug\net8.0\Microsoft.IdentityModel.Protocols.OpenIdConnect.dll,validation
brotli,4,brotli|4|identity,identity,6.836363636363636,8.890000754036009e-05,3.169999399688095e-05,smallest,0.0027610373583684526,0ebdf4283c5b6a0215ac,text,real:engines\XAI-Compress\requirements.txt,test
raw,,raw|default|identity,identity,8.0,5.0000089686363935e-06,3.40001133736223e-06,fastest,0.010810810810810811,0ebdf4283c5b6a0215ac,text,real:engines\XAI-Compress\requirements.txt,test
brotli,4,brotli|4|identity,identity,6.836363636363636,8.890000754036009e-05,3.169999399688095e-05,balanced,0.03774083155230075,0ebdf4283c5b6a0215ac,text,real:engines\XAI-Compress\requirements.txt,test
brotli,11,brotli|11|identity,identity,2.5497588776852256,0.010107200010679662,6.679999933112413e-05,smallest,0.016245394725769448,0f0daf031d676ef8bbf4,source_code,real:engines\XAI-Compress\measure_block_benchmark.py,test
zstd,3,zstd|3|identity,identity,2.9636124506795265,7.760000880807638e-05,3.159999323543161e-05,fastest,0.017626378330161542,0f0daf031d676ef8bbf4,source_code,real:engines\XAI-Compress\measure_block_benchmark.py,test
deflate,6,deflate|6|identity,identity,2.7777290661990355,0.00014519999967887998,3.309999010525644e-05,balanced,0.030713897098357434,0f0daf031d676ef8bbf4,source_code,real:engines\XAI-Compress\measure_block_benchmark.py,test
brotli,11,brotli|11|identity,identity,6.536156558651002,0.5324229999969248,0.0008525000012014061,smallest,0.016350127280715783,0f2fe15d122a243582d7,model,real:engines\XAI-Compress\.test-tmp\final-validation\test_neural_transformer_roundt0\tr.pt,test
zstd,9,zstd|9|identity,identity,6.787506058124571,0.0016462000057799742,0.00019199999223928899,fastest,0.015575738600630943,0f2fe15d122a243582d7,model,real:engines\XAI-Compress\.test-tmp\final-validation\test_neural_transformer_roundt0\tr.pt,test
brotli,6,brotli|6|identity,identity,6.657686715577318,0.003880899996147491,0.0008683999913046136,balanced,0.057882060697526376,0f2fe15d122a243582d7,model,real:engines\XAI-Compress\.test-tmp\final-validation\test_neural_transformer_roundt0\tr.pt,test
brotli,6,brotli|6|identity,identity,7.177978515625,0.004403699989779852,0.0007344000041484833,smallest,0.01389236533062042,0fa295f3c7b4a6dd403e,video,real:engines\XAI-Compress\data\test\archive (1)\FaceForensics++_C23\DeepFakeDetection\02_18__secret_conversation__B95S4G6F.mp4,train
zstd,3,zstd|3|identity,identity,7.3465576171875,0.0004278999986127019,3.139999171253294e-05,fastest,0.011820239135245852,0fa295f3c7b4a6dd403e,video,real:engines\XAI-Compress\data\test\archive (1)\FaceForensics++_C23\DeepFakeDetection\02_18__secret_conversation__B95S4G6F.mp4,train
brotli,6,brotli|6|identity,identity,7.177978515625,0.004403699989779852,0.0007344000041484833,balanced,0.02123598323496496,0fa295f3c7b4a6dd403e,video,real:engines\XAI-Compress\data\test\archive (1)\FaceForensics++_C23\DeepFakeDetection\02_18__secret_conversation__B95S4G6F.mp4,train
brotli,11,brotli|11|identity,identity,2.500707213578501,0.004127099993638694,5.500001134350896e-05,smallest,0.017562765238256443,0fd3adac3514180cf9b6,xml,real:engines\XAI-Compress\results\final_project\figures\lossy_rate_distortion.svg,train
deflate,1,deflate|1|identity,identity,3.4625176803394626,4.089999129064381e-05,1.479999627918005e-05,fastest,0.03115722199252888,0fd3adac3514180cf9b6,xml,real:engines\XAI-Compress\results\final_project\figures\lossy_rate_distortion.svg,train
deflate,9,deflate|9|identity,identity,3.0664780763790667,8.349999552592635e-05,2.1500003640539944e-05,balanced,0.07387008062713102,0fd3adac3514180cf9b6,xml,real:engines\XAI-Compress\results\final_project\figures\lossy_rate_distortion.svg,train
brotli,11,brotli|11|identity,identity,2.0309146401496503,0.0685724999930244,0.00019249999604653567,smallest,0.01541947153581233,0ff9b372da6fcecbdc8a,source_code,real:apps\public_nextjs\.next\server\webpack-runtime.js,test
zstd,3,zstd|3|identity,identity,2.4759279314758293,0.0003193000011378899,8.710000838618726e-05,fastest,0.00978936786702482,0ff9b372da6fcecbdc8a,source_code,real:apps\public_nextjs\.next\server\webpack-runtime.js,test
deflate,9,deflate|9|identity,identity,2.241606773653638,0.0008556999964639544,0.0001205000007757917,balanced,0.023062697521838458,0ff9b372da6fcecbdc8a,source_code,real:apps\public_nextjs\.next\server\webpack-runtime.js,test
brotli,9,brotli|9|identity,identity,1.104716374000184,0.005587599996943027,8.81999876582995e-05,smallest,0.005820843154015658,10050c9a47258f401eba,binary,real:apps\admin_dotnet\obj\Debug\net8.0\AdminDotNet.csproj.AssemblyReference.cache,train
deflate,1,deflate|1|identity,identity,1.3989151420428427,0.00012480000441428274,2.890000178012997e-05,fastest,0.006136637833403742,10050c9a47258f401eba,binary,real:apps\admin_dotnet\obj\Debug\net8.0\AdminDotNet.csproj.AssemblyReference.cache,train
zstd,6,zstd|6|identity,identity,1.204743955134688,0.0002837000065483153,3.949999518226832e-05,balanced,0.012525280630061286,10050c9a47258f401eba,binary,real:apps\admin_dotnet\obj\Debug\net8.0\AdminDotNet.csproj.AssemblyReference.cache,train
brotli,11,brotli|11|identity,identity,1.7373046875,0.2392684999940684,0.0005398999928729609,smallest,0.015347340164448999,102be2ab9759f52181b5,source_code,real:apps\web_angular\.angular\cache\20.3.28\xai-web\vite\deps\chunk-VISR7373.js,train
zstd,3,zstd|3|identity,identity,2.1949462890625,0.0008893999911379069,0.0002528000040911138,fastest,0.008741767029741094,102be2ab9759f52181b5,source_code,real:apps\web_angular\.angular\cache\20.3.28\xai-web\vite\deps\chunk-VISR7373.js,train
zstd,9,zstd|9|identity,identity,2.008056640625,0.004862400004640222,0.0002696999872568995,balanced,0.02784004732229874,102be2ab9759f52181b5,source_code,real:apps\web_angular\.angular\cache\20.3.28\xai-web\vite\deps\chunk-VISR7373.js,train
raw,,raw|default|identity,identity,8.0,4.599991370923817e-06,4.2000028770416975e-06,smallest,0.0,107b725a4e3e7a267a41,json,real:apps\public_nextjs\.next\types\package.json,validation
raw,,raw|default|identity,identity,8.0,4.599991370923817e-06,4.2000028770416975e-06,fastest,0.0,107b725a4e3e7a267a41,json,real:apps\public_nextjs\.next\types\package.json,validation
raw,,raw|default|identity,identity,8.0,4.599991370923817e-06,4.2000028770416975e-06,balanced,0.0,107b725a4e3e7a267a41,json,real:apps\public_nextjs\.next\types\package.json,validation
lzma2,6,lzma2|6|identity,identity,1.63671875,0.031476499993004836,0.0027569000085350126,smallest,0.012847844905749192,107e0ee1734b9b305c42,source_code,real:apps\public_nextjs\.next\server\app\downloads\page.js,train
deflate,6,deflate|6|identity,identity,1.815185546875,0.0008833000028971583,9.490000957157463e-05,fastest,0.005398599723319228,107e0ee1734b9b305c42,source_code,real:apps\public_nextjs\.next\server\app\downloads\page.js,train
deflate,9,deflate|9|identity,identity,1.7874755859375,0.001596999994944781,0.00010010000551119447,balanced,0.017661575959138368,107e0ee1734b9b305c42,source_code,real:apps\public_nextjs\.next\server\app\downloads\page.js,train
brotli,11,brotli|11|identity,identity,2.7617161716171617,0.009248800008208491,9.410000347997993e-05,smallest,0.01415263049238919,10858d8c4082f36c7a0e,json,real:engines\XAI-Compress\notebooks\12_memory_gpu_benchmark.ipynb,train
zstd,6,zstd|6|identity,identity,3.611881188118812,0.00016880000475794077,3.750000905711204e-05,fastest,0.025714206309116604,10858d8c4082f36c7a0e,json,real:engines\XAI-Compress\notebooks\12_memory_gpu_benchmark.ipynb,train
deflate,9,deflate|9|identity,identity,3.516831683168317,0.00018740000086836517,4.199999966658652e-05,balanced,0.07702475529567766,10858d8c4082f36c7a0e,json,real:engines\XAI-Compress\notebooks\12_memory_gpu_benchmark.ipynb,train
brotli,11,brotli|11|identity,identity,6.654541015625,0.3680532000144012,0.000990300002740696,smallest,0.016739966150194338,10a1413440244ec71387,video,real:engines\XAI-Compress\data\test\archive (1)\FaceForensics++_C23\DeepFakeDetection\01_04__meeting_serious__0XUW13RW.mp4,train
zstd,3,zstd|3|identity,identity,6.916259765625,0.0003529999958118424,3.239999932702631e-05,fastest,0.011186155197132442,10a1413440244ec71387,video,real:engines\XAI-Compress\data\test\archive (1)\FaceForensics++_C23\DeepFakeDetection\01_04__meeting_serious__0XUW13RW.mp4,train
brotli,6,brotli|6|identity,identity,6.6783447265625,0.0039557000127388164,0.000608200003625825,balanced,0.025396717937458277,10a1413440244ec71387,video,real:engines\XAI-Compress\data\test\archive (1)\FaceForensics++_C23\DeepFakeDetection\01_04__meeting_serious__0XUW13RW.mp4,train
brotli,11,brotli|11|identity,identity,3.3055555555555554,0.006501300013042055,5.94000011915341e-05,smallest,0.011030725705287034,10b9884b637535d90057,binary,real:docker-compose.yml,train
zstd,6,zstd|6|identity,identity,3.861111111111111,5.8599995099939406e-05,1.2900010915473104e-05,fastest,0.013730029856306426,10b9884b637535d90057,binary,real:docker-compose.yml,train
brotli,6,brotli|6|identity,identity,3.4583333333333335,0.0008921999979065731,2.579999272711575e-05,balanced,0.04865556806519632,10b9884b637535d90057,binary,real:docker-compose.yml,train
brotli,4,brotli|4|identity,identity,7.351351351351352,7.069999992381781e-05,2.0199993741698563e-05,smallest,0.002394554854968835,10c09cec25f0d8bd44c7,markdown,real:labs\tensorflow_comparison\README.md,train
raw,,raw|default|identity,identity,8.0,4.2000028770416975e-06,3.4999975468963385e-06,fastest,0.004687500000000001,10c09cec25f0d8bd44c7,markdown,real:labs\tensorflow_comparison\README.md,train
brotli,4,brotli|4|identity,identity,7.351351351351352,7.069999992381781e-05,2.0199993741698563e-05,balanced,0.032873115277230934,10c09cec25f0d8bd44c7,markdown,real:labs\tensorflow_comparison\README.md,train
brotli,6,brotli|6|identity,identity,3.3157894736842106,0.0014470000023720786,4.7599998652003706e-05,smallest,0.01035321872303857,118a9ec6a4f271a44629,model,real:engines\XAI-Compress\data\test\archive\results\checkpoint-1290\scheduler.pt,train
deflate,1,deflate|1|identity,identity,3.827067669172932,2.0799998310394585e-05,6.799993570894003e-06,fastest,0.012771953710468216,118a9ec6a4f271a44629,model,real:engines\XAI-Compress\data\test\archive\results\checkpoint-1290\scheduler.pt,train
deflate,9,deflate|9|identity,identity,3.5789473684210527,4.870000702794641e-05,1.0399991879239678e-05,balanced,0.036842686817459475,118a9ec6a4f271a44629,model,real:engines\XAI-Compress\data\test\archive\results\checkpoint-1290\scheduler.pt,train
brotli,4,brotli|4|identity,identity,6.222222222222222,3.8700003642588854e-05,9.399998816661537e-06,smallest,0.0012284101539810643,119a811c310feacc033b,csv,real:engines\XAI-Compress\results\final_analysis\results_by_data_type.csv,train
deflate,9,deflate|9|identity,identity,7.238095238095238,1.2899996363557875e-05,2.3000029614195228e-06,fastest,0.009191674143089775,119a811c310feacc033b,csv,real:engines\XAI-Compress\results\final_analysis\results_by_data_type.csv,train
brotli,4,brotli|4|identity,identity,6.222222222222222,3.8700003642588854e-05,9.399998816661537e-06,balanced,0.016927321564320717,119a811c310feacc033b,csv,real:engines\XAI-Compress\results\final_analysis\results_by_data_type.csv,train
brotli,11,brotli|11|identity,identity,7.614013671875,0.4122658999986015,0.0010381999891251326,smallest,0.01733316311228729,11a1dd899858ab55250e,video,real:engines\XAI-Compress\data\test\archive (1)\FaceForensics++_C23\DeepFakeDetection\06_07__exit_phone_room__NMGYPBXE.mp4,train
brotli,6,brotli|6|identity,identity,7.6251220703125,0.0019299000123282894,0.00025710000772960484,fastest,0.013702075426326388,11a1dd899858ab55250e,video,real:engines\XAI-Compress\data\test\archive (1)\FaceForensics++_C23\DeepFakeDetection\06_07__exit_phone_room__NMGYPBXE.mp4,train
brotli,6,brotli|6|identity,identity,7.6251220703125,0.0019299000123282894,0.00025710000772960484,balanced,0.01898085592124658,11a1dd899858ab55250e,video,real:engines\XAI-Compress\data\test\archive (1)\FaceForensics++_C23\DeepFakeDetection\06_07__exit_phone_room__NMGYPBXE.mp4,train
brotli,11,brotli|11|identity,identity,3.9507908611599296,0.00744430000486318,6.310000026132911e-05,smallest,0.014069225869297118,11ad420c87dc56131f6a,source_code,real:apps\desktop_flutter\lib\screens\history_screen.dart,train
zstd,3,zstd|3|identity,identity,4.913884007029877,5.370000144466758e-05,1.990000600926578e-05,fastest,0.025110714739873818,11ad420c87dc56131f6a,source_code,real:apps\desktop_flutter\lib\screens\history_screen.dart,train
deflate,9,deflate|9|identity,identity,4.695957820738137,9.790000331122428e-05,2.3899992811493576e-05,balanced,0.09557019060298899,11ad420c87dc56131f6a,source_code,real:apps\desktop_flutter\lib\screens\history_screen.dart,train
brotli,11,brotli|11|identity,identity,2.8049254698639015,0.006836600005044602,5.5199998314492404e-05,smallest,0.013434589083040805,11bd69fad48dd87be3af,json,real:engines\XAI-Compress\results\final\checkpoint_integrity.json,train
zstd,6,zstd|6|identity,identity,3.3493195074530138,0.00010500001371838152,2.2899999748915434e-05,fastest,0.02162763357200839,11bd69fad48dd87be3af,json,real:engines\XAI-Compress\results\final\checkpoint_integrity.json,train
deflate,9,deflate|9|identity,identity,3.198963058976021,0.00011679998715408146,2.680000034160912e-05,balanced,0.04649870598793881,11bd69fad48dd87be3af,json,real:engines\XAI-Compress\results\final\checkpoint_integrity.json,train
brotli,11,brotli|11|identity,identity,2.06298828125,0.2207355999998981,0.0006464000034611672,smallest,0.015434895560715861,11dc56f9601fdd5d0618,source_code,real:apps\public_nextjs\.next\static\chunks\app\layout.js,train
deflate,6,deflate|6|identity,identity,2.43994140625,0.0008360999927390367,0.00011829999857582152,fastest,0.00689811496545209,11dc56f9601fdd5d0618,source_code,real:apps\public_nextjs\.next\static\chunks\app\layout.js,train
zstd,9,zstd|9|identity,identity,2.3507080078125,0.0037720999971497804,0.0002449999883538112,balanced,0.02909609333912271,11dc56f9601fdd5d0618,source_code,real:apps\public_nextjs\.next\static\chunks\app\layout.js,train
brotli,9,brotli|9|identity,identity,0.5590576249602037,0.003158500010613352,5.5900003644637764e-05,smallest,0.004103223195664392,11f4133a951b8a1928db,source_code,real:apps\public_nextjs\.next\server\app\downloads\page_client-reference-manifest.js,train
zstd,3,zstd|3|identity,identity,0.6622094874243871,8.549999620299786e-05,3.130000550299883e-05,fastest,0.003485221799361166,11f4133a951b8a1928db,source_code,real:apps\public_nextjs\.next\server\app\downloads\page_client-reference-manifest.js,train
deflate,6,deflate|6|identity,identity,0.6042661572747533,0.00017169999773614109,3.070000093430281e-05,balanced,0.006393667628073336,11f4133a951b8a1928db,source_code,real:apps\public_nextjs\.next\server\app\downloads\page_client-reference-manifest.js,train
bzip2,9,bzip2|9|identity,identity,1.2984269234436077,0.008099300001049414,0.002384499995969236,smallest,0.003646437550325019,121fe3a2710ded37e240,csv,real:engines\XAI-Compress\data\domain_focused\archive (1)\FaceForensics++_C23\csv\FaceSwap.csv,train
zstd,1,zstd|1|identity,identity,1.7711507293354942,0.0004786000063177198,0.00019809999503195286,fastest,0.007953105223089526,121fe3a2710ded37e240,csv,real:engines\XAI-Compress\data\domain_focused\archive (1)\FaceForensics++_C23\csv\FaceSwap.csv,train
brotli,6,brotli|6|identity,identity,1.6042711411955382,0.005622500000754371,0.0004378000012366101,balanced,0.034653774574780194,121fe3a2710ded37e240,csv,real:engines\XAI-Compress\data\domain_focused\archive (1)\FaceForensics++_C23\csv\FaceSwap.csv,train
brotli,11,brotli|11|identity,identity,3.3825857519788918,0.006826899989391677,6.210000719875097e-05,smallest,0.01348389224135501,12547612f7bd7002a6ee,source_code,real:apps\desktop_flutter\lib\widgets\file_selector.dart,train
zstd,3,zstd|3|identity,identity,4.116094986807388,7.059999916236848e-05,2.8299997211433947e-05,fastest,0.024167090177000815,12547612f7bd7002a6ee,source_code,real:apps\desktop_flutter\lib\widgets\file_selector.dart,train
deflate,9,deflate|9|identity,identity,3.9155672823219,0.00013439999020192772,3.120000474154949e-05,balanced,0.06653855868454722,12547612f7bd7002a6ee,source_code,real:apps\desktop_flutter\lib\widgets\file_selector.dart,train
brotli,6,brotli|6|identity,identity,6.6480712890625,0.00390920000791084,0.0005915000074310228,smallest,0.009837168988188809,126975c89fde22eb93c3,video,real:engines\XAI-Compress\data\test\archive (1)\FaceForensics++_C23\DeepFakeDetection\02_04__podium_speech_happy__8CH7R4LW.mp4,train
zstd,3,zstd|3|identity,identity,6.9202880859375,0.00041459999920334667,3.239999932702631e-05,fastest,0.011829269692637043,126975c89fde22eb93c3,video,real:engines\XAI-Compress\data\test\archive (1)\FaceForensics++_C23\DeepFakeDetection\02_04__podium_speech_happy__8CH7R4LW.mp4,train
brotli,6,brotli|6|identity,identity,6.6480712890625,0.00390920000791084,0.0005915000074310228,balanced,0.02037795697063917,126975c89fde22eb93c3,video,real:engines\XAI-Compress\data\test\archive (1)\FaceForensics++_C23\DeepFakeDetection\02_04__podium_speech_happy__8CH7R4LW.mp4,train
brotli,6,brotli|6|identity,identity,0.7568338483479914,0.001961500005563721,8.47999908728525e-05,smallest,0.0046080478657331315,12f44266c42d251994dd,source_code,real:apps\desktop_flutter\.dart_tool\flutter_build\dart_plugin_registrant.dart,train
zstd,3,zstd|3|identity,identity,0.953648680770145,9.900001168716699e-05,3.720000677276403e-05,fastest,0.0066947410264666975,12f44266c42d251994dd,source_code,real:apps\desktop_flutter\.dart_tool\flutter_build\dart_plugin_registrant.dart,train
zstd,6,zstd|6|identity,identity,0.8205371999049204,0.00021389999892562628,3.1400006264448166e-05,balanced,0.00962129764940698,12f44266c42d251994dd,source_code,real:apps\desktop_flutter\.dart_tool\flutter_build\dart_plugin_registrant.dart,train
brotli,11,brotli|11|identity,identity,4.134831460674158,0.002594699995825067,3.649998689070344e-05,smallest,0.007259494156811076,1312f09338cbe6f560ed,binary,real:apps\admin_dotnet\Components\Pages\Error.razor,train
deflate,9,deflate|9|identity,identity,5.902621722846442,5.499999679159373e-05,1.5400000847876072e-05,fastest,0.038736801237131205,1312f09338cbe6f560ed,binary,real:apps\admin_dotnet\Components\Pages\Error.razor,train
brotli,6,brotli|6|identity,identity,4.853932584269663,0.0007187000010162592,2.8800001018680632e-05,balanced,0.12546761139345347,1312f09338cbe6f560ed,binary,real:apps\admin_dotnet\Components\Pages\Error.razor,train
brotli,11,brotli|11|identity,identity,2.3432902362906822,0.015482499991776422,0.00010029999248217791,smallest,0.016898659127468848,1364093c2cd97d6b467d,binary,real:apps\web_angular\src\styles.scss,test
zstd,3,zstd|3|identity,identity,2.8943379402585823,0.00011439999798312783,4.0400002035312355e-05,fastest,0.02138871707963405,1364093c2cd97d6b467d,binary,real:apps\web_angular\src\styles.scss,test
zstd,6,zstd|6|identity,identity,2.765938475256353,0.00024819999816827476,3.850000211969018e-05,balanced,0.047388489084339666,1364093c2cd97d6b467d,binary,real:apps\web_angular\src\styles.scss,test
brotli,9,brotli|9|identity,identity,7.0179443359375,0.02681769999617245,0.0005275000003166497,smallest,0.0106589514974393,13aba9d16b31ddd9d84a,video,real:engines\XAI-Compress\data\test\archive (1)\FaceForensics++_C23\DeepFakeDetection\03_18__walking_and_outside_surprised__8HNSXOBW.mp4,train
zstd,1,zstd|1|identity,identity,7.2213134765625,0.00034130000858567655,4.389999958220869e-05,fastest,0.012418811197323817,13aba9d16b31ddd9d84a,video,real:engines\XAI-Compress\data\test\archive (1)\FaceForensics++_C23\DeepFakeDetection\03_18__walking_and_outside_surprised__8HNSXOBW.mp4,train
brotli,6,brotli|6|identity,identity,7.01904296875,0.004132000001845881,0.0006025999900884926,balanced,0.02170222158677325,13aba9d16b31ddd9d84a,video,real:engines\XAI-Compress\data\test\archive (1)\FaceForensics++_C23\DeepFakeDetection\03_18__walking_and_outside_surprised__8HNSXOBW.mp4,train
deflate,1,deflate|1|identity,identity,5.793103448275862,3.890000516548753e-05,1.2100004823878407e-05,smallest,0.0008323778565392501,13b2acd573df4467dbf3,binary,real:apps\public_nextjs\.env.example,train
deflate,6,deflate|6|identity,identity,5.885057471264368,4.400000034365803e-05,7.999988156370819e-06,fastest,0.010710515779577583,13b2acd573df4467dbf3,binary,real:apps\public_nextjs\.env.example,train
deflate,1,deflate|1|identity,identity,5.793103448275862,3.890000516548753e-05,1.2100004823878407e-05,balanced,0.011538065043034128,13b2acd573df4467dbf3,binary,real:apps\public_nextjs\.env.example,train
zstd,6,zstd|6|identity,identity,0.3312141417273996,0.00018379998800810426,3.0399998649954796e-05,smallest,0.0006431875540114927,13b99e346afdbdf58c85,binary,real:apps\mobile_authenticator_flutter\android\.gradle\9.1.0\fileHashes\resourceHashesCache.bin,train
deflate,1,deflate|1|identity,identity,0.4457538636481108,7.150000601541251e-05,3.4199998481199145e-05,fastest,0.0057026927984576,13b99e346afdbdf58c85,binary,real:apps\mobile_authenticator_flutter\android\.gradle\9.1.0\fileHashes\resourceHashesCache.bin,train
zstd,6,zstd|6|identity,identity,0.3312141417273996,0.00018379998800810426,3.0399998649954796e-05,balanced,0.004771770418369543,13b99e346afdbdf58c85,binary,real:apps\mobile_authenticator_flutter\android\.gradle\9.1.0\fileHashes\resourceHashesCache.bin,train
brotli,11,brotli|11|identity,identity,4.102189781021898,0.003808299996308051,4.430000262800604e-05,smallest,0.010073649762888309,13de65abccd316cc7ad0,csv,real:engines\XAI-Compress\results\hybrid_ai\final_decision_table.csv,test
deflate,9,deflate|9|identity,identity,4.54014598540146,6.350000330712646e-05,1.7600003047846258e-05,fastest,0.027181430718682273,13de65abccd316cc7ad0,csv,real:engines\XAI-Compress\results\hybrid_ai\final_decision_table.csv,test
deflate,9,deflate|9|identity,identity,4.54014598540146,6.350000330712646e-05,1.7600003047846258e-05,balanced,0.06619912971718511,13de65abccd316cc7ad0,csv,real:engines\XAI-Compress\results\hybrid_ai\final_decision_table.csv,test
brotli,11,brotli|11|identity,identity,7.6513671875,0.4532865000073798,0.0006587000098079443,smallest,0.016689693762254425,140608ee2ccea0d5a6a1,video,real:engines\XAI-Compress\data\test\archive (1)\FaceForensics++_C23\DeepFakeDetection\01_20__walk_down_hall_angry__FW94AIMJ.mp4,train
deflate,9,deflate|9|identity,identity,7.7174072265625,0.0017592999938642606,0.0001053000014508143,fastest,0.01354371649441611,140608ee2ccea0d5a6a1,video,real:engines\XAI-Compress\data\test\archive (1)\FaceForensics++_C23\DeepFakeDetection\01_20__walk_down_hall_angry__FW94AIMJ.mp4,train
brotli,6,brotli|6|identity,identity,7.6636962890625,0.0037644999974872917,0.0006984999927226454,balanced,0.03759738051855356,140608ee2ccea0d5a6a1,video,real:engines\XAI-Compress\data\test\archive (1)\FaceForensics++_C23\DeepFakeDetection\01_20__walk_down_hall_angry__FW94AIMJ.mp4,train
brotli,9,brotli|9|identity,identity,3.6103896103896105,0.0017156000103568658,3.840000135824084e-05,smallest,0.005829261989916626,1446a6843ac81ced875b,binary,real:apps\desktop_flutter\windows\runner\runner.exe.manifest,train
deflate,1,deflate|1|identity,identity,4.8311688311688314,4.199999966658652e-05,1.5400000847876072e-05,fastest,0.03156096342143434,1446a6843ac81ced875b,binary,real:apps\desktop_flutter\windows\runner\runner.exe.manifest,train
brotli,4,brotli|4|identity,identity,3.9220779220779223,0.00017659999139141291,3.239999932702631e-05,balanced,0.06697349490541978,1446a6843ac81ced875b,binary,real:apps\desktop_flutter\windows\runner\runner.exe.manifest,train
brotli,11,brotli|11|identity,identity,2.0572737686139746,0.0075806999957421795,4.299999272916466e-05,smallest,0.014248206753519307,14628b9e02e50e1fb98c,xml,real:engines\XAI-Compress\results\final\figures\transformer_activation_trajectory.svg,train
deflate,1,deflate|1|identity,identity,3.1706758304696447,5.360000068321824e-05,1.920000067912042e-05,fastest,0.01936371330038398,14628b9e02e50e1fb98c,xml,real:engines\XAI-Compress\results\final\figures\transformer_activation_trajectory.svg,train
deflate,9,deflate|9|identity,identity,2.579610538373425,0.0001281000004382804,2.710000262595713e-05,balanced,0.05137955328328446,14628b9e02e50e1fb98c,xml,real:engines\XAI-Compress\results\final\figures\transformer_activation_trajectory.svg,train
brotli,11,brotli|11|identity,identity,2.990776798524288,0.042731599998660386,0.00014460000966209918,smallest,0.017311974872793054,14b5612c36b4632106b3,image,real:engines\XAI-Compress\results\hybrid_ai\figures\03_compression_speed.png,train
zstd,3,zstd|3|identity,identity,3.2342693174830908,0.00017189999925903976,4.220000118948519e-05,fastest,0.01555634184987004,14b5612c36b4632106b3,image,real:engines\XAI-Compress\results\hybrid_ai\figures\03_compression_speed.png,train
zstd,6,zstd|6|identity,identity,3.1244107399057186,0.00042139999277424067,3.710000601131469e-05,balanced,0.02228519755355081,14b5612c36b4632106b3,image,real:engines\XAI-Compress\results\hybrid_ai\figures\03_compression_speed.png,train
brotli,11,brotli|11|identity,identity,2.587516960651289,0.022542700011399575,0.0001205000007757917,smallest,0.0158794689972717,14d03c12483022a2865d,source_code,real:analytics\XAI-Compress-Analysis-Suite\generate_report.py,test
zstd,3,zstd|3|identity,identity,3.1696065128900948,0.00014099999680183828,4.859999171458185e-05,fastest,0.014907385146459663,14d03c12483022a2865d,source_code,real:analytics\XAI-Compress-Analysis-Suite\generate_report.py,test
deflate,6,deflate|6|identity,identity,3.0312075983717777,0.0002896999940276146,5.750000127591193e-05,balanced,0.04606379365493736,14d03c12483022a2865d,source_code,real:analytics\XAI-Compress-Analysis-Suite\generate_report.py,test
brotli,11,brotli|11|identity,identity,1.8234842670759785,0.017897000012453645,9.719999798107892e-05,smallest,0.015756607919719584,15bff1d2bf6be2b2bf8f,json,real:engines\XAI-Compress\data\domain_focused\archive\results\checkpoint-140\trainer_state.json,train
deflate,6,deflate|6|identity,identity,2.2317728319263237,0.00018829999316949397,4.3799998820759356e-05,fastest,0.015104421348152864,15bff1d2bf6be2b2bf8f,json,real:engines\XAI-Compress\data\domain_focused\archive\results\checkpoint-140\trainer_state.json,train
deflate,9,deflate|9|identity,identity,2.2010744435917116,0.00023799999326001853,4.33000095654279e-05,balanced,0.035514076412359576,15bff1d2bf6be2b2bf8f,json,real:engines\XAI-Compress\data\domain_focused\archive\results\checkpoint-140\trainer_state.json,train
brotli,4,brotli|4|identity,identity,0.04,6.629999552387744e-05,2.3599990527145565e-05,smallest,0.0005561291268452909,1616470fec2ba4fa1d17,binary,real:engines\XAI-Compress\.test-tmp\final-all\test_corpus_roundtrip0\corpus\binary\nulls.bin,train
zstd,9,zstd|9|identity,identity,0.05333333333333334,3.120000474154949e-05,1.2199991033412516e-05,fastest,0.005412733203589166,1616470fec2ba4fa1d17,binary,real:engines\XAI-Compress\.test-tmp\final-all\test_corpus_roundtrip0\corpus\binary\nulls.bin,train
zstd,9,zstd|9|identity,identity,0.05333333333333334,3.120000474154949e-05,1.2199991033412516e-05,balanced,0.004284690382087421,1616470fec2ba4fa1d17,binary,real:engines\XAI-Compress\.test-tmp\final-all\test_corpus_roundtrip0\corpus\binary\nulls.bin,train
brotli,11,brotli|11|identity,identity,7.287109375,0.5839043000014499,0.0010218999959761277,smallest,0.01631098476634434,1645142b60463b737070,video,real:engines\XAI-Compress\data\test\archive (1)\FaceForensics++_C23\DeepFakeDetection\03_06__exit_phone_room__1IXGY2FK.mp4,validation
deflate,9,deflate|9|identity,identity,7.385498046875,0.00330989999929443,0.00026709999656304717,fastest,0.01622267170688959,1645142b60463b737070,video,real:engines\XAI-Compress\data\test\archive (1)\FaceForensics++_C23\DeepFakeDetection\03_06__exit_phone_room__1IXGY2FK.mp4,validation
brotli,6,brotli|6|identity,identity,7.3033447265625,0.0037834999966435134,0.000592199998209253,balanced,0.022288330939157067,1645142b60463b737070,video,real:engines\XAI-Compress\data\test\archive (1)\FaceForensics++_C23\DeepFakeDetection\03_06__exit_phone_room__1IXGY2FK.mp4,validation
brotli,6,brotli|6|identity,identity,6.80615234375,0.0036620000028051436,0.0006117000011727214,smallest,0.014708776901258219,16a0abe722aab2eb6de3,video,real:engines\XAI-Compress\data\test\archive (1)\FaceForensics++_C23\DeepFakeDetection\03_13__outside_talking_still_laughing__GBYWJW06.mp4,train
zstd,3,zstd|3|identity,identity,7.1217041015625,0.00042400001257192343,3.960001049563289e-05,fastest,0.015479555052352056,16a0abe722aab2eb6de3,video,real:engines\XAI-Compress\data\test\archive (1)\FaceForensics++_C23\DeepFakeDetection\03_13__outside_talking_still_laughing__GBYWJW06.mp4,train
brotli,6,brotli|6|identity,identity,6.80615234375,0.0036620000028051436,0.0006117000011727214,balanced,0.021778213568605393,16a0abe722aab2eb6de3,video,real:engines\XAI-Compress\data\test\archive (1)\FaceForensics++_C23\DeepFakeDetection\03_13__outside_talking_still_laughing__GBYWJW06.mp4,train
bzip2,9,bzip2|9|identity,identity,1.2752682355062663,0.007691899998462759,0.0024425000010523945,smallest,0.002551749522437509,16a980a0d416c9105d7a,csv,real:engines\XAI-Compress\data\domain_focused\archive (1)\FaceForensics++_C23\csv\FaceShifter.csv,test
zstd,1,zstd|1|identity,identity,1.7423857181498512,0.0006282999966060743,0.00024959999427665025,fastest,0.008800299936521129,16a980a0d416c9105d7a,csv,real:engines\XAI-Compress\data\domain_focused\archive (1)\FaceForensics++_C23\csv\FaceShifter.csv,test
brotli,6,brotli|6|identity,identity,1.6001442611126138,0.005269500004942529,0.00046300000394694507,balanced,0.034549593876258396,16a980a0d416c9105d7a,csv,real:engines\XAI-Compress\data\domain_focused\archive (1)\FaceForensics++_C23\csv\FaceShifter.csv,test
brotli,11,brotli|11|identity,identity,4.760869565217392,0.0040388000052189454,3.9699996705166996e-05,smallest,0.010540255877697625,16b64b2444f082d8e961,binary,real:apps\admin_dotnet\Dockerfile,validation
zstd,9,zstd|9|identity,identity,5.326086956521739,5.740000051446259e-05,1.649999467190355e-05,fastest,0.028712485989002605,16b64b2444f082d8e961,binary,real:apps\admin_dotnet\Dockerfile,validation
zstd,9,zstd|9|identity,identity,5.326086956521739,5.740000051446259e-05,1.649999467190355e-05,balanced,0.09298587490400104,16b64b2444f082d8e961,binary,real:apps\admin_dotnet\Dockerfile,validation
brotli,11,brotli|11|identity,identity,2.632575757575758,0.02390929999819491,0.00012129999231547117,smallest,0.015440278541663226,16fae755578a7885b944,source_code,real:engines\XAI-Compress\results\model_search\imports\auto\lr-0-0002-f316e33308\v1\XAI-Compress\scripts\kaggle\kaggle_benchmark.py,train
zstd,3,zstd|3|identity,identity,3.0795454545454546,5.470000905916095e-05,1.7099999240599573e-05,fastest,0.006519620499493095,16fae755578a7885b944,source_code,real:engines\XAI-Compress\results\model_search\imports\auto\lr-0-0002-f316e33308\v1\XAI-Compress\scripts\kaggle\kaggle_benchmark.py,train
zstd,6,zstd|6|identity,identity,3.0063131313131315,0.00012329999299254268,1.679999695625156e-05,balanced,0.03358889285251562,16fae755578a7885b944,source_code,real:engines\XAI-Compress\results\model_search\imports\auto\lr-0-0002-f316e33308\v1\XAI-Compress\scripts\kaggle\kaggle_benchmark.py,train
lzma2,6,lzma2|6|identity,identity,4.2666015625,0.03600350000488106,0.005250299989711493,smallest,0.014674292559005696,170685f03d59b7a672d5,model,real:engines\XAI-Compress\results\model_search\imports\auto\residual-scale-depth-3c28504154\v1\results\model_search\residual_scale_depth\best.latest.pt,train
zstd,3,zstd|3|identity,identity,4.6522216796875,0.0005184999899938703,0.00022440000611823052,fastest,0.015302132785258177,170685f03d59b7a672d5,model,real:engines\XAI-Compress\results\model_search\imports\auto\residual-scale-depth-3c28504154\v1\results\model_search\residual_scale_depth\best.latest.pt,train
zstd,9,zstd|9|identity,identity,4.5797119140625,0.0026474999904166907,0.0002302999928360805,balanced,0.0473623475351135,170685f03d59b7a672d5,model,real:engines\XAI-Compress\results\model_search\imports\auto\residual-scale-depth-3c28504154\v1\results\model_search\residual_scale_depth\best.latest.pt,train
brotli,11,brotli|11|identity,identity,2.2091064453125,0.17937979999987874,0.000708499996108003,smallest,0.025643535486880153,17ddcd4df70dd5adea02,html,real:apps\mobile_authenticator_flutter\build\reports\problems\problems-report.html,train
zstd,3,zstd|3|identity,identity,2.7393798828125,0.0005677000008290634,0.00016129999130498618,fastest,0.00903521523594967,17ddcd4df70dd5adea02,html,real:apps\mobile_authenticator_flutter\build\reports\problems\problems-report.html,train
brotli,6,brotli|6|identity,identity,2.4193115234375,0.0039945999888004735,0.00039539999852422625,balanced,0.027784675298839812,17ddcd4df70dd5adea02,html,real:apps\mobile_authenticator_flutter\build\reports\problems\problems-report.html,train
brotli,11,brotli|11|identity,identity,2.0189208984375,0.22016720000829082,0.0006244999967748299,smallest,0.015455058730931462,17e767d784667b0bcd96,source_code,real:apps\public_nextjs\.next\static\chunks\app\page.js,train
zstd,3,zstd|3|identity,identity,2.499755859375,0.0008747000101720914,0.0002378999924985692,fastest,0.009445243243533573,17e767d784667b0bcd96,source_code,real:apps\public_nextjs\.next\static\chunks\app\page.js,train
zstd,9,zstd|9|identity,identity,2.308349609375,0.003529599998728372,0.0002469000028213486,balanced,0.028953500096311386,17e767d784667b0bcd96,source_code,real:apps\public_nextjs\.next\static\chunks\app\page.js,train
brotli,11,brotli|11|identity,identity,1.7144954128440366,0.016722400003345683,4.499999340623617e-05,smallest,0.015316720879683684,182e044392c0ae8be9a0,xml,real:engines\XAI-Compress\results\final\figures\actual_bpb_comparison.svg,train
zstd,3,zstd|3|identity,identity,2.2223853211009175,0.0001134999911300838,4.850000550504774e-05,fastest,0.013873070748714002,182e044392c0ae8be9a0,xml,real:engines\XAI-Compress\results\final\figures\actual_bpb_comparison.svg,train
zstd,6,zstd|6|identity,identity,2.116697247706422,0.00020340000628493726,4.2800005758181214e-05,balanced,0.03626829482756621,182e044392c0ae8be9a0,xml,real:engines\XAI-Compress\results\final\figures\actual_bpb_comparison.svg,train
brotli,11,brotli|11|identity,identity,2.825846153846154,0.00828209999599494,6.429999484680593e-05,smallest,0.016504134885123107,18c54d45cfa6593682cf,json,real:engines\XAI-Compress\notebooks\08_training_evolution.ipynb,validation
deflate,9,deflate|9|identity,identity,3.5347692307692307,0.00017240000306628644,3.680000372696668e-05,fastest,0.032966158544363675,18c54d45cfa6593682cf,json,real:engines\XAI-Compress\notebooks\08_training_evolution.ipynb,validation
deflate,9,deflate|9|identity,identity,3.5347692307692307,0.00017240000306628644,3.680000372696668e-05,balanced,0.07818458564643836,18c54d45cfa6593682cf,json,real:engines\XAI-Compress\notebooks\08_training_evolution.ipynb,validation
brotli,11,brotli|11|identity,identity,3.080772368778896,0.023392200004309416,0.00010109999857377261,smallest,0.015559343634012185,19155f2c690fb64576b1,source_code,real:engines\XAI-Compress\results\model_search\imports\auto\lr-0-0002-f316e33308\v1\XAI-Compress\scripts\debug_lossless_v2_numerics.py,validation
zstd,3,zstd|3|identity,identity,3.472395974979603,0.0001049999991664663,3.700000524986535e-05,fastest,0.009884128277344683,19155f2c690fb64576b1,source_code,real:engines\XAI-Compress\results\model_search\imports\auto\lr-0-0002-f316e33308\v1\XAI-Compress\scripts\debug_lossless_v2_numerics.py,validation
deflate,9,deflate|9|identity,identity,3.361435953222736,0.00024130000383593142,4.5900000259280205e-05,balanced,0.03189925200117601,19155f2c690fb64576b1,source_code,real:engines\XAI-Compress\results\model_search\imports\auto\lr-0-0002-f316e33308\v1\XAI-Compress\scripts\debug_lossless_v2_numerics.py,validation
brotli,11,brotli|11|identity,identity,2.8053855569155446,0.008841400005621836,6.10999995842576e-05,smallest,0.01636167430305817,199eabb3d4c124fb971c,json,real:engines\XAI-Compress\notebooks\01_project_introduction.ipynb,train
zstd,3,zstd|3|identity,identity,3.769889840881273,7.140000525396317e-05,2.819999644998461e-05,fastest,0.024536390960471114,199eabb3d4c124fb971c,json,real:engines\XAI-Compress\notebooks\01_project_introduction.ipynb,train
deflate,9,deflate|9|identity,identity,3.554467564259486,0.000139000010676682,2.5600005756132305e-05,balanced,0.07686113782125065,199eabb3d4c124fb971c,json,real:engines\XAI-Compress\notebooks\01_project_introduction.ipynb,train
lzma2,6,lzma2|6|identity,identity,2.8076171875,0.034809500008122995,0.004305499998736195,smallest,0.0164406824850236,19f914f0c62255e7adae,executable,real:apps\admin_dotnet\bin\Debug\net8.0\Microsoft.IdentityModel.JsonWebTokens.dll,train
zstd,3,zstd|3|identity,identity,3.3194580078125,0.0009185999952023849,0.0002511999919079244,fastest,0.01861156232016181,19f914f0c62255e7adae,executable,real:apps\admin_dotnet\bin\Debug\net8.0\Microsoft.IdentityModel.JsonWebTokens.dll,train
zstd,9,zstd|9|identity,identity,3.146728515625,0.003950300000724383,0.0002750999992713332,balanced,0.04491724868866951,19f914f0c62255e7adae,executable,real:apps\admin_dotnet\bin\Debug\net8.0\Microsoft.IdentityModel.JsonWebTokens.dll,train
brotli,11,brotli|11|identity,identity,6.77001953125,0.552840299991658,0.0016765999898780137,smallest,0.017746062651320095,1a26220d1e9b364d612d,model,real:engines\XAI-Compress\checkpoints\phase_j_v1_256.pt,test
zstd,3,zstd|3|identity,identity,7.20068359375,0.000493499988806434,0.00020470000163186342,fastest,0.02357527439588163,1a26220d1e9b364d612d,model,real:engines\XAI-Compress\checkpoints\phase_j_v1_256.pt,test
brotli,6,brotli|6|identity,identity,6.91357421875,0.004434300004504621,0.0012051999947289005,balanced,0.0812198956053339,1a26220d1e9b364d612d,model,real:engines\XAI-Compress\checkpoints\phase_j_v1_256.pt,test
brotli,11,brotli|11|identity,identity,2.401723209477652,0.027118099998915568,0.0001112000027205795,smallest,0.0161798733319458,1a302733864fb9f80795,source_code,real:apps\public_nextjs\.next\types\app\layout.ts,train
zstd,3,zstd|3|identity,identity,2.877759827679052,8.179999713320285e-05,2.9800008633174002e-05,fastest,0.010978515295343187,1a302733864fb9f80795,source_code,real:apps\public_nextjs\.next\types\app\layout.ts,train
deflate,6,deflate|6|identity,identity,2.748519116855143,0.00016960001084953547,3.510000533424318e-05,balanced,0.03436747842403188,1a302733864fb9f80795,source_code,real:apps\public_nextjs\.next\types\app\layout.ts,train
lzma2,6,lzma2|6|identity,identity,3.43994140625,0.036305300003732555,0.004649599999538623,smallest,0.02299607221807908,1a6b0ff579d6b3cf287b,executable,real:apps\admin_dotnet\bin\Debug\net8.0\Microsoft.Extensions.Telemetry.dll,train
zstd,1,zstd|1|identity,identity,4.5169677734375,0.0008746000094106421,0.0002686000079847872,fastest,0.02429459652491528,1a6b0ff579d6b3cf287b,executable,real:apps\admin_dotnet\bin\Debug\net8.0\Microsoft.Extensions.Telemetry.dll,train
zstd,9,zstd|9|identity,identity,3.961181640625,0.004084400003193878,0.0003369999903952703,balanced,0.06593851408865611,1a6b0ff579d6b3cf287b,executable,real:apps\admin_dotnet\bin\Debug\net8.0\Microsoft.Extensions.Telemetry.dll,train
brotli,11,brotli|11|identity,identity,6.784434130667619,0.18839359999401495,0.0007605999999213964,smallest,0.017449387888638253,1af7c614b5bb5207d253,model,real:engines\XAI-Compress\.test-tmp\kaggle-workflow-final\test_neural_gru_roundtrip0\tiny.pt,train
zstd,9,zstd|9|identity,identity,6.982934666190646,0.00021019999985583127,3.6999990697950125e-05,fastest,0.010783154627949272,1af7c614b5bb5207d253,model,real:engines\XAI-Compress\.test-tmp\kaggle-workflow-final\test_neural_gru_roundtrip0\tiny.pt,train
brotli,6,brotli|6|identity,identity,6.861835058907533,0.0025699000107124448,0.0004893000004813075,balanced,0.05372589373858862,1af7c614b5bb5207d253,model,real:engines\XAI-Compress\.test-tmp\kaggle-workflow-final\test_neural_gru_roundtrip0\tiny.pt,train
brotli,11,brotli|11|identity,identity,5.109766637856525,0.006364700006088242,5.8600009651854634e-05,smallest,0.01326051238977005,1b088cb33acee90b1145,source_code,real:apps\public_nextjs\.next\static\webpack\webpack.1cde06a0bb489b45.hot-update.js,validation
zstd,3,zstd|3|identity,identity,5.317199654278306,6.16999896010384e-05,2.2899999748915434e-05,fastest,0.018437110826939395,1b088cb33acee90b1145,source_code,real:apps\public_nextjs\.next\static\webpack\webpack.1cde06a0bb489b45.hot-update.js,validation
deflate,9,deflate|9|identity,identity,5.151253241140882,0.00011130000348202884,2.8700000257231295e-05,balanced,0.021154003071455367,1b088cb33acee90b1145,source_code,real:apps\public_nextjs\.next\static\webpack\webpack.1cde06a0bb489b45.hot-update.js,validation
bzip2,9,bzip2|9|identity,identity,1.1650261045419839,0.008081099993432872,0.0022751999931642786,smallest,0.0033710261488643515,1bd93cdc888ae944d9b4,csv,real:engines\XAI-Compress\data\domain_focused\archive (1)\FaceForensics++_C23\csv\original.csv,train
zstd,3,zstd|3|identity,identity,1.5176540993417116,0.0005369999998947605,0.00017469999147579074,fastest,0.007184496018515186,1bd93cdc888ae944d9b4,csv,real:engines\XAI-Compress\data\domain_focused\archive (1)\FaceForensics++_C23\csv\original.csv,train
brotli,4,brotli|4|identity,identity,1.4352751810809137,0.0016293999942718074,0.00028559999191202223,balanced,0.024269172512607,1bd93cdc888ae944d9b4,csv,real:engines\XAI-Compress\data\domain_focused\archive (1)\FaceForensics++_C23\csv\original.csv,train
brotli,11,brotli|11|identity,identity,4.216867469879518,0.0027396999939810485,3.7699996028095484e-05,smallest,0.007730354410140422,1c5a6fe683c59a98e667,csv,real:engines\XAI-Compress\.test-tmp\kaggle-workflow\test_experiment_log_and_manife0\experiments.csv,train
deflate,9,deflate|9|identity,identity,5.0843373493975905,5.40999899385497e-05,1.610000617802143e-05,fastest,0.03213511237570085,1c5a6fe683c59a98e667,csv,real:engines\XAI-Compress\.test-tmp\kaggle-workflow\test_experiment_log_and_manife0\experiments.csv,train
brotli,4,brotli|4|identity,identity,4.795180722891566,0.00012280000373721123,2.6200010324828327e-05,balanced,0.09723405386987792,1c5a6fe683c59a98e667,csv,real:engines\XAI-Compress\.test-tmp\kaggle-workflow\test_experiment_log_and_manife0\experiments.csv,train
brotli,11,brotli|11|identity,identity,2.1617594383551832,0.06370890000835061,0.00028140000358689576,smallest,0.015405484910467646,1ca1211ec9476238a70f,source_code,real:engines\XAI-Compress\results\model_search\imports\auto\lr-0-0002-f316e33308\v1\XAI-Compress\scripts\benchmark_v2_promotion.py,train
zstd,3,zstd|3|identity,identity,2.5165126441722188,0.00032310000096913427,0.00010720000136643648,fastest,0.00874552144114602,1ca1211ec9476238a70f,source_code,real:engines\XAI-Compress\results\model_search\imports\auto\lr-0-0002-f316e33308\v1\XAI-Compress\scripts\benchmark_v2_promotion.py,train
deflate,6,deflate|6|identity,identity,2.423096210330253,0.0006809000042267144,0.00010989999282173812,balanced,0.025357570319424764,1ca1211ec9476238a70f,source_code,real:engines\XAI-Compress\results\model_search\imports\auto\lr-0-0002-f316e33308\v1\XAI-Compress\scripts\benchmark_v2_promotion.py,train
brotli,11,brotli|11|identity,identity,3.6363636363636362,0.0050560000090627,5.529999907594174e-05,smallest,0.012766337295101411,1cff286a0579303a0e2e,markdown,real:apps\mobile_authenticator_flutter\docs\INTEGRATION.md,test
zstd,3,zstd|3|identity,identity,4.923076923076923,5.6599994422867894e-05,2.1899992134422064e-05,fastest,0.03262940730147635,1cff286a0579303a0e2e,markdown,real:apps\mobile_authenticator_flutter\docs\INTEGRATION.md,test
deflate,9,deflate|9|identity,identity,4.699300699300699,0.00011619999713730067,2.5899993488565087e-05,balanced,0.12714710088991715,1cff286a0579303a0e2e,markdown,real:apps\mobile_authenticator_flutter\docs\INTEGRATION.md,test
brotli,11,brotli|11|identity,identity,5.00983606557377,0.002565999995567836,3.6600002204068005e-05,smallest,0.008377010183024175,1d33fee7689c9c649710,source_code,real:apps\desktop_flutter\test\models_test.dart,train
zstd,9,zstd|9|identity,identity,5.691803278688525,5.570000212173909e-05,1.6000005416572094e-05,fastest,0.035536140193665286,1d33fee7689c9c649710,source_code,real:apps\desktop_flutter\test\models_test.dart,train
brotli,4,brotli|4|identity,identity,5.377049180327869,0.0001841999910539016,3.959999594371766e-05,balanced,0.11076551006464078,1d33fee7689c9c649710,source_code,real:apps\desktop_flutter\test\models_test.dart,train
raw,,raw|default|identity,identity,8.0,4.6000059228390455e-06,3.0999945010989904e-06,smallest,0.0,1d6d63467cb8c5a8f0b8,binary,real:engines\XAI-Compress\.test-tmp\final-all\test_v3_tiny_chunks_and_empty_2\in,test
raw,,raw|default|identity,identity,8.0,4.6000059228390455e-06,3.0999945010989904e-06,fastest,0.0,1d6d63467cb8c5a8f0b8,binary,real:engines\XAI-Compress\.test-tmp\final-all\test_v3_tiny_chunks_and_empty_2\in,test
raw,,raw|default|identity,identity,8.0,4.6000059228390455e-06,3.0999945010989904e-06,balanced,0.0,1d6d63467cb8c5a8f0b8,binary,real:engines\XAI-Compress\.test-tmp\final-all\test_v3_tiny_chunks_and_empty_2\in,test
brotli,9,brotli|9|identity,identity,7.2947998046875,0.02735469999606721,0.0006258999928832054,smallest,0.014347929725133234,1dd1e1cbeb37c92a23c9,video,real:engines\XAI-Compress\data\test\archive (1)\FaceForensics++_C23\DeepFakeDetection\03_15__kitchen_pan__DNUJD8M2.mp4,test
zstd,3,zstd|3|identity,identity,7.457763671875,0.0003856999974232167,2.5899993488565087e-05,fastest,0.01316890950390602,1dd1e1cbeb37c92a23c9,video,real:engines\XAI-Compress\data\test\archive (1)\FaceForensics++_C23\DeepFakeDetection\03_15__kitchen_pan__DNUJD8M2.mp4,test
brotli,6,brotli|6|identity,identity,7.2957763671875,0.003931100000045262,0.0006003000016789883,balanced,0.021783703910524234,1dd1e1cbeb37c92a23c9,video,real:engines\XAI-Compress\data\test\archive (1)\FaceForensics++_C23\DeepFakeDetection\03_15__kitchen_pan__DNUJD8M2.mp4,test
brotli,11,brotli|11|identity,identity,6.786147804355587,0.11252149999199901,0.00039370000013150275,smallest,0.01747384845955351,1dd8a06c1d6eba581589,model,real:engines\XAI-Compress\.test-tmp\final-all\test_neural_rans_roundtrip0\tiny.pt,test
zstd,9,zstd|9|identity,identity,6.999785790789004,0.00036959999124519527,6.849999772384763e-05,fastest,0.01784830905123059,1dd8a06c1d6eba581589,model,real:engines\XAI-Compress\.test-tmp\final-all\test_neural_rans_roundtrip0\tiny.pt,test
brotli,6,brotli|6|identity,identity,6.859550160656908,0.0020320999901741743,0.00032800000917632133,balanced,0.06006035687836256,1dd8a06c1d6eba581589,model,real:engines\XAI-Compress\.test-tmp\final-all\test_neural_rans_roundtrip0\tiny.pt,test
brotli,6,brotli|6|identity,identity,0.5268937195911262,0.0028178000065963715,0.00015159999020397663,smallest,0.007789912961818232,1dfa898e4b00116e4cab,logs,real:engines\XAI-Compress\results\model_search\imports\candidate_b_20260830-183205\watch.log,test
zstd,3,zstd|3|identity,identity,0.5927777529795116,0.00018099999579135329,5.229999078437686e-05,fastest,0.0022528961099595713,1dfa898e4b00116e4cab,logs,real:engines\XAI-Compress\results\model_search\imports\candidate_b_20260830-183205\watch.log,test
zstd,6,zstd|6|identity,identity,0.5643886979422399,0.0005936000088695437,5.2499992307275534e-05,balanced,0.0073015927089512414,1dfa898e4b00116e4cab,logs,real:engines\XAI-Compress\results\model_search\imports\candidate_b_20260830-183205\watch.log,test
bzip2,9,bzip2|9|identity,identity,0.7804878048780488,0.003234599993447773,0.0006099000020185485,smallest,0.002788073881281093,1e75c04c3b98e38702be,json,real:apps\mobile_authenticator_flutter\.dart_tool\package_graph.json,train
deflate,6,deflate|6|identity,identity,0.9358115110896151,0.00028870000096503645,4.119999357499182e-05,fastest,0.006296463914912199,1e75c04c3b98e38702be,json,real:apps\mobile_authenticator_flutter\.dart_tool\package_graph.json,train
deflate,9,deflate|9|identity,identity,0.9219926760174117,0.00041819999751169235,3.979999746661633e-05,balanced,0.012523479036561279,1e75c04c3b98e38702be,json,real:apps\mobile_authenticator_flutter\.dart_tool\package_graph.json,train
brotli,11,brotli|11|identity,identity,2.6464454976303315,0.020746499998494983,0.000112900001113303,smallest,0.01587529535239734,1ecb0632954872fc2ec7,json,real:engines\XAI-Compress\notebooks\XAI_Compress_Final_Research_Analysis.ipynb,train
zstd,3,zstd|3|identity,identity,3.3198104265402844,0.00013449999096337706,4.359999729786068e-05,fastest,0.01561318009499817,1ecb0632954872fc2ec7,json,real:engines\XAI-Compress\notebooks\XAI_Compress_Final_Research_Analysis.ipynb,train
deflate,6,deflate|6|identity,identity,3.201516587677725,0.000261799999861978,5.389998841565102e-05,balanced,0.05569757001785615,1ecb0632954872fc2ec7,json,real:engines\XAI-Compress\notebooks\XAI_Compress_Final_Research_Analysis.ipynb,train
brotli,6,brotli|6|identity,identity,7.2454833984375,0.0038035999896237627,0.0005837000062456354,smallest,0.008133682914544938,1f1b94aa7c1ed1c0f290,video,real:engines\XAI-Compress\data\test\archive (1)\FaceForensics++_C23\DeepFakeDetection\01_11__hugging_happy__4OJNJLOO.mp4,validation
zstd,3,zstd|3|identity,identity,7.4205322265625,0.0007162000110838562,4.630000330507755e-05,fastest,0.013717970305381202,1f1b94aa7c1ed1c0f290,video,real:engines\XAI-Compress\data\test\archive (1)\FaceForensics++_C23\DeepFakeDetection\01_11__hugging_happy__4OJNJLOO.mp4,validation
brotli,6,brotli|6|identity,identity,7.2454833984375,0.0038035999896237627,0.0005837000062456354,balanced,0.017822109469994248,1f1b94aa7c1ed1c0f290,video,real:engines\XAI-Compress\data\test\archive (1)\FaceForensics++_C23\DeepFakeDetection\01_11__hugging_happy__4OJNJLOO.mp4,validation
brotli,11,brotli|11|identity,identity,2.406457739791073,0.01774019999720622,7.71000050008297e-05,smallest,0.01576013868757058,1f1f9f51f60784b49884,source_code,real:engines\XAI-Compress\phase_h_dataset_audit.py,validation
zstd,3,zstd|3|identity,identity,2.8603988603988606,0.00011770000855904073,4.2799991206265986e-05,fastest,0.014898078814531802,1f1f9f51f60784b49884,source_code,real:engines\XAI-Compress\phase_h_dataset_audit.py,validation
deflate,6,deflate|6|identity,identity,2.704653371320038,0.00021610000112559646,4.499999340623617e-05,balanced,0.03323856626304002,1f1f9f51f60784b49884,source_code,real:engines\XAI-Compress\phase_h_dataset_audit.py,validation
lzma2,6,lzma2|6|identity,identity,0.9432571849668386,0.016504300001543015,0.0007617000082973391,smallest,0.014413702085093042,1f2e48d06ee45b484a60,json,real:engines\XAI-Compress\results\final\lossless_benchmark.json,test
zstd,1,zstd|1|identity,identity,1.1298452468680913,0.00018960000306833535,8.209999941755086e-05,fastest,0.005303011026986255,1f2e48d06ee45b484a60,json,real:engines\XAI-Compress\results\final\lossless_benchmark.json,test
zstd,9,zstd|9|identity,identity,1.0305084745762711,0.0008375000033993274,6.649999704677612e-05,balanced,0.014300045153768185,1f2e48d06ee45b484a60,json,real:engines\XAI-Compress\results\final\lossless_benchmark.json,test
brotli,9,brotli|9|identity,identity,0.18666666666666668,0.00017559999832883477,1.68999977177009e-05,smallest,0.0013174331472961519,1f718de6921425df3547,binary,real:engines\XAI-Compress\.test-tmp\final-all\test_v3_global_checksum_and_tr0\in,train
deflate,9,deflate|9|identity,identity,0.26666666666666666,3.4500000765547156e-05,7.299997378140688e-06,fastest,0.007129350723265949,1f718de6921425df3547,binary,real:engines\XAI-Compress\.test-tmp\final-all\test_v3_global_checksum_and_tr0\in,train
deflate,9,deflate|9|identity,identity,0.26666666666666666,3.4500000765547156e-05,7.299997378140688e-06,balanced,0.00909438125788397,1f718de6921425df3547,binary,real:engines\XAI-Compress\.test-tmp\final-all\test_v3_global_checksum_and_tr0\in,train
brotli,4,brotli|4|identity,identity,0.0809375,0.00014640000881627202,8.770001295488328e-05,smallest,0.009446060512871992,202e260efc62f8b2f22a,binary,real:engines\XAI-Compress\.test-tmp\final-all\test_v3_multichunk_stream_roun0\in,train
zstd,9,zstd|9|identity,identity,0.08625,6.550000398419797e-05,1.069999416358769e-05,fastest,0.004754994029990423,202e260efc62f8b2f22a,binary,real:engines\XAI-Compress\.test-tmp\final-all\test_v3_multichunk_stream_roun0\in,train
zstd,9,zstd|9|identity,identity,0.08625,6.550000398419797e-05,1.069999416358769e-05,balanced,0.006587673771553141,202e260efc62f8b2f22a,binary,real:engines\XAI-Compress\.test-tmp\final-all\test_v3_multichunk_stream_roun0\in,train
brotli,11,brotli|11|identity,identity,3.0969387755102042,0.004823199997190386,3.5299992305226624e-05,smallest,0.016075367355693614,20369f9130fc10f3f612,markdown,real:analytics\XAI-Compress-Analysis-Suite\docs\METRICS_EXPLAINED.md,train
zstd,3,zstd|3|identity,identity,4.071428571428571,4.3799998820759356e-05,1.68999977177009e-05,fastest,0.02605626280101313,20369f9130fc10f3f612,markdown,real:analytics\XAI-Compress-Analysis-Suite\docs\METRICS_EXPLAINED.md,train
deflate,6,deflate|6|identity,identity,3.877551020408163,7.359999290201813e-05,1.8400009139440954e-05,balanced,0.08539925708059501,20369f9130fc10f3f612,markdown,real:analytics\XAI-Compress-Analysis-Suite\docs\METRICS_EXPLAINED.md,train
brotli,11,brotli|11|identity,identity,2.273407390614373,0.032206400006543845,0.00013330001092981547,smallest,0.015658849108130247,205106eafeb232d2349f,source_code,real:apps\desktop_flutter\windows\runner\win32_window.cpp,train
zstd,3,zstd|3|identity,identity,2.7848560417138972,0.00017939999816007912,5.709999823011458e-05,fastest,0.012506389951263562,205106eafeb232d2349f,source_code,real:apps\desktop_flutter\windows\runner\win32_window.cpp,train
deflate,6,deflate|6|identity,identity,2.6551802312400814,0.0003209999995306134,7.310000364668667e-05,balanced,0.03764625456416149,205106eafeb232d2349f,source_code,real:apps\desktop_flutter\windows\runner\win32_window.cpp,train
brotli,9,brotli|9|identity,identity,5.7379310344827585,0.0007246000022860244,2.469999890308827e-05,smallest,0.00394268232069219,2091720cce09f193fea0,binary,real:apps\mobile_authenticator_flutter\android\app\src\main\kotlin\com\example\xai_compress_authenticator\MainActivity.kt,train
raw,,raw|default|identity,identity,8.0,5.399997462518513e-06,3.9000005926936865e-06,fastest,0.026973684210526316,2091720cce09f193fea0,binary,real:apps\mobile_authenticator_flutter\android\app\src\main\kotlin\com\example\xai_compress_authenticator\MainActivity.kt,train
brotli,9,brotli|9|identity,identity,5.7379310344827585,0.0007246000022860244,2.469999890308827e-05,balanced,0.06194307940499813,2091720cce09f193fea0,binary,real:apps\mobile_authenticator_flutter\android\app\src\main\kotlin\com\example\xai_compress_authenticator\MainActivity.kt,train
lzma2,6,lzma2|6|identity,identity,2.35107421875,0.03363560000434518,0.003417900006752461,smallest,0.009164964210276924,209a1c86925289128ab1,source_code,real:apps\public_nextjs\.next\static\chunks\main-app.js,train
zstd,3,zstd|3|identity,identity,2.7586669921875,0.0008975999953690916,0.00022699999681208283,fastest,0.00909282586423807,209a1c86925289128ab1,source_code,real:apps\public_nextjs\.next\static\chunks\main-app.js,train
zstd,9,zstd|9|identity,identity,2.5592041015625,0.0034669000015128404,0.00024760000815149397,balanced,0.025769579083788054,209a1c86925289128ab1,source_code,real:apps\public_nextjs\.next\static\chunks\main-app.js,train
brotli,11,brotli|11|identity,identity,6.894287109375,0.35568949999287724,0.0005922999989707023,smallest,0.016018078401780062,20a0dc406fb05d2b3a07,video,real:engines\XAI-Compress\data\test\archive (1)\FaceForensics++_C23\DeepFakeDetection\01_11__talking_against_wall__4OJNJLOO.mp4,train
zstd,1,zstd|1|identity,identity,7.173828125,0.00035180000122636557,3.619999915827066e-05,fastest,0.014201604987105633,20a0dc406fb05d2b3a07,video,real:engines\XAI-Compress\data\test\archive (1)\FaceForensics++_C23\DeepFakeDetection\01_11__talking_against_wall__4OJNJLOO.mp4,train
brotli,6,brotli|6|identity,identity,6.9237060546875,0.0038975999923422933,0.0006023000023560598,balanced,0.029060399291715815,20a0dc406fb05d2b3a07,video,real:engines\XAI-Compress\data\test\archive (1)\FaceForensics++_C23\DeepFakeDetection\01_11__talking_against_wall__4OJNJLOO.mp4,train
brotli,11,brotli|11|identity,identity,1.3130699088145896,0.016057000000728294,7.389999518636614e-05,smallest,0.015715107989214338,20cb03e2c284978c7f64,csv,real:engines\XAI-Compress\results\hybrid_ai\selector_feature_importance.csv,test
zstd,3,zstd|3|identity,identity,1.7108119843682155,8.769999840296805e-05,3.440000000409782e-05,fastest,0.0115540893408102,20cb03e2c284978c7f64,csv,real:engines\XAI-Compress\results\hybrid_ai\selector_feature_importance.csv,test
deflate,6,deflate|6|identity,identity,1.5579678679982631,0.0002010999887716025,3.57000099029392e-05,balanced,0.02450656029795519,20cb03e2c284978c7f64,csv,real:engines\XAI-Compress\results\hybrid_ai\selector_feature_importance.csv,test
brotli,11,brotli|11|identity,identity,3.173025732031943,0.0020572999928845093,2.060001133941114e-05,smallest,0.00809609028119542,2102e79198f5c83f4695,csv,real:engines\XAI-Compress\results\final_project\sha_roundtrip_results.csv,train
zstd,3,zstd|3|identity,identity,3.6344276841171252,5.77000027988106e-05,2.0699997548945248e-05,fastest,0.023875453933463214,2102e79198f5c83f4695,csv,real:engines\XAI-Compress\results\final_project\sha_roundtrip_results.csv,train
deflate,6,deflate|6|identity,identity,3.5066548358473826,7.79999973019585e-05,2.059999678749591e-05,balanced,0.0450290786283771,2102e79198f5c83f4695,csv,real:engines\XAI-Compress\results\final_project\sha_roundtrip_results.csv,train
brotli,6,brotli|6|identity,identity,2.453038674033149,0.0005392000020947307,2.9400005587376654e-05,smallest,0.002617108351722527,210e8d8f5805079b6f51,json,real:engines\XAI-Compress\configs\hybrid_profiles.json,train
deflate,9,deflate|9|identity,identity,2.718232044198895,5.6199991377070546e-05,9.199997293762863e-06,fastest,0.012321773397902665,210e8d8f5805079b6f51,json,real:engines\XAI-Compress\configs\hybrid_profiles.json,train
deflate,9,deflate|9|identity,identity,2.718232044198895,5.6199991377070546e-05,9.199997293762863e-06,balanced,0.028058797325258344,210e8d8f5805079b6f51,json,real:engines\XAI-Compress\configs\hybrid_profiles.json,train
raw,,raw|default|identity,identity,8.0,5.099995178170502e-06,4.1000021155923605e-06,smallest,0.0,215155f5831d7da605e0,json,real:apps\public_nextjs\.next\static\webpack\1cde06a0bb489b45.webpack.hot-update.json,test
raw,,raw|default|identity,identity,8.0,5.099995178170502e-06,4.1000021155923605e-06,fastest,0.0,215155f5831d7da605e0,json,real:apps\public_nextjs\.next\static\webpack\1cde06a0bb489b45.webpack.hot-update.json,test
raw,,raw|default|identity,identity,8.0,5.099995178170502e-06,4.1000021155923605e-06,balanced,0.0,215155f5831d7da605e0,json,real:apps\public_nextjs\.next\static\webpack\1cde06a0bb489b45.webpack.hot-update.json,test
raw,,raw|default|identity,identity,8.0,3.700013621710241e-06,3.000008291564882e-06,smallest,0.0,21913a8e99f9cdcf66bf,binary,real:engines\XAI-Compress\.test-tmp\final-all\test_v3_tiny_chunks_and_empty_3\in,train
raw,,raw|default|identity,identity,8.0,3.700013621710241e-06,3.000008291564882e-06,fastest,0.0,21913a8e99f9cdcf66bf,binary,real:engines\XAI-Compress\.test-tmp\final-all\test_v3_tiny_chunks_and_empty_3\in,train
raw,,raw|default|identity,identity,8.0,3.700013621710241e-06,3.000008291564882e-06,balanced,0.0,21913a8e99f9cdcf66bf,binary,real:engines\XAI-Compress\.test-tmp\final-all\test_v3_tiny_chunks_and_empty_3\in,train
brotli,11,brotli|11|identity,identity,2.2493638676844783,0.01026310000452213,5.979998968541622e-05,smallest,0.016091013607389255,2222dc2f349bd2b2a065,source_code,real:apps\mobile_authenticator_flutter\lib\core\app_state.dart,validation
zstd,3,zstd|3|identity,identity,2.720949957591179,6.259999645408243e-05,2.5299988919869065e-05,fastest,0.014984072933012803,2222dc2f349bd2b2a065,source_code,real:apps\mobile_authenticator_flutter\lib\core\app_state.dart,validation
deflate,6,deflate|6|identity,identity,2.524173027989822,0.000139000010676682,3.29999893438071e-05,balanced,0.033153167794029804,2222dc2f349bd2b2a065,source_code,real:apps\mobile_authenticator_flutter\lib\core\app_state.dart,validation
brotli,6,brotli|6|identity,identity,7.0205078125,0.004016199993202463,0.0006141999911051244,smallest,0.0032347654530356525,228d03535570307a2c4b,video,real:engines\XAI-Compress\data\test\archive (1)\FaceForensics++_C23\DeepFakeDetection\02_13__walking_and_outside_surprised__CP5HFV3K.mp4,train
zstd,9,zstd|9|identity,identity,7.224853515625,0.001269600004889071,3.580001066438854e-05,fastest,0.012406621064173815,228d03535570307a2c4b,video,real:engines\XAI-Compress\data\test\archive (1)\FaceForensics++_C23\DeepFakeDetection\02_13__walking_and_outside_surprised__CP5HFV3K.mp4,train
brotli,6,brotli|6|identity,identity,7.0205078125,0.004016199993202463,0.0006141999911051244,balanced,0.013022263631382156,228d03535570307a2c4b,video,real:engines\XAI-Compress\data\test\archive (1)\FaceForensics++_C23\DeepFakeDetection\02_13__walking_and_outside_surprised__CP5HFV3K.mp4,train
brotli,6,brotli|6|identity,identity,6.1722412109375,0.003758100006962195,0.0005725000082748011,smallest,0.011497694214528781,22d26e4e4d9dadc04faa,video,real:engines\XAI-Compress\data\test\archive (1)\FaceForensics++_C23\DeepFakeDetection\01_09__talking_angry_couch__P70H1JB0.mp4,train
zstd,9,zstd|9|identity,identity,6.48583984375,0.0009221000073011965,2.8800001018680632e-05,fastest,0.010782957152640563,22d26e4e4d9dadc04faa,video,real:engines\XAI-Compress\data\test\archive (1)\FaceForensics++_C23\DeepFakeDetection\01_09__talking_angry_couch__P70H1JB0.mp4,train
brotli,6,brotli|6|identity,identity,6.1722412109375,0.003758100006962195,0.0005725000082748011,balanced,0.020924458285537312,22d26e4e4d9dadc04faa,video,real:engines\XAI-Compress\data\test\archive (1)\FaceForensics++_C23\DeepFakeDetection\01_09__talking_angry_couch__P70H1JB0.mp4,train
brotli,11,brotli|11|identity,identity,7.6116943359375,0.5383538999885786,0.0010872999991988763,smallest,0.01738234517430933,243f191b7cce8f7e33b8,video,real:engines\XAI-Compress\data\test\archive (1)\FaceForensics++_C23\DeepFakeDetection\06_15__exit_phone_room__QRCD27P8.mp4,train
zstd,3,zstd|3|identity,identity,7.7322998046875,0.00036689999978989363,2.3800006601959467e-05,fastest,0.013290002770993653,243f191b7cce8f7e33b8,video,real:engines\XAI-Compress\data\test\archive (1)\FaceForensics++_C23\DeepFakeDetection\06_15__exit_phone_room__QRCD27P8.mp4,train
brotli,6,brotli|6|identity,identity,7.622314453125,0.0037908999947831035,0.0005019999953219667,balanced,0.026323591837782268,243f191b7cce8f7e33b8,video,real:engines\XAI-Compress\data\test\archive (1)\FaceForensics++_C23\DeepFakeDetection\06_15__exit_phone_room__QRCD27P8.mp4,train
bzip2,9,bzip2|9|identity,identity,0.7304756312389901,0.0036514000094030052,0.0006863000016892329,smallest,0.0026449438029995556,249a6726407166c99327,json,real:apps\desktop_flutter\.dart_tool\package_graph.json,train
zstd,3,zstd|3|identity,identity,1.0593071051086318,0.00018989999080076814,6.130000110715628e-05,fastest,0.006626990287465507,249a6726407166c99327,json,real:apps\desktop_flutter\.dart_tool\package_graph.json,train
deflate,9,deflate|9|identity,identity,0.8854961832061069,0.00048210000386461616,4.7299996367655694e-05,balanced,0.01328173747202106,249a6726407166c99327,json,real:apps\desktop_flutter\.dart_tool\package_graph.json,train
brotli,6,brotli|6|identity,identity,7.891357421875,0.003679400004330091,0.0005896000075154006,smallest,0.016894964131124346,25955629f0c899beaa21,video,real:engines\XAI-Compress\data\test\archive (1)\FaceForensics++_C23\DeepFakeDetection\02_13__secret_conversation__CP5HFV3K.mp4,train
raw,,raw|default|identity,identity,8.0,5.49999822396785e-06,3.3999967854470015e-06,fastest,0.012659744408945687,25955629f0c899beaa21,video,real:engines\XAI-Compress\data\test\archive (1)\FaceForensics++_C23\DeepFakeDetection\02_13__secret_conversation__CP5HFV3K.mp4,train
brotli,6,brotli|6|identity,identity,7.891357421875,0.003679400004330091,0.0005896000075154006,balanced,0.025282094036826814,25955629f0c899beaa21,video,real:engines\XAI-Compress\data\test\archive (1)\FaceForensics++_C23\DeepFakeDetection\02_13__secret_conversation__CP5HFV3K.mp4,train
brotli,11,brotli|11|identity,identity,1.894736842105263,0.007696300002862699,4.329999501351267e-05,smallest,0.014579224286619851,25d6bf52f9c983e1427e,json,real:engines\XAI-Compress\results\hybrid_ai\selector_training_metrics.json,validation
zstd,6,zstd|6|identity,identity,2.2679425837320575,9.99000039882958e-05,2.2499996703118086e-05,fastest,0.018251932051308907,25d6bf52f9c983e1427e,json,real:engines\XAI-Compress\results\hybrid_ai\selector_training_metrics.json,validation
deflate,9,deflate|9|identity,identity,2.229665071770335,0.00011739999172277749,2.7000001864507794e-05,balanced,0.03656336401068161,25d6bf52f9c983e1427e,json,real:engines\XAI-Compress\results\hybrid_ai\selector_training_metrics.json,validation
brotli,9,brotli|9|identity,identity,7.41455078125,0.02745340000547003,0.0006108000088715926,smallest,0.015388452506727206,261135a29b2a058886af,video,real:engines\XAI-Compress\data\test\archive (1)\FaceForensics++_C23\DeepFakeDetection\04_13__walking_down_street_outside_angry__00T3UYOR.mp4,train
deflate,9,deflate|9|identity,identity,7.4915771484375,0.0040160999924410135,0.00018420000560581684,fastest,0.017099804165671736,261135a29b2a058886af,video,real:engines\XAI-Compress\data\test\archive (1)\FaceForensics++_C23\DeepFakeDetection\04_13__walking_down_street_outside_angry__00T3UYOR.mp4,train
brotli,6,brotli|6|identity,identity,7.416259765625,0.0038444000092567876,0.0005889999883947894,balanced,0.0223072912898206,261135a29b2a058886af,video,real:engines\XAI-Compress\data\test\archive (1)\FaceForensics++_C23\DeepFakeDetection\04_13__walking_down_street_outside_angry__00T3UYOR.mp4,train
brotli,11,brotli|11|identity,identity,2.224428997020854,0.005537000004551373,4.529999569058418e-05,smallest,0.011654913947786314,261e7f709a32f90c5096,source_code,real:apps\admin_dotnet\obj\Debug\net8.0\AdminDotNet.AssemblyInfo.cs,train
deflate,1,deflate|1|identity,identity,3.336643495531281,4.440000338945538e-05,1.5900004655122757e-05,fastest,0.020589518995516358,261e7f709a32f90c5096,source_code,real:apps\admin_dotnet\obj\Debug\net8.0\AdminDotNet.AssemblyInfo.cs,train
deflate,6,deflate|6|identity,identity,2.7408142999006953,9.190000128000975e-05,2.5199988158419728e-05,balanced,0.05451265755965128,261e7f709a32f90c5096,source_code,real:apps\admin_dotnet\obj\Debug\net8.0\AdminDotNet.AssemblyInfo.cs,train
brotli,11,brotli|11|identity,identity,6.0927152317880795,0.002153100009309128,3.069998638238758e-05,smallest,0.00710224684419384,27429803800a79b0ca4b,source_code,real:engines\XAI-Compress\results\model_search\imports\auto\lr-0-0002-f316e33308\v1\XAI-Compress\scripts\kaggle\upload_kaggle.ps1,train
raw,,raw|default|identity,identity,8.0,4.7000066842883825e-06,3.6999990697950125e-06,fastest,0.021176470588235297,27429803800a79b0ca4b,source_code,real:engines\XAI-Compress\results\model_search\imports\auto\lr-0-0002-f316e33308\v1\XAI-Compress\scripts\kaggle\upload_kaggle.ps1,train
brotli,4,brotli|4|identity,identity,6.781456953642384,8.89999937498942e-05,2.099999983329326e-05,balanced,0.09784617742317366,27429803800a79b0ca4b,source_code,real:engines\XAI-Compress\results\model_search\imports\auto\lr-0-0002-f316e33308\v1\XAI-Compress\scripts\kaggle\upload_kaggle.ps1,train
brotli,11,brotli|11|identity,identity,4.402234636871508,0.002573400008259341,4.050000279676169e-05,smallest,0.008512658672881278,274d091d67dd94a7bca4,json,real:engines\XAI-Compress\results\final\transformer_overhead_decomposition.json,train
zstd,9,zstd|9|identity,identity,5.4525139664804465,5.94000011915341e-05,1.7399986973032355e-05,fastest,0.04099642360136001,274d091d67dd94a7bca4,json,real:engines\XAI-Compress\results\final\transformer_overhead_decomposition.json,train
brotli,4,brotli|4|identity,identity,5.206703910614525,0.0001652999926591292,2.710000262595713e-05,balanced,0.13660641719616387,274d091d67dd94a7bca4,json,real:engines\XAI-Compress\results\final\transformer_overhead_decomposition.json,train
brotli,11,brotli|11|identity,identity,3.3655172413793104,0.0047946999984560534,4.0400002035312355e-05,smallest,0.011221942984427968,27b855997e11102f5aac,source_code,real:apps\web_angular\src\app\pages\settings.page.ts,train
zstd,3,zstd|3|identity,identity,4.47816091954023,4.630000330507755e-05,1.8600010662339628e-05,fastest,0.02774675898078177,27b855997e11102f5aac,source_code,real:apps\web_angular\src\app\pages\settings.page.ts,train
brotli,4,brotli|4|identity,identity,4.091954022988506,0.00020170000789221376,3.619999915827066e-05,balanced,0.09884106239441404,27b855997e11102f5aac,source_code,real:apps\web_angular\src\app\pages\settings.page.ts,train
brotli,11,brotli|11|identity,identity,2.866876971608833,0.010695999997551553,9.880001016426831e-05,smallest,0.006548914627479812,27e6f43f927d563ee84f,json,real:engines\XAI-Compress\notebooks\11_speed_benchmark.ipynb,train
deflate,9,deflate|9|identity,identity,3.6290220820189276,0.00012919999426230788,2.4299995857290924e-05,fastest,0.014346845229609174,27e6f43f927d563ee84f,json,real:engines\XAI-Compress\notebooks\11_speed_benchmark.ipynb,train
brotli,4,brotli|4|identity,identity,3.548264984227129,0.00027099999715574086,4.6600005589425564e-05,balanced,0.06972546235163819,27e6f43f927d563ee84f,json,real:engines\XAI-Compress\notebooks\11_speed_benchmark.ipynb,train
brotli,11,brotli|11|identity,identity,2.856441717791411,0.00839109999651555,5.4100004490464926e-05,smallest,0.016284622060179305,28422f4353c24ab56f94,json,real:engines\XAI-Compress\notebooks\04_entropy_analysis.ipynb,train
zstd,3,zstd|3|identity,identity,3.808588957055215,7.310000364668667e-05,2.7999994927085936e-05,fastest,0.024833891252109476,28422f4353c24ab56f94,json,real:engines\XAI-Compress\notebooks\04_entropy_analysis.ipynb,train
deflate,9,deflate|9|identity,identity,3.6171779141104294,0.00014139999984763563,3.1199990189634264e-05,balanced,0.08077008013393348,28422f4353c24ab56f94,json,real:engines\XAI-Compress\notebooks\04_entropy_analysis.ipynb,train
brotli,11,brotli|11|identity,identity,2.133938706015891,0.007540300008258782,4.739999712910503e-05,smallest,0.013895765938838492,28bb8a2951b0e3f13581,xml,real:engines\XAI-Compress\results\final\figures\transformer_training_bpb.svg,train
deflate,1,deflate|1|identity,identity,3.137343927355278,5.119999696034938e-05,1.8799997633323073e-05,fastest,0.018652737301742668,28bb8a2951b0e3f13581,xml,real:engines\XAI-Compress\results\final\figures\transformer_training_bpb.svg,train
deflate,9,deflate|9|identity,identity,2.547105561861521,0.00012749999586958438,2.750000567175448e-05,balanced,0.044344157858212364,28bb8a2951b0e3f13581,xml,real:engines\XAI-Compress\results\final\figures\transformer_training_bpb.svg,train
raw,,raw|default|identity,identity,8.0,4.7000066842883825e-06,3.700013621710241e-06,smallest,0.0,28d527cd1164765d0337,high_entropy,synthetic:engines\XAI-Compress\data\hybrid_selector\synthetic\high_entropy_4KiB.rand,train
raw,,raw|default|identity,identity,8.0,4.7000066842883825e-06,3.700013621710241e-06,fastest,0.0,28d527cd1164765d0337,high_entropy,synthetic:engines\XAI-Compress\data\hybrid_selector\synthetic\high_entropy_4KiB.rand,train
raw,,raw|default|identity,identity,8.0,4.7000066842883825e-06,3.700013621710241e-06,balanced,0.0,28d527cd1164765d0337,high_entropy,synthetic:engines\XAI-Compress\data\hybrid_selector\synthetic\high_entropy_4KiB.rand,train
brotli,11,brotli|11|identity,identity,3.1384615384615384,0.003942800001823343,4.579999949783087e-05,smallest,0.010646944757528434,293a8a96d9aad3bce146,binary,real:apps\admin_dotnet\Components\Routes.razor,validation
deflate,1,deflate|1|identity,identity,4.812307692307693,4.2800005758181214e-05,1.5199999324977398e-05,fastest,0.03635022066622031,293a8a96d9aad3bce146,binary,real:apps\admin_dotnet\Components\Routes.razor,validation
deflate,9,deflate|9|identity,identity,3.8030769230769232,8.549999620299786e-05,2.160000440198928e-05,balanced,0.08436918150809974,293a8a96d9aad3bce146,binary,real:apps\admin_dotnet\Components\Routes.razor,validation
brotli,11,brotli|11|identity,identity,6.787004641199571,0.19039269999484532,0.0007842000050004572,smallest,0.01789737683767853,2a11be2e88f45606bf1b,model,real:engines\XAI-Compress\.test-tmp\post-roundtrip-fix\test_neural_rans_roundtrip0\tiny.pt,train
zstd,6,zstd|6|identity,identity,6.998357729382364,0.00048239999159704894,0.00010240000847261399,fastest,0.016406542983130087,2a11be2e88f45606bf1b,model,real:engines\XAI-Compress\.test-tmp\post-roundtrip-fix\test_neural_rans_roundtrip0\tiny.pt,train
brotli,6,brotli|6|identity,identity,6.855551588718315,0.002709000007598661,0.0004953999887220562,balanced,0.054013021057192065,2a11be2e88f45606bf1b,model,real:engines\XAI-Compress\.test-tmp\post-roundtrip-fix\test_neural_rans_roundtrip0\tiny.pt,train
brotli,11,brotli|11|identity,identity,2.977578475336323,0.011919000011403114,9.420000424142927e-05,smallest,0.016881056230757693,2a8d2e6ed4d204f3666c,csv,real:engines\XAI-Compress\phase_g_results.csv,validation
deflate,6,deflate|6|identity,identity,3.4519182859990036,0.00013639999087899923,3.330000618007034e-05,fastest,0.021759080360459628,2a8d2e6ed4d204f3666c,csv,real:engines\XAI-Compress\phase_g_results.csv,validation
deflate,6,deflate|6|identity,identity,3.4519182859990036,0.00013639999087899923,3.330000618007034e-05,balanced,0.053737800812901325,2a8d2e6ed4d204f3666c,csv,real:engines\XAI-Compress\phase_g_results.csv,validation
brotli,11,brotli|11|identity,identity,2.937354988399072,0.004813999999896623,2.609999501146376e-05,smallest,0.015242311472518803,2aaa61682ef5b2eeabcd,json,real:engines\XAI-Compress\notebooks\06_model_architecture.ipynb,test
zstd,3,zstd|3|identity,identity,3.7587006960556844,7.359999290201813e-05,2.920000406447798e-05,fastest,0.027324117341944502,2aaa61682ef5b2eeabcd,json,real:engines\XAI-Compress\notebooks\06_model_architecture.ipynb,test
zstd,6,zstd|6|identity,identity,3.65661252900232,0.0001221999991685152,2.610000956337899e-05,balanced,0.07821656200575265,2aaa61682ef5b2eeabcd,json,real:engines\XAI-Compress\notebooks\06_model_architecture.ipynb,test
brotli,11,brotli|11|identity,identity,3.822928490351873,0.004511300008744001,4.129999433644116e-05,smallest,0.009767211557424089,2ac273b8a7c8ad78537f,csv,real:engines\XAI-Compress\results\final_analysis\rust_vs_python.csv,train
zstd,3,zstd|3|identity,identity,4.485811577752554,5.750000127591193e-05,2.269999822601676e-05,fastest,0.02600064562167466,2ac273b8a7c8ad78537f,csv,real:engines\XAI-Compress\results\final_analysis\rust_vs_python.csv,train
deflate,6,deflate|6|identity,identity,4.149829738933031,9.710001177154481e-05,2.6400011847727e-05,balanced,0.05187470548522334,2ac273b8a7c8ad78537f,csv,real:engines\XAI-Compress\results\final_analysis\rust_vs_python.csv,train
brotli,6,brotli|6|dictionary,dictionary,4.942408376963351,0.0005261000042082742,9.919999865815043e-05,smallest,0.011885336216696438,2acaa07b468033b8b1ea,json,real:engines\XAI-Compress\configs\default.json,validation
deflate,1,deflate|1|identity,identity,5.738219895287958,4.08000050811097e-05,1.1999989510513842e-05,fastest,0.031914462827115846,2acaa07b468033b8b1ea,json,real:engines\XAI-Compress\configs\default.json,validation
deflate,9,deflate|9|identity,identity,5.277486910994765,5.77000027988106e-05,1.7600003047846258e-05,balanced,0.07259141856019917,2acaa07b468033b8b1ea,json,real:engines\XAI-Compress\configs\default.json,validation
brotli,11,brotli|11|identity,identity,2.5845424933372816,0.014031600003363565,8.040000102482736e-05,smallest,0.016010131775861913,2ad6f0a0f1285bca8274,json,real:engines\XAI-Compress\results\model_search\candidates\lr-0-0002-f316e33308\failure.json,train
zstd,3,zstd|3|identity,identity,3.179153094462541,9.169999975711107e-05,3.3199990866705775e-05,fastest,0.016027401717770683,2ad6f0a0f1285bca8274,json,real:engines\XAI-Compress\results\model_search\candidates\lr-0-0002-f316e33308\failure.json,train
deflate,6,deflate|6|identity,identity,3.0275392360082916,0.00019019999308511615,4.090000584255904e-05,balanced,0.0473361063192732,2ad6f0a0f1285bca8274,json,real:engines\XAI-Compress\results\model_search\candidates\lr-0-0002-f316e33308\failure.json,train
brotli,6,brotli|6|identity,identity,7.4088134765625,0.0037063000054331496,0.0005863999977009371,smallest,0.024682163015990907,2afeadeb36056abeddfb,video,real:engines\XAI-Compress\data\test\archive (1)\FaceForensics++_C23\DeepFakeDetection\03_11__walk_down_hall_angry__P08VGHTA.mp4,train
zstd,3,zstd|3|identity,identity,7.5567626953125,0.00039119999564718455,2.5899993488565087e-05,fastest,0.014396778906549421,2afeadeb36056abeddfb,video,real:engines\XAI-Compress\data\test\archive (1)\FaceForensics++_C23\DeepFakeDetection\03_11__walk_down_hall_angry__P08VGHTA.mp4,train
brotli,6,brotli|6|identity,identity,7.4088134765625,0.0037063000054331496,0.0005863999977009371,balanced,0.023887839976000504,2afeadeb36056abeddfb,video,real:engines\XAI-Compress\data\test\archive (1)\FaceForensics++_C23\DeepFakeDetection\03_11__walk_down_hall_angry__P08VGHTA.mp4,train
brotli,6,brotli|6|identity,identity,5.201970443349754,0.00023269999655894935,1.1299998732283711e-05,smallest,0.0012046658184716042,2b2bd2634d2a0de605b8,csv,real:engines\XAI-Compress\checkpoints\gru_v2_hq.metrics.csv,train
deflate,6,deflate|6|identity,identity,5.635467980295567,1.920000067912042e-05,6.50000583846122e-06,fastest,0.01368144808209428,2b2bd2634d2a0de605b8,csv,real:engines\XAI-Compress\checkpoints\gru_v2_hq.metrics.csv,train
brotli,6,brotli|6|identity,identity,5.201970443349754,0.00023269999655894935,1.1299998732283711e-05,balanced,0.019764310540539554,2b2bd2634d2a0de605b8,csv,real:engines\XAI-Compress\checkpoints\gru_v2_hq.metrics.csv,train
brotli,11,brotli|11|identity,identity,3.778894472361809,0.0039770000003045425,4.099999205209315e-05,smallest,0.009942431877356349,2b5091e58cb6922ad60d,markdown,real:apps\public_nextjs\docs\INTEGRATION.md,test
zstd,3,zstd|3|identity,identity,5.11892797319933,4.9299997044727206e-05,1.8499995348975062e-05,fastest,0.035052935907194695,2b5091e58cb6922ad60d,markdown,real:apps\public_nextjs\docs\INTEGRATION.md,test
brotli,4,brotli|4|identity,identity,4.7705192629815745,0.00016479998885188252,3.300000389572233e-05,balanced,0.13625234530597574,2b5091e58cb6922ad60d,markdown,real:apps\public_nextjs\docs\INTEGRATION.md,test
brotli,9,brotli|9|identity,identity,7.2945556640625,0.02659749999293126,0.0006107999943196774,smallest,0.008470438333431004,2b7fc7750a1d486a8860,video,real:engines\XAI-Compress\data\test\archive (1)\FaceForensics++_C23\DeepFakeDetection\03_21__kitchen_pan__YCSEBZO4.mp4,train
zstd,3,zstd|3|identity,identity,7.4561767578125,0.00045789999421685934,3.070000093430281e-05,fastest,0.012976086459221783,2b7fc7750a1d486a8860,video,real:engines\XAI-Compress\data\test\archive (1)\FaceForensics++_C23\DeepFakeDetection\03_21__kitchen_pan__YCSEBZO4.mp4,train
brotli,6,brotli|6|identity,identity,7.295166015625,0.0035177999961888418,0.0005786999972769991,balanced,0.017755235106811002,2b7fc7750a1d486a8860,video,real:engines\XAI-Compress\data\test\archive (1)\FaceForensics++_C23\DeepFakeDetection\03_21__kitchen_pan__YCSEBZO4.mp4,train
brotli,11,brotli|11|identity,identity,3.6159372958850424,0.007871800000430085,6.429999484680593e-05,smallest,0.014769172953850702,2bb9b1a51577d215e415,markdown,real:engines\XAI-Compress\reports\benchmark_report.md,train
zstd,3,zstd|3|identity,identity,4.535597648595689,7.069999992381781e-05,2.720000338740647e-05,fastest,0.021126118208865247,2bb9b1a51577d215e415,markdown,real:engines\XAI-Compress\reports\benchmark_report.md,train
deflate,6,deflate|6|identity,identity,4.342259960809928,0.0001112000027205795,2.7000001864507794e-05,balanced,0.08274559238682011,2bb9b1a51577d215e415,markdown,real:engines\XAI-Compress\reports\benchmark_report.md,train
brotli,11,brotli|11|identity,identity,4.8033447265625,0.41248929999710526,0.0012809999898308888,smallest,0.017547350478475603,2bda33d048451e7cca8d,model,real:engines\XAI-Compress\checkpoints\model_search\lr-0-0002-f316e33308\preflight.pt,train
zstd,3,zstd|3|identity,identity,5.24609375,0.0004978000069968402,0.00021740001102443784,fastest,0.014789298049354761,2bda33d048451e7cca8d,model,real:engines\XAI-Compress\checkpoints\model_search\lr-0-0002-f316e33308\preflight.pt,train
brotli,6,brotli|6|identity,identity,4.9407958984375,0.004606699993018992,0.0005612999957520515,balanced,0.03751496494170419,2bda33d048451e7cca8d,model,real:engines\XAI-Compress\checkpoints\model_search\lr-0-0002-f316e33308\preflight.pt,train
brotli,11,brotli|11|identity,identity,2.383314543404735,0.014108000003034249,8.019999950192869e-05,smallest,0.015947016593170507,2c32f79ab55d6d2a7d1c,markdown,real:analytics\XAI-Compress-Analysis-Suite\README.md,train
zstd,3,zstd|3|identity,identity,3.1364148816234496,9.660000796429813e-05,3.440000000409782e-05,fastest,0.017296638208199076,2c32f79ab55d6d2a7d1c,markdown,real:analytics\XAI-Compress-Analysis-Suite\README.md,train
deflate,6,deflate|6|identity,identity,2.944757609921082,0.00019169998995494097,4.300000728107989e-05,balanced,0.05545697703501038,2c32f79ab55d6d2a7d1c,markdown,real:analytics\XAI-Compress-Analysis-Suite\README.md,train
brotli,11,brotli|11|identity,identity,4.189090909090909,0.003926899997168221,4.289999196771532e-05,smallest,0.007889858600976568,2c88d25507e750de2c05,json,real:engines\XAI-Compress\results\hybrid_ai\optimization_benchmark.json,validation
deflate,9,deflate|9|identity,identity,4.712727272727273,8.129999332595617e-05,2.2100008209235966e-05,fastest,0.03398008906890561,2c88d25507e750de2c05,json,real:engines\XAI-Compress\results\hybrid_ai\optimization_benchmark.json,validation
deflate,9,deflate|9|identity,identity,4.712727272727273,8.129999332595617e-05,2.2100008209235966e-05,balanced,0.08211380851396888,2c88d25507e750de2c05,json,real:engines\XAI-Compress\results\hybrid_ai\optimization_benchmark.json,validation
brotli,9,brotli|9|identity,identity,7.2520751953125,0.02759409999998752,0.0006049999938113615,smallest,0.008758747079873858,2d972416e5ea584e6e99,video,real:engines\XAI-Compress\data\test\archive (1)\FaceForensics++_C23\DeepFakeDetection\02_13__kitchen_pan__2YSYT2N3.mp4,test
zstd,1,zstd|1|identity,identity,7.4111328125,0.0002941999991890043,3.2099997042678297e-05,fastest,0.012125510924107224,2d972416e5ea584e6e99,video,real:engines\XAI-Compress\data\test\archive (1)\FaceForensics++_C23\DeepFakeDetection\02_13__kitchen_pan__2YSYT2N3.mp4,test
brotli,6,brotli|6|identity,identity,7.2528076171875,0.0037909000093350187,0.0005889000021852553,balanced,0.019167281528877426,2d972416e5ea584e6e99,video,real:engines\XAI-Compress\data\test\archive (1)\FaceForensics++_C23\DeepFakeDetection\02_13__kitchen_pan__2YSYT2N3.mp4,test
brotli,11,brotli|11|identity,identity,7.818181818181818,0.0015866000030655414,5.950000195298344e-05,smallest,0.008934209886222965,2da18822575fa0632548,markdown,real:infrastructure\monitoring\README.md,train
raw,,raw|default|identity,identity,8.0,4.5000051613897085e-06,3.700013621710241e-06,fastest,0.0008771929824561404,2da18822575fa0632548,markdown,real:infrastructure\monitoring\README.md,train
raw,,raw|default|identity,identity,8.0,4.5000051613897085e-06,3.700013621710241e-06,balanced,0.007894736842105263,2da18822575fa0632548,markdown,real:infrastructure\monitoring\README.md,train
brotli,11,brotli|11|identity,identity,2.72127417519909,0.01711859999340959,9.729999874252826e-05,smallest,0.01580631185557509,2da37eefbc61febd2975,source_code,real:engines\XAI-Compress\results\model_search\imports\auto\lr-0-0002-f316e33308\v1\XAI-Compress\scripts\generate_report.py,test
zstd,3,zstd|3|identity,identity,3.249146757679181,0.00012599999899975955,4.169999738223851e-05,fastest,0.014954814295127341,2da37eefbc61febd2975,source_code,real:engines\XAI-Compress\results\model_search\imports\auto\lr-0-0002-f316e33308\v1\XAI-Compress\scripts\generate_report.py,test
deflate,6,deflate|6|identity,identity,3.1253697383390215,0.00024179999309126288,4.9700000090524554e-05,balanced,0.04382686672036642,2da37eefbc61febd2975,source_code,real:engines\XAI-Compress\results\model_search\imports\auto\lr-0-0002-f316e33308\v1\XAI-Compress\scripts\generate_report.py,test
brotli,11,brotli|11|identity,identity,3.447887323943662,0.004598400002578273,4.4200001866556704e-05,smallest,0.010548288897777109,2dcc3b9b19cb845ad6a1,source_code,real:apps\mobile_authenticator_flutter\test\totp_service_test.dart,test
zstd,6,zstd|6|identity,identity,4.045070422535211,7.170000753831118e-05,1.990000600926578e-05,fastest,0.026566000326329737,2dcc3b9b19cb845ad6a1,source_code,real:apps\mobile_authenticator_flutter\test\totp_service_test.dart,test
deflate,6,deflate|6|identity,identity,3.8647887323943664,8.789999992586672e-05,2.439999661874026e-05,balanced,0.05928333005529936,2dcc3b9b19cb845ad6a1,source_code,real:apps\mobile_authenticator_flutter\test\totp_service_test.dart,test
bzip2,9,bzip2|9|identity,identity,1.5694580078125,0.012151400005677715,0.003484600005322136,smallest,0.004178001468637179,2df260fec0a509ea9b1a,source_code,real:apps\public_nextjs\.next\static\chunks\webpack.js,train
zstd,3,zstd|3|identity,identity,1.936767578125,0.000446999998530373,0.00012450000212993473,fastest,0.005501501597819341,2df260fec0a509ea9b1a,source_code,real:apps\public_nextjs\.next\static\chunks\webpack.js,train
zstd,9,zstd|9|identity,identity,1.7528076171875,0.0013294000091264024,7.749999349471182e-05,balanced,0.01574376472570473,2df260fec0a509ea9b1a,source_code,real:apps\public_nextjs\.next\static\chunks\webpack.js,train
brotli,11,brotli|11|identity,identity,2.7152988855116513,0.004908899994916283,4.5599997974932194e-05,smallest,0.010933605192263102,2df3d860822a6fbe38cd,json,real:engines\XAI-Compress\checkpoints\phase_i_v1_128_domain.summary.json,validation
zstd,6,zstd|6|identity,identity,3.3232016210739617,6.909998774062842e-05,1.7400001524947584e-05,fastest,0.01988376717015232,2df3d860822a6fbe38cd,json,real:engines\XAI-Compress\checkpoints\phase_i_v1_128_domain.summary.json,validation
deflate,9,deflate|9|identity,identity,3.1529888551165146,9.869999485090375e-05,2.36999912885949e-05,balanced,0.051182208444583176,2df3d860822a6fbe38cd,json,real:engines\XAI-Compress\checkpoints\phase_i_v1_128_domain.summary.json,validation
lzma2,3,lzma2|3|identity,identity,0.7898253934037508,0.006318300002021715,0.0007350999949267134,smallest,0.006245517347727146,2e045845e47e95509422,binary,real:apps\admin_dotnet\obj\Debug\net8.0\AdminDotNet.assets.cache,validation
deflate,6,deflate|6|identity,identity,0.8863979305884889,0.0004440000047907233,6.549998943228275e-05,fastest,0.005908861367352824,2e045845e47e95509422,binary,real:apps\admin_dotnet\obj\Debug\net8.0\AdminDotNet.assets.cache,validation
zstd,6,zstd|6|identity,identity,0.8504706474096428,0.0005951000057393685,7.54000066081062e-05,balanced,0.009345241706954475,2e045845e47e95509422,binary,real:apps\admin_dotnet\obj\Debug\net8.0\AdminDotNet.assets.cache,validation
brotli,11,brotli|11|identity,identity,7.35302734375,0.49619150000216905,0.001034300003084354,smallest,0.016548572345022508,2e1280effc84c52c6797,video,real:engines\XAI-Compress\data\test\archive (1)\FaceForensics++_C23\DeepFakeDetection\04_21__walking_down_street_outside_angry__5Y31RZP8.mp4,train
zstd,1,zstd|1|identity,identity,7.510498046875,0.00034070000401698053,3.310000465717167e-05,fastest,0.013332759338285408,2e1280effc84c52c6797,video,real:engines\XAI-Compress\data\test\archive (1)\FaceForensics++_C23\DeepFakeDetection\04_21__walking_down_street_outside_angry__5Y31RZP8.mp4,train
brotli,6,brotli|6|identity,identity,7.3690185546875,0.003575700000510551,0.0005960999988019466,balanced,0.025145326992209286,2e1280effc84c52c6797,video,real:engines\XAI-Compress\data\test\archive (1)\FaceForensics++_C23\DeepFakeDetection\04_21__walking_down_street_outside_angry__5Y31RZP8.mp4,train
brotli,6,brotli|6|identity,identity,0.6201643240815257,0.0033073000086005777,0.0002057999954558909,smallest,0.01093993882442621,2e87b733608e33a5e900,logs,real:engines\XAI-Compress\data\domain_focused\archive\wandb\run-20241217_020210-f69emzpa\logs\debug.log,train
zstd,1,zstd|1|identity,identity,0.7249723943029327,0.0002153999957954511,8.589999924879521e-05,fastest,0.00330714168468158,2e87b733608e33a5e900,logs,real:engines\XAI-Compress\data\domain_focused\archive\wandb\run-20241217_020210-f69emzpa\logs\debug.log,train
zstd,6,zstd|6|identity,identity,0.6617881005408845,0.0007690000056754798,6.900000153109431e-05,balanced,0.009652066411937475,2e87b733608e33a5e900,logs,real:engines\XAI-Compress\data\domain_focused\archive\wandb\run-20241217_020210-f69emzpa\logs\debug.log,train
brotli,11,brotli|11|identity,identity,1.747314453125,0.24009570000634994,0.0005818000063300133,smallest,0.015394990501045891,2ed853a5357421783bf8,source_code,real:apps\web_angular\.angular\cache\20.3.28\xai-web\vite\deps\chunk-CZENYOMI.js,train
zstd,3,zstd|3|identity,identity,2.1630859375,0.0008897000079741701,0.00024850000045262277,fastest,0.00850291852606079,2ed853a5357421783bf8,source_code,real:apps\web_angular\.angular\cache\20.3.28\xai-web\vite\deps\chunk-CZENYOMI.js,train
zstd,9,zstd|9|identity,identity,1.9664306640625,0.004553100006887689,0.00025299999106209725,balanced,0.023720931424191686,2ed853a5357421783bf8,source_code,real:apps\web_angular\.angular\cache\20.3.28\xai-web\vite\deps\chunk-CZENYOMI.js,train
brotli,11,brotli|11|identity,identity,6.721923828125,0.24754460000258405,0.0012439999991329387,smallest,0.017127098672025894,2f075005983fee86200a,video,real:engines\XAI-Compress\data\test\archive (1)\FaceForensics++_C23\DeepFakeDetection\02_25__talking_against_wall__Z7FQ69VP.mp4,train
zstd,1,zstd|1|identity,identity,6.9979248046875,0.0003547000087564811,3.9699996705166996e-05,fastest,0.012731563356187024,2f075005983fee86200a,video,real:engines\XAI-Compress\data\test\archive (1)\FaceForensics++_C23\DeepFakeDetection\02_25__talking_against_wall__Z7FQ69VP.mp4,train
brotli,6,brotli|6|identity,identity,6.7431640625,0.003967399999964982,0.0006105000065872446,balanced,0.02615041371561047,2f075005983fee86200a,video,real:engines\XAI-Compress\data\test\archive (1)\FaceForensics++_C23\DeepFakeDetection\02_25__talking_against_wall__Z7FQ69VP.mp4,train
bzip2,9,bzip2|9|identity,identity,1.83740234375,0.011054199989303015,0.0038167000020621344,smallest,0.010710128580441475,2f3edbdc662d4b8c8bc6,binary,real:apps\web_angular\.angular\cache\20.3.28\xai-web\vite\deps\chunk-VISR7373.js.map,validation
zstd,3,zstd|3|identity,identity,2.2713623046875,0.0009428999910596758,0.00025850000383798033,fastest,0.010519134680759514,2f3edbdc662d4b8c8bc6,binary,real:apps\web_angular\.angular\cache\20.3.28\xai-web\vite\deps\chunk-VISR7373.js.map,validation
deflate,6,deflate|6|identity,identity,2.087646484375,0.0028011999966111034,0.0003338000096846372,balanced,0.02887737977393198,2f3edbdc662d4b8c8bc6,binary,real:apps\web_angular\.angular\cache\20.3.28\xai-web\vite\deps\chunk-VISR7373.js.map,validation
brotli,9,brotli|9|identity,identity,6.3887939453125,0.02703480000491254,0.0006275000050663948,smallest,0.002064080661170333,2f5c47c84a221f5cea13,video,real:engines\XAI-Compress\data\test\archive (1)\FaceForensics++_C23\DeepFakeDetection\02_09__talking_angry_couch__6KUOFMZW.mp4,train
zstd,1,zstd|1|identity,identity,6.7286376953125,0.0004941999941365793,4.060000355821103e-05,fastest,0.012345023789110293,2f5c47c84a221f5cea13,video,real:engines\XAI-Compress\data\test\archive (1)\FaceForensics++_C23\DeepFakeDetection\02_09__talking_angry_couch__6KUOFMZW.mp4,train
brotli,6,brotli|6|identity,identity,6.3902587890625,0.0036917999968864024,0.0006468000065069646,balanced,0.018498428071669168,2f5c47c84a221f5cea13,video,real:engines\XAI-Compress\data\test\archive (1)\FaceForensics++_C23\DeepFakeDetection\02_09__talking_angry_couch__6KUOFMZW.mp4,train
brotli,11,brotli|11|identity,identity,3.592705167173252,0.013947999992524274,8.749999688006938e-05,smallest,0.0162422706133192,2fe2e77abce0b076c014,source_code,real:apps\desktop_flutter\windows\runner\main.cpp,validation
zstd,3,zstd|3|identity,identity,4.455927051671733,0.00010299999848939478,4.020000051241368e-05,fastest,0.022963645531343467,2fe2e77abce0b076c014,source_code,real:apps\desktop_flutter\windows\runner\main.cpp,validation
deflate,9,deflate|9|identity,identity,4.231003039513678,0.00018730000010691583,4.089999129064381e-05,balanced,0.07615778061421236,2fe2e77abce0b076c014,source_code,real:apps\desktop_flutter\windows\runner\main.cpp,validation
brotli,6,brotli|6|identity,identity,6.416666666666667,0.0005507000023499131,4.129999433644116e-05,smallest,0.0042851643991878244,2ffff4aab3653131b3ec,json,real:apps\desktop_flutter\.dart_tool\extension_discovery\vs_code.json,train
raw,,raw|default|identity,identity,8.0,7.800001185387373e-06,5.599998985417187e-06,fastest,0.013380281690140845,2ffff4aab3653131b3ec,json,real:apps\desktop_flutter\.dart_tool\extension_discovery\vs_code.json,train
brotli,6,brotli|6|identity,identity,6.416666666666667,0.0005507000023499131,4.129999433644116e-05,balanced,0.06264127548584222,2ffff4aab3653131b3ec,json,real:apps\desktop_flutter\.dart_tool\extension_discovery\vs_code.json,train
brotli,11,brotli|11|identity,identity,6.8218994140625,0.48722429999907035,0.0010016000014729798,smallest,0.0167257188325641,302a07d24b61368de502,video,real:engines\XAI-Compress\data\test\archive (1)\FaceForensics++_C23\DeepFakeDetection\03_26__talking_against_wall__WBSXBL82.mp4,test
zstd,3,zstd|3|identity,identity,7.145263671875,0.0004315999976824969,4.129999433644116e-05,fastest,0.015364654797618211,302a07d24b61368de502,video,real:engines\XAI-Compress\data\test\archive (1)\FaceForensics++_C23\DeepFakeDetection\03_26__talking_against_wall__WBSXBL82.mp4,test
brotli,6,brotli|6|identity,identity,6.8465576171875,0.004376400000182912,0.0005303000070853159,balanced,0.02424785547791876,302a07d24b61368de502,video,real:engines\XAI-Compress\data\test\archive (1)\FaceForensics++_C23\DeepFakeDetection\03_26__talking_against_wall__WBSXBL82.mp4,test
brotli,9,brotli|9|identity,identity,7.2864990234375,0.027306700008921325,0.0006305999995674938,smallest,0.014948171003403274,305cd5af1b0709b0c083,video,real:engines\XAI-Compress\data\test\archive (1)\FaceForensics++_C23\DeepFakeDetection\03_21__exit_phone_room__YCSEBZO4.mp4,train
zstd,1,zstd|1|identity,identity,7.43896484375,0.00034440000308677554,3.9000005926936865e-05,fastest,0.012418781843328678,305cd5af1b0709b0c083,video,real:engines\XAI-Compress\data\test\archive (1)\FaceForensics++_C23\DeepFakeDetection\03_21__exit_phone_room__YCSEBZO4.mp4,train
brotli,6,brotli|6|identity,identity,7.288330078125,0.0038526999996975064,0.0005949000042164698,balanced,0.0210198467113911,305cd5af1b0709b0c083,video,real:engines\XAI-Compress\data\test\archive (1)\FaceForensics++_C23\DeepFakeDetection\03_21__exit_phone_room__YCSEBZO4.mp4,train
raw,,raw|default|identity,identity,8.0,4.6000059228390455e-06,3.200009814463556e-06,smallest,0.0,30c907c4dc0ac5d0a034,source_code,real:apps\public_nextjs\.next\server\interception-route-rewrite-manifest.js,train
raw,,raw|default|identity,identity,8.0,4.6000059228390455e-06,3.200009814463556e-06,fastest,0.0,30c907c4dc0ac5d0a034,source_code,real:apps\public_nextjs\.next\server\interception-route-rewrite-manifest.js,train
raw,,raw|default|identity,identity,8.0,4.6000059228390455e-06,3.200009814463556e-06,balanced,0.0,30c907c4dc0ac5d0a034,source_code,real:apps\public_nextjs\.next\server\interception-route-rewrite-manifest.js,train
brotli,11,brotli|11|identity,identity,4.264404296875,0.38433159999840427,0.001160400002845563,smallest,0.027677926335587313,30eca089ba1e87af7f52,model,real:engines\XAI-Compress\results\model_search\imports\auto\residual-scale-depth-3c28504154\v1\results\model_search\residual_scale_depth\short_screen.epoch-0001.pt,validation
zstd,3,zstd|3|identity,identity,4.6708984375,0.0005256000004010275,0.0002263000060338527,fastest,0.014898425175527755,30eca089ba1e87af7f52,model,real:engines\XAI-Compress\results\model_search\imports\auto\residual-scale-depth-3c28504154\v1\results\model_search\residual_scale_depth\short_screen.epoch-0001.pt,validation
zstd,9,zstd|9|identity,identity,4.59326171875,0.0026174999948125333,0.00023040000814944506,balanced,0.04864355790517331,30eca089ba1e87af7f52,model,real:engines\XAI-Compress\results\model_search\imports\auto\residual-scale-depth-3c28504154\v1\results\model_search\residual_scale_depth\short_screen.epoch-0001.pt,validation
brotli,11,brotli|11|identity,identity,2.8823866896156054,0.0056404000060865656,5.160000000614673e-05,smallest,0.01774453400294845,310e77b399b1ff1a7f33,source_code,real:apps\mobile_authenticator_flutter\lib\main.dart,validation
deflate,6,deflate|6|identity,identity,3.185312679288583,7.399999594781548e-05,1.7400001524947584e-05,fastest,0.02382999521512323,310e77b399b1ff1a7f33,source_code,real:apps\mobile_authenticator_flutter\lib\main.dart,validation
deflate,9,deflate|9|identity,identity,3.185312679288583,8.179999713320285e-05,1.6599995433352888e-05,balanced,0.04045245455696619,310e77b399b1ff1a7f33,source_code,real:apps\mobile_authenticator_flutter\lib\main.dart,validation
brotli,6,brotli|6|identity,identity,6.806640625,0.001959100001840852,0.000262100002146326,smallest,0.01369377140432682,3113a97343c012980e49,video,real:engines\XAI-Compress\data\test\archive (1)\FaceForensics++_C23\DeepFakeDetection\03_01__outside_talking_still_laughing__JZUXXFRB.mp4,train
zstd,3,zstd|3|identity,identity,7.0440673828125,0.00016369999502785504,1.1800002539530396e-05,fastest,0.011030468192062742,3113a97343c012980e49,video,real:engines\XAI-Compress\data\test\archive (1)\FaceForensics++_C23\DeepFakeDetection\03_01__outside_talking_still_laughing__JZUXXFRB.mp4,train
brotli,6,brotli|6|identity,identity,6.806640625,0.001959100001840852,0.000262100002146326,balanced,0.01360839850076064,3113a97343c012980e49,video,real:engines\XAI-Compress\data\test\archive (1)\FaceForensics++_C23\DeepFakeDetection\03_01__outside_talking_still_laughing__JZUXXFRB.mp4,train
brotli,11,brotli|11|identity,identity,1.36520990723917,0.14338120000320487,0.00036980000732000917,smallest,0.015240601640529115,316bca2d06072bb82678,logs,real:engines\XAI-Compress\results\model_search\imports\candidate_a_retry_20260831\xai-compress-candidate-a-lr-0-0003-clean-retry.log,train
zstd,1,zstd|1|identity,identity,1.9454910586210195,0.0003952999977627769,0.00015729998995084316,fastest,0.00782018592496266,316bca2d06072bb82678,logs,real:engines\XAI-Compress\results\model_search\imports\candidate_a_retry_20260831\xai-compress-candidate-a-lr-0-0003-clean-retry.log,train
brotli,6,brotli|6|identity,identity,1.6804054700200823,0.004302200002712198,0.0003377000102773309,balanced,0.03329420505712395,316bca2d06072bb82678,logs,real:engines\XAI-Compress\results\model_search\imports\candidate_a_retry_20260831\xai-compress-candidate-a-lr-0-0003-clean-retry.log,train
brotli,6,brotli|6|identity,identity,6.922119140625,0.0032375000009778887,0.0003257999924244359,smallest,0.008730356080267463,3195eee4a59ac79f4da4,video,real:engines\XAI-Compress\data\test\archive (1)\FaceForensics++_C23\DeepFakeDetection\04_01__kitchen_still__6I623VU9.mp4,test
zstd,3,zstd|3|identity,identity,7.1651611328125,0.00036950000503566116,3.0300012440420687e-05,fastest,0.012856115098912354,3195eee4a59ac79f4da4,video,real:engines\XAI-Compress\data\test\archive (1)\FaceForensics++_C23\DeepFakeDetection\04_01__kitchen_still__6I623VU9.mp4,test
brotli,6,brotli|6|identity,identity,6.922119140625,0.0032375000009778887,0.0003257999924244359,balanced,0.013094665267259683,3195eee4a59ac79f4da4,video,real:engines\XAI-Compress\data\test\archive (1)\FaceForensics++_C23\DeepFakeDetection\04_01__kitchen_still__6I623VU9.mp4,test
brotli,11,brotli|11|identity,identity,6.797857907890039,0.2127084000094328,0.00026220000290777534,smallest,0.01590676196276911,31ab605dddfc0de8f009,model,real:engines\XAI-Compress\.test-tmp\kaggle-workflow-final\test_neural_rans_roundtrip0\tiny.pt,validation
zstd,6,zstd|6|identity,identity,6.994073545162442,0.0004346999921835959,8.490000618621707e-05,fastest,0.014162302278903603,31ab605dddfc0de8f009,model,real:engines\XAI-Compress\.test-tmp\kaggle-workflow-final\test_neural_rans_roundtrip0\tiny.pt,validation
brotli,6,brotli|6|identity,identity,6.864119957158158,0.0028560000064317137,0.0004842999915126711,balanced,0.05135240039637496,31ab605dddfc0de8f009,model,real:engines\XAI-Compress\.test-tmp\kaggle-workflow-final\test_neural_rans_roundtrip0\tiny.pt,validation
brotli,9,brotli|9|identity,identity,2.1898454746136866,0.0007684000011067837,2.7400004910305142e-05,smallest,0.0030645768036990277,31cfc4158bb47e02efd9,json,real:apps\public_nextjs\.next\app-build-manifest.json,validation
deflate,1,deflate|1|identity,identity,2.543046357615894,3.810001362580806e-05,1.2600008631125093e-05,fastest,0.01613584763316718,31cfc4158bb47e02efd9,json,real:apps\public_nextjs\.next\app-build-manifest.json,validation
deflate,9,deflate|9|identity,identity,2.3311258278145695,9.040000441018492e-05,1.750000228639692e-05,balanced,0.02714955080202983,31cfc4158bb47e02efd9,json,real:apps\public_nextjs\.next\app-build-manifest.json,validation
brotli,9,brotli|9|identity,identity,3.711500974658869,0.001330200000666082,3.680000372696668e-05,smallest,0.004723484638189294,3227da1dbc2dfac8e17f,source_code,real:apps\public_nextjs\.next\server\middleware-build-manifest.js,test
deflate,1,deflate|1|identity,identity,4.491228070175438,4.2100000428035855e-05,1.4099990949034691e-05,fastest,0.024358486831272883,3227da1dbc2dfac8e17f,source_code,real:apps\public_nextjs\.next\server\middleware-build-manifest.js,test
deflate,9,deflate|9|identity,identity,3.898635477582846,7.979999645613134e-05,2.099999983329326e-05,balanced,0.03858412664603641,3227da1dbc2dfac8e17f,source_code,real:apps\public_nextjs\.next\server\middleware-build-manifest.js,test
raw,,raw|default|identity,identity,8.0,8.500006515532732e-06,5.699999746866524e-06,smallest,0.0,32408d77222fb1437ee4,binary,real:engines\XAI-Compress\.test-tmp\final-all\test_v3_tiny_chunks_and_empty_1\in,train
raw,,raw|default|identity,identity,8.0,8.500006515532732e-06,5.699999746866524e-06,fastest,0.0,32408d77222fb1437ee4,binary,real:engines\XAI-Compress\.test-tmp\final-all\test_v3_tiny_chunks_and_empty_1\in,train
raw,,raw|default|identity,identity,8.0,8.500006515532732e-06,5.699999746866524e-06,balanced,0.0,32408d77222fb1437ee4,binary,real:engines\XAI-Compress\.test-tmp\final-all\test_v3_tiny_chunks_and_empty_1\in,train
brotli,4,brotli|4|identity,identity,6.424242424242424,4.4200001866556704e-05,1.0000003385357559e-05,smallest,0.0009572274809529027,324866fdc950a7df39b8,binary,real:apps\admin_dotnet\obj\Debug\net8.0\AdminDotNet.AssemblyInfoInputs.cache,validation
raw,,raw|default|identity,identity,8.0,3.500012098811567e-06,2.3000029614195228e-06,fastest,0.009154929577464789,324866fdc950a7df39b8,binary,real:apps\admin_dotnet\obj\Debug\net8.0\AdminDotNet.AssemblyInfoInputs.cache,validation
brotli,4,brotli|4|identity,identity,6.424242424242424,4.4200001866556704e-05,1.0000003385357559e-05,balanced,0.013695150840759831,324866fdc950a7df39b8,binary,real:apps\admin_dotnet\obj\Debug\net8.0\AdminDotNet.AssemblyInfoInputs.cache,validation
brotli,11,brotli|11|identity,identity,3.4098360655737703,0.008894600003259256,5.509999755304307e-05,smallest,0.016258586796248052,3262ccc3e7cb2abcfe60,source_code,real:engines\XAI-Compress\results\model_search\imports\auto\lr-0-0002-f316e33308\v1\XAI-Compress\scripts\kaggle\submit_training.ps1,validation
zstd,3,zstd|3|identity,identity,4.075288403157256,7.130000449251384e-05,2.7299989596940577e-05,fastest,0.02173459475765217,3262ccc3e7cb2abcfe60,source_code,real:engines\XAI-Compress\results\model_search\imports\auto\lr-0-0002-f316e33308\v1\XAI-Compress\scripts\kaggle\submit_training.ps1,validation
deflate,6,deflate|6|identity,identity,3.895567698846387,0.00013580000086221844,3.189999551977962e-05,balanced,0.06123851094374593,3262ccc3e7cb2abcfe60,source_code,real:engines\XAI-Compress\results\model_search\imports\auto\lr-0-0002-f316e33308\v1\XAI-Compress\scripts\kaggle\submit_training.ps1,validation
brotli,11,brotli|11|identity,identity,5.428863868986694,0.007695000007515773,4.939999780617654e-05,smallest,0.015063400934302435,329e3e0988ab39a3841f,binary,real:engines\XAI-Compress\.test-tmp\final-all\test_v3_chunk_checksum_failure0\out,test
zstd,3,zstd|3|identity,identity,6.206755373592631,6.059999577701092e-05,1.3899989426136017e-05,fastest,0.02701104841726153,329e3e0988ab39a3841f,binary,real:engines\XAI-Compress\.test-tmp\final-all\test_v3_chunk_checksum_failure0\out,test
brotli,6,brotli|6|identity,identity,5.6253838280450355,0.001554500006022863,4.730001091957092e-05,balanced,0.1134075213531667,329e3e0988ab39a3841f,binary,real:engines\XAI-Compress\.test-tmp\final-all\test_v3_chunk_checksum_failure0\out,test
brotli,11,brotli|11|identity,identity,4.269938650306749,0.0024357999936910346,3.2199997804127634e-05,smallest,0.006676728603342346,32a308c2731501ef4fec,source_code,real:apps\admin_dotnet\Services\AdminSession.cs,validation
zstd,6,zstd|6|identity,identity,4.9815950920245395,5.560000136028975e-05,1.8100006855092943e-05,fastest,0.032155581172077896,32a308c2731501ef4fec,source_code,real:apps\admin_dotnet\Services\AdminSession.cs,validation
brotli,6,brotli|6|identity,identity,4.49079754601227,0.0007668999896850437,3.4900003811344504e-05,balanced,0.08676714677434313,32a308c2731501ef4fec,source_code,real:apps\admin_dotnet\Services\AdminSession.cs,validation
brotli,11,brotli|11|identity,identity,6.13550135501355,0.002954600000521168,4.269999044481665e-05,smallest,0.009229798471083647,32a43a677188eb92d77a,json,real:apps\admin_dotnet\obj\Debug\net8.0\rjimswa.dswa.cache.json,train
deflate,9,deflate|9|identity,identity,6.569105691056911,6.0699996538460255e-05,1.6300007700920105e-05,fastest,0.03524531612434306,32a43a677188eb92d77a,json,real:apps\admin_dotnet\obj\Debug\net8.0\rjimswa.dswa.cache.json,train
brotli,4,brotli|4|identity,identity,6.482384823848238,0.00011979999544564635,2.4200009647756815e-05,balanced,0.1047226566326516,32a43a677188eb92d77a,json,real:apps\admin_dotnet\obj\Debug\net8.0\rjimswa.dswa.cache.json,train
brotli,11,brotli|11|identity,identity,6.542172903053295,0.47360650000337046,0.001297599999816157,smallest,0.01750904230453824,32ba200fc94015519830,model,real:engines\XAI-Compress\.test-tmp\final-all\test_neural_transformer_roundt0\tr.pt,train
zstd,9,zstd|9|identity,identity,6.785634306532748,0.0010499000054551288,0.00011909999011550099,fastest,0.013545022359528482,32ba200fc94015519830,model,real:engines\XAI-Compress\.test-tmp\final-all\test_neural_transformer_roundt0\tr.pt,train
brotli,6,brotli|6|identity,identity,6.655681267443221,0.002417399999103509,0.000614999997196719,balanced,0.05238538458219245,32ba200fc94015519830,model,real:engines\XAI-Compress\.test-tmp\final-all\test_neural_transformer_roundt0\tr.pt,train
brotli,11,brotli|11|identity,identity,4.805369127516778,0.0039840999961597845,5.160000000614673e-05,smallest,0.010738444884408437,32d89176e2d3708d119b,markdown,real:engines\XAI-Compress\results\final_project\limitations.md,train
zstd,6,zstd|6|identity,identity,6.040268456375839,7.759999425616115e-05,2.580000727903098e-05,fastest,0.03910464830812678,32d89176e2d3708d119b,markdown,real:engines\XAI-Compress\results\final_project\limitations.md,train
brotli,6,brotli|6|identity,identity,5.315436241610739,0.0011335000017425045,4.8000001697801054e-05,balanced,0.14014998361848408,32d89176e2d3708d119b,markdown,real:engines\XAI-Compress\results\final_project\limitations.md,train
brotli,6,brotli|6|identity,identity,6.960205078125,0.0037057000008644536,0.0006271000020205975,smallest,0.007464253447425325,3301a9173e2fc7fc9073,video,real:engines\XAI-Compress\data\test\archive (1)\FaceForensics++_C23\DeepFakeDetection\04_07__outside_talking_still_laughing__QKCCFKBT.mp4,train
deflate,9,deflate|9|identity,identity,7.06884765625,0.001445000001695007,9.290000889450312e-05,fastest,0.011032410676374236,3301a9173e2fc7fc9073,video,real:engines\XAI-Compress\data\test\archive (1)\FaceForensics++_C23\DeepFakeDetection\04_07__outside_talking_still_laughing__QKCCFKBT.mp4,train
brotli,6,brotli|6|identity,identity,6.960205078125,0.0037057000008644536,0.0006271000020205975,balanced,0.020093520024540935,3301a9173e2fc7fc9073,video,real:engines\XAI-Compress\data\test\archive (1)\FaceForensics++_C23\DeepFakeDetection\04_07__outside_talking_still_laughing__QKCCFKBT.mp4,train
brotli,11,brotli|11|identity,identity,2.658682634730539,0.005256999997072853,4.8300003982149065e-05,smallest,0.016163203258370278,3302eb1afa92cfba09db,source_code,real:apps\desktop_flutter\lib\models\app_models.dart,test
zstd,3,zstd|3|identity,identity,3.094610778443114,3.9999998989515007e-05,1.610000617802143e-05,fastest,0.014334055003715327,3302eb1afa92cfba09db,source_code,real:apps\desktop_flutter\lib\models\app_models.dart,test
deflate,9,deflate|9|identity,identity,2.9125748502994013,7.100000220816582e-05,1.4899997040629387e-05,balanced,0.02944584182462263,3302eb1afa92cfba09db,source_code,real:apps\desktop_flutter\lib\models\app_models.dart,test
brotli,9,brotli|9|identity,identity,5.424657534246576,0.0005920999974478036,2.1100000594742596e-05,smallest,0.0031063572427593947,331720219e4df449a1b6,json,real:apps\web_angular\.angular\cache\20.3.28\xai-web\vite\deps_ssr\_metadata.json,train
deflate,6,deflate|6|identity,identity,6.301369863013699,5.0300004659220576e-05,8.200004231184721e-06,fastest,0.023010502972620785,331720219e4df449a1b6,json,real:apps\web_angular\.angular\cache\20.3.28\xai-web\vite\deps_ssr\_metadata.json,train
brotli,9,brotli|9|identity,identity,5.424657534246576,0.0005920999974478036,2.1100000594742596e-05,balanced,0.04888619023162208,331720219e4df449a1b6,json,real:apps\web_angular\.angular\cache\20.3.28\xai-web\vite\deps_ssr\_metadata.json,train
brotli,11,brotli|11|identity,identity,6.780149946447697,0.1657005000015488,0.000637400007690303,smallest,0.017553508643119352,33871ff9658d3db6be3a,model,real:engines\XAI-Compress\.test-tmp\test_neural_gru_roundtrip0\tiny.pt,train
zstd,6,zstd|6|identity,identity,7.003498750446269,0.00047509999421890825,0.00010279999696649611,fastest,0.017667221245127172,33871ff9658d3db6be3a,model,real:engines\XAI-Compress\.test-tmp\test_neural_gru_roundtrip0\tiny.pt,train
brotli,6,brotli|6|identity,identity,6.858122099250267,0.0028618000069400296,0.0005003999976906925,balanced,0.060625355448823116,33871ff9658d3db6be3a,model,real:engines\XAI-Compress\.test-tmp\test_neural_gru_roundtrip0\tiny.pt,train
brotli,11,brotli|11|identity,identity,6.78129239557301,0.18493249999301042,0.0007707999902777374,smallest,0.01801891720805117,339af94f88272cc6fb2d,model,real:engines\XAI-Compress\.test-tmp\final-validation\test_neural_rans_roundtrip0\tiny.pt,train
zstd,9,zstd|9|identity,identity,7.000928239914316,0.00018370000179857016,3.700000524986535e-05,fastest,0.011960697022016808,339af94f88272cc6fb2d,model,real:engines\XAI-Compress\.test-tmp\final-validation\test_neural_rans_roundtrip0\tiny.pt,train
brotli,6,brotli|6|identity,identity,6.8552659764369865,0.0024861999991117045,0.0001863000070443377,balanced,0.04100748755831651,339af94f88272cc6fb2d,model,real:engines\XAI-Compress\.test-tmp\final-validation\test_neural_rans_roundtrip0\tiny.pt,train
lzma2,6,lzma2|6|identity,identity,6.17041015625,0.03460999998787884,0.007986300013726577,smallest,0.025173154483147612,33d954eab6b15d28c261,model,real:engines\XAI-Compress\checkpoints\neural_lossy_v1\validation.epoch-0001.pt,validation
zstd,1,zstd|1|identity,identity,6.916259765625,0.0004394999996293336,0.00028900000324938446,fastest,0.02937874046620224,33d954eab6b15d28c261,model,real:engines\XAI-Compress\checkpoints\neural_lossy_v1\validation.epoch-0001.pt,validation
brotli,6,brotli|6|identity,identity,6.466064453125,0.006348499999148771,0.0014236999995773658,balanced,0.10952677941516617,33d954eab6b15d28c261,model,real:engines\XAI-Compress\checkpoints\neural_lossy_v1\validation.epoch-0001.pt,validation
brotli,11,brotli|11|identity,identity,7.6728515625,0.7426772000035271,0.0010368999937782064,smallest,0.017185564956602308,33e0d3c3c2a5a53d52ed,video,real:engines\XAI-Compress\data\test\archive (1)\FaceForensics++_C23\DeepFakeDetection\01_15__exit_phone_room__02HILKYO.mp4,validation
deflate,9,deflate|9|identity,identity,7.7349853515625,0.0013318999990588054,0.00010320000001229346,fastest,0.011023270778332536,33e0d3c3c2a5a53d52ed,video,real:engines\XAI-Compress\data\test\archive (1)\FaceForensics++_C23\DeepFakeDetection\01_15__exit_phone_room__02HILKYO.mp4,validation
brotli,6,brotli|6|identity,identity,7.6824951171875,0.003926100005628541,0.0005904999998165295,balanced,0.02701690287647272,33e0d3c3c2a5a53d52ed,video,real:engines\XAI-Compress\data\test\archive (1)\FaceForensics++_C23\DeepFakeDetection\01_15__exit_phone_room__02HILKYO.mp4,validation
brotli,6,brotli|6|identity,identity,6.807861328125,0.003888599996571429,0.0006176000024424866,smallest,0.017095434693593405,33e6ebc6f7164821ab13,video,real:engines\XAI-Compress\data\test\archive (1)\FaceForensics++_C23\DeepFakeDetection\03_09__outside_talking_still_laughing__RCETIXYL.mp4,validation
zstd,6,zstd|6|identity,identity,7.102294921875,0.00117270000919234,3.54999938281253e-05,fastest,0.015010767198850238,33e6ebc6f7164821ab13,video,real:engines\XAI-Compress\data\test\archive (1)\FaceForensics++_C23\DeepFakeDetection\03_09__outside_talking_still_laughing__RCETIXYL.mp4,validation
brotli,6,brotli|6|identity,identity,6.807861328125,0.003888599996571429,0.0006176000024424866,balanced,0.022139811060947926,33e6ebc6f7164821ab13,video,real:engines\XAI-Compress\data\test\archive (1)\FaceForensics++_C23\DeepFakeDetection\03_09__outside_talking_still_laughing__RCETIXYL.mp4,validation
lzma2,6,lzma2|6|identity,identity,0.97314453125,0.023244500000146218,0.001717299994197674,smallest,0.010919841335926434,33ee9cdee674f29d2d9e,csv,real:engines\XAI-Compress\results\hybrid_ai\selector_dataset.csv,train
zstd,1,zstd|1|identity,identity,1.113525390625,0.0003539000026648864,0.00013839999155607074,fastest,0.0031896258775285114,33ee9cdee674f29d2d9e,csv,real:engines\XAI-Compress\results\hybrid_ai\selector_dataset.csv,train
brotli,4,brotli|4|identity,identity,1.0699462890625,0.0016528999985894188,0.0002792000013869256,balanced,0.013643170131102764,33ee9cdee674f29d2d9e,csv,real:engines\XAI-Compress\results\hybrid_ai\selector_dataset.csv,train
brotli,11,brotli|11|identity,identity,2.637709772951629,0.005245899999863468,5.0699993153102696e-05,smallest,0.010745525236508494,340338e31259d9916d70,xml,real:apps\mobile_authenticator_flutter\android\app\src\main\res\values-night\styles.xml,train
zstd,3,zstd|3|identity,identity,3.8775913129318855,5.740000051446259e-05,2.160000440198928e-05,fastest,0.027116732802479077,340338e31259d9916d70,xml,real:apps\mobile_authenticator_flutter\android\app\src\main\res\values-night\styles.xml,train
brotli,4,brotli|4|identity,identity,3.3484698914116486,0.00019890000112354755,3.759999526664615e-05,balanced,0.08400414338279134,340338e31259d9916d70,xml,real:apps\mobile_authenticator_flutter\android\app\src\main\res\values-night\styles.xml,train
brotli,9,brotli|9|identity,identity,5.271028037383178,0.0008707999950274825,2.3999993572942913e-05,smallest,0.00407485036665764,341d9288e24a0ece0af5,xml,real:apps\web_angular\public\favicon.svg,train
raw,,raw|default|identity,identity,8.0,5.49999822396785e-06,3.6999990697950125e-06,fastest,0.038421052631578946,341d9288e24a0ece0af5,xml,real:apps\web_angular\public\favicon.svg,train
brotli,9,brotli|9|identity,identity,5.271028037383178,0.0008707999950274825,2.3999993572942913e-05,balanced,0.06426441361103213,341d9288e24a0ece0af5,xml,real:apps\web_angular\public\favicon.svg,train
brotli,11,brotli|11|identity,identity,3.302127659574468,0.003973400001996197,4.400000034365803e-05,smallest,0.009898082695364277,346c69a99f96a9feab45,json,real:apps\public_nextjs\tsconfig.json,train
zstd,6,zstd|6|identity,identity,3.7900709219858157,7.429999823216349e-05,2.099999983329326e-05,fastest,0.027425463338274378,346c69a99f96a9feab45,json,real:apps\public_nextjs\tsconfig.json,train
deflate,9,deflate|9|identity,identity,3.6198581560283687,9.490000957157463e-05,2.400000812485814e-05,balanced,0.04931454609510865,346c69a99f96a9feab45,json,real:apps\public_nextjs\tsconfig.json,train
brotli,11,brotli|11|identity,identity,3.769491525423729,0.001644000003580004,1.9800005247816443e-05,smallest,0.008195513052563542,3470d448567d9d2ac0f7,html,real:apps\web_angular\src\index.html,train
zstd,9,zstd|9|identity,identity,5.613559322033899,3.120000474154949e-05,9.199997293762863e-06,fastest,0.04391700955060816,3470d448567d9d2ac0f7,html,real:apps\web_angular\src\index.html,train
brotli,6,brotli|6|identity,identity,4.094915254237288,0.0004786999925272539,1.85999961104244e-05,balanced,0.1001933323963591,3470d448567d9d2ac0f7,html,real:apps\web_angular\src\index.html,train
raw,,raw|default|identity,identity,8.0,4.899993655271828e-06,3.7999998312443495e-06,smallest,0.0,348a8cf838920430b77d,binary,real:engines\XAI-Compress\.test-tmp\final-all\test_failed_decompression_leav0\bad.xaic,train
raw,,raw|default|identity,identity,8.0,4.899993655271828e-06,3.7999998312443495e-06,fastest,0.0,348a8cf838920430b77d,binary,real:engines\XAI-Compress\.test-tmp\final-all\test_failed_decompression_leav0\bad.xaic,train
raw,,raw|default|identity,identity,8.0,4.899993655271828e-06,3.7999998312443495e-06,balanced,0.0,348a8cf838920430b77d,binary,real:engines\XAI-Compress\.test-tmp\final-all\test_failed_decompression_leav0\bad.xaic,train
brotli,6,brotli|6|identity,identity,7.2945556640625,0.003598400013288483,0.0005952000065008178,smallest,0.007980014507965353,349a429b63ba827da16d,video,real:engines\XAI-Compress\data\test\archive (1)\FaceForensics++_C23\DeepFakeDetection\03_09__kitchen_pan__8DTEGQ54.mp4,test
zstd,3,zstd|3|identity,identity,7.4564208984375,0.0003912999964086339,2.9499991796910763e-05,fastest,0.0129083307765319,349a429b63ba827da16d,video,real:engines\XAI-Compress\data\test\archive (1)\FaceForensics++_C23\DeepFakeDetection\03_09__kitchen_pan__8DTEGQ54.mp4,test
brotli,6,brotli|6|identity,identity,7.2945556640625,0.003598400013288483,0.0005952000065008178,balanced,0.017975042741367374,349a429b63ba827da16d,video,real:engines\XAI-Compress\data\test\archive (1)\FaceForensics++_C23\DeepFakeDetection\03_09__kitchen_pan__8DTEGQ54.mp4,test
brotli,4,brotli|4|identity,identity,0.729589804858622,0.00021349999587982893,3.680000372696668e-05,smallest,0.012291394280781959,34a7e2776e08c7473a31,logs,real:engines\XAI-Compress\results\model_search\imports\candidate_a_retry_20260831\watch.log,train
zstd,3,zstd|3|identity,identity,0.8187972919155715,6.749999010935426e-05,2.580000727903098e-05,fastest,0.006508170171001855,34a7e2776e08c7473a31,logs,real:engines\XAI-Compress\results\model_search\imports\candidate_a_retry_20260831\watch.log,train
brotli,4,brotli|4|identity,identity,0.729589804858622,0.00021349999587982893,3.680000372696668e-05,balanced,0.01254351003266952,34a7e2776e08c7473a31,logs,real:engines\XAI-Compress\results\model_search\imports\candidate_a_retry_20260831\watch.log,train
brotli,9,brotli|9|identity,identity,6.67138671875,0.027474300004541874,0.0005505000008270144,smallest,0.011010786720063104,3530cbf427fe3db74eee,video,real:engines\XAI-Compress\data\test\archive (1)\FaceForensics++_C23\DeepFakeDetection\02_12__podium_speech_happy__9D2ZHEKW.mp4,validation
zstd,3,zstd|3|identity,identity,6.9359130859375,0.0004355000128271058,3.4500000765547156e-05,fastest,0.011621109137287713,3530cbf427fe3db74eee,video,real:engines\XAI-Compress\data\test\archive (1)\FaceForensics++_C23\DeepFakeDetection\02_12__podium_speech_happy__9D2ZHEKW.mp4,validation
brotli,6,brotli|6|identity,identity,6.67236328125,0.004014000005554408,0.0006059000006644055,balanced,0.019176816011651908,3530cbf427fe3db74eee,video,real:engines\XAI-Compress\data\test\archive (1)\FaceForensics++_C23\DeepFakeDetection\02_12__podium_speech_happy__9D2ZHEKW.mp4,validation
raw,,raw|default|identity,identity,8.0,7.599999662488699e-06,6.599992047995329e-06,smallest,0.0,356faeba629e9a4e0cb1,binary,real:apps\desktop_flutter\build\fc42f6600d34cb98265d12e236f28fea\_composite.stamp,train
raw,,raw|default|identity,identity,8.0,7.599999662488699e-06,6.599992047995329e-06,fastest,0.0,356faeba629e9a4e0cb1,binary,real:apps\desktop_flutter\build\fc42f6600d34cb98265d12e236f28fea\_composite.stamp,train
raw,,raw|default|identity,identity,8.0,7.599999662488699e-06,6.599992047995329e-06,balanced,0.0,356faeba629e9a4e0cb1,binary,real:apps\desktop_flutter\build\fc42f6600d34cb98265d12e236f28fea\_composite.stamp,train
brotli,6,brotli|6|identity,identity,7.1160888671875,0.0038182999996934086,0.000611299998126924,smallest,0.005834912951306332,35da042ca969cf895b0d,video,real:engines\XAI-Compress\data\test\archive (1)\FaceForensics++_C23\DeepFakeDetection\02_07__hugging_happy__1JCLEEBQ.mp4,train
zstd,9,zstd|9|identity,identity,7.3282470703125,0.0011363999947207049,3.2099997042678297e-05,fastest,0.014128485706248597,35da042ca969cf895b0d,video,real:engines\XAI-Compress\data\test\archive (1)\FaceForensics++_C23\DeepFakeDetection\02_07__hugging_happy__1JCLEEBQ.mp4,train
brotli,6,brotli|6|identity,identity,7.1160888671875,0.0038182999996934086,0.000611299998126924,balanced,0.017300090076473568,35da042ca969cf895b0d,video,real:engines\XAI-Compress\data\test\archive (1)\FaceForensics++_C23\DeepFakeDetection\02_07__hugging_happy__1JCLEEBQ.mp4,train
lzma2,6,lzma2|6|identity,identity,3.789584985461274,0.020608699996955693,0.0024821999977575615,smallest,0.016276052321005957,35ea5acc62ff7dc743ae,executable,real:apps\admin_dotnet\bin\Debug\net8.0\Microsoft.Extensions.Diagnostics.ExceptionSummarization.dll,train
zstd,9,zstd|9|identity,identity,4.154903515728258,0.0006634000019403175,6.249999569263309e-05,fastest,0.012291512538181398,35ea5acc62ff7dc743ae,executable,real:apps\admin_dotnet\bin\Debug\net8.0\Microsoft.Extensions.Diagnostics.ExceptionSummarization.dll,train
brotli,6,brotli|6|identity,identity,3.999206978588422,0.0020745000074384734,0.00021099999139551073,balanced,0.04115843329085519,35ea5acc62ff7dc743ae,executable,real:apps\admin_dotnet\bin\Debug\net8.0\Microsoft.Extensions.Diagnostics.ExceptionSummarization.dll,train
lzma2,6,lzma2|6|identity,identity,3.0960676953708313,0.035860000003594905,0.004376400000182912,smallest,0.01273717730737132,3618d461b53c3a662347,executable,real:apps\admin_dotnet\bin\Debug\net8.0\Microsoft.Extensions.DependencyInjection.Abstractions.dll,validation
zstd,6,zstd|6|identity,identity,3.5209059233449476,0.002582900007837452,0.00024590000975877047,fastest,0.019847729057595513,3618d461b53c3a662347,executable,real:apps\admin_dotnet\bin\Debug\net8.0\Microsoft.Extensions.DependencyInjection.Abstractions.dll,validation
zstd,6,zstd|6|identity,identity,3.5209059233449476,0.002582900007837452,0.00024590000975877047,balanced,0.049578279934992746,3618d461b53c3a662347,executable,real:apps\admin_dotnet\bin\Debug\net8.0\Microsoft.Extensions.DependencyInjection.Abstractions.dll,validation
brotli,6,brotli|6|identity,identity,5.900990099009901,0.0003716999926837161,1.610000617802143e-05,smallest,0.004011430246699249,366cdc62002bb9c78195,xml,real:apps\admin_dotnet\wwwroot\favicon.svg,validation
raw,,raw|default|identity,identity,8.0,3.3999967854470015e-06,2.0000006770715117e-06,fastest,0.030459770114942532,366cdc62002bb9c78195,xml,real:apps\admin_dotnet\wwwroot\favicon.svg,validation
brotli,6,brotli|6|identity,identity,5.900990099009901,0.0003716999926837161,1.610000617802143e-05,balanced,0.06262560153490462,366cdc62002bb9c78195,xml,real:apps\admin_dotnet\wwwroot\favicon.svg,validation
lzma2,6,lzma2|6|identity,identity,2.73095703125,0.022567799998796545,0.0022391999955289066,smallest,0.01291654227350432,369c1fe157978df2b989,executable,real:apps\admin_dotnet\bin\Debug\net8.0\Microsoft.AspNetCore.Authentication.OpenIdConnect.dll,train
zstd,3,zstd|3|identity,identity,3.27685546875,0.0006851000071037561,0.0001815000141505152,fastest,0.022351347607764836,369c1fe157978df2b989,executable,real:apps\admin_dotnet\bin\Debug\net8.0\Microsoft.AspNetCore.Authentication.OpenIdConnect.dll,train
zstd,9,zstd|9|identity,identity,3.072509765625,0.0025452999980188906,0.00017449998995289207,balanced,0.044683236718316394,369c1fe157978df2b989,executable,real:apps\admin_dotnet\bin\Debug\net8.0\Microsoft.AspNetCore.Authentication.OpenIdConnect.dll,train
brotli,11,brotli|11|identity,identity,3.3444587077449723,0.00922069999796804,7.360000745393336e-05,smallest,0.016209233059765238,36fdadf31a9ecd75add2,csv,real:engines\XAI-Compress\results\hybrid_ai\runtime_breakdown.csv,validation
deflate,6,deflate|6|identity,identity,3.7347026101839966,0.00010400000610388815,2.510000194888562e-05,fastest,0.017431639051373418,36fdadf31a9ecd75add2,csv,real:engines\XAI-Compress\results\hybrid_ai\runtime_breakdown.csv,validation
deflate,6,deflate|6|identity,identity,3.7347026101839966,0.00010400000610388815,2.510000194888562e-05,balanced,0.045940154179013634,36fdadf31a9ecd75add2,csv,real:engines\XAI-Compress\results\hybrid_ai\runtime_breakdown.csv,validation
brotli,11,brotli|11|identity,identity,6.7904319885755084,0.1874705000082031,0.000701400000252761,smallest,0.01712131345346208,374732e470d3e68b772b,model,real:engines\XAI-Compress\.test-tmp\full-rust-resume\test_neural_rans_roundtrip0\tiny.pt,train
zstd,6,zstd|6|identity,identity,7.01235273116744,0.00037789999623782933,8.549999620299786e-05,fastest,0.012590622018289047,374732e470d3e68b772b,model,real:engines\XAI-Compress\.test-tmp\full-rust-resume\test_neural_rans_roundtrip0\tiny.pt,train
brotli,6,brotli|6|identity,identity,6.864119957158158,0.002872400000342168,0.0005622999888146296,balanced,0.05427988110178934,374732e470d3e68b772b,model,real:engines\XAI-Compress\.test-tmp\full-rust-resume\test_neural_rans_roundtrip0\tiny.pt,train
brotli,6,brotli|6|identity,identity,3.7346938775510203,0.000730999992811121,3.2800002372823656e-05,smallest,0.00793220982439328,3751e5d534b30709cc70,source_code,real:apps\web_angular\src\app\app.config.ts,test
deflate,1,deflate|1|identity,identity,4.326530612244898,3.809999907389283e-05,1.340000017080456e-05,fastest,0.02090256187710692,3751e5d534b30709cc70,source_code,real:apps\web_angular\src\app\app.config.ts,test
deflate,6,deflate|6|identity,identity,3.816326530612245,6.709998706355691e-05,2.0000006770715117e-05,balanced,0.027887675518789564,3751e5d534b30709cc70,source_code,real:apps\web_angular\src\app\app.config.ts,test
raw,,raw|default|identity,identity,8.0,3.9000005926936865e-06,2.8999929782003164e-06,smallest,0.0,378ca8ebe3df3e5cd119,logs,real:engines\XAI-Compress\results\model_search\controller_logs\stdout-20260831-132438.log,train
raw,,raw|default|identity,identity,8.0,3.9000005926936865e-06,2.8999929782003164e-06,fastest,0.0,378ca8ebe3df3e5cd119,logs,real:engines\XAI-Compress\results\model_search\controller_logs\stdout-20260831-132438.log,train
raw,,raw|default|identity,identity,8.0,3.9000005926936865e-06,2.8999929782003164e-06,balanced,0.0,378ca8ebe3df3e5cd119,logs,real:engines\XAI-Compress\results\model_search\controller_logs\stdout-20260831-132438.log,train
zstd,6,zstd|6|delta,delta,0.0185546875,4.129999433644116e-05,0.001161300009698607,smallest,0.01505458138592013,37bf4fda9ad1b112c95c,binary,real:engines\XAI-Compress\.test-tmp\final-all\test_corpus_roundtrip0\corpus\binary\pattern.bin,test
zstd,3,zstd|3|identity,identity,0.26953125,4.159999662078917e-05,1.0799994925037026e-05,fastest,0.005469086458259059,37bf4fda9ad1b112c95c,binary,real:engines\XAI-Compress\.test-tmp\final-all\test_corpus_roundtrip0\corpus\binary\pattern.bin,test
zstd,3,zstd|3|identity,identity,0.26953125,4.159999662078917e-05,1.0799994925037026e-05,balanced,0.016460503233454767,37bf4fda9ad1b112c95c,binary,real:engines\XAI-Compress\.test-tmp\final-all\test_corpus_roundtrip0\corpus\binary\pattern.bin,test
brotli,9,brotli|9|identity,identity,7.1861572265625,0.026267799999914132,0.0006231999868759885,smallest,0.012049199017579797,3817bdc501f5816d0d88,video,real:engines\XAI-Compress\data\test\archive (1)\FaceForensics++_C23\DeepFakeDetection\06_07__outside_talking_pan_laughing__NMGYPBXE.mp4,train
zstd,1,zstd|1|identity,identity,7.3563232421875,0.00035180000122636557,3.739999374374747e-05,fastest,0.012316976824662393,3817bdc501f5816d0d88,video,real:engines\XAI-Compress\data\test\archive (1)\FaceForensics++_C23\DeepFakeDetection\06_07__outside_talking_pan_laughing__NMGYPBXE.mp4,train
brotli,6,brotli|6|identity,identity,7.1873779296875,0.003769199989619665,0.000603899999987334,balanced,0.02127221071059213,3817bdc501f5816d0d88,video,real:engines\XAI-Compress\data\test\archive (1)\FaceForensics++_C23\DeepFakeDetection\06_07__outside_talking_pan_laughing__NMGYPBXE.mp4,train
deflate,9,deflate|9|identity,identity,5.405405405405405,3.860000288113952e-05,8.199989679269493e-06,smallest,0.0004425913912674877,383fcf48f2bac3d60ea5,json,real:apps\public_nextjs\.next\server\app-paths-manifest.json,train
deflate,9,deflate|9|identity,identity,5.405405405405405,3.860000288113952e-05,8.199989679269493e-06,fastest,0.009117779921175597,383fcf48f2bac3d60ea5,json,real:apps\public_nextjs\.next\server\app-paths-manifest.json,train
deflate,9,deflate|9|identity,identity,5.405405405405405,3.860000288113952e-05,8.199989679269493e-06,balanced,0.006336532733579203,383fcf48f2bac3d60ea5,json,real:apps\public_nextjs\.next\server\app-paths-manifest.json,train
raw,,raw|default|identity,identity,8.0,4.399989848025143e-06,3.7999998312443495e-06,smallest,0.0,3864c6174e16eb0b6c6c,json,real:apps\public_nextjs\.next\static\webpack\633457081244afec._.hot-update.json,train
raw,,raw|default|identity,identity,8.0,4.399989848025143e-06,3.7999998312443495e-06,fastest,0.0,3864c6174e16eb0b6c6c,json,real:apps\public_nextjs\.next\static\webpack\633457081244afec._.hot-update.json,train
raw,,raw|default|identity,identity,8.0,4.399989848025143e-06,3.7999998312443495e-06,balanced,0.0,3864c6174e16eb0b6c6c,json,real:apps\public_nextjs\.next\static\webpack\633457081244afec._.hot-update.json,train
brotli,11,brotli|11|identity,identity,6.656982421875,0.4680153000081191,0.0010637999948812649,smallest,0.016830587565195974,386e2085d6c63fc79e66,video,real:engines\XAI-Compress\data\test\archive (1)\FaceForensics++_C23\DeepFakeDetection\01_11__meeting_serious__9OM3VE0Y.mp4,train
zstd,3,zstd|3|identity,identity,6.91357421875,0.0004169000021647662,3.1799994758330286e-05,fastest,0.010909504595935716,386e2085d6c63fc79e66,video,real:engines\XAI-Compress\data\test\archive (1)\FaceForensics++_C23\DeepFakeDetection\01_11__meeting_serious__9OM3VE0Y.mp4,train
brotli,6,brotli|6|identity,identity,6.678955078125,0.0039440999971702695,0.0006091000104788691,balanced,0.02381741958462038,386e2085d6c63fc79e66,video,real:engines\XAI-Compress\data\test\archive (1)\FaceForensics++_C23\DeepFakeDetection\01_11__meeting_serious__9OM3VE0Y.mp4,train
brotli,11,brotli|11|identity,identity,6.865234375,0.3974698000092758,0.0007634000066900626,smallest,0.016385761171527576,38b4cd0dee72f881aa59,video,real:engines\XAI-Compress\data\test\archive (1)\FaceForensics++_C23\DeepFakeDetection\02_12__walking_and_outside_surprised__9D2ZHEKW.mp4,train
zstd,9,zstd|9|identity,identity,7.1107177734375,0.0018320000090170652,6.02000072831288e-05,fastest,0.015449342038128028,38b4cd0dee72f881aa59,video,real:engines\XAI-Compress\data\test\archive (1)\FaceForensics++_C23\DeepFakeDetection\02_12__walking_and_outside_surprised__9D2ZHEKW.mp4,train
brotli,6,brotli|6|identity,identity,6.8892822265625,0.004473799999686889,0.0006861000001663342,balanced,0.029497927359806317,38b4cd0dee72f881aa59,video,real:engines\XAI-Compress\data\test\archive (1)\FaceForensics++_C23\DeepFakeDetection\02_12__walking_and_outside_surprised__9D2ZHEKW.mp4,train
brotli,9,brotli|9|identity,identity,4.235294117647059,0.0012872000079369172,3.310000465717167e-05,smallest,0.006169390997297256,396a5f32ed14a13ec7e5,binary,real:apps\mobile_authenticator_flutter\analysis_options.yaml,train
zstd,9,zstd|9|identity,identity,4.9411764705882355,5.470000905916095e-05,1.6099991626106203e-05,fastest,0.034457261137763054,396a5f32ed14a13ec7e5,binary,real:apps\mobile_authenticator_flutter\analysis_options.yaml,train
deflate,9,deflate|9|identity,identity,4.676470588235294,9.439999121241271e-05,2.099999983329326e-05,balanced,0.07907954545275372,396a5f32ed14a13ec7e5,binary,real:apps\mobile_authenticator_flutter\analysis_options.yaml,train
brotli,11,brotli|11|identity,identity,5.095709570957096,0.001988000003620982,3.300000389572233e-05,smallest,0.00711740733023329,39a02de3ede36018b3fe,csv,real:engines\XAI-Compress\results\final_project\lossless_bpb_breakdown.csv,test
zstd,9,zstd|9|identity,identity,5.861386138613861,4.739999712910503e-05,1.309999788645655e-05,fastest,0.03443761195538171,39a02de3ede36018b3fe,csv,real:engines\XAI-Compress\results\final_project\lossless_bpb_breakdown.csv,test
brotli,6,brotli|6|identity,identity,5.2805280528052805,0.0007407000084640458,3.130000550299883e-05,balanced,0.09750732066420073,39a02de3ede36018b3fe,csv,real:engines\XAI-Compress\results\final_project\lossless_bpb_breakdown.csv,test
brotli,11,brotli|11|identity,identity,2.6351084812623276,0.005667200006428175,4.81999886687845e-05,smallest,0.012154918488143,3a119d567c492fc69bfb,xml,real:apps\mobile_authenticator_flutter\android\app\src\main\res\values\styles.xml,train
zstd,3,zstd|3|identity,identity,3.873767258382643,5.7199998991563916e-05,2.2499996703118086e-05,fastest,0.028272797084000365,3a119d567c492fc69bfb,xml,real:apps\mobile_authenticator_flutter\android\app\src\main\res\values\styles.xml,train
brotli,4,brotli|4|identity,identity,3.36094674556213,0.00020510000467766076,3.840000135824084e-05,balanced,0.08679584433153,3a119d567c492fc69bfb,xml,real:apps\mobile_authenticator_flutter\android\app\src\main\res\values\styles.xml,train
brotli,6,brotli|6|identity,identity,6.93408203125,0.005439499989734031,0.0009194000012939796,smallest,0.010404926991573069,3a1f94b58c417abac426,video,real:engines\XAI-Compress\data\test\archive (1)\FaceForensics++_C23\DeepFakeDetection\03_14__podium_speech_happy__Q9NSXM88.mp4,validation
zstd,9,zstd|9|identity,identity,7.153076171875,0.001680300003499724,5.6800010497681797e-05,fastest,0.013373742496070751,3a1f94b58c417abac426,video,real:engines\XAI-Compress\data\test\archive (1)\FaceForensics++_C23\DeepFakeDetection\03_14__podium_speech_happy__Q9NSXM88.mp4,validation
brotli,6,brotli|6|identity,identity,6.93408203125,0.005439499989734031,0.0009194000012939796,balanced,0.02323351303925604,3a1f94b58c417abac426,video,real:engines\XAI-Compress\data\test\archive (1)\FaceForensics++_C23\DeepFakeDetection\03_14__podium_speech_happy__Q9NSXM88.mp4,validation
brotli,11,brotli|11|identity,identity,7.61181640625,0.5037607999984175,0.0006585999944945797,smallest,0.01707231634297046,3a2cc13097e93c284e98,video,real:engines\XAI-Compress\data\test\archive (1)\FaceForensics++_C23\DeepFakeDetection\02_06__exit_phone_room__HZAXM70B.mp4,train
zstd,3,zstd|3|identity,identity,7.7208251953125,0.00037190000875853,2.4199995095841587e-05,fastest,0.012478505525548826,3a2cc13097e93c284e98,video,real:engines\XAI-Compress\data\test\archive (1)\FaceForensics++_C23\DeepFakeDetection\02_06__exit_phone_room__HZAXM70B.mp4,train
brotli,6,brotli|6|identity,identity,7.6240234375,0.0036088000051677227,0.0005935000081080943,balanced,0.03805022848428055,3a2cc13097e93c284e98,video,real:engines\XAI-Compress\data\test\archive (1)\FaceForensics++_C23\DeepFakeDetection\02_06__exit_phone_room__HZAXM70B.mp4,train
brotli,11,brotli|11|identity,identity,3.4808259587020647,0.0019431999971857294,2.1899992134422064e-05,smallest,0.010995692527393462,3ae04d7875d2c353b32b,source_code,real:apps\mobile_authenticator_flutter\test\totp_enrollment_test.dart,train
zstd,3,zstd|3|identity,identity,4.200589970501475,2.1400002879090607e-05,8.699993486516178e-06,fastest,0.024991781567601363,3ae04d7875d2c353b32b,source_code,real:apps\mobile_authenticator_flutter\test\totp_enrollment_test.dart,train
deflate,6,deflate|6|identity,identity,3.9646017699115044,3.3800009987317026e-05,8.999995770864189e-06,balanced,0.06211557174526366,3ae04d7875d2c353b32b,source_code,real:apps\mobile_authenticator_flutter\test\totp_enrollment_test.dart,train
brotli,9,brotli|9|identity,identity,7.1883544921875,0.027331899997079745,0.0006276000058278441,smallest,0.014872626354056591,3b0af4d109b36e6578bb,video,real:engines\XAI-Compress\data\test\archive (1)\FaceForensics++_C23\DeepFakeDetection\02_09__outside_talking_pan_laughing__6KUOFMZW.mp4,train
zstd,1,zstd|1|identity,identity,7.379150390625,0.0003367000026628375,3.1499992473982275e-05,fastest,0.013420507404479108,3b0af4d109b36e6578bb,video,real:engines\XAI-Compress\data\test\archive (1)\FaceForensics++_C23\DeepFakeDetection\02_09__outside_talking_pan_laughing__6KUOFMZW.mp4,train
brotli,6,brotli|6|identity,identity,7.1903076171875,0.0039157999999588355,0.0006241000082809478,balanced,0.022173594867897235,3b0af4d109b36e6578bb,video,real:engines\XAI-Compress\data\test\archive (1)\FaceForensics++_C23\DeepFakeDetection\02_09__outside_talking_pan_laughing__6KUOFMZW.mp4,train
brotli,6,brotli|6|identity,identity,6.9456787109375,0.0038970999885350466,0.0005883999983780086,smallest,0.0013706417010064986,3b2d31ab331b12e2b835,video,real:engines\XAI-Compress\data\test\archive (1)\FaceForensics++_C23\DeepFakeDetection\03_07__hugging_happy__BKLOCI1M.mp4,train
zstd,1,zstd|1|identity,identity,7.1666259765625,0.0004006000090157613,3.9000005926936865e-05,fastest,0.012218449926068128,3b2d31ab331b12e2b835,video,real:engines\XAI-Compress\data\test\archive (1)\FaceForensics++_C23\DeepFakeDetection\03_07__hugging_happy__BKLOCI1M.mp4,train
brotli,6,brotli|6|identity,identity,6.9456787109375,0.0038970999885350466,0.0005883999983780086,balanced,0.016564403706848158,3b2d31ab331b12e2b835,video,real:engines\XAI-Compress\data\test\archive (1)\FaceForensics++_C23\DeepFakeDetection\03_07__hugging_happy__BKLOCI1M.mp4,train
brotli,11,brotli|11|identity,identity,4.216867469879518,0.0027522000018507242,3.7900012102909386e-05,smallest,0.007786138938185572,3b3689388ffb44366062,csv,real:engines\XAI-Compress\.test-tmp\full-rust-resume\test_experiment_log_and_manife0\experiments.csv,train
zstd,6,zstd|6|identity,identity,5.27710843373494,5.2400006097741425e-05,1.6999998479150236e-05,fastest,0.03606589072241331,3b3689388ffb44366062,csv,real:engines\XAI-Compress\.test-tmp\full-rust-resume\test_experiment_log_and_manife0\experiments.csv,train
brotli,4,brotli|4|identity,identity,4.819277108433735,0.00012569999671541154,2.649999805726111e-05,balanced,0.10072676709867487,3b3689388ffb44366062,csv,real:engines\XAI-Compress\.test-tmp\full-rust-resume\test_experiment_log_and_manife0\experiments.csv,train
brotli,11,brotli|11|identity,identity,2.5187637969094925,0.01655699999537319,8.440000237897038e-05,smallest,0.015978313677944306,3bde1d5327bb656d2f7e,source_code,real:apps\desktop_flutter\windows\runner\win32_window.h,train
zstd,3,zstd|3|identity,identity,3.357615894039735,0.00010350000229664147,3.709999145939946e-05,fastest,0.018252768332614768,3bde1d5327bb656d2f7e,source_code,real:apps\desktop_flutter\windows\runner\win32_window.h,train
deflate,6,deflate|6|identity,identity,3.207505518763797,0.00021090000518597662,4.539999645203352e-05,balanced,0.06700706863185583,3bde1d5327bb656d2f7e,source_code,real:apps\desktop_flutter\windows\runner\win32_window.h,train
brotli,6,brotli|6|identity,identity,6.3875732421875,0.004020899999886751,0.0006387000030372292,smallest,0.0012950856811013108,3be63411f2d016f8d7c5,video,real:engines\XAI-Compress\data\test\archive (1)\FaceForensics++_C23\DeepFakeDetection\02_06__talking_angry_couch__MKZTXQ2T.mp4,train
deflate,9,deflate|9|identity,identity,6.503173828125,0.0025378999998793006,0.0001326000055996701,fastest,0.011342192356294523,3be63411f2d016f8d7c5,video,real:engines\XAI-Compress\data\test\archive (1)\FaceForensics++_C23\DeepFakeDetection\02_06__talking_angry_couch__MKZTXQ2T.mp4,train
brotli,6,brotli|6|identity,identity,6.3875732421875,0.004020899999886751,0.0006387000030372292,balanced,0.018219297261623954,3be63411f2d016f8d7c5,video,real:engines\XAI-Compress\data\test\archive (1)\FaceForensics++_C23\DeepFakeDetection\02_06__talking_angry_couch__MKZTXQ2T.mp4,train
brotli,11,brotli|11|identity,identity,3.214649033570702,0.011370599997462705,6.639999628532678e-05,smallest,0.015646357929295175,3bef862c4645b5f073aa,source_code,real:apps\desktop_flutter\lib\screens\compress_screen.dart,train
zstd,3,zstd|3|identity,identity,3.8331637843336726,0.0001145999995060265,4.440000338945538e-05,fastest,0.019392486493266334,3bef862c4645b5f073aa,source_code,real:apps\desktop_flutter\lib\screens\compress_screen.dart,train
deflate,6,deflate|6|identity,identity,3.7070193285859614,0.00019880000036209822,4.7599998652003706e-05,balanced,0.05726646085064567,3bef862c4645b5f073aa,source_code,real:apps\desktop_flutter\lib\screens\compress_screen.dart,train
brotli,11,brotli|11|identity,identity,3.537803138373752,0.007436200001393445,6.180000491440296e-05,smallest,0.014506466412527409,3c2a7a5b0bb71db1ff4d,source_code,real:apps\public_nextjs\app\downloads\page.tsx,train
zstd,3,zstd|3|identity,identity,4.747503566333809,6.939999002497643e-05,2.7700007194653153e-05,fastest,0.030129182301225722,3c2a7a5b0bb71db1ff4d,source_code,real:apps\public_nextjs\app\downloads\page.tsx,train
deflate,9,deflate|9|identity,identity,4.5249643366619114,0.00017179999849759042,2.7400004910305142e-05,balanced,0.11458628788077681,3c2a7a5b0bb71db1ff4d,source_code,real:apps\public_nextjs\app\downloads\page.tsx,train
brotli,11,brotli|11|identity,identity,3.0631795474581254,0.013248499992187135,8.759999764151871e-05,smallest,0.016054196656272696,3c596bfcb9e5a29f91aa,source_code,real:engines\XAI-Compress\results\model_search\imports\auto\lr-0-0002-f316e33308\v1\XAI-Compress\scripts\kaggle\run_lossless_v2_cuda_diagnostic.py,validation
zstd,3,zstd|3|identity,identity,3.620334998530708,9.90999978967011e-05,3.5899996873922646e-05,fastest,0.01700939514534281,3c596bfcb9e5a29f91aa,source_code,real:engines\XAI-Compress\results\model_search\imports\auto\lr-0-0002-f316e33308\v1\XAI-Compress\scripts\kaggle\run_lossless_v2_cuda_diagnostic.py,validation
deflate,6,deflate|6|identity,identity,3.481633852483103,0.0002027000009547919,4.33000095654279e-05,balanced,0.049257790917864856,3c596bfcb9e5a29f91aa,source_code,real:engines\XAI-Compress\results\model_search\imports\auto\lr-0-0002-f316e33308\v1\XAI-Compress\scripts\kaggle\run_lossless_v2_cuda_diagnostic.py,validation
brotli,11,brotli|11|identity,identity,7.531494140625,0.5951324999914505,0.000897999998414889,smallest,0.01695635041287128,3c6507a633f8157a29f4,video,real:engines\XAI-Compress\data\test\archive (1)\FaceForensics++_C23\DeepFakeDetection\04_07__exit_phone_room__ITC0C48B.mp4,train
zstd,3,zstd|3|identity,identity,7.6474609375,0.0003915999986929819,3.029999788850546e-05,fastest,0.012736205289382978,3c6507a633f8157a29f4,video,real:engines\XAI-Compress\data\test\archive (1)\FaceForensics++_C23\DeepFakeDetection\04_07__exit_phone_room__ITC0C48B.mp4,train
brotli,6,brotli|6|identity,identity,7.5428466796875,0.0035306999925523996,0.0005923999997321516,balanced,0.028956228897139977,3c6507a633f8157a29f4,video,real:engines\XAI-Compress\data\test\archive (1)\FaceForensics++_C23\DeepFakeDetection\04_07__exit_phone_room__ITC0C48B.mp4,train
brotli,6,brotli|6|identity,identity,6.9000244140625,0.003653199994005263,0.0005197999998927116,smallest,0.012475095736416685,3c692dcd1767db09f61d,video,real:engines\XAI-Compress\data\test\archive (1)\FaceForensics++_C23\DeepFakeDetection\04_13__secret_conversation__00T3UYOR.mp4,train
zstd,3,zstd|3|identity,identity,7.111572265625,0.0004141000099480152,3.159999323543161e-05,fastest,0.011430309967060473,3c692dcd1767db09f61d,video,real:engines\XAI-Compress\data\test\archive (1)\FaceForensics++_C23\DeepFakeDetection\04_13__secret_conversation__00T3UYOR.mp4,train
brotli,6,brotli|6|identity,identity,6.9000244140625,0.003653199994005263,0.0005197999998927116,balanced,0.019474297128605142,3c692dcd1767db09f61d,video,real:engines\XAI-Compress\data\test\archive (1)\FaceForensics++_C23\DeepFakeDetection\04_13__secret_conversation__00T3UYOR.mp4,train
brotli,11,brotli|11|identity,identity,5.566820276497696,0.0029402999934973195,3.7299992982298136e-05,smallest,0.007762810825147577,3dd50029f948e0d8b0ce,source_code,real:apps\public_nextjs\app\robots.ts,train
raw,,raw|default|identity,identity,8.0,5.299996701069176e-06,3.4999975468963385e-06,fastest,0.032673267326732675,3dd50029f948e0d8b0ce,source_code,real:apps\public_nextjs\app\robots.ts,train
brotli,6,brotli|6|identity,identity,5.714285714285714,0.0005996999971102923,2.579999272711575e-05,balanced,0.059978778978429625,3dd50029f948e0d8b0ce,source_code,real:apps\public_nextjs\app\robots.ts,train
lzma2,6,lzma2|6|identity,identity,3.180437198962579,0.03638710000086576,0.004408900000271387,smallest,0.012873717398579303,3e013798b513f2129cb7,executable,real:apps\admin_dotnet\bin\Debug\net8.0\Microsoft.Extensions.Options.dll,train
zstd,3,zstd|3|identity,identity,3.9681363467951094,0.0009714999905554578,0.000294700002996251,fastest,0.022374635781572408,3e013798b513f2129cb7,executable,real:apps\admin_dotnet\bin\Debug\net8.0\Microsoft.Extensions.Options.dll,train
zstd,6,zstd|6|identity,identity,3.735581079412128,0.0030820999963907525,0.00027799999224953353,balanced,0.0638900879089854,3e013798b513f2129cb7,executable,real:apps\admin_dotnet\bin\Debug\net8.0\Microsoft.Extensions.Options.dll,train
brotli,11,brotli|11|identity,identity,2.7733333333333334,0.008783500001300126,7.359999290201813e-05,smallest,0.013581310317169446,3e4be51631d495b0b35e,json,real:engines\XAI-Compress\notebooks\16_complete_pipeline.ipynb,train
zstd,3,zstd|3|identity,identity,3.650909090909091,7.349999214056879e-05,2.8599999495781958e-05,fastest,0.023148894540577784,3e4be51631d495b0b35e,json,real:engines\XAI-Compress\notebooks\16_complete_pipeline.ipynb,train
deflate,9,deflate|9|identity,identity,3.4763636363636365,0.00014119999832473695,3.169999399688095e-05,balanced,0.073830967212977,3e4be51631d495b0b35e,json,real:engines\XAI-Compress\notebooks\16_complete_pipeline.ipynb,train
brotli,6,brotli|6|identity,identity,7.4345703125,0.0017033000040100887,0.00022339999850373715,smallest,0.011610267032611601,3e5bbd6db687a9689866,video,real:engines\XAI-Compress\data\test\archive (1)\FaceForensics++_C23\DeepFakeDetection\05_08__exit_phone_room__YN1Q9TER.mp4,train
brotli,6,brotli|6|identity,identity,7.4345703125,0.0017033000040100887,0.00022339999850373715,fastest,0.007425839469620164,3e5bbd6db687a9689866,video,real:engines\XAI-Compress\data\test\archive (1)\FaceForensics++_C23\DeepFakeDetection\05_08__exit_phone_room__YN1Q9TER.mp4,train
brotli,6,brotli|6|identity,identity,7.4345703125,0.0017033000040100887,0.00022339999850373715,balanced,0.010153440416504737,3e5bbd6db687a9689866,video,real:engines\XAI-Compress\data\test\archive (1)\FaceForensics++_C23\DeepFakeDetection\05_08__exit_phone_room__YN1Q9TER.mp4,train
zstd,9,zstd|9|identity,identity,2.389892578125,0.003851699992083013,0.0001365999924018979,smallest,0.01726428493304459,3f837181b6261036c629,binary,real:apps\mobile_authenticator_flutter\android\.gradle\9.1.0\checksums\md5-checksums.bin,train
zstd,1,zstd|1|identity,identity,2.4195556640625,0.00045479999971576035,0.00013910001143813133,fastest,0.005967988192251777,3f837181b6261036c629,binary,real:apps\mobile_authenticator_flutter\android\.gradle\9.1.0\checksums\md5-checksums.bin,train
zstd,1,zstd|1|identity,identity,2.4195556640625,0.00045479999971576035,0.00013910001143813133,balanced,0.013664149600426528,3f837181b6261036c629,binary,real:apps\mobile_authenticator_flutter\android\.gradle\9.1.0\checksums\md5-checksums.bin,train
brotli,11,brotli|11|identity,identity,3.1899791231732775,0.011143399999127723,0.00011360000644344836,smallest,0.01761636481800861,3fffc3b09ff55c61f048,markdown,real:apps\public_nextjs\README.md,train
deflate,9,deflate|9|identity,identity,4.052887961029923,0.0001571000029798597,3.91000066883862e-05,fastest,0.03086697685019098,3fffc3b09ff55c61f048,markdown,real:apps\public_nextjs\README.md,train
deflate,9,deflate|9|identity,identity,4.052887961029923,0.0001571000029798597,3.91000066883862e-05,balanced,0.09529913209525016,3fffc3b09ff55c61f048,markdown,real:apps\public_nextjs\README.md,train
brotli,6,brotli|6|identity,identity,6.9461669921875,0.0037486999935936183,0.0006602000066777691,smallest,0.00205428780654929,401bd8fbf4cc54a0d3d5,video,real:engines\XAI-Compress\data\test\archive (1)\FaceForensics++_C23\DeepFakeDetection\02_06__walking_down_indoor_hall_disgust__U6MDWIHG.mp4,train
deflate,6,deflate|6|identity,identity,7.0572509765625,0.0015005000022938475,9.099999442696571e-05,fastest,0.009251553011304866,401bd8fbf4cc54a0d3d5,video,real:engines\XAI-Compress\data\test\archive (1)\FaceForensics++_C23\DeepFakeDetection\02_06__walking_down_indoor_hall_disgust__U6MDWIHG.mp4,train
brotli,6,brotli|6|identity,identity,6.9461669921875,0.0037486999935936183,0.0006602000066777691,balanced,0.01656023488886038,401bd8fbf4cc54a0d3d5,video,real:engines\XAI-Compress\data\test\archive (1)\FaceForensics++_C23\DeepFakeDetection\02_06__walking_down_indoor_hall_disgust__U6MDWIHG.mp4,train
brotli,11,brotli|11|identity,identity,2.7151515151515153,0.0045698999892920256,2.580000727903098e-05,smallest,0.015522189319980591,40427eff7bca38574998,source_code,real:apps\mobile_authenticator_flutter\lib\models\totp_enrollment.dart,test
zstd,3,zstd|3|identity,identity,3.1735537190082646,7.409999670926481e-05,2.9699993319809437e-05,fastest,0.024464327289843147,40427eff7bca38574998,source_code,real:apps\mobile_authenticator_flutter\lib\models\totp_enrollment.dart,test
deflate,6,deflate|6|identity,identity,2.997245179063361,0.00018679999629966915,4.4599990360438824e-05,balanced,0.04885165151291484,40427eff7bca38574998,source_code,real:apps\mobile_authenticator_flutter\lib\models\totp_enrollment.dart,test
brotli,11,brotli|11|identity,identity,7.9576416015625,0.682267199998023,0.0011386999976821244,smallest,0.01728921659553453,40dbaf5186667bb560c9,archive,real:apps\public_nextjs\.next\cache\webpack\server-development\1.pack.gz,train
raw,,raw|default|identity,identity,8.0,6.000002031214535e-06,4.5000051613897085e-06,fastest,0.004580253431890179,40dbaf5186667bb560c9,archive,real:apps\public_nextjs\.next\cache\webpack\server-development\1.pack.gz,train
deflate,9,deflate|9|identity,identity,7.97900390625,0.003503400002955459,0.00042050000047311187,balanced,0.03352232580460203,40dbaf5186667bb560c9,archive,real:apps\public_nextjs\.next\cache\webpack\server-development\1.pack.gz,train
lzma2,6,lzma2|6|identity,identity,0.8017578125,0.033150000002933666,0.0014092000055825338,smallest,0.01229110109623981,40ec53ff10f573d4300f,json,real:engines\XAI-Compress\checkpoints\selector\best.json,validation
zstd,1,zstd|1|identity,identity,1.05224609375,0.00036970000655855983,0.00015839999832678586,fastest,0.005125335608354453,40ec53ff10f573d4300f,json,real:engines\XAI-Compress\checkpoints\selector\best.json,validation
deflate,6,deflate|6|identity,identity,0.955810546875,0.0012069000076735392,0.0001708999916445464,balanced,0.017012628373336336,40ec53ff10f573d4300f,json,real:engines\XAI-Compress\checkpoints\selector\best.json,validation
brotli,9,brotli|9|identity,identity,7.137254901960785,0.0006094000127632171,2.2400010493583977e-05,smallest,0.0037132640606383255,40edde3ff58386c6e648,binary,real:apps\public_nextjs\.next\cache\.rscinfo,test
raw,,raw|default|identity,identity,8.0,5.699999746866524e-06,4.1000021155923605e-06,fastest,0.007971014492753623,40edde3ff58386c6e648,binary,real:apps\public_nextjs\.next\cache\.rscinfo,test
brotli,9,brotli|9|identity,identity,7.137254901960785,0.0006094000127632171,2.2400010493583977e-05,balanced,0.05762890898956975,40edde3ff58386c6e648,binary,real:apps\public_nextjs\.next\cache\.rscinfo,test
brotli,6,brotli|6|identity,identity,7.1094970703125,0.003779900012887083,0.0006036999984644353,smallest,0.007646824009568907,40fb45c9ad918a7876c5,video,real:engines\XAI-Compress\data\test\archive (1)\FaceForensics++_C23\DeepFakeDetection\02_27__hugging_happy__GVFLSZD5.mp4,validation
zstd,6,zstd|6|identity,identity,7.3016357421875,0.0011491000041132793,3.4900003811344504e-05,fastest,0.013578987883359433,40fb45c9ad918a7876c5,video,real:engines\XAI-Compress\data\test\archive (1)\FaceForensics++_C23\DeepFakeDetection\02_27__hugging_happy__GVFLSZD5.mp4,validation
brotli,6,brotli|6|identity,identity,7.1094970703125,0.003779900012887083,0.0006036999984644353,balanced,0.01873951508450515,40fb45c9ad918a7876c5,video,real:engines\XAI-Compress\data\test\archive (1)\FaceForensics++_C23\DeepFakeDetection\02_27__hugging_happy__GVFLSZD5.mp4,validation
brotli,11,brotli|11|identity,identity,3.572146446518306,0.007449199998518452,7.220001134555787e-05,smallest,0.01245875333803784,410502c141a7641fd511,json,real:engines\XAI-Compress\results\model_search\candidates\lr-0-0002-f316e33308\failure.attempt-2.json,train
zstd,3,zstd|3|identity,identity,4.381909547738694,8.749999688006938e-05,3.359999391250312e-05,fastest,0.02665391070481541,410502c141a7641fd511,json,real:engines\XAI-Compress\results\model_search\candidates\lr-0-0002-f316e33308\failure.attempt-2.json,train
deflate,9,deflate|9|identity,identity,4.1923905240488155,0.0001669999910518527,3.8300000596791506e-05,balanced,0.07922214929684908,410502c141a7641fd511,json,real:engines\XAI-Compress\results\model_search\candidates\lr-0-0002-f316e33308\failure.attempt-2.json,train
brotli,11,brotli|11|identity,identity,2.6863881670997403,0.01951790000020992,0.00010659999679774046,smallest,0.01582633576144404,41a8e3a4ccfa8de349e0,source_code,real:engines\XAI-Compress\results\model_search\imports\auto\lr-0-0002-f316e33308\v1\XAI-Compress\scripts\kaggle\run_v2_lr_0002_diagnostic.py,train
zstd,3,zstd|3|identity,identity,3.2700379772136716,0.00013020000187680125,4.410000110510737e-05,fastest,0.015097765087950365,41a8e3a4ccfa8de349e0,source_code,real:engines\XAI-Compress\results\model_search\imports\auto\lr-0-0002-f316e33308\v1\XAI-Compress\scripts\kaggle\run_v2_lr_0002_diagnostic.py,train
deflate,6,deflate|6|identity,identity,3.1613032180691585,0.000258400003076531,5.2400006097741425e-05,balanced,0.04934475944893264,41a8e3a4ccfa8de349e0,source_code,real:engines\XAI-Compress\results\model_search\imports\auto\lr-0-0002-f316e33308\v1\XAI-Compress\scripts\kaggle\run_v2_lr_0002_diagnostic.py,train
brotli,11,brotli|11|identity,identity,6.82373046875,0.561643399996683,0.0010577999928500503,smallest,0.01671120445430035,41dc6ff42d1c8bc0d6d0,video,real:engines\XAI-Compress\data\test\archive (1)\FaceForensics++_C23\DeepFakeDetection\03_11__talking_against_wall__P08VGHTA.mp4,validation
zstd,1,zstd|1|identity,identity,7.0684814453125,0.00036269999691285193,3.9300008211284876e-05,fastest,0.011766989095851516,41dc6ff42d1c8bc0d6d0,video,real:engines\XAI-Compress\data\test\archive (1)\FaceForensics++_C23\DeepFakeDetection\03_11__talking_against_wall__P08VGHTA.mp4,validation
brotli,6,brotli|6|identity,identity,6.8436279296875,0.003759100000024773,0.000510000012582168,balanced,0.020570234487438565,41dc6ff42d1c8bc0d6d0,video,real:engines\XAI-Compress\data\test\archive (1)\FaceForensics++_C23\DeepFakeDetection\03_11__talking_against_wall__P08VGHTA.mp4,validation
brotli,11,brotli|11|identity,identity,3.062558356676004,0.0035425000096438453,2.1700005163438618e-05,smallest,0.01653100939519689,429f3cd332184e7315fa,source_code,real:engines\XAI-Compress\results\compression_comparison\corpus\source_code.py,validation
raw,,raw|default|identity,identity,8.0,8.300004992634058e-06,5.89998671784997e-06,fastest,0.05,429f3cd332184e7315fa,source_code,real:engines\XAI-Compress\results\compression_comparison\corpus\source_code.py,validation
zstd,9,zstd|9|identity,identity,3.570494864612512,0.00012399999832268804,2.2599997464567423e-05,balanced,0.07769090930785974,429f3cd332184e7315fa,source_code,real:engines\XAI-Compress\results\compression_comparison\corpus\source_code.py,validation
brotli,9,brotli|9|identity,identity,5.849462365591398,0.0005024000129196793,2.1500003640539944e-05,smallest,0.0031942570223465775,433bac6e4cd853ffba78,binary,real:apps\web_angular\.angular\cache\20.3.28\xai-web\vite\deps\@angular_common.js.map,train
deflate,9,deflate|9|identity,identity,5.935483870967742,4.230000195093453e-05,7.299997378140688e-06,fastest,0.011662651671765141,433bac6e4cd853ffba78,binary,real:apps\web_angular\.angular\cache\20.3.28\xai-web\vite\deps\@angular_common.js.map,train
deflate,9,deflate|9|identity,identity,5.935483870967742,4.230000195093453e-05,7.299997378140688e-06,balanced,0.015133473845355204,433bac6e4cd853ffba78,binary,real:apps\web_angular\.angular\cache\20.3.28\xai-web\vite\deps\@angular_common.js.map,train
brotli,11,brotli|11|identity,identity,2.1516095534787123,0.010146599990548566,5.560000136028975e-05,smallest,0.01613715289382578,437449734e245885bdcf,source_code,real:apps\web_angular\.angular\cache\20.3.28\xai-web\vite\deps\@angular_platform-browser.js,test
zstd,6,zstd|6|identity,identity,2.52128764278297,9.140001202467829e-05,2.2100008209235966e-05,fastest,0.015603935429290769,437449734e245885bdcf,source_code,real:apps\web_angular\.angular\cache\20.3.28\xai-web\vite\deps\@angular_platform-browser.js,test
deflate,9,deflate|9|identity,identity,2.446521287642783,0.0001272000081371516,2.750000567175448e-05,balanced,0.033369972412264234,437449734e245885bdcf,source_code,real:apps\web_angular\.angular\cache\20.3.28\xai-web\vite\deps\@angular_platform-browser.js,test
lzma2,6,lzma2|6|identity,identity,2.378125,0.016920299996854737,0.0012704999971901998,smallest,0.014898255636013035,4377d88d1738961905bc,executable,real:apps\admin_dotnet\obj\Debug\net8.0\ref\AdminDotNet.dll,train
zstd,6,zstd|6|identity,identity,2.903515625,0.0006713000038871542,0.00010269999620504677,fastest,0.02545322205857479,4377d88d1738961905bc,executable,real:apps\admin_dotnet\obj\Debug\net8.0\ref\AdminDotNet.dll,train
zstd,6,zstd|6|identity,identity,2.903515625,0.0006713000038871542,0.00010269999620504677,balanced,0.056764743001707765,4377d88d1738961905bc,executable,real:apps\admin_dotnet\obj\Debug\net8.0\ref\AdminDotNet.dll,train
brotli,11,brotli|11|identity,identity,4.27099609375,0.34303560000262223,0.001109399992856197,smallest,0.01762031323696265,43a808afe4de5b474271,model,real:engines\XAI-Compress\results\model_search\imports\auto\residual-scale-depth-3c28504154\v1\results\model_search\residual_scale_depth\short_screen.pt,test
zstd,9,zstd|9|identity,identity,4.5947265625,0.0021763999975519255,0.000159399991389364,fastest,0.01454962832367072,43a808afe4de5b474271,model,real:engines\XAI-Compress\results\model_search\imports\auto\residual-scale-depth-3c28504154\v1\results\model_search\residual_scale_depth\short_screen.pt,test
brotli,6,brotli|6|identity,identity,4.4307861328125,0.002097799995681271,0.0003328000020701438,balanced,0.03147649162077867,43a808afe4de5b474271,model,real:engines\XAI-Compress\results\model_search\imports\auto\residual-scale-depth-3c28504154\v1\results\model_search\residual_scale_depth\short_screen.pt,test
brotli,6,brotli|6|identity,identity,7.1070556640625,0.0060541999991983175,0.000946600004681386,smallest,0.013776258075194421,43f7907d723d00ccb483,video,real:engines\XAI-Compress\data\test\archive (1)\FaceForensics++_C23\DeepFakeDetection\06_15__kitchen_pan__E98QYYXO.mp4,train
zstd,9,zstd|9|identity,identity,7.301025390625,0.0014730999973835424,5.389998841565102e-05,fastest,0.014207368794298349,43f7907d723d00ccb483,video,real:engines\XAI-Compress\data\test\archive (1)\FaceForensics++_C23\DeepFakeDetection\06_15__kitchen_pan__E98QYYXO.mp4,train
brotli,6,brotli|6|identity,identity,7.1070556640625,0.0060541999991983175,0.000946600004681386,balanced,0.029619026533152976,43f7907d723d00ccb483,video,real:engines\XAI-Compress\data\test\archive (1)\FaceForensics++_C23\DeepFakeDetection\06_15__kitchen_pan__E98QYYXO.mp4,train
brotli,11,brotli|11|identity,identity,3.155509783728115,0.0050760000012815,5.699999746866524e-05,smallest,0.011612283582300703,4416f13ac2189fe77572,json,real:engines\XAI-Compress\results\hybrid_ai\baseline_integrity.json,test
zstd,3,zstd|3|identity,identity,3.6251287332646758,5.250000685919076e-05,2.0899999071843922e-05,fastest,0.020443136371244827,4416f13ac2189fe77572,json,real:engines\XAI-Compress\results\hybrid_ai\baseline_integrity.json,test
deflate,9,deflate|9|identity,identity,3.493305870236869,8.890000754036009e-05,2.409999433439225e-05,balanced,0.04567405816823217,4416f13ac2189fe77572,json,real:engines\XAI-Compress\results\hybrid_ai\baseline_integrity.json,test
brotli,11,brotli|11|identity,identity,1.0504604051565378,0.021357599995099008,7.589999586343765e-05,smallest,0.015523618406358224,4427a755e6e75af380bf,xml,real:engines\XAI-Compress\results\final_project\figures\lossless_actual_bpb.svg,train
zstd,3,zstd|3|identity,identity,1.4836095764272559,0.00010309999925084412,3.819999983534217e-05,fastest,0.010275796237937142,4427a755e6e75af380bf,xml,real:engines\XAI-Compress\results\final_project\figures\lossless_actual_bpb.svg,train
zstd,6,zstd|6|identity,identity,1.3377532228360958,0.0002562000008765608,3.540000761859119e-05,balanced,0.025198946688219752,4427a755e6e75af380bf,xml,real:engines\XAI-Compress\results\final_project\figures\lossless_actual_bpb.svg,train
brotli,11,brotli|11|identity,identity,7.615478515625,0.6380133000056958,0.0010352000099373981,smallest,0.017209227486849082,444780b8b37f7194acff,video,real:engines\XAI-Compress\data\test\archive (1)\FaceForensics++_C23\DeepFakeDetection\02_15__exit_phone_room__MZWH8ATN.mp4,train
zstd,1,zstd|1|identity,identity,7.718994140625,0.0005194999976083636,4.6899993321858346e-05,fastest,0.012371851860957777,444780b8b37f7194acff,video,real:engines\XAI-Compress\data\test\archive (1)\FaceForensics++_C23\DeepFakeDetection\02_15__exit_phone_room__MZWH8ATN.mp4,train
brotli,6,brotli|6|identity,identity,7.624755859375,0.003986000010627322,0.0006204999954206869,balanced,0.027831545535902218,444780b8b37f7194acff,video,real:engines\XAI-Compress\data\test\archive (1)\FaceForensics++_C23\DeepFakeDetection\02_15__exit_phone_room__MZWH8ATN.mp4,train
brotli,4,brotli|4|identity,identity,0.28224719101123596,0.00021180001203902066,3.710000601131469e-05,smallest,0.00025259644179846555,4475146eaa2a3e3f66c2,text,real:engines\XAI-Compress\.test-tmp\final-all\test_corpus_roundtrip0\corpus\text\log.txt,train
zstd,3,zstd|3|identity,identity,0.38831460674157303,8.410000009462237e-05,3.429999924264848e-05,fastest,0.0046685142883076325,4475146eaa2a3e3f66c2,text,real:engines\XAI-Compress\.test-tmp\final-all\test_corpus_roundtrip0\corpus\text\log.txt,train
brotli,4,brotli|4|identity,identity,0.28224719101123596,0.00021180001203902066,3.710000601131469e-05,balanced,0.00395987979396052,4475146eaa2a3e3f66c2,text,real:engines\XAI-Compress\.test-tmp\final-all\test_corpus_roundtrip0\corpus\text\log.txt,train
brotli,11,brotli|11|identity,identity,2.060465714653287,0.02723919998970814,0.00011510000331327319,smallest,0.015870322938176536,44a28849d2ddb291a41a,binary,real:apps\public_nextjs\app\globals.css,train
zstd,3,zstd|3|identity,identity,2.5935932072558856,6.160000339150429e-05,2.1499989088624716e-05,fastest,0.008393231957621372,44a28849d2ddb291a41a,binary,real:apps\public_nextjs\app\globals.css,train
zstd,6,zstd|6|identity,identity,2.4299498263218835,0.0001779000012902543,2.8700000257231295e-05,balanced,0.03266501590805216,44a28849d2ddb291a41a,binary,real:apps\public_nextjs\app\globals.css,train
brotli,11,brotli|11|identity,identity,7.2401123046875,0.750439199997345,0.0011112000065622851,smallest,0.016635665027522208,44a384d170edf9ea7432,video,real:engines\XAI-Compress\data\test\archive (1)\FaceForensics++_C23\DeepFakeDetection\06_07__walking_down_street_outside_angry__NMGYPBXE.mp4,train
zstd,1,zstd|1|identity,identity,7.4261474609375,0.00035689999640453607,3.3499993151053786e-05,fastest,0.013261563543889736,44a384d170edf9ea7432,video,real:engines\XAI-Compress\data\test\archive (1)\FaceForensics++_C23\DeepFakeDetection\06_07__walking_down_street_outside_angry__NMGYPBXE.mp4,train
brotli,6,brotli|6|identity,identity,7.254638671875,0.0038742000033380464,0.0005035000067437068,balanced,0.01998323947789098,44a384d170edf9ea7432,video,real:engines\XAI-Compress\data\test\archive (1)\FaceForensics++_C23\DeepFakeDetection\06_07__walking_down_street_outside_angry__NMGYPBXE.mp4,train
brotli,11,brotli|11|identity,identity,6.6866455078125,0.6049002999934601,0.0013307000044733286,smallest,0.016952792447433532,44fcc7416624bab0aaa0,model,real:engines\XAI-Compress\checkpoints\kaggle\best.pt,train
zstd,3,zstd|3|identity,identity,7.0989990234375,0.0004411999980220571,0.00020789999689441174,fastest,0.021181727091955954,44fcc7416624bab0aaa0,model,real:engines\XAI-Compress\checkpoints\kaggle\best.pt,train
brotli,6,brotli|6|identity,identity,6.768798828125,0.004374099997221492,0.0011144000018248335,balanced,0.05210954023674889,44fcc7416624bab0aaa0,model,real:engines\XAI-Compress\checkpoints\kaggle\best.pt,train
brotli,11,brotli|11|identity,identity,3.419946091644205,0.028267500005313195,0.00011079999967478216,smallest,0.017732813827167744,459c20f4df9312b7b16a,image,real:engines\XAI-Compress\results\hybrid_ai\figures\08_size_speed_pareto.png,train
zstd,6,zstd|6|identity,identity,3.5723270440251573,0.00023209999199025333,2.2899999748915434e-05,fastest,0.015225499260381456,459c20f4df9312b7b16a,image,real:engines\XAI-Compress\results\hybrid_ai\figures\08_size_speed_pareto.png,train
zstd,6,zstd|6|identity,identity,3.5723270440251573,0.00023209999199025333,2.2899999748915434e-05,balanced,0.02405354443859886,459c20f4df9312b7b16a,image,real:engines\XAI-Compress\results\hybrid_ai\figures\08_size_speed_pareto.png,train
brotli,9,brotli|9|identity,identity,1.6915283203125,0.032124999997904524,0.0005653000116581097,smallest,0.01111293637588449,46000413c37aed6c1c29,json,real:apps\web_angular\package-lock.json,train
zstd,3,zstd|3|identity,identity,1.8924560546875,0.0010929999989457428,0.00030089999199844897,fastest,0.006045393134843946,46000413c37aed6c1c29,json,real:apps\web_angular\package-lock.json,train
brotli,6,brotli|6|identity,identity,1.711669921875,0.004977699994924478,0.00035480000951793045,balanced,0.01179660858728774,46000413c37aed6c1c29,json,real:apps\web_angular\package-lock.json,train
brotli,11,brotli|11|identity,identity,5.333333333333333,0.002061499995761551,3.1799994758330286e-05,smallest,0.007466562471815018,4644945f49b452e0307e,binary,real:apps\mobile_authenticator_flutter\android\local.properties,train
deflate,9,deflate|9|identity,identity,6.1234567901234565,5.2099989261478186e-05,8.400005754083395e-06,fastest,0.0237225248054595,4644945f49b452e0307e,binary,real:apps\mobile_authenticator_flutter\android\local.properties,train
brotli,4,brotli|4|identity,identity,5.679012345679013,0.00010619999375194311,2.3500004317611456e-05,balanced,0.07747295362194888,4644945f49b452e0307e,binary,real:apps\mobile_authenticator_flutter\android\local.properties,train
brotli,6,brotli|6|identity,identity,7.48486328125,0.003681899994262494,0.0004977000062353909,smallest,0.014533508129789048,464641ab143ed916f77b,video,real:engines\XAI-Compress\data\test\archive (1)\FaceForensics++_C23\DeepFakeDetection\04_26__walking_outside_cafe_disgusted__MS2MLJP1.mp4,train
zstd,9,zstd|9|identity,identity,7.6094970703125,0.00040219999209512025,1.3700002455152571e-05,fastest,0.013279578275086003,464641ab143ed916f77b,video,real:engines\XAI-Compress\data\test\archive (1)\FaceForensics++_C23\DeepFakeDetection\04_26__walking_outside_cafe_disgusted__MS2MLJP1.mp4,train
brotli,6,brotli|6|identity,identity,7.48486328125,0.003681899994262494,0.0004977000062353909,balanced,0.018274902432957086,464641ab143ed916f77b,video,real:engines\XAI-Compress\data\test\archive (1)\FaceForensics++_C23\DeepFakeDetection\04_26__walking_outside_cafe_disgusted__MS2MLJP1.mp4,train
brotli,11,brotli|11|identity,identity,6.551264267927871,0.6570164000004297,0.0014233999972930178,smallest,0.017500557981255587,4653623b6146bf6724f0,model,real:engines\XAI-Compress\.test-tmp\kaggle-workflow-final\test_neural_transformer_roundt0\tr.pt,train
zstd,6,zstd|6|identity,identity,6.787907147751391,0.0016280999989248812,0.0001931000006152317,fastest,0.015316471681182619,4653623b6146bf6724f0,model,real:engines\XAI-Compress\.test-tmp\kaggle-workflow-final\test_neural_transformer_roundt0\tr.pt,train
brotli,6,brotli|6|identity,identity,6.659692163711416,0.0036968000058550388,0.0010273000079905614,balanced,0.05939925904455742,4653623b6146bf6724f0,model,real:engines\XAI-Compress\.test-tmp\kaggle-workflow-final\test_neural_transformer_roundt0\tr.pt,train
brotli,11,brotli|11|identity,identity,6.7860107421875,0.5809975000011036,0.0015764000127092004,smallest,0.01751199992492891,46873d3cf1d109fce5fb,model,real:engines\XAI-Compress\checkpoints\gru_smoke.pt,test
zstd,3,zstd|3|identity,identity,7.1788330078125,0.0003358999965712428,0.00016969999705906957,fastest,0.020987851909902922,46873d3cf1d109fce5fb,model,real:engines\XAI-Compress\checkpoints\gru_smoke.pt,test
brotli,6,brotli|6|identity,identity,6.8812255859375,0.004164300000411458,0.001215800002682954,balanced,0.06325970469604666,46873d3cf1d109fce5fb,model,real:engines\XAI-Compress\checkpoints\gru_smoke.pt,test
deflate,9,deflate|9|identity,identity,7.8170166015625,0.005896200003917329,0.0006003000016789883,smallest,0.010642558353357737,46d0ebdac62329ffaa29,binary,real:apps\public_nextjs\.next\cache\webpack\client-development\index.pack.gz.old,train
zstd,6,zstd|6|identity,identity,7.835205078125,0.004983299993909895,9.40000027185306e-05,fastest,0.006470387307369228,46d0ebdac62329ffaa29,binary,real:apps\public_nextjs\.next\cache\webpack\client-development\index.pack.gz.old,train
zstd,9,zstd|9|identity,identity,7.834228515625,0.0054059999965829775,0.00013279999257065356,balanced,0.022273028163819708,46d0ebdac62329ffaa29,binary,real:apps\public_nextjs\.next\cache\webpack\client-development\index.pack.gz.old,train
brotli,4,brotli|4|identity,identity,7.012345679012346,8.589999924879521e-05,3.310000465717167e-05,smallest,0.0040974860191016595,48445d069a796b1a8573,markdown,real:labs\cpp_simd\README.md,train
raw,,raw|default|identity,identity,8.0,5.5000127758830786e-06,3.7999998312443495e-06,fastest,0.007246376811594204,48445d069a796b1a8573,markdown,real:labs\cpp_simd\README.md,train
brotli,4,brotli|4|identity,identity,7.012345679012346,8.589999924879521e-05,3.310000465717167e-05,balanced,0.05571873834915523,48445d069a796b1a8573,markdown,real:labs\cpp_simd\README.md,train
brotli,11,brotli|11|identity,identity,3.9183673469387754,0.0026769000105559826,3.989999822806567e-05,smallest,0.008338174407616064,488fa49f651db0c8d96c,csv,real:engines\XAI-Compress\data\domain_focused\archive (1)\FaceForensics++_C23\csv\Mean_Data.csv,train
zstd,9,zstd|9|identity,identity,4.551020408163265,5.85000088904053e-05,1.7000013031065464e-05,fastest,0.031835041077769646,488fa49f651db0c8d96c,csv,real:engines\XAI-Compress\data\domain_focused\archive (1)\FaceForensics++_C23\csv\Mean_Data.csv,train
deflate,9,deflate|9|identity,identity,4.489795918367347,6.86999992467463e-05,1.9699989934451878e-05,balanced,0.08425803321331544,488fa49f651db0c8d96c,csv,real:engines\XAI-Compress\data\domain_focused\archive (1)\FaceForensics++_C23\csv\Mean_Data.csv,train
brotli,11,brotli|11|identity,identity,2.4145817450966804,0.057996699993964285,0.00026479999360162765,smallest,0.01585706829099544,48a49ab9f11cb706abfb,csv,real:engines\XAI-Compress\results\model_search\imports\auto\residual-scale-depth-3c28504154\v1\results\model_search\residual_scale_depth\best.metrics.csv,train
zstd,1,zstd|1|identity,identity,2.654099383186638,0.00010140000085812062,3.2400013878941536e-05,fastest,0.0048994019070608295,48a49ab9f11cb706abfb,csv,real:engines\XAI-Compress\results\model_search\imports\auto\residual-scale-depth-3c28504154\v1\results\model_search\residual_scale_depth\best.metrics.csv,train
brotli,4,brotli|4|identity,identity,2.5825767551458867,0.00035609999031294137,5.469999450724572e-05,balanced,0.017653022776363048,48a49ab9f11cb706abfb,csv,real:engines\XAI-Compress\results\model_search\imports\auto\residual-scale-depth-3c28504154\v1\results\model_search\residual_scale_depth\best.metrics.csv,train
brotli,11,brotli|11|identity,identity,7.675048828125,0.789885599995614,0.0010473000002093613,smallest,0.017285126323641133,48e21ec2f07a239cb0db,video,real:engines\XAI-Compress\data\test\archive (1)\FaceForensics++_C23\DeepFakeDetection\02_09__walk_down_hall_angry__6KUOFMZW.mp4,test
zstd,3,zstd|3|identity,identity,7.776123046875,0.00031799999123904854,2.130000211764127e-05,fastest,0.011225922945084007,48e21ec2f07a239cb0db,video,real:engines\XAI-Compress\data\test\archive (1)\FaceForensics++_C23\DeepFakeDetection\02_09__walk_down_hall_angry__6KUOFMZW.mp4,test
brotli,6,brotli|6|identity,identity,7.684814453125,0.003821400008746423,0.0005915000074310228,balanced,0.027586113971300463,48e21ec2f07a239cb0db,video,real:engines\XAI-Compress\data\test\archive (1)\FaceForensics++_C23\DeepFakeDetection\02_09__walk_down_hall_angry__6KUOFMZW.mp4,test
brotli,11,brotli|11|identity,identity,6.5584716796875,0.4792507999954978,0.0015235999890137464,smallest,0.01764784818921545,492dc9b43274849779fd,model,real:engines\XAI-Compress\checkpoints\gru_v2_hq.pt,train
zstd,3,zstd|3|identity,identity,6.9820556640625,0.00045110000064596534,0.00020379999477881938,fastest,0.02109043869034316,492dc9b43274849779fd,model,real:engines\XAI-Compress\checkpoints\gru_v2_hq.pt,train
brotli,6,brotli|6|identity,identity,6.6256103515625,0.004310100004659034,0.001427400013199076,balanced,0.05672196970749575,492dc9b43274849779fd,model,real:engines\XAI-Compress\checkpoints\gru_v2_hq.pt,train
brotli,6,brotli|6|identity,identity,7.1683349609375,0.003837500000372529,0.0007192000048235059,smallest,0.012475646331292453,499e44e37ebd539dacad,video,real:engines\XAI-Compress\data\test\archive (1)\FaceForensics++_C23\DeepFakeDetection\02_13__secret_conversation__PLNVLO74.mp4,validation
zstd,1,zstd|1|identity,identity,7.35498046875,0.0003437999985180795,3.239999932702631e-05,fastest,0.012521956430943405,499e44e37ebd539dacad,video,real:engines\XAI-Compress\data\test\archive (1)\FaceForensics++_C23\DeepFakeDetection\02_13__secret_conversation__PLNVLO74.mp4,validation
brotli,6,brotli|6|identity,identity,7.1683349609375,0.003837500000372529,0.0007192000048235059,balanced,0.018180410339633954,499e44e37ebd539dacad,video,real:engines\XAI-Compress\data\test\archive (1)\FaceForensics++_C23\DeepFakeDetection\02_13__secret_conversation__PLNVLO74.mp4,validation
brotli,6,brotli|6|identity,identity,0.6607820898466393,0.002311800009920262,9.610000415705144e-05,smallest,0.0071690123150613535,4a0cf3dd27acbb49f33e,json,real:apps\desktop_flutter\.dart_tool\package_config.json,train
zstd,3,zstd|3|identity,identity,0.7818925982543518,0.0001438999897800386,4.369999805931002e-05,fastest,0.003990990181286486,4a0cf3dd27acbb49f33e,json,real:apps\desktop_flutter\.dart_tool\package_config.json,train
deflate,6,deflate|6|identity,identity,0.6907638443710242,0.00031990000570658594,5.9600002714432776e-05,balanced,0.007925163369935487,4a0cf3dd27acbb49f33e,json,real:apps\desktop_flutter\.dart_tool\package_config.json,train
brotli,11,brotli|11|identity,identity,2.6318082788671022,0.009248000002116896,6.0600010328926146e-05,smallest,0.016282032201103348,4bb6ea144fbc0976bcbe,text,real:apps\desktop_flutter\windows\runner\CMakeLists.txt,test
zstd,3,zstd|3|identity,identity,3.446623093681917,6.770000618416816e-05,2.7000001864507794e-05,fastest,0.020703725144108634,4bb6ea144fbc0976bcbe,text,real:apps\desktop_flutter\windows\runner\CMakeLists.txt,test
brotli,4,brotli|4|identity,identity,3.167755991285403,0.0002992000081576407,5.169998621568084e-05,balanced,0.06888640420508342,4bb6ea144fbc0976bcbe,text,real:apps\desktop_flutter\windows\runner\CMakeLists.txt,test
zstd,1,zstd|1|identity,identity,0.000858306884765625,0.0012270000006537884,0.003224400003091432,smallest,0.00037158259451207967,4bb8a5facf3912040266,structured,synthetic:engines\XAI-Compress\data\hybrid_selector\synthetic\structured_4096KiB.json,test
zstd,1,zstd|1|identity,identity,0.000858306884765625,0.0012270000006537884,0.003224400003091432,fastest,0.011234025198590633,4bb8a5facf3912040266,structured,synthetic:engines\XAI-Compress\data\hybrid_selector\synthetic\structured_4096KiB.json,test
zstd,1,zstd|1|identity,identity,0.000858306884765625,0.0012270000006537884,0.003224400003091432,balanced,0.005435102947815265,4bb8a5facf3912040266,structured,synthetic:engines\XAI-Compress\data\hybrid_selector\synthetic\structured_4096KiB.json,test
brotli,9,brotli|9|identity,identity,0.5616224648985959,0.001203499996336177,3.29999893438071e-05,smallest,0.0025532910927523827,4bc4582032af49559d78,xml,real:engines\XAI-Compress\.test-tmp\final-all\test_corpus_roundtrip0\corpus\structured\doc.xml,train
zstd,3,zstd|3|identity,identity,0.5865834633385335,5.110001075081527e-05,2.2599997464567423e-05,fastest,0.008541822510928129,4bc4582032af49559d78,xml,real:engines\XAI-Compress\.test-tmp\final-all\test_corpus_roundtrip0\corpus\structured\doc.xml,train
zstd,3,zstd|3|identity,identity,0.5865834633385335,5.110001075081527e-05,2.2599997464567423e-05,balanced,0.007026971044369038,4bc4582032af49559d78,xml,real:engines\XAI-Compress\.test-tmp\final-all\test_corpus_roundtrip0\corpus\structured\doc.xml,train
brotli,11,brotli|11|identity,identity,2.817327766179541,0.0309865000017453,0.0001551000023027882,smallest,0.01591124594036997,4bd60e8821f5e5694596,source_code,real:engines\XAI-Compress\results\model_search\imports\auto\lr-0-0002-f316e33308\v1\XAI-Compress\scripts\generate_notebooks.py,train
zstd,3,zstd|3|identity,identity,3.4592901878914404,0.0001731999946059659,5.529999907594174e-05,fastest,0.014866376420240409,4bd60e8821f5e5694596,source_code,real:engines\XAI-Compress\results\model_search\imports\auto\lr-0-0002-f316e33308\v1\XAI-Compress\scripts\generate_notebooks.py,train
deflate,6,deflate|6|identity,identity,3.3215031315240084,0.0003093999985139817,6.009999196976423e-05,balanced,0.05123142156330603,4bd60e8821f5e5694596,source_code,real:engines\XAI-Compress\results\model_search\imports\auto\lr-0-0002-f316e33308\v1\XAI-Compress\scripts\generate_notebooks.py,train
brotli,11,brotli|11|identity,identity,3.7766497461928936,0.004095600001164712,4.780000017490238e-05,smallest,0.009339005133790792,4c80f5a4a4fb916d4bff,json,real:engines\XAI-Compress\data\domain_focused\archive\config.json,validation
zstd,3,zstd|3|identity,identity,4.598984771573604,5.43000060133636e-05,2.19999928958714e-05,fastest,0.027333741282412796,4c80f5a4a4fb916d4bff,json,real:engines\XAI-Compress\data\domain_focused\archive\config.json,validation
deflate,9,deflate|9|identity,identity,4.2639593908629445,9.590000263415277e-05,2.5500004994682968e-05,balanced,0.06827936513340446,4c80f5a4a4fb916d4bff,json,real:engines\XAI-Compress\data\domain_focused\archive\config.json,validation
brotli,11,brotli|11|identity,identity,2.3983236684372105,0.07963539999036584,0.00026030000299215317,smallest,0.015580028047531605,4c96935b431ab992774b,source_code,real:engines\XAI-Compress\results\model_search\imports\auto\lr-0-0002-f316e33308\v1\XAI-Compress\scripts\final_analysis.py,validation
zstd,3,zstd|3|identity,identity,2.8634082159738803,0.0003851000074064359,9.890001092571765e-05,fastest,0.01083244733345278,4c96935b431ab992774b,source_code,real:engines\XAI-Compress\results\model_search\imports\auto\lr-0-0002-f316e33308\v1\XAI-Compress\scripts\final_analysis.py,validation
deflate,9,deflate|9|identity,identity,2.695385215145461,0.0009149000106845051,9.039998985826969e-05,balanced,0.029900296867724187,4c96935b431ab992774b,source_code,real:engines\XAI-Compress\results\model_search\imports\auto\lr-0-0002-f316e33308\v1\XAI-Compress\scripts\final_analysis.py,validation
brotli,4,brotli|4|identity,identity,6.451612903225806,4.579999949783087e-05,1.2200005585327744e-05,smallest,0.002347662294062234,4ca5960133ba9fa63b1a,binary,real:apps\admin_dotnet\.gitignore,validation
raw,,raw|default|identity,identity,8.0,2.7000060072168708e-06,2.1000014385208488e-06,fastest,0.008571428571428572,4ca5960133ba9fa63b1a,binary,real:apps\admin_dotnet\.gitignore,validation
brotli,4,brotli|4|identity,identity,6.451612903225806,4.579999949783087e-05,1.2200005585327744e-05,balanced,0.03229431404672341,4ca5960133ba9fa63b1a,binary,real:apps\admin_dotnet\.gitignore,validation
brotli,9,brotli|9|identity,identity,7.3380126953125,0.02716530000907369,0.0005991000070935115,smallest,0.015638534043348334,4cba99ad57ad055569dc,video,real:engines\XAI-Compress\data\test\archive (1)\FaceForensics++_C23\DeepFakeDetection\02_03__walking_outside_cafe_disgusted__QH3Y0IG0.mp4,train
zstd,6,zstd|6|identity,identity,7.4786376953125,0.0013122999953338876,4.069998976774514e-05,fastest,0.013299374412224374,4cba99ad57ad055569dc,video,real:engines\XAI-Compress\data\test\archive (1)\FaceForensics++_C23\DeepFakeDetection\02_03__walking_outside_cafe_disgusted__QH3Y0IG0.mp4,train
brotli,6,brotli|6|identity,identity,7.3385009765625,0.0038290000084089115,0.0005914000066695735,balanced,0.021251931390418657,4cba99ad57ad055569dc,video,real:engines\XAI-Compress\data\test\archive (1)\FaceForensics++_C23\DeepFakeDetection\02_03__walking_outside_cafe_disgusted__QH3Y0IG0.mp4,train
brotli,6,brotli|6|identity,identity,6.1915283203125,0.003982999987783842,0.0005863999977009371,smallest,0.0011494591767190886,4ccf04c1f02a963011d8,video,real:engines\XAI-Compress\data\test\archive (1)\FaceForensics++_C23\DeepFakeDetection\03_27__walking_down_indoor_hall_disgust__IL675GCI.mp4,train
zstd,3,zstd|3|identity,identity,6.4395751953125,0.0004112999886274338,0.00017919999663718045,fastest,0.012217507868313703,4ccf04c1f02a963011d8,video,real:engines\XAI-Compress\data\test\archive (1)\FaceForensics++_C23\DeepFakeDetection\03_27__walking_down_indoor_hall_disgust__IL675GCI.mp4,train
brotli,6,brotli|6|identity,identity,6.1915283203125,0.003982999987783842,0.0005863999977009371,balanced,0.0154986936949374,4ccf04c1f02a963011d8,video,real:engines\XAI-Compress\data\test\archive (1)\FaceForensics++_C23\DeepFakeDetection\03_27__walking_down_indoor_hall_disgust__IL675GCI.mp4,train
brotli,11,brotli|11|identity,identity,3.873873873873874,0.006656900004600175,4.669999179895967e-05,smallest,0.011623269156063747,4cd763e28d4e32a2fc7b,binary,real:apps\admin_dotnet\Components\Pages\Quarantine.razor,train
zstd,9,zstd|9|identity,identity,4.90990990990991,8.299999171867967e-05,1.8499995348975062e-05,fastest,0.027709004965773595,4cd763e28d4e32a2fc7b,binary,real:apps\admin_dotnet\Components\Pages\Quarantine.razor,train
deflate,9,deflate|9|identity,identity,4.63063063063063,0.00011010000889655203,2.6599998818710446e-05,balanced,0.0981906922306784,4cd763e28d4e32a2fc7b,binary,real:apps\admin_dotnet\Components\Pages\Quarantine.razor,train
brotli,11,brotli|11|identity,identity,6.6104736328125,0.43608809998841025,0.001620999988517724,smallest,0.01787494221858693,4cd931f1b78c4370623d,model,real:engines\XAI-Compress\checkpoints\gru_hq_v1.pt,train
zstd,6,zstd|6|identity,identity,6.9869384765625,0.0012027000047964975,0.00017529999604448676,fastest,0.02042027980242121,4cd931f1b78c4370623d,model,real:engines\XAI-Compress\checkpoints\gru_hq_v1.pt,train
brotli,6,brotli|6|identity,identity,6.67822265625,0.00436039999476634,0.0011849000002257526,balanced,0.05293411924447212,4cd931f1b78c4370623d,model,real:engines\XAI-Compress\checkpoints\gru_hq_v1.pt,train
deflate,9,deflate|9|identity,identity,7.9783935546875,0.0018994999991264194,0.0001078000059351325,smallest,0.010441427794131914,4ce3d29f8a7135cdf283,archive,real:apps\public_nextjs\.next\cache\webpack\server-development\3.pack.gz,train
raw,,raw|default|identity,identity,8.0,5.299996701069176e-06,3.3999967854470015e-06,fastest,0.002481772293886708,4ce3d29f8a7135cdf283,archive,real:apps\public_nextjs\.next\cache\webpack\server-development\3.pack.gz,train
raw,,raw|default|identity,identity,8.0,5.299996701069176e-06,3.3999967854470015e-06,balanced,0.02233595064498037,4ce3d29f8a7135cdf283,archive,real:apps\public_nextjs\.next\cache\webpack\server-development\3.pack.gz,train
brotli,11,brotli|11|identity,identity,2.949910262685593,0.03855319999274798,0.00018450000789016485,smallest,0.01592993155385175,4dab877d7783ef17ce65,source_code,real:engines\XAI-Compress\results\model_search\imports\auto\lr-0-0002-f316e33308\v1\XAI-Compress\scripts\debug_lossless_v2_gradients.py,train
zstd,3,zstd|3|identity,identity,3.3597650513950073,8.72999953571707e-05,2.6900001103058457e-05,fastest,0.007536968346538756,4dab877d7783ef17ce65,source_code,real:engines\XAI-Compress\results\model_search\imports\auto\lr-0-0002-f316e33308\v1\XAI-Compress\scripts\debug_lossless_v2_gradients.py,train
zstd,6,zstd|6|identity,identity,3.290585739924947,0.0001880000054370612,3.029999788850546e-05,balanced,0.03368099468237157,4dab877d7783ef17ce65,source_code,real:engines\XAI-Compress\results\model_search\imports\auto\lr-0-0002-f316e33308\v1\XAI-Compress\scripts\debug_lossless_v2_gradients.py,train
raw,,raw|default|identity,identity,8.0,2.3999891709536314e-06,1.7999991541728377e-06,smallest,0.0,4dda9a979839809ebab8,text,real:analytics\XAI-Compress-Analysis-Suite\requirements-analysis.txt,train
raw,,raw|default|identity,identity,8.0,2.3999891709536314e-06,1.7999991541728377e-06,fastest,0.0,4dda9a979839809ebab8,text,real:analytics\XAI-Compress-Analysis-Suite\requirements-analysis.txt,train
raw,,raw|default|identity,identity,8.0,2.3999891709536314e-06,1.7999991541728377e-06,balanced,0.0,4dda9a979839809ebab8,text,real:analytics\XAI-Compress-Analysis-Suite\requirements-analysis.txt,train
brotli,6,brotli|6|identity,identity,6.3892822265625,0.0039157999999588355,0.000654399991617538,smallest,0.0022856006971249112,4dee73d039146dc3ea7c,video,real:engines\XAI-Compress\data\test\archive (1)\FaceForensics++_C23\DeepFakeDetection\02_15__talking_angry_couch__I8G2LWD1.mp4,train
zstd,1,zstd|1|identity,identity,6.7188720703125,0.00032649999775458127,3.71999922208488e-05,fastest,0.01180378820854686,4dee73d039146dc3ea7c,video,real:engines\XAI-Compress\data\test\archive (1)\FaceForensics++_C23\DeepFakeDetection\02_15__talking_angry_couch__I8G2LWD1.mp4,train
brotli,6,brotli|6|identity,identity,6.3892822265625,0.0039157999999588355,0.000654399991617538,balanced,0.019287971046205957,4dee73d039146dc3ea7c,video,real:engines\XAI-Compress\data\test\archive (1)\FaceForensics++_C23\DeepFakeDetection\02_15__talking_angry_couch__I8G2LWD1.mp4,train
brotli,11,brotli|11|identity,identity,2.58295142071494,0.01712530000077095,9.089999366551638e-05,smallest,0.015895552935104102,4e779bd1a58d6204c573,source_code,real:engines\XAI-Compress\phase_i_j_experiments.py,train
zstd,3,zstd|3|identity,identity,3.0467461044912922,0.00012070000229869038,4.050000279676169e-05,fastest,0.014999898551438469,4e779bd1a58d6204c573,source_code,real:engines\XAI-Compress\phase_i_j_experiments.py,train
deflate,6,deflate|6|identity,identity,2.914757103574702,0.00023039999359752983,4.719999560620636e-05,balanced,0.037486960009952296,4e779bd1a58d6204c573,source_code,real:engines\XAI-Compress\phase_i_j_experiments.py,train
brotli,11,brotli|11|identity,identity,3.458365758754864,0.010789899999508634,8.019999950192869e-05,smallest,0.016295647256440792,4e8a7f2e8737c0d866ca,markdown,real:README.md,train
zstd,3,zstd|3|identity,identity,4.5136186770428015,9.57000011112541e-05,3.3199990866705775e-05,fastest,0.02538778565028159,4e8a7f2e8737c0d866ca,markdown,real:README.md,train
deflate,6,deflate|6|identity,identity,4.401556420233463,0.00018689999706111848,4.2100000428035855e-05,balanced,0.10717179810660349,4e8a7f2e8737c0d866ca,markdown,real:README.md,train
brotli,11,brotli|11|identity,identity,7.50927734375,0.725606499996502,0.0010433999996166676,smallest,0.030777781885431697,4eba1f3230ef47926fa1,video,real:engines\XAI-Compress\data\test\archive (1)\FaceForensics++_C23\DeepFakeDetection\06_07__walking_outside_cafe_disgusted__NMGYPBXE.mp4,validation
zstd,3,zstd|3|identity,identity,7.6917724609375,0.0004582999972626567,3.7699996028095484e-05,fastest,0.021116184378039936,4eba1f3230ef47926fa1,video,real:engines\XAI-Compress\data\test\archive (1)\FaceForensics++_C23\DeepFakeDetection\06_07__walking_outside_cafe_disgusted__NMGYPBXE.mp4,validation
brotli,6,brotli|6|identity,identity,7.52587890625,0.0038255999970715493,0.0005901999975321814,balanced,0.05942295170547552,4eba1f3230ef47926fa1,video,real:engines\XAI-Compress\data\test\archive (1)\FaceForensics++_C23\DeepFakeDetection\06_07__walking_outside_cafe_disgusted__NMGYPBXE.mp4,validation
brotli,11,brotli|11|identity,identity,6.112359550561798,0.002813300001434982,3.689998993650079e-05,smallest,0.00884109054647214,4f497fa18244e2585272,source_code,real:engines\XAI-Compress\results\model_search\imports\auto\lr-0-0002-f316e33308\v1\XAI-Compress\scripts\kaggle\run_kaggle_lossy_v1.py,train
zstd,9,zstd|9|identity,identity,7.01123595505618,1.789999078027904e-05,5.800000508315861e-06,fastest,0.02013710508116326,4f497fa18244e2585272,source_code,real:engines\XAI-Compress\results\model_search\imports\auto\lr-0-0002-f316e33308\v1\XAI-Compress\scripts\kaggle\run_kaggle_lossy_v1.py,train
brotli,6,brotli|6|identity,identity,6.292134831460674,0.0002901999978348613,1.2799995602108538e-05,balanced,0.04721208160993842,4f497fa18244e2585272,source_code,real:engines\XAI-Compress\results\model_search\imports\auto\lr-0-0002-f316e33308\v1\XAI-Compress\scripts\kaggle\run_kaggle_lossy_v1.py,train
raw,,raw|default|identity,identity,8.0,6.199989002197981e-06,4.1000021155923605e-06,smallest,0.0,4feabb0721d6fc110339,high_entropy,synthetic:engines\XAI-Compress\data\hybrid_selector\synthetic\high_entropy_256KiB.rand,train
raw,,raw|default|identity,identity,8.0,6.199989002197981e-06,4.1000021155923605e-06,fastest,0.0,4feabb0721d6fc110339,high_entropy,synthetic:engines\XAI-Compress\data\hybrid_selector\synthetic\high_entropy_256KiB.rand,train
raw,,raw|default|identity,identity,8.0,6.199989002197981e-06,4.1000021155923605e-06,balanced,0.0,4feabb0721d6fc110339,high_entropy,synthetic:engines\XAI-Compress\data\hybrid_selector\synthetic\high_entropy_256KiB.rand,train
brotli,9,brotli|9|identity,identity,1.0533807829181494,0.004280699999071658,3.569999535102397e-05,smallest,0.011997431686063199,5001f1ac1574feb8124e,json,real:engines\XAI-Compress\phase_h_dataset_report.json,train
deflate,6,deflate|6|identity,identity,1.1284373989000323,0.00010630000906530768,1.8499995348975062e-05,fastest,0.003195160348040766,5001f1ac1574feb8124e,json,real:engines\XAI-Compress\phase_h_dataset_report.json,train
deflate,6,deflate|6|identity,identity,1.1284373989000323,0.00010630000906530768,1.8499995348975062e-05,balanced,0.011099496020324702,5001f1ac1574feb8124e,json,real:engines\XAI-Compress\phase_h_dataset_report.json,train
deflate,6,deflate|6|identity,identity,0.9540771782783307,7.280000136233866e-05,1.720000000204891e-05,smallest,0.01061879932780437,50b3490c862221460386,text,real:apps\admin_dotnet\obj\Debug\net8.0\AdminDotNet.csproj.FileListAbsolute.txt,train
deflate,1,deflate|1|identity,identity,1.3005063733193645,3.070000093430281e-05,1.3299999409355223e-05,fastest,0.006629516293202885,50b3490c862221460386,text,real:apps\admin_dotnet\obj\Debug\net8.0\AdminDotNet.csproj.FileListAbsolute.txt,train
deflate,6,deflate|6|identity,identity,0.9540771782783307,7.280000136233866e-05,1.720000000204891e-05,balanced,0.008924750571720983,50b3490c862221460386,text,real:apps\admin_dotnet\obj\Debug\net8.0\AdminDotNet.csproj.FileListAbsolute.txt,train
brotli,11,brotli|11|identity,identity,4.192771084337349,0.0027070000069215894,3.6600002204068005e-05,smallest,0.007550977274632975,50bbd74ef7529f18b9d2,csv,real:engines\XAI-Compress\.test-tmp\final-validation\test_experiment_log_and_manife0\experiments.csv,test
zstd,9,zstd|9|identity,identity,5.253012048192771,5.60000044060871e-05,1.610000617802143e-05,fastest,0.033488400389723436,50bbd74ef7529f18b9d2,csv,real:engines\XAI-Compress\.test-tmp\final-validation\test_experiment_log_and_manife0\experiments.csv,test
brotli,4,brotli|4|identity,identity,4.819277108433735,0.00012540000898297876,2.6900001103058457e-05,balanced,0.10169162561868382,50bbd74ef7529f18b9d2,csv,real:engines\XAI-Compress\.test-tmp\final-validation\test_experiment_log_and_manife0\experiments.csv,test
brotli,11,brotli|11|identity,identity,2.209216279852001,0.012183899991214275,6.829999620094895e-05,smallest,0.015956492483688862,50e133e322957fcf7b95,csv,real:engines\XAI-Compress\results\compression_comparison\benchmark_results.csv,train
zstd,3,zstd|3|identity,identity,2.6263033972418435,3.3499993151053786e-05,1.2100004823878407e-05,fastest,0.007600496702549586,50e133e322957fcf7b95,csv,real:engines\XAI-Compress\results\compression_comparison\benchmark_results.csv,train
deflate,6,deflate|6|identity,identity,2.4836865119408005,5.539999983739108e-05,1.3500000932253897e-05,balanced,0.02479239107485048,50e133e322957fcf7b95,csv,real:engines\XAI-Compress\results\compression_comparison\benchmark_results.csv,train
brotli,11,brotli|11|identity,identity,2.6666666666666665,0.020453999997698702,0.00010119999933522195,smallest,0.016168332656338595,51111996e2f5435b3172,binary,real:apps\mobile_authenticator_flutter\android\gradlew,train
zstd,3,zstd|3|identity,identity,3.1494669080667874,0.00012299999070819467,4.260000423528254e-05,fastest,0.016008661334784003,51111996e2f5435b3172,binary,real:apps\mobile_authenticator_flutter\android\gradlew,train
deflate,6,deflate|6|identity,identity,3.04003218668276,0.00026030000299215317,5.120001151226461e-05,balanced,0.04281751022149425,51111996e2f5435b3172,binary,real:apps\mobile_authenticator_flutter\android\gradlew,train
brotli,11,brotli|11|identity,identity,7.613525390625,0.5692550000094343,0.0009194000012939796,smallest,0.01700249409282912,5132c938711baa760049,video,real:engines\XAI-Compress\data\test\archive (1)\FaceForensics++_C23\DeepFakeDetection\02_13__exit_phone_room__CP5HFV3K.mp4,train
zstd,1,zstd|1|identity,identity,7.79296875,0.0004394000134197995,3.840000135824084e-05,fastest,0.01980397044757866,5132c938711baa760049,video,real:engines\XAI-Compress\data\test\archive (1)\FaceForensics++_C23\DeepFakeDetection\02_13__exit_phone_room__CP5HFV3K.mp4,train
brotli,6,brotli|6|identity,identity,7.6246337890625,0.003737799997907132,0.000644200001261197,balanced,0.030700010496281793,5132c938711baa760049,video,real:engines\XAI-Compress\data\test\archive (1)\FaceForensics++_C23\DeepFakeDetection\02_13__exit_phone_room__CP5HFV3K.mp4,train
brotli,11,brotli|11|identity,identity,1.7618814306712396,0.021740600001066923,9.790000331122428e-05,smallest,0.015869998227053456,5152fdf659aa90ac3912,json,real:engines\XAI-Compress\results\final\transformer_validation.json,train
zstd,1,zstd|1|identity,identity,2.116609505144537,5.299999611452222e-05,2.4499997380189598e-05,fastest,0.00776042182837308,5152fdf659aa90ac3912,json,real:engines\XAI-Compress\results\final\transformer_validation.json,train
zstd,6,zstd|6|identity,identity,1.9676629103380696,0.00016790001245681196,2.8300011763349175e-05,balanced,0.020317643127993307,5152fdf659aa90ac3912,json,real:engines\XAI-Compress\results\final\transformer_validation.json,train
brotli,11,brotli|11|identity,identity,1.1675544057221123,0.026338099996792153,0.00011500000255182385,smallest,0.015443357517327228,51574337e325c6face68,json,real:engines\XAI-Compress\notebooks\XAI_Compress_Final_Project.ipynb,train
zstd,3,zstd|3|identity,identity,1.4037437224166793,6.960000609979033e-05,1.9400002202019095e-05,fastest,0.004447157356903812,51574337e325c6face68,json,real:engines\XAI-Compress\notebooks\XAI_Compress_Final_Project.ipynb,train
deflate,6,deflate|6|identity,identity,1.3246081266169534,0.00012099999003112316,2.780000795610249e-05,balanced,0.012999849420008373,51574337e325c6face68,json,real:engines\XAI-Compress\notebooks\XAI_Compress_Final_Project.ipynb,train
brotli,11,brotli|11|identity,identity,2.7492507492507494,0.004498399997828528,4.9700000090524554e-05,smallest,0.009870889977208735,517dc27e4f71189df1d9,json,real:engines\XAI-Compress\checkpoints\phase_i_v1_128_sanity.summary.json,train
zstd,6,zstd|6|identity,identity,3.3566433566433567,8.38999985717237e-05,1.959998917300254e-05,fastest,0.022489636145823503,517dc27e4f71189df1d9,json,real:engines\XAI-Compress\checkpoints\phase_i_v1_128_sanity.summary.json,train
deflate,9,deflate|9|identity,identity,3.2287712287712287,9.899999713525176e-05,2.3899992811493576e-05,balanced,0.05517318759199734,517dc27e4f71189df1d9,json,real:engines\XAI-Compress\checkpoints\phase_i_v1_128_sanity.summary.json,train
bzip2,9,bzip2|9|identity,identity,1.1878662109375,0.011950200001592748,0.003351999999722466,smallest,0.004579682505451434,51adae7fe2c193ec255e,binary,real:apps\web_angular\.angular\cache\20.3.28\xai-web\vite\deps\chunk-RSS3ODKE.js.map,train
zstd,3,zstd|3|identity,identity,1.596923828125,0.0010930999997071922,0.00025939999613910913,fastest,0.010663390257848324,51adae7fe2c193ec255e,binary,real:apps\web_angular\.angular\cache\20.3.28\xai-web\vite\deps\chunk-RSS3ODKE.js.map,train
deflate,9,deflate|9|identity,identity,1.4085693359375,0.004091199996764772,0.00021969999943394214,balanced,0.0226973594026893,51adae7fe2c193ec255e,binary,real:apps\web_angular\.angular\cache\20.3.28\xai-web\vite\deps\chunk-RSS3ODKE.js.map,train
brotli,11,brotli|11|identity,identity,3.987538940809969,0.004361300001619384,5.94000011915341e-05,smallest,0.009098735821411979,51fcaa32e3830e589312,source_code,real:apps\public_nextjs\SETUP_WINDOWS.bat,train
deflate,9,deflate|9|identity,identity,4.859813084112149,7.950000872369856e-05,2.5699991965666413e-05,fastest,0.03247196214740833,51fcaa32e3830e589312,source_code,real:apps\public_nextjs\SETUP_WINDOWS.bat,train
brotli,6,brotli|6|identity,identity,4.186915887850467,0.001102900001569651,5.339999916031957e-05,balanced,0.0869306368356994,51fcaa32e3830e589312,source_code,real:apps\public_nextjs\SETUP_WINDOWS.bat,train
brotli,11,brotli|11|identity,identity,1.9612257661038148,0.01218410000728909,6.809999467805028e-05,smallest,0.016443077335252305,527aebc3310122a57274,binary,real:apps\desktop_flutter\windows\runner\Runner.rc,train
zstd,3,zstd|3|identity,identity,2.476547842401501,6.629999552387744e-05,2.540000423323363e-05,fastest,0.015776086294313697,527aebc3310122a57274,binary,real:apps\desktop_flutter\windows\runner\Runner.rc,train
deflate,9,deflate|9|identity,identity,2.3114446529080674,0.00017070000467356294,2.9699993319809437e-05,balanced,0.038040711899364046,527aebc3310122a57274,binary,real:apps\desktop_flutter\windows\runner\Runner.rc,train
brotli,6,brotli|6|identity,identity,7.1722412109375,0.003959699999541044,0.0006703999970341101,smallest,0.009759109200041291,52854e18c4077c169d2c,video,real:engines\XAI-Compress\data\test\archive (1)\FaceForensics++_C23\DeepFakeDetection\02_14__outside_talking_pan_laughing__3IUBEKCT.mp4,train
zstd,3,zstd|3|identity,identity,7.3629150390625,0.0003862000012304634,2.95999925583601e-05,fastest,0.013049236176088972,52854e18c4077c169d2c,video,real:engines\XAI-Compress\data\test\archive (1)\FaceForensics++_C23\DeepFakeDetection\02_14__outside_talking_pan_laughing__3IUBEKCT.mp4,train
brotli,6,brotli|6|identity,identity,7.1722412109375,0.003959699999541044,0.0006703999970341101,balanced,0.02081469811352783,52854e18c4077c169d2c,video,real:engines\XAI-Compress\data\test\archive (1)\FaceForensics++_C23\DeepFakeDetection\02_14__outside_talking_pan_laughing__3IUBEKCT.mp4,train
brotli,11,brotli|11|identity,identity,5.289525414209492,0.07004700000106823,0.00027119999867863953,smallest,0.01724295931572042,52cb205680a35a47f847,model,real:engines\XAI-Compress\data\test\archive\results\checkpoint-140\rng_state.pth,train
zstd,3,zstd|3|identity,identity,5.764672844706543,0.00027129999944008887,8.460000390186906e-05,fastest,0.02255447771983484,52cb205680a35a47f847,model,real:engines\XAI-Compress\data\test\archive\results\checkpoint-140\rng_state.pth,train
zstd,3,zstd|3|identity,identity,5.764672844706543,0.00027129999944008887,8.460000390186906e-05,balanced,0.08907938935959306,52cb205680a35a47f847,model,real:engines\XAI-Compress\data\test\archive\results\checkpoint-140\rng_state.pth,train
brotli,11,brotli|11|identity,identity,1.4404015056461732,0.010358300001826137,6.179999036248773e-05,smallest,0.01580909925255302,52d1a2a3a534e5c8fc09,json,real:engines\XAI-Compress\checkpoints\selector\feature_schema.json,train
zstd,3,zstd|3|identity,identity,1.7791718946047679,7.340000593103468e-05,2.989999484270811e-05,fastest,0.012855335417039489,52d1a2a3a534e5c8fc09,json,real:engines\XAI-Compress\checkpoints\selector\feature_schema.json,train
deflate,9,deflate|9|identity,identity,1.6386449184441656,0.00015809999604243785,2.9600007110275328e-05,balanced,0.022771411441374588,52d1a2a3a534e5c8fc09,json,real:engines\XAI-Compress\checkpoints\selector\feature_schema.json,train
brotli,11,brotli|11|identity,identity,6.8465576171875,0.3799577000027057,0.0008259000023826957,smallest,0.016479030416899142,52fbd59a71d11952e1c9,video,real:engines\XAI-Compress\data\test\archive (1)\FaceForensics++_C23\DeepFakeDetection\01_03__podium_speech_happy__480LQD1C.mp4,train
zstd,3,zstd|3|identity,identity,7.1715087890625,0.0004295000107958913,4.020000051241368e-05,fastest,0.015890454122963443,52fbd59a71d11952e1c9,video,real:engines\XAI-Compress\data\test\archive (1)\FaceForensics++_C23\DeepFakeDetection\01_03__podium_speech_happy__480LQD1C.mp4,train
brotli,6,brotli|6|identity,identity,6.87109375,0.003921900002751499,0.0005682999908458441,balanced,0.026202385314382234,52fbd59a71d11952e1c9,video,real:engines\XAI-Compress\data\test\archive (1)\FaceForensics++_C23\DeepFakeDetection\01_03__podium_speech_happy__480LQD1C.mp4,train
zstd,1,zstd|1|identity,identity,0.0091552734375,6.529998790938407e-05,3.440000000409782e-05,smallest,0.0002933491950119833,531f290d464c9d7f68e7,structured,synthetic:engines\XAI-Compress\data\hybrid_selector\synthetic\structured_64KiB.json,train
zstd,1,zstd|1|identity,identity,0.0091552734375,6.529998790938407e-05,3.440000000409782e-05,fastest,0.001992984008211205,531f290d464c9d7f68e7,structured,synthetic:engines\XAI-Compress\data\hybrid_selector\synthetic\structured_64KiB.json,train
zstd,1,zstd|1|identity,identity,0.0091552734375,6.529998790938407e-05,3.440000000409782e-05,balanced,0.0011438146452378882,531f290d464c9d7f68e7,structured,synthetic:engines\XAI-Compress\data\hybrid_selector\synthetic\structured_64KiB.json,train
brotli,11,brotli|11|identity,identity,1.580543713746593,0.04671299998881295,0.00014069999451749027,smallest,0.015417568528778009,5321a4b887e5b8a6306e,csv,real:engines\XAI-Compress\results\hybrid_ai\selector_labels.csv,train
zstd,3,zstd|3|identity,identity,1.9774966804109302,7.940000796224922e-05,2.4300010409206152e-05,fastest,0.0052711825490965435,5321a4b887e5b8a6306e,csv,real:engines\XAI-Compress\results\hybrid_ai\selector_labels.csv,train
deflate,6,deflate|6|identity,identity,1.8606471451534,0.0001993000041693449,3.500000457279384e-05,balanced,0.02222149052654658,5321a4b887e5b8a6306e,csv,real:engines\XAI-Compress\results\hybrid_ai\selector_labels.csv,train
brotli,6,brotli|6|identity,identity,5.81294964028777,0.00041620001138653606,2.6699999580159783e-05,smallest,0.0032225234178796143,5336c41607083a94a7db,csv,real:engines\XAI-Compress\checkpoints\gru_smoke.metrics.csv,train
raw,,raw|default|identity,identity,8.0,4.7000066842883825e-06,3.9000005926936865e-06,fastest,0.02289156626506024,5336c41607083a94a7db,csv,real:engines\XAI-Compress\checkpoints\gru_smoke.metrics.csv,train
brotli,6,brotli|6|identity,identity,5.81294964028777,0.00041620001138653606,2.6699999580159783e-05,balanced,0.04993742026402283,5336c41607083a94a7db,csv,real:engines\XAI-Compress\checkpoints\gru_smoke.metrics.csv,train
brotli,4,brotli|4|identity,identity,0.06640625,6.579999171663076e-05,2.2599997464567423e-05,smallest,0.0003956560506253017,53590f885a2abf96f18f,repetitive,synthetic:engines\XAI-Compress\data\hybrid_selector\synthetic\repetitive_4KiB.bin,train
zstd,6,zstd|6|identity,identity,0.076171875,2.750000567175448e-05,9.099996532313526e-06,fastest,0.0032246942769172354,53590f885a2abf96f18f,repetitive,synthetic:engines\XAI-Compress\data\hybrid_selector\synthetic\repetitive_4KiB.bin,train
zstd,6,zstd|6|identity,identity,0.076171875,2.750000567175448e-05,9.099996532313526e-06,balanced,0.0024550640164932042,53590f885a2abf96f18f,repetitive,synthetic:engines\XAI-Compress\data\hybrid_selector\synthetic\repetitive_4KiB.bin,train
brotli,11,brotli|11|identity,identity,3.084010840108401,0.00748800000292249,5.8200006606057286e-05,smallest,0.0154584006484051,53ae6fff9480bcda52cb,binary,real:apps\desktop_flutter\windows\flutter\ephemeral\generated_config.cmake,train
zstd,3,zstd|3|identity,identity,3.5013550135501355,5.950000195298344e-05,2.200000744778663e-05,fastest,0.021964259333079973,53ae6fff9480bcda52cb,binary,real:apps\desktop_flutter\windows\flutter\ephemeral\generated_config.cmake,train
zstd,6,zstd|6|identity,identity,3.4688346883468837,9.65999934123829e-05,2.0399995264597237e-05,balanced,0.04835125205835899,53ae6fff9480bcda52cb,binary,real:apps\desktop_flutter\windows\flutter\ephemeral\generated_config.cmake,train
brotli,11,brotli|11|identity,identity,7.356201171875,0.4308759999985341,0.0010241999989375472,smallest,0.016625588282263397,5423c4641e4642cccfee,video,real:engines\XAI-Compress\data\test\archive (1)\FaceForensics++_C23\DeepFakeDetection\01_20__kitchen_pan__6UBMLXK3.mp4,train
deflate,9,deflate|9|identity,identity,7.4451904296875,0.0014900999958626926,0.000112599998828955,fastest,0.012032424858384511,5423c4641e4642cccfee,video,real:engines\XAI-Compress\data\test\archive (1)\FaceForensics++_C23\DeepFakeDetection\01_20__kitchen_pan__6UBMLXK3.mp4,train
brotli,6,brotli|6|identity,identity,7.3701171875,0.00395439998828806,0.0006635000027017668,balanced,0.026486933853145114,5423c4641e4642cccfee,video,real:engines\XAI-Compress\data\test\archive (1)\FaceForensics++_C23\DeepFakeDetection\01_20__kitchen_pan__6UBMLXK3.mp4,train
brotli,9,brotli|9|identity,identity,7.3309326171875,0.02691640000557527,0.0006133999995654449,smallest,0.008867792688542488,546ace30fb0bb2e3783b,video,real:engines\XAI-Compress\data\test\archive (1)\FaceForensics++_C23\DeepFakeDetection\01_20__outside_talking_pan_laughing__OTGHOG4Z.mp4,test
zstd,1,zstd|1|identity,identity,7.48974609375,0.0003369999903952703,3.100000321865082e-05,fastest,0.01319543649752681,546ace30fb0bb2e3783b,video,real:engines\XAI-Compress\data\test\archive (1)\FaceForensics++_C23\DeepFakeDetection\01_20__outside_talking_pan_laughing__OTGHOG4Z.mp4,test
brotli,6,brotli|6|identity,identity,7.3349609375,0.00386399999842979,0.00060450000455603,balanced,0.020692611988600625,546ace30fb0bb2e3783b,video,real:engines\XAI-Compress\data\test\archive (1)\FaceForensics++_C23\DeepFakeDetection\01_20__outside_talking_pan_laughing__OTGHOG4Z.mp4,test
brotli,11,brotli|11|identity,identity,5.561253561253562,0.0035463999956846237,4.289999196771532e-05,smallest,0.010149655292409077,54d787039a71f598a310,binary,real:engines\XAI-Compress\.test-tmp\final-all\test_v3_tiny_chunks_and_empty_1\out,train
deflate,9,deflate|9|identity,identity,6.153846153846154,9.980000322684646e-05,8.400005754083395e-06,fastest,0.026809243642619135,54d787039a71f598a310,binary,real:engines\XAI-Compress\.test-tmp\final-all\test_v3_tiny_chunks_and_empty_1\out,train
brotli,6,brotli|6|identity,identity,5.6752136752136755,0.0008273999992525205,3.640000068116933e-05,balanced,0.09173441380249095,54d787039a71f598a310,binary,real:engines\XAI-Compress\.test-tmp\final-all\test_v3_tiny_chunks_and_empty_1\out,train
brotli,9,brotli|9|identity,identity,6.9195556640625,0.030714399996213615,0.0006208999984664842,smallest,0.014892103502609343,557880c28c1e77c017e1,video,real:engines\XAI-Compress\data\test\archive (1)\FaceForensics++_C23\DeepFakeDetection\06_07__talking_against_wall__NMGYPBXE.mp4,validation
zstd,3,zstd|3|identity,identity,7.115966796875,0.0004182999982731417,3.2899988582357764e-05,fastest,0.010951339977618057,557880c28c1e77c017e1,video,real:engines\XAI-Compress\data\test\archive (1)\FaceForensics++_C23\DeepFakeDetection\06_07__talking_against_wall__NMGYPBXE.mp4,validation
brotli,6,brotli|6|identity,identity,6.92138671875,0.0038004999951226637,0.0005947999889031053,balanced,0.020905215593690775,557880c28c1e77c017e1,video,real:engines\XAI-Compress\data\test\archive (1)\FaceForensics++_C23\DeepFakeDetection\06_07__talking_against_wall__NMGYPBXE.mp4,validation
brotli,9,brotli|9|identity,identity,7.06787109375,0.027601199995842762,0.0005321999924490228,smallest,0.005543357431000652,55aba708097431431f14,video,real:engines\XAI-Compress\data\test\archive (1)\FaceForensics++_C23\DeepFakeDetection\06_15__outside_talking_still_laughing__QRCD27P8.mp4,validation
zstd,3,zstd|3|identity,identity,7.2508544921875,0.00016830000095069408,1.1699987226165831e-05,fastest,0.010450910460925038,55aba708097431431f14,video,real:engines\XAI-Compress\data\test\archive (1)\FaceForensics++_C23\DeepFakeDetection\06_15__outside_talking_still_laughing__QRCD27P8.mp4,validation
brotli,6,brotli|6|identity,identity,7.068603515625,0.0038644999876851216,0.0006501000025309622,balanced,0.01790012504607961,55aba708097431431f14,video,real:engines\XAI-Compress\data\test\archive (1)\FaceForensics++_C23\DeepFakeDetection\06_15__outside_talking_still_laughing__QRCD27P8.mp4,validation
brotli,11,brotli|11|identity,identity,3.675675675675676,0.005586100000073202,4.710000939667225e-05,smallest,0.017115056760666207,55e0f073be6197a380e5,source_code,real:engines\XAI-Compress\results\model_search\imports\auto\lr-0-0002-f316e33308\v1\XAI-Compress\scripts\kaggle\submit_model_v2.ps1,validation
zstd,9,zstd|9|identity,identity,4.409805153991201,0.00011189999349880964,1.8999999156221747e-05,fastest,0.031873618284392065,55e0f073be6197a380e5,source_code,real:engines\XAI-Compress\results\model_search\imports\auto\lr-0-0002-f316e33308\v1\XAI-Compress\scripts\kaggle\submit_model_v2.ps1,validation
deflate,9,deflate|9|identity,identity,4.289126335637963,0.00012880000576842576,3.0199997127056122e-05,balanced,0.08700028087593671,55e0f073be6197a380e5,source_code,real:engines\XAI-Compress\results\model_search\imports\auto\lr-0-0002-f316e33308\v1\XAI-Compress\scripts\kaggle\submit_model_v2.ps1,validation
brotli,11,brotli|11|identity,identity,2.2037564029595904,0.0109941999980947,6.059999577701092e-05,smallest,0.016329646288937426,5622cd4d2894fa67c7ef,xml,real:engines\XAI-Compress\results\final\figures\bpb_throughput_pareto.svg,train
deflate,6,deflate|6|identity,identity,2.7501422879908937,8.13999940874055e-05,1.930000144056976e-05,fastest,0.01534908577416872,5622cd4d2894fa67c7ef,xml,real:engines\XAI-Compress\results\final\figures\bpb_throughput_pareto.svg,train
deflate,6,deflate|6|identity,identity,2.7501422879908937,8.13999940874055e-05,1.930000144056976e-05,balanced,0.04938471234130405,5622cd4d2894fa67c7ef,xml,real:engines\XAI-Compress\results\final\figures\bpb_throughput_pareto.svg,train
raw,,raw|default|identity,identity,8.0,2.6999914553016424e-06,2.1000014385208488e-06,smallest,0.0,56a85d106e785873ae69,json,real:.vscode\settings.json,train
raw,,raw|default|identity,identity,8.0,2.6999914553016424e-06,2.1000014385208488e-06,fastest,0.0,56a85d106e785873ae69,json,real:.vscode\settings.json,train
raw,,raw|default|identity,identity,8.0,2.6999914553016424e-06,2.1000014385208488e-06,balanced,0.0,56a85d106e785873ae69,json,real:.vscode\settings.json,train
brotli,9,brotli|9|identity,identity,4.22707423580786,0.0006709000008413568,2.1799991372972727e-05,smallest,0.003472281057847194,56b8cab93c53c9cc7b9b,binary,real:apps\desktop_flutter\build\fc42f6600d34cb98265d12e236f28fea\gen_dart_plugin_registrant.stamp,train
deflate,1,deflate|1|identity,identity,4.960698689956332,3.1400006264448166e-05,1.0100004146806896e-05,fastest,0.025147431885994338,56b8cab93c53c9cc7b9b,binary,real:apps\desktop_flutter\build\fc42f6600d34cb98265d12e236f28fea\gen_dart_plugin_registrant.stamp,train
brotli,4,brotli|4|identity,identity,4.331877729257642,0.00010999999358318746,2.439999661874026e-05,balanced,0.050409663095063326,56b8cab93c53c9cc7b9b,binary,real:apps\desktop_flutter\build\fc42f6600d34cb98265d12e236f28fea\gen_dart_plugin_registrant.stamp,train
brotli,11,brotli|11|identity,identity,2.420952380952381,0.017878800004837103,8.610000077169389e-05,smallest,0.01589967407926433,570d1f5370d3afb79631,json,real:engines\XAI-Compress\notebooks\xai_compress_research.ipynb,validation
zstd,1,zstd|1|identity,identity,3.0285714285714285,0.00011600001016631722,4.719999560620636e-05,fastest,0.017421355419548534,570d1f5370d3afb79631,json,real:engines\XAI-Compress\notebooks\xai_compress_research.ipynb,validation
deflate,6,deflate|6|identity,identity,2.8190476190476192,0.00021359999664127827,4.639998951461166e-05,balanced,0.04185028605949953,570d1f5370d3afb79631,json,real:engines\XAI-Compress\notebooks\xai_compress_research.ipynb,validation
brotli,11,brotli|11|identity,identity,7.438232421875,0.4120402999978978,0.0010202999983448535,smallest,0.016215355388600566,572efd7f2a5776ba9d45,video,real:engines\XAI-Compress\data\test\archive (1)\FaceForensics++_C23\DeepFakeDetection\05_16__exit_phone_room__B62WCGUN.mp4,validation
zstd,3,zstd|3|identity,identity,7.5675048828125,0.0005384000105550513,3.3800009987317026e-05,fastest,0.012912620602928587,572efd7f2a5776ba9d45,video,real:engines\XAI-Compress\data\test\archive (1)\FaceForensics++_C23\DeepFakeDetection\05_16__exit_phone_room__B62WCGUN.mp4,validation
brotli,6,brotli|6|identity,identity,7.4503173828125,0.0046615000028396025,0.0007973000028869137,balanced,0.025713840509796984,572efd7f2a5776ba9d45,video,real:engines\XAI-Compress\data\test\archive (1)\FaceForensics++_C23\DeepFakeDetection\05_16__exit_phone_room__B62WCGUN.mp4,validation
brotli,6,brotli|6|identity,identity,6.8023681640625,0.0034519000037107617,0.000618900012341328,smallest,0.014801595650631,575ac6afd2f60f8f7362,video,real:engines\XAI-Compress\data\test\archive (1)\FaceForensics++_C23\DeepFakeDetection\03_15__outside_talking_still_laughing__DNUJD8M2.mp4,test
deflate,6,deflate|6|identity,identity,6.903564453125,0.002237100008642301,0.00013419998867902905,fastest,0.011079188866438808,575ac6afd2f60f8f7362,video,real:engines\XAI-Compress\data\test\archive (1)\FaceForensics++_C23\DeepFakeDetection\03_15__outside_talking_still_laughing__DNUJD8M2.mp4,test
brotli,6,brotli|6|identity,identity,6.8023681640625,0.0034519000037107617,0.000618900012341328,balanced,0.019515990896432817,575ac6afd2f60f8f7362,video,real:engines\XAI-Compress\data\test\archive (1)\FaceForensics++_C23\DeepFakeDetection\03_15__outside_talking_still_laughing__DNUJD8M2.mp4,test
brotli,11,brotli|11|identity,identity,4.574951171875,0.6221195999969495,0.0011847999994643033,smallest,0.017147670135030962,57718e806c0d4a192de1,model,real:engines\XAI-Compress\checkpoints\neural_lossless_v2\best.pt,train
zstd,3,zstd|3|identity,identity,4.9991455078125,0.0009366000012960285,0.00037090000114403665,fastest,0.01825339427388135,57718e806c0d4a192de1,model,real:engines\XAI-Compress\checkpoints\neural_lossless_v2\best.pt,train
brotli,6,brotli|6|identity,identity,4.7423095703125,0.008319699991261587,0.001334599990514107,balanced,0.05826949780020954,57718e806c0d4a192de1,model,real:engines\XAI-Compress\checkpoints\neural_lossless_v2\best.pt,train
brotli,11,brotli|11|identity,identity,1.7944258639910813,0.03515229999902658,0.00010720000136643648,smallest,0.015542650617454835,57accf487c4c33d9ba81,csv,real:engines\XAI-Compress\results\final\lossless_benchmark_raw.csv,validation
zstd,3,zstd|3|identity,identity,2.0807134894091415,0.00015140000323299319,4.669999179895967e-05,fastest,0.00874192393544591,57accf487c4c33d9ba81,csv,real:engines\XAI-Compress\results\final\lossless_benchmark_raw.csv,validation
zstd,1,zstd|1|identity,identity,2.047714604236343,0.0001446999958716333,5.1399998483248055e-05,balanced,0.022874920770016596,57accf487c4c33d9ba81,csv,real:engines\XAI-Compress\results\final\lossless_benchmark_raw.csv,validation
raw,,raw|default|identity,identity,8.0,4.399989848025143e-06,3.5999983083456755e-06,smallest,0.0,5807c07c2b2d4dcebf50,markdown,real:services\enterprise_spring\README.md,train
raw,,raw|default|identity,identity,8.0,4.399989848025143e-06,3.5999983083456755e-06,fastest,0.0,5807c07c2b2d4dcebf50,markdown,real:services\enterprise_spring\README.md,train
raw,,raw|default|identity,identity,8.0,4.399989848025143e-06,3.5999983083456755e-06,balanced,0.0,5807c07c2b2d4dcebf50,markdown,real:services\enterprise_spring\README.md,train
brotli,11,brotli|11|identity,identity,1.3347430746458024,0.009294600007706322,4.889999399892986e-05,smallest,0.014770862909751162,580d8c912aee374f80a0,source_code,real:apps\web_angular\.angular\cache\20.3.28\xai-web\vite\deps\rxjs.js,validation
zstd,3,zstd|3|identity,identity,1.6121801649397336,7.510000432375818e-05,2.9199989512562752e-05,fastest,0.008981798213971779,580d8c912aee374f80a0,source_code,real:apps\web_angular\.angular\cache\20.3.28\xai-web\vite\deps\rxjs.js,validation
zstd,6,zstd|6|identity,identity,1.5462042715161768,0.000142400007462129,2.8999987989664078e-05,balanced,0.020271999935062006,580d8c912aee374f80a0,source_code,real:apps\web_angular\.angular\cache\20.3.28\xai-web\vite\deps\rxjs.js,validation
brotli,6,brotli|6|identity,identity,7.2744140625,0.003468999988399446,0.0005919999966863543,smallest,0.015846239013448147,58bbcd6db8a8dd7435b3,video,real:engines\XAI-Compress\data\test\archive (1)\FaceForensics++_C23\DeepFakeDetection\01_15__kitchen_still__02HILKYO.mp4,train
zstd,3,zstd|3|identity,identity,7.4617919921875,0.0003819999983534217,2.370000584051013e-05,fastest,0.01448476240633029,58bbcd6db8a8dd7435b3,video,real:engines\XAI-Compress\data\test\archive (1)\FaceForensics++_C23\DeepFakeDetection\01_15__kitchen_still__02HILKYO.mp4,train
brotli,6,brotli|6|identity,identity,7.2744140625,0.003468999988399446,0.0005919999966863543,balanced,0.02169659556707879,58bbcd6db8a8dd7435b3,video,real:engines\XAI-Compress\data\test\archive (1)\FaceForensics++_C23\DeepFakeDetection\01_15__kitchen_still__02HILKYO.mp4,train
brotli,11,brotli|11|identity,identity,3.335980937251787,0.005523300002096221,5.769998824689537e-05,smallest,0.01050231057108555,58ef958ecf7fb5ed8367,csv,real:engines\XAI-Compress\results\hybrid_ai\selector_model_metrics.csv,train
zstd,3,zstd|3|identity,identity,3.7934868943606035,6.330000178422779e-05,2.5000001187436283e-05,fastest,0.015993759940451546,58ef958ecf7fb5ed8367,csv,real:engines\XAI-Compress\results\hybrid_ai\selector_model_metrics.csv,train
deflate,6,deflate|6|identity,identity,3.647339158061954,9.06999921426177e-05,2.370000584051013e-05,balanced,0.038044326858789654,58ef958ecf7fb5ed8367,csv,real:engines\XAI-Compress\results\hybrid_ai\selector_model_metrics.csv,train
brotli,9,brotli|9|identity,identity,5.772151898734177,0.0006457999988924712,2.0899999071843922e-05,smallest,0.003236929533288897,59ddfacf4b611b7f4ddf,json,real:engines\XAI-Compress\configs\gru_default.json,train
raw,,raw|default|identity,identity,8.0,4.599991370923817e-06,3.9000005926936865e-06,fastest,0.02972972972972973,59ddfacf4b611b7f4ddf,json,real:engines\XAI-Compress\configs\gru_default.json,train
brotli,9,brotli|9|identity,identity,5.772151898734177,0.0006457999988924712,2.0899999071843922e-05,balanced,0.051225078090169865,59ddfacf4b611b7f4ddf,json,real:engines\XAI-Compress\configs\gru_default.json,train
brotli,11,brotli|11|identity,identity,2.997256173609379,0.016127599999890663,0.00010749998909886926,smallest,0.01589879016035637,5a24e848090bca32f8f2,markdown,real:engines\XAI-Compress\results\model_v2\kaggle_lossless_v2_progress.md,train
zstd,3,zstd|3|identity,identity,3.9930157146420555,4.339999577496201e-05,1.3800003216601908e-05,fastest,0.01327627597400485,5a24e848090bca32f8f2,markdown,real:engines\XAI-Compress\results\model_v2\kaggle_lossless_v2_progress.md,train
brotli,6,brotli|6|identity,identity,3.593913694188077,0.0008754000009503216,3.460000152699649e-05,balanced,0.07361269675616285,5a24e848090bca32f8f2,markdown,real:engines\XAI-Compress\results\model_v2\kaggle_lossless_v2_progress.md,train
brotli,9,brotli|9|identity,identity,7.032967032967033,0.0005706000083591789,2.1700005163438618e-05,smallest,0.0042545677740953676,5a32366e022af0a371f5,source_code,real:apps\web_angular\src\environments\environment.ts,validation
raw,,raw|default|identity,identity,8.0,4.5000051613897085e-06,3.5999983083456755e-06,fastest,0.008088235294117648,5a32366e022af0a371f5,source_code,real:apps\web_angular\src\environments\environment.ts,validation
brotli,9,brotli|9|identity,identity,7.032967032967033,0.0005706000083591789,2.1700005163438618e-05,balanced,0.0642628106883863,5a32366e022af0a371f5,source_code,real:apps\web_angular\src\environments\environment.ts,validation
brotli,11,brotli|11|identity,identity,3.144240077444337,0.01556939999863971,0.00010219999239780009,smallest,0.017116485247725424,5a327ca323d4ec5c93d3,csv,real:engines\XAI-Compress\checkpoints\phase_j_v1_256.metrics.csv,train
zstd,3,zstd|3|identity,identity,3.6515004840271055,8.30000062705949e-05,3.0499999411404133e-05,fastest,0.018120981173054704,5a327ca323d4ec5c93d3,csv,real:engines\XAI-Compress\checkpoints\phase_j_v1_256.metrics.csv,train
zstd,6,zstd|6|identity,identity,3.6205227492739596,0.00015529998927377164,2.9300004825927317e-05,balanced,0.054398855180027066,5a327ca323d4ec5c93d3,csv,real:engines\XAI-Compress\checkpoints\phase_j_v1_256.metrics.csv,train
brotli,9,brotli|9|identity,identity,0.025390625,8.579999848734587e-05,2.1900006686337292e-05,smallest,0.0004382388837813921,5a636e0c867f9b883d40,binary,real:engines\XAI-Compress\.test-tmp\final-all\test_corpus_roundtrip0\corpus\repetitive\zeros.bin,train
zstd,9,zstd|9|identity,identity,0.037109375,3.530000685714185e-05,1.0200004908256233e-05,fastest,0.00423717995895018,5a636e0c867f9b883d40,binary,real:engines\XAI-Compress\.test-tmp\final-all\test_corpus_roundtrip0\corpus\repetitive\zeros.bin,train
zstd,6,zstd|6|identity,identity,0.03515625,3.409999771974981e-05,1.0899995686486363e-05,balanced,0.0031619582142177823,5a636e0c867f9b883d40,binary,real:engines\XAI-Compress\.test-tmp\final-all\test_corpus_roundtrip0\corpus\repetitive\zeros.bin,train
brotli,11,brotli|11|identity,identity,2.4095500459136825,0.007385899996734224,7.939999341033399e-05,smallest,0.017469119624411885,5a684cc0b8ab5a841230,source_code,real:apps\desktop_flutter\lib\services\settings_service.dart,train
deflate,1,deflate|1|identity,identity,3.474747474747475,4.780000017490238e-05,1.6299993149004877e-05,fastest,0.02151996904299729,5a684cc0b8ab5a841230,source_code,real:apps\desktop_flutter\lib\services\settings_service.dart,train
deflate,9,deflate|9|identity,identity,2.8576675849403124,9.479999425821006e-05,2.2599997464567423e-05,balanced,0.04960833485718763,5a684cc0b8ab5a841230,source_code,real:apps\desktop_flutter\lib\services\settings_service.dart,train
brotli,11,brotli|11|identity,identity,0.8520036810842466,0.049077200004830956,9.459999273531139e-05,smallest,0.015328598919920701,5b1ab3a6fca6dd1b49ca,logs,real:engines\XAI-Compress\data\domain_focused\archive\wandb\run-20241217_020210-f69emzpa\logs\debug-internal.log,train
zstd,1,zstd|1|identity,identity,1.0487743662678826,0.00011400000948924571,4.369999805931002e-05,fastest,0.00523353200963107,5b1ab3a6fca6dd1b49ca,logs,real:engines\XAI-Compress\data\domain_focused\archive\wandb\run-20241217_020210-f69emzpa\logs\debug-internal.log,train
zstd,6,zstd|6|identity,identity,1.0079477955325022,0.0002888999879360199,3.7300007534213364e-05,balanced,0.013175554444398673,5b1ab3a6fca6dd1b49ca,logs,real:engines\XAI-Compress\data\domain_focused\archive\wandb\run-20241217_020210-f69emzpa\logs\debug-internal.log,train
brotli,11,brotli|11|identity,identity,1.6184748616790956,0.01906970000709407,6.909998774062842e-05,smallest,0.01567358750083126,5b2a797175be2fc16d7c,json,real:apps\admin_dotnet\obj\Debug\net8.0\staticwebassets.build.json,test
zstd,3,zstd|3|identity,identity,1.9263892229973538,8.250000246334821e-05,3.12999909510836e-05,fastest,0.009772918994886012,5b2a797175be2fc16d7c,json,real:apps\admin_dotnet\obj\Debug\net8.0\staticwebassets.build.json,test
deflate,6,deflate|6|identity,identity,1.8128458022612461,0.0001588000013725832,3.640000068116933e-05,balanced,0.02060102532257312,5b2a797175be2fc16d7c,json,real:apps\admin_dotnet\obj\Debug\net8.0\staticwebassets.build.json,test
brotli,11,brotli|11|identity,identity,3.172069825436409,0.0031940000044414774,3.619999915827066e-05,smallest,0.008378994651650365,5b8d7a34e4c0fbf7655b,binary,real:apps\admin_dotnet\Components\MetricCard.razor,validation
deflate,1,deflate|1|identity,identity,4.129675810473816,3.819999983534217e-05,1.309999788645655e-05,fastest,0.0245944847079522,5b8d7a34e4c0fbf7655b,binary,real:apps\admin_dotnet\Components\MetricCard.razor,validation
brotli,4,brotli|4|identity,identity,3.5910224438902745,0.0001252000074600801,2.610000956337899e-05,balanced,0.0665620412399723,5b8d7a34e4c0fbf7655b,binary,real:apps\admin_dotnet\Components\MetricCard.razor,validation
lzma2,6,lzma2|6|identity,identity,3.469378103570584,0.02394879999337718,0.0010561999952187762,smallest,0.008286961000457765,5c47b3c36001ec345e07,executable,real:apps\admin_dotnet\bin\Debug\net8.0\Microsoft.Extensions.DependencyInjection.AutoActivation.dll,validation
zstd,3,zstd|3|identity,identity,3.9780089855757863,0.0005391000013332814,0.00014739998732693493,fastest,0.02147807518001151,5c47b3c36001ec345e07,executable,real:apps\admin_dotnet\bin\Debug\net8.0\Microsoft.Extensions.DependencyInjection.AutoActivation.dll,validation
zstd,6,zstd|6|identity,identity,3.830692835185623,0.0012900000001536682,0.00015530000382568687,balanced,0.04986519156429177,5c47b3c36001ec345e07,executable,real:apps\admin_dotnet\bin\Debug\net8.0\Microsoft.Extensions.DependencyInjection.AutoActivation.dll,validation
brotli,11,brotli|11|identity,identity,3.5160493827160493,0.002950900001451373,5.7199998991563916e-05,smallest,0.010241099844204321,5ce19c90d42475f799d5,source_code,real:apps\web_angular\src\app\models\models.ts,train
deflate,9,deflate|9|identity,identity,4.128395061728395,5.7199998991563916e-05,1.6300007700920105e-05,fastest,0.030092326241662817,5ce19c90d42475f799d5,source_code,real:apps\web_angular\src\app\models\models.ts,train
deflate,6,deflate|6|identity,identity,4.049382716049383,5.709999823011458e-05,1.7999991541728377e-05,balanced,0.07270837805272175,5ce19c90d42475f799d5,source_code,real:apps\web_angular\src\app\models\models.ts,train
brotli,11,brotli|11|identity,identity,2.4293915040183696,0.014227299994672649,7.909999112598598e-05,smallest,0.016264919020336825,5cfd18ecb4615302b290,binary,real:apps\admin_dotnet\Components\Pages\Home.razor,test
zstd,3,zstd|3|identity,identity,3.0355912743972446,9.390000195708126e-05,3.519999154377729e-05,fastest,0.018375762611411845,5cfd18ecb4615302b290,binary,real:apps\admin_dotnet\Components\Pages\Home.razor,test
deflate,6,deflate|6|identity,identity,2.8932261768082665,0.00019570000586099923,4.119999357499182e-05,balanced,0.04991669225241356,5cfd18ecb4615302b290,binary,real:apps\admin_dotnet\Components\Pages\Home.razor,test
brotli,6,brotli|6|identity,identity,6.2623291015625,0.004379199992399663,0.0006587999960174784,smallest,0.001382835737989017,5d237c9cd14e9ac2631f,video,real:engines\XAI-Compress\data\test\archive (1)\FaceForensics++_C23\DeepFakeDetection\04_21__talking_angry_couch__5Y31RZP8.mp4,train
zstd,1,zstd|1|identity,identity,6.5025634765625,0.00041360000614076853,0.00018570000247564167,fastest,0.01309624130854372,5d237c9cd14e9ac2631f,video,real:engines\XAI-Compress\data\test\archive (1)\FaceForensics++_C23\DeepFakeDetection\04_21__talking_angry_couch__5Y31RZP8.mp4,train
brotli,6,brotli|6|identity,identity,6.2623291015625,0.004379199992399663,0.0006587999960174784,balanced,0.020820830350693098,5d237c9cd14e9ac2631f,video,real:engines\XAI-Compress\data\test\archive (1)\FaceForensics++_C23\DeepFakeDetection\04_21__talking_angry_couch__5Y31RZP8.mp4,train
brotli,11,brotli|11|identity,identity,3.519650655021834,0.0052893999963998795,5.119999696034938e-05,smallest,0.01193814099440269,5d415242b0babe5fa93b,source_code,real:apps\public_nextjs\app\status\page.tsx,train
zstd,3,zstd|3|identity,identity,4.812227074235808,5.729999975301325e-05,2.1799991372972727e-05,fastest,0.03422639899969927,5d415242b0babe5fa93b,source_code,real:apps\public_nextjs\app\status\page.tsx,train
brotli,4,brotli|4|identity,identity,4.4104803493449785,0.0002119999990100041,3.700000524986535e-05,balanced,0.1200270464320895,5d415242b0babe5fa93b,source_code,real:apps\public_nextjs\app\status\page.tsx,train
brotli,11,brotli|11|identity,identity,1.660888671875,0.23827029998938087,0.0005601000011665747,smallest,0.015390993760932083,5da8f5fa36b0e86b8d1a,source_code,real:apps\web_angular\.angular\cache\20.3.28\xai-web\vite\deps\chunk-2PAGCKIQ.js,train
zstd,3,zstd|3|identity,identity,2.1685791015625,0.0008582000009482726,0.0002457000082358718,fastest,0.009162148082771559,5da8f5fa36b0e86b8d1a,source_code,real:apps\web_angular\.angular\cache\20.3.28\xai-web\vite\deps\chunk-2PAGCKIQ.js,train
brotli,6,brotli|6|identity,identity,1.8994140625,0.0055111999972723424,0.0005114999949000776,balanced,0.02862192659820447,5da8f5fa36b0e86b8d1a,source_code,real:apps\web_angular\.angular\cache\20.3.28\xai-web\vite\deps\chunk-2PAGCKIQ.js,train
brotli,11,brotli|11|identity,identity,2.9849462365591397,0.005270499998005107,4.739999712910503e-05,smallest,0.012447512167326417,5dc21384a6a2b295ec5d,csv,real:engines\XAI-Compress\results\final_project\lossy_benchmark.csv,test
zstd,9,zstd|9|identity,identity,3.767741935483871,6.70000008540228e-05,1.479999627918005e-05,fastest,0.02148643537651554,5dc21384a6a2b295ec5d,csv,real:engines\XAI-Compress\results\final_project\lossy_benchmark.csv,test
brotli,4,brotli|4|identity,identity,3.5612903225806454,0.00014489999739453197,2.849999873433262e-05,balanced,0.07179103814131793,5dc21384a6a2b295ec5d,csv,real:engines\XAI-Compress\results\final_project\lossy_benchmark.csv,test
brotli,11,brotli|11|identity,identity,4.451127819548872,0.0027900999994017184,4.230000195093453e-05,smallest,0.007464570205670332,5e02352b6bdee7dada45,source_code,real:apps\admin_dotnet\SETUP_WINDOWS.bat,train
deflate,6,deflate|6|identity,identity,5.172932330827067,5.23999915458262e-05,1.649999467190355e-05,fastest,0.026295941203122793,5e02352b6bdee7dada45,source_code,real:apps\admin_dotnet\SETUP_WINDOWS.bat,train
brotli,6,brotli|6|identity,identity,4.571428571428571,0.0007095000037224963,3.359999391250312e-05,balanced,0.06508280464174741,5e02352b6bdee7dada45,source_code,real:apps\admin_dotnet\SETUP_WINDOWS.bat,train
brotli,11,brotli|11|identity,identity,2.341160220994475,0.02354870000272058,0.0001016000023810193,smallest,0.01576493111740621,5e3b4d3d0514868e8357,source_code,real:engines\XAI-Compress\phase_g_benchmark.py,train
zstd,3,zstd|3|identity,identity,2.718232044198895,4.909999552182853e-05,1.6999998479150236e-05,fastest,0.006556864505317953,5e3b4d3d0514868e8357,source_code,real:engines\XAI-Compress\phase_g_benchmark.py,train
zstd,6,zstd|6|identity,identity,2.616022099447514,0.000112900001113303,1.6000005416572094e-05,balanced,0.024717641693289123,5e3b4d3d0514868e8357,source_code,real:engines\XAI-Compress\phase_g_benchmark.py,train
brotli,11,brotli|11|identity,identity,2.3577430972388957,0.008788699997239746,5.570000212173909e-05,smallest,0.016248845901891337,5e9acf5d91dbfd814517,source_code,real:apps\public_nextjs\.next\static\chunks\app\downloads\page.js,train
zstd,6,zstd|6|identity,identity,3.030012004801921,3.8699989090673625e-05,8.600007276982069e-06,fastest,0.011336016515055617,5e9acf5d91dbfd814517,source_code,real:apps\public_nextjs\.next\static\chunks\app\downloads\page.js,train
deflate,6,deflate|6|identity,identity,2.9243697478991595,4.850000550504774e-05,1.200000406242907e-05,balanced,0.04996651772573166,5e9acf5d91dbfd814517,source_code,real:apps\public_nextjs\.next\static\chunks\app\downloads\page.js,train
brotli,11,brotli|11|identity,identity,7.9659423828125,0.7288695999886841,0.0005310999986249954,smallest,0.01614219332015571,5ec9c13746fc6ebb1198,archive,real:apps\public_nextjs\.next\cache\webpack\server-development\4.pack.gz,train
raw,,raw|default|identity,identity,8.0,3.5999983083456755e-06,1.7999991541728377e-06,fastest,0.003834524463991204,5ec9c13746fc6ebb1198,archive,real:apps\public_nextjs\.next\cache\webpack\server-development\4.pack.gz,train
deflate,9,deflate|9|identity,identity,7.974609375,0.0034395999973639846,0.00024680000205989927,balanced,0.0172457937778803,5ec9c13746fc6ebb1198,archive,real:apps\public_nextjs\.next\cache\webpack\server-development\4.pack.gz,train
zstd,3,zstd|3|identity,identity,0.00078277587890625,0.0025009999953908846,0.0036053999938303605,smallest,0.0003106009477093053,5ee88f24a3dd924eaa91,structured,synthetic:engines\XAI-Compress\data\hybrid_selector\synthetic\structured_10240KiB.json,test
zstd,3,zstd|3|identity,identity,0.00078277587890625,0.0025009999953908846,0.0036053999938303605,fastest,0.009398490261901503,5ee88f24a3dd924eaa91,structured,synthetic:engines\XAI-Compress\data\hybrid_selector\synthetic\structured_10240KiB.json,test
zstd,3,zstd|3|identity,identity,0.00078277587890625,0.0025009999953908846,0.0036053999938303605,balanced,0.004435170571956353,5ee88f24a3dd924eaa91,structured,synthetic:engines\XAI-Compress\data\hybrid_selector\synthetic\structured_10240KiB.json,test
brotli,11,brotli|11|identity,identity,6.8233642578125,0.46741219999967143,0.0009991000115405768,smallest,0.016683704547730677,5f1c0b099e956d271d12,video,real:engines\XAI-Compress\data\test\archive (1)\FaceForensics++_C23\DeepFakeDetection\03_14__talking_against_wall__ZC2KYASW.mp4,train
zstd,3,zstd|3|identity,identity,7.143310546875,0.0004341000021668151,4.0400002035312355e-05,fastest,0.015240870290993393,5f1c0b099e956d271d12,video,real:engines\XAI-Compress\data\test\archive (1)\FaceForensics++_C23\DeepFakeDetection\03_14__talking_against_wall__ZC2KYASW.mp4,train
brotli,6,brotli|6|identity,identity,6.8482666015625,0.003950099999201484,0.0006052999960957095,balanced,0.025628417622633168,5f1c0b099e956d271d12,video,real:engines\XAI-Compress\data\test\archive (1)\FaceForensics++_C23\DeepFakeDetection\03_14__talking_against_wall__ZC2KYASW.mp4,train
bzip2,9,bzip2|9|identity,identity,1.693992828724397,0.004337499995017424,0.0009737000073073432,smallest,0.015190552982857274,5f38961594ae92b7c467,binary,real:apps\mobile_authenticator_flutter\pubspec.lock,validation
zstd,1,zstd|1|identity,identity,1.9105064099415492,0.00020629999926313758,7.560000813100487e-05,fastest,0.007953902939879135,5f38961594ae92b7c467,binary,real:apps\mobile_authenticator_flutter\pubspec.lock,validation
zstd,9,zstd|9|identity,identity,1.827987622181836,0.0008210000087274238,6.819999543949962e-05,balanced,0.020972160988397243,5f38961594ae92b7c467,binary,real:apps\mobile_authenticator_flutter\pubspec.lock,validation
brotli,6,brotli|6|identity,identity,7.836734693877551,0.00023570000485051423,2.2299995180219412e-05,smallest,0.0035280229440528897,5f8724e09072ab9a265f,binary,real:apps\public_nextjs\.gitignore,test
raw,,raw|default|identity,identity,8.0,4.7000066842883825e-06,3.5999983083456755e-06,fastest,0.0008333333333333334,5f8724e09072ab9a265f,binary,real:apps\public_nextjs\.gitignore,test
raw,,raw|default|identity,identity,8.0,4.7000066842883825e-06,3.5999983083456755e-06,balanced,0.0075,5f8724e09072ab9a265f,binary,real:apps\public_nextjs\.gitignore,test
brotli,6,brotli|6|identity,identity,6.6473388671875,0.0042195999994874,0.0006370999908540398,smallest,0.010349081092294791,5fae974deaee864ce0ff,video,real:engines\XAI-Compress\data\test\archive (1)\FaceForensics++_C23\DeepFakeDetection\02_06__podium_speech_happy__N8OSN8P6.mp4,train
zstd,1,zstd|1|identity,identity,6.922607421875,0.0004211000050418079,3.859998832922429e-05,fastest,0.012031964788321503,5fae974deaee864ce0ff,video,real:engines\XAI-Compress\data\test\archive (1)\FaceForensics++_C23\DeepFakeDetection\02_06__podium_speech_happy__N8OSN8P6.mp4,train
brotli,6,brotli|6|identity,identity,6.6473388671875,0.0042195999994874,0.0006370999908540398,balanced,0.01977239050165746,5fae974deaee864ce0ff,video,real:engines\XAI-Compress\data\test\archive (1)\FaceForensics++_C23\DeepFakeDetection\02_06__podium_speech_happy__N8OSN8P6.mp4,train
brotli,11,brotli|11|identity,identity,7.4686279296875,0.42975390001083724,0.0006032000092091039,smallest,0.01594421571457361,5fbf7e5d425ea2cedf79,video,real:engines\XAI-Compress\data\test\archive (1)\FaceForensics++_C23\DeepFakeDetection\04_27__walking_outside_cafe_disgusted__2CCI2ND1.mp4,test
zstd,9,zstd|9|identity,identity,7.606689453125,0.001086599993868731,3.0800001695752144e-05,fastest,0.015332128811697956,5fbf7e5d425ea2cedf79,video,real:engines\XAI-Compress\data\test\archive (1)\FaceForensics++_C23\DeepFakeDetection\04_27__walking_outside_cafe_disgusted__2CCI2ND1.mp4,test
brotli,6,brotli|6|identity,identity,7.47802734375,0.003439100008108653,0.0005889000021852553,balanced,0.02264589866960902,5fbf7e5d425ea2cedf79,video,real:engines\XAI-Compress\data\test\archive (1)\FaceForensics++_C23\DeepFakeDetection\04_27__walking_outside_cafe_disgusted__2CCI2ND1.mp4,test
brotli,11,brotli|11|identity,identity,1.6874541452677916,0.012475600000470877,6.459999713115394e-05,smallest,0.01639224987588859,6028a14ed9d66a5cd4e5,xml,real:engines\XAI-Compress\results\final\figures\decompression_throughput.svg,train
zstd,3,zstd|3|identity,identity,2.227439471753485,8.859999070409685e-05,3.359999391250312e-05,fastest,0.019963396887913296,6028a14ed9d66a5cd4e5,xml,real:engines\XAI-Compress\results\final\figures\decompression_throughput.svg,train
zstd,9,zstd|9|identity,identity,2.1129860601614086,0.00016509999113623053,2.9100003303028643e-05,balanced,0.04187258559718215,6028a14ed9d66a5cd4e5,xml,real:engines\XAI-Compress\results\final\figures\decompression_throughput.svg,train
raw,,raw|default|identity,identity,8.0,8.100003469735384e-06,5.699999746866524e-06,smallest,0.0,60443bba396ffdd93191,binary,real:apps\desktop_flutter\.dart_tool\version,train
raw,,raw|default|identity,identity,8.0,8.100003469735384e-06,5.699999746866524e-06,fastest,0.0,60443bba396ffdd93191,binary,real:apps\desktop_flutter\.dart_tool\version,train
raw,,raw|default|identity,identity,8.0,8.100003469735384e-06,5.699999746866524e-06,balanced,0.0,60443bba396ffdd93191,binary,real:apps\desktop_flutter\.dart_tool\version,train
brotli,11,brotli|11|identity,identity,4.397463002114165,0.0035242000012658536,4.299999272916466e-05,smallest,0.009180307683461689,605dbaf888cbb5cac821,json,real:engines\XAI-Compress\checkpoints\neural_lossy_v1\validation.summary.json,train
zstd,6,zstd|6|identity,identity,5.412262156448203,6.289999873843044e-05,1.7299986211583018e-05,fastest,0.03413111800294788,605dbaf888cbb5cac821,json,real:engines\XAI-Compress\checkpoints\neural_lossy_v1\validation.summary.json,train
deflate,9,deflate|9|identity,identity,5.090909090909091,7.849998655728996e-05,2.1800005924887955e-05,balanced,0.10555833147258017,605dbaf888cbb5cac821,json,real:engines\XAI-Compress\checkpoints\neural_lossy_v1\validation.summary.json,train
brotli,11,brotli|11|identity,identity,2.1113653699466055,0.01934369999798946,9.669999417383224e-05,smallest,0.01600745451531227,60abd079a4b5e5a0615e,binary,real:apps\admin_dotnet\wwwroot\css\app.css,train
zstd,3,zstd|3|identity,identity,2.6575133485888633,0.0001244000013684854,4.149999585933983e-05,fastest,0.01544035293265945,60abd079a4b5e5a0615e,binary,real:apps\admin_dotnet\wwwroot\css\app.css,train
deflate,6,deflate|6|identity,identity,2.4927536231884058,0.000228599994443357,4.650000482797623e-05,balanced,0.0387739538992322,60abd079a4b5e5a0615e,binary,real:apps\admin_dotnet\wwwroot\css\app.css,train
lzma2,6,lzma2|6|identity,identity,2.683406372142603,0.02357149998715613,0.0019797000131802633,smallest,0.005960949491156071,60ad64844a5d7e902f44,binary,real:apps\desktop_flutter\windows\runner\resources\app_icon.ico,train
zstd,6,zstd|6|identity,identity,2.9399502546488216,0.0007047000108286738,6.6100008552894e-05,fastest,0.007164067145746417,60ad64844a5d7e902f44,binary,real:apps\desktop_flutter\windows\runner\resources\app_icon.ico,train
brotli,6,brotli|6|identity,identity,2.802795214970982,0.0027260999922873452,0.000301499996567145,balanced,0.022713180419687166,60ad64844a5d7e902f44,binary,real:apps\desktop_flutter\windows\runner\resources\app_icon.ico,train
brotli,4,brotli|4|identity,identity,0.4269641311664583,0.00028079999901819974,4.810000245925039e-05,smallest,0.0056105001096176535,60e0b90af75442735160,json,real:engines\XAI-Compress\data\domain_focused\archive\results\checkpoint-1000\tokenizer_config.json,validation
zstd,3,zstd|3|identity,identity,0.4738917203577267,8.719999459572136e-05,3.169999399688095e-05,fastest,0.003635793547104006,60e0b90af75442735160,json,real:engines\XAI-Compress\data\domain_focused\archive\results\checkpoint-1000\tokenizer_config.json,validation
brotli,4,brotli|4|identity,identity,0.4269641311664583,0.00028079999901819974,4.810000245925039e-05,balanced,0.006605624913039506,60e0b90af75442735160,json,real:engines\XAI-Compress\data\domain_focused\archive\results\checkpoint-1000\tokenizer_config.json,validation
brotli,11,brotli|11|identity,identity,6.724609375,0.582722899998771,0.0006485999911092222,smallest,0.01613424375957199,6157d33079d2e8759736,video,real:engines\XAI-Compress\data\test\archive (1)\FaceForensics++_C23\DeepFakeDetection\02_07__meeting_serious__1JCLEEBQ.mp4,train
zstd,1,zstd|1|identity,identity,6.9996337890625,0.00035689999640453607,3.8700003642588854e-05,fastest,0.01218869541766798,6157d33079d2e8759736,video,real:engines\XAI-Compress\data\test\archive (1)\FaceForensics++_C23\DeepFakeDetection\02_07__meeting_serious__1JCLEEBQ.mp4,train
brotli,6,brotli|6|identity,identity,6.750732421875,0.003906300000380725,0.0005939999973634258,balanced,0.02506732646392215,6157d33079d2e8759736,video,real:engines\XAI-Compress\data\test\archive (1)\FaceForensics++_C23\DeepFakeDetection\02_07__meeting_serious__1JCLEEBQ.mp4,train
brotli,11,brotli|11|identity,identity,3.761038961038961,0.0017436000052839518,2.130000211764127e-05,smallest,0.007339653995535112,6202e405feebd7c068aa,xml,real:apps\mobile_authenticator_flutter\android\app\src\debug\AndroidManifest.xml,validation
deflate,9,deflate|9|identity,identity,5.174025974025974,3.709999145939946e-05,1.0700008715502918e-05,fastest,0.03525552462970559,6202e405feebd7c068aa,xml,real:apps\mobile_authenticator_flutter\android\app\src\debug\AndroidManifest.xml,validation
brotli,6,brotli|6|identity,identity,4.176623376623376,0.0005486000009113923,2.1900006686337292e-05,balanced,0.10447562380517461,6202e405feebd7c068aa,xml,real:apps\mobile_authenticator_flutter\android\app\src\debug\AndroidManifest.xml,validation
brotli,6,brotli|6|identity,identity,6.746826171875,0.00387070000579115,0.0005795000033685938,smallest,0.008289368442334709,623316323163db4e7fad,video,real:engines\XAI-Compress\data\test\archive (1)\FaceForensics++_C23\DeepFakeDetection\06_15__walking_and_outside_surprised__QRCD27P8.mp4,train
zstd,3,zstd|3|identity,identity,7.016357421875,0.0004474000015761703,3.0099996365606785e-05,fastest,0.01249913382720265,623316323163db4e7fad,video,real:engines\XAI-Compress\data\test\archive (1)\FaceForensics++_C23\DeepFakeDetection\06_15__walking_and_outside_surprised__QRCD27P8.mp4,train
brotli,6,brotli|6|identity,identity,6.746826171875,0.00387070000579115,0.0005795000033685938,balanced,0.019521704967575708,623316323163db4e7fad,video,real:engines\XAI-Compress\data\test\archive (1)\FaceForensics++_C23\DeepFakeDetection\06_15__walking_and_outside_surprised__QRCD27P8.mp4,train
lzma2,6,lzma2|6|identity,identity,1.8193359375,0.037000900003477,0.0027501000004122034,smallest,0.013094309052651965,628846fec5ac69c3de40,source_code,real:apps\public_nextjs\.next\static\chunks\app-pages-internals.js,train
zstd,3,zstd|3|identity,identity,2.1678466796875,0.0007771000091452152,0.00016369999502785504,fastest,0.008259449289124391,628846fec5ac69c3de40,source_code,real:apps\public_nextjs\.next\static\chunks\app-pages-internals.js,train
zstd,9,zstd|9|identity,identity,2.015869140625,0.003055499997572042,0.00017549999756738544,balanced,0.02481418723545848,628846fec5ac69c3de40,source_code,real:apps\public_nextjs\.next\static\chunks\app-pages-internals.js,train
brotli,11,brotli|11|identity,identity,6.78871831488754,0.2034639000048628,0.00063340000633616,smallest,0.017540189032109788,62990ab23f77228e7778,model,real:engines\XAI-Compress\.test-tmp\kaggle-workflow\test_neural_gru_roundtrip0\tiny.pt,train
zstd,9,zstd|9|identity,identity,6.998928953945019,0.0005825000116601586,0.00010410000686533749,fastest,0.01722165387398733,62990ab23f77228e7778,model,real:engines\XAI-Compress\.test-tmp\kaggle-workflow\test_neural_gru_roundtrip0\tiny.pt,train
brotli,6,brotli|6|identity,identity,6.862691895751517,0.002908099995693192,0.0004973999893991277,balanced,0.05830482821726224,62990ab23f77228e7778,model,real:engines\XAI-Compress\.test-tmp\kaggle-workflow\test_neural_gru_roundtrip0\tiny.pt,train
brotli,6,brotli|6|identity,identity,3.4146341463414633,0.0008575000101700425,3.5200006095692515e-05,smallest,0.006086595002626852,62b141d1bc95c4c54adc,json,real:engines\XAI-Compress\results\hybrid_ai\model_load_latency.json,train
deflate,9,deflate|9|identity,identity,3.707317073170732,6.510000093840063e-05,1.3299999409355223e-05,fastest,0.026239096360077117,62b141d1bc95c4c54adc,json,real:engines\XAI-Compress\results\hybrid_ai\model_load_latency.json,train
deflate,9,deflate|9|identity,identity,3.707317073170732,6.510000093840063e-05,1.3299999409355223e-05,balanced,0.0433225462796604,62b141d1bc95c4c54adc,json,real:engines\XAI-Compress\results\hybrid_ai\model_load_latency.json,train
brotli,9,brotli|9|identity,identity,2.7967837867606566,0.008915400001569651,0.00011059999815188348,smallest,0.011508759370330458,62f884baac337730c9f9,image,real:engines\XAI-Compress\results\hybrid_ai\figures\09_feature_importance.png,validation
zstd,3,zstd|3|identity,identity,2.9642031060689504,0.00014430000737775117,3.309999010525644e-05,fastest,0.013732173154729401,62f884baac337730c9f9,image,real:engines\XAI-Compress\results\hybrid_ai\figures\09_feature_importance.png,validation
zstd,6,zstd|6|identity,identity,2.8478907368652937,0.00032869999995455146,2.849999873433262e-05,balanced,0.01606446854878174,62f884baac337730c9f9,image,real:engines\XAI-Compress\results\hybrid_ai\figures\09_feature_importance.png,validation
brotli,9,brotli|9|identity,identity,5.832258064516129,0.0007372999971266836,2.5199988158419728e-05,smallest,0.003240465896347281,63593234a75401f62726,json,real:engines\XAI-Compress\configs\experiments\exp01_tiny_gru.json,train
deflate,9,deflate|9|identity,identity,6.296774193548387,5.2099989261478186e-05,8.400005754083395e-06,fastest,0.01771404922896969,63593234a75401f62726,json,real:engines\XAI-Compress\configs\experiments\exp01_tiny_gru.json,train
brotli,9,brotli|9|identity,identity,5.832258064516129,0.0007372999971266836,2.5199988158419728e-05,balanced,0.05314356098531459,63593234a75401f62726,json,real:engines\XAI-Compress\configs\experiments\exp01_tiny_gru.json,train
lzma2,6,lzma2|6|identity,identity,3.216762651635829,0.03596720000496134,0.004385499996715225,smallest,0.022837514330265218,63980860d07814cc735a,executable,real:apps\admin_dotnet\bin\Debug\net8.0\Microsoft.Extensions.Logging.Abstractions.dll,train
zstd,3,zstd|3|identity,identity,3.980884695503002,0.0010631000041030347,0.00029009999707341194,fastest,0.02225930171727851,63980860d07814cc735a,executable,real:apps\admin_dotnet\bin\Debug\net8.0\Microsoft.Extensions.Logging.Abstractions.dll,train
zstd,9,zstd|9|identity,identity,3.7630192378385003,0.004362500010756776,0.0003149000112898648,balanced,0.0658646615915526,63980860d07814cc735a,executable,real:apps\admin_dotnet\bin\Debug\net8.0\Microsoft.Extensions.Logging.Abstractions.dll,train
brotli,11,brotli|11|identity,identity,4.262197262197263,0.10365450000972487,0.000425199992605485,smallest,0.017279390561764255,63b80d177dabc1b0609f,executable,real:apps\admin_dotnet\bin\Debug\net8.0\Microsoft.Extensions.ObjectPool.dll,test
zstd,3,zstd|3|identity,identity,4.760617760617761,0.00041700000292621553,0.00010230000771116465,fastest,0.018169795221409196,63b80d177dabc1b0609f,executable,real:apps\admin_dotnet\bin\Debug\net8.0\Microsoft.Extensions.ObjectPool.dll,test
zstd,9,zstd|9|identity,identity,4.617058617058617,0.0010919999913312495,0.00010869999823626131,balanced,0.053463072342176794,63b80d177dabc1b0609f,executable,real:apps\admin_dotnet\bin\Debug\net8.0\Microsoft.Extensions.ObjectPool.dll,test
brotli,11,brotli|11|identity,identity,6.004938271604939,0.00444410000636708,3.920000744983554e-05,smallest,0.012044399953551017,63dedb05ae3a17a974bc,binary,real:engines\XAI-Compress\.test-tmp\final-all\test_v3_tiny_chunks_and_empty_2\out,train
deflate,9,deflate|9|identity,identity,6.7555555555555555,9.539999882690609e-05,1.030000566970557e-05,fastest,0.03143401917194305,63dedb05ae3a17a974bc,binary,real:engines\XAI-Compress\.test-tmp\final-all\test_v3_tiny_chunks_and_empty_2\out,train
brotli,6,brotli|6|identity,identity,6.261728395061728,0.001041999988956377,3.599999763537198e-05,balanced,0.12300978692610504,63dedb05ae3a17a974bc,binary,real:engines\XAI-Compress\.test-tmp\final-all\test_v3_tiny_chunks_and_empty_2\out,train
raw,,raw|default|identity,identity,8.0,5.399997462518513e-06,3.6999990697950125e-06,smallest,0.0,644a7ae60060f8ca5c3b,binary,real:engines\XAI-Compress\.test-tmp\final-all\test_content_id_stable0\x.bin,validation
raw,,raw|default|identity,identity,8.0,5.399997462518513e-06,3.6999990697950125e-06,fastest,0.0,644a7ae60060f8ca5c3b,binary,real:engines\XAI-Compress\.test-tmp\final-all\test_content_id_stable0\x.bin,validation
raw,,raw|default|identity,identity,8.0,5.399997462518513e-06,3.6999990697950125e-06,balanced,0.0,644a7ae60060f8ca5c3b,binary,real:engines\XAI-Compress\.test-tmp\final-all\test_content_id_stable0\x.bin,validation
raw,,raw|default|identity,identity,8.0,2.8999929782003164e-06,2.2000021999701858e-06,smallest,0.0,646b366d22c711bd356c,binary,real:apps\mobile_authenticator_flutter\android\.gradle\9.1.0\fileChanges\last-build.bin,train
raw,,raw|default|identity,identity,8.0,2.8999929782003164e-06,2.2000021999701858e-06,fastest,0.0,646b366d22c711bd356c,binary,real:apps\mobile_authenticator_flutter\android\.gradle\9.1.0\fileChanges\last-build.bin,train
raw,,raw|default|identity,identity,8.0,2.8999929782003164e-06,2.2000021999701858e-06,balanced,0.0,646b366d22c711bd356c,binary,real:apps\mobile_authenticator_flutter\android\.gradle\9.1.0\fileChanges\last-build.bin,train
brotli,6,brotli|6|identity,identity,7.29736328125,0.0036774000036530197,0.0005957000103080645,smallest,0.01109031635649132,64d82f0eb41570cacc9e,video,real:engines\XAI-Compress\data\test\archive (1)\FaceForensics++_C23\DeepFakeDetection\03_26__kitchen_pan__WBSXBL82.mp4,test
deflate,9,deflate|9|identity,identity,7.3822021484375,0.003293800007668324,0.00025209999876096845,fastest,0.016169746886999934,64d82f0eb41570cacc9e,video,real:engines\XAI-Compress\data\test\archive (1)\FaceForensics++_C23\DeepFakeDetection\03_26__kitchen_pan__WBSXBL82.mp4,test
brotli,6,brotli|6|identity,identity,7.29736328125,0.0036774000036530197,0.0005957000103080645,balanced,0.018890353143308183,64d82f0eb41570cacc9e,video,real:engines\XAI-Compress\data\test\archive (1)\FaceForensics++_C23\DeepFakeDetection\03_26__kitchen_pan__WBSXBL82.mp4,test
brotli,11,brotli|11|identity,identity,3.0274753758424056,0.009107999998377636,6.330000178422779e-05,smallest,0.016324312387047537,6515aab6b83274e6c0aa,source_code,real:apps\desktop_flutter\lib\screens\receive_screen.dart,train
zstd,3,zstd|3|identity,identity,3.587350959046138,7.390000973828137e-05,2.889998722821474e-05,fastest,0.019867801889638957,6515aab6b83274e6c0aa,source_code,real:apps\desktop_flutter\lib\screens\receive_screen.dart,train
deflate,9,deflate|9|identity,identity,3.429756350440643,0.00014989999181125313,3.2099997042678297e-05,balanced,0.0495939278915218,6515aab6b83274e6c0aa,source_code,real:apps\desktop_flutter\lib\screens\receive_screen.dart,train
brotli,11,brotli|11|identity,identity,3.1974970668752443,0.012795599992386997,7.190000906120986e-05,smallest,0.01605115970564045,6530a4cd1308d63e035a,markdown,real:apps\mobile_authenticator_flutter\README.md,train
zstd,3,zstd|3|identity,identity,4.101681658193195,9.099999442696571e-05,3.190001007169485e-05,fastest,0.021193102224753645,6530a4cd1308d63e035a,markdown,real:apps\mobile_authenticator_flutter\README.md,train
deflate,6,deflate|6|identity,identity,3.9827923347673053,0.00017809998826123774,3.880000440403819e-05,balanced,0.0849531820880466,6530a4cd1308d63e035a,markdown,real:apps\mobile_authenticator_flutter\README.md,train
brotli,6,brotli|6|identity,identity,6.788330078125,0.00394399999640882,0.0006862000009277835,smallest,0.011643017445997559,65aad6920755198ffc44,video,real:engines\XAI-Compress\data\test\archive (1)\FaceForensics++_C23\DeepFakeDetection\03_26__kitchen_still__WBSXBL82.mp4,test
zstd,3,zstd|3|identity,identity,7.1297607421875,0.0004226000019116327,3.7999998312443495e-05,fastest,0.016096933792729032,65aad6920755198ffc44,video,real:engines\XAI-Compress\data\test\archive (1)\FaceForensics++_C23\DeepFakeDetection\03_26__kitchen_still__WBSXBL82.mp4,test
brotli,6,brotli|6|identity,identity,6.788330078125,0.00394399999640882,0.0006862000009277835,balanced,0.023297786814948894,65aad6920755198ffc44,video,real:engines\XAI-Compress\data\test\archive (1)\FaceForensics++_C23\DeepFakeDetection\03_26__kitchen_still__WBSXBL82.mp4,test
raw,,raw|default|identity,identity,8.0,5.3000112529844046e-06,3.7999998312443495e-06,smallest,0.0,65ad976f04abc5876076,binary,real:apps\public_nextjs\.dockerignore,train
raw,,raw|default|identity,identity,8.0,5.3000112529844046e-06,3.7999998312443495e-06,fastest,0.0,65ad976f04abc5876076,binary,real:apps\public_nextjs\.dockerignore,train
raw,,raw|default|identity,identity,8.0,5.3000112529844046e-06,3.7999998312443495e-06,balanced,0.0,65ad976f04abc5876076,binary,real:apps\public_nextjs\.dockerignore,train
brotli,11,brotli|11|identity,identity,4.234096692111959,0.0013373999972827733,4.3099993490614e-05,smallest,0.005482073743144949,65bf560af5044b80b90a,csv,real:engines\XAI-Compress\checkpoints\phase_i_v1_128_sanity.metrics.csv,train
deflate,6,deflate|6|identity,identity,4.580152671755725,2.4299995857290924e-05,7.599999662488699e-06,fastest,0.012427387406419072,65bf560af5044b80b90a,csv,real:engines\XAI-Compress\checkpoints\phase_i_v1_128_sanity.metrics.csv,train
brotli,4,brotli|4|identity,identity,4.43765903307888,0.00010109999857377261,1.0200004908256233e-05,balanced,0.03545916048203811,65bf560af5044b80b90a,csv,real:engines\XAI-Compress\checkpoints\phase_i_v1_128_sanity.metrics.csv,train
brotli,11,brotli|11|identity,identity,7.434119278779473,0.00393219999386929,2.6399997295811772e-05,smallest,0.015455326622753517,65fd55ff92ad3fa4676d,image,real:apps\mobile_authenticator_flutter\android\app\src\main\res\mipmap-xhdpi\ic_launcher.png,train
raw,,raw|default|identity,identity,8.0,2.800006768666208e-06,2.1000014385208488e-06,fastest,0.011383928571428573,65fd55ff92ad3fa4676d,image,real:apps\mobile_authenticator_flutter\android\app\src\main\res\mipmap-xhdpi\ic_launcher.png,train
deflate,9,deflate|9|identity,identity,7.722607489597781,7.989999721758068e-05,7.90000194683671e-06,balanced,0.06629848342011851,65fd55ff92ad3fa4676d,image,real:apps\mobile_authenticator_flutter\android\app\src\main\res\mipmap-xhdpi\ic_launcher.png,train
brotli,11,brotli|11|identity,identity,3.754601226993865,0.006125400002929382,4.679999256040901e-05,smallest,0.01336881679205012,6639f8fa21cf0edec40d,source_code,real:engines\XAI-Compress\results\model_search\imports\auto\lr-0-0002-f316e33308\v1\XAI-Compress\scripts\kaggle\tail_kernel_log.py,train
zstd,6,zstd|6|identity,identity,4.376278118609407,7.679998816456646e-05,1.889999839477241e-05,fastest,0.02367452375337232,6639f8fa21cf0edec40d,source_code,real:engines\XAI-Compress\results\model_search\imports\auto\lr-0-0002-f316e33308\v1\XAI-Compress\scripts\kaggle\tail_kernel_log.py,train
deflate,9,deflate|9|identity,identity,4.188139059304704,0.0001109000004362315,2.750000567175448e-05,balanced,0.0629613177977182,6639f8fa21cf0edec40d,source_code,real:engines\XAI-Compress\results\model_search\imports\auto\lr-0-0002-f316e33308\v1\XAI-Compress\scripts\kaggle\tail_kernel_log.py,train
brotli,11,brotli|11|identity,identity,4.764044943820225,0.0023077999940142035,3.599999763537198e-05,smallest,0.00779469855258948,664debe0378540f1fbae,binary,real:apps\mobile_authenticator_flutter\android\.gitignore,train
zstd,9,zstd|9|identity,identity,5.662921348314606,5.3099996875971556e-05,1.589999010320753e-05,fastest,0.03990309146520774,664debe0378540f1fbae,binary,real:apps\mobile_authenticator_flutter\android\.gitignore,train
brotli,9,brotli|9|identity,identity,5.1835205992509366,0.0009537000005366281,2.5000001187436283e-05,balanced,0.12450466258175893,664debe0378540f1fbae,binary,real:apps\mobile_authenticator_flutter\android\.gitignore,train
bzip2,9,bzip2|9|identity,identity,1.6641214933558321,0.005103200004668906,0.0012457999982871115,smallest,0.01550742663822252,665359906b3619ac985e,binary,real:apps\desktop_flutter\pubspec.lock,test
deflate,6,deflate|6|identity,identity,1.8132883357941363,0.00024539999139960855,4.08000050811097e-05,fastest,0.005137950402537222,665359906b3619ac985e,binary,real:apps\desktop_flutter\pubspec.lock,test
deflate,6,deflate|6|identity,identity,1.8132883357941363,0.00024539999139960855,4.08000050811097e-05,balanced,0.017925144156650544,665359906b3619ac985e,binary,real:apps\desktop_flutter\pubspec.lock,test
zstd,1,zstd|1|identity,identity,0.0012359619140625,0.0003892999957315624,0.0007546999986516312,smallest,0.00037380633191320186,666e98d51968b5491ce9,structured,synthetic:engines\XAI-Compress\data\hybrid_selector\synthetic\structured_1024KiB.json,test
deflate,1,deflate|1|identity,identity,0.0972747802734375,0.00026729999808594584,0.00046440000005532056,fastest,0.00800745498338305,666e98d51968b5491ce9,structured,synthetic:engines\XAI-Compress\data\hybrid_selector\synthetic\structured_1024KiB.json,test
zstd,1,zstd|1|identity,identity,0.0012359619140625,0.0003892999957315624,0.0007546999986516312,balanced,0.005385841914749786,666e98d51968b5491ce9,structured,synthetic:engines\XAI-Compress\data\hybrid_selector\synthetic\structured_1024KiB.json,test
brotli,11,brotli|11|identity,identity,4.065843621399177,0.0033450999908382073,4.130000888835639e-05,smallest,0.009158043717384667,66918e1572c4a6464795,json,real:apps\admin_dotnet\appsettings.json,train
zstd,6,zstd|6|identity,identity,4.987654320987654,6.639999628532678e-05,1.8399994587525725e-05,fastest,0.035699358400511264,66918e1572c4a6464795,json,real:apps\admin_dotnet\appsettings.json,train
deflate,9,deflate|9|identity,identity,4.707818930041152,8.099999104160815e-05,2.2200008970685303e-05,balanced,0.0953172196959755,66918e1572c4a6464795,json,real:apps\admin_dotnet\appsettings.json,train
brotli,11,brotli|11|identity,identity,6.534151110516905,0.6292937000107486,0.0018494999967515469,smallest,0.028106693146277048,66aafaf6bd21124e9720,model,real:engines\XAI-Compress\.test-tmp\rust-stream-parity\test_neural_transformer_roundt0\tr.pt,train
zstd,6,zstd|6|identity,identity,6.783628858398649,0.001487700006691739,0.00016070000128820539,fastest,0.014436894826231374,66aafaf6bd21124e9720,model,real:engines\XAI-Compress\.test-tmp\rust-stream-parity\test_neural_transformer_roundt0\tr.pt,train
brotli,6,brotli|6|identity,identity,6.658889984457777,0.0038318000006256625,0.0010691000061342493,balanced,0.06402387866805177,66aafaf6bd21124e9720,model,real:engines\XAI-Compress\.test-tmp\rust-stream-parity\test_neural_transformer_roundt0\tr.pt,train
brotli,11,brotli|11|identity,identity,3.0421925712225026,0.022862199999508448,0.0001281999866478145,smallest,0.01594952228113601,66f2ca421e6aea1cb6e4,markdown,real:engines\XAI-Compress\reports\mathematical_foundations.md,train
zstd,3,zstd|3|identity,identity,3.870176703930761,0.00016489998961333185,5.0300004659220576e-05,fastest,0.018747477045634946,66f2ca421e6aea1cb6e4,markdown,real:engines\XAI-Compress\reports\mathematical_foundations.md,train
deflate,6,deflate|6|identity,identity,3.7417958889289578,0.00030780000088270754,6.409999332390726e-05,balanced,0.07357318780016263,66f2ca421e6aea1cb6e4,markdown,real:engines\XAI-Compress\reports\mathematical_foundations.md,train
brotli,6,brotli|6|identity,identity,7.0557861328125,0.005786800000350922,0.0007948999991640449,smallest,0.0044510197363984046,6723d5f1d73508dd9908,video,real:engines\XAI-Compress\data\test\archive (1)\FaceForensics++_C23\DeepFakeDetection\01_20__outside_talking_still_laughing__FW94AIMJ.mp4,train
zstd,3,zstd|3|identity,identity,7.2567138671875,0.0007600999961141497,4.529999569058418e-05,fastest,0.012558697407606775,6723d5f1d73508dd9908,video,real:engines\XAI-Compress\data\test\archive (1)\FaceForensics++_C23\DeepFakeDetection\01_20__outside_talking_still_laughing__FW94AIMJ.mp4,train
brotli,6,brotli|6|identity,identity,7.0557861328125,0.005786800000350922,0.0007948999991640449,balanced,0.01903046164954619,6723d5f1d73508dd9908,video,real:engines\XAI-Compress\data\test\archive (1)\FaceForensics++_C23\DeepFakeDetection\01_20__outside_talking_still_laughing__FW94AIMJ.mp4,train
lzma2,6,lzma2|6|identity,identity,3.5439087817563513,0.025329100011731498,0.0031095999875105917,smallest,0.01379029772087825,68186886b2609e8049b4,executable,real:apps\admin_dotnet\bin\Debug\net8.0\Microsoft.Extensions.Compliance.Abstractions.dll,train
zstd,3,zstd|3|identity,identity,4.169033806761353,0.0006739999953424558,0.00018540000019129366,fastest,0.020783962668810583,68186886b2609e8049b4,executable,real:apps\admin_dotnet\bin\Debug\net8.0\Microsoft.Extensions.Compliance.Abstractions.dll,train
zstd,6,zstd|6|identity,identity,4.005801160232046,0.001596300004166551,0.00019799999427050352,balanced,0.05897887019821932,68186886b2609e8049b4,executable,real:apps\admin_dotnet\bin\Debug\net8.0\Microsoft.Extensions.Compliance.Abstractions.dll,train
brotli,11,brotli|11|identity,identity,6.7630615234375,0.6166245000058552,0.0015808000025572255,smallest,0.017572691972317842,687338d7444dbf972325,model,real:engines\XAI-Compress\checkpoints\phase_j_v1_512.pt,train
zstd,9,zstd|9|identity,identity,7.083251953125,0.0014408000133698806,0.00017520000983495265,fastest,0.019109644570672137,687338d7444dbf972325,model,real:engines\XAI-Compress\checkpoints\phase_j_v1_512.pt,train
brotli,6,brotli|6|identity,identity,6.89453125,0.002031900003203191,0.00045089999912306666,balanced,0.05853565297398985,687338d7444dbf972325,model,real:engines\XAI-Compress\checkpoints\phase_j_v1_512.pt,train
brotli,9,brotli|9|identity,identity,3.330827067669173,0.0019112000009045005,3.919999289792031e-05,smallest,0.00547790308362114,68821dc2d9cda5b8d57b,model,real:engines\XAI-Compress\data\test\archive\results\checkpoint-1000\scheduler.pt,train
deflate,9,deflate|9|identity,identity,3.6090225563909772,0.00011100000119768083,1.200000406242907e-05,fastest,0.020523148166357454,68821dc2d9cda5b8d57b,model,real:engines\XAI-Compress\data\test\archive\results\checkpoint-1000\scheduler.pt,train
deflate,9,deflate|9|identity,identity,3.6090225563909772,0.00011100000119768083,1.200000406242907e-05,balanced,0.03863738193043002,68821dc2d9cda5b8d57b,model,real:engines\XAI-Compress\data\test\archive\results\checkpoint-1000\scheduler.pt,train
brotli,11,brotli|11|identity,identity,2.448406266882766,0.015368099993793294,8.929999603424221e-05,smallest,0.01598045200875377,68a6b60513b9d585309e,source_code,real:apps\public_nextjs\.next\types\app\page.ts,train
zstd,3,zstd|3|identity,identity,2.882766072393301,9.870000940281898e-05,3.5899996873922646e-05,fastest,0.014031722661594028,68a6b60513b9d585309e,source_code,real:apps\public_nextjs\.next\types\app\page.ts,train
deflate,6,deflate|6|identity,identity,2.750945434900054,0.000192599996807985,4.189999890513718e-05,balanced,0.034024184070468345,68a6b60513b9d585309e,source_code,real:apps\public_nextjs\.next\types\app\page.ts,train
brotli,11,brotli|11|identity,identity,2.2694300518134716,0.013080799995805137,6.0999998822808266e-05,smallest,0.015870245193676136,68fb209075d6fdc2dbca,source_code,real:apps\mobile_authenticator_flutter\lib\widgets\account_code_card.dart,train
zstd,3,zstd|3|identity,identity,2.7927461139896375,7.229999755509198e-05,2.7599991881288588e-05,fastest,0.014015325907657767,68fb209075d6fdc2dbca,source_code,real:apps\mobile_authenticator_flutter\lib\widgets\account_code_card.dart,train
zstd,6,zstd|6|identity,identity,2.699481865284974,0.00014039999223314226,2.4499997380189598e-05,balanced,0.04112591365348133,68fb209075d6fdc2dbca,source_code,real:apps\mobile_authenticator_flutter\lib\widgets\account_code_card.dart,train
brotli,11,brotli|11|identity,identity,7.379150390625,0.6237066000030609,0.00100229999225121,smallest,0.01648049827984838,695ce41b2d8a1378a92f,video,real:engines\XAI-Compress\data\test\archive (1)\FaceForensics++_C23\DeepFakeDetection\04_12__walking_down_street_outside_angry__96TQKDFJ.mp4,train
zstd,3,zstd|3|identity,identity,7.5313720703125,0.0003907999926013872,2.9600007110275328e-05,fastest,0.01329313188732558,695ce41b2d8a1378a92f,video,real:engines\XAI-Compress\data\test\archive (1)\FaceForensics++_C23\DeepFakeDetection\04_12__walking_down_street_outside_angry__96TQKDFJ.mp4,train
brotli,6,brotli|6|identity,identity,7.390380859375,0.0037489999958779663,0.0005870000022696331,balanced,0.02146847518321239,695ce41b2d8a1378a92f,video,real:engines\XAI-Compress\data\test\archive (1)\FaceForensics++_C23\DeepFakeDetection\04_12__walking_down_street_outside_angry__96TQKDFJ.mp4,train
raw,,raw|default|identity,identity,8.0,5.599998985417187e-06,3.4999975468963385e-06,smallest,0.0,6978108206a27612ce02,archive,real:apps\public_nextjs\.next\cache\webpack\client-development\0.pack.gz,validation
raw,,raw|default|identity,identity,8.0,5.599998985417187e-06,3.4999975468963385e-06,fastest,0.0,6978108206a27612ce02,archive,real:apps\public_nextjs\.next\cache\webpack\client-development\0.pack.gz,validation
raw,,raw|default|identity,identity,8.0,5.599998985417187e-06,3.4999975468963385e-06,balanced,0.0,6978108206a27612ce02,archive,real:apps\public_nextjs\.next\cache\webpack\client-development\0.pack.gz,validation
brotli,6,brotli|6|identity,identity,3.539138082673703,0.0014719000027980655,4.850000550504774e-05,smallest,0.011971747998580654,698a114f4c581cee3d68,source_code,real:apps\web_angular\src\app\core\api.service.ts,train
zstd,3,zstd|3|identity,identity,4.102022867194371,6.179999036248773e-05,2.340000355616212e-05,fastest,0.02336227444392948,698a114f4c581cee3d68,source_code,real:apps\web_angular\src\app\core\api.service.ts,train
deflate,9,deflate|9|identity,identity,3.9964819700967458,0.00010949998977594078,2.7400004910305142e-05,balanced,0.06485947431316108,698a114f4c581cee3d68,source_code,real:apps\web_angular\src\app\core\api.service.ts,train
brotli,9,brotli|9|identity,identity,2.6558956035420227,0.006292999998549931,7.809999806340784e-05,smallest,0.009696264441333882,699ee188d25ff595a3c2,image,real:engines\XAI-Compress\results\hybrid_ai\figures\05_ai_vs_oracle.png,train
zstd,6,zstd|6|identity,identity,2.7068510175547615,0.0002268999960506335,2.36999912885949e-05,fastest,0.014443072005864067,699ee188d25ff595a3c2,image,real:engines\XAI-Compress\results\hybrid_ai\figures\05_ai_vs_oracle.png,train
zstd,6,zstd|6|identity,identity,2.7068510175547615,0.0002268999960506335,2.36999912885949e-05,balanced,0.0162259569047513,699ee188d25ff595a3c2,image,real:engines\XAI-Compress\results\hybrid_ai\figures\05_ai_vs_oracle.png,train
brotli,6,brotli|6|identity,identity,6.9468994140625,0.0037712999910581857,0.0005910000036237761,smallest,0.0033331319101502894,69d6f4b00a28e97d8c7f,video,real:engines\XAI-Compress\data\test\archive (1)\FaceForensics++_C23\DeepFakeDetection\02_01__walking_down_indoor_hall_disgust__YVGY8LOK.mp4,train
zstd,3,zstd|3|identity,identity,7.1788330078125,0.0003947999939555302,3.239999932702631e-05,fastest,0.012476799003300312,69d6f4b00a28e97d8c7f,video,real:engines\XAI-Compress\data\test\archive (1)\FaceForensics++_C23\DeepFakeDetection\02_01__walking_down_indoor_hall_disgust__YVGY8LOK.mp4,train
brotli,6,brotli|6|identity,identity,6.9468994140625,0.0037712999910581857,0.0005910000036237761,balanced,0.01672895001461237,69d6f4b00a28e97d8c7f,video,real:engines\XAI-Compress\data\test\archive (1)\FaceForensics++_C23\DeepFakeDetection\02_01__walking_down_indoor_hall_disgust__YVGY8LOK.mp4,train
brotli,6,brotli|6|identity,identity,6.7901611328125,0.003990700002759695,0.0006084000051487237,smallest,0.01047666794468371,69ed96d0bffead5a030f,video,real:engines\XAI-Compress\data\test\archive (1)\FaceForensics++_C23\DeepFakeDetection\03_20__kitchen_still__Z6V05FXO.mp4,train
zstd,3,zstd|3|identity,identity,7.0343017578125,0.000418099996750243,3.0099996365606785e-05,fastest,0.011777503562642873,69ed96d0bffead5a030f,video,real:engines\XAI-Compress\data\test\archive (1)\FaceForensics++_C23\DeepFakeDetection\03_20__kitchen_still__Z6V05FXO.mp4,train
brotli,6,brotli|6|identity,identity,6.7901611328125,0.003990700002759695,0.0006084000051487237,balanced,0.020804344845481902,69ed96d0bffead5a030f,video,real:engines\XAI-Compress\data\test\archive (1)\FaceForensics++_C23\DeepFakeDetection\03_20__kitchen_still__Z6V05FXO.mp4,train
zstd,6,zstd|6|identity,identity,0.13850911458333334,0.000112900001113303,2.0100007532164454e-05,smallest,0.0026612688942670693,6a1aee45c24f6acb7f0d,database,real:services\api_fastapi\xai_platform.db,train
deflate,1,deflate|1|identity,identity,0.2294921875,4.610000178217888e-05,2.6599998818710446e-05,fastest,0.004385535133078631,6a1aee45c24f6acb7f0d,database,real:services\api_fastapi\xai_platform.db,train
zstd,1,zstd|1|identity,identity,0.15071614583333334,6.350000330712646e-05,2.9100003303028643e-05,balanced,0.004488049229976224,6a1aee45c24f6acb7f0d,database,real:services\api_fastapi\xai_platform.db,train
brotli,9,brotli|9|identity,identity,7.1300048828125,0.03713450000213925,0.0009237000049324706,smallest,0.015058325427710198,6a61794f8d9f62c4ea79,video,real:engines\XAI-Compress\data\test\archive (1)\FaceForensics++_C23\DeepFakeDetection\06_04__outside_talking_still_laughing__ZK95PQDE.mp4,train
zstd,3,zstd|3|identity,identity,7.3087158203125,0.0004064999957336113,3.2099997042678297e-05,fastest,0.012069060010824691,6a61794f8d9f62c4ea79,video,real:engines\XAI-Compress\data\test\archive (1)\FaceForensics++_C23\DeepFakeDetection\06_04__outside_talking_still_laughing__ZK95PQDE.mp4,train
brotli,6,brotli|6|identity,identity,7.1328125,0.0040455999987898394,0.0006017999985488132,balanced,0.022840774602564694,6a61794f8d9f62c4ea79,video,real:engines\XAI-Compress\data\test\archive (1)\FaceForensics++_C23\DeepFakeDetection\06_04__outside_talking_still_laughing__ZK95PQDE.mp4,train
brotli,11,brotli|11|identity,identity,4.953974895397489,0.0025682999985292554,3.840000135824084e-05,smallest,0.00874310297973076,6a6d93f69d982d17e3ef,markdown,real:engines\XAI-Compress\data\README.md,train
zstd,6,zstd|6|identity,identity,5.7573221757322175,5.079999391455203e-05,1.619999238755554e-05,fastest,0.037995333847964136,6a6d93f69d982d17e3ef,markdown,real:engines\XAI-Compress\data\README.md,train
brotli,4,brotli|4|identity,identity,5.489539748953975,0.00012320000678300858,2.78999941656366e-05,balanced,0.1121651790092947,6a6d93f69d982d17e3ef,markdown,real:engines\XAI-Compress\data\README.md,train
bzip2,9,bzip2|9|identity,identity,1.486328125,0.011491799989016727,0.0032835000019986182,smallest,0.002572943911168928,6ae3ac0b6a08de48055b,csv,real:engines\XAI-Compress\data\domain_focused\archive (1)\FaceForensics++_C23\csv\FF++_Metadata_Shuffled.csv,train
zstd,3,zstd|3|identity,identity,1.975341796875,0.0002964999875985086,8.779999916441739e-05,fastest,0.005345672940426115,6ae3ac0b6a08de48055b,csv,real:engines\XAI-Compress\data\domain_focused\archive (1)\FaceForensics++_C23\csv\FF++_Metadata_Shuffled.csv,train
zstd,6,zstd|6|identity,identity,1.8746337890625,0.001109000004362315,0.00011369999265298247,balanced,0.02902549562758758,6ae3ac0b6a08de48055b,csv,real:engines\XAI-Compress\data\domain_focused\archive (1)\FaceForensics++_C23\csv\FF++_Metadata_Shuffled.csv,train
brotli,11,brotli|11|identity,identity,3.811023622047244,0.00159200000052806,3.619999915827066e-05,smallest,0.006365298889935531,6b497420b92285218016,csv,real:engines\XAI-Compress\results\experiments.csv,train
zstd,9,zstd|9|identity,identity,4.9763779527559056,4.2799991206265986e-05,1.3600001693703234e-05,fastest,0.03051771560953805,6b497420b92285218016,csv,real:engines\XAI-Compress\results\experiments.csv,train
brotli,4,brotli|4|identity,identity,4.440944881889764,0.00012490000517573208,2.5500004994682968e-05,balanced,0.09700767919559104,6b497420b92285218016,csv,real:engines\XAI-Compress\results\experiments.csv,train
brotli,6,brotli|6|identity,identity,6.9306640625,0.0028183999966131523,0.00043309999455232173,smallest,0.018585117777802078,6b4f86be63ee04262a43,video,real:engines\XAI-Compress\data\test\archive (1)\FaceForensics++_C23\DeepFakeDetection\05_08__talking_against_wall__PRBCE28Z.mp4,train
zstd,3,zstd|3|identity,identity,7.131591796875,0.00031460000900551677,2.439999661874026e-05,fastest,0.011028751162355603,6b4f86be63ee04262a43,video,real:engines\XAI-Compress\data\test\archive (1)\FaceForensics++_C23\DeepFakeDetection\05_08__talking_against_wall__PRBCE28Z.mp4,train
brotli,6,brotli|6|identity,identity,6.9306640625,0.0028183999966131523,0.00043309999455232173,balanced,0.01736990469131213,6b4f86be63ee04262a43,video,real:engines\XAI-Compress\data\test\archive (1)\FaceForensics++_C23\DeepFakeDetection\05_08__talking_against_wall__PRBCE28Z.mp4,train
brotli,11,brotli|11|identity,identity,2.511577813677975,0.006806200006394647,6.679999933112413e-05,smallest,0.016476045577793585,6bb47932f7ca6da590c4,source_code,real:apps\admin_dotnet\Services\DemoAdminData.cs,train
zstd,3,zstd|3|identity,identity,3.091007000538503,3.6999990697950125e-05,1.309999788645655e-05,fastest,0.012681107873857771,6bb47932f7ca6da590c4,source_code,real:apps\admin_dotnet\Services\DemoAdminData.cs,train
deflate,9,deflate|9|identity,identity,2.9316101238556813,9.51000110944733e-05,1.6999998479150236e-05,balanced,0.04301936818585327,6bb47932f7ca6da590c4,source_code,real:apps\admin_dotnet\Services\DemoAdminData.cs,train
brotli,11,brotli|11|identity,identity,2.76377394183022,0.02805660000012722,0.00012599999899975955,smallest,0.015678505503675076,6bffc1d008d48a6c4ecc,source_code,real:apps\public_nextjs\app\page.tsx,train
zstd,3,zstd|3|identity,identity,3.5847718136675337,0.00018940000154543668,6.58999924780801e-05,fastest,0.017676756993569773,6bffc1d008d48a6c4ecc,source_code,real:apps\public_nextjs\app\page.tsx,train
deflate,6,deflate|6|identity,identity,3.461811302908489,0.00032560000545345247,6.829999620094895e-05,balanced,0.06807910809612662,6bffc1d008d48a6c4ecc,source_code,real:apps\public_nextjs\app\page.tsx,train
brotli,11,brotli|11|identity,identity,6.7772216796875,0.6034076000069035,0.001530199995613657,smallest,0.01759394275869378,6c28c071e3ba4869baef,model,real:engines\XAI-Compress\checkpoints\phase_j_v1_128.pt,train
zstd,9,zstd|9|identity,identity,7.1766357421875,0.001719399995636195,0.0001731999946059659,fastest,0.022941944370712623,6c28c071e3ba4869baef,model,real:engines\XAI-Compress\checkpoints\phase_j_v1_128.pt,train
brotli,6,brotli|6|identity,identity,6.906982421875,0.003361299997777678,0.0007761000015307218,balanced,0.06690604633300772,6c28c071e3ba4869baef,model,real:engines\XAI-Compress\checkpoints\phase_j_v1_128.pt,train
brotli,11,brotli|11|identity,identity,3.133462282398453,0.0090319000009913,5.5800002883188426e-05,smallest,0.016058251204368146,6c322c98f04221d7d754,csv,real:engines\XAI-Compress\checkpoints\phase_j_v1_128.metrics.csv,train
zstd,3,zstd|3|identity,identity,3.6982591876208897,8.13999940874055e-05,2.9499991796910763e-05,fastest,0.020091072957968255,6c322c98f04221d7d754,csv,real:engines\XAI-Compress\checkpoints\phase_j_v1_128.metrics.csv,train
zstd,1,zstd|1|identity,identity,3.6363636363636362,7.980001100804657e-05,3.2100011594593525e-05,balanced,0.05670851388707251,6c322c98f04221d7d754,csv,real:engines\XAI-Compress\checkpoints\phase_j_v1_128.metrics.csv,train
lzma2,6,lzma2|6|identity,identity,3.29931640625,0.0387481000070693,0.004746699996758252,smallest,0.02342614798398327,6c72098b2d0db7f89801,executable,real:apps\admin_dotnet\bin\Debug\net8.0\Polly.Core.dll,train
zstd,3,zstd|3|identity,identity,4.1417236328125,0.0011589000059757382,0.00032639999699313194,fastest,0.024434624479558926,6c72098b2d0db7f89801,executable,real:apps\admin_dotnet\bin\Debug\net8.0\Polly.Core.dll,train
zstd,9,zstd|9|identity,identity,3.8446044921875,0.004765999998198822,0.0003510999958962202,balanced,0.06782008338634828,6c72098b2d0db7f89801,executable,real:apps\admin_dotnet\bin\Debug\net8.0\Polly.Core.dll,train
brotli,11,brotli|11|identity,identity,2.967825523645001,0.018203200001153164,0.00011850000009872019,smallest,0.016172780946174067,6ceafbb588c10c4c68dd,markdown,real:engines\XAI-Compress\reports\final_report.md,train
zstd,1,zstd|1|identity,identity,4.038868494925502,0.00010320000001229346,3.8700003642588854e-05,fastest,0.020174719391510818,6ceafbb588c10c4c68dd,markdown,real:engines\XAI-Compress\reports\final_report.md,train
deflate,6,deflate|6|identity,identity,3.8903044698769165,0.00027299999783281237,5.77000027988106e-05,balanced,0.09430487869202914,6ceafbb588c10c4c68dd,markdown,real:engines\XAI-Compress\reports\final_report.md,train
brotli,9,brotli|9|identity,identity,6.756591796875,0.027416800003265962,0.0007200999971246347,smallest,0.006940202136430504,6cf47ba8aacde3619f92,video,real:engines\XAI-Compress\data\test\archive (1)\FaceForensics++_C23\DeepFakeDetection\06_11__walking_and_outside_surprised__C8C4FW99.mp4,train
zstd,1,zstd|1|identity,identity,7.008544921875,0.0004133000038564205,3.7900012102909386e-05,fastest,0.011941830338120463,6cf47ba8aacde3619f92,video,real:engines\XAI-Compress\data\test\archive (1)\FaceForensics++_C23\DeepFakeDetection\06_11__walking_and_outside_surprised__C8C4FW99.mp4,train
brotli,6,brotli|6|identity,identity,6.7587890625,0.00408999998762738,0.0006102000043028966,balanced,0.020075051628429662,6cf47ba8aacde3619f92,video,real:engines\XAI-Compress\data\test\archive (1)\FaceForensics++_C23\DeepFakeDetection\06_11__walking_and_outside_surprised__C8C4FW99.mp4,train
brotli,11,brotli|11|identity,identity,1.9988305070587253,0.048129000002518296,0.00013460000627674162,smallest,0.015484513261919082,6cfbb12577bc33d516a8,csv,real:engines\XAI-Compress\results\hybrid_ai\codec_benchmark.csv,train
zstd,1,zstd|1|identity,identity,2.2641383343079107,0.00014880001253914088,5.200000305194408e-05,fastest,0.007155798113691937,6cfbb12577bc33d516a8,csv,real:engines\XAI-Compress\results\hybrid_ai\codec_benchmark.csv,train
zstd,1,zstd|1|identity,identity,2.2641383343079107,0.00014880001253914088,5.200000305194408e-05,balanced,0.023191721214444155,6cfbb12577bc33d516a8,csv,real:engines\XAI-Compress\results\hybrid_ai\codec_benchmark.csv,train
brotli,11,brotli|11|identity,identity,2.3063063063063063,0.00850499999069143,5.469999450724572e-05,smallest,0.01610304377155734,6d16877bc95ccf794c68,binary,real:apps\admin_dotnet\obj\AdminDotNet.csproj.nuget.g.props,validation
deflate,9,deflate|9|identity,identity,2.7644787644787643,0.000142400007462129,2.0799998310394585e-05,fastest,0.024255820664280614,6d16877bc95ccf794c68,binary,real:apps\admin_dotnet\obj\AdminDotNet.csproj.nuget.g.props,validation
deflate,9,deflate|9|identity,identity,2.7644787644787643,0.000142400007462129,2.0799998310394585e-05,balanced,0.04900284048407081,6d16877bc95ccf794c68,binary,real:apps\admin_dotnet\obj\AdminDotNet.csproj.nuget.g.props,validation
brotli,11,brotli|11|identity,identity,3.698360655737705,0.007698599991272204,6.639999628532678e-05,smallest,0.016213578518143854,6d54618149205523e60c,binary,real:apps\web_angular\.angular\cache\20.3.28\xai-web\vite\deps\chunk-N2L2W5DK.js.map,train
deflate,9,deflate|9|identity,identity,4.216393442622951,0.00010910000128205866,2.439999661874026e-05,fastest,0.027565641792615836,6d54618149205523e60c,binary,real:apps\web_angular\.angular\cache\20.3.28\xai-web\vite\deps\chunk-N2L2W5DK.js.map,train
deflate,9,deflate|9|identity,identity,4.216393442622951,0.00010910000128205866,2.439999661874026e-05,balanced,0.06870165029030187,6d54618149205523e60c,binary,real:apps\web_angular\.angular\cache\20.3.28\xai-web\vite\deps\chunk-N2L2W5DK.js.map,train
brotli,6,brotli|6|identity,identity,5.974025974025974,0.0005149999924469739,2.9399991035461426e-05,smallest,0.001347662542689805,6d5cca041c2ceb9f2858,json,real:apps\admin_dotnet\appsettings.Development.json,train
zstd,3,zstd|3|identity,identity,6.701298701298701,4.150001041125506e-05,1.6599995433352888e-05,fastest,0.015816039538073676,6d5cca041c2ceb9f2858,json,real:apps\admin_dotnet\appsettings.Development.json,train
brotli,6,brotli|6|identity,identity,5.974025974025974,0.0005149999924469739,2.9399991035461426e-05,balanced,0.024512182992410814,6d5cca041c2ceb9f2858,json,real:apps\admin_dotnet\appsettings.Development.json,train
brotli,11,brotli|11|identity,identity,6.784434130667619,0.14744280000741128,0.0006836999964434654,smallest,0.01718714490552479,6d9b9891c3a088ac6614,model,real:engines\XAI-Compress\.test-tmp\rust-stream-parity\test_neural_rans_roundtrip0\tiny.pt,train
zstd,9,zstd|9|identity,identity,7.006640485540879,0.00047879999328870326,8.490000618621707e-05,fastest,0.015585978598054741,6d9b9891c3a088ac6614,model,real:engines\XAI-Compress\.test-tmp\rust-stream-parity\test_neural_rans_roundtrip0\tiny.pt,train
brotli,6,brotli|6|identity,identity,6.864976794002142,0.00264690000039991,0.0004850000113947317,balanced,0.0558340498247102,6d9b9891c3a088ac6614,model,real:engines\XAI-Compress\.test-tmp\rust-stream-parity\test_neural_rans_roundtrip0\tiny.pt,train
brotli,6,brotli|6|identity,identity,7.153076171875,0.004187200000160374,0.0006132999988039955,smallest,0.019587945199395978,6dc1c3917e2a37cb71e7,video,real:engines\XAI-Compress\data\test\archive (1)\FaceForensics++_C23\DeepFakeDetection\03_07__walking_outside_cafe_disgusted__CDSNLDQ8.mp4,validation
zstd,3,zstd|3|identity,identity,7.326171875,0.00045960000716149807,3.15000070258975e-05,fastest,0.012373582248874852,6dc1c3917e2a37cb71e7,video,real:engines\XAI-Compress\data\test\archive (1)\FaceForensics++_C23\DeepFakeDetection\03_07__walking_outside_cafe_disgusted__CDSNLDQ8.mp4,validation
brotli,6,brotli|6|identity,identity,7.153076171875,0.004187200000160374,0.0006132999988039955,balanced,0.024654692177977406,6dc1c3917e2a37cb71e7,video,real:engines\XAI-Compress\data\test\archive (1)\FaceForensics++_C23\DeepFakeDetection\03_07__walking_outside_cafe_disgusted__CDSNLDQ8.mp4,validation
bzip2,9,bzip2|9|identity,identity,1.1559008230523091,0.008382300002267584,0.0024972000101115555,smallest,0.002629193321523518,6e96649c37ae12817da8,csv,real:engines\XAI-Compress\data\domain_focused\archive (1)\FaceForensics++_C23\csv\NeuralTextures.csv,test
zstd,1,zstd|1|identity,identity,1.581355555175305,0.0004925000102957711,0.0002069000038318336,fastest,0.007494845286060335,6e96649c37ae12817da8,csv,real:engines\XAI-Compress\data\domain_focused\archive (1)\FaceForensics++_C23\csv\NeuralTextures.csv,test
zstd,1,zstd|1|identity,identity,1.581355555175305,0.0004925000102957711,0.0002069000038318336,balanced,0.03088510765444913,6e96649c37ae12817da8,csv,real:engines\XAI-Compress\data\domain_focused\archive (1)\FaceForensics++_C23\csv\NeuralTextures.csv,test
raw,,raw|default|identity,identity,8.0,4.599991370923817e-06,3.4999975468963385e-06,smallest,0.0,6eb81ee8052621e0df28,text,real:engines\XAI-Compress\xai_compress.egg-info\top_level.txt,train
raw,,raw|default|identity,identity,8.0,4.599991370923817e-06,3.4999975468963385e-06,fastest,0.0,6eb81ee8052621e0df28,text,real:engines\XAI-Compress\xai_compress.egg-info\top_level.txt,train
raw,,raw|default|identity,identity,8.0,4.599991370923817e-06,3.4999975468963385e-06,balanced,0.0,6eb81ee8052621e0df28,text,real:engines\XAI-Compress\xai_compress.egg-info\top_level.txt,train
raw,,raw|default|identity,identity,8.0,4.0000013541430235e-06,2.5000044843181968e-06,smallest,0.0,6fcc7ac87cae61ab715f,binary,real:.errorviz-version,train
raw,,raw|default|identity,identity,8.0,4.0000013541430235e-06,2.5000044843181968e-06,fastest,0.0,6fcc7ac87cae61ab715f,binary,real:.errorviz-version,train
raw,,raw|default|identity,identity,8.0,4.0000013541430235e-06,2.5000044843181968e-06,balanced,0.0,6fcc7ac87cae61ab715f,binary,real:.errorviz-version,train
brotli,6,brotli|6|identity,identity,7.1566162109375,0.004203399992547929,0.0006142000056570396,smallest,0.012787816227465386,6fea3c81c32f828744f7,video,real:engines\XAI-Compress\data\test\archive (1)\FaceForensics++_C23\DeepFakeDetection\02_07__secret_conversation__0IYV5DQ5.mp4,train
zstd,1,zstd|1|identity,identity,7.3367919921875,0.00021969999943394214,2.3300002794712782e-05,fastest,0.011979347246752198,6fea3c81c32f828744f7,video,real:engines\XAI-Compress\data\test\archive (1)\FaceForensics++_C23\DeepFakeDetection\02_07__secret_conversation__0IYV5DQ5.mp4,train
brotli,6,brotli|6|identity,identity,7.1566162109375,0.004203399992547929,0.0006142000056570396,balanced,0.021163547022567054,6fea3c81c32f828744f7,video,real:engines\XAI-Compress\data\test\archive (1)\FaceForensics++_C23\DeepFakeDetection\02_07__secret_conversation__0IYV5DQ5.mp4,train
brotli,6,brotli|6|identity,identity,7.29443359375,0.0036545999901136383,0.000643899998976849,smallest,0.005971876869033114,7030656a47ddcae4e881,video,real:engines\XAI-Compress\data\test\archive (1)\FaceForensics++_C23\DeepFakeDetection\03_13__kitchen_pan__GBYWJW06.mp4,test
zstd,3,zstd|3|identity,identity,7.455810546875,0.00039709999691694975,3.090000245720148e-05,fastest,0.012796540468743012,7030656a47ddcae4e881,video,real:engines\XAI-Compress\data\test\archive (1)\FaceForensics++_C23\DeepFakeDetection\03_13__kitchen_pan__GBYWJW06.mp4,test
brotli,6,brotli|6|identity,identity,7.29443359375,0.0036545999901136383,0.000643899998976849,balanced,0.016608833336898336,7030656a47ddcae4e881,video,real:engines\XAI-Compress\data\test\archive (1)\FaceForensics++_C23\DeepFakeDetection\03_13__kitchen_pan__GBYWJW06.mp4,test
bzip2,9,bzip2|9|identity,identity,1.8953857421875,0.011438899993663654,0.00483890000032261,smallest,0.01317254223008762,7075bc0d4a24c8406591,binary,real:apps\web_angular\.angular\cache\20.3.28\xai-web\vite\deps\chunk-CZENYOMI.js.map,validation
zstd,1,zstd|1|identity,identity,2.454345703125,0.0007354999979725108,0.000264899994363077,fastest,0.011135140968330045,7075bc0d4a24c8406591,binary,real:apps\web_angular\.angular\cache\20.3.28\xai-web\vite\deps\chunk-CZENYOMI.js.map,validation
zstd,9,zstd|9|identity,identity,2.1151123046875,0.004430700006196275,0.0002612000098451972,balanced,0.028426675501881608,7075bc0d4a24c8406591,binary,real:apps\web_angular\.angular\cache\20.3.28\xai-web\vite\deps\chunk-CZENYOMI.js.map,validation
brotli,11,brotli|11|identity,identity,3.7137014314928427,0.005058299997472204,6.0999998822808266e-05,smallest,0.011615960426208969,70e92dad3612bbec9264,markdown,real:docs\SECURITY.md,train
zstd,6,zstd|6|identity,identity,4.7280163599182,7.829999958630651e-05,1.7999991541728377e-05,fastest,0.02778015716484874,70e92dad3612bbec9264,markdown,real:docs\SECURITY.md,train
deflate,6,deflate|6|identity,identity,4.572597137014315,0.0001145000132964924,2.7400004910305142e-05,balanced,0.10724102494504326,70e92dad3612bbec9264,markdown,real:docs\SECURITY.md,train
brotli,11,brotli|11|identity,identity,3.816993464052288,0.007845999993151054,5.780000356025994e-05,smallest,0.015408811222133159,70f000d0d6e91ee01c3c,source_code,real:engines\XAI-Compress\results\model_search\imports\auto\lr-0-0002-f316e33308\v1\XAI-Compress\scripts\kaggle\submit_v2_multi_epoch_diagnostic.ps1,train
deflate,6,deflate|6|identity,identity,4.281045751633987,9.99000039882958e-05,2.370000584051013e-05,fastest,0.021952012903152497,70f000d0d6e91ee01c3c,source_code,real:engines\XAI-Compress\results\model_search\imports\auto\lr-0-0002-f316e33308\v1\XAI-Compress\scripts\kaggle\submit_v2_multi_epoch_diagnostic.ps1,train
deflate,6,deflate|6|identity,identity,4.281045751633987,9.99000039882958e-05,2.370000584051013e-05,balanced,0.06055315573260345,70f000d0d6e91ee01c3c,source_code,real:engines\XAI-Compress\results\model_search\imports\auto\lr-0-0002-f316e33308\v1\XAI-Compress\scripts\kaggle\submit_v2_multi_epoch_diagnostic.ps1,train
brotli,9,brotli|9|identity,identity,7.4473876953125,0.027057700004661456,0.000640199999907054,smallest,0.013444446608110672,714b8d33e5155089d4f9,video,real:engines\XAI-Compress\data\test\archive (1)\FaceForensics++_C23\DeepFakeDetection\05_28__exit_phone_room__U9LRLJ6N.mp4,train
zstd,3,zstd|3|identity,identity,7.5673828125,0.00039200000173877925,2.920000406447798e-05,fastest,0.012439054717741989,714b8d33e5155089d4f9,video,real:engines\XAI-Compress\data\test\archive (1)\FaceForensics++_C23\DeepFakeDetection\05_28__exit_phone_room__U9LRLJ6N.mp4,train
brotli,6,brotli|6|identity,identity,7.4495849609375,0.0038104999985080212,0.000589100003708154,balanced,0.021755379593069973,714b8d33e5155089d4f9,video,real:engines\XAI-Compress\data\test\archive (1)\FaceForensics++_C23\DeepFakeDetection\05_28__exit_phone_room__U9LRLJ6N.mp4,train
brotli,11,brotli|11|identity,identity,2.8216432865731464,0.005959200003417209,4.640000406652689e-05,smallest,0.013012402661423107,718f74207881304134ba,binary,real:apps\mobile_authenticator_flutter\.metadata,train
zstd,3,zstd|3|identity,identity,3.8396793587174347,5.630000669043511e-05,2.19999928958714e-05,fastest,0.02984576857212056,718f74207881304134ba,binary,real:apps\mobile_authenticator_flutter\.metadata,train
deflate,9,deflate|9|identity,identity,3.6072144288577155,0.00010230000771116465,2.5500004994682968e-05,balanced,0.0869965909883266,718f74207881304134ba,binary,real:apps\mobile_authenticator_flutter\.metadata,train
brotli,11,brotli|11|identity,identity,3.519230769230769,0.0034349999914411455,3.9999998989515007e-05,smallest,0.009877817430686678,719549724763a3953a3a,json,real:apps\admin_dotnet\bin\Debug\net8.0\AdminDotNet.runtimeconfig.json,test
zstd,6,zstd|6|identity,identity,4.288461538461538,6.310000026132911e-05,1.7099999240599573e-05,fastest,0.0337670741766107,719549724763a3953a3a,json,real:apps\admin_dotnet\bin\Debug\net8.0\AdminDotNet.runtimeconfig.json,test
deflate,9,deflate|9|identity,identity,4.134615384615385,7.499998901039362e-05,2.099999983329326e-05,balanced,0.08531693494052006,719549724763a3953a3a,json,real:apps\admin_dotnet\bin\Debug\net8.0\AdminDotNet.runtimeconfig.json,test
brotli,9,brotli|9|identity,identity,5.457142857142857,0.0014805999962845817,4.159999662078917e-05,smallest,0.006365129549304531,723ee192ced4dd73e34d,source_code,real:engines\XAI-Compress\build_rust_windows.bat,train
zstd,6,zstd|6|identity,identity,6.057142857142857,6.53000024612993e-05,2.1900006686337292e-05,fastest,0.04376514061446258,723ee192ced4dd73e34d,source_code,real:engines\XAI-Compress\build_rust_windows.bat,train
brotli,6,brotli|6|identity,identity,5.485714285714286,0.0011399999930290505,4.440000338945538e-05,balanced,0.09903775345810464,723ee192ced4dd73e34d,source_code,real:engines\XAI-Compress\build_rust_windows.bat,train
brotli,11,brotli|11|identity,identity,6.7274169921875,0.27544500000658445,0.0008335000020451844,smallest,0.016320780753058067,724172c822ad090d0356,video,real:engines\XAI-Compress\data\test\archive (1)\FaceForensics++_C23\DeepFakeDetection\02_11__meeting_serious__NZJ1YEWE.mp4,train
zstd,1,zstd|1|identity,identity,6.9984130859375,0.0004138999938732013,3.779999678954482e-05,fastest,0.012509120438445718,724172c822ad090d0356,video,real:engines\XAI-Compress\data\test\archive (1)\FaceForensics++_C23\DeepFakeDetection\02_11__meeting_serious__NZJ1YEWE.mp4,train
brotli,6,brotli|6|identity,identity,6.750732421875,0.0038927999994484708,0.0006484000041382387,balanced,0.026158959856411212,724172c822ad090d0356,video,real:engines\XAI-Compress\data\test\archive (1)\FaceForensics++_C23\DeepFakeDetection\02_11__meeting_serious__NZJ1YEWE.mp4,train
lzma2,6,lzma2|6|identity,identity,3.11767578125,0.023356799996690825,0.002304800000274554,smallest,0.01745193758349426,7267769a8620d224c1d6,executable,real:apps\admin_dotnet\bin\Debug\net8.0\Microsoft.Extensions.Http.Resilience.dll,train
zstd,3,zstd|3|identity,identity,3.8447265625,0.0010502000077394769,0.00029179999546613544,fastest,0.022812130430464903,7267769a8620d224c1d6,executable,real:apps\admin_dotnet\bin\Debug\net8.0\Microsoft.Extensions.Http.Resilience.dll,train
zstd,9,zstd|9|identity,identity,3.6390380859375,0.004084599990164861,0.00027180000324733555,balanced,0.061865148671543774,7267769a8620d224c1d6,executable,real:apps\admin_dotnet\bin\Debug\net8.0\Microsoft.Extensions.Http.Resilience.dll,train
brotli,11,brotli|11|identity,identity,4.216867469879518,0.002591600001323968,3.0499999411404133e-05,smallest,0.006589472556678388,726f1a591b395c5b3be2,csv,real:engines\XAI-Compress\.test-tmp\test_experiment_log_and_manife0\experiments.csv,train
zstd,6,zstd|6|identity,identity,5.301204819277109,5.229999078437686e-05,1.6699996194802225e-05,fastest,0.03297928853460363,726f1a591b395c5b3be2,csv,real:engines\XAI-Compress\.test-tmp\test_experiment_log_and_manife0\experiments.csv,train
brotli,4,brotli|4|identity,identity,4.819277108433735,0.00012560001050587744,2.990000939462334e-05,balanced,0.09985768017459308,726f1a591b395c5b3be2,csv,real:engines\XAI-Compress\.test-tmp\test_experiment_log_and_manife0\experiments.csv,train
brotli,11,brotli|11|identity,identity,5.303566413928672,0.07569850000436418,0.0003188999980920926,smallest,0.017612187847821776,72acfffcce85fd82ebc8,model,real:engines\XAI-Compress\data\test\archive\results\checkpoint-2000\rng_state.pth,train
zstd,3,zstd|3|identity,identity,5.762987924740242,0.00022709999757353216,7.049999840091914e-05,fastest,0.017808756772855868,72acfffcce85fd82ebc8,model,real:engines\XAI-Compress\data\test\archive\results\checkpoint-2000\rng_state.pth,train
zstd,6,zstd|6|identity,identity,5.7528784049424315,0.0006200000061653554,7.080000068526715e-05,balanced,0.08336594655819876,72acfffcce85fd82ebc8,model,real:engines\XAI-Compress\data\test\archive\results\checkpoint-2000\rng_state.pth,train
brotli,11,brotli|11|identity,identity,2.2380566801619435,0.02141960000153631,0.00010070001007989049,smallest,0.01589147781487928,733729562ee47339b2af,source_code,real:apps\mobile_authenticator_flutter\lib\screens\home_screen.dart,train
zstd,3,zstd|3|identity,identity,2.6785425101214573,0.0001505999971413985,5.529999907594174e-05,fastest,0.015950587697756164,733729562ee47339b2af,source_code,real:apps\mobile_authenticator_flutter\lib\screens\home_screen.dart,train
deflate,6,deflate|6|identity,identity,2.5279352226720646,0.00033260000054724514,6.170000415295362e-05,balanced,0.034219807097505835,733729562ee47339b2af,source_code,real:apps\mobile_authenticator_flutter\lib\screens\home_screen.dart,train
brotli,11,brotli|11|identity,identity,7.426470588235294,0.004370800001197495,4.090000584255904e-05,smallest,0.014885869228349214,73756a33c5a1b9e66af6,image,real:apps\mobile_authenticator_flutter\android\app\src\main\res\mipmap-hdpi\ic_launcher.png,train
raw,,raw|default|identity,identity,8.0,4.6000059228390455e-06,2.8999929782003164e-06,fastest,0.013356164383561644,73756a33c5a1b9e66af6,image,real:apps\mobile_authenticator_flutter\android\app\src\main\res\mipmap-hdpi\ic_launcher.png,train
deflate,9,deflate|9|identity,identity,7.632352941176471,8.129999332595617e-05,8.400005754083395e-06,balanced,0.054811932887322064,73756a33c5a1b9e66af6,image,real:apps\mobile_authenticator_flutter\android\app\src\main\res\mipmap-hdpi\ic_launcher.png,train
brotli,11,brotli|11|identity,identity,3.4183123877917416,0.005728899996029213,5.8299992815591395e-05,smallest,0.012522919876042373,73789f696c3bbee48f11,source_code,real:apps\web_angular\src\app\core\auth.service.ts,train
zstd,3,zstd|3|identity,identity,4.093357271095153,6.160000339150429e-05,2.5899993488565087e-05,fastest,0.023597473841422367,73789f696c3bbee48f11,source_code,real:apps\web_angular\src\app\core\auth.service.ts,train
deflate,9,deflate|9|identity,identity,3.8994614003590664,0.0001117999927373603,2.7000001864507794e-05,balanced,0.06158036085955571,73789f696c3bbee48f11,source_code,real:apps\web_angular\src\app\core\auth.service.ts,train
brotli,9,brotli|9|identity,identity,4.444444444444445,0.0007560000085504726,2.510000194888562e-05,smallest,0.004002417330727599,737e293826d078cd210c,binary,real:apps\mobile_authenticator_flutter\android\gradle\wrapper\gradle-wrapper.properties,validation
deflate,9,deflate|9|identity,identity,5.178743961352657,5.400000372901559e-05,8.000002708286047e-06,fastest,0.022927201038384644,737e293826d078cd210c,binary,real:apps\mobile_authenticator_flutter\android\gradle\wrapper\gradle-wrapper.properties,validation
brotli,6,brotli|6|identity,identity,4.444444444444445,0.000538099993718788,2.95999925583601e-05,balanced,0.06160186731356168,737e293826d078cd210c,binary,real:apps\mobile_authenticator_flutter\android\gradle\wrapper\gradle-wrapper.properties,validation
brotli,9,brotli|9|identity,identity,1.314578259356827,0.01003409999248106,0.0001235000090673566,smallest,0.009178509034632189,73c841618e995b02f2a6,json,real:apps\admin_dotnet\bin\Debug\net8.0\AdminDotNet.deps.json,train
zstd,3,zstd|3|identity,identity,1.4815845717978031,0.0002145999897038564,6.230000872164965e-05,fastest,0.005976943742257696,73c841618e995b02f2a6,json,real:apps\admin_dotnet\bin\Debug\net8.0\AdminDotNet.deps.json,train
zstd,9,zstd|9|identity,identity,1.3670659575525623,0.0006489999941550195,5.4199990699999034e-05,balanced,0.011046300578322505,73c841618e995b02f2a6,json,real:apps\admin_dotnet\bin\Debug\net8.0\AdminDotNet.deps.json,train
brotli,11,brotli|11|identity,identity,3.7886178861788617,0.0041880000062519684,4.180001269560307e-05,smallest,0.01270815433095513,740876e13c0539ac6a91,binary,real:apps\admin_dotnet\AdminDotNet.csproj,train
zstd,9,zstd|9|identity,identity,4.617886178861789,5.669999518431723e-05,1.4099990949034691e-05,fastest,0.03234823624161457,740876e13c0539ac6a91,binary,real:apps\admin_dotnet\AdminDotNet.csproj,train
brotli,4,brotli|4|identity,identity,4.2439024390243905,0.00012209999840706587,2.4499997380189598e-05,balanced,0.08109736196559855,740876e13c0539ac6a91,binary,real:apps\admin_dotnet\AdminDotNet.csproj,train
brotli,11,brotli|11|identity,identity,3.9928698752228162,0.006995999996433966,4.2100000428035855e-05,smallest,0.013809865395139186,744b27a814a8afed4c2f,source_code,real:engines\XAI-Compress\results\model_search\imports\auto\lr-0-0002-f316e33308\v1\XAI-Compress\scripts\kaggle\submit_cuda_diagnostic.ps1,train
zstd,9,zstd|9|identity,identity,4.541889483065954,8.600000001024455e-05,1.5699988580308855e-05,fastest,0.02069603752113928,744b27a814a8afed4c2f,source_code,real:engines\XAI-Compress\results\model_search\imports\auto\lr-0-0002-f316e33308\v1\XAI-Compress\scripts\kaggle\submit_cuda_diagnostic.ps1,train
deflate,6,deflate|6|identity,identity,4.420677361853833,9.23000043258071e-05,2.2099993657320738e-05,balanced,0.06047773568064567,744b27a814a8afed4c2f,source_code,real:engines\XAI-Compress\results\model_search\imports\auto\lr-0-0002-f316e33308\v1\XAI-Compress\scripts\kaggle\submit_cuda_diagnostic.ps1,train
brotli,11,brotli|11|identity,identity,2.9794721407624634,0.009798200000659563,9.65999934123829e-05,smallest,0.01422611583076432,745146dbcc797c011752,json,real:engines\XAI-Compress\notebooks\07_training_process.ipynb,train
zstd,3,zstd|3|identity,identity,3.80058651026393,6.199999188538641e-05,2.3800006601959467e-05,fastest,0.01533167160910911,745146dbcc797c011752,json,real:engines\XAI-Compress\notebooks\07_training_process.ipynb,train
deflate,9,deflate|9|identity,identity,3.6363636363636362,0.00012080000306013972,2.649999805726111e-05,balanced,0.0655904417798508,745146dbcc797c011752,json,real:engines\XAI-Compress\notebooks\07_training_process.ipynb,train
brotli,11,brotli|11|identity,identity,7.6510009765625,0.5646587999945041,0.0010470999986864626,smallest,0.017294547159058007,7461eae2e4f9458d7d53,video,real:engines\XAI-Compress\data\test\archive (1)\FaceForensics++_C23\DeepFakeDetection\02_06__walk_down_hall_angry__0M6JNS5D.mp4,train
deflate,9,deflate|9|identity,identity,7.71630859375,0.0033854999928735197,0.00028140000358689576,fastest,0.020676712607549518,7461eae2e4f9458d7d53,video,real:engines\XAI-Compress\data\test\archive (1)\FaceForensics++_C23\DeepFakeDetection\02_06__walk_down_hall_angry__0M6JNS5D.mp4,train
brotli,6,brotli|6|identity,identity,7.6605224609375,0.003695300008985214,0.0006400999991456047,balanced,0.029294099028230637,7461eae2e4f9458d7d53,video,real:engines\XAI-Compress\data\test\archive (1)\FaceForensics++_C23\DeepFakeDetection\02_06__walk_down_hall_angry__0M6JNS5D.mp4,train
raw,,raw|default|identity,identity,8.0,5.299996701069176e-06,3.4999975468963385e-06,smallest,0.0,749b43a4433426f9fac5,json,real:apps\public_nextjs\.next\package.json,train
raw,,raw|default|identity,identity,8.0,5.299996701069176e-06,3.4999975468963385e-06,fastest,0.0,749b43a4433426f9fac5,json,real:apps\public_nextjs\.next\package.json,train
raw,,raw|default|identity,identity,8.0,5.299996701069176e-06,3.4999975468963385e-06,balanced,0.0,749b43a4433426f9fac5,json,real:apps\public_nextjs\.next\package.json,train
deflate,9,deflate|9|identity,identity,7.9593172549217055,0.0022289999906206504,0.0002921999985119328,smallest,0.0009853431480693902,74bbccb5894032019dd5,archive,real:apps\public_nextjs\.next\cache\webpack\server-development\2.pack.gz,train
raw,,raw|default|identity,identity,8.0,5.299996701069176e-06,3.5999983083456755e-06,fastest,0.004936461388074291,74bbccb5894032019dd5,archive,real:apps\public_nextjs\.next\cache\webpack\server-development\2.pack.gz,train
deflate,9,deflate|9|identity,identity,7.9593172549217055,0.0022289999906206504,0.0002921999985119328,balanced,0.013668069037008967,74bbccb5894032019dd5,archive,real:apps\public_nextjs\.next\cache\webpack\server-development\2.pack.gz,train
brotli,6,brotli|6|identity,identity,6.9495849609375,0.003901500007486902,0.0006481000018538907,smallest,0.0009780893658663508,74c24450b31bae3c90dc,video,real:engines\XAI-Compress\data\test\archive (1)\FaceForensics++_C23\DeepFakeDetection\05_17__hugging_happy__YTJYYDO9.mp4,train
zstd,9,zstd|9|identity,identity,7.2379150390625,0.00109119999979157,2.680000034160912e-05,fastest,0.015245150552808864,74c24450b31bae3c90dc,video,real:engines\XAI-Compress\data\test\archive (1)\FaceForensics++_C23\DeepFakeDetection\05_17__hugging_happy__YTJYYDO9.mp4,train
brotli,6,brotli|6|identity,identity,6.9495849609375,0.003901500007486902,0.0006481000018538907,balanced,0.013593160039920041,74c24450b31bae3c90dc,video,real:engines\XAI-Compress\data\test\archive (1)\FaceForensics++_C23\DeepFakeDetection\05_17__hugging_happy__YTJYYDO9.mp4,train
brotli,11,brotli|11|identity,identity,2.2787261146496816,0.015249699994456023,8.970001363195479e-05,smallest,0.01597098734119359,754c1d0f3b41e4210863,json,real:engines\XAI-Compress\configs\model_search_v2.json,train
zstd,3,zstd|3|identity,identity,2.8494267515923566,8.22000001790002e-05,2.920000406447798e-05,fastest,0.013055913273400863,754c1d0f3b41e4210863,json,real:engines\XAI-Compress\configs\model_search_v2.json,train
deflate,6,deflate|6|identity,identity,2.6680254777070065,0.0001993000041693449,4.199999966658652e-05,balanced,0.0401969646547196,754c1d0f3b41e4210863,json,real:engines\XAI-Compress\configs\model_search_v2.json,train
brotli,11,brotli|11|identity,identity,6.653564453125,0.49371399999654386,0.0010414999997010455,smallest,0.01681883551212095,755d61fee6bc41a7ebb5,video,real:engines\XAI-Compress\data\test\archive (1)\FaceForensics++_C23\DeepFakeDetection\01_11__meeting_serious__FCNL2OVP.mp4,validation
zstd,3,zstd|3|identity,identity,6.9102783203125,0.00037789999623782933,2.7699992642737925e-05,fastest,0.01070324451588091,755d61fee6bc41a7ebb5,video,real:engines\XAI-Compress\data\test\archive (1)\FaceForensics++_C23\DeepFakeDetection\01_11__meeting_serious__FCNL2OVP.mp4,validation
brotli,6,brotli|6|identity,identity,6.6768798828125,0.00424850000126753,0.0006434999959310517,balanced,0.02531454830170177,755d61fee6bc41a7ebb5,video,real:engines\XAI-Compress\data\test\archive (1)\FaceForensics++_C23\DeepFakeDetection\01_11__meeting_serious__FCNL2OVP.mp4,validation
brotli,11,brotli|11|identity,identity,4.376681614349776,0.0022016000002622604,3.270000161137432e-05,smallest,0.00795480510393169,7565b12d4fbeeba7144c,source_code,real:apps\web_angular\src\main.ts,train
deflate,1,deflate|1|identity,identity,5.237668161434978,4.1399995097890496e-05,1.2400007108226418e-05,fastest,0.032303925246765626,7565b12d4fbeeba7144c,source_code,real:apps\web_angular\src\main.ts,train
zstd,9,zstd|9|identity,identity,4.878923766816143,4.870000702794641e-05,1.6400008462369442e-05,balanced,0.08464332393681387,7565b12d4fbeeba7144c,source_code,real:apps\web_angular\src\main.ts,train
brotli,6,brotli|6|identity,identity,7.6610107421875,0.00574790000973735,0.000890900002559647,smallest,0.021256943751609223,75ac8e38c89544f86012,video,real:engines\XAI-Compress\data\test\archive (1)\FaceForensics++_C23\DeepFakeDetection\02_18__walk_down_hall_angry__B95S4G6F.mp4,test
zstd,3,zstd|3|identity,identity,7.84521484375,0.0005777000042144209,5.4500007536262274e-05,fastest,0.02149512738709524,75ac8e38c89544f86012,video,real:engines\XAI-Compress\data\test\archive (1)\FaceForensics++_C23\DeepFakeDetection\02_18__walk_down_hall_angry__B95S4G6F.mp4,test
brotli,6,brotli|6|identity,identity,7.6610107421875,0.00574790000973735,0.000890900002559647,balanced,0.029668639606508205,75ac8e38c89544f86012,video,real:engines\XAI-Compress\data\test\archive (1)\FaceForensics++_C23\DeepFakeDetection\02_18__walk_down_hall_angry__B95S4G6F.mp4,test
brotli,11,brotli|11|identity,identity,7.454545454545454,0.0012210000131744891,2.7900008717551827e-05,smallest,0.004702788163865577,75f7892bb0ad277cdd49,logs,real:engines\XAI-Compress\results\model_search\controller_logs\stdout-20260901-000030.log,train
raw,,raw|default|identity,identity,8.0,4.2000028770416975e-06,3.1999952625483274e-06,fastest,0.0025423728813559325,75f7892bb0ad277cdd49,logs,real:engines\XAI-Compress\results\model_search\controller_logs\stdout-20260901-000030.log,train
raw,,raw|default|identity,identity,8.0,4.2000028770416975e-06,3.1999952625483274e-06,balanced,0.022881355932203393,75f7892bb0ad277cdd49,logs,real:engines\XAI-Compress\results\model_search\controller_logs\stdout-20260901-000030.log,train
brotli,11,brotli|11|identity,identity,1.768421052631579,0.002331900002900511,3.390001074876636e-05,smallest,0.007588371322844548,76278c96d2de1c5feb27,text,real:engines\XAI-Compress\.test-tmp\numerics\a.txt,train
deflate,1,deflate|1|identity,identity,2.2736842105263158,3.770001058001071e-05,1.2200005585327744e-05,fastest,0.02229250131517338,76278c96d2de1c5feb27,text,real:engines\XAI-Compress\.test-tmp\numerics\a.txt,train
zstd,9,zstd|9|identity,identity,2.0210526315789474,3.819999983534217e-05,1.4399993233382702e-05,balanced,0.034900201816203784,76278c96d2de1c5feb27,text,real:engines\XAI-Compress\.test-tmp\numerics\a.txt,train
brotli,11,brotli|11|identity,identity,1.823300729590116,0.175906100004795,0.0005005000130040571,smallest,0.015575029932772218,765b8b62bd4aaade7aad,binary,real:apps\web_angular\.angular\cache\20.3.28\xai-web\.tsbuildinfo,train
zstd,1,zstd|1|identity,identity,2.144107361582021,0.0005034999921917915,0.0001396000006934628,fastest,0.007052031790921513,765b8b62bd4aaade7aad,binary,real:apps\web_angular\.angular\cache\20.3.28\xai-web\.tsbuildinfo,train
brotli,4,brotli|4|identity,identity,2.0346155894413576,0.0025443000049563125,0.000331300005200319,balanced,0.024778236616268025,765b8b62bd4aaade7aad,binary,real:apps\web_angular\.angular\cache\20.3.28\xai-web\.tsbuildinfo,train
brotli,11,brotli|11|identity,identity,7.6519775390625,0.497096999999485,0.0011184000031789765,smallest,0.017455591333251252,76925aa3f55910592b85,video,real:engines\XAI-Compress\data\test\archive (1)\FaceForensics++_C23\DeepFakeDetection\01_04__walk_down_hall_angry__GBC7ZGDP.mp4,train
zstd,3,zstd|3|identity,identity,7.7701416015625,0.00037519999023061246,2.340000355616212e-05,fastest,0.013185774520323188,76925aa3f55910592b85,video,real:engines\XAI-Compress\data\test\archive (1)\FaceForensics++_C23\DeepFakeDetection\01_04__walk_down_hall_angry__GBC7ZGDP.mp4,train
brotli,6,brotli|6|identity,identity,7.665283203125,0.003880800009937957,0.0004939000064041466,balanced,0.028887545757807907,76925aa3f55910592b85,video,real:engines\XAI-Compress\data\test\archive (1)\FaceForensics++_C23\DeepFakeDetection\01_04__walk_down_hall_angry__GBC7ZGDP.mp4,train
brotli,11,brotli|11|identity,identity,7.1319580078125,0.6848957000038354,0.0006136000010883436,smallest,0.01599753533601157,769bc1050e1bcf06e990,video,real:engines\XAI-Compress\data\test\archive (1)\FaceForensics++_C23\DeepFakeDetection\05_17__walking_down_street_outside_angry__M3H96PDQ.mp4,test
zstd,3,zstd|3|identity,identity,7.324951171875,0.00040530000114813447,3.089998790528625e-05,fastest,0.012234487778148367,769bc1050e1bcf06e990,video,real:engines\XAI-Compress\data\test\archive (1)\FaceForensics++_C23\DeepFakeDetection\05_17__walking_down_street_outside_angry__M3H96PDQ.mp4,test
brotli,6,brotli|6|identity,identity,7.14697265625,0.0038575999933527783,0.0006083000043872744,balanced,0.022655734547813472,769bc1050e1bcf06e990,video,real:engines\XAI-Compress\data\test\archive (1)\FaceForensics++_C23\DeepFakeDetection\05_17__walking_down_street_outside_angry__M3H96PDQ.mp4,test
brotli,11,brotli|11|identity,identity,2.679103354896946,0.02725629998894874,0.0001120000088121742,smallest,0.01569713606280278,76c2f06f787e0c0d27fd,csv,real:engines\XAI-Compress\results\hybrid_ai\hybrid_benchmark.csv,train
zstd,3,zstd|3|identity,identity,3.1593199939822476,0.00014659999578725547,4.610000178217888e-05,fastest,0.01245251966874242,76c2f06f787e0c0d27fd,csv,real:engines\XAI-Compress\results\hybrid_ai\hybrid_benchmark.csv,train
deflate,6,deflate|6|identity,identity,3.078682112231082,0.0002539999986765906,5.400000372901559e-05,balanced,0.04085941467514334,76c2f06f787e0c0d27fd,csv,real:engines\XAI-Compress\results\hybrid_ai\hybrid_benchmark.csv,train
brotli,11,brotli|11|identity,identity,2.929610238510762,0.01424270001007244,9.460000728722662e-05,smallest,0.01615150240918872,76c68d9b1ed3ff4ba51b,source_code,real:engines\XAI-Compress\results\model_search\imports\auto\lr-0-0002-f316e33308\v1\XAI-Compress\scripts\kaggle\prepare_kaggle_package.py,train
zstd,3,zstd|3|identity,identity,3.4392088423502036,0.00010900000052060932,3.610001294873655e-05,fastest,0.01658204179972847,76c68d9b1ed3ff4ba51b,source_code,real:engines\XAI-Compress\results\model_search\imports\auto\lr-0-0002-f316e33308\v1\XAI-Compress\scripts\kaggle\prepare_kaggle_package.py,train
deflate,6,deflate|6|identity,identity,3.2716695753344966,0.00020500000391621143,4.329999501351267e-05,balanced,0.04123953552735127,76c68d9b1ed3ff4ba51b,source_code,real:engines\XAI-Compress\results\model_search\imports\auto\lr-0-0002-f316e33308\v1\XAI-Compress\scripts\kaggle\prepare_kaggle_package.py,train
brotli,6,brotli|6|identity,identity,7.1192626953125,0.0037927999946987256,0.0005704999930458143,smallest,0.005263259260140201,774b806faf06455acd63,video,real:engines\XAI-Compress\data\test\archive (1)\FaceForensics++_C23\DeepFakeDetection\02_15__hugging_happy__XNJIS4S3.mp4,train
zstd,3,zstd|3|identity,identity,7.336669921875,0.00040180000360123813,3.169999399688095e-05,fastest,0.01373252800238634,774b806faf06455acd63,video,real:engines\XAI-Compress\data\test\archive (1)\FaceForensics++_C23\DeepFakeDetection\02_15__hugging_happy__XNJIS4S3.mp4,train
brotli,6,brotli|6|identity,identity,7.1192626953125,0.0037927999946987256,0.0005704999930458143,balanced,0.01634241455042804,774b806faf06455acd63,video,real:engines\XAI-Compress\data\test\archive (1)\FaceForensics++_C23\DeepFakeDetection\02_15__hugging_happy__XNJIS4S3.mp4,train
brotli,11,brotli|11|identity,identity,5.295141814097164,0.07791120000183582,0.0003149999974993989,smallest,0.01767002229132345,778662c4183b4eed65bf,model,real:engines\XAI-Compress\data\test\archive\results\checkpoint-1000\rng_state.pth,train
zstd,3,zstd|3|identity,identity,5.761864644762707,0.00028059999749530107,6.969999230932444e-05,fastest,0.020350362452101534,778662c4183b4eed65bf,model,real:engines\XAI-Compress\data\test\archive\results\checkpoint-1000\rng_state.pth,train
zstd,6,zstd|6|identity,identity,5.752316764953664,0.0006062000029487535,7.029999687802047e-05,balanced,0.0859814515802668,778662c4183b4eed65bf,model,real:engines\XAI-Compress\data\test\archive\results\checkpoint-1000\rng_state.pth,train
brotli,6,brotli|6|identity,identity,4.015686274509804,0.0005812000017613173,3.0199997127056122e-05,smallest,0.003807600926028342,77abb0d9a717f79882cb,binary,real:apps\mobile_authenticator_flutter\build\89db6f9b88d5fdd225b264a6f84d2160\gen_dart_plugin_registrant.stamp,train
zstd,9,zstd|9|identity,identity,4.454901960784314,4.879999323748052e-05,1.5600002370774746e-05,fastest,0.02891192828393371,77abb0d9a717f79882cb,binary,real:apps\mobile_authenticator_flutter\build\89db6f9b88d5fdd225b264a6f84d2160\gen_dart_plugin_registrant.stamp,train
brotli,4,brotli|4|identity,identity,4.141176470588236,0.0001083999959519133,2.3899992811493576e-05,balanced,0.04536454363838528,77abb0d9a717f79882cb,binary,real:apps\mobile_authenticator_flutter\build\89db6f9b88d5fdd225b264a6f84d2160\gen_dart_plugin_registrant.stamp,train
brotli,11,brotli|11|identity,identity,6.7867431640625,0.4081560999911744,0.0005968999903416261,smallest,0.016010407646781407,77ba4e3328aefc3547a0,video,real:engines\XAI-Compress\data\test\archive (1)\FaceForensics++_C23\DeepFakeDetection\02_15__walking_and_outside_surprised__I8G2LWD1.mp4,validation
zstd,6,zstd|6|identity,identity,7.1163330078125,0.0012661000073421746,3.949999518226832e-05,fastest,0.01661648022216189,77ba4e3328aefc3547a0,video,real:engines\XAI-Compress\data\test\archive (1)\FaceForensics++_C23\DeepFakeDetection\02_15__walking_and_outside_surprised__I8G2LWD1.mp4,validation
brotli,6,brotli|6|identity,identity,6.808837890625,0.0036992999957874417,0.0006051999953342602,balanced,0.024571325092071127,77ba4e3328aefc3547a0,video,real:engines\XAI-Compress\data\test\archive (1)\FaceForensics++_C23\DeepFakeDetection\02_15__walking_and_outside_surprised__I8G2LWD1.mp4,validation
brotli,11,brotli|11|identity,identity,2.684807256235828,0.004607199996826239,4.569999873638153e-05,smallest,0.010530247679937101,77bfd3803c9627c368f4,source_code,real:apps\public_nextjs\components\footer.tsx,train
zstd,3,zstd|3|identity,identity,4.190476190476191,5.639999289996922e-05,2.3100001271814108e-05,fastest,0.0326231417178459,77bfd3803c9627c368f4,source_code,real:apps\public_nextjs\components\footer.tsx,train
brotli,4,brotli|4|identity,identity,3.63718820861678,0.0001979000080609694,3.650000144261867e-05,balanced,0.10725885431397762,77bfd3803c9627c368f4,source_code,real:apps\public_nextjs\components\footer.tsx,train
brotli,11,brotli|11|identity,identity,5.297950014041,0.09358800000336487,0.0003819999983534217,smallest,0.01683530558528829,77e5d1aca8ec1164a2ca,model,real:engines\XAI-Compress\data\test\archive\results\checkpoint-2709\rng_state.pth,train
zstd,3,zstd|3|identity,identity,5.764672844706543,0.00030899999546818435,8.889999298844486e-05,fastest,0.017572194736028866,77e5d1aca8ec1164a2ca,model,real:engines\XAI-Compress\data\test\archive\results\checkpoint-2709\rng_state.pth,train
brotli,6,brotli|6|identity,identity,5.636618927267621,0.0022689000034006312,0.00018379998800810426,balanced,0.0752750364347222,77e5d1aca8ec1164a2ca,model,real:engines\XAI-Compress\data\test\archive\results\checkpoint-2709\rng_state.pth,train
brotli,11,brotli|11|identity,identity,2.8323647742512295,0.010341200002585538,6.10999995842576e-05,smallest,0.016098726143872765,77fbe0fdc429b6e3b38a,source_code,real:apps\desktop_flutter\windows\runner\utils.cpp,validation
zstd,3,zstd|3|identity,identity,3.4117121144389806,8.05000017862767e-05,3.100000321865082e-05,fastest,0.019079529439381522,77fbe0fdc429b6e3b38a,source_code,real:apps\desktop_flutter\windows\runner\utils.cpp,validation
deflate,9,deflate|9|identity,identity,3.257934734018775,0.00017279999156016856,3.5200006095692515e-05,balanced,0.04998004267452788,77fbe0fdc429b6e3b38a,source_code,real:apps\desktop_flutter\windows\runner\utils.cpp,validation
brotli,6,brotli|6|identity,identity,6.8175048828125,0.0036746000114362687,0.0005983000010019168,smallest,0.01217601160075198,786236409c1e365ec725,video,real:engines\XAI-Compress\data\test\archive (1)\FaceForensics++_C23\DeepFakeDetection\04_13__podium_speech_happy__00T3UYOR.mp4,train
zstd,3,zstd|3|identity,identity,7.04931640625,0.0004216000088490546,3.360000846441835e-05,fastest,0.011824349522155402,786236409c1e365ec725,video,real:engines\XAI-Compress\data\test\archive (1)\FaceForensics++_C23\DeepFakeDetection\04_13__podium_speech_happy__00T3UYOR.mp4,train
brotli,6,brotli|6|identity,identity,6.8175048828125,0.0036746000114362687,0.0005983000010019168,balanced,0.022130523700168207,786236409c1e365ec725,video,real:engines\XAI-Compress\data\test\archive (1)\FaceForensics++_C23\DeepFakeDetection\04_13__podium_speech_happy__00T3UYOR.mp4,train
brotli,11,brotli|11|identity,identity,2.613308515588646,0.011232600008952431,6.240000948309898e-05,smallest,0.01617733746376956,78ad99e97306ac938d4a,source_code,real:apps\desktop_flutter\lib\services\local_engine_service.dart,train
zstd,3,zstd|3|identity,identity,3.1121451838064216,7.659998664166778e-05,2.8599999495781958e-05,fastest,0.017027949043129487,78ad99e97306ac938d4a,source_code,real:apps\desktop_flutter\lib\services\local_engine_service.dart,train
deflate,9,deflate|9|identity,identity,2.9371800837598885,0.00015380000695586205,3.170000854879618e-05,balanced,0.038482047813449445,78ad99e97306ac938d4a,source_code,real:apps\desktop_flutter\lib\services\local_engine_service.dart,train
brotli,11,brotli|11|identity,identity,1.3758544921875,0.2213229000044521,0.00047450000420212746,smallest,0.01545034266503876,78d551054203a28cda54,binary,real:apps\web_angular\.angular\cache\20.3.28\xai-web\vite\deps\@angular_forms.js.map,train
zstd,3,zstd|3|identity,identity,1.782958984375,0.0007425999938277528,0.00021610000112559646,fastest,0.008621267306329325,78d551054203a28cda54,binary,real:apps\web_angular\.angular\cache\20.3.28\xai-web\vite\deps\@angular_forms.js.map,train
deflate,6,deflate|6|identity,identity,1.614501953125,0.0019362000020919368,0.0002697000018088147,balanced,0.02222009872372306,78d551054203a28cda54,binary,real:apps\web_angular\.angular\cache\20.3.28\xai-web\vite\deps\@angular_forms.js.map,train
brotli,11,brotli|11|identity,identity,3.4794069192751236,0.005950499995378777,6.0300008044578135e-05,smallest,0.015634918010850457,7910680c83be2158bff7,json,real:apps\public_nextjs\.next\routes-manifest.json,train
zstd,3,zstd|3|identity,identity,4.546952224052719,2.7900008717551827e-05,1.0299991117790341e-05,fastest,0.022879364448209295,7910680c83be2158bff7,json,real:apps\public_nextjs\.next\routes-manifest.json,train
brotli,6,brotli|6|identity,identity,3.9802306425041185,0.0006638000049861148,2.2799998987466097e-05,balanced,0.09430265125639273,7910680c83be2158bff7,json,real:apps\public_nextjs\.next\routes-manifest.json,train
brotli,11,brotli|11|identity,identity,6.8955078125,0.5013633000053233,0.0003744999994523823,smallest,0.015615799910947602,7949ac89c2483924ee9c,video,real:engines\XAI-Compress\data\test\archive (1)\FaceForensics++_C23\DeepFakeDetection\01_02__talking_against_wall__YVGY8LOK.mp4,test
zstd,1,zstd|1|identity,identity,7.1304931640625,0.00017220000154338777,1.889999839477241e-05,fastest,0.011324822700727528,7949ac89c2483924ee9c,video,real:engines\XAI-Compress\data\test\archive (1)\FaceForensics++_C23\DeepFakeDetection\01_02__talking_against_wall__YVGY8LOK.mp4,test
brotli,6,brotli|6|identity,identity,6.922607421875,0.0023681000020587817,0.0002877999941119924,balanced,0.01875621770932771,7949ac89c2483924ee9c,video,real:engines\XAI-Compress\data\test\archive (1)\FaceForensics++_C23\DeepFakeDetection\01_02__talking_against_wall__YVGY8LOK.mp4,test
brotli,11,brotli|11|identity,identity,3.071729957805907,0.01084840000839904,8.110000635497272e-05,smallest,0.01628119175914659,7953f05bc2a54033fdc5,json,real:engines\XAI-Compress\notebooks\XAI_Compress_Three_Model_Final_Analysis.ipynb,train
zstd,3,zstd|3|identity,identity,4.023628691983123,8.659999002702534e-05,3.260000084992498e-05,fastest,0.022555764715283255,7953f05bc2a54033fdc5,json,real:engines\XAI-Compress\notebooks\XAI_Compress_Three_Model_Final_Analysis.ipynb,train
deflate,9,deflate|9|identity,identity,3.790717299578059,0.00018139999883715063,3.819999983534217e-05,balanced,0.0781737824570207,7953f05bc2a54033fdc5,json,real:engines\XAI-Compress\notebooks\XAI_Compress_Three_Model_Final_Analysis.ipynb,train
brotli,11,brotli|11|identity,identity,3.755126953125,0.2379295999999158,0.0008716000011190772,smallest,0.02562244087673975,7979bd2e1d0dd226f6a1,json,real:engines\XAI-Compress\notebooks\PhD_Interview_XAI_Compress_Visual_Explanation.ipynb,train
zstd,3,zstd|3|identity,identity,4.1123046875,0.0007182999979704618,0.00023350000265054405,fastest,0.008895070317304942,7979bd2e1d0dd226f6a1,json,real:engines\XAI-Compress\notebooks\PhD_Interview_XAI_Compress_Visual_Explanation.ipynb,train
brotli,6,brotli|6|identity,identity,3.9490966796875,0.005117099994095042,0.0005885999999009073,balanced,0.032598594819801735,7979bd2e1d0dd226f6a1,json,real:engines\XAI-Compress\notebooks\PhD_Interview_XAI_Compress_Visual_Explanation.ipynb,train
brotli,4,brotli|4|identity,identity,5.8053097345132745,8.97999998414889e-05,2.4300010409206152e-05,smallest,0.0027233776190623733,79bb325c3295747efea3,source_code,real:apps\public_nextjs\.next\server\next-font-manifest.js,test
deflate,9,deflate|9|identity,identity,6.017699115044247,4.47999918833375e-05,7.700000423938036e-06,fastest,0.013759362345174683,79bb325c3295747efea3,source_code,real:apps\public_nextjs\.next\server\next-font-manifest.js,test
deflate,9,deflate|9|identity,identity,6.017699115044247,4.47999918833375e-05,7.700000423938036e-06,balanced,0.029696491859042502,79bb325c3295747efea3,source_code,real:apps\public_nextjs\.next\server\next-font-manifest.js,test
brotli,11,brotli|11|identity,identity,2.829844337090714,0.012351600002148189,0.00010250000923406333,smallest,0.0213456636898759,7a264e3d8302e2df0ba3,source_code,real:engines\XAI-Compress\results\model_search\imports\auto\lr-0-0002-f316e33308\v1\XAI-Compress\scripts\kaggle\monitor_kernel_log.py,train
zstd,6,zstd|6|identity,identity,3.4009661835748792,0.00010479999764356762,2.2100008209235966e-05,fastest,0.031126201256861254,7a264e3d8302e2df0ba3,source_code,real:engines\XAI-Compress\results\model_search\imports\auto\lr-0-0002-f316e33308\v1\XAI-Compress\scripts\kaggle\monitor_kernel_log.py,train
deflate,9,deflate|9|identity,identity,3.26784755770263,0.00015659999917261302,3.159999323543161e-05,balanced,0.06614784383332357,7a264e3d8302e2df0ba3,source_code,real:engines\XAI-Compress\results\model_search\imports\auto\lr-0-0002-f316e33308\v1\XAI-Compress\scripts\kaggle\monitor_kernel_log.py,train
brotli,11,brotli|11|identity,identity,3.814569536423841,0.0032505999988643453,3.749999450519681e-05,smallest,0.008936847046432337,7adfa9a998b33e96b984,markdown,real:engines\XAI-Compress\data\hybrid_selector\README.md,train
zstd,3,zstd|3|identity,identity,5.456953642384106,4.0400002035312355e-05,1.5099998563528061e-05,fastest,0.03948159476501783,7adfa9a998b33e96b984,markdown,real:engines\XAI-Compress\data\hybrid_selector\README.md,train
brotli,11,brotli|11|identity,identity,3.814569536423841,0.0032505999988643453,3.749999450519681e-05,balanced,0.15926892339618226,7adfa9a998b33e96b984,markdown,real:engines\XAI-Compress\data\hybrid_selector\README.md,train
brotli,11,brotli|11|identity,identity,7.6619873046875,0.48037119999935385,0.001043199998093769,smallest,0.017032967033592392,7b49667c711e403ace07,video,real:engines\XAI-Compress\data\test\archive (1)\FaceForensics++_C23\DeepFakeDetection\01_02__walk_down_hall_angry__YVGY8LOK.mp4,train
zstd,3,zstd|3|identity,identity,7.8397216796875,0.00040079999598674476,3.470000228844583e-05,fastest,0.019728949931297878,7b49667c711e403ace07,video,real:engines\XAI-Compress\data\test\archive (1)\FaceForensics++_C23\DeepFakeDetection\01_02__walk_down_hall_angry__YVGY8LOK.mp4,train
brotli,6,brotli|6|identity,identity,7.6727294921875,0.0037121999921509996,0.0005902999982936308,balanced,0.02750114470231958,7b49667c711e403ace07,video,real:engines\XAI-Compress\data\test\archive (1)\FaceForensics++_C23\DeepFakeDetection\01_02__walk_down_hall_angry__YVGY8LOK.mp4,train
brotli,9,brotli|9|identity,identity,7.1773681640625,0.023379299993393943,0.00026440000510774553,smallest,0.014337643249900098,7b5d02d1d5b8cca6c5c6,video,real:engines\XAI-Compress\data\test\archive (1)\FaceForensics++_C23\DeepFakeDetection\02_15__outside_talking_pan_laughing__I8G2LWD1.mp4,train
zstd,3,zstd|3|identity,identity,7.3466796875,0.00039459999243263155,3.0099996365606785e-05,fastest,0.01214307776656351,7b5d02d1d5b8cca6c5c6,video,real:engines\XAI-Compress\data\test\archive (1)\FaceForensics++_C23\DeepFakeDetection\02_15__outside_talking_pan_laughing__I8G2LWD1.mp4,train
brotli,6,brotli|6|identity,identity,7.1781005859375,0.003640599999926053,0.0006128999957581982,balanced,0.02226126355555112,7b5d02d1d5b8cca6c5c6,video,real:engines\XAI-Compress\data\test\archive (1)\FaceForensics++_C23\DeepFakeDetection\02_15__outside_talking_pan_laughing__I8G2LWD1.mp4,train
brotli,6,brotli|6|identity,identity,7.910400390625,0.0038638000114588067,0.0006635000027017668,smallest,0.02263412831215298,7b6999e89a03859a1cc9,video,real:engines\XAI-Compress\data\test\archive (1)\FaceForensics++_C23\DeepFakeDetection\03_02__secret_conversation__GYX5OFTD.mp4,train
raw,,raw|default|identity,identity,8.0,5.399997462518513e-06,4.0000013541430235e-06,fastest,0.010863213811420983,7b6999e89a03859a1cc9,video,real:engines\XAI-Compress\data\test\archive (1)\FaceForensics++_C23\DeepFakeDetection\03_02__secret_conversation__GYX5OFTD.mp4,train
brotli,6,brotli|6|identity,identity,7.910400390625,0.0038638000114588067,0.0006635000027017668,balanced,0.027001783921051504,7b6999e89a03859a1cc9,video,real:engines\XAI-Compress\data\test\archive (1)\FaceForensics++_C23\DeepFakeDetection\03_02__secret_conversation__GYX5OFTD.mp4,train
brotli,11,brotli|11|identity,identity,1.08886235715504,0.023455700007616542,6.539998867083341e-05,smallest,0.015474214677368562,7b8272535b09ef9b936e,source_code,real:apps\public_nextjs\.next\types\cache-life.d.ts,validation
zstd,3,zstd|3|identity,identity,1.4122462902950708,9.029998909682035e-05,3.3899996196851134e-05,fastest,0.008628801142142666,7b8272535b09ef9b936e,source_code,real:apps\public_nextjs\.next\types\cache-life.d.ts,validation
deflate,6,deflate|6|identity,identity,1.301722667576326,0.00017759999900590628,3.650000144261867e-05,balanced,0.01946216617773698,7b8272535b09ef9b936e,source_code,real:apps\public_nextjs\.next\types\cache-life.d.ts,validation
brotli,11,brotli|11|identity,identity,7.560546875,0.4751195999997435,0.000717400005669333,smallest,0.016497621162247886,7c0a3d3eb91591456b36,video,real:engines\XAI-Compress\data\test\archive (1)\FaceForensics++_C23\DeepFakeDetection\06_02__walk_down_hall_angry__37DH75GQ.mp4,train
zstd,9,zstd|9|identity,identity,7.7305908203125,0.0012332000042079017,3.3500007702969015e-05,fastest,0.01945105574783663,7c0a3d3eb91591456b36,video,real:engines\XAI-Compress\data\test\archive (1)\FaceForensics++_C23\DeepFakeDetection\06_02__walk_down_hall_angry__37DH75GQ.mp4,train
brotli,6,brotli|6|identity,identity,7.572509765625,0.004223299998557195,0.0006629999988945201,balanced,0.031746770229120355,7c0a3d3eb91591456b36,video,real:engines\XAI-Compress\data\test\archive (1)\FaceForensics++_C23\DeepFakeDetection\06_02__walk_down_hall_angry__37DH75GQ.mp4,train
brotli,6,brotli|6|identity,identity,6.4581298828125,0.003609499995945953,0.0005879999953322113,smallest,0.008464752948521368,7c176e90b1367a8ed6cc,video,real:engines\XAI-Compress\data\test\archive (1)\FaceForensics++_C23\DeepFakeDetection\06_02__podium_speech_happy__N8OSN8P6.mp4,train
deflate,6,deflate|6|identity,identity,6.5452880859375,0.0012937999999849126,8.529999468009919e-05,fastest,0.007272012390357947,7c176e90b1367a8ed6cc,video,real:engines\XAI-Compress\data\test\archive (1)\FaceForensics++_C23\DeepFakeDetection\06_02__podium_speech_happy__N8OSN8P6.mp4,train
brotli,6,brotli|6|identity,identity,6.4581298828125,0.003609499995945953,0.0005879999953322113,balanced,0.019468840295171562,7c176e90b1367a8ed6cc,video,real:engines\XAI-Compress\data\test\archive (1)\FaceForensics++_C23\DeepFakeDetection\06_02__podium_speech_happy__N8OSN8P6.mp4,train
brotli,11,brotli|11|identity,identity,2.0973451327433628,0.002998800002387725,2.570000651758164e-05,smallest,0.012361374485653753,7c58453d1513ac6333cf,csv,real:engines\XAI-Compress\.test-tmp\final-all\test_corpus_roundtrip0\corpus\structured\table.csv,train
zstd,3,zstd|3|identity,identity,3.1327433628318584,3.429999924264848e-05,1.3299999409355223e-05,fastest,0.02216332248237757,7c58453d1513ac6333cf,csv,real:engines\XAI-Compress\.test-tmp\final-all\test_corpus_roundtrip0\corpus\structured\table.csv,train
brotli,4,brotli|4|identity,identity,2.827433628318584,0.00011910000466741621,2.0399995264597237e-05,balanced,0.07504006281784348,7c58453d1513ac6333cf,csv,real:engines\XAI-Compress\.test-tmp\final-all\test_corpus_roundtrip0\corpus\structured\table.csv,train
brotli,11,brotli|11|identity,identity,2.9042787825319807,0.017626600005314685,0.00010859999747481197,smallest,0.01577049259644055,7c91652f02e696e6b1fa,source_code,real:engines\XAI-Compress\results\model_search\imports\auto\lr-0-0002-f316e33308\v1\XAI-Compress\scripts\kaggle\run_lossless_v2_activation_diagnostic.py,train
zstd,3,zstd|3|identity,identity,3.421261579179532,0.00012480000441428274,4.169999738223851e-05,fastest,0.014158222948049217,7c91652f02e696e6b1fa,source_code,real:engines\XAI-Compress\results\model_search\imports\auto\lr-0-0002-f316e33308\v1\XAI-Compress\scripts\kaggle\run_lossless_v2_activation_diagnostic.py,train
deflate,9,deflate|9|identity,identity,3.3083370092633437,0.0002879999956348911,5.0700007705017924e-05,balanced,0.04510966389978616,7c91652f02e696e6b1fa,source_code,real:engines\XAI-Compress\results\model_search\imports\auto\lr-0-0002-f316e33308\v1\XAI-Compress\scripts\kaggle\run_lossless_v2_activation_diagnostic.py,train
brotli,11,brotli|11|identity,identity,3.777215189873418,0.00495000000228174,3.879998985212296e-05,smallest,0.010843888535964998,7c91833668aee4fc60be,source_code,real:apps\public_nextjs\components\header.tsx,train
zstd,9,zstd|9|identity,identity,4.891139240506329,7.439999899361283e-05,1.790000533219427e-05,fastest,0.03070170266626402,7c91833668aee4fc60be,source_code,real:apps\public_nextjs\components\header.tsx,train
brotli,4,brotli|4|identity,identity,4.637974683544304,0.0001652999926591292,3.0100010917522013e-05,balanced,0.11530713765573375,7c91833668aee4fc60be,source_code,real:apps\public_nextjs\components\header.tsx,train
brotli,11,brotli|11|identity,identity,2.134185303514377,0.010803600001963787,8.669999078847468e-05,smallest,0.016109341769530643,7ca17081d7adaf554a73,json,real:apps\web_angular\angular.json,train
deflate,9,deflate|9|identity,identity,2.5814696485623,0.00010280001151841134,2.0499996026046574e-05,fastest,0.013613312625585901,7ca17081d7adaf554a73,json,real:apps\web_angular\angular.json,train
deflate,9,deflate|9|identity,identity,2.5814696485623,0.00010280001151841134,2.0499996026046574e-05,balanced,0.04013958084277328,7ca17081d7adaf554a73,json,real:apps\web_angular\angular.json,train
brotli,6,brotli|6|identity,identity,6.7542724609375,0.005701200003386475,0.0009811000054469332,smallest,0.005795526210678924,7cd7f8c49a41c9688f39,video,real:engines\XAI-Compress\data\test\archive (1)\FaceForensics++_C23\DeepFakeDetection\06_12__walking_and_outside_surprised__3K21NFNM.mp4,train
zstd,3,zstd|3|identity,identity,7.0146484375,0.0007159999950090423,4.6599991037510335e-05,fastest,0.01258645184420046,7cd7f8c49a41c9688f39,video,real:engines\XAI-Compress\data\test\archive (1)\FaceForensics++_C23\DeepFakeDetection\06_12__walking_and_outside_surprised__3K21NFNM.mp4,train
brotli,6,brotli|6|identity,identity,6.7542724609375,0.005701200003386475,0.0009811000054469332,balanced,0.024290703804214213,7cd7f8c49a41c9688f39,video,real:engines\XAI-Compress\data\test\archive (1)\FaceForensics++_C23\DeepFakeDetection\06_12__walking_and_outside_surprised__3K21NFNM.mp4,train
raw,,raw|default|identity,identity,8.0,5.2000104915350676e-06,3.7999998312443495e-06,smallest,0.0,7da3e36a9c6e60c0a876,high_entropy,synthetic:engines\XAI-Compress\data\hybrid_selector\synthetic\high_entropy_16KiB.rand,train
raw,,raw|default|identity,identity,8.0,5.2000104915350676e-06,3.7999998312443495e-06,fastest,0.0,7da3e36a9c6e60c0a876,high_entropy,synthetic:engines\XAI-Compress\data\hybrid_selector\synthetic\high_entropy_16KiB.rand,train
raw,,raw|default|identity,identity,8.0,5.2000104915350676e-06,3.7999998312443495e-06,balanced,0.0,7da3e36a9c6e60c0a876,high_entropy,synthetic:engines\XAI-Compress\data\hybrid_selector\synthetic\high_entropy_16KiB.rand,train
brotli,11,brotli|11|identity,identity,3.277708592777086,0.012692199990851805,6.009999196976423e-05,smallest,0.008779075923714096,7da935a5c5745da0fc47,csv,real:engines\XAI-Compress\results\model_search\leaderboard.csv,test
zstd,9,zstd|9|identity,identity,3.925280199252802,9.039998985826969e-05,2.0000006770715117e-05,fastest,0.01630676443454006,7da935a5c5745da0fc47,csv,real:engines\XAI-Compress\results\model_search\leaderboard.csv,test
deflate,9,deflate|9|identity,identity,3.825653798256538,8.880000677891076e-05,2.409999433439225e-05,balanced,0.06061247492844712,7da935a5c5745da0fc47,csv,real:engines\XAI-Compress\results\model_search\leaderboard.csv,test
deflate,1,deflate|1|identity,identity,0.48,2.5699991965666413e-05,8.000002708286047e-06,smallest,0.0004908096624803541,7dc992214b750e01f7b7,text,real:engines\XAI-Compress\.test-tmp\final-all\test_dataset_report_is_bounded0\a.txt,train
deflate,9,deflate|9|identity,identity,0.52,2.3899992811493576e-05,4.8000074457377195e-06,fastest,0.004368427026779726,7dc992214b750e01f7b7,text,real:engines\XAI-Compress\.test-tmp\final-all\test_dataset_report_is_bounded0\a.txt,train
deflate,9,deflate|9|identity,identity,0.52,2.3899992811493576e-05,4.8000074457377195e-06,balanced,0.005134283785405995,7dc992214b750e01f7b7,text,real:engines\XAI-Compress\.test-tmp\final-all\test_dataset_report_is_bounded0\a.txt,train
brotli,11,brotli|11|identity,identity,4.216867469879518,0.002868399998988025,4.199999966658652e-05,smallest,0.008266792858690714,7e1b667aae83f4b03770,csv,real:engines\XAI-Compress\.test-tmp\post-roundtrip-fix\test_experiment_log_and_manife0\experiments.csv,train
deflate,9,deflate|9|identity,identity,5.132530120481928,5.4899996030144393e-05,1.6200006939470768e-05,fastest,0.031621665378327016,7e1b667aae83f4b03770,csv,real:engines\XAI-Compress\.test-tmp\post-roundtrip-fix\test_experiment_log_and_manife0\experiments.csv,train
brotli,4,brotli|4|identity,identity,4.819277108433735,0.00012369999603834003,2.61999957729131e-05,balanced,0.0990838092995582,7e1b667aae83f4b03770,csv,real:engines\XAI-Compress\.test-tmp\post-roundtrip-fix\test_experiment_log_and_manife0\experiments.csv,train
brotli,11,brotli|11|identity,identity,3.5728155339805827,0.004193799992208369,4.159999662078917e-05,smallest,0.009639439176676146,7e441621d2dee756b3dc,markdown,real:apps\admin_dotnet\docs\SECURITY_CHECKLIST.md,train
zstd,3,zstd|3|identity,identity,4.58252427184466,5.4899996030144393e-05,2.059999678749591e-05,fastest,0.0303100242954907,7e441621d2dee756b3dc,markdown,real:apps\admin_dotnet\docs\SECURITY_CHECKLIST.md,train
brotli,4,brotli|4|identity,identity,4.1386962552011095,0.0001773999974830076,3.369999467395246e-05,balanced,0.08503254144476885,7e441621d2dee756b3dc,markdown,real:apps\admin_dotnet\docs\SECURITY_CHECKLIST.md,train
brotli,9,brotli|9|identity,identity,7.101806640625,0.02678820000437554,0.000785099997301586,smallest,0.0114516604340309,7e893633dd0f5d20713c,video,real:engines\XAI-Compress\data\test\archive (1)\FaceForensics++_C23\DeepFakeDetection\06_07__kitchen_pan__NMGYPBXE.mp4,test
zstd,3,zstd|3|identity,identity,7.3040771484375,0.000705099999322556,5.059999239165336e-05,fastest,0.01348010608052313,7e893633dd0f5d20713c,video,real:engines\XAI-Compress\data\test\archive (1)\FaceForensics++_C23\DeepFakeDetection\06_07__kitchen_pan__NMGYPBXE.mp4,test
brotli,6,brotli|6|identity,identity,7.103271484375,0.005511300012585707,0.0004992000031052157,balanced,0.017753849264890504,7e893633dd0f5d20713c,video,real:engines\XAI-Compress\data\test\archive (1)\FaceForensics++_C23\DeepFakeDetection\06_07__kitchen_pan__NMGYPBXE.mp4,test
brotli,11,brotli|11|identity,identity,3.84,0.003205900007742457,1.85999961104244e-05,smallest,0.012212970879008158,7eb72de3e24a6696faed,xml,real:apps\mobile_authenticator_flutter\android\app\src\main\res\drawable-v21\launch_background.xml,train
zstd,3,zstd|3|identity,identity,5.208888888888889,4.859999171458185e-05,1.9099999917671084e-05,fastest,0.0455420646908381,7eb72de3e24a6696faed,xml,real:apps\mobile_authenticator_flutter\android\app\src\main\res\drawable-v21\launch_background.xml,train
brotli,4,brotli|4|identity,identity,4.533333333333333,0.00015759999223519117,3.1400006264448166e-05,balanced,0.1183096922216953,7eb72de3e24a6696faed,xml,real:apps\mobile_authenticator_flutter\android\app\src\main\res\drawable-v21\launch_background.xml,train
brotli,11,brotli|11|identity,identity,1.4301572617946345,0.012399999992339872,5.050000618211925e-05,smallest,0.01609821448946472,7f70276b6f9397ea8763,binary,real:apps\admin_dotnet\obj\Debug\net8.0\AdminDotNet.GeneratedMSBuildEditorConfig.editorconfig,train
deflate,1,deflate|1|identity,identity,1.9685476410730804,5.469999450724572e-05,1.9400002202019095e-05,fastest,0.012260173243709944,7f70276b6f9397ea8763,binary,real:apps\admin_dotnet\obj\Debug\net8.0\AdminDotNet.GeneratedMSBuildEditorConfig.editorconfig,train
deflate,6,deflate|6|identity,identity,1.5929694727104533,0.0001255999959539622,2.8399997972883284e-05,balanced,0.0214807057721009,7f70276b6f9397ea8763,binary,real:apps\admin_dotnet\obj\Debug\net8.0\AdminDotNet.GeneratedMSBuildEditorConfig.editorconfig,train
brotli,4,brotli|4|identity,identity,0.0166015625,0.00011360000644344836,5.839999357704073e-05,smallest,0.0004031835669135525,7f82cba1e794f026072e,repetitive,synthetic:engines\XAI-Compress\data\hybrid_selector\synthetic\repetitive_16KiB.bin,test
deflate,1,deflate|1|identity,identity,0.099609375,3.510000533424318e-05,1.649999467190355e-05,fastest,0.0035921788524369068,7f82cba1e794f026072e,repetitive,synthetic:engines\XAI-Compress\data\hybrid_selector\synthetic\repetitive_16KiB.bin,test
zstd,9,zstd|9|identity,identity,0.01904296875,4.0700004319660366e-05,1.8799997633323073e-05,balanced,0.0021479435069419314,7f82cba1e794f026072e,repetitive,synthetic:engines\XAI-Compress\data\hybrid_selector\synthetic\repetitive_16KiB.bin,test
brotli,11,brotli|11|identity,identity,2.482304526748971,0.010315899999113753,6.559999019373208e-05,smallest,0.016053859999107863,7f8e04914677ce58a61d,source_code,real:apps\admin_dotnet\Program.cs,validation
zstd,3,zstd|3|identity,identity,3.1045267489711934,8.000001253094524e-05,2.9800008633174002e-05,fastest,0.01774572848748677,7f8e04914677ce58a61d,source_code,real:apps\admin_dotnet\Program.cs,validation
deflate,6,deflate|6|identity,identity,2.893827160493827,0.00015269999857991934,3.499999002087861e-05,balanced,0.04494498124661887,7f8e04914677ce58a61d,source_code,real:apps\admin_dotnet\Program.cs,validation
brotli,11,brotli|11|identity,identity,6.895751953125,0.6980470999988029,0.0008343000081367791,smallest,0.016300649579132322,7fb59a603cc325bd93c4,video,real:engines\XAI-Compress\data\test\archive (1)\FaceForensics++_C23\DeepFakeDetection\01_11__talking_against_wall__UQ0BOBNO.mp4,validation
zstd,1,zstd|1|identity,identity,7.13916015625,0.0003541000041877851,3.6699988413602114e-05,fastest,0.012199320815641249,7fb59a603cc325bd93c4,video,real:engines\XAI-Compress\data\test\archive (1)\FaceForensics++_C23\DeepFakeDetection\01_11__talking_against_wall__UQ0BOBNO.mp4,validation
brotli,6,brotli|6|identity,identity,6.924072265625,0.003910999992513098,0.0006114999996498227,balanced,0.025907780449799373,7fb59a603cc325bd93c4,video,real:engines\XAI-Compress\data\test\archive (1)\FaceForensics++_C23\DeepFakeDetection\01_11__talking_against_wall__UQ0BOBNO.mp4,validation
brotli,6,brotli|6|identity,identity,7.172607421875,0.003896200010785833,0.0006133999995654449,smallest,0.01397512267938476,7fc4ebfe45a8a591ab96,video,real:engines\XAI-Compress\data\test\archive (1)\FaceForensics++_C23\DeepFakeDetection\02_07__outside_talking_pan_laughing__O4SXNLRL.mp4,train
zstd,1,zstd|1|identity,identity,7.354736328125,0.0003968999953940511,3.7299992982298136e-05,fastest,0.012998690634355515,7fc4ebfe45a8a591ab96,video,real:engines\XAI-Compress\data\test\archive (1)\FaceForensics++_C23\DeepFakeDetection\02_07__outside_talking_pan_laughing__O4SXNLRL.mp4,train
brotli,6,brotli|6|identity,identity,7.172607421875,0.003896200010785833,0.0006133999995654449,balanced,0.02183248504162653,7fc4ebfe45a8a591ab96,video,real:engines\XAI-Compress\data\test\archive (1)\FaceForensics++_C23\DeepFakeDetection\02_07__outside_talking_pan_laughing__O4SXNLRL.mp4,train
brotli,11,brotli|11|identity,identity,6.71435546875,0.3500858000043081,0.001043800002662465,smallest,0.016794042258298232,7fc62ed73785724370ad,video,real:engines\XAI-Compress\data\test\archive (1)\FaceForensics++_C23\DeepFakeDetection\02_15__talking_against_wall__HTG660F8.mp4,train
zstd,6,zstd|6|identity,identity,6.9669189453125,0.0010096999903908,3.920000744983554e-05,fastest,0.012724162240295578,7fc62ed73785724370ad,video,real:engines\XAI-Compress\data\test\archive (1)\FaceForensics++_C23\DeepFakeDetection\02_15__talking_against_wall__HTG660F8.mp4,train
brotli,6,brotli|6|identity,identity,6.7413330078125,0.003943800009437837,0.0005546000029426068,balanced,0.025493829013864412,7fc62ed73785724370ad,video,real:engines\XAI-Compress\data\test\archive (1)\FaceForensics++_C23\DeepFakeDetection\02_15__talking_against_wall__HTG660F8.mp4,train
brotli,11,brotli|11|identity,identity,2.9073828244664557,0.035342300005140714,5.840000812895596e-05,smallest,0.016070455645254708,801658a38cf0cafec5ef,image,real:engines\XAI-Compress\results\hybrid_ai\figures\04_decompression_speed.png,test
zstd,3,zstd|3|identity,identity,3.1083426937608496,0.00016390001110266894,3.940000897273421e-05,fastest,0.01658640064932346,801658a38cf0cafec5ef,image,real:engines\XAI-Compress\results\hybrid_ai\figures\04_decompression_speed.png,test
zstd,6,zstd|6|identity,identity,3.0356377003982438,0.0003929999948013574,3.569999535102397e-05,balanced,0.023014849608717074,801658a38cf0cafec5ef,image,real:engines\XAI-Compress\results\hybrid_ai\figures\04_decompression_speed.png,test
brotli,11,brotli|11|identity,identity,3.4822190611664294,0.004194199995254166,4.6899993321858346e-05,smallest,0.00925766023949312,8028fd8746ec7555a569,markdown,real:apps\mobile_authenticator_flutter\docs\PRODUCTION_CHECKLIST.md,test
zstd,3,zstd|3|identity,identity,4.529160739687056,5.1799986977130175e-05,2.0000006770715117e-05,fastest,0.023529292347858367,8028fd8746ec7555a569,markdown,real:apps\mobile_authenticator_flutter\docs\PRODUCTION_CHECKLIST.md,test
deflate,6,deflate|6|identity,identity,4.312944523470839,8.609998621977866e-05,2.440001117065549e-05,balanced,0.09400329186838495,8028fd8746ec7555a569,markdown,real:apps\mobile_authenticator_flutter\docs\PRODUCTION_CHECKLIST.md,test
lzma2,6,lzma2|6|identity,identity,3.566968781470292,0.014015599997946993,0.001402800000505522,smallest,0.009876743643005078,8034b3b1bf7885585b5e,executable,real:apps\admin_dotnet\bin\Debug\net8.0\Microsoft.Extensions.Resilience.dll,train
zstd,3,zstd|3|identity,identity,4.08484390735146,0.0006538000016007572,0.00016589999722782522,fastest,0.018145025937701047,8034b3b1bf7885585b5e,executable,real:apps\admin_dotnet\bin\Debug\net8.0\Microsoft.Extensions.Resilience.dll,train
zstd,9,zstd|9|identity,identity,3.958710976837865,0.0017361999925924465,0.00015829999756533653,balanced,0.05227125435038364,8034b3b1bf7885585b5e,executable,real:apps\admin_dotnet\bin\Debug\net8.0\Microsoft.Extensions.Resilience.dll,train
brotli,6,brotli|6|identity,identity,7.30322265625,0.0038376000011339784,0.0005902000120840967,smallest,0.020819638467399065,8059791c636225bc9a52,video,real:engines\XAI-Compress\data\test\archive (1)\FaceForensics++_C23\DeepFakeDetection\03_13__exit_phone_room__GBYWJW06.mp4,train
zstd,1,zstd|1|identity,identity,7.470703125,0.00035170000046491623,3.91000066883862e-05,fastest,0.013758120873055528,8059791c636225bc9a52,video,real:engines\XAI-Compress\data\test\archive (1)\FaceForensics++_C23\DeepFakeDetection\03_13__exit_phone_room__GBYWJW06.mp4,train
brotli,6,brotli|6|identity,identity,7.30322265625,0.0038376000011339784,0.0005902000120840967,balanced,0.019651108152094754,8059791c636225bc9a52,video,real:engines\XAI-Compress\data\test\archive (1)\FaceForensics++_C23\DeepFakeDetection\03_13__exit_phone_room__GBYWJW06.mp4,train
brotli,11,brotli|11|identity,identity,1.674905495783658,0.02598450001096353,6.120000034570694e-05,smallest,0.015338318761932871,80b465222a6e5fca5af5,json,real:engines\XAI-Compress\checkpoints\selector\metrics.json,train
deflate,6,deflate|6|identity,identity,1.9470776388485025,7.809999806340784e-05,1.7999991541728377e-05,fastest,0.005257733171428402,80b465222a6e5fca5af5,json,real:engines\XAI-Compress\checkpoints\selector\metrics.json,train
deflate,6,deflate|6|identity,identity,1.9470776388485025,7.809999806340784e-05,1.7999991541728377e-05,balanced,0.021244032105286928,80b465222a6e5fca5af5,json,real:engines\XAI-Compress\checkpoints\selector\metrics.json,train
brotli,11,brotli|11|identity,identity,3.312925170068027,0.0033162999898195267,3.270000161137432e-05,smallest,0.012021100919930945,80fafd99d0637d4b14dc,markdown,real:analytics\XAI-Compress-Analysis-Suite\docs\INTERPRETATION_RULES.md,validation
zstd,6,zstd|6|identity,identity,4.408163265306122,5.669999518431723e-05,1.3199998647905886e-05,fastest,0.02962677597879558,80fafd99d0637d4b14dc,markdown,real:analytics\XAI-Compress-Analysis-Suite\docs\INTERPRETATION_RULES.md,validation
deflate,6,deflate|6|identity,identity,4.26530612244898,6.209999264683574e-05,1.6600009985268116e-05,balanced,0.10628991081922404,80fafd99d0637d4b14dc,markdown,real:analytics\XAI-Compress-Analysis-Suite\docs\INTERPRETATION_RULES.md,validation
lzma2,6,lzma2|6|identity,identity,2.40966796875,0.02335329999914393,0.0021976999996695668,smallest,0.0225798508307503,8199eebc4a37533cc78a,executable,real:apps\admin_dotnet\bin\Debug\net8.0\AdminDotNet.dll,train
zstd,3,zstd|3|identity,identity,3.0863037109375,0.0006653999880654737,0.00019800000882241875,fastest,0.024223236275548395,8199eebc4a37533cc78a,executable,real:apps\admin_dotnet\bin\Debug\net8.0\AdminDotNet.dll,train
zstd,9,zstd|9|identity,identity,2.903564453125,0.0028181999950902537,0.00019400000746827573,balanced,0.05668152783960482,8199eebc4a37533cc78a,executable,real:apps\admin_dotnet\bin\Debug\net8.0\AdminDotNet.dll,train
brotli,11,brotli|11|identity,identity,3.6964285714285716,0.0036044000007677823,3.88999906135723e-05,smallest,0.008471256893638524,81a445cc02e5ab1cabd2,markdown,real:engines\XAI-Compress\reports\experiment_report.md,test
zstd,9,zstd|9|identity,identity,5.232142857142857,3.5200006095692515e-05,7.599999662488699e-06,fastest,0.025247521645043007,81a445cc02e5ab1cabd2,markdown,real:engines\XAI-Compress\reports\experiment_report.md,test
brotli,6,brotli|6|identity,identity,4.446428571428571,0.0007206000009318814,1.7800004570744932e-05,balanced,0.11565139365291063,81a445cc02e5ab1cabd2,markdown,real:engines\XAI-Compress\reports\experiment_report.md,test
brotli,11,brotli|11|identity,identity,7.330316742081448,0.003046300000278279,2.2099993657320738e-05,smallest,0.013128881502647226,81cbf17669835e4ef24e,image,real:apps\mobile_authenticator_flutter\android\app\src\main\res\mipmap-mdpi\ic_launcher.png,train
raw,,raw|default|identity,identity,8.0,2.7999922167509794e-06,2.1000014385208488e-06,fastest,0.013214285714285715,81cbf17669835e4ef24e,image,real:apps\mobile_authenticator_flutter\android\app\src\main\res\mipmap-mdpi\ic_launcher.png,train
deflate,9,deflate|9|identity,identity,7.51131221719457,6.310000026132911e-05,6.300004315562546e-06,balanced,0.04450634937098123,81cbf17669835e4ef24e,image,real:apps\mobile_authenticator_flutter\android\app\src\main\res\mipmap-mdpi\ic_launcher.png,train
raw,,raw|default|identity,identity,8.0,5.2000104915350676e-06,3.7999998312443495e-06,smallest,0.0,829602a83e84e1a3749b,high_entropy,synthetic:engines\XAI-Compress\data\hybrid_selector\synthetic\high_entropy_4096KiB.rand,validation
raw,,raw|default|identity,identity,8.0,5.2000104915350676e-06,3.7999998312443495e-06,fastest,0.0,829602a83e84e1a3749b,high_entropy,synthetic:engines\XAI-Compress\data\hybrid_selector\synthetic\high_entropy_4096KiB.rand,validation
raw,,raw|default|identity,identity,8.0,5.2000104915350676e-06,3.7999998312443495e-06,balanced,0.0,829602a83e84e1a3749b,high_entropy,synthetic:engines\XAI-Compress\data\hybrid_selector\synthetic\high_entropy_4096KiB.rand,validation
brotli,6,brotli|6|identity,identity,7.01904296875,0.004209699996863492,0.0004670000053010881,smallest,0.010160040642814925,82ed7d44289a1eae39da,video,real:engines\XAI-Compress\data\test\archive (1)\FaceForensics++_C23\DeepFakeDetection\02_06__walking_and_outside_surprised__N8OSN8P6.mp4,train
zstd,6,zstd|6|identity,identity,7.2862548828125,0.0011961999989580363,3.5599994589574635e-05,fastest,0.016487992607792122,82ed7d44289a1eae39da,video,real:engines\XAI-Compress\data\test\archive (1)\FaceForensics++_C23\DeepFakeDetection\02_06__walking_and_outside_surprised__N8OSN8P6.mp4,train
brotli,6,brotli|6|identity,identity,7.01904296875,0.004209699996863492,0.0004670000053010881,balanced,0.017621566602699736,82ed7d44289a1eae39da,video,real:engines\XAI-Compress\data\test\archive (1)\FaceForensics++_C23\DeepFakeDetection\02_06__walking_and_outside_surprised__N8OSN8P6.mp4,train
brotli,11,brotli|11|identity,identity,6.2153846153846155,0.0018031999934464693,2.950000634882599e-05,smallest,0.007101300325222862,82fef15f89768527cbc0,source_code,real:engines\XAI-Compress\results\model_search\imports\auto\lr-0-0002-f316e33308\v1\XAI-Compress\scripts\kaggle\sync_model.ps1,train
raw,,raw|default|identity,identity,8.0,9.000010322779417e-06,5.399997462518513e-06,fastest,0.01746987951807229,82fef15f89768527cbc0,source_code,real:engines\XAI-Compress\results\model_search\imports\auto\lr-0-0002-f316e33308\v1\XAI-Compress\scripts\kaggle\sync_model.ps1,train
brotli,4,brotli|4|identity,identity,7.076923076923077,9.820000559557229e-05,2.4200009647756815e-05,balanced,0.11401986156956627,82fef15f89768527cbc0,source_code,real:engines\XAI-Compress\results\model_search\imports\auto\lr-0-0002-f316e33308\v1\XAI-Compress\scripts\kaggle\sync_model.ps1,train
raw,,raw|default|identity,identity,8.0,3.1999952625483274e-06,2.6000052457675338e-06,smallest,0.0,83006c8d53bccd432146,logs,real:engines\XAI-Compress\.test-tmp\final-all\test_package_filter_and_metada0\project\run.log,test
raw,,raw|default|identity,identity,8.0,3.1999952625483274e-06,2.6000052457675338e-06,fastest,0.0,83006c8d53bccd432146,logs,real:engines\XAI-Compress\.test-tmp\final-all\test_package_filter_and_metada0\project\run.log,test
raw,,raw|default|identity,identity,8.0,3.1999952625483274e-06,2.6000052457675338e-06,balanced,0.0,83006c8d53bccd432146,logs,real:engines\XAI-Compress\.test-tmp\final-all\test_package_filter_and_metada0\project\run.log,test
brotli,11,brotli|11|identity,identity,3.1353535353535356,0.007420099995215423,5.8200006606057286e-05,smallest,0.01592700887584205,83e871b090051df2276e,source_code,real:apps\desktop_flutter\lib\main.dart,train
zstd,6,zstd|6|identity,identity,3.8626262626262626,7.300000288523734e-05,1.5999990864656866e-05,fastest,0.018836466082522586,83e871b090051df2276e,source_code,real:apps\desktop_flutter\lib\main.dart,train
deflate,9,deflate|9|identity,identity,3.684848484848485,0.00012430000060703605,2.5200002710334957e-05,balanced,0.06336291177059615,83e871b090051df2276e,source_code,real:apps\desktop_flutter\lib\main.dart,train
brotli,6,brotli|6|identity,identity,0.8838810641627542,0.0016471999988425523,5.7900004321709275e-05,smallest,0.0077014749532620976,84ba1960ce1fc100d002,source_code,real:apps\mobile_authenticator_flutter\.dart_tool\flutter_build\dart_plugin_registrant.dart,train
zstd,3,zstd|3|identity,identity,1.0491392801251955,6.749999010935426e-05,2.7300004148855805e-05,fastest,0.004033927749769104,84ba1960ce1fc100d002,source_code,real:apps\mobile_authenticator_flutter\.dart_tool\flutter_build\dart_plugin_registrant.dart,train
zstd,6,zstd|6|identity,identity,0.9577464788732394,0.00015359999088104814,3.130000550299883e-05,balanced,0.010361645489250112,84ba1960ce1fc100d002,source_code,real:apps\mobile_authenticator_flutter\.dart_tool\flutter_build\dart_plugin_registrant.dart,train
brotli,6,brotli|6|identity,identity,7.4112548828125,0.003599400006351061,0.0006380999984685332,smallest,0.013675127362776903,84dcd2e350a766eef717,video,real:engines\XAI-Compress\data\test\archive (1)\FaceForensics++_C23\DeepFakeDetection\03_26__walk_down_hall_angry__WBSXBL82.mp4,test
zstd,3,zstd|3|identity,identity,7.576904296875,0.0005493000062415376,3.440000000409782e-05,fastest,0.01587812010033354,84dcd2e350a766eef717,video,real:engines\XAI-Compress\data\test\archive (1)\FaceForensics++_C23\DeepFakeDetection\03_26__walk_down_hall_angry__WBSXBL82.mp4,test
brotli,6,brotli|6|identity,identity,7.4112548828125,0.003599400006351061,0.0006380999984685332,balanced,0.021133799713845068,84dcd2e350a766eef717,video,real:engines\XAI-Compress\data\test\archive (1)\FaceForensics++_C23\DeepFakeDetection\03_26__walk_down_hall_angry__WBSXBL82.mp4,test
brotli,11,brotli|11|identity,identity,2.7021630615640597,0.007418599998345599,4.2800005758181214e-05,smallest,0.016127607581687426,85038c25de0aecbb51b8,source_code,real:apps\mobile_authenticator_flutter\android\gradlew.bat,train
zstd,3,zstd|3|identity,identity,3.3743760399334444,5.649999366141856e-05,2.1500003640539944e-05,fastest,0.01965421907649932,85038c25de0aecbb51b8,source_code,real:apps\mobile_authenticator_flutter\android\gradlew.bat,train
deflate,9,deflate|9|identity,identity,3.1980033277870215,0.00013349999790079892,2.5999994250014424e-05,balanced,0.05604087445718772,85038c25de0aecbb51b8,source_code,real:apps\mobile_authenticator_flutter\android\gradlew.bat,train
lzma2,6,lzma2|6|identity,identity,3.630267753201397,0.021744300000136718,0.002703499994822778,smallest,0.013923669866687737,8532a7e7c38dfc36aa1a,executable,real:apps\admin_dotnet\bin\Debug\net8.0\Microsoft.Extensions.AmbientMetadata.Application.dll,test
deflate,1,deflate|1|identity,identity,4.609080325960419,0.000185500000952743,8.369999704882503e-05,fastest,0.017806675335675898,8532a7e7c38dfc36aa1a,executable,real:apps\admin_dotnet\bin\Debug\net8.0\Microsoft.Extensions.AmbientMetadata.Application.dll,test
zstd,9,zstd|9|identity,identity,3.9832363213038415,0.0017503999988548458,0.00015690000145696104,balanced,0.0484100648510448,8532a7e7c38dfc36aa1a,executable,real:apps\admin_dotnet\bin\Debug\net8.0\Microsoft.Extensions.AmbientMetadata.Application.dll,test
raw,,raw|default|identity,identity,8.0,4.7000066842883825e-06,3.500012098811567e-06,smallest,0.0,86001d08743dd5e4d3a3,archive,real:apps\public_nextjs\.next\cache\webpack\client-development\3.pack.gz,train
raw,,raw|default|identity,identity,8.0,4.7000066842883825e-06,3.500012098811567e-06,fastest,0.0,86001d08743dd5e4d3a3,archive,real:apps\public_nextjs\.next\cache\webpack\client-development\3.pack.gz,train
raw,,raw|default|identity,identity,8.0,4.7000066842883825e-06,3.500012098811567e-06,balanced,0.0,86001d08743dd5e4d3a3,archive,real:apps\public_nextjs\.next\cache\webpack\client-development\3.pack.gz,train
brotli,11,brotli|11|identity,identity,2.0892624600449863,0.04412190000584815,0.00019299999985378236,smallest,0.015556318275087827,86073c09755fa20522e5,json,real:engines\XAI-Compress\results\hybrid_ai\final_status.json,train
zstd,3,zstd|3|identity,identity,2.626257843021191,0.00016850000247359276,5.330001295078546e-05,fastest,0.0093633932957479,86073c09755fa20522e5,json,real:engines\XAI-Compress\results\hybrid_ai\final_status.json,train
zstd,6,zstd|6|identity,identity,2.4965076358470464,0.0003913999971700832,5.0099988584406674e-05,balanced,0.03543971887784927,86073c09755fa20522e5,json,real:engines\XAI-Compress\results\hybrid_ai\final_status.json,train
brotli,6,brotli|6|identity,identity,6.3997802734375,0.004131200010306202,0.0006119000026956201,smallest,0.0011821818688344025,866395b996ea2cb4975f,video,real:engines\XAI-Compress\data\test\archive (1)\FaceForensics++_C23\DeepFakeDetection\02_06__talking_angry_couch__J1W9R0NG.mp4,train
zstd,1,zstd|1|identity,identity,6.6639404296875,0.00029240000003483146,0.0002099999983329326,fastest,0.013527631997160151,866395b996ea2cb4975f,video,real:engines\XAI-Compress\data\test\archive (1)\FaceForensics++_C23\DeepFakeDetection\02_06__talking_angry_couch__J1W9R0NG.mp4,train
brotli,6,brotli|6|identity,identity,6.3997802734375,0.004131200010306202,0.0006119000026956201,balanced,0.01536218644122976,866395b996ea2cb4975f,video,real:engines\XAI-Compress\data\test\archive (1)\FaceForensics++_C23\DeepFakeDetection\02_06__talking_angry_couch__J1W9R0NG.mp4,train
brotli,11,brotli|11|identity,identity,2.121173469387755,0.022007299994584173,0.00010289999772794545,smallest,0.015713874907007926,8666f46999d7960703d7,source_code,real:engines\XAI-Compress\results\model_search\imports\auto\lr-0-0002-f316e33308\v1\XAI-Compress\scripts\model_search_orchestrator.py,validation
zstd,3,zstd|3|identity,identity,2.5931122448979593,0.0001303000026382506,4.449998959898949e-05,fastest,0.012624906892024116,8666f46999d7960703d7,source_code,real:engines\XAI-Compress\results\model_search\imports\auto\lr-0-0002-f316e33308\v1\XAI-Compress\scripts\model_search_orchestrator.py,validation
deflate,6,deflate|6|identity,identity,2.419642857142857,0.0002663999912329018,5.390000296756625e-05,balanced,0.031236290939578044,8666f46999d7960703d7,source_code,real:engines\XAI-Compress\results\model_search\imports\auto\lr-0-0002-f316e33308\v1\XAI-Compress\scripts\model_search_orchestrator.py,validation
brotli,6,brotli|6|identity,identity,6.2977294921875,0.0037523999926634133,0.0005837000062456354,smallest,0.0034484600658031424,869be3615ccae84d9d4e,video,real:engines\XAI-Compress\data\test\archive (1)\FaceForensics++_C23\DeepFakeDetection\06_14__walking_down_indoor_hall_disgust__8U9ULZDT.mp4,train
zstd,3,zstd|3|identity,identity,6.635986328125,0.00040689999877940863,3.330000618007034e-05,fastest,0.011514292883046002,869be3615ccae84d9d4e,video,real:engines\XAI-Compress\data\test\archive (1)\FaceForensics++_C23\DeepFakeDetection\06_14__walking_down_indoor_hall_disgust__8U9ULZDT.mp4,train
brotli,6,brotli|6|identity,identity,6.2977294921875,0.0037523999926634133,0.0005837000062456354,balanced,0.01766000065412671,869be3615ccae84d9d4e,video,real:engines\XAI-Compress\data\test\archive (1)\FaceForensics++_C23\DeepFakeDetection\06_14__walking_down_indoor_hall_disgust__8U9ULZDT.mp4,train
raw,,raw|default|identity,identity,8.0,2.7999922167509794e-06,2.4000037228688598e-06,smallest,0.0,86aebd2a6ca744d6ce03,archive,real:apps\public_nextjs\.next\cache\webpack\client-development\2.pack.gz,test
raw,,raw|default|identity,identity,8.0,2.7999922167509794e-06,2.4000037228688598e-06,fastest,0.0,86aebd2a6ca744d6ce03,archive,real:apps\public_nextjs\.next\cache\webpack\client-development\2.pack.gz,test
raw,,raw|default|identity,identity,8.0,2.7999922167509794e-06,2.4000037228688598e-06,balanced,0.0,86aebd2a6ca744d6ce03,archive,real:apps\public_nextjs\.next\cache\webpack\client-development\2.pack.gz,test
brotli,11,brotli|11|identity,identity,3.89237668161435,0.0032956000068224967,3.569999535102397e-05,smallest,0.008479417123654145,86e2ae34a999cf3cfaef,xml,real:apps\mobile_authenticator_flutter\android\app\src\main\res\drawable\launch_background.xml,validation
zstd,6,zstd|6|identity,identity,5.165919282511211,2.469999890308827e-05,7.099995855242014e-06,fastest,0.024012304964746847,86e2ae34a999cf3cfaef,xml,real:apps\mobile_authenticator_flutter\android\app\src\main\res\drawable\launch_background.xml,validation
brotli,6,brotli|6|identity,identity,4.0,0.0010019000037573278,3.8300000596791506e-05,balanced,0.08365308540170799,86e2ae34a999cf3cfaef,xml,real:apps\mobile_authenticator_flutter\android\app\src\main\res\drawable\launch_background.xml,validation
brotli,6,brotli|6|identity,identity,6.7818603515625,0.0020767000096384436,0.00022570000146515667,smallest,0.017832847862645735,87116483cc9b22ebfb89,video,real:engines\XAI-Compress\data\test\archive (1)\FaceForensics++_C23\DeepFakeDetection\03_14__meeting_serious__KJ221YN0.mp4,train
brotli,6,brotli|6|identity,identity,6.7818603515625,0.0020767000096384436,0.00022570000146515667,fastest,0.010301020896290524,87116483cc9b22ebfb89,video,real:engines\XAI-Compress\data\test\archive (1)\FaceForensics++_C23\DeepFakeDetection\03_14__meeting_serious__KJ221YN0.mp4,train
brotli,6,brotli|6|identity,identity,6.7818603515625,0.0020767000096384436,0.00022570000146515667,balanced,0.014640882262410636,87116483cc9b22ebfb89,video,real:engines\XAI-Compress\data\test\archive (1)\FaceForensics++_C23\DeepFakeDetection\03_14__meeting_serious__KJ221YN0.mp4,train
brotli,11,brotli|11|identity,identity,6.7872902534809,0.18544530001236126,0.000738300004741177,smallest,0.01783816147906783,877d1082be38e6b19065,model,real:engines\XAI-Compress\.test-tmp\full-rust-resume\test_neural_gru_roundtrip0\tiny.pt,test
zstd,9,zstd|9|identity,identity,6.995215994287754,0.0005281000048853457,0.0001019000046653673,fastest,0.016742569658554512,877d1082be38e6b19065,model,real:engines\XAI-Compress\.test-tmp\full-rust-resume\test_neural_gru_roundtrip0\tiny.pt,test
brotli,6,brotli|6|identity,identity,6.860978222063549,0.002828199998475611,0.0004864999937126413,balanced,0.05678593929528693,877d1082be38e6b19065,model,real:engines\XAI-Compress\.test-tmp\full-rust-resume\test_neural_gru_roundtrip0\tiny.pt,test
brotli,11,brotli|11|identity,identity,3.6736842105263157,0.004700300007243641,4.6899993321858346e-05,smallest,0.011322145471682914,88096db480fdd1377254,binary,real:apps\admin_dotnet\Components\Pages\Audit.razor,train
zstd,3,zstd|3|identity,identity,4.8,5.539999983739108e-05,2.130000211764127e-05,fastest,0.03639565876185136,88096db480fdd1377254,binary,real:apps\admin_dotnet\Components\Pages\Audit.razor,train
deflate,9,deflate|9|identity,identity,4.5473684210526315,9.830000635702163e-05,2.439999661874026e-05,balanced,0.11254403462760582,88096db480fdd1377254,binary,real:apps\admin_dotnet\Components\Pages\Audit.razor,train
brotli,11,brotli|11|identity,identity,4.214698596201487,0.08138309999776538,0.000338700003339909,smallest,0.01727626990780835,8821d5b6f328c08f521a,executable,real:apps\admin_dotnet\bin\Debug\net8.0\Microsoft.IdentityModel.Abstractions.dll,validation
zstd,3,zstd|3|identity,identity,4.674236168455821,0.0003453999961493537,9.139999747276306e-05,fastest,0.018712361252305344,8821d5b6f328c08f521a,executable,real:apps\admin_dotnet\bin\Debug\net8.0\Microsoft.IdentityModel.Abstractions.dll,validation
zstd,9,zstd|9|identity,identity,4.552436003303056,0.0009136000007856637,9.190000128000975e-05,balanced,0.05148412356820966,8821d5b6f328c08f521a,executable,real:apps\admin_dotnet\bin\Debug\net8.0\Microsoft.IdentityModel.Abstractions.dll,validation
brotli,11,brotli|11|identity,identity,2.8224455611390287,0.024743900008616038,0.00015520000306423753,smallest,0.016146733385824442,882f56fc623f0620338f,source_code,real:engines\XAI-Compress\results\model_search\imports\auto\lr-0-0002-f316e33308\v1\XAI-Compress\rust-core\src\lib.rs,train
zstd,3,zstd|3|identity,identity,3.2462311557788945,0.00012419999984558672,4.030000127386302e-05,fastest,0.01179110707949951,882f56fc623f0620338f,source_code,real:engines\XAI-Compress\results\model_search\imports\auto\lr-0-0002-f316e33308\v1\XAI-Compress\rust-core\src\lib.rs,train
deflate,9,deflate|9|identity,identity,3.090452261306533,0.0002727000101003796,4.470000567380339e-05,balanced,0.0306484285932416,882f56fc623f0620338f,source_code,real:engines\XAI-Compress\results\model_search\imports\auto\lr-0-0002-f316e33308\v1\XAI-Compress\rust-core\src\lib.rs,train
brotli,11,brotli|11|identity,identity,1.752685546875,0.26451920000545215,0.0005623000033665448,smallest,0.015531815585917198,884139265de82041bd29,binary,real:apps\web_angular\.angular\cache\20.3.28\xai-web\vite\deps\chunk-UZLFQOR7.js.map,train
deflate,6,deflate|6|identity,identity,2.046142578125,0.0009962000040104613,9.980000322684646e-05,fastest,0.006304076486956741,884139265de82041bd29,binary,real:apps\web_angular\.angular\cache\20.3.28\xai-web\vite\deps\chunk-UZLFQOR7.js.map,train
deflate,6,deflate|6|identity,identity,2.046142578125,0.0009962000040104613,9.980000322684646e-05,balanced,0.023478337805096644,884139265de82041bd29,binary,real:apps\web_angular\.angular\cache\20.3.28\xai-web\vite\deps\chunk-UZLFQOR7.js.map,train
brotli,6,brotli|6|identity,identity,6.4471435546875,0.004325400004745461,0.0005620000010821968,smallest,0.011685539852284004,885c13650ecc53470ddb,video,real:engines\XAI-Compress\data\test\archive (1)\FaceForensics++_C23\DeepFakeDetection\06_12__podium_speech_happy__0VR4Y891.mp4,validation
zstd,3,zstd|3|identity,identity,6.8150634765625,0.00044169998727738857,4.08000050811097e-05,fastest,0.014015969750310817,885c13650ecc53470ddb,video,real:engines\XAI-Compress\data\test\archive (1)\FaceForensics++_C23\DeepFakeDetection\06_12__podium_speech_happy__0VR4Y891.mp4,validation
brotli,6,brotli|6|identity,identity,6.4471435546875,0.004325400004745461,0.0005620000010821968,balanced,0.021391995422751945,885c13650ecc53470ddb,video,real:engines\XAI-Compress\data\test\archive (1)\FaceForensics++_C23\DeepFakeDetection\06_12__podium_speech_happy__0VR4Y891.mp4,validation
brotli,6,brotli|6|identity,identity,7.293212890625,0.0038782999909017235,0.000566999995498918,smallest,0.004707497863839162,88a951ed71674589fa0d,video,real:engines\XAI-Compress\data\test\archive (1)\FaceForensics++_C23\DeepFakeDetection\01_20__hugging_happy__FW94AIMJ.mp4,train
zstd,3,zstd|3|identity,identity,7.4659423828125,0.00041290000081062317,3.160000778734684e-05,fastest,0.013790440939647838,88a951ed71674589fa0d,video,real:engines\XAI-Compress\data\test\archive (1)\FaceForensics++_C23\DeepFakeDetection\01_20__hugging_happy__FW94AIMJ.mp4,train
brotli,6,brotli|6|identity,identity,7.293212890625,0.0038782999909017235,0.000566999995498918,balanced,0.017006599283707895,88a951ed71674589fa0d,video,real:engines\XAI-Compress\data\test\archive (1)\FaceForensics++_C23\DeepFakeDetection\01_20__hugging_happy__FW94AIMJ.mp4,train
brotli,6,brotli|6|identity,identity,6.59814453125,0.0033552999957464635,0.0005567000043811277,smallest,0.002497892067562799,88bbae167711c9953c27,video,real:engines\XAI-Compress\data\test\archive (1)\FaceForensics++_C23\DeepFakeDetection\03_27__walking_and_outside_surprised__KWGI1LSZ.mp4,train
zstd,3,zstd|3|identity,identity,6.864501953125,0.00015500000154133886,1.2100004823878407e-05,fastest,0.01007912515535855,88bbae167711c9953c27,video,real:engines\XAI-Compress\data\test\archive (1)\FaceForensics++_C23\DeepFakeDetection\03_27__walking_and_outside_surprised__KWGI1LSZ.mp4,train
brotli,6,brotli|6|identity,identity,6.59814453125,0.0033552999957464635,0.0005567000043811277,balanced,0.015799375466015658,88bbae167711c9953c27,video,real:engines\XAI-Compress\data\test\archive (1)\FaceForensics++_C23\DeepFakeDetection\03_27__walking_and_outside_surprised__KWGI1LSZ.mp4,train
bzip2,9,bzip2|9|identity,identity,1.869384765625,0.011439699999755248,0.003907099991920404,smallest,0.011241185213285482,890f7fc757c4c8a13c00,binary,real:apps\web_angular\.angular\cache\20.3.28\xai-web\vite\deps\@angular_router.js.map,train
zstd,3,zstd|3|identity,identity,2.3121337890625,0.0009441000001970679,0.0002592999953776598,fastest,0.01041245832724887,890f7fc757c4c8a13c00,binary,real:apps\web_angular\.angular\cache\20.3.28\xai-web\vite\deps\@angular_router.js.map,train
deflate,6,deflate|6|identity,identity,2.116943359375,0.002750900006503798,0.0002803000097628683,balanced,0.02801265388009002,890f7fc757c4c8a13c00,binary,real:apps\web_angular\.angular\cache\20.3.28\xai-web\vite\deps\@angular_router.js.map,train
brotli,11,brotli|11|identity,identity,6.785290967511603,0.21117239999875892,0.0007010000117588788,smallest,0.01765922274540298,8973908d1495ed1d9bf5,model,real:engines\XAI-Compress\.test-tmp\kaggle-workflow\test_neural_rans_roundtrip0\tiny.pt,train
zstd,6,zstd|6|identity,identity,6.98978936094252,0.0005169999931240454,0.0001016000023810193,fastest,0.016197563726561375,8973908d1495ed1d9bf5,model,real:engines\XAI-Compress\.test-tmp\kaggle-workflow\test_neural_rans_roundtrip0\tiny.pt,train
brotli,6,brotli|6|identity,identity,6.859835772938236,0.00288840000575874,0.0005037999944761395,balanced,0.0571359537403697,8973908d1495ed1d9bf5,model,real:engines\XAI-Compress\.test-tmp\kaggle-workflow\test_neural_rans_roundtrip0\tiny.pt,train
brotli,6,brotli|6|identity,identity,6.6787109375,0.004092300005140714,0.0006107999943196774,smallest,0.013770365971686021,89751c3940e0f2a73f03,video,real:engines\XAI-Compress\data\test\archive (1)\FaceForensics++_C23\DeepFakeDetection\01_27__meeting_serious__ZYCZ30C0.mp4,train
zstd,3,zstd|3|identity,identity,6.9200439453125,0.00041880000208038837,3.159999323543161e-05,fastest,0.010975229351111261,89751c3940e0f2a73f03,video,real:engines\XAI-Compress\data\test\archive (1)\FaceForensics++_C23\DeepFakeDetection\01_27__meeting_serious__ZYCZ30C0.mp4,train
brotli,6,brotli|6|identity,identity,6.6787109375,0.004092300005140714,0.0006107999943196774,balanced,0.022263347459555115,89751c3940e0f2a73f03,video,real:engines\XAI-Compress\data\test\archive (1)\FaceForensics++_C23\DeepFakeDetection\01_27__meeting_serious__ZYCZ30C0.mp4,train
brotli,6,brotli|6|identity,identity,7.2342529296875,0.003727900009835139,0.0005194999976083636,smallest,0.019622770671473784,8993fec2ec7fa19217d5,video,real:engines\XAI-Compress\data\test\archive (1)\FaceForensics++_C23\DeepFakeDetection\06_12__outside_talking_pan_laughing__3K21NFNM.mp4,train
zstd,3,zstd|3|identity,identity,7.4263916015625,0.0003918999864254147,2.510000194888562e-05,fastest,0.014129620959845792,8993fec2ec7fa19217d5,video,real:engines\XAI-Compress\data\test\archive (1)\FaceForensics++_C23\DeepFakeDetection\06_12__outside_talking_pan_laughing__3K21NFNM.mp4,train
brotli,6,brotli|6|identity,identity,7.2342529296875,0.003727900009835139,0.0005194999976083636,balanced,0.02082842736584382,8993fec2ec7fa19217d5,video,real:engines\XAI-Compress\data\test\archive (1)\FaceForensics++_C23\DeepFakeDetection\06_12__outside_talking_pan_laughing__3K21NFNM.mp4,train
brotli,11,brotli|11|identity,identity,2.90173775671406,0.02483330000541173,0.00015079999866429716,smallest,0.015995506652373204,8a329048e6e90bc5e436,markdown,real:engines\XAI-Compress\results\model_search\imports\auto\lr-0-0002-f316e33308\v1\XAI-Compress\scripts\kaggle\README.md,test
zstd,1,zstd|1|identity,identity,3.6928909952606634,0.00012029999925289303,4.529999569058418e-05,fastest,0.01554153871099423,8a329048e6e90bc5e436,markdown,real:engines\XAI-Compress\results\model_search\imports\auto\lr-0-0002-f316e33308\v1\XAI-Compress\scripts\kaggle\README.md,test
deflate,6,deflate|6|identity,identity,3.5260663507109005,0.000331600007484667,6.549998943228275e-05,balanced,0.0646713566007647,8a329048e6e90bc5e436,markdown,real:engines\XAI-Compress\results\model_search\imports\auto\lr-0-0002-f316e33308\v1\XAI-Compress\scripts\kaggle\README.md,test
brotli,11,brotli|11|identity,identity,1.6023571297035173,0.24155219999374822,0.000528200005646795,smallest,0.015367454377670085,8a6c55aac653455c5616,source_code,real:apps\web_angular\.angular\cache\20.3.28\xai-web\vite\deps\chunk-UZLFQOR7.js,train
zstd,3,zstd|3|identity,identity,2.028359216745442,0.00031489999673794955,8.690000686328858e-05,fastest,0.005156429621248685,8a6c55aac653455c5616,source_code,real:apps\web_angular\.angular\cache\20.3.28\xai-web\vite\deps\chunk-UZLFQOR7.js,train
brotli,6,brotli|6|identity,identity,1.7833159413172917,0.00309880000713747,0.0002310999989276752,balanced,0.018706323338077115,8a6c55aac653455c5616,source_code,real:apps\web_angular\.angular\cache\20.3.28\xai-web\vite\deps\chunk-UZLFQOR7.js,train
brotli,11,brotli|11|identity,identity,2.62548828125,0.26131799998984206,0.0007592000038130209,smallest,0.01569290015529752,8abb57b457777e88f55e,source_code,real:apps\public_nextjs\.next\static\chunks\polyfills.js,test
deflate,6,deflate|6|identity,identity,2.9324951171875,0.0014770999987376854,0.00015040001017041504,fastest,0.00876153161328291,8abb57b457777e88f55e,source_code,real:apps\public_nextjs\.next\static\chunks\polyfills.js,test
deflate,9,deflate|9|identity,identity,2.9046630859375,0.0017539999971631914,0.00014609999198000878,balanced,0.027125593945136455,8abb57b457777e88f55e,source_code,real:apps\public_nextjs\.next\static\chunks\polyfills.js,test
brotli,11,brotli|11|identity,identity,3.2959381044487426,0.005863600003067404,4.9600013880990446e-05,smallest,0.011609955440661011,8c67aa317a8b8c7766c6,source_code,real:apps\web_angular\src\app\pages\shares.page.ts,train
zstd,6,zstd|6|identity,identity,4.4100580270793035,9.06000059330836e-05,2.2499996703118086e-05,fastest,0.0304917699490021,8c67aa317a8b8c7766c6,source_code,real:apps\web_angular\src\app\pages\shares.page.ts,train
deflate,9,deflate|9|identity,identity,4.2398452611218564,0.00010810000821948051,2.61999957729131e-05,balanced,0.10566376280928039,8c67aa317a8b8c7766c6,source_code,real:apps\web_angular\src\app\pages\shares.page.ts,train
brotli,6,brotli|6|identity,identity,7.1162109375,0.0040166999970097095,0.0005134999955771491,smallest,0.005320602174063488,8d02840613127134f739,video,real:engines\XAI-Compress\data\test\archive (1)\FaceForensics++_C23\DeepFakeDetection\02_15__hugging_happy__MZWH8ATN.mp4,validation
zstd,6,zstd|6|identity,identity,7.3270263671875,0.0010975000041071326,3.440000000409782e-05,fastest,0.014420055074280668,8d02840613127134f739,video,real:engines\XAI-Compress\data\test\archive (1)\FaceForensics++_C23\DeepFakeDetection\02_15__hugging_happy__MZWH8ATN.mp4,validation
brotli,6,brotli|6|identity,identity,7.1162109375,0.0040166999970097095,0.0005134999955771491,balanced,0.015747169440780372,8d02840613127134f739,video,real:engines\XAI-Compress\data\test\archive (1)\FaceForensics++_C23\DeepFakeDetection\02_15__hugging_happy__MZWH8ATN.mp4,validation
lzma2,6,lzma2|6|identity,identity,3.1679066374908826,0.03150230000028387,0.0036591999960364774,smallest,0.012558375152285417,8d553310b8a9de4e27bc,executable,real:apps\admin_dotnet\bin\Debug\net8.0\Microsoft.Extensions.Telemetry.Abstractions.dll,train
zstd,3,zstd|3|identity,identity,3.9061998541210796,0.0008699000027263537,0.00024149999080691487,fastest,0.02144289046403804,8d553310b8a9de4e27bc,executable,real:apps\admin_dotnet\bin\Debug\net8.0\Microsoft.Extensions.Telemetry.Abstractions.dll,train
brotli,6,brotli|6|identity,identity,3.4656455142231946,0.005463699999381788,0.0006672000017715618,balanced,0.060015347012803505,8d553310b8a9de4e27bc,executable,real:apps\admin_dotnet\bin\Debug\net8.0\Microsoft.Extensions.Telemetry.Abstractions.dll,train
brotli,11,brotli|11|identity,identity,4.158415841584159,0.001970700002857484,3.060000017285347e-05,smallest,0.007487681774276401,8d77bfb4ae49e142fd5d,json,real:engines\XAI-Compress\.test-tmp\numerics\b.json,train
deflate,1,deflate|1|identity,identity,5.148514851485149,3.819999983534217e-05,1.1099997209385037e-05,fastest,0.03272685094804841,8d77bfb4ae49e142fd5d,json,real:engines\XAI-Compress\.test-tmp\numerics\b.json,train
brotli,4,brotli|4|identity,identity,4.356435643564357,9.40000027185306e-05,2.19999928958714e-05,balanced,0.060639528526903144,8d77bfb4ae49e142fd5d,json,real:engines\XAI-Compress\.test-tmp\numerics\b.json,train
brotli,11,brotli|11|identity,identity,2.5978898007034,0.0055607000103918836,3.940000897273421e-05,smallest,0.011623687034149453,8db4d6ef55810714544e,json,real:apps\web_angular\package.json,train
deflate,1,deflate|1|identity,identity,3.7327080890973034,4.439998883754015e-05,1.6699996194802225e-05,fastest,0.023808014878114764,8db4d6ef55810714544e,json,real:apps\web_angular\package.json,train
deflate,9,deflate|9|identity,identity,3.0011723329425557,9.139999747276306e-05,2.309998671989888e-05,balanced,0.04888544945335783,8db4d6ef55810714544e,json,real:apps\web_angular\package.json,train
lzma2,6,lzma2|6|identity,identity,1.3756635223315414,0.027329699994879775,0.0019739999988814816,smallest,0.009081534080987129,8dce3e79633998fc156e,source_code,real:apps\public_nextjs\.next\server\vendor-chunks\lucide-react.js,train
zstd,1,zstd|1|identity,identity,1.6208540419920885,0.00039319999632425606,0.00014689999807160348,fastest,0.0053082314670967355,8dce3e79633998fc156e,source_code,real:apps\public_nextjs\.next\server\vendor-chunks\lucide-react.js,train
zstd,9,zstd|9|identity,identity,1.4597829394461912,0.0021733000030508265,0.00013130001025274396,balanced,0.012932608623858463,8dce3e79633998fc156e,source_code,real:apps\public_nextjs\.next\server\vendor-chunks\lucide-react.js,train
brotli,9,brotli|9|identity,identity,7.58349609375,0.02773850000812672,0.0005964000010862947,smallest,0.01121732989029471,8e0163f8d08517f2bfbd,video,real:engines\XAI-Compress\data\test\archive (1)\FaceForensics++_C23\DeepFakeDetection\01_12__outside_talking_pan_laughing__TNI7KUZ6.mp4,test
zstd,1,zstd|1|identity,identity,7.740966796875,0.0003375999949639663,2.950000634882599e-05,fastest,0.017541813878143884,8e0163f8d08517f2bfbd,video,real:engines\XAI-Compress\data\test\archive (1)\FaceForensics++_C23\DeepFakeDetection\01_12__outside_talking_pan_laughing__TNI7KUZ6.mp4,test
brotli,6,brotli|6|identity,identity,7.5843505859375,0.0037921999901300296,0.0005935999943176284,balanced,0.024322469542517374,8e0163f8d08517f2bfbd,video,real:engines\XAI-Compress\data\test\archive (1)\FaceForensics++_C23\DeepFakeDetection\01_12__outside_talking_pan_laughing__TNI7KUZ6.mp4,test
brotli,9,brotli|9|identity,identity,7.66650390625,0.027723799998057075,0.0005459999956656247,smallest,0.014515982344763954,8e03fd378df7497cdf96,video,real:engines\XAI-Compress\data\test\archive (1)\FaceForensics++_C23\DeepFakeDetection\01_27__walking_outside_cafe_disgusted__ZYCZ30C0.mp4,train
zstd,1,zstd|1|identity,identity,7.75146484375,0.0003367999888723716,3.4500000765547156e-05,fastest,0.010767419124824602,8e03fd378df7497cdf96,video,real:engines\XAI-Compress\data\test\archive (1)\FaceForensics++_C23\DeepFakeDetection\01_27__walking_outside_cafe_disgusted__ZYCZ30C0.mp4,train
brotli,6,brotli|6|identity,identity,7.6688232421875,0.0037254000053508207,0.0005840000085299835,balanced,0.026489335249625486,8e03fd378df7497cdf96,video,real:engines\XAI-Compress\data\test\archive (1)\FaceForensics++_C23\DeepFakeDetection\01_27__walking_outside_cafe_disgusted__ZYCZ30C0.mp4,train
brotli,6,brotli|6|identity,identity,6.285714285714286,0.0004293000092729926,2.370000584051013e-05,smallest,0.0020131323381565192,8e5bc14a2f4a61bf220c,source_code,real:apps\public_nextjs\.next\server\server-reference-manifest.js,train
deflate,9,deflate|9|identity,identity,6.857142857142857,4.579999949783087e-05,7.499998901039362e-06,fastest,0.014745067121909594,8e5bc14a2f4a61bf220c,source_code,real:apps\public_nextjs\.next\server\server-reference-manifest.js,train
brotli,6,brotli|6|identity,identity,6.285714285714286,0.0004293000092729926,2.370000584051013e-05,balanced,0.03202309276295048,8e5bc14a2f4a61bf220c,source_code,real:apps\public_nextjs\.next\server\server-reference-manifest.js,train
raw,,raw|default|identity,identity,8.0,3.7999998312443495e-06,2.6000052457675338e-06,smallest,0.0,8ed090378fe3e6102e3c,binary,real:engines\XAI-Compress\.test-tmp\final-all\test_package_filter_and_metada0\project\data\train\huge.bin,train
raw,,raw|default|identity,identity,8.0,3.7999998312443495e-06,2.6000052457675338e-06,fastest,0.0,8ed090378fe3e6102e3c,binary,real:engines\XAI-Compress\.test-tmp\final-all\test_package_filter_and_metada0\project\data\train\huge.bin,train
raw,,raw|default|identity,identity,8.0,3.7999998312443495e-06,2.6000052457675338e-06,balanced,0.0,8ed090378fe3e6102e3c,binary,real:engines\XAI-Compress\.test-tmp\final-all\test_package_filter_and_metada0\project\data\train\huge.bin,train
brotli,11,brotli|11|identity,identity,2.7466496490108487,0.013284400003612973,7.729999197181314e-05,smallest,0.01571507108337558,8f63e3e359c7057d573c,source_code,real:engines\XAI-Compress\results\model_search\imports\auto\lr-0-0002-f316e33308\v1\XAI-Compress\scripts\model_v2_audit.py,train
zstd,3,zstd|3|identity,identity,3.2316528398213147,9.73999995039776e-05,3.3899996196851134e-05,fastest,0.01404838940846775,8f63e3e359c7057d573c,source_code,real:engines\XAI-Compress\results\model_search\imports\auto\lr-0-0002-f316e33308\v1\XAI-Compress\scripts\model_v2_audit.py,train
deflate,6,deflate|6|identity,identity,3.078493937460115,0.00018390000332146883,4.129999433644116e-05,balanced,0.037348813454108176,8f63e3e359c7057d573c,source_code,real:engines\XAI-Compress\results\model_search\imports\auto\lr-0-0002-f316e33308\v1\XAI-Compress\scripts\model_v2_audit.py,train
brotli,6,brotli|6|identity,identity,2.434399117971334,0.002130000008037314,8.789999992586672e-05,smallest,0.01470940640248485,8f9ff5817f4fd86dfc8c,image,real:engines\XAI-Compress\results\hybrid_ai\figures\07_codec_selection_distribution.png,train
zstd,6,zstd|6|identity,identity,2.463380059851945,0.00021469999046530575,2.059999678749591e-05,fastest,0.01605629047283211,8f9ff5817f4fd86dfc8c,image,real:engines\XAI-Compress\results\hybrid_ai\figures\07_codec_selection_distribution.png,train
zstd,6,zstd|6|identity,identity,2.463380059851945,0.00021469999046530575,2.059999678749591e-05,balanced,0.01776961177276985,8f9ff5817f4fd86dfc8c,image,real:engines\XAI-Compress\results\hybrid_ai\figures\07_codec_selection_distribution.png,train
lzma2,6,lzma2|6|identity,identity,4.28515625,0.03681150000193156,0.006001900008413941,smallest,0.014463085720336666,8fd7592e5e3b18df7967,model,real:engines\XAI-Compress\results\model_search\imports\auto\residual-scale-depth-3c28504154\v1\results\model_search\residual_scale_depth\best.pt,train
zstd,6,zstd|6|identity,identity,4.587890625,0.0016668999887770042,0.00018370000179857016,fastest,0.013468257057559111,8fd7592e5e3b18df7967,model,real:engines\XAI-Compress\results\model_search\imports\auto\residual-scale-depth-3c28504154\v1\results\model_search\residual_scale_depth\best.pt,train
zstd,9,zstd|9|identity,identity,4.582275390625,0.002116599993314594,0.0001816000003600493,balanced,0.042823408593387256,8fd7592e5e3b18df7967,model,real:engines\XAI-Compress\results\model_search\imports\auto\residual-scale-depth-3c28504154\v1\results\model_search\residual_scale_depth\best.pt,train
brotli,6,brotli|6|identity,identity,6.8375244140625,0.0035210999922128394,0.0005747999966843054,smallest,0.010551819401679008,8fdf16eb26cab6861145,video,real:engines\XAI-Compress\data\test\archive (1)\FaceForensics++_C23\DeepFakeDetection\06_15__kitchen_still__QRCD27P8.mp4,train
zstd,3,zstd|3|identity,identity,7.1383056640625,0.00043200000072829425,3.88999906135723e-05,fastest,0.014820279512040515,8fdf16eb26cab6861145,video,real:engines\XAI-Compress\data\test\archive (1)\FaceForensics++_C23\DeepFakeDetection\06_15__kitchen_still__QRCD27P8.mp4,train
brotli,6,brotli|6|identity,identity,6.8375244140625,0.0035210999922128394,0.0005747999966843054,balanced,0.019395931344191895,8fdf16eb26cab6861145,video,real:engines\XAI-Compress\data\test\archive (1)\FaceForensics++_C23\DeepFakeDetection\06_15__kitchen_still__QRCD27P8.mp4,train
brotli,11,brotli|11|identity,identity,4.945454545454545,0.002142400000593625,2.920000406447798e-05,smallest,0.007408946168266087,8ff93106a6a3c4b8929a,json,real:engines\XAI-Compress\configs\experiments\exp02_small_transformer.json,train
raw,,raw|default|identity,identity,8.0,4.599991370923817e-06,3.4999975468963385e-06,fastest,0.03841463414634147,8ff93106a6a3c4b8929a,json,real:engines\XAI-Compress\configs\experiments\exp02_small_transformer.json,train
brotli,11,brotli|11|identity,identity,4.945454545454545,0.002142400000593625,2.920000406447798e-05,balanced,0.12636228118861234,8ff93106a6a3c4b8929a,json,real:engines\XAI-Compress\configs\experiments\exp02_small_transformer.json,train
brotli,11,brotli|11|identity,identity,1.1461289519541946,0.036562299996148795,9.020000288728625e-05,smallest,0.015491309802742945,902a0bd9c78bfaa80da6,json,real:engines\XAI-Compress\checkpoints\kaggle\best.history.json,train
zstd,1,zstd|1|identity,identity,1.388100572566592,0.00010720000136643648,4.290000651963055e-05,fastest,0.007298542137575077,902a0bd9c78bfaa80da6,json,real:engines\XAI-Compress\checkpoints\kaggle\best.history.json,train
zstd,6,zstd|6|identity,identity,1.3651979088872293,0.00026870000874623656,3.7699996028095484e-05,balanced,0.01912458698189361,902a0bd9c78bfaa80da6,json,real:engines\XAI-Compress\checkpoints\kaggle\best.history.json,train
brotli,11,brotli|11|identity,identity,7.002079002079002,0.010010900004999712,5.8900011936202645e-05,smallest,0.01757116402038979,90577899ae59ca1062ef,image,real:apps\mobile_authenticator_flutter\android\app\src\main\res\mipmap-xxxhdpi\ic_launcher.png,train
zstd,3,zstd|3|identity,identity,7.528759528759529,6.779999239370227e-05,1.2500007869675756e-05,fastest,0.023508425176952185,90577899ae59ca1062ef,image,real:apps\mobile_authenticator_flutter\android\app\src\main\res\mipmap-xxxhdpi\ic_launcher.png,train
deflate,9,deflate|9|identity,identity,7.384615384615385,0.00017329999536741525,3.6299999919719994e-05,balanced,0.10683911649547279,90577899ae59ca1062ef,image,real:apps\mobile_authenticator_flutter\android\app\src\main\res\mipmap-xxxhdpi\ic_launcher.png,train
brotli,6,brotli|6|identity,identity,7.176025390625,0.003956000000471249,0.0006282000103965402,smallest,0.005961729090411514,905efebd59ae8be40b95,video,real:engines\XAI-Compress\data\test\archive (1)\FaceForensics++_C23\DeepFakeDetection\05_16__walking_down_street_outside_angry__OSXCUOHX.mp4,validation
zstd,3,zstd|3|identity,identity,7.333984375,0.00041539999074302614,2.8099995688535273e-05,fastest,0.01063415200043541,905efebd59ae8be40b95,video,real:engines\XAI-Compress\data\test\archive (1)\FaceForensics++_C23\DeepFakeDetection\05_16__walking_down_street_outside_angry__OSXCUOHX.mp4,validation
brotli,6,brotli|6|identity,identity,7.176025390625,0.003956000000471249,0.0006282000103965402,balanced,0.014437860113669926,905efebd59ae8be40b95,video,real:engines\XAI-Compress\data\test\archive (1)\FaceForensics++_C23\DeepFakeDetection\05_16__walking_down_street_outside_angry__OSXCUOHX.mp4,validation
brotli,6,brotli|6|identity,identity,6.7823486328125,0.003828200002317317,0.0006200999923748896,smallest,0.016703880404994414,9064f22b6b7dd67f3d33,video,real:engines\XAI-Compress\data\test\archive (1)\FaceForensics++_C23\DeepFakeDetection\03_21__meeting_serious__V53E3RVB.mp4,train
zstd,1,zstd|1|identity,identity,7.040283203125,0.0004047999973408878,4.2800005758181214e-05,fastest,0.012824550700876017,9064f22b6b7dd67f3d33,video,real:engines\XAI-Compress\data\test\archive (1)\FaceForensics++_C23\DeepFakeDetection\03_21__meeting_serious__V53E3RVB.mp4,train
brotli,6,brotli|6|identity,identity,6.7823486328125,0.003828200002317317,0.0006200999923748896,balanced,0.023708660069895634,9064f22b6b7dd67f3d33,video,real:engines\XAI-Compress\data\test\archive (1)\FaceForensics++_C23\DeepFakeDetection\03_21__meeting_serious__V53E3RVB.mp4,train
brotli,11,brotli|11|identity,identity,2.0165471594043023,0.008513699998729862,5.220000457484275e-05,smallest,0.016151951987908867,908ba22d7f9287d17ced,csv,real:engines\XAI-Compress\phase_j_results.csv,test
zstd,6,zstd|6|identity,identity,2.44015444015444,9.560000034980476e-05,2.3300002794712782e-05,fastest,0.019088542596126655,908ba22d7f9287d17ced,csv,real:engines\XAI-Compress\phase_j_results.csv,test
deflate,9,deflate|9|identity,identity,2.3827909542195256,0.00011340000492054969,2.6900001103058457e-05,balanced,0.03934891228662783,908ba22d7f9287d17ced,csv,real:engines\XAI-Compress\phase_j_results.csv,test
brotli,11,brotli|11|identity,identity,0.549560546875,0.43135880000772886,0.0003887999919243157,smallest,0.0152696807994957,90bb57d94e3fa72035ad,csv,real:engines\XAI-Compress\phase_h_dataset_report.csv,test
zstd,1,zstd|1|identity,identity,0.7572021484375,0.0004467000107979402,0.00019650001195259392,fastest,0.004291169821799929,90bb57d94e3fa72035ad,csv,real:engines\XAI-Compress\phase_h_dataset_report.csv,test
zstd,9,zstd|9|identity,identity,0.707763671875,0.003630400009569712,0.0001914000022225082,balanced,0.013816323243852754,90bb57d94e3fa72035ad,csv,real:engines\XAI-Compress\phase_h_dataset_report.csv,test
brotli,11,brotli|11|identity,identity,2.031858407079646,0.00605609999911394,3.749999450519681e-05,smallest,0.01261462190748252,90e0ecf05c11a28cb1a4,binary,real:apps\admin_dotnet\Components\Layout\MainLayout.razor,train
zstd,6,zstd|6|identity,identity,2.824778761061947,8.870000601746142e-05,2.130000211764127e-05,fastest,0.027477007938558395,90e0ecf05c11a28cb1a4,binary,real:apps\admin_dotnet\Components\Layout\MainLayout.razor,train
deflate,9,deflate|9|identity,identity,2.6548672566371683,0.00010180000390391797,2.3500004317611456e-05,balanced,0.06334068351443245,90e0ecf05c11a28cb1a4,binary,real:apps\admin_dotnet\Components\Layout\MainLayout.razor,train
brotli,11,brotli|11|identity,identity,2.9376114081996434,0.002826900003128685,3.189999551977962e-05,smallest,0.008743227689208316,91696568237f4c6a2f7e,binary,real:apps\mobile_authenticator_flutter\android\build.gradle.kts,train
deflate,1,deflate|1|identity,identity,4.021390374331551,3.680000372696668e-05,1.3999990187585354e-05,fastest,0.030001678488000047,91696568237f4c6a2f7e,binary,real:apps\mobile_authenticator_flutter\android\build.gradle.kts,train
deflate,9,deflate|9|identity,identity,3.4367201426024954,6.639999628532678e-05,1.790000533219427e-05,balanced,0.0647288258096946,91696568237f4c6a2f7e,binary,real:apps\mobile_authenticator_flutter\android\build.gradle.kts,train
brotli,6,brotli|6|identity,identity,7.4945068359375,0.003808299996308051,0.0005805999971926212,smallest,0.01565292234724906,916ee0944afa41eaebe4,video,real:engines\XAI-Compress\data\test\archive (1)\FaceForensics++_C23\DeepFakeDetection\04_13__walking_outside_cafe_disgusted__00T3UYOR.mp4,test
zstd,3,zstd|3|identity,identity,7.6053466796875,0.00039280000783037394,2.990000939462334e-05,fastest,0.012671245479378989,916ee0944afa41eaebe4,video,real:engines\XAI-Compress\data\test\archive (1)\FaceForensics++_C23\DeepFakeDetection\04_13__walking_outside_cafe_disgusted__00T3UYOR.mp4,test
brotli,6,brotli|6|identity,identity,7.4945068359375,0.003808299996308051,0.0005805999971926212,balanced,0.021366048868084873,916ee0944afa41eaebe4,video,real:engines\XAI-Compress\data\test\archive (1)\FaceForensics++_C23\DeepFakeDetection\04_13__walking_outside_cafe_disgusted__00T3UYOR.mp4,test
zstd,1,zstd|1|identity,identity,0.03564453125,3.539999306667596e-05,1.410000550094992e-05,smallest,0.003900008210825758,91e2a646108e1ce32030,binary,real:engines\XAI-Compress\.test-tmp\final-all\test_large_file_hybrid_streami0\large.bin,train
zstd,1,zstd|1|identity,identity,0.03564453125,3.539999306667596e-05,1.410000550094992e-05,fastest,0.0012299654606805091,91e2a646108e1ce32030,binary,real:engines\XAI-Compress\.test-tmp\final-all\test_large_file_hybrid_streami0\large.bin,train
zstd,1,zstd|1|identity,identity,0.03564453125,3.539999306667596e-05,1.410000550094992e-05,balanced,0.002356339300059899,91e2a646108e1ce32030,binary,real:engines\XAI-Compress\.test-tmp\final-all\test_large_file_hybrid_streami0\large.bin,train
brotli,4,brotli|4|identity,identity,6.222222222222222,7.790001109242439e-05,1.930000144056976e-05,smallest,0.002495785235983872,921d357da1bee764ce1d,csv,real:engines\XAI-Compress\results\final_analysis\final_comparison.csv,test
raw,,raw|default|identity,identity,8.0,4.49999060947448e-06,3.4999975468963385e-06,fastest,0.014285714285714285,921d357da1bee764ce1d,csv,real:engines\XAI-Compress\results\final_analysis\final_comparison.csv,test
brotli,4,brotli|4|identity,identity,6.222222222222222,7.790001109242439e-05,1.930000144056976e-05,balanced,0.034209934624616974,921d357da1bee764ce1d,csv,real:engines\XAI-Compress\results\final_analysis\final_comparison.csv,test
brotli,11,brotli|11|identity,identity,2.7579345703125,0.32174359999771696,0.0005917999951634556,smallest,0.026186330041773488,92238d8247081de677d4,binary,real:apps\mobile_authenticator_flutter\android\.gradle\9.1.0\checksums\sha1-checksums.bin,train
zstd,1,zstd|1|identity,identity,2.9168701171875,0.0006232000014279038,0.00013029998808633536,fastest,0.007008663789755443,92238d8247081de677d4,binary,real:apps\mobile_authenticator_flutter\android\.gradle\9.1.0\checksums\sha1-checksums.bin,train
zstd,1,zstd|1|identity,identity,2.9168701171875,0.0006232000014279038,0.00013029998808633536,balanced,0.017615794443487008,92238d8247081de677d4,binary,real:apps\mobile_authenticator_flutter\android\.gradle\9.1.0\checksums\sha1-checksums.bin,train
brotli,4,brotli|4|identity,identity,6.424242424242424,2.4599998141638935e-05,6.100002792663872e-06,smallest,0.0005556246210114207,9233e7eff24ade179258,binary,real:apps\admin_dotnet\obj\Debug\net8.0\AdminDotNet.genruntimeconfig.cache,validation
raw,,raw|default|identity,identity,8.0,1.8999999156221747e-06,1.3999961083754897e-06,fastest,0.009154929577464789,9233e7eff24ade179258,binary,real:apps\admin_dotnet\obj\Debug\net8.0\AdminDotNet.genruntimeconfig.cache,validation
brotli,4,brotli|4|identity,identity,6.424242424242424,2.4599998141638935e-05,6.100002792663872e-06,balanced,0.007706690550665873,9233e7eff24ade179258,binary,real:apps\admin_dotnet\obj\Debug\net8.0\AdminDotNet.genruntimeconfig.cache,validation
brotli,11,brotli|11|identity,identity,2.8757539203860074,0.008270699996501207,6.160000339150429e-05,smallest,0.01606805272941153,923ec331dcbeed9cfa81,json,real:engines\XAI-Compress\notebooks\05_baseline_model.ipynb,train
zstd,3,zstd|3|identity,identity,3.773220747889023,7.110000296961516e-05,2.7999994927085936e-05,fastest,0.024450165458517206,923ec331dcbeed9cfa81,json,real:engines\XAI-Compress\notebooks\05_baseline_model.ipynb,train
deflate,9,deflate|9|identity,identity,3.5609167671893847,0.00014000000373926014,3.139999171253294e-05,balanced,0.07464554419120406,923ec331dcbeed9cfa81,json,real:engines\XAI-Compress\notebooks\05_baseline_model.ipynb,train
brotli,11,brotli|11|identity,identity,2.2941176470588234,0.016608599995379336,6.989999383222312e-05,smallest,0.01576120429123051,92749058f37002d48ff6,json,real:engines\XAI-Compress\results\final\test_results.json,train
zstd,3,zstd|3|identity,identity,2.716386554621849,9.14999982342124e-05,3.3800009987317026e-05,fastest,0.012776820930049499,92749058f37002d48ff6,json,real:engines\XAI-Compress\results\final\test_results.json,train
deflate,9,deflate|9|identity,identity,2.5483193277310923,0.00022739999985788018,3.979999746661633e-05,balanced,0.02955850641658385,92749058f37002d48ff6,json,real:engines\XAI-Compress\results\final\test_results.json,train
raw,,raw|default|identity,identity,8.0,5.699999746866524e-06,3.7999998312443495e-06,smallest,0.0,92faead00a10a7d40151,archive,real:apps\public_nextjs\.next\cache\webpack\client-development\5.pack.gz,train
raw,,raw|default|identity,identity,8.0,5.699999746866524e-06,3.7999998312443495e-06,fastest,0.0,92faead00a10a7d40151,archive,real:apps\public_nextjs\.next\cache\webpack\client-development\5.pack.gz,train
raw,,raw|default|identity,identity,8.0,5.699999746866524e-06,3.7999998312443495e-06,balanced,0.0,92faead00a10a7d40151,archive,real:apps\public_nextjs\.next\cache\webpack\client-development\5.pack.gz,train
brotli,6,brotli|6|identity,identity,6.9625244140625,0.0038163999997777864,0.0006052999960957095,smallest,0.007296559396763574,933aebbab00276e3e8a7,video,real:engines\XAI-Compress\data\test\archive (1)\FaceForensics++_C23\DeepFakeDetection\04_26__outside_talking_still_laughing__WX836VLY.mp4,validation
zstd,3,zstd|3|identity,identity,7.170654296875,0.00040809999336488545,2.9999995604157448e-05,fastest,0.011512562501948164,933aebbab00276e3e8a7,video,real:engines\XAI-Compress\data\test\archive (1)\FaceForensics++_C23\DeepFakeDetection\04_26__outside_talking_still_laughing__WX836VLY.mp4,validation
brotli,6,brotli|6|identity,identity,6.9625244140625,0.0038163999997777864,0.0006052999960957095,balanced,0.01860837159763115,933aebbab00276e3e8a7,video,real:engines\XAI-Compress\data\test\archive (1)\FaceForensics++_C23\DeepFakeDetection\04_26__outside_talking_still_laughing__WX836VLY.mp4,validation
brotli,11,brotli|11|identity,identity,7.388916015625,0.5758327000075951,0.0010245000012218952,smallest,0.016595891142829826,94585176d637bf48ff2c,video,real:engines\XAI-Compress\data\test\archive (1)\FaceForensics++_C23\DeepFakeDetection\03_27__walk_down_hall_angry__IL675GCI.mp4,train
zstd,3,zstd|3|identity,identity,7.53515625,0.00039590000233147293,3.160000778734684e-05,fastest,0.013117067284025178,94585176d637bf48ff2c,video,real:engines\XAI-Compress\data\test\archive (1)\FaceForensics++_C23\DeepFakeDetection\03_27__walk_down_hall_angry__IL675GCI.mp4,train
brotli,6,brotli|6|identity,identity,7.403076171875,0.003616999994846992,0.0005461999971885234,balanced,0.023611109421985972,94585176d637bf48ff2c,video,real:engines\XAI-Compress\data\test\archive (1)\FaceForensics++_C23\DeepFakeDetection\03_27__walk_down_hall_angry__IL675GCI.mp4,train
brotli,6,brotli|6|identity,identity,3.5049961568024597,0.0013620999961858615,4.870000702794641e-05,smallest,0.004352012236122469,946e6812248dad57fb39,binary,real:engines\XAI-Compress\.test-tmp\final-all\test_v3_global_checksum_and_tr0\footer,train
zstd,3,zstd|3|identity,identity,3.775557263643351,6.009999196976423e-05,1.200000406242907e-05,fastest,0.013388471307659074,946e6812248dad57fb39,binary,real:engines\XAI-Compress\.test-tmp\final-all\test_v3_global_checksum_and_tr0\footer,train
zstd,6,zstd|6|identity,identity,3.7448116833205227,8.50000069476664e-05,1.3199998647905886e-05,balanced,0.0324749183775644,946e6812248dad57fb39,binary,real:engines\XAI-Compress\.test-tmp\final-all\test_v3_global_checksum_and_tr0\footer,train
brotli,11,brotli|11|identity,identity,7.3729248046875,0.7303922999999486,0.0010020000045187771,smallest,0.01657927209656049,94b82947d7bd29d2c999,video,real:engines\XAI-Compress\data\test\archive (1)\FaceForensics++_C23\DeepFakeDetection\02_03__walking_down_street_outside_angry__QH3Y0IG0.mp4,train
zstd,3,zstd|3|identity,identity,7.510009765625,0.0003800999984377995,2.9700007871724665e-05,fastest,0.011949125490984484,94b82947d7bd29d2c999,video,real:engines\XAI-Compress\data\test\archive (1)\FaceForensics++_C23\DeepFakeDetection\02_03__walking_down_street_outside_angry__QH3Y0IG0.mp4,train
brotli,6,brotli|6|identity,identity,7.3868408203125,0.0035779000027105212,0.0005883999983780086,balanced,0.023786554088984804,94b82947d7bd29d2c999,video,real:engines\XAI-Compress\data\test\archive (1)\FaceForensics++_C23\DeepFakeDetection\02_03__walking_down_street_outside_angry__QH3Y0IG0.mp4,train
brotli,9,brotli|9|identity,identity,6.803955078125,0.0276770999917062,0.0006199000054039061,smallest,0.007213647635254592,94f6f28fc0ebe5d32eb5,video,real:engines\XAI-Compress\data\test\archive (1)\FaceForensics++_C23\DeepFakeDetection\02_07__walking_and_outside_surprised__1VMZUH1W.mp4,train
zstd,1,zstd|1|identity,identity,7.120361328125,0.00037779999547638,5.4799995268695056e-05,fastest,0.015385191460229,94f6f28fc0ebe5d32eb5,video,real:engines\XAI-Compress\data\test\archive (1)\FaceForensics++_C23\DeepFakeDetection\02_07__walking_and_outside_surprised__1VMZUH1W.mp4,train
brotli,6,brotli|6|identity,identity,6.8060302734375,0.0041947999998228624,0.0006070999952498823,balanced,0.02008360960273302,94f6f28fc0ebe5d32eb5,video,real:engines\XAI-Compress\data\test\archive (1)\FaceForensics++_C23\DeepFakeDetection\02_07__walking_and_outside_surprised__1VMZUH1W.mp4,train
brotli,6,brotli|6|identity,identity,6.9228515625,0.004087699999217875,0.0006044000037945807,smallest,0.005909459818754534,950d44cff753b628737e,video,real:engines\XAI-Compress\data\test\archive (1)\FaceForensics++_C23\DeepFakeDetection\04_01__kitchen_still__GBC7ZGDP.mp4,train
zstd,6,zstd|6|identity,identity,7.1475830078125,0.001173699987703003,3.3899996196851134e-05,fastest,0.012571516180386818,950d44cff753b628737e,video,real:engines\XAI-Compress\data\test\archive (1)\FaceForensics++_C23\DeepFakeDetection\04_01__kitchen_still__GBC7ZGDP.mp4,train
brotli,6,brotli|6|identity,identity,6.9228515625,0.004087699999217875,0.0006044000037945807,balanced,0.016745322323686827,950d44cff753b628737e,video,real:engines\XAI-Compress\data\test\archive (1)\FaceForensics++_C23\DeepFakeDetection\04_01__kitchen_still__GBC7ZGDP.mp4,train
brotli,11,brotli|11|identity,identity,4.038216560509555,0.003334199995151721,3.189999551977962e-05,smallest,0.01191076156030584,95aeb892ab732e8f6b26,markdown,real:.github\agents\OX alpha.agent.md,train
zstd,3,zstd|3|identity,identity,5.388535031847134,3.7900012102909386e-05,1.4000004739500582e-05,fastest,0.04001169686710422,95aeb892ab732e8f6b26,markdown,real:.github\agents\OX alpha.agent.md,train
brotli,4,brotli|4|identity,identity,4.955414012738854,0.0001348999940091744,2.379999205004424e-05,balanced,0.1393489377581502,95aeb892ab732e8f6b26,markdown,real:.github\agents\OX alpha.agent.md,train
brotli,11,brotli|11|identity,identity,1.797979797979798,0.01221580000128597,6.3000014051795e-05,smallest,0.016196431241649788,95f903364176156a76cf,source_code,real:apps\web_angular\.angular\cache\20.3.28\xai-web\vite\deps\@angular_common_http.js,validation
zstd,6,zstd|6|identity,identity,2.193939393939394,0.00010479999764356762,2.5000001187436283e-05,fastest,0.01557048500241167,95f903364176156a76cf,source_code,real:apps\web_angular\.angular\cache\20.3.28\xai-web\vite\deps\@angular_common_http.js,validation
deflate,6,deflate|6|identity,identity,2.105050505050505,0.00016239999968092889,4.129999433644116e-05,balanced,0.03621781481216334,95f903364176156a76cf,source_code,real:apps\web_angular\.angular\cache\20.3.28\xai-web\vite\deps\@angular_common_http.js,validation
brotli,4,brotli|4|identity,identity,0.02880859375,0.00013210000179242343,6.029999349266291e-05,smallest,0.00038971339583013237,965fe253ffd8a1768dce,structured,synthetic:engines\XAI-Compress\data\hybrid_selector\synthetic\structured_16KiB.json,train
zstd,9,zstd|9|identity,identity,0.0361328125,4.1399995097890496e-05,1.2300006346777081e-05,fastest,0.003316705530324916,965fe253ffd8a1768dce,structured,synthetic:engines\XAI-Compress\data\hybrid_selector\synthetic\structured_16KiB.json,train
zstd,9,zstd|9|identity,identity,0.0361328125,4.1399995097890496e-05,1.2300006346777081e-05,balanced,0.0020589143712822612,965fe253ffd8a1768dce,structured,synthetic:engines\XAI-Compress\data\hybrid_selector\synthetic\structured_16KiB.json,train
brotli,6,brotli|6|identity,identity,7.0787353515625,0.003797500001383014,0.0006025999900884926,smallest,0.008123248656627365,967b5cad08b9c9c041c8,video,real:engines\XAI-Compress\data\test\archive (1)\FaceForensics++_C23\DeepFakeDetection\03_18__walking_outside_cafe_disgusted__22UBC0BS.mp4,train
zstd,6,zstd|6|identity,identity,7.304443359375,0.0010751000081654638,2.950000634882599e-05,fastest,0.014257791965097357,967b5cad08b9c9c041c8,video,real:engines\XAI-Compress\data\test\archive (1)\FaceForensics++_C23\DeepFakeDetection\03_18__walking_outside_cafe_disgusted__22UBC0BS.mp4,train
brotli,6,brotli|6|identity,identity,7.0787353515625,0.003797500001383014,0.0006025999900884926,balanced,0.017915121551831868,967b5cad08b9c9c041c8,video,real:engines\XAI-Compress\data\test\archive (1)\FaceForensics++_C23\DeepFakeDetection\03_18__walking_outside_cafe_disgusted__22UBC0BS.mp4,train
brotli,11,brotli|11|identity,identity,3.9018003273322424,0.003981200003181584,4.700000863522291e-05,smallest,0.009715215092710111,96ee52dcabed45ccf069,csv,real:engines\XAI-Compress\results\model_v2\three_model_comparison.csv,train
deflate,9,deflate|9|identity,identity,4.896890343698854,5.539999983739108e-05,1.4999997802078724e-05,fastest,0.02513261755814706,96ee52dcabed45ccf069,csv,real:engines\XAI-Compress\results\model_v2\three_model_comparison.csv,train
deflate,9,deflate|9|identity,identity,4.896890343698854,5.539999983739108e-05,1.4999997802078724e-05,balanced,0.11835596982497176,96ee52dcabed45ccf069,csv,real:engines\XAI-Compress\results\model_v2\three_model_comparison.csv,train
brotli,11,brotli|11|identity,identity,3.0670926517571884,0.007152000005589798,5.630000669043511e-05,smallest,0.013742365163031888,97691ad7e4d435ec51b1,source_code,real:apps\desktop_flutter\lib\screens\app_shell.dart,train
deflate,9,deflate|9|identity,identity,3.4824281150159746,9.329999738838524e-05,2.2099993657320738e-05,fastest,0.021032507795064333,97691ad7e4d435ec51b1,source_code,real:apps\desktop_flutter\lib\screens\app_shell.dart,train
deflate,9,deflate|9|identity,identity,3.4824281150159746,9.329999738838524e-05,2.2099993657320738e-05,balanced,0.04916588787504156,97691ad7e4d435ec51b1,source_code,real:apps\desktop_flutter\lib\screens\app_shell.dart,train
brotli,11,brotli|11|identity,identity,1.5623939907923432,0.026740700006484985,0.00011700000322889537,smallest,0.015523870443149946,97a75ee37ee6efc410ad,source_code,real:apps\web_angular\.angular\cache\20.3.28\xai-web\vite\deps\@angular_common.js,train
zstd,3,zstd|3|identity,identity,1.9500848073661254,0.0001373999984934926,5.420000525191426e-05,fastest,0.010019571142659795,97a75ee37ee6efc410ad,source_code,real:apps\web_angular\.angular\cache\20.3.28\xai-web\vite\deps\@angular_common.js,train
deflate,6,deflate|6|identity,identity,1.8182699297310394,0.0002108999906340614,4.6200002543628216e-05,balanced,0.02274487560070053,97a75ee37ee6efc410ad,source_code,real:apps\web_angular\.angular\cache\20.3.28\xai-web\vite\deps\@angular_common.js,train
raw,,raw|default|identity,identity,8.0,5.4000120144337416e-06,3.500012098811567e-06,smallest,0.0,97e7cbe9d23ed020a575,binary,real:apps\mobile_authenticator_flutter\android\.gradle\9.1.0\fileHashes\fileHashes.lock,train
raw,,raw|default|identity,identity,8.0,5.4000120144337416e-06,3.500012098811567e-06,fastest,0.0,97e7cbe9d23ed020a575,binary,real:apps\mobile_authenticator_flutter\android\.gradle\9.1.0\fileHashes\fileHashes.lock,train
raw,,raw|default|identity,identity,8.0,5.4000120144337416e-06,3.500012098811567e-06,balanced,0.0,97e7cbe9d23ed020a575,binary,real:apps\mobile_authenticator_flutter\android\.gradle\9.1.0\fileHashes\fileHashes.lock,train
brotli,11,brotli|11|identity,identity,4.2955322265625,0.4149646000005305,0.0011020999954780564,smallest,0.01771824707127244,9833673d444371304671,model,real:engines\XAI-Compress\results\model_search\imports\candidate_a_retry_20260831\results\model_search\lr_0_0003\best.pt,train
zstd,3,zstd|3|identity,identity,4.6697998046875,0.0005321000062394887,0.00022560000070370734,fastest,0.015011432655204434,9833673d444371304671,model,real:engines\XAI-Compress\results\model_search\imports\candidate_a_retry_20260831\results\model_search\lr_0_0003\best.pt,train
zstd,9,zstd|9|identity,identity,4.6014404296875,0.0025830999948084354,0.00023039999359752983,balanced,0.046490452997110535,9833673d444371304671,model,real:engines\XAI-Compress\results\model_search\imports\candidate_a_retry_20260831\results\model_search\lr_0_0003\best.pt,train
brotli,11,brotli|11|identity,identity,4.224188790560472,0.0026840000064112246,3.2499985536560416e-05,smallest,0.007302793490728509,9859902a57dfe2d15c94,csv,real:engines\XAI-Compress\results\final_project\training_stability.csv,train
zstd,9,zstd|9|identity,identity,5.191740412979351,5.2400006097741425e-05,1.579998934175819e-05,fastest,0.03288746211078216,9859902a57dfe2d15c94,csv,real:engines\XAI-Compress\results\final_project\training_stability.csv,train
brotli,6,brotli|6|identity,identity,4.672566371681416,0.0007677999965380877,3.229999856557697e-05,balanced,0.11233135831219673,9859902a57dfe2d15c94,csv,real:engines\XAI-Compress\results\final_project\training_stability.csv,train
brotli,11,brotli|11|identity,identity,3.80466472303207,0.012277000001631677,7.739999273326248e-05,smallest,0.016201336466906448,9926d13ba3426c721138,json,real:apps\admin_dotnet\obj\Debug\net8.0\rpswa.dswa.cache.json,validation
zstd,6,zstd|6|identity,identity,4.090379008746356,5.220000457484275e-05,9.199997293762863e-06,fastest,0.007951852369750038,9926d13ba3426c721138,json,real:apps\admin_dotnet\obj\Debug\net8.0\rpswa.dswa.cache.json,validation
deflate,6,deflate|6|identity,identity,4.072886297376093,6.160000339150429e-05,1.4199991710484028e-05,balanced,0.03281423154155341,9926d13ba3426c721138,json,real:apps\admin_dotnet\obj\Debug\net8.0\rpswa.dswa.cache.json,validation
brotli,11,brotli|11|identity,identity,4.7606201171875,0.425621600006707,0.001505899999756366,smallest,0.027959675720889823,996a20e25190637ea39d,model,real:engines\XAI-Compress\checkpoints\model_search\safe-training-lr-0-0001-54a4e17570\preflight.pt,train
zstd,3,zstd|3|identity,identity,5.1844482421875,0.0005288000102154911,0.0002238999877590686,fastest,0.014556794869075344,996a20e25190637ea39d,model,real:engines\XAI-Compress\checkpoints\model_search\safe-training-lr-0-0001-54a4e17570\preflight.pt,train
zstd,9,zstd|9|identity,identity,5.1158447265625,0.0026100999966729432,0.0002314000012120232,balanced,0.05715211833166033,996a20e25190637ea39d,model,real:engines\XAI-Compress\checkpoints\model_search\safe-training-lr-0-0001-54a4e17570\preflight.pt,train
brotli,11,brotli|11|identity,identity,3.5756302521008405,0.01711720001185313,8.800000068731606e-05,smallest,0.01599566930422229,997ee1d321c91b8eb0f5,source_code,real:engines\XAI-Compress\results\model_search\imports\auto\lr-0-0002-f316e33308\v1\XAI-Compress\scripts\benchmark_rust_core.py,train
zstd,1,zstd|1|identity,identity,4.15546218487395,7.669998740311712e-05,3.310000465717167e-05,fastest,0.015021993463571142,997ee1d321c91b8eb0f5,source_code,real:engines\XAI-Compress\results\model_search\imports\auto\lr-0-0002-f316e33308\v1\XAI-Compress\scripts\benchmark_rust_core.py,train
deflate,6,deflate|6|identity,identity,3.9285714285714284,0.0002018999948631972,4.81999886687845e-05,balanced,0.04633816746259051,997ee1d321c91b8eb0f5,source_code,real:engines\XAI-Compress\results\model_search\imports\auto\lr-0-0002-f316e33308\v1\XAI-Compress\scripts\benchmark_rust_core.py,train
brotli,11,brotli|11|identity,identity,2.2567071993823586,0.04229880000639241,0.00015210000856313854,smallest,0.015669758784786134,9a82b30c615f37ee7496,source_code,real:apps\public_nextjs\.next\server\vendor-chunks\@swc.js,train
zstd,3,zstd|3|identity,identity,2.578652769735572,0.00011739999172277749,2.7400004910305142e-05,fastest,0.006411266418205882,9a82b30c615f37ee7496,source_code,real:apps\public_nextjs\.next\server\vendor-chunks\@swc.js,train
zstd,6,zstd|6|identity,identity,2.50839606253619,0.0002055000077234581,2.5699991965666413e-05,balanced,0.022540276913802424,9a82b30c615f37ee7496,source_code,real:apps\public_nextjs\.next\server\vendor-chunks\@swc.js,train
brotli,11,brotli|11|identity,identity,2.407704654895666,0.015081000005011447,8.240000170189887e-05,smallest,0.01589186122999653,9ab099b5b5289311c1e7,source_code,real:apps\public_nextjs\.next\types\app\downloads\page.ts,train
zstd,3,zstd|3|identity,identity,2.8764044943820224,0.00010509999992791563,3.580001066438854e-05,fastest,0.014608670469599135,9ab099b5b5289311c1e7,source_code,real:apps\public_nextjs\.next\types\app\downloads\page.ts,train
deflate,6,deflate|6|identity,identity,2.7479935794542536,0.0001917000045068562,4.25000034738332e-05,balanced,0.03698327533645332,9ab099b5b5289311c1e7,source_code,real:apps\public_nextjs\.next\types\app\downloads\page.ts,train
brotli,11,brotli|11|identity,identity,4.803466796875,0.45880430001125205,0.001150299998698756,smallest,0.02757634790832421,9ace52ebc2064c6576de,model,real:engines\XAI-Compress\checkpoints\model_search\residual-scale-depth-3c28504154\preflight.pt,test
zstd,3,zstd|3|identity,identity,5.256591796875,0.0005741999921156093,0.00020199999562464654,fastest,0.01530566445224808,9ace52ebc2064c6576de,model,real:engines\XAI-Compress\checkpoints\model_search\residual-scale-depth-3c28504154\preflight.pt,test
brotli,6,brotli|6|identity,identity,4.9390869140625,0.002962599988677539,0.00034890000824816525,balanced,0.03135870477124206,9ace52ebc2064c6576de,model,real:engines\XAI-Compress\checkpoints\model_search\residual-scale-depth-3c28504154\preflight.pt,test
brotli,11,brotli|11|identity,identity,2.4860595343353964,0.06320150000101421,0.0002440000098431483,smallest,0.015640282939069706,9af7b397df0c5c4a79ac,csv,real:engines\XAI-Compress\checkpoints\neural_lossless_v2\best.metrics.csv,train
zstd,1,zstd|1|identity,identity,2.7147656940760387,0.00022190000163391232,7.579999510198832e-05,fastest,0.007504563040567162,9af7b397df0c5c4a79ac,csv,real:engines\XAI-Compress\checkpoints\neural_lossless_v2\best.metrics.csv,train
zstd,1,zstd|1|identity,identity,2.7147656940760387,0.00022190000163391232,7.579999510198832e-05,balanced,0.022254130984616816,9af7b397df0c5c4a79ac,csv,real:engines\XAI-Compress\checkpoints\neural_lossless_v2\best.metrics.csv,train
brotli,11,brotli|11|identity,identity,2.514386896857016,0.010169500004849397,6.549998943228275e-05,smallest,0.016225340735999776,9b0580dc333cb2e2af17,xml,real:apps\mobile_authenticator_flutter\android\app\src\main\AndroidManifest.backup.xml,train
zstd,3,zstd|3|identity,identity,3.385568835768039,8.060000254772604e-05,3.0499999411404133e-05,fastest,0.021568194166221556,9b0580dc333cb2e2af17,xml,real:apps\mobile_authenticator_flutter\android\app\src\main\AndroidManifest.backup.xml,train
deflate,6,deflate|6|identity,identity,3.194333776007083,0.00012759999663103372,4.159999662078917e-05,balanced,0.06938525200270697,9b0580dc333cb2e2af17,xml,real:apps\mobile_authenticator_flutter\android\app\src\main\AndroidManifest.backup.xml,train
brotli,9,brotli|9|identity,identity,1.6767317939609236,0.0022409999946830794,4.8600006266497076e-05,smallest,0.012464598805010985,9b31f33465f129a0e295,json,real:apps\web_angular\.angular\cache\20.3.28\xai-web\vite\deps\_metadata.json,train
deflate,1,deflate|1|identity,identity,2.2202486678507993,5.5800002883188426e-05,1.8799997633323073e-05,fastest,0.01313438229640293,9b31f33465f129a0e295,json,real:apps\web_angular\.angular\cache\20.3.28\xai-web\vite\deps\_metadata.json,train
zstd,6,zstd|6|identity,identity,1.8650088809946714,0.00011310000263620168,2.549999044276774e-05,balanced,0.02613223078039281,9b31f33465f129a0e295,json,real:apps\web_angular\.angular\cache\20.3.28\xai-web\vite\deps\_metadata.json,train
brotli,11,brotli|11|identity,identity,6.8907470703125,0.70303309999872,0.0010050999990198761,smallest,0.01668573194628228,9bf9d5a8ef8b2e34382c,video,real:engines\XAI-Compress\data\test\archive (1)\FaceForensics++_C23\DeepFakeDetection\01_03__talking_against_wall__JZUXXFRB.mp4,train
zstd,3,zstd|3|identity,identity,7.1119384765625,0.00047500000800937414,3.1799994758330286e-05,fastest,0.011184387036577512,9bf9d5a8ef8b2e34382c,video,real:engines\XAI-Compress\data\test\archive (1)\FaceForensics++_C23\DeepFakeDetection\01_03__talking_against_wall__JZUXXFRB.mp4,train
brotli,6,brotli|6|identity,identity,6.9173583984375,0.0037015999987488613,0.0005481999978655949,balanced,0.02459100942701395,9bf9d5a8ef8b2e34382c,video,real:engines\XAI-Compress\data\test\archive (1)\FaceForensics++_C23\DeepFakeDetection\01_03__talking_against_wall__JZUXXFRB.mp4,train
brotli,11,brotli|11|identity,identity,2.801611278952669,0.026159199987887405,0.00010579999070614576,smallest,0.015508212479522398,9bfffccf3eb1ba81df60,source_code,real:engines\XAI-Compress\results\model_search\imports\auto\lr-0-0002-f316e33308\v1\XAI-Compress\scripts\build_three_mode_report.py,test
zstd,3,zstd|3|identity,identity,3.4239677744209467,0.0001078000059351325,3.950000973418355e-05,fastest,0.011477790492543556,9bfffccf3eb1ba81df60,source_code,real:engines\XAI-Compress\results\model_search\imports\auto\lr-0-0002-f316e33308\v1\XAI-Compress\scripts\build_three_mode_report.py,test
deflate,6,deflate|6|identity,identity,3.2769385699899294,0.0001956000050995499,4.060000355821103e-05,balanced,0.045763342689657364,9bfffccf3eb1ba81df60,source_code,real:engines\XAI-Compress\results\model_search\imports\auto\lr-0-0002-f316e33308\v1\XAI-Compress\scripts\build_three_mode_report.py,test
brotli,11,brotli|11|identity,identity,5.714993804213135,0.0055151999986264855,5.200000305194408e-05,smallest,0.011193419684308085,9c647bb6b9fbb814bf84,json,real:apps\admin_dotnet\obj\Debug\net8.0\rjsmrazor.dswa.cache.json,train
zstd,3,zstd|3|identity,identity,5.987608426270136,7.159999222494662e-05,2.3999993572942913e-05,fastest,0.02158141516874867,9c647bb6b9fbb814bf84,json,real:apps\admin_dotnet\obj\Debug\net8.0\rjsmrazor.dswa.cache.json,train
deflate,9,deflate|9|identity,identity,5.848822800495663,0.00011520000407472253,2.95999925583601e-05,balanced,0.04101177533316795,9c647bb6b9fbb814bf84,json,real:apps\admin_dotnet\obj\Debug\net8.0\rjsmrazor.dswa.cache.json,train
brotli,11,brotli|11|identity,identity,2.6769230769230767,0.01360400000703521,9.90999978967011e-05,smallest,0.016274438087815583,9ca4a973a54ca0a5c159,source_code,real:apps\mobile_authenticator_flutter\lib\screens\lock_screen.dart,train
deflate,6,deflate|6|identity,identity,3.005128205128205,0.0001235000090673566,2.9700007871724665e-05,fastest,0.013980573581631855,9ca4a973a54ca0a5c159,source_code,real:apps\mobile_authenticator_flutter\lib\screens\lock_screen.dart,train
deflate,9,deflate|9|identity,identity,2.9743589743589745,0.00013530001160688698,2.890000178012997e-05,balanced,0.03211277062508705,9ca4a973a54ca0a5c159,source_code,real:apps\mobile_authenticator_flutter\lib\screens\lock_screen.dart,train
brotli,11,brotli|11|identity,identity,5.298879202988792,0.39396499999566004,0.0008823999960441142,smallest,0.025969843300368587,9cac045b5567c775890b,binary,real:apps\admin_dotnet\bin\Debug\net8.0\AdminDotNet.pdb,train
zstd,6,zstd|6|identity,identity,5.550159125501591,0.0022923999931663275,0.00011210000957362354,fastest,0.010413161708615172,9cac045b5567c775890b,binary,real:apps\admin_dotnet\bin\Debug\net8.0\AdminDotNet.pdb,train
zstd,9,zstd|9|identity,identity,5.542825515428255,0.0032433999876957387,0.00012880000576842576,balanced,0.044943431935434826,9cac045b5567c775890b,binary,real:apps\admin_dotnet\bin\Debug\net8.0\AdminDotNet.pdb,train
brotli,6,brotli|6|identity,identity,6.923828125,0.0038897000049473718,0.0005997999978717417,smallest,0.008359509058376903,9cececa6a3a76ab67b8a,video,real:engines\XAI-Compress\data\test\archive (1)\FaceForensics++_C23\DeepFakeDetection\04_18__kitchen_still__NAXINA1N.mp4,train
deflate,9,deflate|9|identity,identity,7.031005859375,0.0017230000084964558,0.00013049998960923404,fastest,0.010592798726549415,9cececa6a3a76ab67b8a,video,real:engines\XAI-Compress\data\test\archive (1)\FaceForensics++_C23\DeepFakeDetection\04_18__kitchen_still__NAXINA1N.mp4,train
brotli,6,brotli|6|identity,identity,6.923828125,0.0038897000049473718,0.0005997999978717417,balanced,0.018873489123997857,9cececa6a3a76ab67b8a,video,real:engines\XAI-Compress\data\test\archive (1)\FaceForensics++_C23\DeepFakeDetection\04_18__kitchen_still__NAXINA1N.mp4,train
brotli,6,brotli|6|identity,identity,7.6474609375,0.0036914999946020544,0.0005930000043008476,smallest,0.014319098893630844,9d10fc53653b38baafaf,video,real:engines\XAI-Compress\data\test\archive (1)\FaceForensics++_C23\DeepFakeDetection\01_11__walking_outside_cafe_disgusted__FAFWDR4W.mp4,train
zstd,3,zstd|3|identity,identity,7.7698974609375,0.0003648999991128221,2.3100001271814108e-05,fastest,0.014035773028912603,9d10fc53653b38baafaf,video,real:engines\XAI-Compress\data\test\archive (1)\FaceForensics++_C23\DeepFakeDetection\01_11__walking_outside_cafe_disgusted__FAFWDR4W.mp4,train
brotli,6,brotli|6|identity,identity,7.6474609375,0.0036914999946020544,0.0005930000043008476,balanced,0.022851662884861627,9d10fc53653b38baafaf,video,real:engines\XAI-Compress\data\test\archive (1)\FaceForensics++_C23\DeepFakeDetection\01_11__walking_outside_cafe_disgusted__FAFWDR4W.mp4,train
brotli,6,brotli|6|identity,identity,6.9581298828125,0.004003900001407601,0.0006022000015946105,smallest,0.0049994410605191525,9d683af4871d2e2d3623,video,real:engines\XAI-Compress\data\test\archive (1)\FaceForensics++_C23\DeepFakeDetection\04_01__outside_talking_still_laughing__6I623VU9.mp4,train
zstd,1,zstd|1|identity,identity,7.1820068359375,0.0003529999958118424,3.809999907389283e-05,fastest,0.012405900344192285,9d683af4871d2e2d3623,video,real:engines\XAI-Compress\data\test\archive (1)\FaceForensics++_C23\DeepFakeDetection\04_01__outside_talking_still_laughing__6I623VU9.mp4,train
brotli,6,brotli|6|identity,identity,6.9581298828125,0.004003900001407601,0.0006022000015946105,balanced,0.018566560148359803,9d683af4871d2e2d3623,video,real:engines\XAI-Compress\data\test\archive (1)\FaceForensics++_C23\DeepFakeDetection\04_01__outside_talking_still_laughing__6I623VU9.mp4,train
bzip2,9,bzip2|9|identity,identity,1.3244062090892088,0.009011500005726703,0.0028446999931475148,smallest,0.0030973468001130947,9db0ad4bb1a1efefff0e,csv,real:engines\XAI-Compress\data\domain_focused\archive (1)\FaceForensics++_C23\csv\Deepfakes.csv,train
zstd,1,zstd|1|identity,identity,1.7982420048625398,0.0004810999962501228,0.0001959000073838979,fastest,0.007835889548110651,9db0ad4bb1a1efefff0e,csv,real:engines\XAI-Compress\data\domain_focused\archive (1)\FaceForensics++_C23\csv\Deepfakes.csv,train
brotli,6,brotli|6|identity,identity,1.6391995511501776,0.0054078999964986,0.00045249999675434083,balanced,0.03450058544651619,9db0ad4bb1a1efefff0e,csv,real:engines\XAI-Compress\data\domain_focused\archive (1)\FaceForensics++_C23\csv\Deepfakes.csv,train
brotli,11,brotli|11|identity,identity,3.2098765432098766,0.004411100002471358,4.539999645203352e-05,smallest,0.00736214776827071,9dbcd0e74f86bfe64fa6,json,real:apps\web_angular\tsconfig.json,validation
zstd,3,zstd|3|identity,identity,3.950617283950617,5.250000685919076e-05,2.1200001356191933e-05,fastest,0.014274982709561186,9dbcd0e74f86bfe64fa6,json,real:apps\web_angular\tsconfig.json,validation
deflate,9,deflate|9|identity,identity,3.6839506172839505,9.500001033302397e-05,3.46999877365306e-05,balanced,0.05201208765087086,9dbcd0e74f86bfe64fa6,json,real:apps\web_angular\tsconfig.json,validation
brotli,11,brotli|11|identity,identity,2.585551330798479,0.015320200007408857,9.299999510403723e-05,smallest,0.016079952158581563,9dd82c11512836e2932c,source_code,real:analytics\XAI-Compress-Analysis-Suite\visualize_results.py,train
zstd,1,zstd|1|identity,identity,3.0635524171645843,6.829999620094895e-05,2.7999994927085936e-05,fastest,0.012227210174888582,9dd82c11512836e2932c,source_code,real:analytics\XAI-Compress-Analysis-Suite\visualize_results.py,train
deflate,9,deflate|9|identity,identity,2.846279196089082,0.00020920000679325312,3.7299992982298136e-05,balanced,0.03123140407151164,9dd82c11512836e2932c,source_code,real:analytics\XAI-Compress-Analysis-Suite\visualize_results.py,train
brotli,6,brotli|6|identity,identity,6.4683837890625,0.003813200004515238,0.0006054999976186082,smallest,0.008681305656884531,9e304fc4f94725e266dd,video,real:engines\XAI-Compress\data\test\archive (1)\FaceForensics++_C23\DeepFakeDetection\06_12__podium_speech_happy__3K21NFNM.mp4,train
zstd,3,zstd|3|identity,identity,6.7921142578125,0.000461499992525205,4.030000127386302e-05,fastest,0.01276577084320446,9e304fc4f94725e266dd,video,real:engines\XAI-Compress\data\test\archive (1)\FaceForensics++_C23\DeepFakeDetection\06_12__podium_speech_happy__3K21NFNM.mp4,train
brotli,6,brotli|6|identity,identity,6.4683837890625,0.003813200004515238,0.0006054999976186082,balanced,0.02106485903265646,9e304fc4f94725e266dd,video,real:engines\XAI-Compress\data\test\archive (1)\FaceForensics++_C23\DeepFakeDetection\06_12__podium_speech_happy__3K21NFNM.mp4,train
brotli,11,brotli|11|identity,identity,3.9583333333333335,0.0028677000082097948,3.949999518226832e-05,smallest,0.007424156279733442,9e3ad4fb843761e3f57b,markdown,real:engines\XAI-Compress\results\final_analysis\conclusion.md,validation
zstd,9,zstd|9|identity,identity,5.6875,5.990000499878079e-05,1.750000228639692e-05,fastest,0.04008074344956642,9e3ad4fb843761e3f57b,markdown,real:engines\XAI-Compress\results\final_analysis\conclusion.md,validation
brotli,11,brotli|11|identity,identity,3.9583333333333335,0.0028677000082097948,3.949999518226832e-05,balanced,0.13386774097928422,9e3ad4fb843761e3f57b,markdown,real:engines\XAI-Compress\results\final_analysis\conclusion.md,validation
brotli,11,brotli|11|identity,identity,3.104839773176843,0.02676419999625068,0.00012460000289138407,smallest,0.017508645798252762,9e61b7746a382718e27b,image,real:engines\XAI-Compress\results\hybrid_ai\figures\02_codec_ratio.png,train
zstd,3,zstd|3|identity,identity,3.384412501648424,0.00013690000923816115,3.2100011594593525e-05,fastest,0.015881104628288643,9e61b7746a382718e27b,image,real:engines\XAI-Compress\results\hybrid_ai\figures\02_codec_ratio.png,train
zstd,6,zstd|6|identity,identity,3.2135038902808915,0.000311999989207834,2.780000795610249e-05,balanced,0.02009862214871631,9e61b7746a382718e27b,image,real:engines\XAI-Compress\results\hybrid_ai\figures\02_codec_ratio.png,train
brotli,11,brotli|11|identity,identity,6.781006783291682,0.20845390000613406,0.0007042000070214272,smallest,0.01765307414289559,9ee4dbd61e3bad2a3cc1,model,real:engines\XAI-Compress\.test-tmp\test_neural_rans_roundtrip0\tiny.pt,train
zstd,6,zstd|6|identity,identity,7.002356301320956,0.0004541000089375302,0.00010320000001229346,fastest,0.01675820380185761,9ee4dbd61e3bad2a3cc1,model,real:engines\XAI-Compress\.test-tmp\test_neural_rans_roundtrip0\tiny.pt,train
brotli,6,brotli|6|identity,identity,6.861835058907533,0.0028393000102369115,0.00048660000902600586,balanced,0.05830227769570058,9ee4dbd61e3bad2a3cc1,model,real:engines\XAI-Compress\.test-tmp\test_neural_rans_roundtrip0\tiny.pt,train
brotli,6,brotli|6|identity,identity,6.9737548828125,0.004819099995074794,0.0005194000113988295,smallest,0.008579750692070731,9f407af8058fdb2aaca3,video,real:engines\XAI-Compress\data\test\archive (1)\FaceForensics++_C23\DeepFakeDetection\03_09__secret_conversation__RCETIXYL.mp4,train
zstd,6,zstd|6|identity,identity,7.23876953125,0.00106969999615103,3.650000144261867e-05,fastest,0.01556136136610601,9f407af8058fdb2aaca3,video,real:engines\XAI-Compress\data\test\archive (1)\FaceForensics++_C23\DeepFakeDetection\03_09__secret_conversation__RCETIXYL.mp4,train
brotli,6,brotli|6|identity,identity,6.9737548828125,0.004819099995074794,0.0005194000113988295,balanced,0.01642387846377919,9f407af8058fdb2aaca3,video,real:engines\XAI-Compress\data\test\archive (1)\FaceForensics++_C23\DeepFakeDetection\03_09__secret_conversation__RCETIXYL.mp4,train
brotli,4,brotli|4|identity,identity,6.588235294117647,9.470000804867595e-05,2.4600012693554163e-05,smallest,0.0026501148167995363,9f64f1e02576dcc0f73b,json,real:apps\mobile_authenticator_flutter\.dart_tool\extension_discovery\vs_code.json,validation
raw,,raw|default|identity,identity,8.0,5.1000097300857306e-06,3.5999983083456755e-06,fastest,0.01323529411764706,9f64f1e02576dcc0f73b,json,real:apps\mobile_authenticator_flutter\.dart_tool\extension_discovery\vs_code.json,validation
brotli,4,brotli|4|identity,identity,6.588235294117647,9.470000804867595e-05,2.4600012693554163e-05,balanced,0.036836003456010985,9f64f1e02576dcc0f73b,json,real:apps\mobile_authenticator_flutter\.dart_tool\extension_discovery\vs_code.json,validation
brotli,11,brotli|11|identity,identity,4.091603053435114,0.004971000002115034,4.889999399892986e-05,smallest,0.012843403597758754,9f86307f714557fc9957,json,real:engines\XAI-Compress\data\domain_focused\archive\wandb\run-20241217_020210-f69emzpa\files\wandb-metadata.json,train
deflate,9,deflate|9|identity,identity,4.3867684478371505,8.319999324157834e-05,2.0700012100860476e-05,fastest,0.03253128265694344,9f86307f714557fc9957,json,real:engines\XAI-Compress\data\domain_focused\archive\wandb\run-20241217_020210-f69emzpa\files\wandb-metadata.json,train
deflate,9,deflate|9|identity,identity,4.3867684478371505,8.319999324157834e-05,2.0700012100860476e-05,balanced,0.05485487643178598,9f86307f714557fc9957,json,real:engines\XAI-Compress\data\domain_focused\archive\wandb\run-20241217_020210-f69emzpa\files\wandb-metadata.json,train
brotli,9,brotli|9|identity,identity,2.512720156555773,0.0006743999983882532,1.4600009308196604e-05,smallest,0.003055048791777151,9fb8b3229c886e8ed4c2,source_code,real:apps\web_angular\src\app\app.routes.ts,train
zstd,6,zstd|6|identity,identity,2.7945205479452055,2.849999873433262e-05,7.90000194683671e-06,fastest,0.00893342404347374,9fb8b3229c886e8ed4c2,source_code,real:apps\web_angular\src\app\app.routes.ts,train
brotli,6,brotli|6|identity,identity,2.5205479452054793,0.0004417000018293038,1.5400000847876072e-05,balanced,0.023902586486680203,9fb8b3229c886e8ed4c2,source_code,real:apps\web_angular\src\app\app.routes.ts,train
brotli,9,brotli|9|identity,identity,1.1858988395007664,0.0027616000006673858,6.0399994254112244e-05,smallest,0.015270142476718034,a02e0963bd6bb6c596ad,source_code,real:apps\public_nextjs\.next\types\validator.ts,train
zstd,3,zstd|3|identity,identity,1.3225312021020363,8.329999400302768e-05,3.029999788850546e-05,fastest,0.008392933695410687,a02e0963bd6bb6c596ad,source_code,real:apps\public_nextjs\.next\types\validator.ts,train
deflate,6,deflate|6|identity,identity,1.266476899496387,0.00014399999054148793,3.310000465717167e-05,balanced,0.016975190860559326,a02e0963bd6bb6c596ad,source_code,real:apps\public_nextjs\.next\types\validator.ts,train
brotli,11,brotli|11|identity,identity,4.038834951456311,0.0029026999982306734,3.850000211969018e-05,smallest,0.009454875358108825,a04ea861d896c0b63693,source_code,real:apps\desktop_flutter\SETUP_WINDOWS.bat,train
zstd,9,zstd|9|identity,identity,5.12621359223301,4.610000178217888e-05,1.3500000932253897e-05,fastest,0.033755112647512256,a04ea861d896c0b63693,source_code,real:apps\desktop_flutter\SETUP_WINDOWS.bat,train
brotli,6,brotli|6|identity,identity,4.453074433656958,0.0006757999944966286,2.950000634882599e-05,balanced,0.11043088114921615,a04ea861d896c0b63693,source_code,real:apps\desktop_flutter\SETUP_WINDOWS.bat,train
brotli,11,brotli|11|identity,identity,3.6693333333333333,0.002910900002461858,3.929999365936965e-05,smallest,0.007377320144243583,a04eb1c522e75818c229,json,real:apps\admin_dotnet\Properties\launchSettings.json,train
zstd,6,zstd|6|identity,identity,5.013333333333334,5.9699988923966885e-05,1.930000144056976e-05,fastest,0.03689178275591394,a04eb1c522e75818c229,json,real:apps\admin_dotnet\Properties\launchSettings.json,train
brotli,6,brotli|6|identity,identity,3.989333333333333,0.000796199994510971,3.54999938281253e-05,balanced,0.08861809613184521,a04eb1c522e75818c229,json,real:apps\admin_dotnet\Properties\launchSettings.json,train
brotli,11,brotli|11|identity,identity,3.665603063178047,0.007873800001107156,6.830001075286418e-05,smallest,0.015598716493137042,a189c4a6994334b0866a,markdown,real:engines\XAI-Compress\results\model_v2\lossless_v2_gradient_diagnostic.md,train
zstd,3,zstd|3|identity,identity,4.610082961072112,7.390000973828137e-05,2.8299997211433947e-05,fastest,0.026484875403061783,a189c4a6994334b0866a,markdown,real:engines\XAI-Compress\results\model_v2\lossless_v2_gradient_diagnostic.md,train
deflate,6,deflate|6|identity,identity,4.451818761965539,0.0001357000001007691,3.2100011594593525e-05,balanced,0.09576884136889574,a189c4a6994334b0866a,markdown,real:engines\XAI-Compress\results\model_v2\lossless_v2_gradient_diagnostic.md,train
brotli,11,brotli|11|identity,identity,3.8181818181818183,0.0067128000082448125,4.769999941345304e-05,smallest,0.012387143166814376,a1a5efe110bfe02ac677,source_code,real:apps\desktop_flutter\lib\widgets\result_card.dart,train
zstd,3,zstd|3|identity,identity,4.537549407114624,9.269999281968921e-05,3.539999306667596e-05,fastest,0.025743228051379727,a1a5efe110bfe02ac677,source_code,real:apps\desktop_flutter\lib\widgets\result_card.dart,train
deflate,6,deflate|6|identity,identity,4.324110671936759,0.0001525000116089359,4.030000127386302e-05,balanced,0.0695309391640574,a1a5efe110bfe02ac677,source_code,real:apps\desktop_flutter\lib\widgets\result_card.dart,train
brotli,9,brotli|9|identity,identity,5.08411214953271,0.0005292999994708225,2.1100000594742596e-05,smallest,0.002569126464841779,a208d145692f560be957,source_code,real:apps\web_angular\SETUP_WINDOWS.bat,test
deflate,9,deflate|9|identity,identity,5.607476635514018,4.1799998143687844e-05,7.099995855242014e-06,fastest,0.01391634372719468,a208d145692f560be957,source_code,real:apps\web_angular\SETUP_WINDOWS.bat,test
brotli,9,brotli|9|identity,identity,5.08411214953271,0.0005292999994708225,2.1100000594742596e-05,balanced,0.04085621900418278,a208d145692f560be957,source_code,real:apps\web_angular\SETUP_WINDOWS.bat,test
brotli,11,brotli|11|identity,identity,2.9109034267912772,0.014060700006666593,6.750000466126949e-05,smallest,0.01576515277706926,a2219ec96564a901aef9,json,real:engines\XAI-Compress\notebooks\13_ablation_study.ipynb,train
deflate,9,deflate|9|identity,identity,3.633644859813084,0.00016650000179652125,3.6699988413602114e-05,fastest,0.020733436138191386,a2219ec96564a901aef9,json,real:engines\XAI-Compress\notebooks\13_ablation_study.ipynb,train
deflate,9,deflate|9|identity,identity,3.633644859813084,0.00016650000179652125,3.6699988413602114e-05,balanced,0.07234034317038068,a2219ec96564a901aef9,json,real:engines\XAI-Compress\notebooks\13_ablation_study.ipynb,train
brotli,6,brotli|6|identity,identity,6.93408203125,0.004280799999833107,0.0006605999951716512,smallest,0.008231678940666155,a22d5978dcd6d8deeeb0,video,real:engines\XAI-Compress\data\test\archive (1)\FaceForensics++_C23\DeepFakeDetection\03_06__podium_speech_happy__83ABVHC3.mp4,validation
zstd,9,zstd|9|identity,identity,7.154296875,0.0010829999955603853,3.599999763537198e-05,fastest,0.013579047110563597,a22d5978dcd6d8deeeb0,video,real:engines\XAI-Compress\data\test\archive (1)\FaceForensics++_C23\DeepFakeDetection\03_06__podium_speech_happy__83ABVHC3.mp4,validation
brotli,6,brotli|6|identity,identity,6.93408203125,0.004280799999833107,0.0006605999951716512,balanced,0.02251899935199368,a22d5978dcd6d8deeeb0,video,real:engines\XAI-Compress\data\test\archive (1)\FaceForensics++_C23\DeepFakeDetection\03_06__podium_speech_happy__83ABVHC3.mp4,validation
brotli,9,brotli|9|identity,identity,6.78173828125,0.02745649999997113,0.0006210999999893829,smallest,0.016383577991197412,a2d1deaf6beae2b754df,video,real:engines\XAI-Compress\data\test\archive (1)\FaceForensics++_C23\DeepFakeDetection\03_01__meeting_serious__JZUXXFRB.mp4,test
zstd,3,zstd|3|identity,identity,7.008056640625,0.0004247999895596877,3.290000313427299e-05,fastest,0.011332656929865126,a2d1deaf6beae2b754df,video,real:engines\XAI-Compress\data\test\archive (1)\FaceForensics++_C23\DeepFakeDetection\03_01__meeting_serious__JZUXXFRB.mp4,test
brotli,6,brotli|6|identity,identity,6.7830810546875,0.003744900008314289,0.0005075000080978498,balanced,0.021246125119102947,a2d1deaf6beae2b754df,video,real:engines\XAI-Compress\data\test\archive (1)\FaceForensics++_C23\DeepFakeDetection\03_01__meeting_serious__JZUXXFRB.mp4,test
zstd,9,zstd|9|identity,identity,1.7897918293883928,0.0010489999986020848,5.849999433849007e-05,smallest,0.010032813047001495,a3ac9053822fcc894802,binary,real:apps\mobile_authenticator_flutter\android\.gradle\9.1.0\fileHashes\fileHashes.bin,validation
zstd,1,zstd|1|identity,identity,1.80364723061772,0.00017139999545179307,5.440000677481294e-05,fastest,0.004076914841846436,a3ac9053822fcc894802,binary,real:apps\mobile_authenticator_flutter\android\.gradle\9.1.0\fileHashes\fileHashes.bin,validation
zstd,1,zstd|1|identity,identity,1.80364723061772,0.00017139999545179307,5.440000677481294e-05,balanced,0.0077892324123334,a3ac9053822fcc894802,binary,real:apps\mobile_authenticator_flutter\android\.gradle\9.1.0\fileHashes\fileHashes.bin,validation
brotli,11,brotli|11|identity,identity,2.25,0.005696099993656389,4.359999729786068e-05,smallest,0.012953740021382824,a3adc98ddfe2c17d47ad,binary,real:apps\desktop_flutter\windows\flutter\generated_plugin_registrant.cc,train
deflate,1,deflate|1|identity,identity,2.9242424242424243,3.74000082956627e-05,1.2899996363557875e-05,fastest,0.018844209413416284,a3adc98ddfe2c17d47ad,binary,real:apps\desktop_flutter\windows\flutter\generated_plugin_registrant.cc,train
deflate,9,deflate|9|identity,identity,2.537878787878788,7.88000033935532e-05,1.920000067912042e-05,balanced,0.03919311899016127,a3adc98ddfe2c17d47ad,binary,real:apps\desktop_flutter\windows\flutter\generated_plugin_registrant.cc,train
brotli,11,brotli|11|identity,identity,4.2921142578125,0.38619499999913387,0.001091800004360266,smallest,0.027126964891214276,a3e871d1068d733770dc,model,real:engines\XAI-Compress\results\model_search\imports\candidate_a_retry_20260831\results\model_search\lr_0_0003\best.latest.pt,train
zstd,3,zstd|3|identity,identity,4.6639404296875,0.0006046000053174794,0.00022590000298805535,fastest,0.013256253408060128,a3e871d1068d733770dc,model,real:engines\XAI-Compress\results\model_search\imports\candidate_a_retry_20260831\results\model_search\lr_0_0003\best.latest.pt,train
zstd,9,zstd|9|identity,identity,4.5994873046875,0.0025886999937938526,0.00023099999816622585,balanced,0.04523046195414577,a3e871d1068d733770dc,model,real:engines\XAI-Compress\results\model_search\imports\candidate_a_retry_20260831\results\model_search\lr_0_0003\best.latest.pt,train
brotli,11,brotli|11|identity,identity,1.811480618513027,0.0203211000043666,8.349999552592635e-05,smallest,0.015735512553508944,a42a9cc462c40940862d,json,real:engines\XAI-Compress\results\final_analysis\final_report.json,train
zstd,3,zstd|3|identity,identity,2.3029019275577207,9.970000246539712e-05,3.4900003811344504e-05,fastest,0.0117174381996494,a42a9cc462c40940862d,json,real:engines\XAI-Compress\results\final_analysis\final_report.json,train
zstd,9,zstd|9|identity,identity,2.157170091082398,0.00032669999927747995,3.1100003980100155e-05,balanced,0.033197085501337216,a42a9cc462c40940862d,json,real:engines\XAI-Compress\results\final_analysis\final_report.json,train
brotli,11,brotli|11|identity,identity,3.4555680539932507,0.004743900004541501,3.609999839682132e-05,smallest,0.015195376677052798,a43aea813f9b9f4abec7,source_code,real:apps\public_nextjs\app\layout.tsx,validation
zstd,3,zstd|3|identity,identity,4.652418447694038,4.6200002543628216e-05,1.7400001524947584e-05,fastest,0.03370403667887961,a43aea813f9b9f4abec7,source_code,real:apps\public_nextjs\app\layout.tsx,validation
brotli,4,brotli|4|identity,identity,4.319460067491564,0.00017270000535063446,2.9300004825927317e-05,balanced,0.11761292393176748,a43aea813f9b9f4abec7,source_code,real:apps\public_nextjs\app\layout.tsx,validation
brotli,11,brotli|11|identity,identity,3.649484536082474,0.003058200003579259,3.3800009987317026e-05,smallest,0.008323189280354268,a44c41bf0123b0cd997a,json,real:apps\public_nextjs\.next\build-manifest.json,train
deflate,9,deflate|9|identity,identity,3.7731958762886597,6.930000381544232e-05,1.8499995348975062e-05,fastest,0.0222971703036107,a44c41bf0123b0cd997a,json,real:apps\public_nextjs\.next\build-manifest.json,train
deflate,9,deflate|9|identity,identity,3.7731958762886597,6.930000381544232e-05,1.8499995348975062e-05,balanced,0.027478585347021505,a44c41bf0123b0cd997a,json,real:apps\public_nextjs\.next\build-manifest.json,train
brotli,11,brotli|11|identity,identity,3.588132635253054,0.004026599999633618,4.6999994083307683e-05,smallest,0.008215034760563086,a44d09822c8639779d9e,source_code,real:apps\public_nextjs\app\terms\page.tsx,validation
zstd,9,zstd|9|identity,identity,5.221640488656195,7.059999916236848e-05,1.7499987734481692e-05,fastest,0.030740145751596865,a44d09822c8639779d9e,source_code,real:apps\public_nextjs\app\terms\page.tsx,validation
brotli,6,brotli|6|identity,identity,4.300174520069808,0.0010356999991927296,3.409999771974981e-05,balanced,0.12077443221044384,a44d09822c8639779d9e,source_code,real:apps\public_nextjs\app\terms\page.tsx,validation
lzma2,6,lzma2|6|identity,identity,3.541176470588235,0.030907499996828847,0.004524999996647239,smallest,0.02377259145324148,a4889316d6db31783ffe,executable,real:apps\admin_dotnet\bin\Debug\net8.0\Polly.Extensions.dll,train
zstd,9,zstd|9|identity,identity,4.000420168067227,0.0014091000048210844,0.00010130000009667128,fastest,0.012693714123059224,a4889316d6db31783ffe,executable,real:apps\admin_dotnet\bin\Debug\net8.0\Polly.Extensions.dll,train
zstd,9,zstd|9|identity,identity,4.000420168067227,0.0014091000048210844,0.00010130000009667128,balanced,0.05131506579604803,a4889316d6db31783ffe,executable,real:apps\admin_dotnet\bin\Debug\net8.0\Polly.Extensions.dll,train
brotli,6,brotli|6|identity,identity,0.7524299599771298,0.0008999999990919605,4.3800013372674584e-05,smallest,0.008164013010202592,a4cb364eeabc9d046f6a,csv,real:engines\XAI-Compress\results\hybrid_ai\selector_confusion_matrix.csv,validation
deflate,6,deflate|6|identity,identity,0.7913093196112064,0.00010290001227986068,2.4500011932104826e-05,fastest,0.008495297345627786,a4cb364eeabc9d046f6a,csv,real:engines\XAI-Compress\results\hybrid_ai\selector_confusion_matrix.csv,validation
deflate,6,deflate|6|identity,identity,0.7913093196112064,0.00010290001227986068,2.4500011932104826e-05,balanced,0.010746712062617321,a4cb364eeabc9d046f6a,csv,real:engines\XAI-Compress\results\hybrid_ai\selector_confusion_matrix.csv,validation
brotli,9,brotli|9|identity,identity,7.243408203125,0.027227400001720525,0.0007140999950934201,smallest,0.012219863176954867,a5082b066b30fc977198,video,real:engines\XAI-Compress\data\test\archive (1)\FaceForensics++_C23\DeepFakeDetection\02_09__kitchen_pan__HIH8YA82.mp4,train
zstd,3,zstd|3|identity,identity,7.4078369140625,0.00014010000450070947,1.1099997209385037e-05,fastest,0.011682812378475382,a5082b066b30fc977198,video,real:engines\XAI-Compress\data\test\archive (1)\FaceForensics++_C23\DeepFakeDetection\02_09__kitchen_pan__HIH8YA82.mp4,train
brotli,6,brotli|6|identity,identity,7.2464599609375,0.0017191999941132963,0.00038779999886173755,balanced,0.015460902008916429,a5082b066b30fc977198,video,real:engines\XAI-Compress\data\test\archive (1)\FaceForensics++_C23\DeepFakeDetection\02_09__kitchen_pan__HIH8YA82.mp4,train
brotli,11,brotli|11|identity,identity,2.84297520661157,0.003301599994301796,3.949999518226832e-05,smallest,0.006648433979635118,a5121d3f04b140dd77b4,json,real:apps\web_angular\package.after-audit-force.json,test
zstd,6,zstd|6|identity,identity,3.3851239669421487,6.53000024612993e-05,1.999999221879989e-05,fastest,0.01908937795014779,a5121d3f04b140dd77b4,json,real:apps\web_angular\package.after-audit-force.json,test
deflate,9,deflate|9|identity,identity,3.2925619834710744,8.199999865610152e-05,2.0799998310394585e-05,balanced,0.04977257565154593,a5121d3f04b140dd77b4,json,real:apps\web_angular\package.after-audit-force.json,test
brotli,6,brotli|6|identity,identity,4.972972972972973,0.0005052999913459644,3.6600002204068005e-05,smallest,0.004647468189552818,a533bd1ba718e0fdc068,binary,real:apps\desktop_flutter\.gitignore,train
deflate,9,deflate|9|identity,identity,5.297297297297297,4.9700000090524554e-05,1.679999695625156e-05,fastest,0.03167724385977647,a533bd1ba718e0fdc068,binary,real:apps\desktop_flutter\.gitignore,train
brotli,4,brotli|4|identity,identity,5.1891891891891895,0.00010050000855699182,2.300000051036477e-05,balanced,0.057149714687862424,a533bd1ba718e0fdc068,binary,real:apps\desktop_flutter\.gitignore,train
brotli,11,brotli|11|identity,identity,2.857142857142857,0.009321299992734566,6.359998951666057e-05,smallest,0.01608466230587354,a53d617f5b607cc91319,json,real:engines\XAI-Compress\notebooks\09_model_comparison.ipynb,train
deflate,6,deflate|6|identity,identity,3.560802833530106,0.00010879999899771065,2.649999805726111e-05,fastest,0.021052353824226495,a53d617f5b607cc91319,json,real:engines\XAI-Compress\notebooks\09_model_comparison.ipynb,train
deflate,9,deflate|9|identity,identity,3.551357733175915,0.00012379999679978937,2.5699991965666413e-05,balanced,0.0699480587021937,a53d617f5b607cc91319,json,real:engines\XAI-Compress\notebooks\09_model_comparison.ipynb,train
brotli,11,brotli|11|identity,identity,7.3709716796875,0.6416293999936897,0.0009733999904710799,smallest,0.016144214212771416,a545c1a12416fc0bbcfa,video,real:engines\XAI-Compress\data\test\archive (1)\FaceForensics++_C23\DeepFakeDetection\02_18__walking_down_street_outside_angry__21JTDDEL.mp4,train
zstd,3,zstd|3|identity,identity,7.5079345703125,0.0005956999957561493,4.6499990276061e-05,fastest,0.012268357159943542,a545c1a12416fc0bbcfa,video,real:engines\XAI-Compress\data\test\archive (1)\FaceForensics++_C23\DeepFakeDetection\02_18__walking_down_street_outside_angry__21JTDDEL.mp4,train
brotli,6,brotli|6|identity,identity,7.3868408203125,0.005910299994866364,0.0010086999973282218,balanced,0.029925131496031935,a545c1a12416fc0bbcfa,video,real:engines\XAI-Compress\data\test\archive (1)\FaceForensics++_C23\DeepFakeDetection\02_18__walking_down_street_outside_angry__21JTDDEL.mp4,train
brotli,6,brotli|6|identity,identity,7.1697998046875,0.004138600008445792,0.0006299000087892637,smallest,0.01209240728703076,a563728f78cc32ecb872,video,real:engines\XAI-Compress\data\test\archive (1)\FaceForensics++_C23\DeepFakeDetection\02_18__outside_talking_pan_laughing__OXMEEFUQ.mp4,train
zstd,3,zstd|3|identity,identity,7.345703125,0.0004557999927783385,3.0499999411404133e-05,fastest,0.012396069764609968,a563728f78cc32ecb872,video,real:engines\XAI-Compress\data\test\archive (1)\FaceForensics++_C23\DeepFakeDetection\02_18__outside_talking_pan_laughing__OXMEEFUQ.mp4,train
brotli,6,brotli|6|identity,identity,7.1697998046875,0.004138600008445792,0.0006299000087892637,balanced,0.02204334500084316,a563728f78cc32ecb872,video,real:engines\XAI-Compress\data\test\archive (1)\FaceForensics++_C23\DeepFakeDetection\02_18__outside_talking_pan_laughing__OXMEEFUQ.mp4,train
brotli,6,brotli|6|identity,identity,7.4290771484375,0.006134299997938797,0.0009811999916564673,smallest,0.003717088181511539,a575651b9c1ef8835f69,video,real:engines\XAI-Compress\data\test\archive (1)\FaceForensics++_C23\DeepFakeDetection\05_16__walk_down_hall_angry__OSXCUOHX.mp4,train
zstd,3,zstd|3|identity,identity,7.5902099609375,0.0006558999884873629,3.4500000765547156e-05,fastest,0.015372461283951904,a575651b9c1ef8835f69,video,real:engines\XAI-Compress\data\test\archive (1)\FaceForensics++_C23\DeepFakeDetection\05_16__walk_down_hall_angry__OSXCUOHX.mp4,train
brotli,6,brotli|6|identity,identity,7.4290771484375,0.006134299997938797,0.0009811999916564673,balanced,0.018874506860007106,a575651b9c1ef8835f69,video,real:engines\XAI-Compress\data\test\archive (1)\FaceForensics++_C23\DeepFakeDetection\05_16__walk_down_hall_angry__OSXCUOHX.mp4,train
brotli,11,brotli|11|identity,identity,3.36039768019884,0.006470899999840185,5.509999755304307e-05,smallest,0.012819164571650438,a5cc15c88e6b53a8938c,source_code,real:apps\web_angular\src\app\layout\shell.component.ts,train
zstd,3,zstd|3|identity,identity,4.235294117647059,6.649999704677612e-05,2.7399990358389914e-05,fastest,0.027176022963594025,a5cc15c88e6b53a8938c,source_code,real:apps\web_angular\src\app\layout\shell.component.ts,train
deflate,9,deflate|9|identity,identity,4.023198011599006,0.00012670000432990491,2.8700000257231295e-05,balanced,0.07957846057501226,a5cc15c88e6b53a8938c,source_code,real:apps\web_angular\src\app\layout\shell.component.ts,train
lzma2,6,lzma2|6|identity,identity,6.4345703125,0.032782800000859424,0.00845110000227578,smallest,0.01576753471307081,a6136e5701265c0ff69b,model,real:engines\XAI-Compress\checkpoints\phase_i_v1_128_sanity.pt,train
zstd,3,zstd|3|identity,identity,7.036865234375,0.00015749999147374183,7.439999899361283e-05,fastest,0.021552794348562106,a6136e5701265c0ff69b,model,real:engines\XAI-Compress\checkpoints\phase_i_v1_128_sanity.pt,train
brotli,6,brotli|6|identity,identity,6.67626953125,0.004304400004912168,0.0011589000059757382,balanced,0.09897884846504851,a6136e5701265c0ff69b,model,real:engines\XAI-Compress\checkpoints\phase_i_v1_128_sanity.pt,train
brotli,6,brotli|6|identity,identity,0.22666666666666666,0.00015449999773409218,1.8699996871873736e-05,smallest,0.0013160906786609796,a631d66d7c667b16d224,text,real:engines\XAI-Compress\.test-tmp\final-all\test_dataset_lazy_and_split0\a.txt,validation
deflate,9,deflate|9|identity,identity,0.36,3.4199998481199145e-05,7.099995855242014e-06,fastest,0.007175344315454379,a631d66d7c667b16d224,text,real:engines\XAI-Compress\.test-tmp\final-all\test_dataset_lazy_and_split0\a.txt,validation
deflate,9,deflate|9|identity,identity,0.36,3.4199998481199145e-05,7.099995855242014e-06,balanced,0.01195728512129986,a631d66d7c667b16d224,text,real:engines\XAI-Compress\.test-tmp\final-all\test_dataset_lazy_and_split0\a.txt,validation
brotli,9,brotli|9|identity,identity,1.6790771484375,0.02344259999517817,0.00025499999173916876,smallest,0.011280686883812611,a6d090bf2db93204e71a,json,real:apps\web_angular\package-lock.after-audit-force.json,validation
deflate,6,deflate|6|identity,identity,1.7918701171875,0.0012275000044610351,0.00013719999697059393,fastest,0.005377437283904735,a6d090bf2db93204e71a,json,real:apps\web_angular\package-lock.after-audit-force.json,validation
zstd,9,zstd|9|identity,identity,1.731689453125,0.0037025000056019053,0.00021939999714959413,balanced,0.013793941871559735,a6d090bf2db93204e71a,json,real:apps\web_angular\package-lock.after-audit-force.json,validation
lzma2,6,lzma2|6|identity,identity,4.07373046875,0.039022500001010485,0.006478000010247342,smallest,0.026294983528573537,a725b79e4cca44345c70,executable,real:apps\admin_dotnet\bin\Debug\net8.0\Microsoft.IO.RecyclableMemoryStream.dll,train
zstd,3,zstd|3|identity,identity,4.6312255859375,0.0010168000007979572,0.00026899999647866935,fastest,0.018876604838232124,a725b79e4cca44345c70,executable,real:apps\admin_dotnet\bin\Debug\net8.0\Microsoft.IO.RecyclableMemoryStream.dll,train
brotli,6,brotli|6|identity,identity,4.25390625,0.006574200000613928,0.0008860999951139092,balanced,0.052609512242975234,a725b79e4cca44345c70,executable,real:apps\admin_dotnet\bin\Debug\net8.0\Microsoft.IO.RecyclableMemoryStream.dll,train
brotli,9,brotli|9|identity,identity,6.84423828125,0.027001900001778267,0.0005955999949947,smallest,0.014911628836557915,a74409d96ebcf449c718,video,real:engines\XAI-Compress\data\test\archive (1)\FaceForensics++_C23\DeepFakeDetection\03_13__talking_against_wall__GBYWJW06.mp4,train
zstd,3,zstd|3|identity,identity,7.14404296875,0.00042889999167528003,4.130000888835639e-05,fastest,0.015040544757521366,a74409d96ebcf449c718,video,real:engines\XAI-Compress\data\test\archive (1)\FaceForensics++_C23\DeepFakeDetection\03_13__talking_against_wall__GBYWJW06.mp4,train
brotli,6,brotli|6|identity,identity,6.846923828125,0.003946099997847341,0.0006093999982113019,balanced,0.02332341690288499,a74409d96ebcf449c718,video,real:engines\XAI-Compress\data\test\archive (1)\FaceForensics++_C23\DeepFakeDetection\03_13__talking_against_wall__GBYWJW06.mp4,train
brotli,11,brotli|11|identity,identity,2.8796818031156777,0.01229590000002645,8.109999180305749e-05,smallest,0.016046857968734455,a74739aa70cba4f16327,csv,real:engines\XAI-Compress\checkpoints\kaggle\best.metrics.csv,train
zstd,1,zstd|1|identity,identity,3.2933377527345047,8.64000030560419e-05,3.510000533424318e-05,fastest,0.015430007781715195,a74739aa70cba4f16327,csv,real:engines\XAI-Compress\checkpoints\kaggle\best.metrics.csv,train
brotli,4,brotli|4|identity,identity,3.160755717600265,0.00036759999056812376,5.679999594576657e-05,balanced,0.04313239308540816,a74739aa70cba4f16327,csv,real:engines\XAI-Compress\checkpoints\kaggle\best.metrics.csv,train
raw,,raw|default|identity,identity,8.0,3.2999960239976645e-06,1.6999983927235007e-06,smallest,0.0,a79486349dd2e056bef1,binary,real:apps\mobile_authenticator_flutter\android\.gradle\buildOutputCleanup\cache.properties,test
raw,,raw|default|identity,identity,8.0,3.2999960239976645e-06,1.6999983927235007e-06,fastest,0.0,a79486349dd2e056bef1,binary,real:apps\mobile_authenticator_flutter\android\.gradle\buildOutputCleanup\cache.properties,test
raw,,raw|default|identity,identity,8.0,3.2999960239976645e-06,1.6999983927235007e-06,balanced,0.0,a79486349dd2e056bef1,binary,real:apps\mobile_authenticator_flutter\android\.gradle\buildOutputCleanup\cache.properties,test
bzip2,9,bzip2|9|identity,identity,1.3856201171875,0.011051199995563366,0.0030478999979095533,smallest,0.002921477444134434,a83f31f6abc2146333c5,source_code,real:apps\web_angular\.angular\cache\20.3.28\xai-web\vite\deps\zone__js.js,validation
deflate,6,deflate|6|identity,identity,1.599609375,0.0012229999992996454,9.010000212583691e-05,fastest,0.006154630986851055,a83f31f6abc2146333c5,source_code,real:apps\web_angular\.angular\cache\20.3.28\xai-web\vite\deps\zone__js.js,validation
deflate,6,deflate|6|identity,identity,1.599609375,0.0012229999992996454,9.010000212583691e-05,balanced,0.017004591409686156,a83f31f6abc2146333c5,source_code,real:apps\web_angular\.angular\cache\20.3.28\xai-web\vite\deps\zone__js.js,validation
brotli,11,brotli|11|identity,identity,2.9447852760736195,0.014786100000492297,6.749999010935426e-05,smallest,0.016416250457816157,a84a697ea1b8bde83136,json,real:engines\XAI-Compress\notebooks\10_compression_comparison.ipynb,train
deflate,6,deflate|6|identity,identity,3.6363636363636362,0.00016759999562054873,3.840000135824084e-05,fastest,0.0264870105961743,a84a697ea1b8bde83136,json,real:engines\XAI-Compress\notebooks\10_compression_comparison.ipynb,train
deflate,6,deflate|6|identity,identity,3.6363636363636362,0.00016759999562054873,3.840000135824084e-05,balanced,0.07489337899367453,a84a697ea1b8bde83136,json,real:engines\XAI-Compress\notebooks\10_compression_comparison.ipynb,train
brotli,11,brotli|11|identity,identity,4.139630390143737,0.003296599999885075,4.150001041125506e-05,smallest,0.008146516476528351,a89d7b9b1e1b6961fd53,json,real:engines\XAI-Compress\checkpoints\selector\model_manifest.json,validation
deflate,9,deflate|9|identity,identity,4.517453798767967,7.6299998909235e-05,1.9700004486367106e-05,fastest,0.02431567450724239,a89d7b9b1e1b6961fd53,json,real:engines\XAI-Compress\checkpoints\selector\model_manifest.json,validation
deflate,9,deflate|9|identity,identity,4.517453798767967,7.6299998909235e-05,1.9700004486367106e-05,balanced,0.05762249032823889,a89d7b9b1e1b6961fd53,json,real:engines\XAI-Compress\checkpoints\selector\model_manifest.json,validation
brotli,6,brotli|6|identity,identity,6.64697265625,0.004351599985966459,0.0009038999996846542,smallest,0.011359286978619274,a8eee5cb651502b76851,video,real:engines\XAI-Compress\data\test\archive (1)\FaceForensics++_C23\DeepFakeDetection\02_06__podium_speech_happy__SU4OQCS9.mp4,test
zstd,6,zstd|6|identity,identity,6.9053955078125,0.0012255000037839636,3.8300000596791506e-05,fastest,0.011466949348796315,a8eee5cb651502b76851,video,real:engines\XAI-Compress\data\test\archive (1)\FaceForensics++_C23\DeepFakeDetection\02_06__podium_speech_happy__SU4OQCS9.mp4,test
brotli,6,brotli|6|identity,identity,6.64697265625,0.004351599985966459,0.0009038999996846542,balanced,0.015453279331552511,a8eee5cb651502b76851,video,real:engines\XAI-Compress\data\test\archive (1)\FaceForensics++_C23\DeepFakeDetection\02_06__podium_speech_happy__SU4OQCS9.mp4,test
brotli,9,brotli|9|identity,identity,6.1693115234375,0.024542400002246723,0.0005806999979540706,smallest,0.012858303306170174,a8ef1fef6b2123348635,video,real:engines\XAI-Compress\data\test\archive (1)\FaceForensics++_C23\DeepFakeDetection\01_21__talking_angry_couch__03X7CELV.mp4,train
zstd,9,zstd|9|identity,identity,6.41943359375,0.0012352999910945073,0.00016870000399649143,fastest,0.014639200416656157,a8ef1fef6b2123348635,video,real:engines\XAI-Compress\data\test\archive (1)\FaceForensics++_C23\DeepFakeDetection\01_21__talking_angry_couch__03X7CELV.mp4,train
brotli,6,brotli|6|identity,identity,6.171142578125,0.0046393999946303666,0.0006689000001642853,balanced,0.026721658470040762,a8ef1fef6b2123348635,video,real:engines\XAI-Compress\data\test\archive (1)\FaceForensics++_C23\DeepFakeDetection\01_21__talking_angry_couch__03X7CELV.mp4,train
brotli,11,brotli|11|identity,identity,7.866666666666666,0.001342800009297207,2.8700000257231295e-05,smallest,0.005035832524908853,a8f774e0d5fa56b73ddf,markdown,real:services\support_symfony\README.md,train
raw,,raw|default|identity,identity,8.0,3.7999998312443495e-06,3.0999945010989904e-06,fastest,0.0008771929824561404,a8f774e0d5fa56b73ddf,markdown,real:services\support_symfony\README.md,train
raw,,raw|default|identity,identity,8.0,3.7999998312443495e-06,3.0999945010989904e-06,balanced,0.007894736842105263,a8f774e0d5fa56b73ddf,markdown,real:services\support_symfony\README.md,train
brotli,11,brotli|11|identity,identity,3.533980582524272,0.0040945000073406845,4.3100008042529225e-05,smallest,0.009777417846742222,a91f943f9a8894c3ee66,text,real:engines\XAI-Compress\DELIVERY_NOTES.txt,train
zstd,6,zstd|6|identity,identity,4.375404530744337,5.2799994591623545e-05,1.4999997802078724e-05,fastest,0.025521583458827914,a91f943f9a8894c3ee66,text,real:engines\XAI-Compress\DELIVERY_NOTES.txt,train
brotli,4,brotli|4|identity,identity,4.116504854368932,0.00014819999341852963,3.100000321865082e-05,balanced,0.08698942838878161,a91f943f9a8894c3ee66,text,real:engines\XAI-Compress\DELIVERY_NOTES.txt,train
brotli,11,brotli|11|identity,identity,7.6744384765625,0.6944831000000704,0.0010467000101925805,smallest,0.01716011439672424,a94b588bb91e1aebe086,video,real:engines\XAI-Compress\data\test\archive (1)\FaceForensics++_C23\DeepFakeDetection\02_15__walk_down_hall_angry__TN2CWM3K.mp4,train
zstd,9,zstd|9|identity,identity,7.7681884765625,0.0004341000021668151,1.2200005585327744e-05,fastest,0.010196584768951038,a94b588bb91e1aebe086,video,real:engines\XAI-Compress\data\test\archive (1)\FaceForensics++_C23\DeepFakeDetection\02_15__walk_down_hall_angry__TN2CWM3K.mp4,train
brotli,6,brotli|6|identity,identity,7.6842041015625,0.0016953999875113368,0.00024560000747442245,balanced,0.016322300799820125,a94b588bb91e1aebe086,video,real:engines\XAI-Compress\data\test\archive (1)\FaceForensics++_C23\DeepFakeDetection\02_15__walk_down_hall_angry__TN2CWM3K.mp4,train
brotli,11,brotli|11|identity,identity,3.8378825475599667,0.011715400003595278,7.850000110920519e-05,smallest,0.016304269845140124,aa14e7284e6e012d372f,source_code,real:engines\XAI-Compress\results\model_search\imports\auto\lr-0-0002-f316e33308\v1\XAI-Compress\scripts\kaggle\submit_v2_lr_0002_diagnostic.ps1,test
zstd,3,zstd|3|identity,identity,4.5657568238213395,0.00010149998706765473,4.0700004319660366e-05,fastest,0.02440706812159265,aa14e7284e6e012d372f,source_code,real:engines\XAI-Compress\results\model_search\imports\auto\lr-0-0002-f316e33308\v1\XAI-Compress\scripts\kaggle\submit_v2_lr_0002_diagnostic.ps1,test
deflate,6,deflate|6|identity,identity,4.367245657568239,0.0001664000010350719,4.3499996536411345e-05,balanced,0.07033622998974563,aa14e7284e6e012d372f,source_code,real:engines\XAI-Compress\results\model_search\imports\auto\lr-0-0002-f316e33308\v1\XAI-Compress\scripts\kaggle\submit_v2_lr_0002_diagnostic.ps1,test
brotli,11,brotli|11|identity,identity,4.909090909090909,0.0029158999968785793,3.9699996705166996e-05,smallest,0.008008373239467943,aa2a52d9c84e4f35c845,markdown,real:apps\web_angular\README.md,train
zstd,9,zstd|9|identity,identity,6.212121212121212,5.099999543745071e-05,1.619999238755554e-05,fastest,0.03507042854192865,aa2a52d9c84e4f35c845,markdown,real:apps\web_angular\README.md,train
brotli,4,brotli|4|identity,identity,5.909090909090909,0.0001188000023830682,2.5599991204217076e-05,balanced,0.1419892126659353,aa2a52d9c84e4f35c845,markdown,real:apps\web_angular\README.md,train
brotli,11,brotli|11|identity,identity,2.693629929221436,0.0045799999934388325,5.299999611452222e-05,smallest,0.010264903866618944,aa9fe92af22abdfdc466,json,real:engines\XAI-Compress\checkpoints\gru_v2_hq.summary.json,train
zstd,3,zstd|3|identity,identity,3.470171890798787,5.319999763742089e-05,2.1500003640539944e-05,fastest,0.023433562737801696,aa9fe92af22abdfdc466,json,real:engines\XAI-Compress\checkpoints\gru_v2_hq.summary.json,train
deflate,9,deflate|9|identity,identity,3.2032355915065724,9.689999569673091e-05,2.3300002794712782e-05,balanced,0.05739792811602,aa9fe92af22abdfdc466,json,real:engines\XAI-Compress\checkpoints\gru_v2_hq.summary.json,train
deflate,9,deflate|9|identity,identity,7.8187255859375,0.0038766999932704493,0.0005726999952457845,smallest,0.011551866243005877,ab223c0e8c40771afec6,archive,real:apps\public_nextjs\.next\cache\webpack\client-development\index.pack.gz,validation
zstd,6,zstd|6|identity,identity,7.83447265625,0.002546300005633384,5.889999738428742e-05,fastest,0.006306855731477316,ab223c0e8c40771afec6,archive,real:apps\public_nextjs\.next\cache\webpack\client-development\index.pack.gz,validation
zstd,9,zstd|9|identity,identity,7.83349609375,0.0030574999982491136,5.509999755304307e-05,balanced,0.019495006700431902,ab223c0e8c40771afec6,archive,real:apps\public_nextjs\.next\cache\webpack\client-development\index.pack.gz,validation
brotli,11,brotli|11|identity,identity,7.8011474609375,0.8132294999959413,0.0005874000053154305,smallest,0.01576255457613327,ab9fd50e606430ff1ad4,archive,real:apps\public_nextjs\.next\cache\webpack\server-development\0.pack.gz,test
zstd,9,zstd|9|identity,identity,7.833251953125,0.0017590000061318278,3.879998985212296e-05,fastest,0.005910135133084988,ab9fd50e606430ff1ad4,archive,real:apps\public_nextjs\.next\cache\webpack\server-development\0.pack.gz,test
deflate,9,deflate|9|identity,identity,7.814697265625,0.003690199999255128,0.0005002999969292432,balanced,0.0242556188142685,ab9fd50e606430ff1ad4,archive,real:apps\public_nextjs\.next\cache\webpack\server-development\0.pack.gz,test
brotli,6,brotli|6|identity,identity,6.9542236328125,0.0021376000076998025,0.0002759000053629279,smallest,0.00523241421281526,ac3f5609f52cfcc41c89,video,real:engines\XAI-Compress\data\test\archive (1)\FaceForensics++_C23\DeepFakeDetection\02_13__outside_talking_still_laughing__CP5HFV3K.mp4,train
brotli,6,brotli|6|identity,identity,6.9542236328125,0.0021376000076998025,0.0002759000053629279,fastest,0.011279152401687519,ac3f5609f52cfcc41c89,video,real:engines\XAI-Compress\data\test\archive (1)\FaceForensics++_C23\DeepFakeDetection\02_13__outside_talking_still_laughing__CP5HFV3K.mp4,train
brotli,6,brotli|6|identity,identity,6.9542236328125,0.0021376000076998025,0.0002759000053629279,balanced,0.009986163747941179,ac3f5609f52cfcc41c89,video,real:engines\XAI-Compress\data\test\archive (1)\FaceForensics++_C23\DeepFakeDetection\02_13__outside_talking_still_laughing__CP5HFV3K.mp4,train
bzip2,9,bzip2|9|identity,identity,1.3023360203490004,0.008326099996338598,0.0024253999872598797,smallest,0.002706304483941531,acc8fb26b7d76972e054,csv,real:engines\XAI-Compress\data\domain_focused\archive (1)\FaceForensics++_C23\csv\Face2Face.csv,train
zstd,1,zstd|1|identity,identity,1.7862232779097387,0.0005576999974437058,0.00019019999308511615,fastest,0.008079995515048052,acc8fb26b7d76972e054,csv,real:engines\XAI-Compress\data\domain_focused\archive (1)\FaceForensics++_C23\csv\Face2Face.csv,train
brotli,6,brotli|6|identity,identity,1.6083191501299867,0.005096299995784648,0.00045569999201688915,balanced,0.033398203131185855,acc8fb26b7d76972e054,csv,real:engines\XAI-Compress\data\domain_focused\archive (1)\FaceForensics++_C23\csv\Face2Face.csv,train
brotli,11,brotli|11|identity,identity,4.216867469879518,0.0027273000014247373,3.509999078232795e-05,smallest,0.01050600779805185,ad0b08061a9ab2d2bfde,csv,real:engines\XAI-Compress\.test-tmp\kaggle-workflow-final\test_experiment_log_and_manife0\experiments.csv,train
zstd,3,zstd|3|identity,identity,5.27710843373494,4.360001184977591e-05,1.7700003809295595e-05,fastest,0.03886656862274947,ad0b08061a9ab2d2bfde,csv,real:engines\XAI-Compress\.test-tmp\kaggle-workflow-final\test_experiment_log_and_manife0\experiments.csv,train
brotli,4,brotli|4|identity,identity,4.795180722891566,0.00012789999891538173,2.649999805726111e-05,balanced,0.10184847282896346,ad0b08061a9ab2d2bfde,csv,real:engines\XAI-Compress\.test-tmp\kaggle-workflow-final\test_experiment_log_and_manife0\experiments.csv,train
brotli,11,brotli|11|identity,identity,7.38671875,0.5601335999963339,0.0005921000119997188,smallest,0.015931790337748636,ad1815a2e2b4ec600232,video,real:engines\XAI-Compress\data\test\archive (1)\FaceForensics++_C23\DeepFakeDetection\03_07__walk_down_hall_angry__6PHZRQ4H.mp4,train
zstd,3,zstd|3|identity,identity,7.5352783203125,0.00039620000461582094,3.160000778734684e-05,fastest,0.013278266791082112,ad1815a2e2b4ec600232,video,real:engines\XAI-Compress\data\test\archive (1)\FaceForensics++_C23\DeepFakeDetection\03_07__walk_down_hall_angry__6PHZRQ4H.mp4,train
brotli,6,brotli|6|identity,identity,7.4033203125,0.003811000002315268,0.0005902000120840967,balanced,0.026603095812502104,ad1815a2e2b4ec600232,video,real:engines\XAI-Compress\data\test\archive (1)\FaceForensics++_C23\DeepFakeDetection\03_07__walk_down_hall_angry__6PHZRQ4H.mp4,train
brotli,11,brotli|11|identity,identity,4.012987012987013,0.004226100005325861,4.549999721348286e-05,smallest,0.010582436141796775,ad2bbe4734f3da1be94f,binary,real:apps\desktop_flutter\pubspec.yaml,train
zstd,9,zstd|9|identity,identity,4.8441558441558445,7.870000263210386e-05,1.9899991457350552e-05,fastest,0.03479443948739718,ad2bbe4734f3da1be94f,binary,real:apps\desktop_flutter\pubspec.yaml,train
deflate,9,deflate|9|identity,identity,4.597402597402597,8.520000847056508e-05,2.230000973213464e-05,balanced,0.08591695223816095,ad2bbe4734f3da1be94f,binary,real:apps\desktop_flutter\pubspec.yaml,train
brotli,9,brotli|9|identity,identity,7.2930908203125,0.0265060999954585,0.0005985000025248155,smallest,0.0033402884265486057,ad90f8956558636073b2,video,real:engines\XAI-Compress\data\test\archive (1)\FaceForensics++_C23\DeepFakeDetection\01_04__hugging_happy__GBC7ZGDP.mp4,train
zstd,1,zstd|1|identity,identity,7.4683837890625,0.0003505000058794394,3.5600009141489863e-05,fastest,0.013789645276336221,ad90f8956558636073b2,video,real:engines\XAI-Compress\data\test\archive (1)\FaceForensics++_C23\DeepFakeDetection\01_04__hugging_happy__GBC7ZGDP.mp4,train
brotli,6,brotli|6|identity,identity,7.294189453125,0.004004300004453398,0.0005318000039551407,balanced,0.015285107434068095,ad90f8956558636073b2,video,real:engines\XAI-Compress\data\test\archive (1)\FaceForensics++_C23\DeepFakeDetection\01_04__hugging_happy__GBC7ZGDP.mp4,train
raw,,raw|default|identity,identity,8.0,8.400005754083395e-06,6.599992047995329e-06,smallest,0.0,ad9ceb418a2768f2db7d,high_entropy,synthetic:engines\XAI-Compress\data\hybrid_selector\synthetic\high_entropy_10240KiB.rand,train
raw,,raw|default|identity,identity,8.0,8.400005754083395e-06,6.599992047995329e-06,fastest,0.0,ad9ceb418a2768f2db7d,high_entropy,synthetic:engines\XAI-Compress\data\hybrid_selector\synthetic\high_entropy_10240KiB.rand,train
raw,,raw|default|identity,identity,8.0,8.400005754083395e-06,6.599992047995329e-06,balanced,0.0,ad9ceb418a2768f2db7d,high_entropy,synthetic:engines\XAI-Compress\data\hybrid_selector\synthetic\high_entropy_10240KiB.rand,train
brotli,9,brotli|9|identity,identity,7.246337890625,0.027878799999598414,0.000607299996772781,smallest,0.012783487420997108,adacdb3fb3b269d0e4ec,video,real:engines\XAI-Compress\data\test\archive (1)\FaceForensics++_C23\DeepFakeDetection\02_09__kitchen_pan__9TDCEK1Q.mp4,test
zstd,3,zstd|3|identity,identity,7.418701171875,0.0001483999949414283,1.1500000255182385e-05,fastest,0.012334490870489557,adacdb3fb3b269d0e4ec,video,real:engines\XAI-Compress\data\test\archive (1)\FaceForensics++_C23\DeepFakeDetection\02_09__kitchen_pan__9TDCEK1Q.mp4,test
brotli,6,brotli|6|identity,identity,7.2470703125,0.003942600000300445,0.0006164999940665439,balanced,0.02193534918710448,adacdb3fb3b269d0e4ec,video,real:engines\XAI-Compress\data\test\archive (1)\FaceForensics++_C23\DeepFakeDetection\02_09__kitchen_pan__9TDCEK1Q.mp4,test
brotli,11,brotli|11|identity,identity,3.579967689822294,0.004412700000102632,4.169999738223851e-05,smallest,0.01201602150585877,adc5b86ec725b8711754,binary,real:apps\public_nextjs\Dockerfile,train
deflate,1,deflate|1|identity,identity,4.833602584814217,4.430000262800604e-05,1.580000389367342e-05,fastest,0.033063537690620336,adc5b86ec725b8711754,binary,real:apps\public_nextjs\Dockerfile,train
deflate,9,deflate|9|identity,identity,4.1227786752827145,8.81999876582995e-05,2.200000744778663e-05,balanced,0.0785292484064186,adc5b86ec725b8711754,binary,real:apps\public_nextjs\Dockerfile,train
deflate,9,deflate|9|identity,identity,7.947331028276418,0.0008342999935848638,0.00015490000077988952,smallest,0.0009005641950649923,ae213147909bd8a8d931,archive,real:apps\public_nextjs\.next\cache\webpack\client-development\4.pack.gz,validation
raw,,raw|default|identity,identity,8.0,5.900001269765198e-06,3.7999998312443495e-06,fastest,0.0062895927601809955,ae213147909bd8a8d931,archive,real:apps\public_nextjs\.next\cache\webpack\client-development\4.pack.gz,validation
deflate,9,deflate|9|identity,identity,7.947331028276418,0.0008342999935848638,0.00015490000077988952,balanced,0.012493060210259956,ae213147909bd8a8d931,archive,real:apps\public_nextjs\.next\cache\webpack\client-development\4.pack.gz,validation
brotli,11,brotli|11|identity,identity,6.789860764012853,0.16512669999792706,0.0006935999990673736,smallest,0.01772914302607362,ae5648f6e6016dad0b95,model,real:engines\XAI-Compress\.test-tmp\final-validation\test_neural_gru_roundtrip0\tiny.pt,train
zstd,9,zstd|9|identity,identity,7.0003570153516606,0.0005010999884689227,0.0001016000023810193,fastest,0.01709827474827317,ae5648f6e6016dad0b95,model,real:engines\XAI-Compress\.test-tmp\final-validation\test_neural_gru_roundtrip0\tiny.pt,train
brotli,6,brotli|6|identity,identity,6.8606926097822205,0.0029346000083023682,0.0005005999992135912,balanced,0.05786902315818822,ae5648f6e6016dad0b95,model,real:engines\XAI-Compress\.test-tmp\final-validation\test_neural_gru_roundtrip0\tiny.pt,train
brotli,4,brotli|4|identity,identity,0.115234375,9.200000204145908e-05,2.510000194888562e-05,smallest,0.0003235702772199615,ae80a90b1696329d7c3a,structured,synthetic:engines\XAI-Compress\data\hybrid_selector\synthetic\structured_4KiB.json,train
zstd,9,zstd|9|identity,identity,0.14453125,2.9699993319809437e-05,7.299997378140688e-06,fastest,0.0023473849213514406,ae80a90b1696329d7c3a,structured,synthetic:engines\XAI-Compress\data\hybrid_selector\synthetic\structured_4KiB.json,train
zstd,9,zstd|9|identity,identity,0.14453125,2.9699993319809437e-05,7.299997378140688e-06,balanced,0.0028523660563421448,ae80a90b1696329d7c3a,structured,synthetic:engines\XAI-Compress\data\hybrid_selector\synthetic\structured_4KiB.json,train
brotli,11,brotli|11|identity,identity,7.636363636363637,0.0013686000020243227,3.0400013201870024e-05,smallest,0.006642787757112269,aedca929aa742fd71e9b,markdown,real:tools\qt_inspector\README.md,test
raw,,raw|default|identity,identity,8.0,6.89999433234334e-06,6.000002031214535e-06,fastest,0.002459016393442623,aedca929aa742fd71e9b,markdown,real:tools\qt_inspector\README.md,test
raw,,raw|default|identity,identity,8.0,6.89999433234334e-06,6.000002031214535e-06,balanced,0.022131147540983605,aedca929aa742fd71e9b,markdown,real:tools\qt_inspector\README.md,test
brotli,11,brotli|11|identity,identity,3.4485165794066317,0.0030583000043407083,2.7299989596940577e-05,smallest,0.012619237190618198,af06e08a932131b2bd52,source_code,real:analytics\XAI-Compress-Analysis-Suite\analysis_suite\common.py,test
zstd,3,zstd|3|identity,identity,3.9162303664921465,3.070000093430281e-05,1.2499993317760527e-05,fastest,0.022451618469883382,af06e08a932131b2bd52,source_code,real:analytics\XAI-Compress-Analysis-Suite\analysis_suite\common.py,test
deflate,9,deflate|9|identity,identity,3.699825479930192,5.5800002883188426e-05,1.3500000932253897e-05,balanced,0.039968918148748464,af06e08a932131b2bd52,source_code,real:analytics\XAI-Compress-Analysis-Suite\analysis_suite\common.py,test
brotli,11,brotli|11|identity,identity,3.7288702928870294,0.0074606999987736344,6.469999789260328e-05,smallest,0.014710004345305453,af53b59784cf5fa3bd54,source_code,real:apps\web_angular\src\app\pages\files.page.ts,test
deflate,9,deflate|9|identity,identity,4.157322175732218,0.00010089999705087394,2.36999912885949e-05,fastest,0.023636622063102155,af53b59784cf5fa3bd54,source_code,real:apps\web_angular\src\app\pages\files.page.ts,test
deflate,9,deflate|9|identity,identity,4.157322175732218,0.00010089999705087394,2.36999912885949e-05,balanced,0.057635920585430614,af53b59784cf5fa3bd54,source_code,real:apps\web_angular\src\app\pages\files.page.ts,test
brotli,11,brotli|11|identity,identity,7.37646484375,0.7549110000109067,0.0008900000102585182,smallest,0.016384423562513736,af6180adf3abb6186174,video,real:engines\XAI-Compress\data\test\archive (1)\FaceForensics++_C23\DeepFakeDetection\03_20__walk_down_hall_angry__61SVZ2J7.mp4,train
brotli,6,brotli|6|identity,identity,7.3916015625,0.003812599999946542,0.00026599998818710446,fastest,0.01135686306833471,af6180adf3abb6186174,video,real:engines\XAI-Compress\data\test\archive (1)\FaceForensics++_C23\DeepFakeDetection\03_20__walk_down_hall_angry__61SVZ2J7.mp4,train
brotli,6,brotli|6|identity,identity,7.3916015625,0.003812599999946542,0.00026599998818710446,balanced,0.017928461902338377,af6180adf3abb6186174,video,real:engines\XAI-Compress\data\test\archive (1)\FaceForensics++_C23\DeepFakeDetection\03_20__walk_down_hall_angry__61SVZ2J7.mp4,train
brotli,9,brotli|9|identity,identity,0.7868852459016393,0.0030103999888524413,6.040000880602747e-05,smallest,0.00785730012791595,af82cf1860d48c9c3663,binary,real:apps\mobile_authenticator_flutter\.flutter-plugins-dependencies,train
deflate,6,deflate|6|identity,identity,0.8473433321706778,0.0001863999932538718,3.569999535102397e-05,fastest,0.004552645177061993,af82cf1860d48c9c3663,binary,real:apps\mobile_authenticator_flutter\.flutter-plugins-dependencies,train
deflate,6,deflate|6|identity,identity,0.8473433321706778,0.0001863999932538718,3.569999535102397e-05,balanced,0.00929538329314453,af82cf1860d48c9c3663,binary,real:apps\mobile_authenticator_flutter\.flutter-plugins-dependencies,train
raw,,raw|default|identity,identity,8.0,2.2999884095042944e-06,1.8999999156221747e-06,smallest,0.0,af9bc74bbd50cd34bcb9,pdf,real:engines\XAI-Compress\restored.pdf,train
raw,,raw|default|identity,identity,8.0,2.2999884095042944e-06,1.8999999156221747e-06,fastest,0.0,af9bc74bbd50cd34bcb9,pdf,real:engines\XAI-Compress\restored.pdf,train
raw,,raw|default|identity,identity,8.0,2.2999884095042944e-06,1.8999999156221747e-06,balanced,0.0,af9bc74bbd50cd34bcb9,pdf,real:engines\XAI-Compress\restored.pdf,train
brotli,11,brotli|11|identity,identity,1.5778034682080926,0.021250099991448224,8.759999764151871e-05,smallest,0.015395613940373962,afac6a96f592f4b51b87,json,real:engines\XAI-Compress\data\domain_focused\archive\results\checkpoint-1290\trainer_state.json,train
zstd,3,zstd|3|identity,identity,2.0809248554913293,0.0001260999997612089,5.779998900834471e-05,fastest,0.011731391464457792,afac6a96f592f4b51b87,json,real:engines\XAI-Compress\data\domain_focused\archive\results\checkpoint-1290\trainer_state.json,train
zstd,6,zstd|6|identity,identity,1.9310982658959537,0.0002682000049389899,4.4899992644786835e-05,balanced,0.030957467610467724,afac6a96f592f4b51b87,json,real:engines\XAI-Compress\data\domain_focused\archive\results\checkpoint-1290\trainer_state.json,train
lzma2,6,lzma2|6|identity,identity,0.7748586931946643,0.023145400002249517,0.0011241999891353771,smallest,0.013496703035312422,b00647a7dac9598594b4,binary,real:apps\public_nextjs\.next\trace,train
zstd,1,zstd|1|identity,identity,1.0335066696812119,0.00019020000763703138,8.670000534038991e-05,fastest,0.0048443834656080355,b00647a7dac9598594b4,binary,real:apps\public_nextjs\.next\trace,train
zstd,9,zstd|9|identity,identity,0.8625819579470947,0.0010980999941239133,6.760000542271882e-05,balanced,0.013022077293383349,b00647a7dac9598594b4,binary,real:apps\public_nextjs\.next\trace,train
brotli,11,brotli|11|identity,identity,3.4095940959409594,0.006983800005400553,7.449999975506216e-05,smallest,0.013198748602569026,b00664fd5d62a3e1e6b1,source_code,real:apps\desktop_flutter\lib\screens\decompress_screen.dart,train
zstd,3,zstd|3|identity,identity,4.083640836408364,7.03000114299357e-05,2.680000034160912e-05,fastest,0.022507280698731518,b00664fd5d62a3e1e6b1,source_code,real:apps\desktop_flutter\lib\screens\decompress_screen.dart,train
deflate,9,deflate|9|identity,identity,3.911439114391144,0.00014229999214876443,3.199999628122896e-05,balanced,0.06401911083492379,b00664fd5d62a3e1e6b1,source_code,real:apps\desktop_flutter\lib\screens\decompress_screen.dart,train
brotli,9,brotli|9|identity,identity,7.3558349609375,0.026996800006600097,0.0007329000072786584,smallest,0.011271460875736116,b0085e643dad4fdad97a,video,real:engines\XAI-Compress\data\test\archive (1)\FaceForensics++_C23\DeepFakeDetection\04_01__kitchen_pan__GBC7ZGDP.mp4,train
zstd,3,zstd|3|identity,identity,7.4932861328125,0.00034699999378062785,2.579999272711575e-05,fastest,0.011863060345391172,b0085e643dad4fdad97a,video,real:engines\XAI-Compress\data\test\archive (1)\FaceForensics++_C23\DeepFakeDetection\04_01__kitchen_pan__GBC7ZGDP.mp4,train
brotli,6,brotli|6|identity,identity,7.3565673828125,0.00407729999278672,0.0005493999924510717,balanced,0.01812420621213163,b0085e643dad4fdad97a,video,real:engines\XAI-Compress\data\test\archive (1)\FaceForensics++_C23\DeepFakeDetection\04_01__kitchen_pan__GBC7ZGDP.mp4,train
zstd,1,zstd|1|identity,identity,0.0009613037109375,0.000481100010802038,0.0013018000026931986,smallest,0.00048684105247898655,b0458f3e40ab25b3df7c,repetitive,synthetic:engines\XAI-Compress\data\hybrid_selector\synthetic\repetitive_1024KiB.bin,test
zstd,1,zstd|1|identity,identity,0.0009613037109375,0.000481100010802038,0.0013018000026931986,fastest,0.015264579174840032,b0458f3e40ab25b3df7c,repetitive,synthetic:engines\XAI-Compress\data\hybrid_selector\synthetic\repetitive_1024KiB.bin,test
zstd,1,zstd|1|identity,identity,0.0009613037109375,0.000481100010802038,0.0013018000026931986,balanced,0.007545121314864014,b0458f3e40ab25b3df7c,repetitive,synthetic:engines\XAI-Compress\data\hybrid_selector\synthetic\repetitive_1024KiB.bin,test
brotli,6,brotli|6|identity,identity,6.648681640625,0.004004599992185831,0.0006491999956779182,smallest,0.011651728118539224,b04aee5b4830fd4ed923,video,real:engines\XAI-Compress\data\test\archive (1)\FaceForensics++_C23\DeepFakeDetection\02_09__podium_speech_happy__9TDCEK1Q.mp4,train
zstd,3,zstd|3|identity,identity,6.91650390625,0.0004236000095261261,3.340000694151968e-05,fastest,0.011816898246152676,b04aee5b4830fd4ed923,video,real:engines\XAI-Compress\data\test\archive (1)\FaceForensics++_C23\DeepFakeDetection\02_09__podium_speech_happy__9TDCEK1Q.mp4,train
brotli,6,brotli|6|identity,identity,6.648681640625,0.004004599992185831,0.0006491999956779182,balanced,0.022734889627803206,b04aee5b4830fd4ed923,video,real:engines\XAI-Compress\data\test\archive (1)\FaceForensics++_C23\DeepFakeDetection\02_09__podium_speech_happy__9TDCEK1Q.mp4,train
brotli,11,brotli|11|identity,identity,2.8216432865731464,0.005421299996669404,4.8300003982149065e-05,smallest,0.011236578080452793,b0574ac6204e169a6f9f,binary,real:apps\desktop_flutter\.metadata,validation
zstd,3,zstd|3|identity,identity,3.8396793587174347,4.7299996367655694e-05,1.8399994587525725e-05,fastest,0.020078721536020864,b0574ac6204e169a6f9f,binary,real:apps\desktop_flutter\.metadata,validation
deflate,6,deflate|6|identity,identity,3.6152304609218437,0.000123099991469644,2.2499996703118086e-05,balanced,0.08143409643010978,b0574ac6204e169a6f9f,binary,real:apps\desktop_flutter\.metadata,validation
brotli,9,brotli|9|identity,identity,3.3157894736842106,0.0020588000043062493,5.4799995268695056e-05,smallest,0.006659041534841818,b09d33b1dd2c5da1b94b,model,real:engines\XAI-Compress\data\test\archive\results\checkpoint-140\scheduler.pt,test
deflate,9,deflate|9|identity,identity,3.593984962406015,0.0001311999949393794,1.4499993994832039e-05,fastest,0.024044432498112445,b09d33b1dd2c5da1b94b,model,real:engines\XAI-Compress\data\test\archive\results\checkpoint-140\scheduler.pt,test
deflate,9,deflate|9|identity,identity,3.593984962406015,0.0001311999949393794,1.4499993994832039e-05,balanced,0.04022815223278733,b09d33b1dd2c5da1b94b,model,real:engines\XAI-Compress\data\test\archive\results\checkpoint-140\scheduler.pt,test
brotli,6,brotli|6|identity,identity,6.9732666015625,0.005959999994956888,0.0009680999937700108,smallest,0.007043279527729707,b0bb0523bbd0a7bcddd2,video,real:engines\XAI-Compress\data\test\archive (1)\FaceForensics++_C23\DeepFakeDetection\03_21__secret_conversation__YCSEBZO4.mp4,train
zstd,9,zstd|9|identity,identity,7.1922607421875,0.0011934999929508194,3.399999695830047e-05,fastest,0.013286504944757437,b0bb0523bbd0a7bcddd2,video,real:engines\XAI-Compress\data\test\archive (1)\FaceForensics++_C23\DeepFakeDetection\03_21__secret_conversation__YCSEBZO4.mp4,train
brotli,6,brotli|6|identity,identity,6.9732666015625,0.005959999994956888,0.0009680999937700108,balanced,0.033571594732364096,b0bb0523bbd0a7bcddd2,video,real:engines\XAI-Compress\data\test\archive (1)\FaceForensics++_C23\DeepFakeDetection\03_21__secret_conversation__YCSEBZO4.mp4,train
brotli,11,brotli|11|identity,identity,5.107692307692307,0.0013550000003306195,1.2900010915473104e-05,smallest,0.004541164198175769,b0d1f2f473515cc8a068,csv,real:engines\XAI-Compress\results\model_v2\lossy_benchmark.csv,validation
deflate,9,deflate|9|identity,identity,6.461538461538462,1.6599995433352888e-05,5.800000508315861e-06,fastest,0.02094751032174624,b0d1f2f473515cc8a068,csv,real:engines\XAI-Compress\results\model_v2\lossy_benchmark.csv,validation
brotli,6,brotli|6|identity,identity,5.6,0.0001863000070443377,1.0899995686486363e-05,balanced,0.06320956579654995,b0d1f2f473515cc8a068,csv,real:engines\XAI-Compress\results\model_v2\lossy_benchmark.csv,validation
brotli,11,brotli|11|identity,identity,6.8670654296875,0.7449518999928841,0.0012540000025182962,smallest,0.016545393860523484,b20afdf145823e84a6c4,video,real:engines\XAI-Compress\data\test\archive (1)\FaceForensics++_C23\DeepFakeDetection\05_16__kitchen_still__B62WCGUN.mp4,train
zstd,9,zstd|9|identity,identity,7.0821533203125,0.0012169999972684309,3.7300007534213364e-05,fastest,0.011237151765406093,b20afdf145823e84a6c4,video,real:engines\XAI-Compress\data\test\archive (1)\FaceForensics++_C23\DeepFakeDetection\05_16__kitchen_still__B62WCGUN.mp4,train
brotli,6,brotli|6|identity,identity,6.88623046875,0.0038213000079849735,0.0006572999991476536,balanced,0.019918635542896117,b20afdf145823e84a6c4,video,real:engines\XAI-Compress\data\test\archive (1)\FaceForensics++_C23\DeepFakeDetection\05_16__kitchen_still__B62WCGUN.mp4,train
brotli,11,brotli|11|identity,identity,2.130841121495327,0.0034717999951681122,3.579999611247331e-05,smallest,0.009571637930792335,b23f4cf86a7b771e7ea2,source_code,real:apps\admin_dotnet\obj\Debug\net8.0\AdminDotNet.GlobalUsings.g.cs,train
deflate,1,deflate|1|identity,identity,2.8411214953271027,3.599999763537198e-05,1.3199998647905886e-05,fastest,0.023122088978408988,b23f4cf86a7b771e7ea2,source_code,real:apps\admin_dotnet\obj\Debug\net8.0\AdminDotNet.GlobalUsings.g.cs,train
zstd,9,zstd|9|identity,identity,2.554517133956386,6.370000483002514e-05,1.750000228639692e-05,balanced,0.05153672538121536,b23f4cf86a7b771e7ea2,source_code,real:apps\admin_dotnet\obj\Debug\net8.0\AdminDotNet.GlobalUsings.g.cs,train
brotli,11,brotli|11|identity,identity,2.5976470588235294,0.0158746999950381,8.72999953571707e-05,smallest,0.015847865861931362,b26de929ad20b7ac9288,csv,real:engines\XAI-Compress\results\final_project\lossless_benchmark.csv,test
zstd,1,zstd|1|identity,identity,3.0287058823529414,0.000106100007542409,4.060000355821103e-05,fastest,0.014359668412789836,b26de929ad20b7ac9288,csv,real:engines\XAI-Compress\results\final_project\lossless_benchmark.csv,test
deflate,6,deflate|6|identity,identity,2.930823529411765,0.0002128999913111329,4.6200002543628216e-05,balanced,0.037419153818532835,b26de929ad20b7ac9288,csv,real:engines\XAI-Compress\results\final_project\lossless_benchmark.csv,test
lzma2,6,lzma2|6|identity,identity,3.19970703125,0.03593359999649692,0.004647200010367669,smallest,0.025114051693408454,b27b46f412a511a0aa2b,executable,real:apps\admin_dotnet\bin\Debug\net8.0\Microsoft.Extensions.Http.Diagnostics.dll,train
zstd,3,zstd|3|identity,identity,3.875732421875,0.0011131999926874414,0.00023689999943599105,fastest,0.02052714741074807,b27b46f412a511a0aa2b,executable,real:apps\admin_dotnet\bin\Debug\net8.0\Microsoft.Extensions.Http.Diagnostics.dll,train
zstd,9,zstd|9|identity,identity,3.6632080078125,0.004361200000857934,0.00031350000062957406,balanced,0.05944265943665612,b27b46f412a511a0aa2b,executable,real:apps\admin_dotnet\bin\Debug\net8.0\Microsoft.Extensions.Http.Diagnostics.dll,train
brotli,11,brotli|11|identity,identity,4.666666666666667,0.00079340000229422,3.090000245720148e-05,smallest,0.0056117867228210674,b29e54bde92f508d6897,json,real:engines\XAI-Compress\checkpoints\selector\label_schema.json,train
zstd,9,zstd|9|identity,identity,6.238095238095238,3.070000093430281e-05,9.800001862458885e-06,fastest,0.03442910202947338,b29e54bde92f508d6897,json,real:engines\XAI-Compress\checkpoints\selector\label_schema.json,train
brotli,11,brotli|11|identity,identity,4.666666666666667,0.00079340000229422,3.090000245720148e-05,balanced,0.08821827164737263,b29e54bde92f508d6897,json,real:engines\XAI-Compress\checkpoints\selector\label_schema.json,train
brotli,11,brotli|11|identity,identity,2.9036144578313254,0.008998699995572679,8.620000153314322e-05,smallest,0.014740880271116452,b2aeaaf4897e7310def1,csv,real:engines\XAI-Compress\results\model_v2\lossless_benchmark.csv,test
zstd,3,zstd|3|identity,identity,3.463855421686747,9.610000415705144e-05,3.579999611247331e-05,fastest,0.019132139874824705,b2aeaaf4897e7310def1,csv,real:engines\XAI-Compress\results\model_v2\lossless_benchmark.csv,test
deflate,6,deflate|6|identity,identity,3.3313253012048194,0.0001517999917268753,4.260000423528254e-05,balanced,0.049865570435997535,b2aeaaf4897e7310def1,csv,real:engines\XAI-Compress\results\model_v2\lossless_benchmark.csv,test
raw,,raw|default|identity,identity,8.0,5.2000104915350676e-06,4.0000013541430235e-06,smallest,0.0,b2d26822f2e8d5499ddf,json,real:engines\XAI-Compress\results\benchmark_results.json,test
raw,,raw|default|identity,identity,8.0,5.2000104915350676e-06,4.0000013541430235e-06,fastest,0.0,b2d26822f2e8d5499ddf,json,real:engines\XAI-Compress\results\benchmark_results.json,test
raw,,raw|default|identity,identity,8.0,5.2000104915350676e-06,4.0000013541430235e-06,balanced,0.0,b2d26822f2e8d5499ddf,json,real:engines\XAI-Compress\results\benchmark_results.json,test
raw,,raw|default|identity,identity,8.0,5.699999746866524e-06,3.7999998312443495e-06,smallest,0.0,b33a6dc6d81d4466ec1f,text,real:engines\XAI-Compress\xai_compress.egg-info\dependency_links.txt,train
raw,,raw|default|identity,identity,8.0,5.699999746866524e-06,3.7999998312443495e-06,fastest,0.0,b33a6dc6d81d4466ec1f,text,real:engines\XAI-Compress\xai_compress.egg-info\dependency_links.txt,train
raw,,raw|default|identity,identity,8.0,5.699999746866524e-06,3.7999998312443495e-06,balanced,0.0,b33a6dc6d81d4466ec1f,text,real:engines\XAI-Compress\xai_compress.egg-info\dependency_links.txt,train
brotli,11,brotli|11|identity,identity,1.6215360253365003,0.004685399995651096,2.510000194888562e-05,smallest,0.01602831882205835,b34e5a70f8f311e18fbc,json,real:.vscode\tasks.json,validation
deflate,1,deflate|1|identity,identity,2.3056215360253365,2.5500004994682968e-05,9.499999578110874e-06,fastest,0.015828266666620128,b34e5a70f8f311e18fbc,json,real:.vscode\tasks.json,validation
zstd,6,zstd|6|identity,identity,1.8939034045922407,4.579999949783087e-05,1.170000177808106e-05,balanced,0.02957392937390334,b34e5a70f8f311e18fbc,json,real:.vscode\tasks.json,validation
brotli,11,brotli|11|identity,identity,4.244897959183674,0.004299299995182082,4.149999585933983e-05,smallest,0.011513384749904215,b34f9e21840cfa8cebcb,markdown,real:engines\XAI-Compress\results\final_project\reproduction_commands.md,train
zstd,3,zstd|3|identity,identity,5.328385899814471,4.8300003982149065e-05,1.5400000847876072e-05,fastest,0.031358929700082874,b34f9e21840cfa8cebcb,markdown,real:engines\XAI-Compress\results\final_project\reproduction_commands.md,train
deflate,9,deflate|9|identity,identity,5.179962894248608,8.30000062705949e-05,2.4599998141638935e-05,balanced,0.1334189526912822,b34f9e21840cfa8cebcb,markdown,real:engines\XAI-Compress\results\final_project\reproduction_commands.md,train
brotli,11,brotli|11|identity,identity,6.542707689222388,0.5670293000002857,0.0014354000013554469,smallest,0.027760578774008195,b392ba18278ff36ed675,model,real:engines\XAI-Compress\.test-tmp\full-rust-resume\test_neural_transformer_roundt0\tr.pt,train
zstd,9,zstd|9|identity,identity,6.785634306532748,0.001665599993430078,0.00019019999308511615,fastest,0.016208613205884806,b392ba18278ff36ed675,model,real:engines\XAI-Compress\.test-tmp\full-rust-resume\test_neural_transformer_roundt0\tr.pt,train
brotli,6,brotli|6|identity,identity,6.652873640055484,0.0036545000039041042,0.0010523000091779977,balanced,0.0629018525211327,b392ba18278ff36ed675,model,real:engines\XAI-Compress\.test-tmp\full-rust-resume\test_neural_transformer_roundt0\tr.pt,train
brotli,9,brotli|9|identity,identity,6.9500732421875,0.02939360000891611,0.00029690000519622117,smallest,0.0022707983518460728,b39360642dc4d033bc2e,video,real:engines\XAI-Compress\data\test\archive (1)\FaceForensics++_C23\DeepFakeDetection\03_06__hugging_happy__2XWC5JED.mp4,train
deflate,9,deflate|9|identity,identity,7.0638427734375,0.0014737000019522384,9.210000280290842e-05,fastest,0.011709309042803888,b39360642dc4d033bc2e,video,real:engines\XAI-Compress\data\test\archive (1)\FaceForensics++_C23\DeepFakeDetection\03_06__hugging_happy__2XWC5JED.mp4,train
brotli,6,brotli|6|identity,identity,6.9521484375,0.0038817000022390857,0.0005914999928791076,balanced,0.018517398326667996,b39360642dc4d033bc2e,video,real:engines\XAI-Compress\data\test\archive (1)\FaceForensics++_C23\DeepFakeDetection\03_06__hugging_happy__2XWC5JED.mp4,train
brotli,11,brotli|11|identity,identity,2.825822168087698,0.013234199999715202,9.640000644139946e-05,smallest,0.01619300254744012,b3e093eee51aafd6f2a7,json,real:engines\XAI-Compress\notebooks\15_final_results.ipynb,train
zstd,3,zstd|3|identity,identity,3.800243605359318,0.00011189999349880964,4.260000423528254e-05,fastest,0.022592112015335127,b3e093eee51aafd6f2a7,json,real:engines\XAI-Compress\notebooks\15_final_results.ipynb,train
deflate,9,deflate|9|identity,identity,3.5858708891595614,0.00019700000120792538,4.4200001866556704e-05,balanced,0.07713171413210032,b3e093eee51aafd6f2a7,json,real:engines\XAI-Compress\notebooks\15_final_results.ipynb,train
brotli,11,brotli|11|identity,identity,2.4653867251782775,0.038008400006219745,0.00014390000433195382,smallest,0.018322738424236075,b431de9bd8324ec90c36,image,real:engines\XAI-Compress\results\hybrid_ai\figures\01_codec_bpb.png,test
zstd,6,zstd|6|identity,identity,2.5996708721887,0.0003077000001212582,2.7000001864507794e-05,fastest,0.014153251579091178,b431de9bd8324ec90c36,image,real:engines\XAI-Compress\results\hybrid_ai\figures\01_codec_bpb.png,test
zstd,6,zstd|6|identity,identity,2.5996708721887,0.0003077000001212582,2.7000001864507794e-05,balanced,0.019511062052802258,b431de9bd8324ec90c36,image,real:engines\XAI-Compress\results\hybrid_ai\figures\01_codec_bpb.png,test
brotli,6,brotli|6|identity,identity,7.4296875,0.003722699999343604,0.0006274999905144796,smallest,0.008004414780429297,b46249238a82a1760029,video,real:engines\XAI-Compress\data\test\archive (1)\FaceForensics++_C23\DeepFakeDetection\05_16__walk_down_hall_angry__U9WZI5LK.mp4,test
zstd,3,zstd|3|identity,identity,7.58984375,0.0003935999993700534,2.439999661874026e-05,fastest,0.015046314540750604,b46249238a82a1760029,video,real:engines\XAI-Compress\data\test\archive (1)\FaceForensics++_C23\DeepFakeDetection\05_16__walk_down_hall_angry__U9WZI5LK.mp4,test
brotli,6,brotli|6|identity,identity,7.4296875,0.003722699999343604,0.0006274999905144796,balanced,0.015364878533151782,b46249238a82a1760029,video,real:engines\XAI-Compress\data\test\archive (1)\FaceForensics++_C23\DeepFakeDetection\05_16__walk_down_hall_angry__U9WZI5LK.mp4,test
lzma2,6,lzma2|6|identity,identity,1.20703125,0.05272020000847988,0.0025636999926064163,smallest,0.004642705448992545,b464a54de26f914a3e55,json,real:engines\XAI-Compress\data\domain_focused\archive\results\checkpoint-1000\tokenizer.json,train
zstd,3,zstd|3|identity,identity,1.524658203125,0.0004797000001417473,0.00014209999062586576,fastest,0.005114771266721114,b464a54de26f914a3e55,json,real:engines\XAI-Compress\data\domain_focused\archive\results\checkpoint-1000\tokenizer.json,train
zstd,6,zstd|6|identity,identity,1.4364013671875,0.0020532999915303662,0.00015269999857991934,balanced,0.01879640390406774,b464a54de26f914a3e55,json,real:engines\XAI-Compress\data\domain_focused\archive\results\checkpoint-1000\tokenizer.json,train
brotli,11,brotli|11|identity,identity,2.838117106773823,0.008696000004420057,6.410000787582248e-05,smallest,0.014519165727064444,b476a17dd07e7522ddce,json,real:engines\XAI-Compress\notebooks\03_data_preprocessing.ipynb,validation
zstd,3,zstd|3|identity,identity,3.719862227324914,2.8800001018680632e-05,1.0700008715502918e-05,fastest,0.013160171964599504,b476a17dd07e7522ddce,json,real:engines\XAI-Compress\notebooks\03_data_preprocessing.ipynb,validation
brotli,4,brotli|4|identity,identity,3.48564867967853,0.00012960001186002046,1.889999839477241e-05,balanced,0.06472160769895817,b476a17dd07e7522ddce,json,real:engines\XAI-Compress\notebooks\03_data_preprocessing.ipynb,validation
brotli,9,brotli|9|identity,identity,7.3837890625,0.0271299000014551,0.0005952999927103519,smallest,0.008691738391032442,b499122a4a81c7db84f7,video,real:engines\XAI-Compress\data\test\archive (1)\FaceForensics++_C23\DeepFakeDetection\02_09__walking_down_street_outside_angry__6KUOFMZW.mp4,validation
zstd,9,zstd|9|identity,identity,7.5137939453125,0.0009470000077271834,2.6599998818710446e-05,fastest,0.012384068947176058,b499122a4a81c7db84f7,video,real:engines\XAI-Compress\data\test\archive (1)\FaceForensics++_C23\DeepFakeDetection\02_09__walking_down_street_outside_angry__6KUOFMZW.mp4,validation
brotli,6,brotli|6|identity,identity,7.3846435546875,0.0037683999980799854,0.0005855000053998083,balanced,0.01711639392256415,b499122a4a81c7db84f7,video,real:engines\XAI-Compress\data\test\archive (1)\FaceForensics++_C23\DeepFakeDetection\02_09__walking_down_street_outside_angry__6KUOFMZW.mp4,validation
brotli,11,brotli|11|identity,identity,3.049683830171635,0.005819700003485195,5.1700000767596066e-05,smallest,0.01209475816060809,b4bb007938a097274cea,source_code,real:apps\mobile_authenticator_flutter\test\widget_test.dart,train
zstd,6,zstd|6|identity,identity,3.7579042457091236,9.34000127017498e-05,2.2100008209235966e-05,fastest,0.02577807940654194,b4bb007938a097274cea,source_code,real:apps\mobile_authenticator_flutter\test\widget_test.dart,train
deflate,6,deflate|6|identity,identity,3.6061427280939475,0.00010520000068936497,2.720000338740647e-05,balanced,0.06628069752037354,b4bb007938a097274cea,source_code,real:apps\mobile_authenticator_flutter\test\widget_test.dart,train
brotli,11,brotli|11|identity,identity,3.435125448028674,0.008091700001386926,6.330000178422779e-05,smallest,0.015264406713281829,b4c3826664ce6b9d42fb,source_code,real:apps\web_angular\src\app\pages\login.page.ts,train
zstd,3,zstd|3|identity,identity,4.312544802867383,6.940000457689166e-05,2.680000034160912e-05,fastest,0.025842241314167663,b4c3826664ce6b9d42fb,source_code,real:apps\web_angular\src\app\pages\login.page.ts,train
deflate,9,deflate|9|identity,identity,4.163440860215053,0.00015740000526420772,3.12999909510836e-05,balanced,0.08792730043507604,b4c3826664ce6b9d42fb,source_code,real:apps\web_angular\src\app\pages\login.page.ts,train
brotli,6,brotli|6|identity,identity,7.0750732421875,0.0039194999990286306,0.0006033999961800873,smallest,0.007381470994156276,b4ca2e04e11f19065204,video,real:engines\XAI-Compress\data\test\archive (1)\FaceForensics++_C23\DeepFakeDetection\03_04__outside_talking_pan_laughing__T04P6ELC.mp4,train
zstd,6,zstd|6|identity,identity,7.276611328125,0.0010480000055395067,2.7400004910305142e-05,fastest,0.012930044339762362,b4ca2e04e11f19065204,video,real:engines\XAI-Compress\data\test\archive (1)\FaceForensics++_C23\DeepFakeDetection\03_04__outside_talking_pan_laughing__T04P6ELC.mp4,train
brotli,6,brotli|6|identity,identity,7.0750732421875,0.0039194999990286306,0.0006033999961800873,balanced,0.018114689063918502,b4ca2e04e11f19065204,video,real:engines\XAI-Compress\data\test\archive (1)\FaceForensics++_C23\DeepFakeDetection\03_04__outside_talking_pan_laughing__T04P6ELC.mp4,train
brotli,6,brotli|6|identity,identity,6.3897705078125,0.006182700002682395,0.0010120000079041347,smallest,0.0025044570803889775,b4d46d60eb50f24fdd68,video,real:engines\XAI-Compress\data\test\archive (1)\FaceForensics++_C23\DeepFakeDetection\02_06__talking_angry_couch__GH8TGTBS.mp4,test
zstd,3,zstd|3|identity,identity,6.6962890625,0.0007290999928954989,4.679999256040901e-05,fastest,0.011289716929857821,b4d46d60eb50f24fdd68,video,real:engines\XAI-Compress\data\test\archive (1)\FaceForensics++_C23\DeepFakeDetection\02_06__talking_angry_couch__GH8TGTBS.mp4,test
brotli,6,brotli|6|identity,identity,6.3897705078125,0.006182700002682395,0.0010120000079041347,balanced,0.02143022472730713,b4d46d60eb50f24fdd68,video,real:engines\XAI-Compress\data\test\archive (1)\FaceForensics++_C23\DeepFakeDetection\02_06__talking_angry_couch__GH8TGTBS.mp4,test
brotli,9,brotli|9|identity,identity,3.504424778761062,0.001724000001559034,4.719999560620636e-05,smallest,0.0045422256500829246,b4eba45dc48d6f95b360,json,real:apps\public_nextjs\.next\react-loadable-manifest.json,train
zstd,3,zstd|3|identity,identity,3.8053097345132745,6.310000026132911e-05,2.6399997295811772e-05,fastest,0.022819533590214477,b4eba45dc48d6f95b360,json,real:apps\public_nextjs\.next\react-loadable-manifest.json,train
deflate,9,deflate|9|identity,identity,3.663716814159292,9.020000288728625e-05,2.6699999580159783e-05,balanced,0.03127634991270848,b4eba45dc48d6f95b360,json,real:apps\public_nextjs\.next\react-loadable-manifest.json,train
brotli,11,brotli|11|identity,identity,3.9642857142857144,0.0033891999919433147,3.779999678954482e-05,smallest,0.008062439244191425,b4f2c1e01e0f4879fb95,source_code,real:apps\desktop_flutter\windows\runner\resource.h,train
zstd,9,zstd|9|identity,identity,4.589285714285714,5.269999383017421e-05,1.4099990949034691e-05,fastest,0.02240003566603644,b4f2c1e01e0f4879fb95,source_code,real:apps\desktop_flutter\windows\runner\resource.h,train
zstd,9,zstd|9|identity,identity,4.589285714285714,5.269999383017421e-05,1.4099990949034691e-05,balanced,0.08017386470851202,b4f2c1e01e0f4879fb95,source_code,real:apps\desktop_flutter\windows\runner\resource.h,train
brotli,11,brotli|11|identity,identity,3.073756432246998,0.00958530000934843,7.449999975506216e-05,smallest,0.016305705236172075,b4fdbe65f1a0e9cf88e7,source_code,real:apps\desktop_flutter\lib\screens\settings_screen.dart,train
zstd,3,zstd|3|identity,identity,3.6054888507718696,8.169999637175351e-05,3.159999323543161e-05,fastest,0.019198432607921055,b4fdbe65f1a0e9cf88e7,source_code,real:apps\desktop_flutter\lib\screens\settings_screen.dart,train
deflate,6,deflate|6|identity,identity,3.4751286449399656,0.0001554000045871362,3.5899996873922646e-05,balanced,0.04931648247902787,b4fdbe65f1a0e9cf88e7,source_code,real:apps\desktop_flutter\lib\screens\settings_screen.dart,train
brotli,6,brotli|6|identity,identity,6.3858642578125,0.0036143999896012247,0.0006173000001581386,smallest,0.0011131195296482158,b54fff2e83ffb727b486,video,real:engines\XAI-Compress\data\test\archive (1)\FaceForensics++_C23\DeepFakeDetection\02_15__talking_angry_couch__HTG660F8.mp4,train
zstd,3,zstd|3|identity,identity,6.713623046875,0.0003584000078262761,2.849999873433262e-05,fastest,0.011284466094276977,b54fff2e83ffb727b486,video,real:engines\XAI-Compress\data\test\archive (1)\FaceForensics++_C23\DeepFakeDetection\02_15__talking_angry_couch__HTG660F8.mp4,train
brotli,6,brotli|6|identity,identity,6.3858642578125,0.0036143999896012247,0.0006173000001581386,balanced,0.015577554681712059,b54fff2e83ffb727b486,video,real:engines\XAI-Compress\data\test\archive (1)\FaceForensics++_C23\DeepFakeDetection\02_15__talking_angry_couch__HTG660F8.mp4,train
brotli,11,brotli|11|identity,identity,4.80224609375,0.37780729999940377,0.0012073000107193366,smallest,0.027024089085758003,b57ae4c5a9a1a16561b5,model,real:engines\XAI-Compress\checkpoints\model_search\residual-scale-conservative-b1d826fd14\preflight.pt,train
zstd,3,zstd|3|identity,identity,5.258056640625,0.0008884999988367781,0.0003632000007200986,fastest,0.018666533527960875,b57ae4c5a9a1a16561b5,model,real:engines\XAI-Compress\checkpoints\model_search\residual-scale-conservative-b1d826fd14\preflight.pt,train
brotli,6,brotli|6|identity,identity,4.9371337890625,0.00718280000728555,0.0009122000046772882,balanced,0.045035677758675986,b57ae4c5a9a1a16561b5,model,real:engines\XAI-Compress\checkpoints\model_search\residual-scale-conservative-b1d826fd14\preflight.pt,train
lzma2,6,lzma2|6|identity,identity,3.59375,0.024202900007367134,0.003027199985808693,smallest,0.024012885851709104,b5fd6fc63ac6c419b59b,executable,real:apps\admin_dotnet\bin\Debug\net8.0\AdminDotNet.exe,train
zstd,3,zstd|3|identity,identity,4.4324951171875,0.0006919000006746501,0.0001677999971434474,fastest,0.022835875190540172,b5fd6fc63ac6c419b59b,executable,real:apps\admin_dotnet\bin\Debug\net8.0\AdminDotNet.exe,train
brotli,6,brotli|6|identity,identity,3.9510498046875,0.004144599995925091,0.0005729999975301325,balanced,0.07326967108786758,b5fd6fc63ac6c419b59b,executable,real:apps\admin_dotnet\bin\Debug\net8.0\AdminDotNet.exe,train
brotli,6,brotli|6|identity,identity,6.9239501953125,0.00399739999556914,0.000556800005142577,smallest,0.008298219977569653,b64e4397cae94edd0730,video,real:engines\XAI-Compress\data\test\archive (1)\FaceForensics++_C23\DeepFakeDetection\04_06__kitchen_still__ZK95PQDE.mp4,train
zstd,3,zstd|3|identity,identity,7.160888671875,0.0003640000068116933,2.5399989681318402e-05,fastest,0.012316655565745684,b64e4397cae94edd0730,video,real:engines\XAI-Compress\data\test\archive (1)\FaceForensics++_C23\DeepFakeDetection\04_06__kitchen_still__ZK95PQDE.mp4,train
brotli,6,brotli|6|identity,identity,6.9239501953125,0.00399739999556914,0.000556800005142577,balanced,0.018281408269031303,b64e4397cae94edd0730,video,real:engines\XAI-Compress\data\test\archive (1)\FaceForensics++_C23\DeepFakeDetection\04_06__kitchen_still__ZK95PQDE.mp4,train
brotli,6,brotli|6|dictionary,dictionary,5.021897810218978,0.00042549999488983303,8.009999874047935e-05,smallest,0.008698144098848594,b667219cbcc69bef0b78,json,real:engines\XAI-Compress\results\hybrid_ai\benchmark_summary.json,train
deflate,9,deflate|9|identity,identity,5.547445255474453,1.650000922381878e-05,2.5999906938523054e-06,fastest,0.009658081113111712,b667219cbcc69bef0b78,json,real:engines\XAI-Compress\results\hybrid_ai\benchmark_summary.json,train
brotli,4,brotli|4|identity,identity,5.138686131386861,5.119999696034938e-05,8.200004231184721e-06,balanced,0.02439445038649628,b667219cbcc69bef0b78,json,real:engines\XAI-Compress\results\hybrid_ai\benchmark_summary.json,train
brotli,11,brotli|11|identity,identity,6.788147090324884,0.21423610000056215,0.0006932000105734915,smallest,0.01704408819154163,b69861916d320c181192,model,real:engines\XAI-Compress\.test-tmp\rust-stream-parity\test_neural_gru_roundtrip0\tiny.pt,train
zstd,9,zstd|9|identity,identity,6.999214566226348,0.000880400009918958,0.00016120000509545207,fastest,0.019033269982888807,b69861916d320c181192,model,real:engines\XAI-Compress\.test-tmp\rust-stream-parity\test_neural_gru_roundtrip0\tiny.pt,train
brotli,6,brotli|6|identity,identity,6.86383434487683,0.003741100008483045,0.0006518000009236857,balanced,0.058944066203422275,b69861916d320c181192,model,real:engines\XAI-Compress\.test-tmp\rust-stream-parity\test_neural_gru_roundtrip0\tiny.pt,train
brotli,11,brotli|11|identity,identity,2.3475783475783474,0.023559100009151734,0.00011049999739043415,smallest,0.015817611657939053,b6a0662b1e2819bf5baf,csv,real:engines\XAI-Compress\phase_i_actual_benchmark.csv,train
zstd,3,zstd|3|identity,identity,2.7296799061504946,0.00013049998960923404,4.3499996536411345e-05,fastest,0.011937690276724307,b6a0662b1e2819bf5baf,csv,real:engines\XAI-Compress\phase_i_actual_benchmark.csv,train
deflate,6,deflate|6|identity,identity,2.645215351097704,0.0002523000002838671,5.339999916031957e-05,balanced,0.031927520198808096,b6a0662b1e2819bf5baf,csv,real:engines\XAI-Compress\phase_i_actual_benchmark.csv,train
brotli,11,brotli|11|identity,identity,2.065682434468213,0.01768140000058338,6.209999264683574e-05,smallest,0.01575743207562863,b6ecabc3712843a3e212,logs,real:engines\XAI-Compress\results\model_search\imports\auto\lr-0-0002-f316e33308\v1\xai-compress-auto-lr-0-0002-f316e33308.log,train
zstd,3,zstd|3|identity,identity,2.448930400723109,7.779999577905983e-05,2.9699993319809437e-05,fastest,0.011564863843436572,b6ecabc3712843a3e212,logs,real:engines\XAI-Compress\results\model_search\imports\auto\lr-0-0002-f316e33308\v1\xai-compress-auto-lr-0-0002-f316e33308.log,train
zstd,6,zstd|6|identity,identity,2.3621572762880385,0.00013860000763088465,2.5500004994682968e-05,balanced,0.028547360188031196,b6ecabc3712843a3e212,logs,real:engines\XAI-Compress\results\model_search\imports\auto\lr-0-0002-f316e33308\v1\xai-compress-auto-lr-0-0002-f316e33308.log,train
lzma2,6,lzma2|6|identity,identity,2.94384765625,0.032939700002316386,0.004324100009398535,smallest,0.02351685291463364,b705939c26ddfada9235,executable,real:apps\admin_dotnet\bin\Debug\net8.0\System.IdentityModel.Tokens.Jwt.dll,train
zstd,1,zstd|1|identity,identity,3.6619873046875,0.0006003999878885224,0.00021230000129435211,fastest,0.017950520266290303,b705939c26ddfada9235,executable,real:apps\admin_dotnet\bin\Debug\net8.0\System.IdentityModel.Tokens.Jwt.dll,train
zstd,9,zstd|9|identity,identity,3.291259765625,0.004053999989992008,0.0002783999952953309,balanced,0.04519149175122332,b705939c26ddfada9235,executable,real:apps\admin_dotnet\bin\Debug\net8.0\System.IdentityModel.Tokens.Jwt.dll,train
brotli,11,brotli|11|identity,identity,2.1658882267675956,0.07541839999612421,0.0002500000118743628,smallest,0.015477865805876392,b75cdce8c57493bd605e,source_code,real:engines\XAI-Compress\results\model_search\imports\auto\lr-0-0002-f316e33308\v1\XAI-Compress\scripts\debug_lossless_v2_activations.py,train
zstd,3,zstd|3|identity,identity,2.5814140763407956,0.00019970000721514225,5.019998934585601e-05,fastest,0.006696055343912657,b75cdce8c57493bd605e,source_code,real:engines\XAI-Compress\results\model_search\imports\auto\lr-0-0002-f316e33308\v1\XAI-Compress\scripts\debug_lossless_v2_activations.py,train
zstd,6,zstd|6|identity,identity,2.4345305202125944,0.00039929999911691993,4.600000102072954e-05,balanced,0.023353844138188935,b75cdce8c57493bd605e,source_code,real:engines\XAI-Compress\results\model_search\imports\auto\lr-0-0002-f316e33308\v1\XAI-Compress\scripts\debug_lossless_v2_activations.py,train
raw,,raw|default|identity,identity,8.0,4.899993655271828e-06,3.3999967854470015e-06,smallest,0.0,b791736ff767f844a94b,markdown,real:engines\XAI-Compress\results\final_analysis\final_comparison.md,validation
raw,,raw|default|identity,identity,8.0,4.899993655271828e-06,3.3999967854470015e-06,fastest,0.0,b791736ff767f844a94b,markdown,real:engines\XAI-Compress\results\final_analysis\final_comparison.md,validation
raw,,raw|default|identity,identity,8.0,4.899993655271828e-06,3.3999967854470015e-06,balanced,0.0,b791736ff767f844a94b,markdown,real:engines\XAI-Compress\results\final_analysis\final_comparison.md,validation
brotli,11,brotli|11|identity,identity,7.340576171875,0.49666229999274947,0.0007052000000840053,smallest,0.016158794018498887,b8204888b307735ad9e2,video,real:engines\XAI-Compress\data\test\archive (1)\FaceForensics++_C23\DeepFakeDetection\02_07__walking_down_street_outside_angry__O4SXNLRL.mp4,validation
brotli,6,brotli|6|identity,identity,7.3544921875,0.002162100005079992,0.00022090000857133418,fastest,0.009843062930964725,b8204888b307735ad9e2,video,real:engines\XAI-Compress\data\test\archive (1)\FaceForensics++_C23\DeepFakeDetection\02_07__walking_down_street_outside_angry__O4SXNLRL.mp4,validation
brotli,6,brotli|6|identity,identity,7.3544921875,0.002162100005079992,0.00022090000857133418,balanced,0.0155718626895566,b8204888b307735ad9e2,video,real:engines\XAI-Compress\data\test\archive (1)\FaceForensics++_C23\DeepFakeDetection\02_07__walking_down_street_outside_angry__O4SXNLRL.mp4,validation
brotli,6,brotli|6|identity,identity,7.172607421875,0.004027000002679415,0.0005931999912718311,smallest,0.0078176142009299,b83d7359feb7a2075d16,video,real:engines\XAI-Compress\data\test\archive (1)\FaceForensics++_C23\DeepFakeDetection\02_13__outside_talking_pan_laughing__2YSYT2N3.mp4,validation
zstd,1,zstd|1|identity,identity,7.359375,0.00039010000182315707,3.779999678954482e-05,fastest,0.012912274194379304,b83d7359feb7a2075d16,video,real:engines\XAI-Compress\data\test\archive (1)\FaceForensics++_C23\DeepFakeDetection\02_13__outside_talking_pan_laughing__2YSYT2N3.mp4,validation
brotli,6,brotli|6|identity,identity,7.172607421875,0.004027000002679415,0.0005931999912718311,balanced,0.018127039098892968,b83d7359feb7a2075d16,video,real:engines\XAI-Compress\data\test\archive (1)\FaceForensics++_C23\DeepFakeDetection\02_13__outside_talking_pan_laughing__2YSYT2N3.mp4,validation
brotli,11,brotli|11|identity,identity,2.693923062627764,0.021097199991345406,0.00010920000204350799,smallest,0.015869756941226703,b86b396e2f06638d903b,source_code,real:engines\XAI-Compress\results\model_search\imports\auto\lr-0-0002-f316e33308\v1\XAI-Compress\scripts\kaggle\kaggle_train.py,train
zstd,3,zstd|3|identity,identity,3.1875116149414606,0.00013699999544769526,4.509999416768551e-05,fastest,0.014351731659142115,b86b396e2f06638d903b,source_code,real:engines\XAI-Compress\results\model_search\imports\auto\lr-0-0002-f316e33308\v1\XAI-Compress\scripts\kaggle\kaggle_train.py,train
zstd,6,zstd|6|identity,identity,3.099795577030292,0.0003031000087503344,4.410000110510737e-05,balanced,0.04306777737441316,b86b396e2f06638d903b,source_code,real:engines\XAI-Compress\results\model_search\imports\auto\lr-0-0002-f316e33308\v1\XAI-Compress\scripts\kaggle\kaggle_train.py,train
raw,,raw|default|identity,identity,8.0,4.699992132373154e-06,3.5999983083456755e-06,smallest,0.0,b876b2c2718fb1a81938,json,real:apps\web_angular\.angular\cache\20.3.28\xai-web\vite\deps\package.json,train
raw,,raw|default|identity,identity,8.0,4.699992132373154e-06,3.5999983083456755e-06,fastest,0.0,b876b2c2718fb1a81938,json,real:apps\web_angular\.angular\cache\20.3.28\xai-web\vite\deps\package.json,train
raw,,raw|default|identity,identity,8.0,4.699992132373154e-06,3.5999983083456755e-06,balanced,0.0,b876b2c2718fb1a81938,json,real:apps\web_angular\.angular\cache\20.3.28\xai-web\vite\deps\package.json,train
brotli,11,brotli|11|identity,identity,2.573984345881476,0.05588780000107363,0.00023469999723602086,smallest,0.016114241535431766,b885157ba7d9acedfa83,source_code,real:engines\XAI-Compress\results\model_search\imports\auto\lr-0-0002-f316e33308\v1\XAI-Compress\scripts\kaggle\run_kaggle_training.py,train
zstd,3,zstd|3|identity,identity,3.118896757361163,0.0002266000083182007,6.880000000819564e-05,fastest,0.012809254027906329,b885157ba7d9acedfa83,source_code,real:engines\XAI-Compress\results\model_search\imports\auto\lr-0-0002-f316e33308\v1\XAI-Compress\scripts\kaggle\run_kaggle_training.py,train
deflate,6,deflate|6|identity,identity,2.999627282892285,0.0004678999976022169,8.310000703204423e-05,balanced,0.042876398879543705,b885157ba7d9acedfa83,source_code,real:engines\XAI-Compress\results\model_search\imports\auto\lr-0-0002-f316e33308\v1\XAI-Compress\scripts\kaggle\run_kaggle_training.py,train
brotli,11,brotli|11|identity,identity,7.34716796875,0.4627295999962371,0.0006578000029549003,smallest,0.01605163795654665,b93acb5a19ce600612f5,video,real:engines\XAI-Compress\data\test\archive (1)\FaceForensics++_C23\DeepFakeDetection\04_26__kitchen_pan__MS2MLJP1.mp4,validation
zstd,9,zstd|9|identity,identity,7.4853515625,0.0011034999915864319,3.6299999919719994e-05,fastest,0.012985753879386771,b93acb5a19ce600612f5,video,real:engines\XAI-Compress\data\test\archive (1)\FaceForensics++_C23\DeepFakeDetection\04_26__kitchen_pan__MS2MLJP1.mp4,validation
brotli,6,brotli|6|identity,identity,7.3577880859375,0.003990600001998246,0.0005951999919489026,balanced,0.022582652016476253,b93acb5a19ce600612f5,video,real:engines\XAI-Compress\data\test\archive (1)\FaceForensics++_C23\DeepFakeDetection\04_26__kitchen_pan__MS2MLJP1.mp4,validation
brotli,6,brotli|6|identity,identity,0.6885751843173116,0.0013526999973692,5.2499992307275534e-05,smallest,0.0076092662864454775,b992ff51512738af0fab,json,real:apps\mobile_authenticator_flutter\.dart_tool\package_config.json,train
deflate,6,deflate|6|identity,identity,0.7196662284963137,0.00014689999807160348,2.920000406447798e-05,fastest,0.0035197103431960407,b992ff51512738af0fab,json,real:apps\mobile_authenticator_flutter\.dart_tool\package_config.json,train
deflate,6,deflate|6|identity,identity,0.7196662284963137,0.00014689999807160348,2.920000406447798e-05,balanced,0.006764587323009523,b992ff51512738af0fab,json,real:apps\mobile_authenticator_flutter\.dart_tool\package_config.json,train
brotli,6,brotli|6|identity,identity,5.575757575757576,0.0006024000031175092,3.0799987143836915e-05,smallest,0.0040711042705356155,b9cb920ce75974d1c4dc,source_code,"real:apps\admin_dotnet\obj\Debug\net8.0\.NETCoreApp,Version=v8.0.AssemblyAttributes.cs",train
raw,,raw|default|identity,identity,8.0,4.6000059228390455e-06,3.7999998312443495e-06,fastest,0.03488372093023256,b9cb920ce75974d1c4dc,source_code,"real:apps\admin_dotnet\obj\Debug\net8.0\.NETCoreApp,Version=v8.0.AssemblyAttributes.cs",train
brotli,6,brotli|6|identity,identity,5.575757575757576,0.0006024000031175092,3.0799987143836915e-05,balanced,0.06165635631984796,b9cb920ce75974d1c4dc,source_code,"real:apps\admin_dotnet\obj\Debug\net8.0\.NETCoreApp,Version=v8.0.AssemblyAttributes.cs",train
brotli,6,brotli|6|identity,identity,0.15272727272727274,0.00014569998893421143,1.720000000204891e-05,smallest,0.0009655968555185965,b9e948f82695ba0749ee,binary,real:engines\XAI-Compress\.test-tmp\final-all\test_v3_chunk_checksum_failure0\in,validation
deflate,9,deflate|9|identity,identity,0.2109090909090909,3.120000474154949e-05,6.100002792663872e-06,fastest,0.004854031987485997,b9e948f82695ba0749ee,binary,real:engines\XAI-Compress\.test-tmp\final-all\test_v3_chunk_checksum_failure0\in,validation
deflate,9,deflate|9|identity,identity,0.2109090909090909,3.120000474154949e-05,6.100002792663872e-06,balanced,0.0061382486795918,b9e948f82695ba0749ee,binary,real:engines\XAI-Compress\.test-tmp\final-all\test_v3_chunk_checksum_failure0\in,validation
brotli,9,brotli|9|identity,identity,6.369384765625,0.017699100004392676,0.0005912000051466748,smallest,0.0016461593043291746,ba84544980d5f5d26071,video,real:engines\XAI-Compress\data\test\archive (1)\FaceForensics++_C23\DeepFakeDetection\06_02__walking_down_indoor_hall_disgust__GH8TGTBS.mp4,train
zstd,6,zstd|6|identity,identity,6.688232421875,0.0012238999916007742,3.759999526664615e-05,fastest,0.01252647488662233,ba84544980d5f5d26071,video,real:engines\XAI-Compress\data\test\archive (1)\FaceForensics++_C23\DeepFakeDetection\06_02__walking_down_indoor_hall_disgust__GH8TGTBS.mp4,train
brotli,6,brotli|6|identity,identity,6.3701171875,0.004076699988218024,0.0006105999927967787,balanced,0.01755844317458024,ba84544980d5f5d26071,video,real:engines\XAI-Compress\data\test\archive (1)\FaceForensics++_C23\DeepFakeDetection\06_02__walking_down_indoor_hall_disgust__GH8TGTBS.mp4,train
brotli,11,brotli|11|identity,identity,7.3482666015625,0.40108759999566246,0.0012824000004911795,smallest,0.017074953207510634,bb1f1e0a85cb037f3f6f,video,real:engines\XAI-Compress\data\test\archive (1)\FaceForensics++_C23\DeepFakeDetection\01_26__outside_talking_pan_laughing__ZMEJ535O.mp4,train
zstd,1,zstd|1|identity,identity,7.51025390625,0.0003453000099398196,3.090000245720148e-05,fastest,0.013711085385107215,bb1f1e0a85cb037f3f6f,video,real:engines\XAI-Compress\data\test\archive (1)\FaceForensics++_C23\DeepFakeDetection\01_26__outside_talking_pan_laughing__ZMEJ535O.mp4,train
brotli,6,brotli|6|identity,identity,7.3673095703125,0.002617000005557202,0.0005566999898292124,balanced,0.027065388912413984,bb1f1e0a85cb037f3f6f,video,real:engines\XAI-Compress\data\test\archive (1)\FaceForensics++_C23\DeepFakeDetection\01_26__outside_talking_pan_laughing__ZMEJ535O.mp4,train
brotli,11,brotli|11|identity,identity,7.60693359375,0.663713000001735,0.001037300011375919,smallest,0.017336211988491987,bb5a5ebfa178c6635dae,video,real:engines\XAI-Compress\data\test\archive (1)\FaceForensics++_C23\DeepFakeDetection\02_09__exit_phone_room__HIH8YA82.mp4,validation
zstd,1,zstd|1|identity,identity,7.7186279296875,0.00034270000469405204,3.270000161137432e-05,fastest,0.012669888668698092,bb5a5ebfa178c6635dae,video,real:engines\XAI-Compress\data\test\archive (1)\FaceForensics++_C23\DeepFakeDetection\02_09__exit_phone_room__HIH8YA82.mp4,validation
brotli,6,brotli|6|identity,identity,7.6173095703125,0.003551700006937608,0.0005921000119997188,balanced,0.02874240570137056,bb5a5ebfa178c6635dae,video,real:engines\XAI-Compress\data\test\archive (1)\FaceForensics++_C23\DeepFakeDetection\02_09__exit_phone_room__HIH8YA82.mp4,validation
brotli,11,brotli|11|identity,identity,7.2816162109375,0.22553890000563115,0.0004281999863451347,smallest,0.01566030880528018,bb880e3675492aa1e00f,video,real:engines\XAI-Compress\data\test\archive (1)\FaceForensics++_C23\DeepFakeDetection\03_18__kitchen_pan__22UBC0BS.mp4,train
zstd,3,zstd|3|identity,identity,7.4564208984375,0.00040049999370239675,2.9100003303028643e-05,fastest,0.013952949454565518,bb880e3675492aa1e00f,video,real:engines\XAI-Compress\data\test\archive (1)\FaceForensics++_C23\DeepFakeDetection\03_18__kitchen_pan__22UBC0BS.mp4,train
brotli,6,brotli|6|identity,identity,7.2972412109375,0.003747300012037158,0.0006121000042185187,balanced,0.027384319707621663,bb880e3675492aa1e00f,video,real:engines\XAI-Compress\data\test\archive (1)\FaceForensics++_C23\DeepFakeDetection\03_18__kitchen_pan__22UBC0BS.mp4,train
brotli,9,brotli|9|identity,identity,6.616541353383458,0.0004888999974355102,1.580000389367342e-05,smallest,0.0028008654523416594,bb914fd114f4206a6405,source_code,real:engines\XAI-Compress\results\model_search\imports\auto\lr-0-0002-f316e33308\v1\XAI-Compress\scripts\kaggle\update_kaggle.ps1,test
raw,,raw|default|identity,identity,8.0,6.300004315562546e-06,4.299989086575806e-06,fastest,0.014743589743589745,bb914fd114f4206a6405,source_code,real:engines\XAI-Compress\results\model_search\imports\auto\lr-0-0002-f316e33308\v1\XAI-Compress\scripts\kaggle\update_kaggle.ps1,test
brotli,9,brotli|9|identity,identity,6.616541353383458,0.0004888999974355102,1.580000389367342e-05,balanced,0.04488467293749353,bb914fd114f4206a6405,source_code,real:engines\XAI-Compress\results\model_search\imports\auto\lr-0-0002-f316e33308\v1\XAI-Compress\scripts\kaggle\update_kaggle.ps1,test
raw,,raw|default|identity,identity,8.0,4.199988325126469e-06,2.5000044843181968e-06,smallest,0.0,bbcc3e6213fbe304ea9d,binary,real:apps\mobile_authenticator_flutter\android\.gradle\buildOutputCleanup\buildOutputCleanup.lock,train
raw,,raw|default|identity,identity,8.0,4.199988325126469e-06,2.5000044843181968e-06,fastest,0.0,bbcc3e6213fbe304ea9d,binary,real:apps\mobile_authenticator_flutter\android\.gradle\buildOutputCleanup\buildOutputCleanup.lock,train
raw,,raw|default|identity,identity,8.0,4.199988325126469e-06,2.5000044843181968e-06,balanced,0.0,bbcc3e6213fbe304ea9d,binary,real:apps\mobile_authenticator_flutter\android\.gradle\buildOutputCleanup\buildOutputCleanup.lock,train
brotli,9,brotli|9|identity,identity,7.0736083984375,0.02765049999288749,0.0006322000117506832,smallest,0.005304162290293654,bc3e7012fb5f9873bfda,video,real:engines\XAI-Compress\data\test\archive (1)\FaceForensics++_C23\DeepFakeDetection\03_15__outside_talking_pan_laughing__Y11NT1YX.mp4,train
zstd,9,zstd|9|identity,identity,7.273193359375,0.001167199996416457,2.9099988751113415e-05,fastest,0.012928731614715486,bc3e7012fb5f9873bfda,video,real:engines\XAI-Compress\data\test\archive (1)\FaceForensics++_C23\DeepFakeDetection\03_15__outside_talking_pan_laughing__Y11NT1YX.mp4,train
brotli,6,brotli|6|identity,identity,7.0745849609375,0.0035457999911159277,0.0006120000034570694,balanced,0.017497738623936235,bc3e7012fb5f9873bfda,video,real:engines\XAI-Compress\data\test\archive (1)\FaceForensics++_C23\DeepFakeDetection\03_15__outside_talking_pan_laughing__Y11NT1YX.mp4,train
brotli,11,brotli|11|identity,identity,3.072,0.019766799989156425,0.00010629999451339245,smallest,0.015798526403579344,bc4daa8cf1b9939701a0,markdown,real:engines\XAI-Compress\results\model_search\imports\candidate_b_20260830-183205\XAI-Compress\scripts\kaggle\README.md,validation
zstd,3,zstd|3|identity,identity,3.9216,0.00014170000213198364,4.5900000259280205e-05,fastest,0.01858387742764125,bc4daa8cf1b9939701a0,markdown,real:engines\XAI-Compress\results\model_search\imports\candidate_b_20260830-183205\XAI-Compress\scripts\kaggle\README.md,validation
deflate,6,deflate|6|identity,identity,3.7888,0.0002784999960567802,5.889999738428742e-05,balanced,0.07533172168226131,bc4daa8cf1b9939701a0,markdown,real:engines\XAI-Compress\results\model_search\imports\candidate_b_20260830-183205\XAI-Compress\scripts\kaggle\README.md,validation
lzma2,6,lzma2|6|identity,identity,6.26513671875,0.04760089999763295,0.01156240000273101,smallest,0.015924384366512563,bc559421f72cb439e577,model,real:engines\XAI-Compress\checkpoints\neural_lossy_v1\validation.latest.pt,test
brotli,6,brotli|6|identity,identity,6.4613037109375,0.006831000006059185,0.0005654999986290932,fastest,0.02351861677716815,bc559421f72cb439e577,model,real:engines\XAI-Compress\checkpoints\neural_lossy_v1\validation.latest.pt,test
brotli,6,brotli|6|identity,identity,6.4613037109375,0.006831000006059185,0.0005654999986290932,balanced,0.06323131661259614,bc559421f72cb439e577,model,real:engines\XAI-Compress\checkpoints\neural_lossy_v1\validation.latest.pt,test
brotli,11,brotli|11|identity,identity,3.7457627118644066,0.008721799997147173,6.70000008540228e-05,smallest,0.01695987662730683,bcc29aefa82f2fc182c3,source_code,real:apps\public_nextjs\app\architecture\page.tsx,test
zstd,3,zstd|3|identity,identity,4.853107344632768,7.199999527074397e-05,2.819999644998461e-05,fastest,0.030746065481787987,bcc29aefa82f2fc182c3,source_code,real:apps\public_nextjs\app\architecture\page.tsx,test
deflate,9,deflate|9|identity,identity,4.638418079096045,0.00014879999798722565,3.390001074876636e-05,balanced,0.11189520703593904,bcc29aefa82f2fc182c3,source_code,real:apps\public_nextjs\app\architecture\page.tsx,test
brotli,6,brotli|6|identity,identity,4.377358490566038,0.0003352999920025468,1.920000067912042e-05,smallest,0.0024953620237111746,bce703da92e8a49fd408,csv,real:engines\XAI-Compress\results\final_analysis\raw\benchmark_repetitions.csv,train
zstd,3,zstd|3|identity,identity,5.056603773584905,2.6999987312592566e-05,1.060000795405358e-05,fastest,0.024497682156191133,bce703da92e8a49fd408,csv,real:engines\XAI-Compress\results\final_analysis\raw\benchmark_repetitions.csv,train
brotli,6,brotli|6|identity,identity,4.377358490566038,0.0003352999920025468,1.920000067912042e-05,balanced,0.039000633229372555,bce703da92e8a49fd408,csv,real:engines\XAI-Compress\results\final_analysis\raw\benchmark_repetitions.csv,train
brotli,11,brotli|11|identity,identity,1.46750835499443,0.013039199999184348,5.8599995099939406e-05,smallest,0.015921676582918105,bce92554bc8f677456cb,json,real:engines\XAI-Compress\phase_j_results.json,train
zstd,6,zstd|6|identity,identity,1.7734868176754548,9.799998952075839e-05,2.0100007532164454e-05,fastest,0.011762899021028776,bce92554bc8f677456cb,json,real:engines\XAI-Compress\phase_j_results.json,train
zstd,6,zstd|6|identity,identity,1.7734868176754548,9.799998952075839e-05,2.0100007532164454e-05,balanced,0.027031380798800513,bce92554bc8f677456cb,json,real:engines\XAI-Compress\phase_j_results.json,train
brotli,11,brotli|11|identity,identity,3.4570906877662813,0.008470100001432002,6.629999552387744e-05,smallest,0.01664606434188355,bcfa5f0be65ecc197830,source_code,real:apps\public_nextjs\app\security\page.tsx,train
zstd,3,zstd|3|identity,identity,4.547778454047474,7.570000889245421e-05,2.750000567175448e-05,fastest,0.03095682477838782,bcfa5f0be65ecc197830,source_code,real:apps\public_nextjs\app\security\page.tsx,train
deflate,6,deflate|6|identity,identity,4.396835057821059,0.00011569999333005399,2.8399997972883284e-05,balanced,0.10825550920396246,bcfa5f0be65ecc197830,source_code,real:apps\public_nextjs\app\security\page.tsx,train
brotli,11,brotli|11|identity,identity,3.7313432835820897,0.003616900008637458,3.890000516548753e-05,smallest,0.007210465789892146,bde3693e1919277f0d4f,source_code,real:apps\public_nextjs\next-env.d.ts,test
deflate,9,deflate|9|identity,identity,5.134328358208955,5.9399986639618874e-05,1.8699996871873736e-05,fastest,0.029227672704231406,bde3693e1919277f0d4f,source_code,real:apps\public_nextjs\next-env.d.ts,test
brotli,6,brotli|6|identity,identity,4.298507462686567,0.0008181000011973083,3.5899996873922646e-05,balanced,0.10247605415784018,bde3693e1919277f0d4f,source_code,real:apps\public_nextjs\next-env.d.ts,test
brotli,6,brotli|6|identity,identity,7.1639404296875,0.0038907999987713993,0.0006145999941509217,smallest,0.010080966522699344,bdfcd12d0295fdd94769,video,real:engines\XAI-Compress\data\test\archive (1)\FaceForensics++_C23\DeepFakeDetection\02_01__secret_conversation__YVGY8LOK.mp4,train
zstd,6,zstd|6|identity,identity,7.344970703125,0.00114380000741221,3.259998629800975e-05,fastest,0.012892421965757284,bdfcd12d0295fdd94769,video,real:engines\XAI-Compress\data\test\archive (1)\FaceForensics++_C23\DeepFakeDetection\02_01__secret_conversation__YVGY8LOK.mp4,train
brotli,6,brotli|6|identity,identity,7.1639404296875,0.0038907999987713993,0.0006145999941509217,balanced,0.017088148869446592,bdfcd12d0295fdd94769,video,real:engines\XAI-Compress\data\test\archive (1)\FaceForensics++_C23\DeepFakeDetection\02_01__secret_conversation__YVGY8LOK.mp4,train
brotli,9,brotli|9|identity,identity,6.7867431640625,0.02826160000404343,0.0002330999996047467,smallest,0.012719166988762957,be617f67f8dfba1f41ee,video,real:engines\XAI-Compress\data\test\archive (1)\FaceForensics++_C23\DeepFakeDetection\02_15__walking_and_outside_surprised__HTG660F8.mp4,train
zstd,1,zstd|1|identity,identity,7.0576171875,0.00039909999759402126,4.8699992476031184e-05,fastest,0.013344065508789273,be617f67f8dfba1f41ee,video,real:engines\XAI-Compress\data\test\archive (1)\FaceForensics++_C23\DeepFakeDetection\02_15__walking_and_outside_surprised__HTG660F8.mp4,train
brotli,6,brotli|6|identity,identity,6.7869873046875,0.0037786000029882416,0.0006484000041382387,balanced,0.021763409288813096,be617f67f8dfba1f41ee,video,real:engines\XAI-Compress\data\test\archive (1)\FaceForensics++_C23\DeepFakeDetection\02_15__walking_and_outside_surprised__HTG660F8.mp4,train
brotli,11,brotli|11|identity,identity,3.014723438121767,0.010951699994620867,7.480000203941017e-05,smallest,0.016113305705669875,be7edbecb2bc5700a0b2,json,real:engines\XAI-Compress\results\final\final_status.json,train
zstd,3,zstd|3|identity,identity,3.8296856346995622,8.410000009462237e-05,3.139999171253294e-05,fastest,0.02014704571674826,be7edbecb2bc5700a0b2,json,real:engines\XAI-Compress\results\final\final_status.json,train
deflate,9,deflate|9|identity,identity,3.632311977715877,0.00018760000239126384,3.779999678954482e-05,balanced,0.06790314133829836,be7edbecb2bc5700a0b2,json,real:engines\XAI-Compress\results\final\final_status.json,train
brotli,4,brotli|4|identity,identity,7.8545454545454545,6.819999543949962e-05,1.9099999917671084e-05,smallest,0.00119337380715849,beb489d833f0ea3c3344,text,real:engines\XAI-Compress\xai_compress.egg-info\entry_points.txt,validation
raw,,raw|default|identity,identity,8.0,4.9000082071870565e-06,3.9000005926936865e-06,fastest,0.0008620689655172414,beb489d833f0ea3c3344,text,real:engines\XAI-Compress\xai_compress.egg-info\entry_points.txt,validation
raw,,raw|default|identity,identity,8.0,4.9000082071870565e-06,3.9000005926936865e-06,balanced,0.007758620689655172,beb489d833f0ea3c3344,text,real:engines\XAI-Compress\xai_compress.egg-info\entry_points.txt,validation
brotli,11,brotli|11|identity,identity,6.759765625,0.5165715000039199,0.000995800000964664,smallest,0.01667540267167952,bebe821f2bd6332ee329,video,real:engines\XAI-Compress\data\test\archive (1)\FaceForensics++_C23\DeepFakeDetection\03_15__meeting_serious__DNUJD8M2.mp4,train
deflate,6,deflate|6|identity,identity,6.8785400390625,0.0015052000089781359,0.00011339999036863446,fastest,0.009786070561100563,bebe821f2bd6332ee329,video,real:engines\XAI-Compress\data\test\archive (1)\FaceForensics++_C23\DeepFakeDetection\03_15__meeting_serious__DNUJD8M2.mp4,train
brotli,6,brotli|6|identity,identity,6.78076171875,0.0035610000049928203,0.0003912000101990998,balanced,0.018420741836138853,bebe821f2bd6332ee329,video,real:engines\XAI-Compress\data\test\archive (1)\FaceForensics++_C23\DeepFakeDetection\03_15__meeting_serious__DNUJD8M2.mp4,train
brotli,6,brotli|6|identity,identity,6.9053955078125,0.00379810000595171,0.0008350999996764585,smallest,0.008560418949095568,bec24f01d07e61cb66f0,video,real:engines\XAI-Compress\data\test\archive (1)\FaceForensics++_C23\DeepFakeDetection\02_15__kitchen_still__XNJIS4S3.mp4,train
zstd,9,zstd|9|identity,identity,7.11865234375,0.0011000000085914508,2.920000406447798e-05,fastest,0.012228677003724287,bec24f01d07e61cb66f0,video,real:engines\XAI-Compress\data\test\archive (1)\FaceForensics++_C23\DeepFakeDetection\02_15__kitchen_still__XNJIS4S3.mp4,train
brotli,6,brotli|6|identity,identity,6.9053955078125,0.00379810000595171,0.0008350999996764585,balanced,0.022030869180566647,bec24f01d07e61cb66f0,video,real:engines\XAI-Compress\data\test\archive (1)\FaceForensics++_C23\DeepFakeDetection\02_15__kitchen_still__XNJIS4S3.mp4,train
brotli,11,brotli|11|identity,identity,6.7623291015625,0.5891954999970039,0.00023019999207463115,smallest,0.015340367783651897,bed850f10c9c85062ede,video,real:engines\XAI-Compress\data\test\archive (1)\FaceForensics++_C23\DeepFakeDetection\03_13__meeting_serious__T3MZOI8X.mp4,train
deflate,6,deflate|6|identity,identity,6.8782958984375,0.001381299996864982,9.309999586548656e-05,fastest,0.008430324371671804,bed850f10c9c85062ede,video,real:engines\XAI-Compress\data\test\archive (1)\FaceForensics++_C23\DeepFakeDetection\03_13__meeting_serious__T3MZOI8X.mp4,train
brotli,6,brotli|6|identity,identity,6.782470703125,0.004070099996170029,0.0006347000016830862,balanced,0.022060514016079436,bed850f10c9c85062ede,video,real:engines\XAI-Compress\data\test\archive (1)\FaceForensics++_C23\DeepFakeDetection\03_13__meeting_serious__T3MZOI8X.mp4,train
brotli,11,brotli|11|identity,identity,2.367390153520381,0.008031899997149594,5.509999755304307e-05,smallest,0.014432661943821045,bee93557360aff2eaba0,source_code,real:apps\web_angular\.angular\cache\20.3.28\xai-web\vite\deps\chunk-WDMUDEB6.js,train
deflate,6,deflate|6|identity,identity,2.7019587083112757,0.00013109999417793006,3.1099989428184927e-05,fastest,0.02159938978364101,bee93557360aff2eaba0,source_code,real:apps\web_angular\.angular\cache\20.3.28\xai-web\vite\deps\chunk-WDMUDEB6.js,train
deflate,9,deflate|9|identity,identity,2.6892535733192164,0.00014709999959450215,3.029999788850546e-05,balanced,0.037861449485622777,bee93557360aff2eaba0,source_code,real:apps\web_angular\.angular\cache\20.3.28\xai-web\vite\deps\chunk-WDMUDEB6.js,train
brotli,11,brotli|11|identity,identity,7.636511156186613,0.013568200010922737,6.079999729990959e-05,smallest,0.016353722099083062,bf8c5f29f42d42b83e3b,binary,real:engines\XAI-Compress\.test-tmp\final-all\test_file_roundtrip_and_atomic0\out.xaic,train
raw,,raw|default|identity,identity,8.0,5.2000104915350676e-06,3.6999990697950125e-06,fastest,0.01076923076923077,bf8c5f29f42d42b83e3b,binary,real:engines\XAI-Compress\.test-tmp\final-all\test_file_roundtrip_and_atomic0\out.xaic,train
zstd,6,zstd|6|identity,identity,7.82474645030426,0.0001044000091496855,1.0499992640689015e-05,balanced,0.054536028387797156,bf8c5f29f42d42b83e3b,binary,real:engines\XAI-Compress\.test-tmp\final-all\test_file_roundtrip_and_atomic0\out.xaic,train
deflate,9,deflate|9|identity,identity,7.908447265625,0.0017863000102806836,0.00016299998969770968,smallest,0.010566524584230439,c00053085b900f5df548,archive,real:apps\public_nextjs\.next\cache\webpack\client-development\1.pack.gz,test
raw,,raw|default|identity,identity,8.0,3.9000005926936865e-06,2.6999914553016424e-06,fastest,0.010605203619909503,c00053085b900f5df548,archive,real:apps\public_nextjs\.next\cache\webpack\client-development\1.pack.gz,test
deflate,9,deflate|9|identity,identity,7.908447265625,0.0017863000102806836,0.00016299998969770968,balanced,0.05800614498879675,c00053085b900f5df548,archive,real:apps\public_nextjs\.next\cache\webpack\client-development\1.pack.gz,test
brotli,11,brotli|11|identity,identity,2.942052771114758,0.031558300004689954,0.00014640000881627202,smallest,0.015760904392401284,c04e75b69a96f5423881,source_code,real:apps\public_nextjs\.next\static\chunks\_app-pages-browser_node_modules_next_dist_client_dev_noop-turbopack-hmr_js.js,train
zstd,3,zstd|3|identity,identity,3.5490468375205153,0.00014009998994879425,5.1399998483248055e-05,fastest,0.013026665902205432,c04e75b69a96f5423881,source_code,real:apps\public_nextjs\.next\static\chunks\_app-pages-browser_node_modules_next_dist_client_dev_noop-turbopack-hmr_js.js,train
deflate,9,deflate|9|identity,identity,3.3884610528973615,0.0004589000018313527,7.20999960321933e-05,balanced,0.04889684523796457,c04e75b69a96f5423881,source_code,real:apps\public_nextjs\.next\static\chunks\_app-pages-browser_node_modules_next_dist_client_dev_noop-turbopack-hmr_js.js,train
brotli,11,brotli|11|identity,identity,2.995325116872078,0.02785329999460373,0.00015140000323299319,smallest,0.015899293657969812,c07cd78b19367419103a,markdown,real:engines\XAI-Compress\results\model_v2\design_report.md,validation
zstd,3,zstd|3|identity,identity,3.813571327383482,0.00018230000569019467,5.740000051446259e-05,fastest,0.01776711196978273,c07cd78b19367419103a,markdown,real:engines\XAI-Compress\results\model_v2\design_report.md,validation
deflate,6,deflate|6|identity,identity,3.6979742173112338,0.0003660000074887648,7.300000288523734e-05,balanced,0.07269631366191848,c07cd78b19367419103a,markdown,real:engines\XAI-Compress\results\model_v2\design_report.md,validation
brotli,11,brotli|11|identity,identity,6.542440296137841,0.6348094999993918,0.0012018999987049028,smallest,0.027311164836559907,c0aa9809fcdcbb0fd676,model,real:engines\XAI-Compress\.test-tmp\post-roundtrip-fix\test_neural_transformer_roundt0\tr.pt,train
zstd,6,zstd|6|identity,identity,6.797399602252787,0.0015813000063644722,0.0001931999868247658,fastest,0.01644538759012193,c0aa9809fcdcbb0fd676,model,real:engines\XAI-Compress\.test-tmp\post-roundtrip-fix\test_neural_transformer_roundt0\tr.pt,train
brotli,6,brotli|6|identity,identity,6.662767184183699,0.0038798000023234636,0.000861699998495169,balanced,0.0610444576828584,c0aa9809fcdcbb0fd676,model,real:engines\XAI-Compress\.test-tmp\post-roundtrip-fix\test_neural_transformer_roundt0\tr.pt,train
brotli,11,brotli|11|identity,identity,4.221105527638191,0.004210400002193637,4.069998976774514e-05,smallest,0.009630355590295825,c0c629c329aeeceda004,binary,real:apps\mobile_authenticator_flutter\pubspec.yaml,train
zstd,9,zstd|9|identity,identity,4.998324958123953,6.500000017695129e-05,1.6000005416572094e-05,fastest,0.02695508789448995,c0c629c329aeeceda004,binary,real:apps\mobile_authenticator_flutter\pubspec.yaml,train
deflate,9,deflate|9|identity,identity,4.797319932998325,7.180000829976052e-05,1.9400002202019095e-05,balanced,0.08342479804092226,c0c629c329aeeceda004,binary,real:apps\mobile_authenticator_flutter\pubspec.yaml,train
brotli,11,brotli|11|identity,identity,3.220675944333996,0.00570940000761766,4.610000178217888e-05,smallest,0.012045859084354639,c0d22698c5471a71be1a,source_code,real:apps\mobile_authenticator_flutter\lib\services\secure_account_store.dart,validation
zstd,6,zstd|6|identity,identity,3.840954274353877,7.509998977184296e-05,1.7700003809295595e-05,fastest,0.020772512744731197,c0d22698c5471a71be1a,source_code,real:apps\mobile_authenticator_flutter\lib\services\secure_account_store.dart,validation
deflate,9,deflate|9|identity,identity,3.6660039761431413,0.00010450000991113484,2.6200010324828327e-05,balanced,0.05656960519574249,c0d22698c5471a71be1a,source_code,real:apps\mobile_authenticator_flutter\lib\services\secure_account_store.dart,validation
brotli,6,brotli|6|identity,identity,7.1375732421875,0.003629500002716668,0.0006145999941509217,smallest,0.016112139429372035,c0d617138c2036526a16,video,real:engines\XAI-Compress\data\test\archive (1)\FaceForensics++_C23\DeepFakeDetection\03_07__walking_outside_cafe_disgusted__IFSURI9X.mp4,train
zstd,9,zstd|9|identity,identity,7.35009765625,0.0011492000048747286,3.329999162815511e-05,fastest,0.015233469252107272,c0d617138c2036526a16,video,real:engines\XAI-Compress\data\test\archive (1)\FaceForensics++_C23\DeepFakeDetection\03_07__walking_outside_cafe_disgusted__IFSURI9X.mp4,train
brotli,6,brotli|6|identity,identity,7.1375732421875,0.003629500002716668,0.0006145999941509217,balanced,0.022837246483985003,c0d617138c2036526a16,video,real:engines\XAI-Compress\data\test\archive (1)\FaceForensics++_C23\DeepFakeDetection\03_07__walking_outside_cafe_disgusted__IFSURI9X.mp4,train
brotli,11,brotli|11|identity,identity,1.6456298828125,0.2512028999917675,0.0005376999906729907,smallest,0.015507338918363575,c0f5bbbe638af7de1ea6,binary,real:apps\web_angular\.angular\cache\20.3.28\xai-web\vite\deps\chunk-2PAGCKIQ.js.map,train
zstd,3,zstd|3|identity,identity,2.07275390625,0.0011753000144381076,0.0003563000063877553,fastest,0.011955499690756983,c0f5bbbe638af7de1ea6,binary,real:apps\web_angular\.angular\cache\20.3.28\xai-web\vite\deps\chunk-2PAGCKIQ.js.map,train
deflate,6,deflate|6|identity,identity,1.90966796875,0.0024561000027460977,0.0002575999969849363,balanced,0.02482721921183917,c0f5bbbe638af7de1ea6,binary,real:apps\web_angular\.angular\cache\20.3.28\xai-web\vite\deps\chunk-2PAGCKIQ.js.map,train
brotli,11,brotli|11|identity,identity,1.7865663621708758,0.025350700001581572,0.0001086000120267272,smallest,0.01550435151052866,c15cbd7d550beeb8685d,logs,real:engines\XAI-Compress\results\model_search\imports\candidate_b_20260830-183205\xai-compress-model-search-lr-0-0002.log,train
zstd,3,zstd|3|identity,identity,2.217302525523912,0.00014590000500902534,4.6299988753162324e-05,fastest,0.010460739104639011,c15cbd7d550beeb8685d,logs,real:engines\XAI-Compress\results\model_search\imports\candidate_b_20260830-183205\xai-compress-model-search-lr-0-0002.log,train
zstd,6,zstd|6|identity,identity,2.1304674905964536,0.000331900009769015,4.470000567380339e-05,balanced,0.03138588842598528,c15cbd7d550beeb8685d,logs,real:engines\XAI-Compress\results\model_search\imports\candidate_b_20260830-183205\xai-compress-model-search-lr-0-0002.log,train
brotli,11,brotli|11|identity,identity,2.3808574277168493,0.008111599992844276,5.94000011915341e-05,smallest,0.014936416834242978,c23ddcc76aa0251b931f,json,real:engines\XAI-Compress\data\domain_focused\archive\results\checkpoint-2000\trainer_state.json,train
zstd,3,zstd|3|identity,identity,3.098703888334995,7.280000136233866e-05,2.9300004825927317e-05,fastest,0.020503376330469746,c23ddcc76aa0251b931f,json,real:engines\XAI-Compress\data\domain_focused\archive\results\checkpoint-2000\trainer_state.json,train
deflate,9,deflate|9|identity,identity,2.85543369890329,0.00015049999637994915,3.0199997127056122e-05,balanced,0.050495250336705017,c23ddcc76aa0251b931f,json,real:engines\XAI-Compress\data\domain_focused\archive\results\checkpoint-2000\trainer_state.json,train
brotli,11,brotli|11|identity,identity,2.9704984740590032,0.003020099989953451,2.4900000425986946e-05,smallest,0.013013166649784094,c270ebbd9f7d5c9ecb8f,source_code,real:apps\desktop_flutter\lib\services\api_service.dart,validation
zstd,6,zstd|6|identity,identity,3.6297049847405902,4.7599998652003706e-05,1.1799987987615168e-05,fastest,0.02935711801046444,c270ebbd9f7d5c9ecb8f,source_code,real:apps\desktop_flutter\lib\services\api_service.dart,validation
deflate,9,deflate|9|identity,identity,3.548321464903357,5.560000136028975e-05,1.410000550094992e-05,balanced,0.07135498111902264,c270ebbd9f7d5c9ecb8f,source_code,real:apps\desktop_flutter\lib\services\api_service.dart,validation
brotli,9,brotli|9|identity,identity,0.18666666666666668,0.00021559999731834978,2.1400002879090607e-05,smallest,0.0015071810269491734,c29a6e830a5d84e90ec0,binary,real:engines\XAI-Compress\.test-tmp\final-all\test_file_decoder_keeps_legacy0\restored,train
deflate,9,deflate|9|identity,identity,0.26666666666666666,4.389999958220869e-05,9.199997293762863e-06,fastest,0.008109917759684712,c29a6e830a5d84e90ec0,binary,real:engines\XAI-Compress\.test-tmp\final-all\test_file_decoder_keeps_legacy0\restored,train
deflate,9,deflate|9|identity,identity,0.26666666666666666,4.389999958220869e-05,9.199997293762863e-06,balanced,0.009813045350346303,c29a6e830a5d84e90ec0,binary,real:engines\XAI-Compress\.test-tmp\final-all\test_file_decoder_keeps_legacy0\restored,train
brotli,11,brotli|11|identity,identity,6.795001785076758,0.09728969998832326,0.0003963999915868044,smallest,0.017949152481511414,c348d45689584599ff90,model,real:engines\XAI-Compress\.test-tmp\final-all\test_neural_gru_roundtrip0\tiny.pt,train
zstd,9,zstd|9|identity,identity,6.999214566226348,0.0002519999979995191,5.0000002374872565e-05,fastest,0.01611859903991342,c348d45689584599ff90,model,real:engines\XAI-Compress\.test-tmp\final-all\test_neural_gru_roundtrip0\tiny.pt,train
brotli,6,brotli|6|identity,identity,6.866690467690111,0.001509299996541813,0.00023779999173711985,balanced,0.0549258448901054,c348d45689584599ff90,model,real:engines\XAI-Compress\.test-tmp\final-all\test_neural_gru_roundtrip0\tiny.pt,train
brotli,11,brotli|11|identity,identity,3.0356100408639812,0.01401070000429172,0.00010859999747481197,smallest,0.016282628198520416,c34dfe591d1ff35c8fd7,json,real:engines\XAI-Compress\notebooks\14_error_analysis.ipynb,train
zstd,3,zstd|3|identity,identity,3.890251021599533,7.54999928176403e-05,2.890000178012997e-05,fastest,0.016906651559113705,c34dfe591d1ff35c8fd7,json,real:engines\XAI-Compress\notebooks\14_error_analysis.ipynb,train
brotli,4,brotli|4|identity,identity,3.6474022183304147,0.000287600007141009,5.1700000767596066e-05,balanced,0.06927838652262067,c34dfe591d1ff35c8fd7,json,real:engines\XAI-Compress\notebooks\14_error_analysis.ipynb,train
brotli,9,brotli|9|identity,identity,7.618896484375,0.026872000002185814,0.0006044000037945807,smallest,0.013776237647078244,c3599328087d3bc42a06,video,real:engines\XAI-Compress\data\test\archive (1)\FaceForensics++_C23\DeepFakeDetection\02_15__exit_phone_room__I8G2LWD1.mp4,train
zstd,3,zstd|3|identity,identity,7.73095703125,0.0003724999987753108,2.469999890308827e-05,fastest,0.013080429820712912,c3599328087d3bc42a06,video,real:engines\XAI-Compress\data\test\archive (1)\FaceForensics++_C23\DeepFakeDetection\02_15__exit_phone_room__I8G2LWD1.mp4,train
brotli,6,brotli|6|identity,identity,7.619873046875,0.0032299000013154,0.0005882000114070252,balanced,0.022789796446826476,c3599328087d3bc42a06,video,real:engines\XAI-Compress\data\test\archive (1)\FaceForensics++_C23\DeepFakeDetection\02_15__exit_phone_room__I8G2LWD1.mp4,train
brotli,6,brotli|6|identity,identity,7.0751953125,0.004186000005574897,0.0007224000000860542,smallest,0.002282562897131509,c3adb57b2ef61c98a3a3,video,real:engines\XAI-Compress\data\test\archive (1)\FaceForensics++_C23\DeepFakeDetection\03_07__walking_outside_cafe_disgusted__PWXXULHR.mp4,train
zstd,3,zstd|3|identity,identity,7.350830078125,0.0007126999989850447,6.439999560825527e-05,fastest,0.0189709299029139,c3adb57b2ef61c98a3a3,video,real:engines\XAI-Compress\data\test\archive (1)\FaceForensics++_C23\DeepFakeDetection\03_07__walking_outside_cafe_disgusted__PWXXULHR.mp4,train
brotli,6,brotli|6|identity,identity,7.0751953125,0.004186000005574897,0.0007224000000860542,balanced,0.022860666318551146,c3adb57b2ef61c98a3a3,video,real:engines\XAI-Compress\data\test\archive (1)\FaceForensics++_C23\DeepFakeDetection\03_07__walking_outside_cafe_disgusted__PWXXULHR.mp4,train
brotli,11,brotli|11|identity,identity,3.744955609362389,0.008942000000388362,6.409999332390726e-05,smallest,0.016762850212295975,c3c9844aee9863dd7af6,source_code,real:engines\XAI-Compress\results\model_search\imports\auto\lr-0-0002-f316e33308\v1\XAI-Compress\scripts\kaggle\submit_activation_diagnostic.ps1,test
deflate,6,deflate|6|identity,identity,4.164648910411622,0.00010140000085812062,2.5300003471784294e-05,fastest,0.02311682131687698,c3c9844aee9863dd7af6,source_code,real:engines\XAI-Compress\results\model_search\imports\auto\lr-0-0002-f316e33308\v1\XAI-Compress\scripts\kaggle\submit_activation_diagnostic.ps1,test
deflate,6,deflate|6|identity,identity,4.164648910411622,0.00010140000085812062,2.5300003471784294e-05,balanced,0.056555099762490756,c3c9844aee9863dd7af6,source_code,real:engines\XAI-Compress\results\model_search\imports\auto\lr-0-0002-f316e33308\v1\XAI-Compress\scripts\kaggle\submit_activation_diagnostic.ps1,test
zstd,1,zstd|1|identity,identity,0.000789642333984375,0.0009947999933501706,0.005082300005597062,smallest,0.00036722106569575834,c3f90abbbe05732f8187,repetitive,synthetic:engines\XAI-Compress\data\hybrid_selector\synthetic\repetitive_4096KiB.bin,train
zstd,1,zstd|1|identity,identity,0.000789642333984375,0.0009947999933501706,0.005082300005597062,fastest,0.01005437824573487,c3f90abbbe05732f8187,repetitive,synthetic:engines\XAI-Compress\data\hybrid_selector\synthetic\repetitive_4096KiB.bin,train
zstd,1,zstd|1|identity,identity,0.000789642333984375,0.0009947999933501706,0.005082300005597062,balanced,0.005124140493661221,c3f90abbbe05732f8187,repetitive,synthetic:engines\XAI-Compress\data\hybrid_selector\synthetic\repetitive_4096KiB.bin,train
brotli,11,brotli|11|identity,identity,3.6103216155572175,0.19211790000554174,0.0006985999934840947,smallest,0.017448095241174428,c41da89acba352df9304,executable,real:apps\admin_dotnet\bin\Debug\net8.0\Microsoft.Extensions.Configuration.Binder.dll,train
zstd,3,zstd|3|identity,identity,4.197643979057592,0.0007194000063464046,0.00018730000010691583,fastest,0.019888157668310803,c41da89acba352df9304,executable,real:apps\admin_dotnet\bin\Debug\net8.0\Microsoft.Extensions.Configuration.Binder.dll,train
zstd,9,zstd|9|identity,identity,4.010284218399402,0.0019198999943910167,0.0001632999919820577,balanced,0.05148901399666701,c41da89acba352df9304,executable,real:apps\admin_dotnet\bin\Debug\net8.0\Microsoft.Extensions.Configuration.Binder.dll,train
brotli,9,brotli|9|identity,identity,7.389892578125,0.0315785999991931,0.0006250000005820766,smallest,0.015015338924433625,c48523b2cf9a757ad56f,video,real:engines\XAI-Compress\data\test\archive (1)\FaceForensics++_C23\DeepFakeDetection\04_01__walking_down_street_outside_angry__GBC7ZGDP.mp4,train
zstd,3,zstd|3|identity,identity,7.529052734375,0.0004420000041136518,3.310000465717167e-05,fastest,0.01306006200083531,c48523b2cf9a757ad56f,video,real:engines\XAI-Compress\data\test\archive (1)\FaceForensics++_C23\DeepFakeDetection\04_01__walking_down_street_outside_angry__GBC7ZGDP.mp4,train
brotli,6,brotli|6|identity,identity,7.390380859375,0.004157800009124912,0.0006551000114995986,balanced,0.02125554418840605,c48523b2cf9a757ad56f,video,real:engines\XAI-Compress\data\test\archive (1)\FaceForensics++_C23\DeepFakeDetection\04_01__walking_down_street_outside_angry__GBC7ZGDP.mp4,train
brotli,9,brotli|9|identity,identity,6.9188232421875,0.027581699992879294,0.0006090999959269539,smallest,0.013250569848044007,c4a941def8a08ccf229a,video,real:engines\XAI-Compress\data\test\archive (1)\FaceForensics++_C23\DeepFakeDetection\06_03__talking_against_wall__4I8LRXWF.mp4,test
deflate,9,deflate|9|identity,identity,7.0184326171875,0.0017232999962288886,9.31999966269359e-05,fastest,0.010027591041275723,c4a941def8a08ccf229a,video,real:engines\XAI-Compress\data\test\archive (1)\FaceForensics++_C23\DeepFakeDetection\06_03__talking_against_wall__4I8LRXWF.mp4,test
brotli,6,brotli|6|identity,identity,6.9224853515625,0.0038451000000350177,0.0005948000034550205,balanced,0.022009699307982054,c4a941def8a08ccf229a,video,real:engines\XAI-Compress\data\test\archive (1)\FaceForensics++_C23\DeepFakeDetection\06_03__talking_against_wall__4I8LRXWF.mp4,test
brotli,11,brotli|11|identity,identity,2.739130434782609,0.0073231999995186925,5.499999679159373e-05,smallest,0.014741033421342033,c51fd5d6e020fd4db583,binary,real:apps\mobile_authenticator_flutter\android\app\build.gradle.kts,train
deflate,9,deflate|9|identity,identity,3.3967391304347827,0.00011129998893011361,2.4100008886307478e-05,fastest,0.029278794982042784,c51fd5d6e020fd4db583,binary,real:apps\mobile_authenticator_flutter\android\app\build.gradle.kts,train
deflate,9,deflate|9|identity,identity,3.3967391304347827,0.00011129998893011361,2.4100008886307478e-05,balanced,0.07202369609768847,c51fd5d6e020fd4db583,binary,real:apps\mobile_authenticator_flutter\android\app\build.gradle.kts,train
brotli,11,brotli|11|identity,identity,2.523370429252782,0.028507600000011735,0.0001260999997612089,smallest,0.01581494169987608,c5fe4bd55561c0538e72,csv,real:engines\XAI-Compress\results\hybrid_ai\oracle_benchmark.csv,train
zstd,3,zstd|3|identity,identity,2.9634340222575517,0.00013610000314656645,4.4899992644786835e-05,fastest,0.011529837075121934,c5fe4bd55561c0538e72,csv,real:engines\XAI-Compress\results\hybrid_ai\oracle_benchmark.csv,train
zstd,6,zstd|6|identity,identity,2.896025437201908,0.00029630000062752515,4.2799991206265986e-05,balanced,0.037126477338642036,c5fe4bd55561c0538e72,csv,real:engines\XAI-Compress\results\hybrid_ai\oracle_benchmark.csv,train
brotli,11,brotli|11|identity,identity,7.5435791015625,0.5792785999947228,0.0011904999992111698,smallest,0.02680160425282077,c61b9b19e944ba5a426e,archive,real:apps\public_nextjs\.next\cache\webpack\server-development\index.pack.gz,train
zstd,6,zstd|6|identity,identity,7.635498046875,0.002297500002896413,6.0999998822808266e-05,fastest,0.01403920491047473,c61b9b19e944ba5a426e,archive,real:apps\public_nextjs\.next\cache\webpack\server-development\index.pack.gz,train
zstd,6,zstd|6|identity,identity,7.635498046875,0.002297500002896413,6.0999998822808266e-05,balanced,0.09271198852062554,c61b9b19e944ba5a426e,archive,real:apps\public_nextjs\.next\cache\webpack\server-development\index.pack.gz,train
brotli,6,brotli|6|identity,identity,6.3992919921875,0.004764700002851896,0.0008720000041648746,smallest,0.0019113045374428935,c63e295b1deea7522a47,video,real:engines\XAI-Compress\data\test\archive (1)\FaceForensics++_C23\DeepFakeDetection\02_21__talking_angry_couch__Z0XHPQAR.mp4,test
zstd,1,zstd|1|identity,identity,6.6654052734375,0.00027740000223275274,0.00015589999384246767,fastest,0.012352055098990601,c63e295b1deea7522a47,video,real:engines\XAI-Compress\data\test\archive (1)\FaceForensics++_C23\DeepFakeDetection\02_21__talking_angry_couch__Z0XHPQAR.mp4,test
brotli,6,brotli|6|identity,identity,6.3992919921875,0.004764700002851896,0.0008720000041648746,balanced,0.019966035716192137,c63e295b1deea7522a47,video,real:engines\XAI-Compress\data\test\archive (1)\FaceForensics++_C23\DeepFakeDetection\02_21__talking_angry_couch__Z0XHPQAR.mp4,test
brotli,11,brotli|11|identity,identity,7.4713134765625,0.5080085999943549,0.0005853000038769096,smallest,0.01588373059864202,c65bfa116de1d32b01f1,video,real:engines\XAI-Compress\data\test\archive (1)\FaceForensics++_C23\DeepFakeDetection\04_01__exit_phone_room__0XUW13RW.mp4,validation
zstd,3,zstd|3|identity,identity,7.618408203125,0.00039400000241585076,2.6299996534362435e-05,fastest,0.014967308957576465,c65bfa116de1d32b01f1,video,real:engines\XAI-Compress\data\test\archive (1)\FaceForensics++_C23\DeepFakeDetection\04_01__exit_phone_room__0XUW13RW.mp4,validation
brotli,6,brotli|6|identity,identity,7.4796142578125,0.003807000000961125,0.0005922999989707023,balanced,0.02123473824174764,c65bfa116de1d32b01f1,video,real:engines\XAI-Compress\data\test\archive (1)\FaceForensics++_C23\DeepFakeDetection\04_01__exit_phone_room__0XUW13RW.mp4,validation
zstd,6,zstd|6|delta,delta,0.07421875,4.990000161342323e-05,0.0004672999930335209,smallest,0.015091337527041566,c669d65a91ad96f2d734,binary,real:engines\XAI-Compress\.test-tmp\final-all\test_file_roundtrip_and_atomic0\restored.bin,train
zstd,6,zstd|6|identity,identity,1.078125,1.4599994756281376e-05,3.4999975468963385e-06,fastest,0.008492367686453539,c669d65a91ad96f2d734,binary,real:engines\XAI-Compress\.test-tmp\final-all\test_file_roundtrip_and_atomic0\restored.bin,train
zstd,9,zstd|9|identity,identity,1.078125,1.6699996194802225e-05,3.2999960239976645e-06,balanced,0.05839050413493731,c669d65a91ad96f2d734,binary,real:engines\XAI-Compress\.test-tmp\final-all\test_file_roundtrip_and_atomic0\restored.bin,train
raw,,raw|default|identity,identity,8.0,4.6000059228390455e-06,3.6999990697950125e-06,smallest,0.0,c68cebf5eb0c8fb36d82,markdown,real:services\realtime_node\README.md,train
raw,,raw|default|identity,identity,8.0,4.6000059228390455e-06,3.6999990697950125e-06,fastest,0.0,c68cebf5eb0c8fb36d82,markdown,real:services\realtime_node\README.md,train
raw,,raw|default|identity,identity,8.0,4.6000059228390455e-06,3.6999990697950125e-06,balanced,0.0,c68cebf5eb0c8fb36d82,markdown,real:services\realtime_node\README.md,train
brotli,11,brotli|11|identity,identity,2.826017979904812,0.008974500000476837,5.849999433849007e-05,smallest,0.016208156623785563,c68f5cb0f6b58db64c57,source_code,real:engines\XAI-Compress\results\model_search\imports\auto\lr-0-0002-f316e33308\v1\XAI-Compress\scripts\kaggle\deploy.ps1,test
deflate,9,deflate|9|identity,identity,3.3421470121628767,5.400000372901559e-05,1.1500000255182385e-05,fastest,0.011520373050293648,c68f5cb0f6b58db64c57,source_code,real:engines\XAI-Compress\results\model_search\imports\auto\lr-0-0002-f316e33308\v1\XAI-Compress\scripts\kaggle\deploy.ps1,test
deflate,9,deflate|9|identity,identity,3.3421470121628767,5.400000372901559e-05,1.1500000255182385e-05,balanced,0.04890655760550535,c68f5cb0f6b58db64c57,source_code,real:engines\XAI-Compress\results\model_search\imports\auto\lr-0-0002-f316e33308\v1\XAI-Compress\scripts\kaggle\deploy.ps1,test
brotli,6,brotli|6|identity,identity,6.83642578125,0.0022649000020464882,0.000302100001135841,smallest,0.010639051266335547,c6e7328aff0847385e2f,video,real:engines\XAI-Compress\data\test\archive (1)\FaceForensics++_C23\DeepFakeDetection\06_11__kitchen_still__C8C4FW99.mp4,train
zstd,3,zstd|3|identity,identity,7.059814453125,0.00022060000628698617,1.6700010746717453e-05,fastest,0.010686420411964903,c6e7328aff0847385e2f,video,real:engines\XAI-Compress\data\test\archive (1)\FaceForensics++_C23\DeepFakeDetection\06_11__kitchen_still__C8C4FW99.mp4,train
brotli,6,brotli|6|identity,identity,6.83642578125,0.0022649000020464882,0.000302100001135841,balanced,0.012784386964214247,c6e7328aff0847385e2f,video,real:engines\XAI-Compress\data\test\archive (1)\FaceForensics++_C23\DeepFakeDetection\06_11__kitchen_still__C8C4FW99.mp4,train
brotli,11,brotli|11|identity,identity,2.8816223067173636,0.03173619999142829,0.0001618999958736822,smallest,0.01598078113309638,c6e862e4fe55d78e09fa,markdown,real:engines\XAI-Compress\results\model_v2\v2_stability_audit.md,validation
deflate,6,deflate|6|identity,identity,3.5224334600760456,0.00022679999528918415,4.339999577496201e-05,fastest,0.0148912301193465,c6e862e4fe55d78e09fa,markdown,real:engines\XAI-Compress\results\model_v2\v2_stability_audit.md,validation
deflate,6,deflate|6|identity,identity,3.5224334600760456,0.00022679999528918415,4.339999577496201e-05,balanced,0.06171123140419996,c6e862e4fe55d78e09fa,markdown,real:engines\XAI-Compress\results\model_v2\v2_stability_audit.md,validation
brotli,6,brotli|6|identity,identity,6.7586669921875,0.0019254000071668997,0.0005808000132674351,smallest,0.007471899085449416,c70842272825dd567ecc,video,real:engines\XAI-Compress\data\test\archive (1)\FaceForensics++_C23\DeepFakeDetection\06_14__walking_and_outside_surprised__8U9ULZDT.mp4,test
brotli,4,brotli|4|identity,identity,6.839111328125,0.0006470999942393973,0.00023429999419022352,fastest,0.010605777477884184,c70842272825dd567ecc,video,real:engines\XAI-Compress\data\test\archive (1)\FaceForensics++_C23\DeepFakeDetection\06_14__walking_and_outside_surprised__8U9ULZDT.mp4,test
brotli,6,brotli|6|identity,identity,6.7586669921875,0.0019254000071668997,0.0005808000132674351,balanced,0.016701570629647527,c70842272825dd567ecc,video,real:engines\XAI-Compress\data\test\archive (1)\FaceForensics++_C23\DeepFakeDetection\06_14__walking_and_outside_surprised__8U9ULZDT.mp4,test
brotli,6,brotli|6|identity,identity,7.034423828125,0.0024486000038450584,0.00041900000360328704,smallest,0.008485154500996631,c720882c0029f2e5be91,video,real:engines\XAI-Compress\data\test\archive (1)\FaceForensics++_C23\DeepFakeDetection\06_15__outside_talking_still_laughing__E98QYYXO.mp4,train
brotli,4,brotli|4|identity,identity,7.0694580078125,0.0009568999957991764,0.00032210000790655613,fastest,0.010986796232673747,c720882c0029f2e5be91,video,real:engines\XAI-Compress\data\test\archive (1)\FaceForensics++_C23\DeepFakeDetection\06_15__outside_talking_still_laughing__E98QYYXO.mp4,train
brotli,6,brotli|6|identity,identity,7.034423828125,0.0024486000038450584,0.00041900000360328704,balanced,0.01301340026598017,c720882c0029f2e5be91,video,real:engines\XAI-Compress\data\test\archive (1)\FaceForensics++_C23\DeepFakeDetection\06_15__outside_talking_still_laughing__E98QYYXO.mp4,train
brotli,6,brotli|6|identity,identity,0.21872659176029963,0.0003288000007160008,2.78999941656366e-05,smallest,0.002119683418790367,c7ef874c062878faa6bd,source_code,real:engines\XAI-Compress\.test-tmp\final-all\test_corpus_roundtrip0\corpus\code\sample.py,train
zstd,6,zstd|6|identity,identity,0.2636704119850187,3.440000000409782e-05,8.500006515532732e-06,fastest,0.0039328136957973965,c7ef874c062878faa6bd,source_code,real:engines\XAI-Compress\.test-tmp\final-all\test_corpus_roundtrip0\corpus\code\sample.py,train
zstd,6,zstd|6|identity,identity,0.2636704119850187,3.440000000409782e-05,8.500006515532732e-06,balanced,0.005198404974877339,c7ef874c062878faa6bd,source_code,real:engines\XAI-Compress\.test-tmp\final-all\test_corpus_roundtrip0\corpus\code\sample.py,train
brotli,11,brotli|11|identity,identity,7.7069091796875,0.4475315000017872,0.0005902999982936308,smallest,0.01626398337909695,c7fb445e15f14f51f969,video,real:engines\XAI-Compress\data\test\archive (1)\FaceForensics++_C23\DeepFakeDetection\04_01__walk_down_hall_angry__GBC7ZGDP.mp4,train
zstd,1,zstd|1|identity,identity,7.798583984375,0.00013770000077784061,1.3900003978051245e-05,fastest,0.010016458578184156,c7fb445e15f14f51f969,video,real:engines\XAI-Compress\data\test\archive (1)\FaceForensics++_C23\DeepFakeDetection\04_01__walk_down_hall_angry__GBC7ZGDP.mp4,train
brotli,6,brotli|6|identity,identity,7.7198486328125,0.003915100009180605,0.0005902999982936308,balanced,0.03140959848798768,c7fb445e15f14f51f969,video,real:engines\XAI-Compress\data\test\archive (1)\FaceForensics++_C23\DeepFakeDetection\04_01__walk_down_hall_angry__GBC7ZGDP.mp4,train
brotli,11,brotli|11|identity,identity,1.6590378327884165,0.012205899998662062,5.079999391455203e-05,smallest,0.015967939092376825,c855b195f97acf89c388,json,real:apps\admin_dotnet\bin\Debug\net8.0\AdminDotNet.staticwebassets.endpoints.json,train
deflate,1,deflate|1|identity,identity,2.2195235871088275,5.080000846646726e-05,1.8399994587525725e-05,fastest,0.012025077131625577,c855b195f97acf89c388,json,real:apps\admin_dotnet\bin\Debug\net8.0\AdminDotNet.staticwebassets.endpoints.json,train
deflate,9,deflate|9|identity,identity,1.8533395609528258,0.00011629999789875001,2.61999957729131e-05,balanced,0.02276475717567245,c855b195f97acf89c388,json,real:apps\admin_dotnet\bin\Debug\net8.0\AdminDotNet.staticwebassets.endpoints.json,train
brotli,11,brotli|11|identity,identity,3.017917675544794,0.009698099995148368,6.179999036248773e-05,smallest,0.016221909923766563,c8e78ac2224766d0cc52,source_code,real:engines\XAI-Compress\benchmark.py,train
zstd,3,zstd|3|identity,identity,3.37046004842615,7.850000110920519e-05,2.9999995604157448e-05,fastest,0.01763302594933012,c8e78ac2224766d0cc52,source_code,real:engines\XAI-Compress\benchmark.py,train
deflate,9,deflate|9|identity,identity,3.2464891041162227,0.00015509998775087297,3.370000922586769e-05,balanced,0.033674627028185584,c8e78ac2224766d0cc52,source_code,real:engines\XAI-Compress\benchmark.py,train
brotli,11,brotli|11|identity,identity,4.553846153846154,0.0034985000093001872,5.080000846646726e-05,smallest,0.008894802341596626,c8fe8dcc237cf70acc9f,source_code,real:apps\public_nextjs\components\section-heading.tsx,train
raw,,raw|default|identity,identity,8.0,7.800001185387373e-06,5.800000508315861e-06,fastest,0.043298969072164954,c8fe8dcc237cf70acc9f,source_code,real:apps\public_nextjs\components\section-heading.tsx,train
brotli,6,brotli|6|identity,identity,4.717948717948718,0.0009191999997710809,4.2400002712383866e-05,balanced,0.08706956331259051,c8fe8dcc237cf70acc9f,source_code,real:apps\public_nextjs\components\section-heading.tsx,train
brotli,6,brotli|6|identity,identity,6.9488525390625,0.0017167999903904274,0.00021749999723397195,smallest,0.00783777916073003,c9640ddf5eeca92cb55a,video,real:engines\XAI-Compress\data\test\archive (1)\FaceForensics++_C23\DeepFakeDetection\02_27__walking_down_indoor_hall_disgust__YQX5Z8GN.mp4,train
brotli,6,brotli|6|identity,identity,6.9488525390625,0.0017167999903904274,0.00021749999723397195,fastest,0.009025888548360556,c9640ddf5eeca92cb55a,video,real:engines\XAI-Compress\data\test\archive (1)\FaceForensics++_C23\DeepFakeDetection\02_27__walking_down_indoor_hall_disgust__YQX5Z8GN.mp4,train
brotli,6,brotli|6|identity,identity,6.9488525390625,0.0017167999903904274,0.00021749999723397195,balanced,0.009538653431259994,c9640ddf5eeca92cb55a,video,real:engines\XAI-Compress\data\test\archive (1)\FaceForensics++_C23\DeepFakeDetection\02_27__walking_down_indoor_hall_disgust__YQX5Z8GN.mp4,train
brotli,6,brotli|6|identity,identity,6.6796875,0.0021524000039789826,0.00032830001146066934,smallest,0.01689757699189758,c9698489922ff792ca09,video,real:engines\XAI-Compress\data\test\archive (1)\FaceForensics++_C23\DeepFakeDetection\01_02__meeting_serious__YVGY8LOK.mp4,train
zstd,1,zstd|1|identity,identity,6.950439453125,0.00020599999697878957,2.1799991372972727e-05,fastest,0.012592523487995524,c9698489922ff792ca09,video,real:engines\XAI-Compress\data\test\archive (1)\FaceForensics++_C23\DeepFakeDetection\01_02__meeting_serious__YVGY8LOK.mp4,train
brotli,6,brotli|6|identity,identity,6.6796875,0.0021524000039789826,0.00032830001146066934,balanced,0.02517953983885729,c9698489922ff792ca09,video,real:engines\XAI-Compress\data\test\archive (1)\FaceForensics++_C23\DeepFakeDetection\01_02__meeting_serious__YVGY8LOK.mp4,train
brotli,11,brotli|11|identity,identity,3.65625,0.008973399992100894,7.530000584665686e-05,smallest,0.016237732900765047,c9bfc414215801365a64,markdown,real:engines\XAI-Compress\results\final_project\audit.md,test
zstd,3,zstd|3|identity,identity,4.73046875,8.159999561030418e-05,3.0499999411404133e-05,fastest,0.02587651173210219,c9bfc414215801365a64,markdown,real:engines\XAI-Compress\results\final_project\audit.md,test
deflate,6,deflate|6|identity,identity,4.5625,0.00022760000138077885,4.67000063508749e-05,balanced,0.11143780659418415,c9bfc414215801365a64,markdown,real:engines\XAI-Compress\results\final_project\audit.md,test
brotli,11,brotli|11|identity,identity,3.5759312320916905,0.005150199998752214,5.4899996030144393e-05,smallest,0.010620772739692828,ca528c2924b4d66a7016,source_code,real:apps\public_nextjs\app\pricing\page.tsx,test
zstd,3,zstd|3|identity,identity,4.974212034383954,6.289999873843044e-05,2.2299995180219412e-05,fastest,0.03147836737449331,ca528c2924b4d66a7016,source_code,real:apps\public_nextjs\app\pricing\page.tsx,test
brotli,4,brotli|4|identity,identity,4.508118433619866,0.00024930000654421747,4.3199994252063334e-05,balanced,0.12269015549307496,ca528c2924b4d66a7016,source_code,real:apps\public_nextjs\app\pricing\page.tsx,test
brotli,11,brotli|11|identity,identity,3.1917098445595853,0.004655600001569837,4.1799998143687844e-05,smallest,0.013590551585352424,ca708232bb55a81952b8,source_code,real:apps\web_angular\src\app\pages\security.page.ts,validation
deflate,6,deflate|6|identity,identity,4.186528497409326,9.000000136438757e-05,2.200000744778663e-05,fastest,0.036785187373301574,ca708232bb55a81952b8,source_code,real:apps\web_angular\src\app\pages\security.page.ts,validation
deflate,6,deflate|6|identity,identity,4.186528497409326,9.000000136438757e-05,2.200000744778663e-05,balanced,0.11125355665789062,ca708232bb55a81952b8,source_code,real:apps\web_angular\src\app\pages\security.page.ts,validation
lzma2,6,lzma2|6|identity,identity,6.26513671875,0.04797179999877699,0.010561400005826727,smallest,0.015359178794809563,caf74ce4f2651ac8c064,model,real:engines\XAI-Compress\checkpoints\neural_lossy_v1\validation.epoch-0002.pt,validation
zstd,3,zstd|3|identity,identity,6.880615234375,0.0007839000027161092,0.00028560000646393746,fastest,0.024751285567818113,caf74ce4f2651ac8c064,model,real:engines\XAI-Compress\checkpoints\neural_lossy_v1\validation.epoch-0002.pt,validation
brotli,6,brotli|6|identity,identity,6.4617919921875,0.007890599998063408,0.0016640999965602532,balanced,0.08416406484587349,caf74ce4f2651ac8c064,model,real:engines\XAI-Compress\checkpoints\neural_lossy_v1\validation.epoch-0002.pt,validation
brotli,11,brotli|11|identity,identity,6.759765625,0.45753280000644736,0.0012887999910162762,smallest,0.01675590441891504,cb354f198a06db89c3e3,video,real:engines\XAI-Compress\data\test\archive (1)\FaceForensics++_C23\DeepFakeDetection\03_14__meeting_serious__PLCQJM81.mp4,train
brotli,6,brotli|6|identity,identity,6.7816162109375,0.002310000010766089,0.00023850001161918044,fastest,0.00952275038644102,cb354f198a06db89c3e3,video,real:engines\XAI-Compress\data\test\archive (1)\FaceForensics++_C23\DeepFakeDetection\03_14__meeting_serious__PLCQJM81.mp4,train
brotli,6,brotli|6|identity,identity,6.7816162109375,0.002310000010766089,0.00023850001161918044,balanced,0.013733373238675767,cb354f198a06db89c3e3,video,real:engines\XAI-Compress\data\test\archive (1)\FaceForensics++_C23\DeepFakeDetection\03_14__meeting_serious__PLCQJM81.mp4,train
brotli,11,brotli|11|identity,identity,1.123223094306612,0.2029474000009941,0.00031459999445360154,smallest,0.015345748833742574,cb44ceccde0cdb95b3e3,json,real:engines\XAI-Compress\checkpoints\neural_lossless_v2\best.history.json,train
zstd,1,zstd|1|identity,identity,1.678808349330547,0.00038720000884495676,0.0001610000035725534,fastest,0.008172340679867544,cb44ceccde0cdb95b3e3,json,real:engines\XAI-Compress\checkpoints\neural_lossless_v2\best.history.json,train
zstd,9,zstd|9|identity,identity,1.5528394041746654,0.0019224999996367842,0.00012040000001434237,balanced,0.03267334990165495,cb44ceccde0cdb95b3e3,json,real:engines\XAI-Compress\checkpoints\neural_lossless_v2\best.history.json,train
brotli,11,brotli|11|identity,identity,2.8764044943820224,0.006790300001739524,5.989999044686556e-05,smallest,0.01456937192924047,cb4794f05b5459efb833,binary,real:apps\admin_dotnet\Components\Layout\NavMenu.razor,train
deflate,1,deflate|1|identity,identity,3.6704119850187267,4.220000118948519e-05,1.720000000204891e-05,fastest,0.025628944285521087,cb4794f05b5459efb833,binary,real:apps\admin_dotnet\Components\Layout\NavMenu.razor,train
zstd,9,zstd|9|identity,identity,3.5355805243445695,6.730000313837081e-05,1.9399987650103867e-05,balanced,0.07410307261284062,cb4794f05b5459efb833,binary,real:apps\admin_dotnet\Components\Layout\NavMenu.razor,train
brotli,11,brotli|11|identity,identity,3.4502923976608186,0.004765500008943491,4.400000034365803e-05,smallest,0.010526367633110661,cb6bcbfadce062566e9a,source_code,real:apps\desktop_flutter\lib\services\history_service.dart,train
deflate,6,deflate|6|identity,identity,4.035087719298246,7.100000220816582e-05,1.9800005247816443e-05,fastest,0.026647654062327508,cb6bcbfadce062566e9a,source_code,real:apps\desktop_flutter\lib\services\history_service.dart,train
deflate,6,deflate|6|identity,identity,4.035087719298246,7.100000220816582e-05,1.9800005247816443e-05,balanced,0.0723304962639148,cb6bcbfadce062566e9a,source_code,real:apps\desktop_flutter\lib\services\history_service.dart,train
brotli,9,brotli|9|identity,identity,5.383177570093458,0.0008377999911317602,2.4199995095841587e-05,smallest,0.003959605761368407,cc010e958e6199c2636a,xml,real:apps\public_nextjs\public\favicon.svg,validation
deflate,9,deflate|9|identity,identity,6.168224299065421,4.820000322069973e-05,1.4599994756281376e-05,fastest,0.0360022024007552,cc010e958e6199c2636a,xml,real:apps\public_nextjs\public\favicon.svg,validation
brotli,6,brotli|6|identity,identity,5.383177570093458,0.000735200010240078,2.680000034160912e-05,balanced,0.06365346626533533,cc010e958e6199c2636a,xml,real:apps\public_nextjs\public\favicon.svg,validation
brotli,11,brotli|11|identity,identity,4.903954802259887,0.0034958000032929704,8.519999391864985e-05,smallest,0.012268345030335644,cc0958580c6fb576f648,json,real:apps\public_nextjs\.next\prerender-manifest.json,train
zstd,6,zstd|6|identity,identity,5.333333333333333,5.6599994422867894e-05,1.7400001524947584e-05,fastest,0.02893004860469757,cc0958580c6fb576f648,json,real:apps\public_nextjs\.next\prerender-manifest.json,train
brotli,6,brotli|6|identity,identity,4.9491525423728815,0.0009436999971512705,3.509999078232795e-05,balanced,0.07111067538009451,cc0958580c6fb576f648,json,real:apps\public_nextjs\.next\prerender-manifest.json,train
brotli,11,brotli|11|identity,identity,3.272271016311167,0.004454599999007769,3.6299999919719994e-05,smallest,0.01073464153136803,cc0a768c16bc4f521d5e,binary,real:apps\mobile_authenticator_flutter\android\settings.gradle.kts,test
zstd,3,zstd|3|identity,identity,3.9247176913425346,5.200000305194408e-05,2.1100000594742596e-05,fastest,0.030450831485589972,cc0a768c16bc4f521d5e,binary,real:apps\mobile_authenticator_flutter\android\settings.gradle.kts,test
deflate,9,deflate|9|identity,identity,3.7139272271016313,9.070000669453293e-05,2.3900007363408804e-05,balanced,0.06357818378088026,cc0a768c16bc4f521d5e,binary,real:apps\mobile_authenticator_flutter\android\settings.gradle.kts,test
zstd,1,zstd|1|identity,identity,0.00075531005859375,0.0029240000003483146,0.0140454999927897,smallest,0.00035845702925533954,cca4f342abb4bb700834,repetitive,synthetic:engines\XAI-Compress\data\hybrid_selector\synthetic\repetitive_10240KiB.bin,train
zstd,1,zstd|1|identity,identity,0.00075531005859375,0.0029240000003483146,0.0140454999927897,fastest,0.010257580013615807,cca4f342abb4bb700834,repetitive,synthetic:engines\XAI-Compress\data\hybrid_selector\synthetic\repetitive_10240KiB.bin,train
zstd,1,zstd|1|identity,identity,0.00075531005859375,0.0029240000003483146,0.0140454999927897,balanced,0.005098195665285904,cca4f342abb4bb700834,repetitive,synthetic:engines\XAI-Compress\data\hybrid_selector\synthetic\repetitive_10240KiB.bin,train
brotli,6,brotli|6|identity,identity,7.68505859375,0.002944099993328564,0.00044410000555217266,smallest,0.020767522771657162,ccab6a5901429bc85b93,video,real:engines\XAI-Compress\data\test\archive (1)\FaceForensics++_C23\DeepFakeDetection\02_07__walk_down_hall_angry__U7DEOZNV.mp4,train
zstd,6,zstd|6|identity,identity,7.7686767578125,0.0008005999989109114,2.9399991035461426e-05,fastest,0.011216379058290192,ccab6a5901429bc85b93,video,real:engines\XAI-Compress\data\test\archive (1)\FaceForensics++_C23\DeepFakeDetection\02_07__walk_down_hall_angry__U7DEOZNV.mp4,train
brotli,6,brotli|6|identity,identity,7.68505859375,0.002944099993328564,0.00044410000555217266,balanced,0.023634049348434754,ccab6a5901429bc85b93,video,real:engines\XAI-Compress\data\test\archive (1)\FaceForensics++_C23\DeepFakeDetection\02_07__walk_down_hall_angry__U7DEOZNV.mp4,train
brotli,11,brotli|11|identity,identity,2.5588752196836557,0.003190200004610233,5.339999916031957e-05,smallest,0.009890363631626244,cd06dce17c2a06ac23aa,text,real:engines\XAI-Compress\xai_compress.egg-info\SOURCES.txt,train
zstd,9,zstd|9|identity,identity,3.1634446397188047,5.399998917710036e-05,1.5099998563528061e-05,fastest,0.028219567518515024,cd06dce17c2a06ac23aa,text,real:engines\XAI-Compress\xai_compress.egg-info\SOURCES.txt,train
deflate,6,deflate|6|identity,identity,3.022847100175747,6.960000609979033e-05,2.0899999071843922e-05,balanced,0.06326341866308789,cd06dce17c2a06ac23aa,text,real:engines\XAI-Compress\xai_compress.egg-info\SOURCES.txt,train
brotli,11,brotli|11|identity,identity,1.5108271210507633,0.01172539999242872,5.8599995099939406e-05,smallest,0.01587694236303046,cd260a4c13627b0f1896,logs,real:engines\XAI-Compress\phase_g_run.log,test
zstd,3,zstd|3|identity,identity,2.0362087326943556,7.090000144671649e-05,2.9400005587376654e-05,fastest,0.01463967027839461,cd260a4c13627b0f1896,logs,real:engines\XAI-Compress\phase_g_run.log,test
zstd,6,zstd|6|identity,identity,1.8345757898473554,0.00013040000339969993,2.4500011932104826e-05,balanced,0.03016078243207907,cd260a4c13627b0f1896,logs,real:engines\XAI-Compress\phase_g_run.log,test
brotli,11,brotli|11|identity,identity,7.65234375,0.8790563000075053,0.001040499992086552,smallest,0.01727402494168102,cd85d53d809096f5ac5c,video,real:engines\XAI-Compress\data\test\archive (1)\FaceForensics++_C23\DeepFakeDetection\01_21__walk_down_hall_angry__03X7CELV.mp4,train
zstd,3,zstd|3|identity,identity,7.774658203125,0.0005788999987998977,3.340000694151968e-05,fastest,0.01384152497730966,cd85d53d809096f5ac5c,video,real:engines\XAI-Compress\data\test\archive (1)\FaceForensics++_C23\DeepFakeDetection\01_21__walk_down_hall_angry__03X7CELV.mp4,train
brotli,6,brotli|6|identity,identity,7.6629638671875,0.005773599987151101,0.0009800999978324398,balanced,0.040193444090762226,cd85d53d809096f5ac5c,video,real:engines\XAI-Compress\data\test\archive (1)\FaceForensics++_C23\DeepFakeDetection\01_21__walk_down_hall_angry__03X7CELV.mp4,train
brotli,9,brotli|9|identity,identity,6.144927536231884,0.0007042000070214272,2.3999993572942913e-05,smallest,0.0030720580246134613,cdfe72201e70f3a1447d,json,real:engines\XAI-Compress\dataset-metadata.json,train
deflate,9,deflate|9|identity,identity,6.608695652173913,5.040000542066991e-05,7.799986633472145e-06,fastest,0.015137886388265565,cdfe72201e70f3a1447d,json,real:engines\XAI-Compress\dataset-metadata.json,train
brotli,6,brotli|6|identity,identity,6.144927536231884,0.0005119999987073243,2.8399997972883284e-05,balanced,0.04763466540499528,cdfe72201e70f3a1447d,json,real:engines\XAI-Compress\dataset-metadata.json,train
brotli,9,brotli|9|identity,identity,2.077241981234999,0.004095199998118915,6.330000178422779e-05,smallest,0.015467540641989748,ce40e44a83c526967889,image,real:engines\XAI-Compress\results\hybrid_ai\figures\06_selector_regret.png,validation
zstd,6,zstd|6|identity,identity,2.1749945450578223,0.00015560000611003488,1.990000600926578e-05,fastest,0.016382167247754844,ce40e44a83c526967889,image,real:engines\XAI-Compress\results\hybrid_ai\figures\06_selector_regret.png,validation
zstd,6,zstd|6|identity,identity,2.1749945450578223,0.00015560000611003488,1.990000600926578e-05,balanced,0.022730513443745905,ce40e44a83c526967889,image,real:engines\XAI-Compress\results\hybrid_ai\figures\06_selector_regret.png,validation
brotli,11,brotli|11|identity,identity,6.64208984375,0.474119000005885,0.0015654000017093495,smallest,0.017168010534593527,ce423a54b44f1639d344,model,real:engines\XAI-Compress\checkpoints\kaggle\best.latest.pt,validation
zstd,6,zstd|6|identity,identity,6.99755859375,0.0013743000017711893,0.00021460000425577164,fastest,0.01983624190443692,ce423a54b44f1639d344,model,real:engines\XAI-Compress\checkpoints\kaggle\best.latest.pt,validation
brotli,6,brotli|6|identity,identity,6.7188720703125,0.004274700011592358,0.0010674000077415258,balanced,0.04783253465058197,ce423a54b44f1639d344,model,real:engines\XAI-Compress\checkpoints\kaggle\best.latest.pt,validation
brotli,11,brotli|11|identity,identity,1.7047580317202116,0.011133699998026714,5.800000508315861e-05,smallest,0.01592365381102544,ce5607feaa0f910ab650,xml,real:engines\XAI-Compress\results\final\figures\xai_architecture.svg,train
zstd,6,zstd|6|identity,identity,2.2187881252541684,0.00010259999544359744,2.3300002794712782e-05,fastest,0.015304409048928035,ce5607feaa0f910ab650,xml,real:engines\XAI-Compress\results\final\figures\xai_architecture.svg,train
brotli,4,brotli|4|identity,identity,2.0431069540463604,0.00021549999655690044,3.850000211969018e-05,balanced,0.03773720156761215,ce5607feaa0f910ab650,xml,real:engines\XAI-Compress\results\final\figures\xai_architecture.svg,train
brotli,11,brotli|11|identity,identity,3.224699828473413,0.0264039000030607,0.00014899999951012433,smallest,0.015866637434501233,ce793668b78402ef71ac,markdown,real:engines\XAI-Compress\results\hybrid_ai\final_report.md,train
zstd,1,zstd|1|identity,identity,4.154373927958834,0.00014980000560171902,5.570000212173909e-05,fastest,0.018398086534878684,ce793668b78402ef71ac,markdown,real:engines\XAI-Compress\results\hybrid_ai\final_report.md,train
deflate,6,deflate|6|identity,identity,3.9382504288164664,0.0002955000090878457,5.420000525191426e-05,balanced,0.07451952793039576,ce793668b78402ef71ac,markdown,real:engines\XAI-Compress\results\hybrid_ai\final_report.md,train
brotli,6,brotli|6|identity,identity,6.6494140625,0.004047299997182563,0.0005993999948259443,smallest,0.01264825371770209,ceb68a8868bcd038b876,video,real:engines\XAI-Compress\data\test\archive (1)\FaceForensics++_C23\DeepFakeDetection\02_13__podium_speech_happy__2YSYT2N3.mp4,test
zstd,1,zstd|1|identity,identity,6.91162109375,0.000312299991492182,3.460000152699649e-05,fastest,0.01121982997849082,ceb68a8868bcd038b876,video,real:engines\XAI-Compress\data\test\archive (1)\FaceForensics++_C23\DeepFakeDetection\02_13__podium_speech_happy__2YSYT2N3.mp4,test
brotli,6,brotli|6|identity,identity,6.6494140625,0.004047299997182563,0.0005993999948259443,balanced,0.01822182282174499,ceb68a8868bcd038b876,video,real:engines\XAI-Compress\data\test\archive (1)\FaceForensics++_C23\DeepFakeDetection\02_13__podium_speech_happy__2YSYT2N3.mp4,test
brotli,6,brotli|6|identity,identity,7.3214111328125,0.0038361000042641535,0.0005916000081924722,smallest,0.009077394116706576,ced0ad5cf9a511c66b19,video,real:engines\XAI-Compress\data\test\archive (1)\FaceForensics++_C23\DeepFakeDetection\01_27__outside_talking_pan_laughing__S2YCUY48.mp4,train
deflate,9,deflate|9|identity,identity,7.4061279296875,0.0013356999988900498,0.00011850000009872019,fastest,0.011850635846711673,ced0ad5cf9a511c66b19,video,real:engines\XAI-Compress\data\test\archive (1)\FaceForensics++_C23\DeepFakeDetection\01_27__outside_talking_pan_laughing__S2YCUY48.mp4,train
brotli,6,brotli|6|identity,identity,7.3214111328125,0.0038361000042641535,0.0005916000081924722,balanced,0.018562582164543255,ced0ad5cf9a511c66b19,video,real:engines\XAI-Compress\data\test\archive (1)\FaceForensics++_C23\DeepFakeDetection\01_27__outside_talking_pan_laughing__S2YCUY48.mp4,train
brotli,11,brotli|11|identity,identity,2.877040261153428,0.010309400007827207,7.590001041535288e-05,smallest,0.016950883378340047,cf23f72468e12fe1c5da,json,real:engines\XAI-Compress\results\final_project\final_status.json,train
zstd,6,zstd|6|identity,identity,3.5778019586507073,0.00016630000027362257,3.29999893438071e-05,fastest,0.029662702615011687,cf23f72468e12fe1c5da,json,real:engines\XAI-Compress\results\final_project\final_status.json,train
deflate,9,deflate|9|identity,identity,3.455930359085963,0.00020599999697878957,4.3499996536411345e-05,balanced,0.070729916053951,cf23f72468e12fe1c5da,json,real:engines\XAI-Compress\results\final_project\final_status.json,train
brotli,11,brotli|11|identity,identity,7.3763427734375,0.5679699999891454,0.0010225000005448237,smallest,0.01673848972203219,cfa60713b94c4cf8ad0a,video,real:engines\XAI-Compress\data\test\archive (1)\FaceForensics++_C23\DeepFakeDetection\03_14__walk_down_hall_angry__P1L5PF4I.mp4,test
zstd,9,zstd|9|identity,identity,7.5166015625,0.0008040999964578077,3.500000457279384e-05,fastest,0.01303991453548664,cfa60713b94c4cf8ad0a,video,real:engines\XAI-Compress\data\test\archive (1)\FaceForensics++_C23\DeepFakeDetection\03_14__walk_down_hall_angry__P1L5PF4I.mp4,test
brotli,6,brotli|6|identity,identity,7.390625,0.0036853999918093905,0.000593100005062297,balanced,0.02565593052494074,cfa60713b94c4cf8ad0a,video,real:engines\XAI-Compress\data\test\archive (1)\FaceForensics++_C23\DeepFakeDetection\03_14__walk_down_hall_angry__P1L5PF4I.mp4,test
brotli,11,brotli|11|identity,identity,2.5973552211582307,0.01808750000782311,9.869999485090375e-05,smallest,0.015859656633838214,cfc4123b951ac9cba618,source_code,real:apps\desktop_flutter\windows\runner\flutter_window.cpp,train
zstd,3,zstd|3|identity,identity,3.4801641586867307,0.00010520000068936497,3.9099992136470973e-05,fastest,0.016927979158578216,cfc4123b951ac9cba618,source_code,real:apps\desktop_flutter\windows\runner\flutter_window.cpp,train
deflate,6,deflate|6|identity,identity,3.2722298221614228,0.00021009999909438193,4.9700000090524554e-05,balanced,0.06505801929309324,cfc4123b951ac9cba618,source_code,real:apps\desktop_flutter\windows\runner\flutter_window.cpp,train
brotli,11,brotli|11|identity,identity,3.8925750394944707,0.004451800006791018,4.5599997974932194e-05,smallest,0.010636034584965834,cfd31d9933db432709c2,markdown,real:engines\XAI-Compress\results\model_v2\final_report.md,train
zstd,3,zstd|3|identity,identity,5.042654028436019,5.089999467600137e-05,1.9500002963468432e-05,fastest,0.03255575160814442,cfd31d9933db432709c2,markdown,real:engines\XAI-Compress\results\model_v2\final_report.md,train
deflate,6,deflate|6|identity,identity,4.815165876777251,8.6499989265576e-05,2.4100008886307478e-05,balanced,0.1194443176911707,cfd31d9933db432709c2,markdown,real:engines\XAI-Compress\results\model_v2\final_report.md,train
brotli,11,brotli|11|identity,identity,3.618705035971223,0.0065095000027213246,5.7199998991563916e-05,smallest,0.01439928762164076,d014daf4a7766899d866,binary,real:apps\admin_dotnet\Components\Pages\Users.razor,train
zstd,3,zstd|3|identity,identity,4.58273381294964,6.419999408535659e-05,2.5699991965666413e-05,fastest,0.03318383984387665,d014daf4a7766899d866,binary,real:apps\admin_dotnet\Components\Pages\Users.razor,train
deflate,9,deflate|9|identity,identity,4.316546762589928,0.00011609999637585133,2.7400004910305142e-05,balanced,0.09079301494671499,d014daf4a7766899d866,binary,real:apps\admin_dotnet\Components\Pages\Users.razor,train
brotli,11,brotli|11|identity,identity,2.917874396135266,0.0026193000085186213,3.609999839682132e-05,smallest,0.00821083788497846,d06cecf170d862e73c71,binary,real:apps\admin_dotnet\Components\App.razor,train
deflate,9,deflate|9|identity,identity,5.024154589371981,6.079999729990959e-05,1.7300000763498247e-05,fastest,0.047960233888193184,d06cecf170d862e73c71,binary,real:apps\admin_dotnet\Components\App.razor,train
brotli,11,brotli|11|identity,identity,2.917874396135266,0.0026193000085186213,3.609999839682132e-05,balanced,0.1421630040676077,d06cecf170d862e73c71,binary,real:apps\admin_dotnet\Components\App.razor,train
brotli,11,brotli|11|identity,identity,2.6638888888888888,0.022322400007396936,0.00011860000086016953,smallest,0.015879843629469204,d0a30fdc9de33ebaaf9d,source_code,real:engines\XAI-Compress\results\model_search\imports\auto\lr-0-0002-f316e33308\v1\XAI-Compress\scripts\kaggle\run_v2_multi_epoch_diagnostic.py,train
zstd,3,zstd|3|identity,identity,3.2222222222222223,0.0001379999885102734,4.6200002543628216e-05,fastest,0.014073200340281353,d0a30fdc9de33ebaaf9d,source_code,real:engines\XAI-Compress\results\model_search\imports\auto\lr-0-0002-f316e33308\v1\XAI-Compress\scripts\kaggle\run_v2_multi_epoch_diagnostic.py,train
deflate,9,deflate|9|identity,identity,3.0930555555555554,0.00035230000503361225,5.4199990699999034e-05,balanced,0.045820391984641794,d0a30fdc9de33ebaaf9d,source_code,real:engines\XAI-Compress\results\model_search\imports\auto\lr-0-0002-f316e33308\v1\XAI-Compress\scripts\kaggle\run_v2_multi_epoch_diagnostic.py,train
brotli,11,brotli|11|identity,identity,2.0375,0.0129536000022199,6.479999865405262e-05,smallest,0.016019773388756483,d13712688698f4625800,json,real:engines\XAI-Compress\results\final\lossy_validation.json,train
zstd,3,zstd|3|identity,identity,2.6,7.270000060088933e-05,2.9000002541579306e-05,fastest,0.015119467252458493,d13712688698f4625800,json,real:engines\XAI-Compress\results\final\lossy_validation.json,train
deflate,9,deflate|9|identity,identity,2.45625,0.00015690000145696104,3.190001007169485e-05,balanced,0.04138766872665216,d13712688698f4625800,json,real:engines\XAI-Compress\results\final\lossy_validation.json,train
brotli,11,brotli|11|identity,identity,2.9683766690091358,0.005546799991861917,4.8900008550845087e-05,smallest,0.015448342982771025,d1d3fc44da656a953ace,json,real:.vscode\launch.json,train
zstd,6,zstd|6|identity,identity,3.7104708362614196,7.71000050008297e-05,1.6399993910454214e-05,fastest,0.02512216326619425,d1d3fc44da656a953ace,json,real:.vscode\launch.json,train
deflate,9,deflate|9|identity,identity,3.5924104005621924,8.959999831859022e-05,1.990000600926578e-05,balanced,0.0699716933561872,d1d3fc44da656a953ace,json,real:.vscode\launch.json,train
brotli,11,brotli|11|identity,identity,6.538429399869646,0.4972730000008596,0.001451400006772019,smallest,0.01764803796216112,d26718c57ed4175d4b62,model,real:engines\XAI-Compress\.test-tmp\test_neural_transformer_roundt0\tr.pt,train
zstd,3,zstd|3|identity,identity,6.834433544462456,0.0004901000065729022,0.00018730000010691583,fastest,0.016356305783323897,d26718c57ed4175d4b62,model,real:engines\XAI-Compress\.test-tmp\test_neural_transformer_roundt0\tr.pt,train
brotli,6,brotli|6|identity,identity,6.660360646422782,0.0037884999910602346,0.0010311999940313399,balanced,0.06488233857470911,d26718c57ed4175d4b62,model,real:engines\XAI-Compress\.test-tmp\test_neural_transformer_roundt0\tr.pt,train
brotli,9,brotli|9|identity,identity,0.7447509765625,0.015012599993497133,0.00022209998860489577,smallest,0.006701315025543142,d27dc1d6d4717d80c545,json,real:apps\admin_dotnet\obj\project.assets.json,test
zstd,3,zstd|3|identity,identity,0.875,0.00036580000596586615,0.00013440000475384295,fastest,0.003615812472535971,d27dc1d6d4717d80c545,json,real:apps\admin_dotnet\obj\project.assets.json,test
zstd,9,zstd|9|identity,identity,0.782470703125,0.0023905999987618998,0.00011909999011550099,balanced,0.008633309160726008,d27dc1d6d4717d80c545,json,real:apps\admin_dotnet\obj\project.assets.json,test
brotli,11,brotli|11|identity,identity,6.8311767578125,0.38830000000598375,0.0012445000029401854,smallest,0.01665314105237297,d2803cf8fdb115987e93,video,real:engines\XAI-Compress\data\test\archive (1)\FaceForensics++_C23\DeepFakeDetection\01_11__secret_conversation__4OJNJLOO.mp4,train
brotli,4,brotli|4|identity,identity,6.9188232421875,0.0006629999988945201,0.00021840000408701599,fastest,0.009652986648274197,d2803cf8fdb115987e93,video,real:engines\XAI-Compress\data\test\archive (1)\FaceForensics++_C23\DeepFakeDetection\01_11__secret_conversation__4OJNJLOO.mp4,train
brotli,6,brotli|6|identity,identity,6.8529052734375,0.0036671999987447634,0.0005889000021852553,balanced,0.021608256494690906,d2803cf8fdb115987e93,video,real:engines\XAI-Compress\data\test\archive (1)\FaceForensics++_C23\DeepFakeDetection\01_11__secret_conversation__4OJNJLOO.mp4,train
brotli,6,brotli|6|identity,identity,0.24210526315789474,0.00017850000585895032,2.0000006770715117e-05,smallest,0.000747215810920089,d288db94c8da7b99530d,text,real:engines\XAI-Compress\.test-tmp\final-all\test_dataset_lazy_and_split0\b.txt,train
deflate,9,deflate|9|identity,identity,0.35789473684210527,3.670000296551734e-05,7.299997378140688e-06,fastest,0.005077927456124899,d288db94c8da7b99530d,text,real:engines\XAI-Compress\.test-tmp\final-all\test_dataset_lazy_and_split0\b.txt,train
deflate,9,deflate|9|identity,identity,0.35789473684210527,3.670000296551734e-05,7.299997378140688e-06,balanced,0.009216087582319158,d288db94c8da7b99530d,text,real:engines\XAI-Compress\.test-tmp\final-all\test_dataset_lazy_and_split0\b.txt,train
brotli,11,brotli|11|identity,identity,3.0562378797672913,0.011427200006437488,6.10999995842576e-05,smallest,0.01616317320026515,d2c154402f2f988454dc,source_code,real:apps\web_angular\src\app\pages\dashboard.page.ts,validation
zstd,3,zstd|3|identity,identity,3.8577892695539755,8.690000686328858e-05,3.5500008380040526e-05,fastest,0.023249629270369287,d2c154402f2f988454dc,source_code,real:apps\web_angular\src\app\pages\dashboard.page.ts,validation
deflate,6,deflate|6|identity,identity,3.6561085972850678,0.00017499999376013875,4.2100000428035855e-05,balanced,0.06930817325397864,d2c154402f2f988454dc,source_code,real:apps\web_angular\src\app\pages\dashboard.page.ts,validation
raw,,raw|default|identity,identity,8.0,7.399998139590025e-06,5.800000508315861e-06,smallest,0.0,d2eb5a5138ea06eaea9c,text,real:engines\XAI-Compress\xai_compress.egg-info\requires.txt,train
raw,,raw|default|identity,identity,8.0,7.399998139590025e-06,5.800000508315861e-06,fastest,0.0,d2eb5a5138ea06eaea9c,text,real:engines\XAI-Compress\xai_compress.egg-info\requires.txt,train
raw,,raw|default|identity,identity,8.0,7.399998139590025e-06,5.800000508315861e-06,balanced,0.0,d2eb5a5138ea06eaea9c,text,real:engines\XAI-Compress\xai_compress.egg-info\requires.txt,train
brotli,11,brotli|11|identity,identity,3.834319526627219,0.004991100009647198,5.60000044060871e-05,smallest,0.010965259664073345,d2edd0111f8d73b6286a,source_code,real:apps\web_angular\src\app\pages\inbox.page.ts,train
zstd,3,zstd|3|identity,identity,4.989349112426035,5.649999366141856e-05,2.1799991372972727e-05,fastest,0.037943265007563697,d2edd0111f8d73b6286a,source_code,real:apps\web_angular\src\app\pages\inbox.page.ts,train
brotli,6,brotli|6|identity,identity,4.165680473372781,0.0014187000051606447,4.5199994929134846e-05,balanced,0.1157710347441375,d2edd0111f8d73b6286a,source_code,real:apps\web_angular\src\app\pages\inbox.page.ts,train
brotli,11,brotli|11|identity,identity,3.085899513776337,0.0017542999994475394,2.3200002033263445e-05,smallest,0.008306461284875322,d368be6e7504428798ca,markdown,real:apps\admin_dotnet\docs\API_CONTRACT.md,train
zstd,6,zstd|6|identity,identity,3.9157212317666126,3.0000010156072676e-05,7.700000423938036e-06,fastest,0.020697927906977415,d368be6e7504428798ca,markdown,real:apps\admin_dotnet\docs\API_CONTRACT.md,train
deflate,6,deflate|6|identity,identity,3.7082658022690436,4.600000102072954e-05,1.0899995686486363e-05,balanced,0.07002262456849366,d368be6e7504428798ca,markdown,real:apps\admin_dotnet\docs\API_CONTRACT.md,train
brotli,11,brotli|11|identity,identity,5.903448275862069,0.002268800002639182,4.1100007365457714e-05,smallest,0.007417240610900181,d37c582263628d995f24,markdown,real:labs\nlp_cv_rag\README.md,train
raw,,raw|default|identity,identity,8.0,6.400005077011883e-06,3.6999990697950125e-06,fastest,0.02043010752688172,d37c582263628d995f24,markdown,real:labs\nlp_cv_rag\README.md,train
brotli,4,brotli|4|identity,identity,6.620689655172414,0.00013050000416114926,1.9500002963468432e-05,balanced,0.08539206930959527,d37c582263628d995f24,markdown,real:labs\nlp_cv_rag\README.md,train
brotli,4,brotli|4|identity,identity,7.219512195121951,6.960000609979033e-05,1.8999999156221747e-05,smallest,0.0019733506345895515,d38cdbfe392f0d872bc9,markdown,real:infrastructure\kubernetes\README.md,train
raw,,raw|default|identity,identity,8.0,4.099987563677132e-06,3.3999967854470015e-06,fastest,0.0060606060606060615,d38cdbfe392f0d872bc9,markdown,real:infrastructure\kubernetes\README.md,train
brotli,4,brotli|4|identity,identity,7.219512195121951,6.960000609979033e-05,1.8999999156221747e-05,balanced,0.027115466997279857,d38cdbfe392f0d872bc9,markdown,real:infrastructure\kubernetes\README.md,train
brotli,11,brotli|11|identity,identity,5.304689693906206,0.060884999998961575,0.00041769999370444566,smallest,0.018616172754793957,d3a0a4bdea1fa2375438,model,real:engines\XAI-Compress\data\test\archive\results\checkpoint-1290\rng_state.pth,train
zstd,1,zstd|1|identity,identity,5.865768042684639,0.0001866000093286857,8.05000017862767e-05,fastest,0.02354386511820442,d3a0a4bdea1fa2375438,model,real:engines\XAI-Compress\data\test\archive\results\checkpoint-1290\rng_state.pth,train
zstd,3,zstd|3|identity,identity,5.764672844706543,0.0003601000062189996,8.519999391864985e-05,balanced,0.0880501212776458,d3a0a4bdea1fa2375438,model,real:engines\XAI-Compress\data\test\archive\results\checkpoint-1290\rng_state.pth,train
brotli,6,brotli|6|identity,identity,2.528169014084507,0.0012848000042140484,4.470000567380339e-05,smallest,0.0036521987133906527,d3b05331d36f10bb2338,source_code,real:apps\mobile_authenticator_flutter\lib\models\authenticator_account.dart,test
deflate,1,deflate|1|identity,identity,3.3732394366197185,4.839999019168317e-05,1.6699996194802225e-05,fastest,0.018635551827918498,d3b05331d36f10bb2338,source_code,real:apps\mobile_authenticator_flutter\lib\models\authenticator_account.dart,test
deflate,9,deflate|9|identity,identity,2.7816901408450705,0.00010889999975915998,2.300000051036477e-05,balanced,0.03343404156439369,d3b05331d36f10bb2338,source_code,real:apps\mobile_authenticator_flutter\lib\models\authenticator_account.dart,test
brotli,11,brotli|11|identity,identity,5.734820322180917,0.006802600008086301,7.660000119358301e-05,smallest,0.014735281807162758,d3bde520fa745484d111,json,real:apps\admin_dotnet\obj\Debug\net8.0\rjsmcshtml.dswa.cache.json,test
deflate,9,deflate|9|identity,identity,5.858736059479554,0.00010259999544359744,2.1900006686337292e-05,fastest,0.017102021843073533,d3bde520fa745484d111,json,real:apps\admin_dotnet\obj\Debug\net8.0\rjsmcshtml.dswa.cache.json,test
deflate,9,deflate|9|identity,identity,5.858736059479554,0.00010259999544359744,2.1900006686337292e-05,balanced,0.03341558307149794,d3bde520fa745484d111,json,real:apps\admin_dotnet\obj\Debug\net8.0\rjsmcshtml.dswa.cache.json,test
brotli,11,brotli|11|identity,identity,2.882449425915801,0.014540100004523993,9.629999112803489e-05,smallest,0.01609132764147583,d4c982d355c06c18e391,markdown,real:analytics\XAI-Compress-Analysis-Suite\docs\PRESENTATION_GUIDE.md,train
zstd,3,zstd|3|identity,identity,3.85784581738655,4.239998816046864e-05,1.4600009308196604e-05,fastest,0.013849635210974905,d4c982d355c06c18e391,markdown,real:analytics\XAI-Compress-Analysis-Suite\docs\PRESENTATION_GUIDE.md,train
brotli,6,brotli|6|identity,identity,3.413887370147622,0.0008668999944347888,3.340000694151968e-05,balanced,0.06947475027877334,d4c982d355c06c18e391,markdown,real:analytics\XAI-Compress-Analysis-Suite\docs\PRESENTATION_GUIDE.md,train
raw,,raw|default|identity,identity,8.0,3.5999983083456755e-06,2.7999922167509794e-06,smallest,0.0,d4dbe8e2e6968fb85244,source_code,real:engines\XAI-Compress\.test-tmp\final-all\test_aggregate_and_classify0\a.py,train
raw,,raw|default|identity,identity,8.0,3.5999983083456755e-06,2.7999922167509794e-06,fastest,0.0,d4dbe8e2e6968fb85244,source_code,real:engines\XAI-Compress\.test-tmp\final-all\test_aggregate_and_classify0\a.py,train
raw,,raw|default|identity,identity,8.0,3.5999983083456755e-06,2.7999922167509794e-06,balanced,0.0,d4dbe8e2e6968fb85244,source_code,real:engines\XAI-Compress\.test-tmp\final-all\test_aggregate_and_classify0\a.py,train
brotli,9,brotli|9|identity,identity,6.9322509765625,0.027223400000366382,0.000602399988565594,smallest,0.009020303258227256,d4ebbe256c6d775666d8,video,real:engines\XAI-Compress\data\test\archive (1)\FaceForensics++_C23\DeepFakeDetection\03_15__podium_speech_happy__DG8ITQO3.mp4,validation
zstd,9,zstd|9|identity,identity,7.1505126953125,0.0012519000010797754,3.5899996873922646e-05,fastest,0.013049838673147766,d4ebbe256c6d775666d8,video,real:engines\XAI-Compress\data\test\archive (1)\FaceForensics++_C23\DeepFakeDetection\03_15__podium_speech_happy__DG8ITQO3.mp4,validation
brotli,6,brotli|6|identity,identity,6.934326171875,0.003930499995476566,0.0005934999935561791,balanced,0.019820161165744414,d4ebbe256c6d775666d8,video,real:engines\XAI-Compress\data\test\archive (1)\FaceForensics++_C23\DeepFakeDetection\03_15__podium_speech_happy__DG8ITQO3.mp4,validation
brotli,9,brotli|9|identity,identity,7.2127685546875,0.02743039999040775,0.0005983000010019168,smallest,0.010207142414147946,d4f64711ac0280d47bce,video,real:engines\XAI-Compress\data\test\archive (1)\FaceForensics++_C23\DeepFakeDetection\01_03__hugging_happy__ISF9SP4G.mp4,train
zstd,3,zstd|3|identity,identity,7.4130859375,0.00037569999403785914,2.8599999495781958e-05,fastest,0.014268650081464856,d4f64711ac0280d47bce,video,real:engines\XAI-Compress\data\test\archive (1)\FaceForensics++_C23\DeepFakeDetection\01_03__hugging_happy__ISF9SP4G.mp4,train
brotli,6,brotli|6|identity,identity,7.2149658203125,0.0038927999994484708,0.0006217000045580789,balanced,0.020215800083567638,d4f64711ac0280d47bce,video,real:engines\XAI-Compress\data\test\archive (1)\FaceForensics++_C23\DeepFakeDetection\01_03__hugging_happy__ISF9SP4G.mp4,train
brotli,11,brotli|11|identity,identity,1.9344401873137504,0.011555200006114319,5.970000347588211e-05,smallest,0.016050860230960404,d54c03c0d12d54a47dfa,json,real:engines\XAI-Compress\results\final\streaming_validation.json,train
deflate,1,deflate|1|identity,identity,2.939123031077054,5.329999839887023e-05,1.889999839477241e-05,fastest,0.015776883964304808,d54c03c0d12d54a47dfa,json,real:engines\XAI-Compress\results\final\streaming_validation.json,train
deflate,9,deflate|9|identity,identity,2.309067688378033,0.00012159999459981918,2.5200002710334957e-05,balanced,0.03622173189060897,d54c03c0d12d54a47dfa,json,real:engines\XAI-Compress\results\final\streaming_validation.json,train
brotli,11,brotli|11|identity,identity,3.8781725888324874,0.004341499996371567,4.919999628327787e-05,smallest,0.010238986896728178,d55177712eea25ce44fe,json,real:engines\XAI-Compress\results\machine_manifest.json,train
zstd,6,zstd|6|identity,identity,4.588832487309645,8.190001244656742e-05,1.960000372491777e-05,fastest,0.02926986694648799,d55177712eea25ce44fe,json,real:engines\XAI-Compress\results\machine_manifest.json,train
brotli,4,brotli|4|identity,identity,4.324873096446701,0.0001871999993454665,3.500000457279384e-05,balanced,0.07813031228402063,d55177712eea25ce44fe,json,real:engines\XAI-Compress\results\machine_manifest.json,train
brotli,9,brotli|9|identity,identity,3.3233082706766917,0.0020464999979594722,5.8999998145736754e-05,smallest,0.007128137698818751,d62a1387f997c2a7ba0d,model,real:engines\XAI-Compress\data\test\archive\results\checkpoint-2000\scheduler.pt,train
deflate,9,deflate|9|identity,identity,3.593984962406015,0.0001109000004362315,1.1900003300979733e-05,fastest,0.019798813676356428,d62a1387f997c2a7ba0d,model,real:engines\XAI-Compress\data\test\archive\results\checkpoint-2000\scheduler.pt,train
deflate,9,deflate|9|identity,identity,3.593984962406015,0.0001109000004362315,1.1900003300979733e-05,balanced,0.03648759180853606,d62a1387f997c2a7ba0d,model,real:engines\XAI-Compress\data\test\archive\results\checkpoint-2000\scheduler.pt,train
brotli,6,brotli|6|identity,identity,5.419354838709677,0.00033819999953266233,1.5600002370774746e-05,smallest,0.003804244422771341,d64733137abea2ecb549,binary,real:.gitignore,train
deflate,9,deflate|9|identity,identity,5.849462365591398,2.6399997295811772e-05,8.600007276982069e-06,fastest,0.030160733309381342,d64733137abea2ecb549,binary,real:.gitignore,train
brotli,4,brotli|4|identity,identity,5.591397849462366,5.560000136028975e-05,1.2100004823878407e-05,balanced,0.049230201970584406,d64733137abea2ecb549,binary,real:.gitignore,train
brotli,6,brotli|6|identity,identity,6.1685791015625,0.004101700003957376,0.0005000999954063445,smallest,0.0108384079053622,d6a47b1107644fa46606,video,real:engines\XAI-Compress\data\test\archive (1)\FaceForensics++_C23\DeepFakeDetection\01_04__talking_angry_couch__0XUW13RW.mp4,train
zstd,3,zstd|3|identity,identity,6.4095458984375,0.00036269999691285193,0.00014650000957772136,fastest,0.012359868466964326,d6a47b1107644fa46606,video,real:engines\XAI-Compress\data\test\archive (1)\FaceForensics++_C23\DeepFakeDetection\01_04__talking_angry_couch__0XUW13RW.mp4,train
brotli,6,brotli|6|identity,identity,6.1685791015625,0.004101700003957376,0.0005000999954063445,balanced,0.02091014244428409,d6a47b1107644fa46606,video,real:engines\XAI-Compress\data\test\archive (1)\FaceForensics++_C23\DeepFakeDetection\01_04__talking_angry_couch__0XUW13RW.mp4,train
brotli,6,brotli|6|identity,identity,6.7847900390625,0.003765899993595667,0.0006129999965196475,smallest,0.013734346685152311,d6f621bafde7a1ba8c42,video,real:engines\XAI-Compress\data\test\archive (1)\FaceForensics++_C23\DeepFakeDetection\03_13__meeting_serious__GBYWJW06.mp4,train
zstd,9,zstd|9|identity,identity,7.0909423828125,0.001201300008688122,3.619999915827066e-05,fastest,0.014974870437918134,d6f621bafde7a1ba8c42,video,real:engines\XAI-Compress\data\test\archive (1)\FaceForensics++_C23\DeepFakeDetection\03_13__meeting_serious__GBYWJW06.mp4,train
brotli,6,brotli|6|identity,identity,6.7847900390625,0.003765899993595667,0.0006129999965196475,balanced,0.019622659308387067,d6f621bafde7a1ba8c42,video,real:engines\XAI-Compress\data\test\archive (1)\FaceForensics++_C23\DeepFakeDetection\03_13__meeting_serious__GBYWJW06.mp4,train
brotli,9,brotli|9|identity,identity,0.55736390603704,0.003079400004935451,6.280001252889633e-05,smallest,0.003988318966599039,d70e480f35e3d065646a,source_code,real:apps\public_nextjs\.next\server\app\page_client-reference-manifest.js,test
zstd,3,zstd|3|identity,identity,0.6574200272588792,0.00011069999891333282,3.800001286435872e-05,fastest,0.003697269021790257,d70e480f35e3d065646a,source_code,real:apps\public_nextjs\.next\server\app\page_client-reference-manifest.js,test
deflate,6,deflate|6|identity,identity,0.6022608835083781,0.00020480000239331275,3.779999678954482e-05,balanced,0.006503687198139556,d70e480f35e3d065646a,source_code,real:apps\public_nextjs\.next\server\app\page_client-reference-manifest.js,test
brotli,11,brotli|11|identity,identity,2.4680851063829787,0.0049202000082004815,4.220000118948519e-05,smallest,0.010834312307846783,d7374680d4e2da4399dc,json,real:engines\XAI-Compress\results\hybrid_ai\split_manifest.json,train
zstd,6,zstd|6|identity,identity,2.893617021276596,8.509999315720052e-05,2.1200001356191933e-05,fastest,0.021790047185295584,d7374680d4e2da4399dc,json,real:engines\XAI-Compress\results\hybrid_ai\split_manifest.json,train
deflate,9,deflate|9|identity,identity,2.7311411992263057,9.540001337882131e-05,2.4200009647756815e-05,balanced,0.03549339059591043,d7374680d4e2da4399dc,json,real:engines\XAI-Compress\results\hybrid_ai\split_manifest.json,train
brotli,9,brotli|9|identity,identity,7.2935791015625,0.0200092000013683,0.0003789000038523227,smallest,0.011075989269570149,d7488d6d1fb16bb04acb,video,real:engines\XAI-Compress\data\test\archive (1)\FaceForensics++_C23\DeepFakeDetection\03_07__kitchen_pan__WPT3Z2KN.mp4,train
deflate,9,deflate|9|identity,identity,7.3828125,0.0016727000038372353,0.00013669999316334724,fastest,0.011794160381384164,d7488d6d1fb16bb04acb,video,real:engines\XAI-Compress\data\test\archive (1)\FaceForensics++_C23\DeepFakeDetection\03_07__kitchen_pan__WPT3Z2KN.mp4,train
brotli,6,brotli|6|identity,identity,7.2943115234375,0.0032256999984383583,0.0004165999998804182,balanced,0.014410078962693439,d7488d6d1fb16bb04acb,video,real:engines\XAI-Compress\data\test\archive (1)\FaceForensics++_C23\DeepFakeDetection\03_07__kitchen_pan__WPT3Z2KN.mp4,train
brotli,11,brotli|11|identity,identity,6.7266845703125,0.6696295000001555,0.0009901000012177974,smallest,0.016694532615172255,d777423af4f9dacd1d9f,video,real:engines\XAI-Compress\data\test\archive (1)\FaceForensics++_C23\DeepFakeDetection\02_15__meeting_serious__MZWH8ATN.mp4,train
zstd,1,zstd|1|identity,identity,6.99365234375,0.00035599998955149204,3.770001058001071e-05,fastest,0.011779310893353562,d777423af4f9dacd1d9f,video,real:engines\XAI-Compress\data\test\archive (1)\FaceForensics++_C23\DeepFakeDetection\02_15__meeting_serious__MZWH8ATN.mp4,train
brotli,6,brotli|6|identity,identity,6.750244140625,0.003938000008929521,0.0005123999872012064,balanced,0.021732763379501942,d777423af4f9dacd1d9f,video,real:engines\XAI-Compress\data\test\archive (1)\FaceForensics++_C23\DeepFakeDetection\02_15__meeting_serious__MZWH8ATN.mp4,train
brotli,11,brotli|11|identity,identity,3.3467889908256883,0.0031807999912416562,4.339999577496201e-05,smallest,0.008757036077211264,d797c457aaaf743904ba,source_code,real:apps\public_nextjs\components\cta.tsx,train
zstd,3,zstd|3|identity,identity,5.04954128440367,4.959999932907522e-05,1.9400002202019095e-05,fastest,0.04000773295722636,d797c457aaaf743904ba,source_code,real:apps\public_nextjs\components\cta.tsx,train
brotli,6,brotli|6|identity,identity,3.9339449541284406,0.0011349999986123294,3.9300008211284876e-05,balanced,0.13240068819103257,d797c457aaaf743904ba,source_code,real:apps\public_nextjs\components\cta.tsx,train
brotli,11,brotli|11|identity,identity,7.048847788798568,0.46497650000674184,0.000454399996669963,smallest,0.025521541591159574,d7af659b87cf21016bc8,binary,real:apps\mobile_authenticator_flutter\android\gradle\wrapper\gradle-wrapper.jar,train
zstd,3,zstd|3|identity,identity,7.134461928555448,0.0004461999924387783,3.429999924264848e-05,fastest,0.005693480138712814,d7af659b87cf21016bc8,binary,real:apps\mobile_authenticator_flutter\android\gradle\wrapper\gradle-wrapper.jar,train
zstd,9,zstd|9|identity,identity,7.108807517339101,0.0023092999908840284,6.769999163225293e-05,balanced,0.030831845278278352,d7af659b87cf21016bc8,binary,real:apps\mobile_authenticator_flutter\android\gradle\wrapper\gradle-wrapper.jar,train
brotli,11,brotli|11|identity,identity,6.05524861878453,0.002170399995520711,3.1800009310245514e-05,smallest,0.007018790031977229,d7c4d3436e74ea7ff6da,source_code,real:engines\XAI-Compress\results\model_search\imports\auto\lr-0-0002-f316e33308\v1\XAI-Compress\scripts\kaggle\run_kaggle_lossless_v2.py,train
raw,,raw|default|identity,identity,8.0,4.1000021155923605e-06,3.500012098811567e-06,fastest,0.025287356321839084,d7c4d3436e74ea7ff6da,source_code,real:engines\XAI-Compress\results\model_search\imports\auto\lr-0-0002-f316e33308\v1\XAI-Compress\scripts\kaggle\run_kaggle_lossless_v2.py,train
brotli,6,brotli|6|identity,identity,6.232044198895028,0.0006055999983800575,3.0399998649954796e-05,balanced,0.08122624944686346,d7c4d3436e74ea7ff6da,source_code,real:engines\XAI-Compress\results\model_search\imports\auto\lr-0-0002-f316e33308\v1\XAI-Compress\scripts\kaggle\run_kaggle_lossless_v2.py,train
brotli,11,brotli|11|identity,identity,5.362637362637362,0.002563599991844967,3.4199998481199145e-05,smallest,0.008624726789453037,d7e63fd6cdce4d832b85,markdown,real:apps\web_angular\docs\INTEGRATION.md,train
raw,,raw|default|identity,identity,8.0,4.2000028770416975e-06,3.0999945010989904e-06,fastest,0.03191489361702128,d7e63fd6cdce4d832b85,markdown,real:apps\web_angular\docs\INTEGRATION.md,train
brotli,6,brotli|6|identity,identity,5.4945054945054945,0.0006171999993966892,3.070000093430281e-05,balanced,0.0800842061784639,d7e63fd6cdce4d832b85,markdown,real:apps\web_angular\docs\INTEGRATION.md,train
brotli,6,brotli|6|identity,identity,6.8460693359375,0.003939999995054677,0.0006085999921197072,smallest,0.02015434568160254,d8bdce51a4d8290a41bc,video,real:engines\XAI-Compress\data\test\archive (1)\FaceForensics++_C23\DeepFakeDetection\03_07__talking_against_wall__PWXXULHR.mp4,test
zstd,3,zstd|3|identity,identity,7.1439208984375,0.00043390000064391643,4.08000050811097e-05,fastest,0.015267206972475616,d8bdce51a4d8290a41bc,video,real:engines\XAI-Compress\data\test\archive (1)\FaceForensics++_C23\DeepFakeDetection\03_07__talking_against_wall__PWXXULHR.mp4,test
brotli,6,brotli|6|identity,identity,6.8460693359375,0.003939999995054677,0.0006085999921197072,balanced,0.024965261764251588,d8bdce51a4d8290a41bc,video,real:engines\XAI-Compress\data\test\archive (1)\FaceForensics++_C23\DeepFakeDetection\03_07__talking_against_wall__PWXXULHR.mp4,test
brotli,6,brotli|6|identity,identity,7.245361328125,0.004225700002280064,0.0005788999987998977,smallest,0.011840023819928398,d8f25eb7218819eebfbe,video,real:engines\XAI-Compress\data\test\archive (1)\FaceForensics++_C23\DeepFakeDetection\02_21__kitchen_pan__Z0XHPQAR.mp4,train
zstd,3,zstd|3|identity,identity,7.408203125,0.000440500007243827,3.279998782090843e-05,fastest,0.01229151052920459,d8f25eb7218819eebfbe,video,real:engines\XAI-Compress\data\test\archive (1)\FaceForensics++_C23\DeepFakeDetection\02_21__kitchen_pan__Z0XHPQAR.mp4,train
brotli,6,brotli|6|identity,identity,7.245361328125,0.004225700002280064,0.0005788999987998977,balanced,0.0181530451361794,d8f25eb7218819eebfbe,video,real:engines\XAI-Compress\data\test\archive (1)\FaceForensics++_C23\DeepFakeDetection\02_21__kitchen_pan__Z0XHPQAR.mp4,train
brotli,9,brotli|9|identity,identity,5.6,0.0011307999957352877,3.599999763537198e-05,smallest,0.004947620060061701,d9322f9b416d7da4a545,binary,real:apps\mobile_authenticator_flutter\.gitignore,train
raw,,raw|default|identity,identity,8.0,7.199996616691351e-06,4.899993655271828e-06,fastest,0.025324675324675323,d9322f9b416d7da4a545,binary,real:apps\mobile_authenticator_flutter\.gitignore,train
brotli,4,brotli|4|identity,identity,5.723076923076923,0.00013849999231752008,3.260000084992498e-05,balanced,0.05445582392688959,d9322f9b416d7da4a545,binary,real:apps\mobile_authenticator_flutter\.gitignore,train
brotli,6,brotli|6|identity,identity,0.5252600993532665,0.0021751000022049993,0.00010520000068936497,smallest,0.00766143001454089,d940d382cc8db08a2d3f,logs,real:engines\XAI-Compress\data\domain_focused\archive\wandb\run-20241217_020210-f69emzpa\files\output.log,train
zstd,1,zstd|1|identity,identity,0.5938700909176118,9.940000018104911e-05,4.1799998143687844e-05,fastest,0.0046313591713186405,d940d382cc8db08a2d3f,logs,real:engines\XAI-Compress\data\domain_focused\archive\wandb\run-20241217_020210-f69emzpa\files\output.log,train
zstd,6,zstd|6|identity,identity,0.5575030462086419,0.00022510001144837588,3.819999983534217e-05,balanced,0.008441463220573944,d940d382cc8db08a2d3f,logs,real:engines\XAI-Compress\data\domain_focused\archive\wandb\run-20241217_020210-f69emzpa\files\output.log,train
brotli,9,brotli|9|identity,identity,6.8829345703125,0.028101200005039573,0.0006026000046404079,smallest,0.015741350133989928,d96e644d49859dd5784a,video,real:engines\XAI-Compress\data\test\archive (1)\FaceForensics++_C23\DeepFakeDetection\05_28__kitchen_still__W3J028UG.mp4,train
zstd,9,zstd|9|identity,identity,7.0833740234375,0.0011285999935353175,3.8700003642588854e-05,fastest,0.011718357953186518,d96e644d49859dd5784a,video,real:engines\XAI-Compress\data\test\archive (1)\FaceForensics++_C23\DeepFakeDetection\05_28__kitchen_still__W3J028UG.mp4,train
brotli,6,brotli|6|identity,identity,6.88427734375,0.0034260999964317307,0.0005945000011706725,balanced,0.022053248587197927,d96e644d49859dd5784a,video,real:engines\XAI-Compress\data\test\archive (1)\FaceForensics++_C23\DeepFakeDetection\05_28__kitchen_still__W3J028UG.mp4,train
zstd,1,zstd|1|identity,identity,0.001617431640625,0.0002724999940255657,0.00019400000746827573,smallest,0.00014289725763433193,d97c2fdfb6944931eaae,repetitive,synthetic:engines\XAI-Compress\data\hybrid_selector\synthetic\repetitive_256KiB.bin,train
deflate,1,deflate|1|identity,identity,0.08612060546875,0.0001534000039100647,9.040000441018492e-05,fastest,0.0016585255580973607,d97c2fdfb6944931eaae,repetitive,synthetic:engines\XAI-Compress\data\hybrid_selector\synthetic\repetitive_256KiB.bin,train
zstd,1,zstd|1|identity,identity,0.001617431640625,0.0002724999940255657,0.00019400000746827573,balanced,0.0012430874689078205,d97c2fdfb6944931eaae,repetitive,synthetic:engines\XAI-Compress\data\hybrid_selector\synthetic\repetitive_256KiB.bin,train
brotli,11,brotli|11|identity,identity,7.1729736328125,0.5176463999960106,0.0010632999910740182,smallest,0.0167452276057351,d9d85debc162ee0317cc,video,real:engines\XAI-Compress\data\test\archive (1)\FaceForensics++_C23\DeepFakeDetection\05_28__walking_outside_cafe_disgusted__2DK5X0Y0.mp4,train
zstd,1,zstd|1|identity,identity,7.357177734375,0.0003082000039285049,3.270000161137432e-05,fastest,0.012320844361270416,d9d85debc162ee0317cc,video,real:engines\XAI-Compress\data\test\archive (1)\FaceForensics++_C23\DeepFakeDetection\05_28__walking_outside_cafe_disgusted__2DK5X0Y0.mp4,train
brotli,6,brotli|6|identity,identity,7.1866455078125,0.004191900006844662,0.0006094000127632171,balanced,0.02316990979555889,d9d85debc162ee0317cc,video,real:engines\XAI-Compress\data\test\archive (1)\FaceForensics++_C23\DeepFakeDetection\05_28__walking_outside_cafe_disgusted__2DK5X0Y0.mp4,train
lzma2,6,lzma2|6|identity,identity,1.23486328125,0.04422809999960009,0.0020290999964345247,smallest,0.006567063607058331,da2e221ce7269295714d,csv,real:engines\XAI-Compress\data\domain_focused\archive (1)\FaceForensics++_C23\csv\FF++_Metadata.csv,train
zstd,1,zstd|1|identity,identity,1.6849365234375,0.0005467000009957701,0.00027829999453388155,fastest,0.008092558473695796,da2e221ce7269295714d,csv,real:engines\XAI-Compress\data\domain_focused\archive (1)\FaceForensics++_C23\csv\FF++_Metadata.csv,train
brotli,6,brotli|6|identity,identity,1.4852294921875,0.005986299991491251,0.000498699999297969,balanced,0.029784090108595684,da2e221ce7269295714d,csv,real:engines\XAI-Compress\data\domain_focused\archive (1)\FaceForensics++_C23\csv\FF++_Metadata.csv,train
brotli,11,brotli|11|identity,identity,1.3126220703125,0.2304905999917537,0.0003964999923482537,smallest,0.015251618441360804,da42af2315d304c8e1bd,source_code,real:apps\public_nextjs\.next\server\app\page.js,train
zstd,3,zstd|3|identity,identity,1.615966796875,0.0006117000011727214,0.00017929999739862978,fastest,0.005847999521030756,da42af2315d304c8e1bd,source_code,real:apps\public_nextjs\.next\server\app\page.js,train
zstd,9,zstd|9|identity,identity,1.4981689453125,0.0028178999928059056,0.00015140000323299319,balanced,0.01740444985074606,da42af2315d304c8e1bd,source_code,real:apps\public_nextjs\.next\server\app\page.js,train
brotli,9,brotli|9|identity,identity,1.0023450586264657,0.0026557000091997907,5.0099988584406674e-05,smallest,0.008947227967504726,da97d4692016ffc2ca6b,binary,real:apps\admin_dotnet\obj\project.nuget.cache,validation
deflate,1,deflate|1|identity,identity,1.44321608040201,5.359998613130301e-05,2.2200008970685303e-05,fastest,0.007804419407122183,da97d4692016ffc2ca6b,binary,real:apps\admin_dotnet\obj\project.nuget.cache,validation
zstd,6,zstd|6|identity,identity,1.0867671691792296,0.00016209999739658087,2.5900008040480316e-05,balanced,0.013445573492346343,da97d4692016ffc2ca6b,binary,real:apps\admin_dotnet\obj\project.nuget.cache,validation
brotli,11,brotli|11|identity,identity,6.7603759765625,0.5680178999900818,0.0006022000015946105,smallest,0.016052739623749493,dad17f73919559d7664a,video,real:engines\XAI-Compress\data\test\archive (1)\FaceForensics++_C23\DeepFakeDetection\03_15__meeting_serious__OY4I7ZU8.mp4,train
zstd,1,zstd|1|identity,identity,7.030517578125,0.0003612000000430271,3.949999518226832e-05,fastest,0.012346466639950645,dad17f73919559d7664a,video,real:engines\XAI-Compress\data\test\archive (1)\FaceForensics++_C23\DeepFakeDetection\03_15__meeting_serious__OY4I7ZU8.mp4,train
brotli,6,brotli|6|identity,identity,6.7808837890625,0.0039419000095222145,0.0006157000025268644,balanced,0.023876580588032673,dad17f73919559d7664a,video,real:engines\XAI-Compress\data\test\archive (1)\FaceForensics++_C23\DeepFakeDetection\03_15__meeting_serious__OY4I7ZU8.mp4,train
brotli,11,brotli|11|identity,identity,4.2763671875,0.3975421000068309,0.0011482999980216846,smallest,0.027786897216888207,dad7037a5d3935e1f02d,model,real:engines\XAI-Compress\results\model_search\imports\auto\residual-scale-depth-3c28504154\v1\results\model_search\residual_scale_depth\short_screen.latest.pt,validation
zstd,3,zstd|3|identity,identity,4.67041015625,0.0005223000043770298,0.00022499999613501132,fastest,0.01510639864327698,dad7037a5d3935e1f02d,model,real:engines\XAI-Compress\results\model_search\imports\auto\residual-scale-depth-3c28504154\v1\results\model_search\residual_scale_depth\short_screen.latest.pt,validation
zstd,9,zstd|9|identity,identity,4.5927734375,0.0025880999892251566,0.00023079999664332718,balanced,0.04755124265428022,dad7037a5d3935e1f02d,model,real:engines\XAI-Compress\results\model_search\imports\auto\residual-scale-depth-3c28504154\v1\results\model_search\residual_scale_depth\short_screen.latest.pt,validation
bzip2,9,bzip2|9|identity,identity,1.5572509765625,0.02290789999824483,0.0033912000071723014,smallest,0.0024646700699567457,db287dcc0366ea9c293d,binary,real:apps\web_angular\.angular\cache\20.3.28\xai-web\vite\deps\zone__js.js.map,train
deflate,6,deflate|6|identity,identity,1.859375,0.0026085999998031184,0.0002725000085774809,fastest,0.00869843623389776,db287dcc0366ea9c293d,binary,real:apps\web_angular\.angular\cache\20.3.28\xai-web\vite\deps\zone__js.js.map,train
deflate,6,deflate|6|identity,identity,1.859375,0.0026085999998031184,0.0002725000085774809,balanced,0.024744851440147486,db287dcc0366ea9c293d,binary,real:apps\web_angular\.angular\cache\20.3.28\xai-web\vite\deps\zone__js.js.map,train
brotli,11,brotli|11|identity,identity,2.1444091796875,0.24320650000299793,0.000258100000792183,smallest,0.015153621244856015,db5239e22104a1ed1671,source_code,real:apps\public_nextjs\.next\server\vendor-chunks\next.js,train
zstd,3,zstd|3|identity,identity,2.62353515625,0.00033660000190138817,8.860000525601208e-05,fastest,0.005848412077079517,db5239e22104a1ed1671,source_code,real:apps\public_nextjs\.next\server\vendor-chunks\next.js,train
zstd,9,zstd|9|identity,identity,2.414794921875,0.0022221000108402222,9.06999921426177e-05,balanced,0.024226391741064862,db5239e22104a1ed1671,source_code,real:apps\public_nextjs\.next\server\vendor-chunks\next.js,train
brotli,6,brotli|6|identity,identity,1.1467953135768436,0.0010193999914918095,3.710000601131469e-05,smallest,0.007507445434533994,db82badb78e75d94c4e1,json,real:engines\XAI-Compress\data\domain_focused\archive\results\checkpoint-1000\special_tokens_map.json,train
deflate,1,deflate|1|identity,identity,1.8800827015851138,4.260000423528254e-05,1.410000550094992e-05,fastest,0.013796154941637627,db82badb78e75d94c4e1,json,real:engines\XAI-Compress\data\domain_focused\archive\results\checkpoint-1000\special_tokens_map.json,train
brotli,4,brotli|4|identity,identity,1.1743625086147484,0.00013949999993201345,3.0099996365606785e-05,balanced,0.019364187769051848,db82badb78e75d94c4e1,json,real:engines\XAI-Compress\data\domain_focused\archive\results\checkpoint-1000\special_tokens_map.json,train
brotli,6,brotli|6|identity,identity,4.314074074074074,0.0012740999954985455,4.149999585933983e-05,smallest,0.0024018681749644337,dbc01938d3aa71d52dab,binary,real:engines\XAI-Compress\.test-tmp\final-all\test_v3_tiny_chunks_and_empty_3\out,train
deflate,9,deflate|9|identity,identity,4.728888888888889,0.000112599998828955,1.2200005585327744e-05,fastest,0.014237811423351378,dbc01938d3aa71d52dab,binary,real:engines\XAI-Compress\.test-tmp\final-all\test_v3_tiny_chunks_and_empty_3\out,train
brotli,6,brotli|6|identity,identity,4.314074074074074,0.0012740999954985455,4.149999585933983e-05,balanced,0.039317252574531836,dbc01938d3aa71d52dab,binary,real:engines\XAI-Compress\.test-tmp\final-all\test_v3_tiny_chunks_and_empty_3\out,train
brotli,11,brotli|11|identity,identity,3.217965653896962,0.007495800004107878,5.1399998483248055e-05,smallest,0.014902965424803582,dc07b4b6502fe2c59236,source_code,real:engines\XAI-Compress\results\model_search\imports\auto\lr-0-0002-f316e33308\v1\XAI-Compress\scripts\kaggle\verify_package.py,train
zstd,3,zstd|3|identity,identity,3.841479524438573,6.58999924780801e-05,2.3600005079060793e-05,fastest,0.02049587654324657,dc07b4b6502fe2c59236,source_code,real:engines\XAI-Compress\results\model_search\imports\auto\lr-0-0002-f316e33308\v1\XAI-Compress\scripts\kaggle\verify_package.py,train
deflate,6,deflate|6|identity,identity,3.6354029062087188,0.0001235000090673566,3.2899988582357764e-05,balanced,0.054209849571791556,dc07b4b6502fe2c59236,source_code,real:engines\XAI-Compress\results\model_search\imports\auto\lr-0-0002-f316e33308\v1\XAI-Compress\scripts\kaggle\verify_package.py,train
brotli,11,brotli|11|identity,identity,6.966507177033493,0.005829100002301857,4.640000406652689e-05,smallest,0.013747659096454663,dc39bca4fd29afc3e9f1,binary,real:engines\XAI-Compress\.test-tmp\final-all\test_file_decoder_keeps_legacy0\legacy.xaic,train
raw,,raw|default|identity,identity,8.0,4.899993655271828e-06,3.9000005926936865e-06,fastest,0.017685589519650654,dc39bca4fd29afc3e9f1,binary,real:engines\XAI-Compress\.test-tmp\final-all\test_file_decoder_keeps_legacy0\legacy.xaic,train
brotli,4,brotli|4|identity,identity,7.298245614035087,0.0001694000093266368,3.860000288113952e-05,balanced,0.09007142505279586,dc39bca4fd29afc3e9f1,binary,real:engines\XAI-Compress\.test-tmp\final-all\test_file_decoder_keeps_legacy0\legacy.xaic,train
zstd,6,zstd|6|delta,delta,0.59375,3.7600009818561375e-05,6.329998723231256e-05,smallest,0.003996627321453933,dd27b71cb8a5a7117e54,binary,real:engines\XAI-Compress\.test-tmp\final-all\test_dataset_report_is_bounded0\b.bin,train
raw,,raw|default|identity,identity,8.0,5.699999746866524e-06,3.7999998312443495e-06,fastest,0.029187192118226603,dd27b71cb8a5a7117e54,binary,real:engines\XAI-Compress\.test-tmp\final-all\test_dataset_report_is_bounded0\b.bin,train
zstd,6,zstd|6|delta,delta,0.59375,3.7600009818561375e-05,6.329998723231256e-05,balanced,0.05362839530530986,dd27b71cb8a5a7117e54,binary,real:engines\XAI-Compress\.test-tmp\final-all\test_dataset_report_is_bounded0\b.bin,train
brotli,9,brotli|9|identity,identity,7.3560791015625,0.01705329999094829,0.0003910999948857352,smallest,0.009632604774625315,dd4438d1c373a366c9d3,video,real:engines\XAI-Compress\data\test\archive (1)\FaceForensics++_C23\DeepFakeDetection\04_07__kitchen_pan__XRK7FGZX.mp4,train
zstd,9,zstd|9|identity,identity,7.48779296875,0.0005926000012550503,1.5900004655122757e-05,fastest,0.01147085579360117,dd4438d1c373a366c9d3,video,real:engines\XAI-Compress\data\test\archive (1)\FaceForensics++_C23\DeepFakeDetection\04_07__kitchen_pan__XRK7FGZX.mp4,train
brotli,6,brotli|6|identity,identity,7.35791015625,0.0021354000054998323,0.0004071000003023073,balanced,0.014935481541007073,dd4438d1c373a366c9d3,video,real:engines\XAI-Compress\data\test\archive (1)\FaceForensics++_C23\DeepFakeDetection\04_07__kitchen_pan__XRK7FGZX.mp4,train
brotli,6,brotli|6|identity,identity,6.6766357421875,0.0037717000086558983,0.0006188000115798786,smallest,0.01605087114778474,dd48cdc4ac97a3de426f,video,real:engines\XAI-Compress\data\test\archive (1)\FaceForensics++_C23\DeepFakeDetection\01_15__meeting_serious__02HILKYO.mp4,train
zstd,3,zstd|3|identity,identity,6.9134521484375,0.0003612000000430271,2.7400004910305142e-05,fastest,0.010812571493064799,dd48cdc4ac97a3de426f,video,real:engines\XAI-Compress\data\test\archive (1)\FaceForensics++_C23\DeepFakeDetection\01_15__meeting_serious__02HILKYO.mp4,train
brotli,6,brotli|6|identity,identity,6.6766357421875,0.0037717000086558983,0.0006188000115798786,balanced,0.02421623454503685,dd48cdc4ac97a3de426f,video,real:engines\XAI-Compress\data\test\archive (1)\FaceForensics++_C23\DeepFakeDetection\01_15__meeting_serious__02HILKYO.mp4,train
bzip2,9,bzip2|9|identity,identity,1.0762939453125,0.010408000001916662,0.0028069999971194193,smallest,0.0025942622371698345,dd742b1692d3dec6718c,csv,real:engines\XAI-Compress\data\domain_focused\archive (1)\FaceForensics++_C23\csv\DeepFakeDetection.csv,validation
zstd,1,zstd|1|identity,identity,1.4559326171875,0.000542099995072931,0.00022429999080486596,fastest,0.0067292875646853744,dd742b1692d3dec6718c,csv,real:engines\XAI-Compress\data\domain_focused\archive (1)\FaceForensics++_C23\csv\DeepFakeDetection.csv,validation
zstd,9,zstd|9|identity,identity,1.288818359375,0.0037728000024799258,0.00016569999570492655,balanced,0.01993048475825185,dd742b1692d3dec6718c,csv,real:engines\XAI-Compress\data\domain_focused\archive (1)\FaceForensics++_C23\csv\DeepFakeDetection.csv,validation
brotli,11,brotli|11|identity,identity,2.5060690943043884,0.017801199996029027,9.689999569673091e-05,smallest,0.015944579130440055,ddcde549a83c45826c5b,text,real:apps\desktop_flutter\windows\CMakeLists.txt,train
zstd,3,zstd|3|identity,identity,3.368814192343604,0.000115999995614402,3.9000005926936865e-05,fastest,0.01789334993819652,ddcde549a83c45826c5b,text,real:apps\desktop_flutter\windows\CMakeLists.txt,train
deflate,9,deflate|9|identity,identity,3.219421101774043,0.0002686000079847872,4.7599998652003706e-05,balanced,0.06882154592767842,ddcde549a83c45826c5b,text,real:apps\desktop_flutter\windows\CMakeLists.txt,train
brotli,6,brotli|6|identity,identity,6.934326171875,0.004092100003617816,0.0005936999950790778,smallest,0.009930386433169696,de458bf0e6426177183d,video,real:engines\XAI-Compress\data\test\archive (1)\FaceForensics++_C23\DeepFakeDetection\03_01__podium_speech_happy__JZUXXFRB.mp4,train
zstd,1,zstd|1|identity,identity,7.18310546875,0.00036700000055134296,4.220000118948519e-05,fastest,0.013903638038821777,de458bf0e6426177183d,video,real:engines\XAI-Compress\data\test\archive (1)\FaceForensics++_C23\DeepFakeDetection\03_01__podium_speech_happy__JZUXXFRB.mp4,train
brotli,6,brotli|6|identity,identity,6.934326171875,0.004092100003617816,0.0005936999950790778,balanced,0.021690916707491802,de458bf0e6426177183d,video,real:engines\XAI-Compress\data\test\archive (1)\FaceForensics++_C23\DeepFakeDetection\03_01__podium_speech_happy__JZUXXFRB.mp4,train
raw,,raw|default|identity,identity,8.0,6.199989002197981e-06,4.4000043999403715e-06,smallest,0.0,de4ef7d995aa9130d90f,high_entropy,synthetic:engines\XAI-Compress\data\hybrid_selector\synthetic\high_entropy_1024KiB.rand,train
raw,,raw|default|identity,identity,8.0,6.199989002197981e-06,4.4000043999403715e-06,fastest,0.0,de4ef7d995aa9130d90f,high_entropy,synthetic:engines\XAI-Compress\data\hybrid_selector\synthetic\high_entropy_1024KiB.rand,train
raw,,raw|default|identity,identity,8.0,6.199989002197981e-06,4.4000043999403715e-06,balanced,0.0,de4ef7d995aa9130d90f,high_entropy,synthetic:engines\XAI-Compress\data\hybrid_selector\synthetic\high_entropy_1024KiB.rand,train
brotli,11,brotli|11|identity,identity,3.4444444444444446,0.003515600008540787,4.130000888835639e-05,smallest,0.010388058890716994,deff0a7ef1b1f6d5dc36,json,real:apps\admin_dotnet\bin\Debug\net8.0\AdminDotNet.staticwebassets.runtime.json,validation
deflate,1,deflate|1|identity,identity,4.351851851851852,4.189999890513718e-05,1.379998866468668e-05,fastest,0.0283732675129367,deff0a7ef1b1f6d5dc36,json,real:apps\admin_dotnet\bin\Debug\net8.0\AdminDotNet.staticwebassets.runtime.json,validation
deflate,9,deflate|9|identity,identity,3.6481481481481484,7.069999992381781e-05,1.959998917300254e-05,balanced,0.041536580823646085,deff0a7ef1b1f6d5dc36,json,real:apps\admin_dotnet\bin\Debug\net8.0\AdminDotNet.staticwebassets.runtime.json,validation
brotli,9,brotli|9|identity,identity,7.003662109375,0.02709020000474993,0.0005397999921115115,smallest,0.0027863561760346186,deff7d5339ff65ff35c9,video,real:engines\XAI-Compress\data\test\archive (1)\FaceForensics++_C23\DeepFakeDetection\01_02__walking_down_indoor_hall_disgust__YVGY8LOK.mp4,train
zstd,1,zstd|1|identity,identity,7.224365234375,0.0003341999981785193,3.409999771974981e-05,fastest,0.01234604955589525,deff7d5339ff65ff35c9,video,real:engines\XAI-Compress\data\test\archive (1)\FaceForensics++_C23\DeepFakeDetection\01_02__walking_down_indoor_hall_disgust__YVGY8LOK.mp4,train
brotli,6,brotli|6|identity,identity,7.0045166015625,0.0039585999911651015,0.0005929000035393983,balanced,0.01632319809649136,deff7d5339ff65ff35c9,video,real:engines\XAI-Compress\data\test\archive (1)\FaceForensics++_C23\DeepFakeDetection\01_02__walking_down_indoor_hall_disgust__YVGY8LOK.mp4,train
brotli,11,brotli|11|identity,identity,2.7926078028747434,0.0059157999930903316,4.549999721348286e-05,smallest,0.016279620683524492,df0fe3999dcf948bce05,source_code,real:analytics\XAI-Compress-Analysis-Suite\analyze_training.py,validation
zstd,3,zstd|3|identity,identity,3.239425051334702,4.569999873638153e-05,1.7300000763498247e-05,fastest,0.01634582900507955,df0fe3999dcf948bce05,source_code,real:analytics\XAI-Compress-Analysis-Suite\analyze_training.py,validation
deflate,6,deflate|6|identity,identity,3.1047227926078027,7.88000033935532e-05,1.8999999156221747e-05,balanced,0.03739304181034085,df0fe3999dcf948bce05,source_code,real:analytics\XAI-Compress-Analysis-Suite\analyze_training.py,validation
brotli,11,brotli|11|identity,identity,4.171779141104294,0.005486399997607805,5.470000905916095e-05,smallest,0.011890959017486874,dfb8d8a3e4de5c751796,source_code,real:apps\public_nextjs\next.config.ts,train
deflate,9,deflate|9|identity,identity,5.169734151329243,9.169999975711107e-05,2.649999805726111e-05,fastest,0.032103218423578495,dfb8d8a3e4de5c751796,source_code,real:apps\public_nextjs\next.config.ts,train
deflate,9,deflate|9|identity,identity,5.169734151329243,9.169999975711107e-05,2.649999805726111e-05,balanced,0.13030088685762192,dfb8d8a3e4de5c751796,source_code,real:apps\public_nextjs\next.config.ts,train
brotli,4,brotli|4|identity,identity,0.15217391304347827,0.00013610000314656645,3.670000296551734e-05,smallest,0.004216736285995545,dfc1d98f85ad6d98296f,text,real:engines\XAI-Compress\.test-tmp\final-all\test_corpus_roundtrip0\corpus\text\article.txt,test
deflate,1,deflate|1|identity,identity,0.28405797101449276,3.090000245720148e-05,1.309999788645655e-05,fastest,0.004355746630423296,dfc1d98f85ad6d98296f,text,real:engines\XAI-Compress\.test-tmp\final-all\test_corpus_roundtrip0\corpus\text\article.txt,test
zstd,6,zstd|6|identity,identity,0.1608695652173913,5.1399998483248055e-05,1.619999238755554e-05,balanced,0.005284102625809974,dfc1d98f85ad6d98296f,text,real:engines\XAI-Compress\.test-tmp\final-all\test_corpus_roundtrip0\corpus\text\article.txt,test
brotli,4,brotli|4|identity,identity,7.34020618556701,0.00011919999087695032,1.8300008377991617e-05,smallest,0.0016651264460579413,dfcef2c5992a92440df6,json,real:apps\public_nextjs\.next\server\server-reference-manifest.json,validation
raw,,raw|default|identity,identity,8.0,4.699992132373154e-06,3.6999990697950125e-06,fastest,0.006349206349206349,dfcef2c5992a92440df6,json,real:apps\public_nextjs\.next\server\server-reference-manifest.json,validation
deflate,9,deflate|9|identity,identity,7.505154639175258,3.949999518226832e-05,5.800000508315861e-06,balanced,0.018295924233963808,dfcef2c5992a92440df6,json,real:apps\public_nextjs\.next\server\server-reference-manifest.json,validation
brotli,11,brotli|11|identity,identity,4.850393700787402,0.002561400004196912,3.369999467395246e-05,smallest,0.007498906048642916,e04070013dcbd69ecb20,source_code,real:apps\web_angular\src\app\core\auth.guard.ts,test
deflate,1,deflate|1|identity,identity,5.700787401574803,4.260000423528254e-05,1.3299999409355223e-05,fastest,0.03146819015192208,e04070013dcbd69ecb20,source_code,real:apps\web_angular\src\app\core\auth.guard.ts,test
brotli,6,brotli|6|identity,identity,5.0078740157480315,0.0006044000037945807,2.579999272711575e-05,balanced,0.07145779771037648,e04070013dcbd69ecb20,source_code,real:apps\web_angular\src\app\core\auth.guard.ts,test
raw,,raw|default|identity,identity,8.0,5.399997462518513e-06,4.0000013541430235e-06,smallest,0.0,e06ad4c89ea2687face9,binary,real:apps\mobile_authenticator_flutter\android\.gradle\noVersion\buildLogic.lock,train
raw,,raw|default|identity,identity,8.0,5.399997462518513e-06,4.0000013541430235e-06,fastest,0.0,e06ad4c89ea2687face9,binary,real:apps\mobile_authenticator_flutter\android\.gradle\noVersion\buildLogic.lock,train
raw,,raw|default|identity,identity,8.0,5.399997462518513e-06,4.0000013541430235e-06,balanced,0.0,e06ad4c89ea2687face9,binary,real:apps\mobile_authenticator_flutter\android\.gradle\noVersion\buildLogic.lock,train
brotli,4,brotli|4|identity,identity,0.8189280540801546,0.00013899999612476677,3.0800001695752144e-05,smallest,0.0028804566448692097,e0d1215ca0b53a5fe7e7,json,real:engines\XAI-Compress\.test-tmp\final-all\test_corpus_roundtrip0\corpus\structured\data.json,train
zstd,3,zstd|3|identity,identity,0.8730082085948817,5.610000516753644e-05,2.5300003471784294e-05,fastest,0.0121820980853522,e0d1215ca0b53a5fe7e7,json,real:engines\XAI-Compress\.test-tmp\final-all\test_corpus_roundtrip0\corpus\structured\data.json,train
zstd,3,zstd|3|identity,identity,0.8730082085948817,5.610000516753644e-05,2.5300003471784294e-05,balanced,0.012350551048367318,e0d1215ca0b53a5fe7e7,json,real:engines\XAI-Compress\.test-tmp\final-all\test_corpus_roundtrip0\corpus\structured\data.json,train
brotli,11,brotli|11|identity,identity,2.61294964028777,0.006843800001661293,5.220000457484275e-05,smallest,0.013520734067404408,e1347c6d4abccf03a43d,source_code,real:analytics\XAI-Compress-Analysis-Suite\run_analysis_windows.bat,test
zstd,6,zstd|6|identity,identity,3.1366906474820144,9.860000864136964e-05,2.0800012862309813e-05,fastest,0.020780588790742675,e1347c6d4abccf03a43d,source_code,real:analytics\XAI-Compress-Analysis-Suite\run_analysis_windows.bat,test
deflate,9,deflate|9|identity,identity,3.0215827338129495,0.00011409999569877982,2.720000338740647e-05,balanced,0.04764475419209555,e1347c6d4abccf03a43d,source_code,real:analytics\XAI-Compress-Analysis-Suite\run_analysis_windows.bat,test
brotli,9,brotli|9|identity,identity,7.387002909796315,0.0034387000050628558,5.529999907594174e-05,smallest,0.008688870047957615,e1c1f33d25fe1a1fd62e,image,real:apps\mobile_authenticator_flutter\android\app\src\main\res\mipmap-xxhdpi\ic_launcher.png,train
raw,,raw|default|identity,identity,8.0,4.1000021155923605e-06,3.2999960239976645e-06,fastest,0.015192307692307692,e1c1f33d25fe1a1fd62e,image,real:apps\mobile_authenticator_flutter\android\app\src\main\res\mipmap-xxhdpi\ic_launcher.png,train
zstd,6,zstd|6|identity,identity,7.7361784675072744,7.019999611657113e-05,8.399991202168167e-06,balanced,0.08358275215210477,e1c1f33d25fe1a1fd62e,image,real:apps\mobile_authenticator_flutter\android\app\src\main\res\mipmap-xxhdpi\ic_launcher.png,train
brotli,11,brotli|11|identity,identity,7.287353515625,0.6212216999992961,0.0010183999984292313,smallest,0.016748426081823448,e1d9664ac99aeab9bd8f,video,real:engines\XAI-Compress\data\test\archive (1)\FaceForensics++_C23\DeepFakeDetection\03_11__exit_phone_room__P08VGHTA.mp4,test
zstd,1,zstd|1|identity,identity,7.4676513671875,0.0003533000126481056,3.819999983534217e-05,fastest,0.014001383046121783,e1d9664ac99aeab9bd8f,video,real:engines\XAI-Compress\data\test\archive (1)\FaceForensics++_C23\DeepFakeDetection\03_11__exit_phone_room__P08VGHTA.mp4,test
brotli,6,brotli|6|identity,identity,7.302734375,0.003545200001099147,0.0006282999966060743,balanced,0.025770507794587304,e1d9664ac99aeab9bd8f,video,real:engines\XAI-Compress\data\test\archive (1)\FaceForensics++_C23\DeepFakeDetection\03_11__exit_phone_room__P08VGHTA.mp4,test
brotli,11,brotli|11|identity,identity,7.3070068359375,0.5232895000081044,0.0005926000012550503,smallest,0.015927953680352026,e24ad89f350ae852f7b8,video,real:engines\XAI-Compress\data\test\archive (1)\FaceForensics++_C23\DeepFakeDetection\02_27__walking_down_street_outside_angry__3L1MLH3D.mp4,test
zstd,9,zstd|9|identity,identity,7.5140380859375,0.0010469999979250133,3.860000288113952e-05,fastest,0.01714216489324542,e24ad89f350ae852f7b8,video,real:engines\XAI-Compress\data\test\archive (1)\FaceForensics++_C23\DeepFakeDetection\02_27__walking_down_street_outside_angry__3L1MLH3D.mp4,test
brotli,6,brotli|6|identity,identity,7.322265625,0.003906500001903623,0.0006387000030372292,balanced,0.02548617076176162,e24ad89f350ae852f7b8,video,real:engines\XAI-Compress\data\test\archive (1)\FaceForensics++_C23\DeepFakeDetection\02_27__walking_down_street_outside_angry__3L1MLH3D.mp4,test
brotli,6,brotli|6|identity,identity,5.714285714285714,0.000447900005383417,2.890000178012997e-05,smallest,0.0031342836555891727,e2a02306b977048b5597,json,real:engines\XAI-Compress\data\domain_focused\archive\generation_config.json,train
deflate,9,deflate|9|identity,identity,6.142857142857143,4.5900000259280205e-05,7.700000423938036e-06,fastest,0.014134918398021347,e2a02306b977048b5597,json,real:engines\XAI-Compress\data\domain_focused\archive\generation_config.json,train
brotli,6,brotli|6|identity,identity,5.714285714285714,0.000447900005383417,2.890000178012997e-05,balanced,0.047315075795453646,e2a02306b977048b5597,json,real:engines\XAI-Compress\data\domain_focused\archive\generation_config.json,train
brotli,11,brotli|11|identity,identity,3.27159209157128,0.007582700010971166,5.470000905916095e-05,smallest,0.015182092053154343,e2f0ff0b4d0d143e998e,source_code,real:apps\desktop_flutter\windows\runner\flutter_window.h,train
deflate,9,deflate|9|identity,identity,3.8876170655567117,8.850000449456275e-05,2.0899999071843922e-05,fastest,0.02441321598080714,e2f0ff0b4d0d143e998e,source_code,real:apps\desktop_flutter\windows\runner\flutter_window.h,train
deflate,9,deflate|9|identity,identity,3.8876170655567117,8.850000449456275e-05,2.0899999071843922e-05,balanced,0.0708421017794639,e2f0ff0b4d0d143e998e,source_code,real:apps\desktop_flutter\windows\runner\flutter_window.h,train
brotli,6,brotli|6|identity,identity,1.095465470277199,0.0028691999905277044,0.00013970000145491213,smallest,0.005207226680669037,e30e956302e60f482f22,binary,real:engines\XAI-Compress\.test-tmp\final-all\test_v3_multichunk_stream_roun0\out.xaic,train
zstd,1,zstd|1|identity,identity,1.1452010895689793,0.00014560000272467732,3.440000000409782e-05,fastest,0.002604072568587295,e30e956302e60f482f22,binary,real:engines\XAI-Compress\.test-tmp\final-all\test_v3_multichunk_stream_roun0\out.xaic,train
zstd,3,zstd|3|identity,identity,1.1436628745393367,0.00019710000196937472,2.8700000257231295e-05,balanced,0.006532023154346686,e30e956302e60f482f22,binary,real:engines\XAI-Compress\.test-tmp\final-all\test_v3_multichunk_stream_roun0\out.xaic,train
raw,,raw|default|identity,identity,8.0,2.900007530115545e-06,1.500011421740055e-06,smallest,0.0,e3431f25be3a50f2b428,binary,real:apps\admin_dotnet\obj\Debug\net8.0\staticwebassets.build.json.cache,train
raw,,raw|default|identity,identity,8.0,2.900007530115545e-06,1.500011421740055e-06,fastest,0.0,e3431f25be3a50f2b428,binary,real:apps\admin_dotnet\obj\Debug\net8.0\staticwebassets.build.json.cache,train
raw,,raw|default|identity,identity,8.0,2.900007530115545e-06,1.500011421740055e-06,balanced,0.0,e3431f25be3a50f2b428,binary,real:apps\admin_dotnet\obj\Debug\net8.0\staticwebassets.build.json.cache,train
brotli,9,brotli|9|identity,identity,3.3233082706766917,0.0021204999939072877,5.499999679159373e-05,smallest,0.009428318694053936,e36baad792c1cc66381f,model,real:engines\XAI-Compress\data\test\archive\results\checkpoint-2709\scheduler.pt,train
deflate,9,deflate|9|identity,identity,3.593984962406015,0.00012340000830590725,1.410000550094992e-05,fastest,0.024784057011858967,e36baad792c1cc66381f,model,real:engines\XAI-Compress\data\test\archive\results\checkpoint-2709\scheduler.pt,train
deflate,9,deflate|9|identity,identity,3.593984962406015,0.00012340000830590725,1.410000550094992e-05,balanced,0.0404873125817721,e36baad792c1cc66381f,model,real:engines\XAI-Compress\data\test\archive\results\checkpoint-2709\scheduler.pt,train
raw,,raw|default|identity,identity,8.0,4.599991370923817e-06,3.4999975468963385e-06,smallest,0.0,e3912e357456af06dfed,csv,real:engines\XAI-Compress\results\final_analysis\roundtrip_results.csv,test
raw,,raw|default|identity,identity,8.0,4.599991370923817e-06,3.4999975468963385e-06,fastest,0.0,e3912e357456af06dfed,csv,real:engines\XAI-Compress\results\final_analysis\roundtrip_results.csv,test
raw,,raw|default|identity,identity,8.0,4.599991370923817e-06,3.4999975468963385e-06,balanced,0.0,e3912e357456af06dfed,csv,real:engines\XAI-Compress\results\final_analysis\roundtrip_results.csv,test
brotli,11,brotli|11|identity,identity,2.3836106146019524,0.04480099999636877,0.000175300010596402,smallest,0.015544404765666212,e3cdaa0f567f22583f36,csv,real:engines\XAI-Compress\results\model_search\imports\candidate_a_retry_20260831\results\model_search\lr_0_0003\best.metrics.csv,train
zstd,1,zstd|1|identity,identity,2.637151106833494,0.00022669999452773482,8.009999874047935e-05,fastest,0.009499303953280627,e3cdaa0f567f22583f36,csv,real:engines\XAI-Compress\results\model_search\imports\candidate_a_retry_20260831\results\model_search\lr_0_0003\best.metrics.csv,train
zstd,1,zstd|1|identity,identity,2.637151106833494,0.00022669999452773482,8.009999874047935e-05,balanced,0.025024144896722087,e3cdaa0f567f22583f36,csv,real:engines\XAI-Compress\results\model_search\imports\candidate_a_retry_20260831\results\model_search\lr_0_0003\best.metrics.csv,train
brotli,11,brotli|11|identity,identity,5.005347593582887,0.0019235000072512776,3.229999856557697e-05,smallest,0.007248148828509871,e429cc4a2903f2a35f68,binary,real:apps\desktop_flutter\devtools_options.yaml,train
raw,,raw|default|identity,identity,8.0,4.7000066842883825e-06,3.7999998312443495e-06,fastest,0.03684210526315789,e429cc4a2903f2a35f68,binary,real:apps\desktop_flutter\devtools_options.yaml,train
brotli,11,brotli|11|identity,identity,5.005347593582887,0.0019235000072512776,3.229999856557697e-05,balanced,0.12312389777665264,e429cc4a2903f2a35f68,binary,real:apps\desktop_flutter\devtools_options.yaml,train
brotli,11,brotli|11|identity,identity,2.5933310415950497,0.012576100009027869,7.220001134555787e-05,smallest,0.01598495627437926,e429ea9d04d4fed59daa,source_code,real:engines\XAI-Compress\results\model_search\imports\auto\lr-0-0002-f316e33308\v1\XAI-Compress\scripts\kaggle\watch_model_search_candidate.ps1,validation
zstd,1,zstd|1|identity,identity,3.223100721897559,7.289998757187277e-05,3.0399998649954796e-05,fastest,0.01591993053286935,e429ea9d04d4fed59daa,source_code,real:engines\XAI-Compress\results\model_search\imports\auto\lr-0-0002-f316e33308\v1\XAI-Compress\scripts\kaggle\watch_model_search_candidate.ps1,validation
deflate,9,deflate|9|identity,identity,3.047095221725679,0.00016820000018924475,3.270000161137432e-05,balanced,0.047345652892646826,e429ea9d04d4fed59daa,source_code,real:engines\XAI-Compress\results\model_search\imports\auto\lr-0-0002-f316e33308\v1\XAI-Compress\scripts\kaggle\watch_model_search_candidate.ps1,validation
deflate,9,deflate|9|identity,identity,6.265060240963855,5.679999594576657e-05,1.0899995686486363e-05,smallest,0.0006738169929377206,e43e7849d7ac7eee3e69,json,real:apps\public_nextjs\.next\server\middleware-manifest.json,test
deflate,9,deflate|9|identity,identity,6.265060240963855,5.679999594576657e-05,1.0899995686486363e-05,fastest,0.014171926820825659,e43e7849d7ac7eee3e69,json,real:apps\public_nextjs\.next\server\middleware-manifest.json,test
deflate,9,deflate|9|identity,identity,6.265060240963855,5.679999594576657e-05,1.0899995686486363e-05,balanced,0.009719637473802188,e43e7849d7ac7eee3e69,json,real:apps\public_nextjs\.next\server\middleware-manifest.json,test
brotli,9,brotli|9|identity,identity,5.042016806722689,0.0006896999984746799,2.3300002794712782e-05,smallest,0.003855515524990673,e44e395d769e722aa1b9,source_code,real:apps\public_nextjs\.next\static\development\_buildManifest.js,train
deflate,9,deflate|9|identity,identity,5.781512605042017,4.1099992813542485e-05,6.200003554113209e-06,fastest,0.02331915421656895,e44e395d769e722aa1b9,source_code,real:apps\public_nextjs\.next\static\development\_buildManifest.js,train
brotli,6,brotli|6|identity,identity,5.07563025210084,0.0005627000064123422,2.260001201648265e-05,balanced,0.059466930811632526,e44e395d769e722aa1b9,source_code,real:apps\public_nextjs\.next\static\development\_buildManifest.js,train
brotli,9,brotli|9|identity,identity,1.5924072265625,0.02577160000510048,0.00033660000190138817,smallest,0.011124088167578747,e4c71f95cf48130da3e2,json,real:apps\public_nextjs\package-lock.json,validation
zstd,3,zstd|3|identity,identity,1.772705078125,0.0006145999941509217,0.00017810000281315297,fastest,0.0057388304174569435,e4c71f95cf48130da3e2,json,real:apps\public_nextjs\package-lock.json,validation
zstd,9,zstd|9|identity,identity,1.635009765625,0.0030008000030647963,0.0001635000080568716,balanced,0.012820765565475402,e4c71f95cf48130da3e2,json,real:apps\public_nextjs\package-lock.json,validation
brotli,9,brotli|9|identity,identity,7.2943115234375,0.026887900006840937,0.0006258999928832054,smallest,0.010710244775151872,e4db1be57353a51ccc82,video,real:engines\XAI-Compress\data\test\archive (1)\FaceForensics++_C23\DeepFakeDetection\03_15__kitchen_pan__AIOM1U5V.mp4,train
zstd,3,zstd|3|identity,identity,7.4405517578125,0.00038670000503771007,3.0099996365606785e-05,fastest,0.011841366470399866,e4db1be57353a51ccc82,video,real:engines\XAI-Compress\data\test\archive (1)\FaceForensics++_C23\DeepFakeDetection\03_15__kitchen_pan__AIOM1U5V.mp4,train
brotli,6,brotli|6|identity,identity,7.29541015625,0.003634799999417737,0.0005540999991353601,balanced,0.018514603153712506,e4db1be57353a51ccc82,video,real:engines\XAI-Compress\data\test\archive (1)\FaceForensics++_C23\DeepFakeDetection\03_15__kitchen_pan__AIOM1U5V.mp4,train
brotli,11,brotli|11|identity,identity,2.3539445628997866,0.0027234999870415777,3.4500000765547156e-05,smallest,0.0071771787224395355,e59b1f5265501511509b,binary,real:apps\admin_dotnet\Components\_Imports.razor,train
deflate,1,deflate|1|identity,identity,2.9680170575692966,3.3499993151053786e-05,1.2699994840659201e-05,fastest,0.018651013401295533,e59b1f5265501511509b,binary,real:apps\admin_dotnet\Components\_Imports.razor,train
deflate,9,deflate|9|identity,identity,2.6609808102345416,6.160000339150429e-05,1.750000228639692e-05,balanced,0.03978367119875522,e59b1f5265501511509b,binary,real:apps\admin_dotnet\Components\_Imports.razor,train
brotli,11,brotli|11|identity,identity,3.001003009027081,0.00554559999727644,5.129999772179872e-05,smallest,0.011711038427884103,e6054482722e27c4eb52,source_code,real:apps\mobile_authenticator_flutter\lib\services\totp_service.dart,test
deflate,9,deflate|9|identity,identity,3.5867602808425274,8.769999840296805e-05,2.0899999071843922e-05,fastest,0.023958704723031465,e6054482722e27c4eb52,source_code,real:apps\mobile_authenticator_flutter\lib\services\totp_service.dart,test
deflate,9,deflate|9|identity,identity,3.5867602808425274,8.769999840296805e-05,2.0899999071843922e-05,balanced,0.06506040102168974,e6054482722e27c4eb52,source_code,real:apps\mobile_authenticator_flutter\lib\services\totp_service.dart,test
brotli,4,brotli|4|identity,identity,6.424242424242424,6.640001083724201e-05,1.6900012269616127e-05,smallest,0.0013490408967369405,e674537b4d588d19b9af,binary,real:apps\admin_dotnet\obj\Debug\net8.0\AdminDotNet.csproj.CoreCompileInputs.cache,train
raw,,raw|default|identity,identity,8.0,3.9000005926936865e-06,3.1999952625483274e-06,fastest,0.009154929577464789,e674537b4d588d19b9af,binary,real:apps\admin_dotnet\obj\Debug\net8.0\AdminDotNet.csproj.CoreCompileInputs.cache,train
brotli,4,brotli|4|identity,identity,6.424242424242424,6.640001083724201e-05,1.6900012269616127e-05,balanced,0.0187821246461672,e674537b4d588d19b9af,binary,real:apps\admin_dotnet\obj\Debug\net8.0\AdminDotNet.csproj.CoreCompileInputs.cache,train
brotli,4,brotli|4|identity,identity,6.08,4.3499996536411345e-05,9.700001101009548e-06,smallest,0.0016649683625072722,e6853398b265ca38c226,text,real:engines\XAI-Compress\checkpoints\phase_i_v1_128_domain.wallclock.txt,train
raw,,raw|default|identity,identity,8.0,2.3000029614195228e-06,1.7999991541728377e-06,fastest,0.017647058823529415,e6853398b265ca38c226,text,real:engines\XAI-Compress\checkpoints\phase_i_v1_128_domain.wallclock.txt,train
brotli,4,brotli|4|identity,identity,6.08,4.3499996536411345e-05,9.700001101009548e-06,balanced,0.023337196721165944,e6853398b265ca38c226,text,real:engines\XAI-Compress\checkpoints\phase_i_v1_128_domain.wallclock.txt,train
brotli,11,brotli|11|identity,identity,2.888888888888889,0.004919999992125668,3.920000744983554e-05,smallest,0.01173690382165539,e6ee936147167bf93cde,binary,real:apps\desktop_flutter\windows\flutter\generated_plugins.cmake,validation
zstd,9,zstd|9|identity,identity,3.4444444444444446,8.399999933317304e-05,1.7999991541728377e-05,fastest,0.030115710838615445,e6ee936147167bf93cde,binary,real:apps\desktop_flutter\windows\flutter\generated_plugins.cmake,validation
deflate,9,deflate|9|identity,identity,3.3333333333333335,8.769999840296805e-05,2.2799998987466097e-05,balanced,0.06174172875743883,e6ee936147167bf93cde,binary,real:apps\desktop_flutter\windows\flutter\generated_plugins.cmake,validation
brotli,6,brotli|6|identity,identity,5.0761421319796955,0.0006024999893270433,2.9800008633174002e-05,smallest,0.0042677909022736885,e7618b3325f40ca5ff19,json,real:apps\web_angular\tsconfig.app.json,train
deflate,1,deflate|1|identity,identity,6.253807106598985,3.509999078232795e-05,1.2499993317760527e-05,fastest,0.03939417815216326,e7618b3325f40ca5ff19,json,real:apps\web_angular\tsconfig.app.json,train
brotli,6,brotli|6|identity,identity,5.0761421319796955,0.0006024999893270433,2.9800008633174002e-05,balanced,0.06454241236567768,e7618b3325f40ca5ff19,json,real:apps\web_angular\tsconfig.app.json,train
brotli,11,brotli|11|identity,identity,1.9956695156695157,0.0374768000037875,0.00010720000136643648,smallest,0.01579398695784125,e787c4b33c0e116ac4bd,binary,real:apps\public_nextjs\.next\static\css\app\layout.css,train
zstd,6,zstd|6|identity,identity,2.323874643874644,0.00015560000611003488,1.9099999917671084e-05,fastest,0.0073309599964082464,e787c4b33c0e116ac4bd,binary,real:apps\public_nextjs\.next\static\css\app\layout.css,train
zstd,6,zstd|6|identity,identity,2.323874643874644,0.00015560000611003488,1.9099999917671084e-05,balanced,0.02739351260001775,e787c4b33c0e116ac4bd,binary,real:apps\public_nextjs\.next\static\css\app\layout.css,train
brotli,11,brotli|11|identity,identity,2.193006993006993,0.017223899994860403,8.279999019578099e-05,smallest,0.015805061653348558,e7bb06b749a082e50010,source_code,real:engines\XAI-Compress\phase_d_benchmark.py,train
zstd,3,zstd|3|identity,identity,2.551048951048951,0.000109500004327856,3.780001134146005e-05,fastest,0.012797005735571463,e7bb06b749a082e50010,source_code,real:engines\XAI-Compress\phase_d_benchmark.py,train
deflate,6,deflate|6|identity,identity,2.3962703962703964,0.00020129999029450119,4.1100007365457714e-05,balanced,0.02423995089186633,e7bb06b749a082e50010,source_code,real:engines\XAI-Compress\phase_d_benchmark.py,train
brotli,11,brotli|11|identity,identity,4.003879728419011,0.008466200000839308,4.509999416768551e-05,smallest,0.016672952372663884,e7bbab350a9658e3dfde,source_code,real:engines\XAI-Compress\results\model_search\imports\auto\lr-0-0002-f316e33308\v1\XAI-Compress\scripts\kaggle\submit_gradient_diagnostic.ps1,validation
zstd,9,zstd|9|identity,identity,4.624636275460718,8.339999476447701e-05,1.6600009985268116e-05,fastest,0.022508264205869294,e7bbab350a9658e3dfde,source_code,real:engines\XAI-Compress\results\model_search\imports\auto\lr-0-0002-f316e33308\v1\XAI-Compress\scripts\kaggle\submit_gradient_diagnostic.ps1,validation
deflate,6,deflate|6|identity,identity,4.516003879728419,0.00011150000500492752,2.6599998818710446e-05,balanced,0.07379832804707469,e7bbab350a9658e3dfde,source_code,real:engines\XAI-Compress\results\model_search\imports\auto\lr-0-0002-f316e33308\v1\XAI-Compress\scripts\kaggle\submit_gradient_diagnostic.ps1,validation
brotli,11,brotli|11|identity,identity,3.796133567662566,0.004230100006680004,3.940000897273421e-05,smallest,0.010010102150935491,e82ab03d226a655e5c2f,source_code,real:apps\web_angular\.angular\cache\20.3.28\xai-web\vite\deps\chunk-N2L2W5DK.js,test
zstd,9,zstd|9|identity,identity,4.949033391915641,7.530000584665686e-05,1.8499995348975062e-05,fastest,0.03513589352029092,e82ab03d226a655e5c2f,source_code,real:apps\web_angular\.angular\cache\20.3.28\xai-web\vite\deps\chunk-N2L2W5DK.js,test
deflate,9,deflate|9|identity,identity,4.766256590509666,8.949999755714089e-05,2.239999594166875e-05,balanced,0.12295995330402573,e82ab03d226a655e5c2f,source_code,real:apps\web_angular\.angular\cache\20.3.28\xai-web\vite\deps\chunk-N2L2W5DK.js,test
brotli,6,brotli|6|identity,identity,6.2880859375,0.004175599999143742,0.0006021000008331612,smallest,0.0020833020687736066,e87d288b25a817ae2dc3,video,real:engines\XAI-Compress\data\test\archive (1)\FaceForensics++_C23\DeepFakeDetection\06_15__walking_down_indoor_hall_disgust__QRCD27P8.mp4,test
zstd,1,zstd|1|identity,identity,6.5797119140625,0.0002925999870058149,0.00015820001135580242,fastest,0.013210525467894082,e87d288b25a817ae2dc3,video,real:engines\XAI-Compress\data\test\archive (1)\FaceForensics++_C23\DeepFakeDetection\06_15__walking_down_indoor_hall_disgust__QRCD27P8.mp4,test
brotli,6,brotli|6|identity,identity,6.2880859375,0.004175599999143742,0.0006021000008331612,balanced,0.016503976651460674,e87d288b25a817ae2dc3,video,real:engines\XAI-Compress\data\test\archive (1)\FaceForensics++_C23\DeepFakeDetection\06_15__walking_down_indoor_hall_disgust__QRCD27P8.mp4,test
brotli,11,brotli|11|identity,identity,4.2439024390243905,0.002877699997043237,3.4900003811344504e-05,smallest,0.008761792672650493,e8c9a87b6b8d948b537d,markdown,real:engines\XAI-Compress\results\model_search\imports\auto\lr-0-0002-f316e33308\v1\XAI-Compress\results\README.md,train
zstd,3,zstd|3|identity,identity,5.609756097560975,3.819999983534217e-05,1.720000000204891e-05,fastest,0.04434890849086105,e8c9a87b6b8d948b537d,markdown,real:engines\XAI-Compress\results\model_search\imports\auto\lr-0-0002-f316e33308\v1\XAI-Compress\results\README.md,train
brotli,11,brotli|11|identity,identity,4.2439024390243905,0.002877699997043237,3.4900003811344504e-05,balanced,0.1541025154242588,e8c9a87b6b8d948b537d,markdown,real:engines\XAI-Compress\results\model_search\imports\auto\lr-0-0002-f316e33308\v1\XAI-Compress\results\README.md,train
brotli,11,brotli|11|identity,identity,3.0009082652134422,0.00572719999763649,4.539999645203352e-05,smallest,0.011956327655492798,e8e11c59cf3ea7952a4a,source_code,real:apps\desktop_flutter\test\widget_test.dart,train
zstd,6,zstd|6|identity,identity,3.756584922797457,9.26000066101551e-05,2.1599989850074053e-05,fastest,0.02560073183795254,e8e11c59cf3ea7952a4a,source_code,real:apps\desktop_flutter\test\widget_test.dart,train
deflate,6,deflate|6|identity,identity,3.611262488646685,0.00010450000991113484,2.7700007194653153e-05,balanced,0.07045318482815732,e8e11c59cf3ea7952a4a,source_code,real:apps\desktop_flutter\test\widget_test.dart,train
brotli,11,brotli|11|identity,identity,5.016574585635359,0.003216400000383146,4.199999966658652e-05,smallest,0.008042295769983086,e8e23e9bdf444d38f4fc,markdown,real:engines\XAI-Compress\results\final_project\benchmark_summary.md,validation
zstd,9,zstd|9|identity,identity,6.011049723756906,9.119999594986439e-05,1.479999627918005e-05,fastest,0.03635378912873308,e8e23e9bdf444d38f4fc,markdown,real:engines\XAI-Compress\results\final_project\benchmark_summary.md,validation
brotli,6,brotli|6|identity,identity,5.348066298342541,0.0008677000005263835,3.190001007169485e-05,balanced,0.10546564430875763,e8e23e9bdf444d38f4fc,markdown,real:engines\XAI-Compress\results\final_project\benchmark_summary.md,validation
brotli,11,brotli|11|identity,identity,4.2975797579757975,0.14286389999324456,0.0007719999994151294,smallest,0.018284684006184188,e9523e7a6499201ac82d,executable,real:apps\admin_dotnet\bin\Debug\net8.0\Polly.RateLimiting.dll,validation
zstd,3,zstd|3|identity,identity,4.871837183718372,0.000526699994225055,0.00013190000026952475,fastest,0.019255021638950015,e9523e7a6499201ac82d,executable,real:apps\admin_dotnet\bin\Debug\net8.0\Polly.RateLimiting.dll,validation
zstd,9,zstd|9|identity,identity,4.704895489548955,0.0014693000121042132,0.00011680000170599669,balanced,0.05902199584382985,e9523e7a6499201ac82d,executable,real:apps\admin_dotnet\bin\Debug\net8.0\Polly.RateLimiting.dll,validation
brotli,11,brotli|11|identity,identity,1.6798825256975036,0.012348899996140972,6.919998850207776e-05,smallest,0.01603167954716914,e98fc49a2ff584390f6d,xml,real:engines\XAI-Compress\results\final\figures\compression_throughput.svg,validation
zstd,3,zstd|3|identity,identity,2.223201174743025,6.219999340828508e-05,3.300000389572233e-05,fastest,0.01507399043513151,e98fc49a2ff584390f6d,xml,real:engines\XAI-Compress\results\final\figures\compression_throughput.svg,validation
zstd,6,zstd|6|identity,identity,2.1116005873715125,0.0001320000010309741,2.780000795610249e-05,balanced,0.03895252815261294,e98fc49a2ff584390f6d,xml,real:engines\XAI-Compress\results\final\figures\compression_throughput.svg,validation
brotli,9,brotli|9|identity,identity,6.8831787109375,0.02646060001279693,0.0007714999956078827,smallest,0.015027962104329272,e99cddae82a09bfe6f8a,video,real:engines\XAI-Compress\data\test\archive (1)\FaceForensics++_C23\DeepFakeDetection\05_16__kitchen_still__053HPS1G.mp4,validation
deflate,6,deflate|6|identity,identity,6.986328125,0.003157699989969842,0.0001664000010350719,fastest,0.011800735064900135,e99cddae82a09bfe6f8a,video,real:engines\XAI-Compress\data\test\archive (1)\FaceForensics++_C23\DeepFakeDetection\05_16__kitchen_still__053HPS1G.mp4,validation
brotli,6,brotli|6|identity,identity,6.8846435546875,0.0040788000042084605,0.00055929999507498,balanced,0.017993179779167284,e99cddae82a09bfe6f8a,video,real:engines\XAI-Compress\data\test\archive (1)\FaceForensics++_C23\DeepFakeDetection\05_16__kitchen_still__053HPS1G.mp4,validation
brotli,6,brotli|6|identity,identity,7.054931640625,0.002476199995726347,0.0003792000061366707,smallest,0.006370448994592902,ea302a0aad67d6028fa2,video,real:engines\XAI-Compress\data\test\archive (1)\FaceForensics++_C23\DeepFakeDetection\01_02__outside_talking_still_laughing__YVGY8LOK.mp4,test
zstd,3,zstd|3|identity,identity,7.2542724609375,0.00026889999571722,1.8600010662339628e-05,fastest,0.012057763585549441,ea302a0aad67d6028fa2,video,real:engines\XAI-Compress\data\test\archive (1)\FaceForensics++_C23\DeepFakeDetection\01_02__outside_talking_still_laughing__YVGY8LOK.mp4,test
brotli,6,brotli|6|identity,identity,7.054931640625,0.002476199995726347,0.0003792000061366707,balanced,0.01909122465573339,ea302a0aad67d6028fa2,video,real:engines\XAI-Compress\data\test\archive (1)\FaceForensics++_C23\DeepFakeDetection\01_02__outside_talking_still_laughing__YVGY8LOK.mp4,test
brotli,6,brotli|6|identity,identity,7.403076171875,0.0037640999944414943,0.000592500000493601,smallest,0.02100210684562141,ea31b5888a8a6b5ef51f,video,real:engines\XAI-Compress\data\test\archive (1)\FaceForensics++_C23\DeepFakeDetection\03_07__walk_down_hall_angry__IFSURI9X.mp4,train
zstd,3,zstd|3|identity,identity,7.5333251953125,0.0003981000045314431,3.199999628122896e-05,fastest,0.01282590142419422,ea31b5888a8a6b5ef51f,video,real:engines\XAI-Compress\data\test\archive (1)\FaceForensics++_C23\DeepFakeDetection\03_07__walk_down_hall_angry__IFSURI9X.mp4,train
brotli,6,brotli|6|identity,identity,7.403076171875,0.0037640999944414943,0.000592500000493601,balanced,0.023372628587673666,ea31b5888a8a6b5ef51f,video,real:engines\XAI-Compress\data\test\archive (1)\FaceForensics++_C23\DeepFakeDetection\03_07__walk_down_hall_angry__IFSURI9X.mp4,train
brotli,11,brotli|11|identity,identity,4.720848056537102,0.0024296999908983707,3.779999678954482e-05,smallest,0.006199992871789338,ea3be733972564d5129a,binary,real:apps\web_angular\nginx.conf,train
zstd,9,zstd|9|identity,identity,5.597173144876325,5.560000136028975e-05,1.750000228639692e-05,fastest,0.02791865363093453,ea3be733972564d5129a,binary,real:apps\web_angular\nginx.conf,train
brotli,6,brotli|6|identity,identity,4.833922261484099,0.0010698000114643946,4.230000195093453e-05,balanced,0.08157154567930916,ea3be733972564d5129a,binary,real:apps\web_angular\nginx.conf,train
brotli,11,brotli|11|identity,identity,3.408695652173913,0.007427400007145479,2.7299989596940577e-05,smallest,0.015850681648743446,ea7ff285a736bc06580f,source_code,real:engines\XAI-Compress\results\model_search\imports\auto\lr-0-0002-f316e33308\v1\XAI-Compress\scripts\run_experiments.py,validation
zstd,3,zstd|3|identity,identity,4.0,6.549998943228275e-05,2.680000034160912e-05,fastest,0.025659891206946624,ea7ff285a736bc06580f,source_code,real:engines\XAI-Compress\results\model_search\imports\auto\lr-0-0002-f316e33308\v1\XAI-Compress\scripts\run_experiments.py,validation
deflate,9,deflate|9|identity,identity,3.805217391304348,0.00011139998969156295,2.7700007194653153e-05,balanced,0.054717913929338974,ea7ff285a736bc06580f,source_code,real:engines\XAI-Compress\results\model_search\imports\auto\lr-0-0002-f316e33308\v1\XAI-Compress\scripts\run_experiments.py,validation
brotli,11,brotli|11|identity,identity,3.4093457943925234,0.007140700006857514,7.660000119358301e-05,smallest,0.01045763886076657,eaf7de020b6ea54a4f20,csv,real:engines\XAI-Compress\checkpoints\phase_i_v1_128_domain.metrics.csv,train
zstd,1,zstd|1|identity,identity,4.164485981308411,9.73999995039776e-05,3.880000440403819e-05,fastest,0.024155585653673796,eaf7de020b6ea54a4f20,csv,real:engines\XAI-Compress\checkpoints\phase_i_v1_128_domain.metrics.csv,train
brotli,4,brotli|4|identity,identity,3.902803738317757,0.0002693999995244667,4.8300003982149065e-05,balanced,0.06630556449403457,eaf7de020b6ea54a4f20,csv,real:engines\XAI-Compress\checkpoints\phase_i_v1_128_domain.metrics.csv,train
brotli,11,brotli|11|identity,identity,1.7072218607677294,0.005649600003380328,2.9499991796910763e-05,smallest,0.010853276711031805,eb3137425f442f1e8b9e,binary,real:apps\admin_dotnet\obj\AdminDotNet.csproj.nuget.g.targets,train
deflate,1,deflate|1|identity,identity,2.321405335068315,3.779999678954482e-05,1.2600008631125093e-05,fastest,0.01269321916588853,eb3137425f442f1e8b9e,binary,real:apps\admin_dotnet\obj\AdminDotNet.csproj.nuget.g.targets,train
deflate,9,deflate|9|identity,identity,2.0091086532205593,9.670000872574747e-05,1.9399987650103867e-05,balanced,0.03237111298700268,eb3137425f442f1e8b9e,binary,real:apps\admin_dotnet\obj\AdminDotNet.csproj.nuget.g.targets,train
brotli,11,brotli|11|identity,identity,2.8265895953757227,0.006363199994666502,5.390000296756625e-05,smallest,0.01288505008640607,eb9208010fe38f40e34a,json,real:engines\XAI-Compress\data\domain_focused\archive\results\checkpoint-1000\trainer_state.json,train
zstd,6,zstd|6|identity,identity,3.46242774566474,8.929999603424221e-05,2.0099992980249226e-05,fastest,0.021078945516610638,eb9208010fe38f40e34a,json,real:engines\XAI-Compress\data\domain_focused\archive\results\checkpoint-1000\trainer_state.json,train
deflate,9,deflate|9|identity,identity,3.30635838150289,0.000123099991469644,2.720000338740647e-05,balanced,0.05543761044337181,eb9208010fe38f40e34a,json,real:engines\XAI-Compress\data\domain_focused\archive\results\checkpoint-1000\trainer_state.json,train
brotli,11,brotli|11|identity,identity,5.605839416058394,0.002227000004495494,3.780001134146005e-05,smallest,0.007724936325220181,ebcfbb8773b4ca925a5b,text,real:services\api_fastapi\requirements.txt,train
deflate,9,deflate|9|identity,identity,5.751824817518248,6.120000034570694e-05,1.7400001524947584e-05,fastest,0.03184327280141793,ebcfbb8773b4ca925a5b,text,real:services\api_fastapi\requirements.txt,train
deflate,9,deflate|9|identity,identity,5.751824817518248,6.120000034570694e-05,1.7400001524947584e-05,balanced,0.04890251720678034,ebcfbb8773b4ca925a5b,text,real:services\api_fastapi\requirements.txt,train
brotli,9,brotli|9|identity,identity,6.580645161290323,0.0005593999958364293,2.5000001187436283e-05,smallest,0.0027044320128246186,ebe413d22f1686e9b681,binary,real:apps\web_angular\.gitignore,train
raw,,raw|default|identity,identity,8.0,8.200004231184721e-06,4.4000043999403715e-06,fastest,0.008461538461538463,ebe413d22f1686e9b681,binary,real:apps\web_angular\.gitignore,train
brotli,4,brotli|4|identity,identity,6.838709677419355,8.89999937498942e-05,2.300000051036477e-05,balanced,0.03770070502735045,ebe413d22f1686e9b681,binary,real:apps\web_angular\.gitignore,train
brotli,11,brotli|11|identity,identity,2.5177195685670264,0.010630799995851703,6.369999027810991e-05,smallest,0.01648176277901184,ec61b4c6813af12057b2,source_code,real:apps\desktop_flutter\lib\core\app_state.dart,train
deflate,6,deflate|6|identity,identity,2.9275808936825887,0.00010959999053739011,2.5000001187436283e-05,fastest,0.01834989642697557,ec61b4c6813af12057b2,source_code,real:apps\desktop_flutter\lib\core\app_state.dart,train
deflate,9,deflate|9|identity,identity,2.9121725731895225,0.0001244999875780195,2.4200009647756815e-05,balanced,0.04210134666658855,ec61b4c6813af12057b2,source_code,real:apps\desktop_flutter\lib\core\app_state.dart,train
brotli,11,brotli|11|identity,identity,2.295910780669145,0.011495600003399886,7.6299998909235e-05,smallest,0.01615752550250974,ec6ab5ac6eff6781cf0c,source_code,real:engines\XAI-Compress\results\compression_comparison\corpus\streaming_source.py,validation
zstd,3,zstd|3|identity,identity,2.742007434944238,8.119999256450683e-05,3.060000017285347e-05,fastest,0.01539145075544265,ec6ab5ac6eff6781cf0c,source_code,real:engines\XAI-Compress\results\compression_comparison\corpus\streaming_source.py,validation
deflate,9,deflate|9|identity,identity,2.545724907063197,0.0001697999978205189,3.359999391250312e-05,balanced,0.030377260941125292,ec6ab5ac6eff6781cf0c,source_code,real:engines\XAI-Compress\results\compression_comparison\corpus\streaming_source.py,validation
brotli,11,brotli|11|identity,identity,2.7542087542087543,0.005456800005049445,5.160000000614673e-05,smallest,0.011738800312787623,ec765d690bed544abdae,csv,real:engines\XAI-Compress\results\final_analysis\model_evolution.csv,train
zstd,3,zstd|3|identity,identity,3.265993265993266,4.7900000936351717e-05,1.929998688865453e-05,fastest,0.016642669239993246,ec765d690bed544abdae,csv,real:engines\XAI-Compress\results\final_analysis\model_evolution.csv,train
zstd,9,zstd|9|identity,identity,3.212121212121212,9.020000288728625e-05,1.6299993149004877e-05,balanced,0.04783384730867121,ec765d690bed544abdae,csv,real:engines\XAI-Compress\results\final_analysis\model_evolution.csv,train
brotli,11,brotli|11|identity,identity,2.801210898082745,0.012785700004315004,8.179999713320285e-05,smallest,0.016158861856795326,ed3a9ca79421c95331c2,source_code,real:engines\XAI-Compress\results\model_search\imports\auto\lr-0-0002-f316e33308\v1\XAI-Compress\scripts\kaggle\download_model.ps1,train
zstd,3,zstd|3|identity,identity,3.3205516313488057,9.110000974033028e-05,3.200001083314419e-05,fastest,0.01640327360476718,ed3a9ca79421c95331c2,source_code,real:engines\XAI-Compress\results\model_search\imports\auto\lr-0-0002-f316e33308\v1\XAI-Compress\scripts\kaggle\download_model.ps1,train
deflate,6,deflate|6|identity,identity,3.191389169189371,0.0001773999974830076,3.940000897273421e-05,balanced,0.0449006680226511,ed3a9ca79421c95331c2,source_code,real:engines\XAI-Compress\results\model_search\imports\auto\lr-0-0002-f316e33308\v1\XAI-Compress\scripts\kaggle\download_model.ps1,train
brotli,6,brotli|6|identity,identity,4.664576802507837,0.000774900006945245,3.309999010525644e-05,smallest,0.00395355346276364,ee6340edbc4a373a3a40,source_code,real:apps\web_angular\src\app\core\auth.interceptor.ts,validation
zstd,9,zstd|9|identity,identity,5.191222570532916,4.600000102072954e-05,1.4299992471933365e-05,fastest,0.02717804581034864,ee6340edbc4a373a3a40,source_code,real:apps\web_angular\src\app\core\auth.interceptor.ts,validation
brotli,6,brotli|6|identity,identity,4.664576802507837,0.000774900006945245,3.309999010525644e-05,balanced,0.06204618515205429,ee6340edbc4a373a3a40,source_code,real:apps\web_angular\src\app\core\auth.interceptor.ts,validation
brotli,11,brotli|11|identity,identity,7.6756591796875,0.753524900006596,0.0008866999996826053,smallest,0.016938927966885946,ee6f49088439a3629199,video,real:engines\XAI-Compress\data\test\archive (1)\FaceForensics++_C23\DeepFakeDetection\02_27__walk_down_hall_angry__78M8S6M6.mp4,train
zstd,3,zstd|3|identity,identity,7.7760009765625,0.00036950000503566116,2.5600005756132305e-05,fastest,0.011291946107173998,ee6f49088439a3629199,video,real:engines\XAI-Compress\data\test\archive (1)\FaceForensics++_C23\DeepFakeDetection\02_27__walk_down_hall_angry__78M8S6M6.mp4,train
brotli,6,brotli|6|identity,identity,7.68408203125,0.003585800004657358,0.0005918999959249049,balanced,0.02634167583499161,ee6f49088439a3629199,video,real:engines\XAI-Compress\data\test\archive (1)\FaceForensics++_C23\DeepFakeDetection\02_27__walk_down_hall_angry__78M8S6M6.mp4,train
brotli,11,brotli|11|identity,identity,3.123076923076923,0.009194400001433678,7.009999535512179e-05,smallest,0.016313810752085812,eee92305265fd86e37a3,markdown,real:engines\XAI-Compress\reports\methodology.md,train
zstd,3,zstd|3|identity,identity,4.273076923076923,8.329999400302768e-05,3.0399998649954796e-05,fastest,0.026161625388835603,eee92305265fd86e37a3,markdown,real:engines\XAI-Compress\reports\methodology.md,train
deflate,6,deflate|6|identity,identity,4.138461538461539,0.00015740000526420772,3.7300007534213364e-05,balanced,0.10754325925103898,eee92305265fd86e37a3,markdown,real:engines\XAI-Compress\reports\methodology.md,train
brotli,11,brotli|11|identity,identity,3.5945663531870427,0.006917799997609109,7.660000119358301e-05,smallest,0.010800520490041893,ef3edbf6186277f5ef97,csv,real:engines\XAI-Compress\results\model_v2\lossless_bpb_breakdown.csv,test
zstd,3,zstd|3|identity,identity,4.313479623824452,5.5500000598840415e-05,2.0899999071843922e-05,fastest,0.01651010003535092,ef3edbf6186277f5ef97,csv,real:engines\XAI-Compress\results\model_v2\lossless_bpb_breakdown.csv,test
deflate,6,deflate|6|identity,identity,4.154649947753396,9.770000178832561e-05,2.540000423323363e-05,balanced,0.06514487833164154,ef3edbf6186277f5ef97,csv,real:engines\XAI-Compress\results\model_v2\lossless_bpb_breakdown.csv,test
brotli,9,brotli|9|identity,identity,7.32763671875,0.02766729998984374,0.000600800005486235,smallest,0.008070831145880916,ef71fd0300ba3ce2fc49,video,real:engines\XAI-Compress\data\test\archive (1)\FaceForensics++_C23\DeepFakeDetection\01_11__outside_talking_pan_laughing__WIZ7GKOD.mp4,validation
zstd,3,zstd|3|identity,identity,7.4737548828125,0.00032500000088475645,2.3500004317611456e-05,fastest,0.011990361502174586,ef71fd0300ba3ce2fc49,video,real:engines\XAI-Compress\data\test\archive (1)\FaceForensics++_C23\DeepFakeDetection\01_11__outside_talking_pan_laughing__WIZ7GKOD.mp4,validation
brotli,6,brotli|6|identity,identity,7.328369140625,0.0038071999879321083,0.0005922999989707023,balanced,0.01768196704332041,ef71fd0300ba3ce2fc49,video,real:engines\XAI-Compress\data\test\archive (1)\FaceForensics++_C23\DeepFakeDetection\01_11__outside_talking_pan_laughing__WIZ7GKOD.mp4,validation
lzma2,6,lzma2|6|identity,identity,6.26513671875,0.047437100001843646,0.011724900003173389,smallest,0.01564887033105839,ef7a5c6897605950a6a6,model,real:engines\XAI-Compress\checkpoints\neural_lossy_v1\validation.pt,train
zstd,3,zstd|3|identity,identity,6.8809814453125,0.0009337999945273623,0.0003333999920869246,fastest,0.025282261321935014,ef7a5c6897605950a6a6,model,real:engines\XAI-Compress\checkpoints\neural_lossy_v1\validation.pt,train
brotli,6,brotli|6|identity,identity,6.4613037109375,0.007823499996447936,0.001556699993670918,balanced,0.07948640561003392,ef7a5c6897605950a6a6,model,real:engines\XAI-Compress\checkpoints\neural_lossy_v1\validation.pt,train
brotli,6,brotli|6|identity,identity,7.0460205078125,0.0029792999994242564,0.0005919000104768202,smallest,0.006642037462588335,efc9e8dfc32d923209e0,video,real:engines\XAI-Compress\data\test\archive (1)\FaceForensics++_C23\DeepFakeDetection\01_27__outside_talking_still_laughing__ZYCZ30C0.mp4,train
brotli,4,brotli|4|identity,identity,7.0802001953125,0.0006671999872196466,0.0002069000038318336,fastest,0.008423601320755838,efc9e8dfc32d923209e0,video,real:engines\XAI-Compress\data\test\archive (1)\FaceForensics++_C23\DeepFakeDetection\01_27__outside_talking_still_laughing__ZYCZ30C0.mp4,train
brotli,6,brotli|6|identity,identity,7.0460205078125,0.0029792999994242564,0.0005919000104768202,balanced,0.01700774497085166,efc9e8dfc32d923209e0,video,real:engines\XAI-Compress\data\test\archive (1)\FaceForensics++_C23\DeepFakeDetection\01_27__outside_talking_still_laughing__ZYCZ30C0.mp4,train
brotli,11,brotli|11|identity,identity,3.2373290426387773,0.014797299998463131,0.00010369998926762491,smallest,0.015869162042152947,efd24e78ff6d0f481461,markdown,real:engines\XAI-Compress\results\model_v2\lossless_v2_preflight.md,test
zstd,3,zstd|3|identity,identity,4.101903995709305,0.00012660000356845558,3.8699989090673625e-05,fastest,0.01947257562547106,efd24e78ff6d0f481461,markdown,real:engines\XAI-Compress\results\model_v2\lossless_v2_preflight.md,test
deflate,6,deflate|6|identity,identity,3.998927326360955,0.00023329998657573014,5.149999924469739e-05,balanced,0.0821210434876414,efd24e78ff6d0f481461,markdown,real:engines\XAI-Compress\results\model_v2\lossless_v2_preflight.md,test
brotli,11,brotli|11|identity,identity,2.7155963302752295,0.004956300006597303,4.719999560620636e-05,smallest,0.010707097926067386,efec9b8ca44371c1e9dd,json,real:engines\XAI-Compress\checkpoints\phase_j_v1_128.summary.json,train
deflate,9,deflate|9|identity,identity,3.1722731906218145,8.250000246334821e-05,1.9799990695901215e-05,fastest,0.021434296921850136,efec9b8ca44371c1e9dd,json,real:engines\XAI-Compress\checkpoints\phase_j_v1_128.summary.json,train
deflate,9,deflate|9|identity,identity,3.1722731906218145,8.250000246334821e-05,1.9799990695901215e-05,balanced,0.05052173348097744,efec9b8ca44371c1e9dd,json,real:engines\XAI-Compress\checkpoints\phase_j_v1_128.summary.json,train
brotli,11,brotli|11|identity,identity,3.641476274165202,0.007455700004356913,6.629999552387744e-05,smallest,0.012772021120594836,f008786ed541a7df4bf1,source_code,real:apps\mobile_authenticator_flutter\lib\services\biometric_service.dart,train
deflate,6,deflate|6|identity,identity,4.161687170474517,0.00011490000179037452,3.2500000088475645e-05,fastest,0.028263916296783792,f008786ed541a7df4bf1,source_code,real:apps\mobile_authenticator_flutter\lib\services\biometric_service.dart,train
deflate,9,deflate|9|identity,identity,4.1335676625659055,0.0001235999952768907,3.409999771974981e-05,balanced,0.06736262217292659,f008786ed541a7df4bf1,source_code,real:apps\mobile_authenticator_flutter\lib\services\biometric_service.dart,train
brotli,11,brotli|11|identity,identity,7.548583984375,0.30937279999488965,0.0005172999954083934,smallest,0.016177172233447744,f016068167a498dbf6fe,video,real:engines\XAI-Compress\data\test\archive (1)\FaceForensics++_C23\DeepFakeDetection\06_11__walking_outside_cafe_disgusted__MX659QU8.mp4,train
zstd,3,zstd|3|identity,identity,7.664794921875,0.0003816999960690737,3.0799987143836915e-05,fastest,0.013400494286621488,f016068167a498dbf6fe,video,real:engines\XAI-Compress\data\test\archive (1)\FaceForensics++_C23\DeepFakeDetection\06_11__walking_outside_cafe_disgusted__MX659QU8.mp4,train
brotli,6,brotli|6|identity,identity,7.5604248046875,0.0037933999992674217,0.0005909000028623268,balanced,0.03224771602131642,f016068167a498dbf6fe,video,real:engines\XAI-Compress\data\test\archive (1)\FaceForensics++_C23\DeepFakeDetection\06_11__walking_outside_cafe_disgusted__MX659QU8.mp4,train
brotli,9,brotli|9|identity,identity,7.2269287109375,0.027874299994437024,0.0006040000007487833,smallest,0.0136876685236101,f03a92ce877999b0bb9c,video,real:engines\XAI-Compress\data\test\archive (1)\FaceForensics++_C23\DeepFakeDetection\01_27__hugging_happy__ZYCZ30C0.mp4,train
zstd,1,zstd|1|identity,identity,7.4046630859375,0.0003505000058794394,3.919999289792031e-05,fastest,0.013147755687637885,f03a92ce877999b0bb9c,video,real:engines\XAI-Compress\data\test\archive (1)\FaceForensics++_C23\DeepFakeDetection\01_27__hugging_happy__ZYCZ30C0.mp4,train
brotli,6,brotli|6|identity,identity,7.2296142578125,0.0033096999977715313,0.0006072000105632469,balanced,0.019031482539173878,f03a92ce877999b0bb9c,video,real:engines\XAI-Compress\data\test\archive (1)\FaceForensics++_C23\DeepFakeDetection\01_27__hugging_happy__ZYCZ30C0.mp4,train
brotli,11,brotli|11|identity,identity,1.6908939014202171,0.010719700003392063,5.360000068321824e-05,smallest,0.015871161620712913,f03df6e2a8c5298d2e1c,source_code,real:apps\mobile_authenticator_flutter\android\app\src\main\java\io\flutter\plugins\GeneratedPluginRegistrant.java,test
zstd,6,zstd|6|identity,identity,1.9582289055973265,4.2100000428035855e-05,9.499999578110874e-06,fastest,0.006821733120123026,f03df6e2a8c5298d2e1c,source_code,real:apps\mobile_authenticator_flutter\android\app\src\main\java\io\flutter\plugins\GeneratedPluginRegistrant.java,test
deflate,9,deflate|9|identity,identity,1.9047619047619047,0.00013080000644549727,1.0299991117790341e-05,balanced,0.020848202030580364,f03df6e2a8c5298d2e1c,source_code,real:apps\mobile_authenticator_flutter\android\app\src\main\java\io\flutter\plugins\GeneratedPluginRegistrant.java,test
brotli,6,brotli|6|identity,identity,7.117431640625,0.0038745000056223944,0.0006140000041341409,smallest,0.006875414269608789,f051c524c7c4b6d47661,video,real:engines\XAI-Compress\data\test\archive (1)\FaceForensics++_C23\DeepFakeDetection\02_13__hugging_happy__PLNVLO74.mp4,train
zstd,6,zstd|6|identity,identity,7.345703125,0.0010572000028332695,3.6299999919719994e-05,fastest,0.016044505937687442,f051c524c7c4b6d47661,video,real:engines\XAI-Compress\data\test\archive (1)\FaceForensics++_C23\DeepFakeDetection\02_13__hugging_happy__PLNVLO74.mp4,train
brotli,6,brotli|6|identity,identity,7.117431640625,0.0038745000056223944,0.0006140000041341409,balanced,0.019783362960693114,f051c524c7c4b6d47661,video,real:engines\XAI-Compress\data\test\archive (1)\FaceForensics++_C23\DeepFakeDetection\02_13__hugging_happy__PLNVLO74.mp4,train
brotli,6,brotli|6|identity,identity,6.958984375,0.0039076999964891,0.0006008999916957691,smallest,0.006941828639667012,f0856769e746c6732ef6,video,real:engines\XAI-Compress\data\test\archive (1)\FaceForensics++_C23\DeepFakeDetection\04_01__outside_talking_still_laughing__0XUW13RW.mp4,validation
zstd,1,zstd|1|identity,identity,7.18115234375,0.00035349999961908907,4.5599997974932194e-05,fastest,0.012523626936945479,f0856769e746c6732ef6,video,real:engines\XAI-Compress\data\test\archive (1)\FaceForensics++_C23\DeepFakeDetection\04_01__outside_talking_still_laughing__0XUW13RW.mp4,validation
brotli,6,brotli|6|identity,identity,6.958984375,0.0039076999964891,0.0006008999916957691,balanced,0.01850593042266901,f0856769e746c6732ef6,video,real:engines\XAI-Compress\data\test\archive (1)\FaceForensics++_C23\DeepFakeDetection\04_01__outside_talking_still_laughing__0XUW13RW.mp4,validation
brotli,11,brotli|11|identity,identity,7.2900390625,0.7750471000035759,0.0010184999991906807,smallest,0.016524557636342994,f09232d8c8e21c337a15,video,real:engines\XAI-Compress\data\test\archive (1)\FaceForensics++_C23\DeepFakeDetection\03_14__exit_phone_room__H0VQHGS3.mp4,validation
zstd,3,zstd|3|identity,identity,7.455322265625,0.00039539999852422625,3.29999893438071e-05,fastest,0.012690950543906149,f09232d8c8e21c337a15,video,real:engines\XAI-Compress\data\test\archive (1)\FaceForensics++_C23\DeepFakeDetection\03_14__exit_phone_room__H0VQHGS3.mp4,validation
brotli,6,brotli|6|identity,identity,7.302734375,0.0037375999963842332,0.0006831999926362187,balanced,0.023099658397704656,f09232d8c8e21c337a15,video,real:engines\XAI-Compress\data\test\archive (1)\FaceForensics++_C23\DeepFakeDetection\03_14__exit_phone_room__H0VQHGS3.mp4,validation
brotli,11,brotli|11|identity,identity,1.4488525390625,0.24017849999654572,0.00045419999514706433,smallest,0.015310087837981573,f09c447cbdedc842ce26,source_code,real:apps\web_angular\.angular\cache\20.3.28\xai-web\vite\deps\@angular_forms.js,train
zstd,3,zstd|3|identity,identity,1.8525390625,0.0007656999950995669,0.0002192999963881448,fastest,0.00761053317880289,f09c447cbdedc842ce26,source_code,real:apps\web_angular\.angular\cache\20.3.28\xai-web\vite\deps\@angular_forms.js,train
deflate,6,deflate|6|identity,identity,1.6922607421875,0.002313799996045418,0.00022869999520480633,balanced,0.021666894711178268,f09c447cbdedc842ce26,source_code,real:apps\web_angular\.angular\cache\20.3.28\xai-web\vite\deps\@angular_forms.js,train
zstd,9,zstd|9|identity,identity,0.06375,3.700000524986535e-05,9.399998816661537e-06,smallest,0.00011340773320928218,f0ea5985f683087632f5,binary,real:engines\XAI-Compress\.test-tmp\final-all\test_corpus_roundtrip0\corpus\high_entropy\random.rand,train
zstd,9,zstd|9|identity,identity,0.06375,3.700000524986535e-05,9.399998816661537e-06,fastest,0.003435227799995914,f0ea5985f683087632f5,binary,real:engines\XAI-Compress\.test-tmp\final-all\test_corpus_roundtrip0\corpus\high_entropy\random.rand,train
zstd,9,zstd|9|identity,identity,0.06375,3.700000524986535e-05,9.399998816661537e-06,balanced,0.0018983778377507318,f0ea5985f683087632f5,binary,real:engines\XAI-Compress\.test-tmp\final-all\test_corpus_roundtrip0\corpus\high_entropy\random.rand,train
lzma2,6,lzma2|6|identity,identity,3.4927679809787993,0.023746700011542998,0.002984100006869994,smallest,0.01471942800773256,f0fe3df3e68ae153351f,executable,real:apps\admin_dotnet\bin\Debug\net8.0\Microsoft.IdentityModel.Protocols.dll,train
zstd,1,zstd|1|identity,identity,4.229046958589261,0.00045849999878555536,0.00016369999502785504,fastest,0.021189240030302637,f0fe3df3e68ae153351f,executable,real:apps\admin_dotnet\bin\Debug\net8.0\Microsoft.IdentityModel.Protocols.dll,train
zstd,9,zstd|9|identity,identity,3.8585298196948683,0.0020394000021042302,0.00018620000628288835,balanced,0.050332898817530565,f0fe3df3e68ae153351f,executable,real:apps\admin_dotnet\bin\Debug\net8.0\Microsoft.IdentityModel.Protocols.dll,train
brotli,11,brotli|11|identity,identity,2.0093023255813955,0.011374399997293949,6.560000474564731e-05,smallest,0.016154399589839035,f15f332b2f6ec39b9742,json,real:apps\admin_dotnet\obj\AdminDotNet.csproj.nuget.dgspec.json,train
zstd,6,zstd|6|identity,identity,2.3689922480620154,5.230000533629209e-05,9.900002623908222e-06,fastest,0.008435746745149832,f15f332b2f6ec39b9742,json,real:apps\admin_dotnet\obj\AdminDotNet.csproj.nuget.dgspec.json,train
deflate,9,deflate|9|identity,identity,2.3007751937984495,6.489999941550195e-05,1.1500000255182385e-05,balanced,0.02598041964024604,f15f332b2f6ec39b9742,json,real:apps\admin_dotnet\obj\AdminDotNet.csproj.nuget.dgspec.json,train
brotli,6,brotli|6|identity,identity,6.9036865234375,0.003698400003486313,0.0005067000020062551,smallest,0.01869237760366286,f16292a6192833e9c9b6,video,real:engines\XAI-Compress\data\test\archive (1)\FaceForensics++_C23\DeepFakeDetection\04_01__secret_conversation__6I623VU9.mp4,train
zstd,1,zstd|1|identity,identity,7.121337890625,0.0003612000000430271,4.0000013541430235e-05,fastest,0.012126939602967981,f16292a6192833e9c9b6,video,real:engines\XAI-Compress\data\test\archive (1)\FaceForensics++_C23\DeepFakeDetection\04_01__secret_conversation__6I623VU9.mp4,train
brotli,6,brotli|6|identity,identity,6.9036865234375,0.003698400003486313,0.0005067000020062551,balanced,0.021835660414508566,f16292a6192833e9c9b6,video,real:engines\XAI-Compress\data\test\archive (1)\FaceForensics++_C23\DeepFakeDetection\04_01__secret_conversation__6I623VU9.mp4,train
brotli,11,brotli|11|identity,identity,2.551804423748545,0.006856299994979054,6.079999729990959e-05,smallest,0.01498687689140855,f23150a63ce1a2078d1b,binary,real:apps\desktop_flutter\xai_compress_desktop.iml,validation
deflate,1,deflate|1|identity,identity,3.7532013969732247,4.549999721348286e-05,1.6999998479150236e-05,fastest,0.024037835055617816,f23150a63ce1a2078d1b,binary,real:apps\desktop_flutter\xai_compress_desktop.iml,validation
brotli,4,brotli|4|identity,identity,2.9895227008149012,0.00019979999342467636,3.7699996028095484e-05,balanced,0.06474372839740843,f23150a63ce1a2078d1b,binary,real:apps\desktop_flutter\xai_compress_desktop.iml,validation
brotli,9,brotli|9|identity,identity,7.0281982421875,0.02663980000943411,0.0005241000035312027,smallest,0.005808320363237577,f256aca58bd68b60e728,video,real:engines\XAI-Compress\data\test\archive (1)\FaceForensics++_C23\DeepFakeDetection\02_15__walking_and_outside_surprised__MZWH8ATN.mp4,test
zstd,9,zstd|9|identity,identity,7.2369384765625,0.001250800007255748,3.409999771974981e-05,fastest,0.013241904246824827,f256aca58bd68b60e728,video,real:engines\XAI-Compress\data\test\archive (1)\FaceForensics++_C23\DeepFakeDetection\02_15__walking_and_outside_surprised__MZWH8ATN.mp4,test
brotli,6,brotli|6|identity,identity,7.030029296875,0.0038803999923402444,0.0006040000007487833,balanced,0.01833267596888795,f256aca58bd68b60e728,video,real:engines\XAI-Compress\data\test\archive (1)\FaceForensics++_C23\DeepFakeDetection\02_15__walking_and_outside_surprised__MZWH8ATN.mp4,test
brotli,11,brotli|11|identity,identity,7.878662109375,0.6377885000110837,0.0005853000038769096,smallest,0.016275428071644164,f314840500dba21eac5e,video,real:engines\XAI-Compress\data\test\archive (1)\FaceForensics++_C23\DeepFakeDetection\02_15__secret_conversation__MZWH8ATN.mp4,train
raw,,raw|default|identity,identity,8.0,6.100002792663872e-06,4.3000036384910345e-06,fastest,0.013176033934252386,f314840500dba21eac5e,video,real:engines\XAI-Compress\data\test\archive (1)\FaceForensics++_C23\DeepFakeDetection\02_15__secret_conversation__MZWH8ATN.mp4,train
brotli,6,brotli|6|identity,identity,7.886474609375,0.003790499991737306,0.0006175000016810372,balanced,0.0273635049054085,f314840500dba21eac5e,video,real:engines\XAI-Compress\data\test\archive (1)\FaceForensics++_C23\DeepFakeDetection\02_15__secret_conversation__MZWH8ATN.mp4,train
brotli,6,brotli|6|identity,identity,5.06046511627907,0.0005624000041279942,3.090000245720148e-05,smallest,0.003376011099883427,f32340d187a5f52dd09f,source_code,real:apps\web_angular\src\app\app.component.ts,train
deflate,9,deflate|9|identity,identity,5.5813953488372094,4.879999323748052e-05,1.479999627918005e-05,fastest,0.028339364108933833,f32340d187a5f52dd09f,source_code,real:apps\web_angular\src\app\app.component.ts,train
brotli,6,brotli|6|identity,identity,5.06046511627907,0.0005624000041279942,3.090000245720148e-05,balanced,0.051857569282918216,f32340d187a5f52dd09f,source_code,real:apps\web_angular\src\app\app.component.ts,train
brotli,11,brotli|11|identity,identity,2.25228246692752,0.011919500000658445,5.050000618211925e-05,smallest,0.01541637270867882,f33d5101d3b6b1aec59e,source_code,real:analytics\XAI-Compress-Analysis-Suite\run_benchmark.py,train
zstd,3,zstd|3|identity,identity,2.675610210545929,7.589999586343765e-05,2.6200010324828327e-05,fastest,0.010971631455672863,f33d5101d3b6b1aec59e,source_code,real:analytics\XAI-Compress-Analysis-Suite\run_benchmark.py,train
deflate,6,deflate|6|identity,identity,2.534004099124278,0.0001272000081371516,4.679999256040901e-05,balanced,0.03027482037210375,f33d5101d3b6b1aec59e,source_code,real:analytics\XAI-Compress-Analysis-Suite\run_benchmark.py,train
brotli,9,brotli|9|identity,identity,6.7794189453125,0.02699090000533033,0.000672800000756979,smallest,0.015582358827088685,f343550f298101821f6b,video,real:engines\XAI-Compress\data\test\archive (1)\FaceForensics++_C23\DeepFakeDetection\03_06__meeting_serious__83ABVHC3.mp4,train
zstd,1,zstd|1|identity,identity,7.031494140625,0.0003555000002961606,5.079999391455203e-05,fastest,0.012597785439637394,f343550f298101821f6b,video,real:engines\XAI-Compress\data\test\archive (1)\FaceForensics++_C23\DeepFakeDetection\03_06__meeting_serious__83ABVHC3.mp4,train
brotli,6,brotli|6|identity,identity,6.780517578125,0.0038991000037640333,0.0006088999944040552,balanced,0.022021264038766804,f343550f298101821f6b,video,real:engines\XAI-Compress\data\test\archive (1)\FaceForensics++_C23\DeepFakeDetection\03_06__meeting_serious__83ABVHC3.mp4,train
brotli,6,brotli|6|identity,identity,7.326171875,0.0036183000047458336,0.0005758000042987987,smallest,0.011649257494853921,f34934e8101b36854b29,video,real:engines\XAI-Compress\data\test\archive (1)\FaceForensics++_C23\DeepFakeDetection\01_15__outside_talking_pan_laughing__02HILKYO.mp4,test
zstd,6,zstd|6|identity,identity,7.5233154296875,0.0011275999859208241,3.120000474154949e-05,fastest,0.017244590352655517,f34934e8101b36854b29,video,real:engines\XAI-Compress\data\test\archive (1)\FaceForensics++_C23\DeepFakeDetection\01_15__outside_talking_pan_laughing__02HILKYO.mp4,test
brotli,6,brotli|6|identity,identity,7.326171875,0.0036183000047458336,0.0005758000042987987,balanced,0.018911904503406782,f34934e8101b36854b29,video,real:engines\XAI-Compress\data\test\archive (1)\FaceForensics++_C23\DeepFakeDetection\01_15__outside_talking_pan_laughing__02HILKYO.mp4,test
brotli,11,brotli|11|identity,identity,3.702970297029703,0.00692140001046937,5.4899996030144393e-05,smallest,0.013531701078902026,f34def9fb472356e4ee0,source_code,real:apps\public_nextjs\app\docs\page.tsx,test
zstd,3,zstd|3|identity,identity,4.904290429042904,6.559999019373208e-05,2.4900000425986946e-05,fastest,0.030292547195596833,f34def9fb472356e4ee0,source_code,real:apps\public_nextjs\app\docs\page.tsx,test
brotli,4,brotli|4|identity,identity,4.534653465346534,0.00023940000392030925,4.529999569058418e-05,balanced,0.11360666778102868,f34def9fb472356e4ee0,source_code,real:apps\public_nextjs\app\docs\page.tsx,test
brotli,11,brotli|11|identity,identity,3.7177615571776155,0.005329599996912293,5.1099996198900044e-05,smallest,0.013290544222125176,f369af53be43d8ec1ebe,binary,real:apps\admin_dotnet\Components\Pages\SystemHealth.razor,train
zstd,3,zstd|3|identity,identity,4.739659367396594,6.170000415295362e-05,1.7999991541728377e-05,fastest,0.03179962033264364,f369af53be43d8ec1ebe,binary,real:apps\admin_dotnet\Components\Pages\SystemHealth.razor,train
deflate,9,deflate|9|identity,identity,4.48661800486618,9.800000407267362e-05,2.5000001187436283e-05,balanced,0.1022641951176057,f369af53be43d8ec1ebe,binary,real:apps\admin_dotnet\Components\Pages\SystemHealth.razor,train
brotli,11,brotli|11|identity,identity,7.5576171875,0.6561254999978701,0.0011572999937925488,smallest,0.02610741925148989,f3942225858a24a30f6e,binary,real:apps\public_nextjs\.next\cache\webpack\server-development\index.pack.gz.old,train
zstd,9,zstd|9|identity,identity,7.63525390625,0.0017235999985132366,4.539999645203352e-05,fastest,0.011131518861351993,f3942225858a24a30f6e,binary,real:apps\public_nextjs\.next\cache\webpack\server-development\index.pack.gz.old,train
zstd,9,zstd|9|identity,identity,7.63525390625,0.0017235999985132366,4.539999645203352e-05,balanced,0.08008450202624164,f3942225858a24a30f6e,binary,real:apps\public_nextjs\.next\cache\webpack\server-development\index.pack.gz.old,train
brotli,11,brotli|11|identity,identity,7.3055419921875,0.5428506000025664,0.0010184999991906807,smallest,0.01652129573715916,f3c0091e799fff433228,video,real:engines\XAI-Compress\data\test\archive (1)\FaceForensics++_C23\DeepFakeDetection\02_15__walking_outside_cafe_disgusted__MZWH8ATN.mp4,train
zstd,1,zstd|1|identity,identity,7.486328125,0.00035740000021178275,3.2199997804127634e-05,fastest,0.014139591403467038,f3c0091e799fff433228,video,real:engines\XAI-Compress\data\test\archive (1)\FaceForensics++_C23\DeepFakeDetection\02_15__walking_outside_cafe_disgusted__MZWH8ATN.mp4,train
brotli,6,brotli|6|identity,identity,7.3204345703125,0.003692999991471879,0.0004995999915990978,balanced,0.021595874929546583,f3c0091e799fff433228,video,real:engines\XAI-Compress\data\test\archive (1)\FaceForensics++_C23\DeepFakeDetection\02_15__walking_outside_cafe_disgusted__MZWH8ATN.mp4,train
brotli,11,brotli|11|identity,identity,1.223405654174885,0.029199099997640587,7.049999840091914e-05,smallest,0.015398261569910976,f3f935972ce27ab269bf,csv,real:engines\XAI-Compress\results\hybrid_ai\regret_analysis.csv,train
zstd,3,zstd|3|identity,identity,1.6262984878369493,0.00010139998630620539,3.7300007534213364e-05,fastest,0.008481798961906067,f3f935972ce27ab269bf,csv,real:engines\XAI-Compress\results\hybrid_ai\regret_analysis.csv,train
deflate,6,deflate|6|identity,identity,1.4243261012491781,0.0002133999951183796,4.3499996536411345e-05,balanced,0.01866230898633106,f3f935972ce27ab269bf,csv,real:engines\XAI-Compress\results\hybrid_ai\regret_analysis.csv,train
deflate,9,deflate|9|identity,identity,5.6103896103896105,3.57000099029392e-05,6.799993570894003e-06,smallest,0.00033654531980252804,f406a488a2ab38a67daf,json,real:apps\public_nextjs\.next\server\next-font-manifest.json,train
deflate,9,deflate|9|identity,identity,5.6103896103896105,3.57000099029392e-05,6.799993570894003e-06,fastest,0.007157903820536314,f406a488a2ab38a67daf,json,real:apps\public_nextjs\.next\server\next-font-manifest.json,train
deflate,9,deflate|9|identity,identity,5.6103896103896105,3.57000099029392e-05,6.799993570894003e-06,balanced,0.004874474719990586,f406a488a2ab38a67daf,json,real:apps\public_nextjs\.next\server\next-font-manifest.json,train
brotli,6,brotli|6|identity,identity,6.774169921875,0.003857499992591329,0.0005871999892406166,smallest,0.007590818369073799,f4db737103c7eccff38b,video,real:engines\XAI-Compress\data\test\archive (1)\FaceForensics++_C23\DeepFakeDetection\03_07__walking_down_indoor_hall_disgust__PWXXULHR.mp4,train
zstd,1,zstd|1|identity,identity,7.0574951171875,0.00015259999781847,2.2799998987466097e-05,fastest,0.012581047655266275,f4db737103c7eccff38b,video,real:engines\XAI-Compress\data\test\archive (1)\FaceForensics++_C23\DeepFakeDetection\03_07__walking_down_indoor_hall_disgust__PWXXULHR.mp4,train
brotli,6,brotli|6|identity,identity,6.774169921875,0.003857499992591329,0.0005871999892406166,balanced,0.017930132045004002,f4db737103c7eccff38b,video,real:engines\XAI-Compress\data\test\archive (1)\FaceForensics++_C23\DeepFakeDetection\03_07__walking_down_indoor_hall_disgust__PWXXULHR.mp4,train
brotli,9,brotli|9|identity,identity,0.8817786142806728,0.0042172999965259805,7.199999527074397e-05,smallest,0.01021506516198221,f4eb753d65a8289bfbf2,json,real:engines\XAI-Compress\phase_d_results.json,train
zstd,3,zstd|3|identity,identity,1.1217503823079638,0.00010739998833741993,4.020000051241368e-05,fastest,0.007258769698283709,f4eb753d65a8289bfbf2,json,real:engines\XAI-Compress\phase_d_results.json,train
zstd,6,zstd|6|identity,identity,0.9852958475473473,0.00023610000789631158,3.5899996873922646e-05,balanced,0.01454505047359051,f4eb753d65a8289bfbf2,json,real:engines\XAI-Compress\phase_d_results.json,train
brotli,11,brotli|11|identity,identity,4.944099378881988,0.0028963000077055767,3.54999938281253e-05,smallest,0.008648822439289688,f54271c10cc688031cad,source_code,real:apps\public_nextjs\app\sitemap.ts,train
raw,,raw|default|identity,identity,8.0,5.0000089686363935e-06,3.899986040778458e-06,fastest,0.047674418604651166,f54271c10cc688031cad,source_code,real:apps\public_nextjs\app\sitemap.ts,train
brotli,11,brotli|11|identity,identity,4.944099378881988,0.0028963000077055767,3.54999938281253e-05,balanced,0.1515817271992667,f54271c10cc688031cad,source_code,real:apps\public_nextjs\app\sitemap.ts,train
brotli,11,brotli|11|identity,identity,6.744873046875,0.6806985000002896,0.001926499986439012,smallest,0.017721591908126142,f57327a95b1eb1c5b2b9,model,real:engines\XAI-Compress\checkpoints\phase_i_v1_128_domain.pt,validation
zstd,3,zstd|3|identity,identity,7.1424560546875,0.0007388000085484236,0.00032479999936185777,fastest,0.02406981449308315,f57327a95b1eb1c5b2b9,model,real:engines\XAI-Compress\checkpoints\phase_i_v1_128_domain.pt,validation
brotli,6,brotli|6|identity,identity,6.8941650390625,0.006293300000834279,0.0016680999979143962,balanced,0.0877016189566679,f57327a95b1eb1c5b2b9,model,real:engines\XAI-Compress\checkpoints\phase_i_v1_128_domain.pt,validation
brotli,9,brotli|9|identity,identity,3.4753086419753085,0.002314699988346547,4.4500004150904715e-05,smallest,0.005495555495788385,f5e403f40bf282f75172,binary,real:engines\XAI-Compress\.test-tmp\final-all\test_v3_global_checksum_and_tr0\truncated,train
zstd,9,zstd|9|identity,identity,3.728395061728395,0.00010109999857377261,1.1500000255182385e-05,fastest,0.014816673785410317,f5e403f40bf282f75172,binary,real:engines\XAI-Compress\.test-tmp\final-all\test_v3_global_checksum_and_tr0\truncated,train
deflate,9,deflate|9|identity,identity,3.7037037037037037,0.00014109999756328762,1.300001167692244e-05,balanced,0.032106351291526065,f5e403f40bf282f75172,binary,real:engines\XAI-Compress\.test-tmp\final-all\test_v3_global_checksum_and_tr0\truncated,train
brotli,11,brotli|11|identity,identity,3.452135493372607,0.004354900011094287,3.750000905711204e-05,smallest,0.010993357981584639,f6397f014b8e0b175526,json,real:engines\XAI-Compress\checkpoints\model_search\current_best.json,train
zstd,3,zstd|3|identity,identity,4.312223858615611,4.959999932907522e-05,2.0199993741698563e-05,fastest,0.02959075044841441,f6397f014b8e0b175526,json,real:engines\XAI-Compress\checkpoints\model_search\current_best.json,train
deflate,9,deflate|9|identity,identity,4.053019145802651,8.399999933317304e-05,2.1800005924887955e-05,balanced,0.0768064328993779,f6397f014b8e0b175526,json,real:engines\XAI-Compress\checkpoints\model_search\current_best.json,train
brotli,11,brotli|11|identity,identity,4.793522267206478,0.002557499989052303,3.599999763537198e-05,smallest,0.009218717489691183,f6d794d2819bbe2fb86d,source_code,real:apps\mobile_authenticator_flutter\SETUP_WINDOWS.bat,test
zstd,9,zstd|9|identity,identity,5.4089068825910935,5.0300004659220576e-05,1.5300000086426735e-05,fastest,0.03787101851119636,f6d794d2819bbe2fb86d,source_code,real:apps\mobile_authenticator_flutter\SETUP_WINDOWS.bat,test
deflate,6,deflate|6|identity,identity,5.3117408906882595,6.150000263005495e-05,1.930000144056976e-05,balanced,0.10102445198245665,f6d794d2819bbe2fb86d,source_code,real:apps\mobile_authenticator_flutter\SETUP_WINDOWS.bat,test
brotli,6,brotli|6|identity,identity,5.24031007751938,0.0010674999939510599,4.470000567380339e-05,smallest,0.005304402899825129,f6d8ac25d8ced35c97bb,binary,real:apps\web_angular\Dockerfile,test
deflate,9,deflate|9|identity,identity,5.891472868217054,6.9500005338341e-05,2.060001133941114e-05,fastest,0.03733126992430619,f6d8ac25d8ced35c97bb,binary,real:apps\web_angular\Dockerfile,test
brotli,6,brotli|6|identity,identity,5.24031007751938,0.0010674999939510599,4.470000567380339e-05,balanced,0.0845410928949708,f6d8ac25d8ced35c97bb,binary,real:apps\web_angular\Dockerfile,test
deflate,1,deflate|1|identity,identity,4.947368421052632,3.460000152699649e-05,1.0700008715502918e-05,smallest,0.0011328244298078659,f71fb5bb58c3cf07d1a9,source_code,real:apps\public_nextjs\.next\static\development\_ssgManifest.js,train
deflate,9,deflate|9|identity,identity,5.052631578947368,3.609999839682132e-05,6.299989763647318e-06,fastest,0.01003796386689197,f71fb5bb58c3cf07d1a9,source_code,real:apps\public_nextjs\.next\static\development\_ssgManifest.js,train
deflate,9,deflate|9|identity,identity,5.052631578947368,3.609999839682132e-05,6.299989763647318e-06,balanced,0.01382374511501724,f71fb5bb58c3cf07d1a9,source_code,real:apps\public_nextjs\.next\static\development\_ssgManifest.js,train
brotli,6,brotli|6|identity,identity,7.1177978515625,0.003843900005449541,0.0006120999896666035,smallest,0.008522582310296883,f87b4ba16c61fc6e0d45,video,real:engines\XAI-Compress\data\test\archive (1)\FaceForensics++_C23\DeepFakeDetection\06_12__outside_talking_still_laughing__3K21NFNM.mp4,test
zstd,3,zstd|3|identity,identity,7.31494140625,0.00039570000080857426,2.9699993319809437e-05,fastest,0.012706768994345637,f87b4ba16c61fc6e0d45,video,real:engines\XAI-Compress\data\test\archive (1)\FaceForensics++_C23\DeepFakeDetection\06_12__outside_talking_still_laughing__3K21NFNM.mp4,test
brotli,6,brotli|6|identity,identity,7.1177978515625,0.003843900005449541,0.0006120999896666035,balanced,0.0194612142808196,f87b4ba16c61fc6e0d45,video,real:engines\XAI-Compress\data\test\archive (1)\FaceForensics++_C23\DeepFakeDetection\06_12__outside_talking_still_laughing__3K21NFNM.mp4,test
brotli,11,brotli|11|identity,identity,6.8895263671875,0.5172552000003634,0.0010180999961448833,smallest,0.01676290630051387,f87f2f1d38f375a293de,video,real:engines\XAI-Compress\data\test\archive (1)\FaceForensics++_C23\DeepFakeDetection\01_11__talking_against_wall__9229VVZ3.mp4,train
zstd,3,zstd|3|identity,identity,7.101806640625,0.000411000000895001,3.3200005418621004e-05,fastest,0.010915117606424963,f87f2f1d38f375a293de,video,real:engines\XAI-Compress\data\test\archive (1)\FaceForensics++_C23\DeepFakeDetection\01_11__talking_against_wall__9229VVZ3.mp4,train
brotli,6,brotli|6|identity,identity,6.9197998046875,0.003668299992568791,0.0005816999910166487,balanced,0.027782810815727962,f87f2f1d38f375a293de,video,real:engines\XAI-Compress\data\test\archive (1)\FaceForensics++_C23\DeepFakeDetection\01_11__talking_against_wall__9229VVZ3.mp4,train
brotli,9,brotli|9|identity,identity,7.621826171875,0.020602100004907697,0.00045310000132303685,smallest,0.016479436098661697,f887056a858ef5d79853,video,real:engines\XAI-Compress\data\test\archive (1)\FaceForensics++_C23\DeepFakeDetection\02_18__exit_phone_room__OXMEEFUQ.mp4,test
zstd,1,zstd|1|identity,identity,7.7181396484375,0.00020610001229215413,2.059999678749591e-05,fastest,0.011149254466601425,f887056a858ef5d79853,video,real:engines\XAI-Compress\data\test\archive (1)\FaceForensics++_C23\DeepFakeDetection\02_18__exit_phone_room__OXMEEFUQ.mp4,test
brotli,6,brotli|6|identity,identity,7.6234130859375,0.003573800000594929,0.0005587000050581992,balanced,0.02262402789287965,f887056a858ef5d79853,video,real:engines\XAI-Compress\data\test\archive (1)\FaceForensics++_C23\DeepFakeDetection\02_18__exit_phone_room__OXMEEFUQ.mp4,test
brotli,6,brotli|6|identity,identity,6.959228515625,0.0036936999968020245,0.0005799000064143911,smallest,0.0074673110090585516,f88d9586669d22c279af,video,real:engines\XAI-Compress\data\test\archive (1)\FaceForensics++_C23\DeepFakeDetection\04_21__outside_talking_still_laughing__5Y31RZP8.mp4,train
zstd,1,zstd|1|identity,identity,7.1844482421875,0.0002972000074805692,3.2099997042678297e-05,fastest,0.012215706460951369,f88d9586669d22c279af,video,real:engines\XAI-Compress\data\test\archive (1)\FaceForensics++_C23\DeepFakeDetection\04_21__outside_talking_still_laughing__5Y31RZP8.mp4,train
brotli,6,brotli|6|identity,identity,6.959228515625,0.0036936999968020245,0.0005799000064143911,balanced,0.018143922875186982,f88d9586669d22c279af,video,real:engines\XAI-Compress\data\test\archive (1)\FaceForensics++_C23\DeepFakeDetection\04_21__outside_talking_still_laughing__5Y31RZP8.mp4,train
brotli,11,brotli|11|identity,identity,3.452685421994885,0.004459399991901591,6.259999645408243e-05,smallest,0.013098631913274733,f8acbe64385c0bc28390,markdown,real:apps\desktop_flutter\README.md,test
zstd,3,zstd|3|identity,identity,4.470588235294118,4.220000118948519e-05,1.550000160932541e-05,fastest,0.020906532792611256,f8acbe64385c0bc28390,markdown,real:apps\desktop_flutter\README.md,test
deflate,6,deflate|6|identity,identity,4.260869565217392,8.569999772589654e-05,1.8799997633323073e-05,balanced,0.08966134571963323,f8acbe64385c0bc28390,markdown,real:apps\desktop_flutter\README.md,test
brotli,11,brotli|11|identity,identity,6.7808837890625,0.394595699995989,0.0008825999975670129,smallest,0.016489569781267543,f8ae069d35e67fdbb4f1,video,real:engines\XAI-Compress\data\test\archive (1)\FaceForensics++_C23\DeepFakeDetection\03_14__walking_down_street_outside_angry__H0VQHGS3.mp4,train
zstd,3,zstd|3|identity,identity,7.021240234375,0.0004169000021647662,3.330000618007034e-05,fastest,0.011353578554760997,f8ae069d35e67fdbb4f1,video,real:engines\XAI-Compress\data\test\archive (1)\FaceForensics++_C23\DeepFakeDetection\03_14__walking_down_street_outside_angry__H0VQHGS3.mp4,train
brotli,6,brotli|6|identity,identity,6.8006591796875,0.003868600004352629,0.0006176000024424866,balanced,0.0241042894341061,f8ae069d35e67fdbb4f1,video,real:engines\XAI-Compress\data\test\archive (1)\FaceForensics++_C23\DeepFakeDetection\03_14__walking_down_street_outside_angry__H0VQHGS3.mp4,train
brotli,11,brotli|11|identity,identity,2.419127988748242,0.006606800001463853,6.180000491440296e-05,smallest,0.01250076279204263,f8de380eb716a1f3dd27,source_code,real:apps\mobile_authenticator_flutter\lib\services\api_service.dart,validation
deflate,6,deflate|6|identity,identity,2.9142053445850915,7.579999510198832e-05,2.02999945031479e-05,fastest,0.01393044269223041,f8de380eb716a1f3dd27,source_code,real:apps\mobile_authenticator_flutter\lib\services\api_service.dart,validation
deflate,6,deflate|6|identity,identity,2.9142053445850915,7.579999510198832e-05,2.02999945031479e-05,balanced,0.04567235497441909,f8de380eb716a1f3dd27,source_code,real:apps\mobile_authenticator_flutter\lib\services\api_service.dart,validation
brotli,11,brotli|11|identity,identity,2.237340950402493,0.014967800001613796,7.68999889260158e-05,smallest,0.01581378939875156,f8e0526ae5338d26d114,text,real:apps\desktop_flutter\windows\flutter\CMakeLists.txt,train
zstd,3,zstd|3|identity,identity,2.9436509997403273,9.560000034980476e-05,3.410001227166504e-05,fastest,0.015690353509853778,f8e0526ae5338d26d114,text,real:apps\desktop_flutter\windows\flutter\CMakeLists.txt,train
deflate,6,deflate|6|identity,identity,2.7857699298883407,0.000192299994523637,4.1099992813542485e-05,balanced,0.052120124398625206,f8e0526ae5338d26d114,text,real:apps\desktop_flutter\windows\flutter\CMakeLists.txt,train
brotli,11,brotli|11|identity,identity,3.1642939592150827,0.011321499987388961,6.200000643730164e-05,smallest,0.0159847974272607,f932506faaf01ed1a6df,source_code,real:engines\XAI-Compress\results\model_search\imports\auto\lr-0-0002-f316e33308\v1\XAI-Compress\scripts\kaggle\kaggle_setup.py,train
zstd,3,zstd|3|identity,identity,3.592150827241247,9.580000187270343e-05,3.2099997042678297e-05,fastest,0.017634822653215827,f932506faaf01ed1a6df,source_code,real:engines\XAI-Compress\results\model_search\imports\auto\lr-0-0002-f316e33308\v1\XAI-Compress\scripts\kaggle\kaggle_setup.py,train
deflate,6,deflate|6|identity,identity,3.4936514043863025,0.00017320000915788114,3.88999906135723e-05,balanced,0.04303617027523261,f932506faaf01ed1a6df,source_code,real:engines\XAI-Compress\results\model_search\imports\auto\lr-0-0002-f316e33308\v1\XAI-Compress\scripts\kaggle\kaggle_setup.py,train
brotli,11,brotli|11|identity,identity,2.9618247298919567,0.017678099990007468,0.00010629999451339245,smallest,0.016124890880482638,f9702aedb2432dbaba8e,json,real:engines\XAI-Compress\notebooks\00_kaggle_setup.ipynb,train
zstd,3,zstd|3|identity,identity,3.4516206482593037,0.00011700000322889537,3.879998985212296e-05,fastest,0.015468386898278078,f9702aedb2432dbaba8e,json,real:engines\XAI-Compress\notebooks\00_kaggle_setup.ipynb,train
deflate,6,deflate|6|identity,identity,3.3440576230492196,0.000225499999942258,4.6900007873773575e-05,balanced,0.04424726913984219,f9702aedb2432dbaba8e,json,real:engines\XAI-Compress\notebooks\00_kaggle_setup.ipynb,train
brotli,11,brotli|11|identity,identity,1.694840834248079,0.011944300000322983,6.02000072831288e-05,smallest,0.016522324078381306,f98ea49333a967289174,xml,real:engines\XAI-Compress\results\final\figures\compression_ratio_comparison.svg,train
deflate,1,deflate|1|identity,identity,2.8159531650201246,5.7600002037361264e-05,2.2100008209235966e-05,fastest,0.020057921874845647,f98ea49333a967289174,xml,real:engines\XAI-Compress\results\final\figures\compression_ratio_comparison.svg,train
zstd,6,zstd|6|identity,identity,2.1222100256128797,0.00013110000872984529,2.849999873433262e-05,balanced,0.04260442471976348,f98ea49333a967289174,xml,real:engines\XAI-Compress\results\final\figures\compression_ratio_comparison.svg,train
brotli,11,brotli|11|identity,identity,2.661879114302813,0.008581100002629682,5.869999586138874e-05,smallest,0.015464255537323585,f99b6bb11feb9d915422,source_code,real:apps\public_nextjs\.next\types\routes.d.ts,test
zstd,3,zstd|3|identity,identity,3.2124476361460204,6.930000381544232e-05,2.8399997972883284e-05,fastest,0.019831170797935616,f99b6bb11feb9d915422,source_code,real:apps\public_nextjs\.next\types\routes.d.ts,test
deflate,6,deflate|6|identity,identity,3.064033512866547,0.00012339999375399202,2.9400005587376654e-05,balanced,0.04617252764123035,f99b6bb11feb9d915422,source_code,real:apps\public_nextjs\.next\types\routes.d.ts,test
brotli,11,brotli|11|identity,identity,2.3339634530560804,0.008651500000269152,5.089999467600137e-05,smallest,0.014487874336566196,f9b74cac80e6f0b2d245,json,real:engines\XAI-Compress\results\hybrid_ai\benchmark_corpus_manifest.json,train
zstd,3,zstd|3|identity,identity,2.651543793320731,6.10999995842576e-05,2.300000051036477e-05,fastest,0.00984990607857546,f9b74cac80e6f0b2d245,json,real:engines\XAI-Compress\results\hybrid_ai\benchmark_corpus_manifest.json,train
deflate,6,deflate|6|identity,identity,2.5356017643352238,0.00011660000018309802,2.7799993404187262e-05,balanced,0.02279114998390431,f9b74cac80e6f0b2d245,json,real:engines\XAI-Compress\results\hybrid_ai\benchmark_corpus_manifest.json,train
brotli,11,brotli|11|identity,identity,6.781578007854338,0.17780209999182262,0.0004209999897284433,smallest,0.01633307767976593,fa2f092cb69782112bee,model,real:engines\XAI-Compress\.test-tmp\post-roundtrip-fix\test_neural_gru_roundtrip0\tiny.pt,train
zstd,9,zstd|9|identity,identity,6.982934666190646,0.0005736000020988286,0.00010150000161956996,fastest,0.015543277957798599,fa2f092cb69782112bee,model,real:engines\XAI-Compress\.test-tmp\post-roundtrip-fix\test_neural_gru_roundtrip0\tiny.pt,train
brotli,6,brotli|6|identity,identity,6.850124955373081,0.0030565000051865354,0.000491600003442727,balanced,0.05124684778043544,fa2f092cb69782112bee,model,real:engines\XAI-Compress\.test-tmp\post-roundtrip-fix\test_neural_gru_roundtrip0\tiny.pt,train
brotli,11,brotli|11|identity,identity,3.2892193308550186,0.006547400000272319,5.539999983739108e-05,smallest,0.013045963346221807,fb33c60d8e5c59167035,text,real:engines\XAI-Compress\QUICK_START_WINDOWS.txt,validation
zstd,6,zstd|6|identity,identity,4.026765799256506,0.00010220000694971532,2.3600005079060793e-05,fastest,0.02567465052911482,fb33c60d8e5c59167035,text,real:engines\XAI-Compress\QUICK_START_WINDOWS.txt,validation
deflate,6,deflate|6|identity,identity,3.907806691449814,0.000122799989185296,2.9400005587376654e-05,balanced,0.0740770481099031,fb33c60d8e5c59167035,text,real:engines\XAI-Compress\QUICK_START_WINDOWS.txt,validation
brotli,9,brotli|9|identity,identity,0.682206553297387,0.0033631999976933002,7.559999357908964e-05,smallest,0.008557577909039897,fb876718379f313755bf,binary,real:apps\desktop_flutter\.flutter-plugins-dependencies,test
deflate,1,deflate|1|identity,identity,1.0399004562422232,7.239999831654131e-05,2.9000002541579306e-05,fastest,0.007495063865287117,fb876718379f313755bf,binary,real:apps\desktop_flutter\.flutter-plugins-dependencies,test
deflate,6,deflate|6|identity,identity,0.7260058067192037,0.00020419999782461673,3.519999154377729e-05,balanced,0.010917366308349996,fb876718379f313755bf,binary,real:apps\desktop_flutter\.flutter-plugins-dependencies,test
brotli,6,brotli|6|identity,identity,6.94580078125,0.0035070000012638047,0.0006171999993966892,smallest,0.005034056939807696,fbc2f44d1a24d8896aee,video,real:engines\XAI-Compress\data\test\archive (1)\FaceForensics++_C23\DeepFakeDetection\05_28__hugging_happy__VR9127O1.mp4,train
zstd,9,zstd|9|identity,identity,7.2138671875,0.0011860000086016953,3.1400006264448166e-05,fastest,0.015552915787116234,fbc2f44d1a24d8896aee,video,real:engines\XAI-Compress\data\test\archive (1)\FaceForensics++_C23\DeepFakeDetection\05_28__hugging_happy__VR9127O1.mp4,train
brotli,6,brotli|6|identity,identity,6.94580078125,0.0035070000012638047,0.0006171999993966892,balanced,0.018148419746994295,fbc2f44d1a24d8896aee,video,real:engines\XAI-Compress\data\test\archive (1)\FaceForensics++_C23\DeepFakeDetection\05_28__hugging_happy__VR9127O1.mp4,train
raw,,raw|default|identity,identity,8.0,7.800001185387373e-06,4.999994416721165e-06,smallest,0.0,fbc8d25f8a8a1f01082e,binary,real:apps\mobile_authenticator_flutter\android\.gradle\9.1.0\checksums\checksums.lock,train
raw,,raw|default|identity,identity,8.0,7.800001185387373e-06,4.999994416721165e-06,fastest,0.0,fbc8d25f8a8a1f01082e,binary,real:apps\mobile_authenticator_flutter\android\.gradle\9.1.0\checksums\checksums.lock,train
raw,,raw|default|identity,identity,8.0,7.800001185387373e-06,4.999994416721165e-06,balanced,0.0,fbc8d25f8a8a1f01082e,binary,real:apps\mobile_authenticator_flutter\android\.gradle\9.1.0\checksums\checksums.lock,train
brotli,4,brotli|4|identity,identity,7.052631578947368,0.00010199999087490141,2.340000355616212e-05,smallest,0.0022207223641713208,fc17bcb2b606f0c77d81,json,real:apps\admin_dotnet\obj\Debug\net8.0\AdminDotNet.sourcelink.json,train
raw,,raw|default|identity,identity,8.0,4.3000036384910345e-06,3.6999990697950125e-06,fastest,0.012162162162162163,fc17bcb2b606f0c77d81,json,real:apps\admin_dotnet\obj\Debug\net8.0\AdminDotNet.sourcelink.json,train
brotli,4,brotli|4|identity,identity,7.052631578947368,0.00010199999087490141,2.340000355616212e-05,balanced,0.03084695105068877,fc17bcb2b606f0c77d81,json,real:apps\admin_dotnet\obj\Debug\net8.0\AdminDotNet.sourcelink.json,train
brotli,11,brotli|11|identity,identity,3.190985915492958,0.00787240000499878,5.509999755304307e-05,smallest,0.01646577941482212,fc21c791d8007e3554f5,source_code,real:engines\XAI-Compress\results\model_search\imports\auto\lr-0-0002-f316e33308\v1\XAI-Compress\scripts\kaggle\monitor_production_log.py,train
zstd,3,zstd|3|identity,identity,3.8940845070422534,6.409999332390726e-05,2.4599998141638935e-05,fastest,0.022093681136521846,fc21c791d8007e3554f5,source_code,real:engines\XAI-Compress\results\model_search\imports\auto\lr-0-0002-f316e33308\v1\XAI-Compress\scripts\kaggle\monitor_production_log.py,train
deflate,9,deflate|9|identity,identity,3.7047887323943662,0.00012250000145286322,2.6699999580159783e-05,balanced,0.061289461581716956,fc21c791d8007e3554f5,source_code,real:engines\XAI-Compress\results\model_search\imports\auto\lr-0-0002-f316e33308\v1\XAI-Compress\scripts\kaggle\monitor_production_log.py,train
brotli,11,brotli|11|identity,identity,2.339030023094688,0.008765800012042746,6.050000956747681e-05,smallest,0.01606782849567427,fc7607631fd9d10947c2,json,real:engines\XAI-Compress\data\domain_focused\archive\results\checkpoint-2709\trainer_state.json,train
zstd,3,zstd|3|identity,identity,3.0374133949191684,7.619999814778566e-05,2.9700007871724665e-05,fastest,0.019694532602691522,fc7607631fd9d10947c2,json,real:engines\XAI-Compress\data\domain_focused\archive\results\checkpoint-2709\trainer_state.json,train
deflate,9,deflate|9|identity,identity,2.8009237875288684,0.0001306000049225986,2.5599991204217076e-05,balanced,0.04658190248043646,fc7607631fd9d10947c2,json,real:engines\XAI-Compress\data\domain_focused\archive\results\checkpoint-2709\trainer_state.json,train
brotli,11,brotli|11|identity,identity,4.571428571428571,0.00428769999416545,4.530001024249941e-05,smallest,0.00946976572063226,fc89422d2d4a778515aa,source_code,real:engines\XAI-Compress\results\model_search\imports\auto\lr-0-0002-f316e33308\v1\XAI-Compress\scripts\kaggle\monitor_kernel.ps1,train
zstd,9,zstd|9|identity,identity,5.473684210526316,6.849999772384763e-05,1.750000228639692e-05,fastest,0.029916793148382574,fc89422d2d4a778515aa,source_code,real:engines\XAI-Compress\results\model_search\imports\auto\lr-0-0002-f316e33308\v1\XAI-Compress\scripts\kaggle\monitor_kernel.ps1,train
deflate,9,deflate|9|identity,identity,5.2180451127819545,8.489999163430184e-05,2.2599997464567423e-05,balanced,0.10070729905574156,fc89422d2d4a778515aa,source_code,real:engines\XAI-Compress\results\model_search\imports\auto\lr-0-0002-f316e33308\v1\XAI-Compress\scripts\kaggle\monitor_kernel.ps1,train
bzip2,9,bzip2|9|identity,identity,3.125951649525845,0.003835399998934008,0.0013962999946670607,smallest,0.004920638267216059,fc96a268005bf4ba3675,text,real:engines\XAI-Compress\data\domain_focused\archive\wandb\run-20241217_020210-f69emzpa\files\requirements.txt,train
deflate,6,deflate|6|identity,identity,3.5795378656337653,0.00045030000910628587,7.279998681042343e-05,fastest,0.013240471355812867,fc96a268005bf4ba3675,text,real:engines\XAI-Compress\data\domain_focused\archive\wandb\run-20241217_020210-f69emzpa\files\requirements.txt,train
deflate,6,deflate|6|identity,identity,3.5795378656337653,0.00045030000910628587,7.279998681042343e-05,balanced,0.04691451307321345,fc96a268005bf4ba3675,text,real:engines\XAI-Compress\data\domain_focused\archive\wandb\run-20241217_020210-f69emzpa\files\requirements.txt,train
brotli,11,brotli|11|identity,identity,3.7248677248677247,0.005175500002223998,5.120001151226461e-05,smallest,0.012350844392263862,fd3c3730cb69acd3578a,binary,real:apps\admin_dotnet\Components\Pages\Incidents.razor,train
zstd,3,zstd|3|identity,identity,4.624338624338624,4.410000110510737e-05,1.7300000763498247e-05,fastest,0.02710580349091632,fd3c3730cb69acd3578a,binary,real:apps\admin_dotnet\Components\Pages\Incidents.razor,train
deflate,9,deflate|9|identity,identity,4.402116402116402,9.390000195708126e-05,2.370000584051013e-05,balanced,0.09035147595977752,fd3c3730cb69acd3578a,binary,real:apps\admin_dotnet\Components\Pages\Incidents.razor,train
brotli,6,brotli|6|identity,identity,6.6466064453125,0.0026489999872865155,0.0003293000045232475,smallest,0.011919055184897637,fd8c098372c5d6736bd8,video,real:engines\XAI-Compress\data\test\archive (1)\FaceForensics++_C23\DeepFakeDetection\02_15__podium_speech_happy__MZWH8ATN.mp4,train
brotli,6,brotli|6|identity,identity,6.6466064453125,0.0026489999872865155,0.0003293000045232475,fastest,0.011799941586729578,fd8c098372c5d6736bd8,video,real:engines\XAI-Compress\data\test\archive (1)\FaceForensics++_C23\DeepFakeDetection\02_15__podium_speech_happy__MZWH8ATN.mp4,train
brotli,6,brotli|6|identity,identity,6.6466064453125,0.0026489999872865155,0.0003293000045232475,balanced,0.013080317461452617,fd8c098372c5d6736bd8,video,real:engines\XAI-Compress\data\test\archive (1)\FaceForensics++_C23\DeepFakeDetection\02_15__podium_speech_happy__MZWH8ATN.mp4,train
brotli,11,brotli|11|identity,identity,1.7091273821464392,0.025701499995193444,0.00010369998926762491,smallest,0.015690010955782194,fd92d55f5169a15f74dc,csv,real:engines\XAI-Compress\results\model_search\imports\auto\residual-scale-depth-3c28504154\v1\results\model_search\residual_scale_depth\short_screen.metrics.csv,test
zstd,3,zstd|3|identity,identity,2.0392606390600374,0.00010010000551119447,3.5299992305226624e-05,fastest,0.008702193522067626,fd92d55f5169a15f74dc,csv,real:engines\XAI-Compress\results\model_search\imports\auto\residual-scale-depth-3c28504154\v1\results\model_search\residual_scale_depth\short_screen.metrics.csv,test
zstd,1,zstd|1|identity,identity,2.0174810144719872,9.870000940281898e-05,4.049998824484646e-05,balanced,0.02656116293906117,fd92d55f5169a15f74dc,csv,real:engines\XAI-Compress\results\model_search\imports\auto\residual-scale-depth-3c28504154\v1\results\model_search\residual_scale_depth\short_screen.metrics.csv,test
brotli,11,brotli|11|identity,identity,6.7269287109375,0.4727378000097815,0.001024700002744794,smallest,0.016784233339875807,fd9f722b21f6abdda250,video,real:engines\XAI-Compress\data\test\archive (1)\FaceForensics++_C23\DeepFakeDetection\02_13__meeting_serious__CP5HFV3K.mp4,validation
zstd,1,zstd|1|identity,identity,7.00146484375,0.0003583000070648268,3.739999374374747e-05,fastest,0.012254829694189687,fd9f722b21f6abdda250,video,real:engines\XAI-Compress\data\test\archive (1)\FaceForensics++_C23\DeepFakeDetection\02_13__meeting_serious__CP5HFV3K.mp4,validation
brotli,6,brotli|6|identity,identity,6.7491455078125,0.0038400000048568472,0.0006107000081101432,balanced,0.024431845191228537,fd9f722b21f6abdda250,video,real:engines\XAI-Compress\data\test\archive (1)\FaceForensics++_C23\DeepFakeDetection\02_13__meeting_serious__CP5HFV3K.mp4,validation
brotli,6,brotli|6|identity,identity,5.795918367346939,0.0009841999999480322,4.560001252684742e-05,smallest,0.003669740460865644,fded4a63825d00299d65,binary,real:apps\admin_dotnet\Components\StatusBadge.razor,train
raw,,raw|default|identity,identity,8.0,7.300011930055916e-06,5.599998985417187e-06,fastest,0.028723404255319152,fded4a63825d00299d65,binary,real:apps\admin_dotnet\Components\StatusBadge.razor,train
brotli,6,brotli|6|identity,identity,5.795918367346939,0.0009841999999480322,4.560001252684742e-05,balanced,0.05846385992837409,fded4a63825d00299d65,binary,real:apps\admin_dotnet\Components\StatusBadge.razor,train
raw,,raw|default|identity,identity,8.0,7.099995855242014e-06,5.299996701069176e-06,smallest,0.0,fe128a4a3abb935ade8f,markdown,real:infrastructure\vault\README.md,train
raw,,raw|default|identity,identity,8.0,7.099995855242014e-06,5.299996701069176e-06,fastest,0.0,fe128a4a3abb935ade8f,markdown,real:infrastructure\vault\README.md,train
raw,,raw|default|identity,identity,8.0,7.099995855242014e-06,5.299996701069176e-06,balanced,0.0,fe128a4a3abb935ade8f,markdown,real:infrastructure\vault\README.md,train
brotli,6,brotli|6|identity,identity,6.95849609375,0.0038324000051943585,0.0005985000025248155,smallest,0.010172729268544898,fe7f52850f3e6bd88e52,video,real:engines\XAI-Compress\data\test\archive (1)\FaceForensics++_C23\DeepFakeDetection\02_01__outside_talking_still_laughing__YVGY8LOK.mp4,train
zstd,1,zstd|1|identity,identity,7.190673828125,0.00033140000596176833,3.1199990189634264e-05,fastest,0.012779167764705668,fe7f52850f3e6bd88e52,video,real:engines\XAI-Compress\data\test\archive (1)\FaceForensics++_C23\DeepFakeDetection\02_01__outside_talking_still_laughing__YVGY8LOK.mp4,train
brotli,6,brotli|6|identity,identity,6.95849609375,0.0038324000051943585,0.0005985000025248155,balanced,0.019173936223167497,fe7f52850f3e6bd88e52,video,real:engines\XAI-Compress\data\test\archive (1)\FaceForensics++_C23\DeepFakeDetection\02_01__outside_talking_still_laughing__YVGY8LOK.mp4,train
brotli,11,brotli|11|identity,identity,3.3800424628450108,0.008294300001580268,5.3099996875971556e-05,smallest,0.016463485985428645,ffd8e8612ca472277122,source_code,real:apps\web_angular\src\app\pages\compress.page.ts,train
zstd,3,zstd|3|identity,identity,4.56900212314225,5.830000736750662e-05,2.8999987989664078e-05,fastest,0.029775468537020285,ffd8e8612ca472277122,source_code,real:apps\web_angular\src\app\pages\compress.page.ts,train
deflate,9,deflate|9|identity,identity,4.365180467091295,0.00013359999866224825,3.0499999411404133e-05,balanced,0.11135294877012386,ffd8e8612ca472277122,source_code,real:apps\web_angular\src\app\pages\compress.page.ts,train
